station_uid,live_provider_key,provider,source_system,station_type,station_type_label,provider_station_id,station_name,state,county,river_basin,huc,elevation_ft,latitude,longitude,lat_lon,record_start_date,record_start_year,record_end_date,record_end_year,period_of_record,station_status,nrcs_site_num,nrcs_station_triplet,nrcs_shef_id,cdec_id,operator_agency,owner_agency,official_station_url,official_data_url,source_metadata_url
CDEC_snow_sensor_ADM,cdec_snow_sensor,CA DWR / CDEC / CCSS,CDEC,cdec_snow_sensor,CDEC snow sensor,ADM,ADIN MOUNTAIN,CA,,,,6200,41.237,-120.792,"41.237000, -120.792000",1984-01-01,1984,,,1984–present,active,,,,ADM,Natural Resources Conservation Service,,https://cdec.water.ca.gov/dynamicapp/staMeta?station_id=ADM,https://cdec.water.ca.gov/dynamicapp/QueryDaily?s=ADM,https://data.cnra.ca.gov/dataset/california-snow-data/resource/49baa289-3cc3-439a-af7a-727486dbf303
CDEC_snow_sensor_AGP,cdec_snow_sensor,CA DWR / CDEC / CCSS,CDEC,cdec_snow_sensor,CDEC snow sensor,AGP,AGNEW PASS,CA,,,,9450,37.726631,-119.141731,"37.726631, -119.141731",1989-11-24,1989,,,1989–present,active,,,,AGP,CA Dept of Water Resources/DFM-Hydro-SMN,,https://cdec.water.ca.gov/dynamicapp/staMeta?station_id=AGP,https://cdec.water.ca.gov/dynamicapp/QueryDaily?s=AGP,https://data.cnra.ca.gov/dataset/california-snow-data/resource/49baa289-3cc3-439a-af7a-727486dbf303
CDEC_snow_sensor_ALP,cdec_snow_sensor,CA DWR / CDEC / CCSS,CDEC,cdec_snow_sensor,CDEC snow sensor,ALP,ALPHA (SMUD),CA,,,,7600,38.804192,-120.215652,"38.804192, -120.215652",1970-01-01,1970,,,1970–present,active,,,,ALP,.None Specified,,https://cdec.water.ca.gov/dynamicapp/staMeta?station_id=ALP,https://cdec.water.ca.gov/dynamicapp/QueryDaily?s=ALP,https://data.cnra.ca.gov/dataset/california-snow-data/resource/49baa289-3cc3-439a-af7a-727486dbf303
CDEC_snow_sensor_BCH,cdec_snow_sensor,CA DWR / CDEC / CCSS,CDEC,cdec_snow_sensor,CDEC snow sensor,BCH,BEACH MEADOWS,CA,,,,7650,36.126095,-118.293457,"36.126095, -118.293457",1982-10-30,1982,,,1982–present,active,,,,BCH,CA Dept of Water Resources/DFM-Hydro-SMN,,https://cdec.water.ca.gov/dynamicapp/staMeta?station_id=BCH,https://cdec.water.ca.gov/dynamicapp/QueryDaily?s=BCH,https://data.cnra.ca.gov/dataset/california-snow-data/resource/49baa289-3cc3-439a-af7a-727486dbf303
CDEC_snow_sensor_BFL,cdec_snow_sensor,CA DWR / CDEC / CCSS,CDEC,cdec_snow_sensor,CDEC snow sensor,BFL,BIG FLAT,CA,,,,5100,41.077599,-122.94223,"41.077599, -122.942230",1983-11-16,1983,,,1983–present,active,,,,BFL,CA Dept of Water Resources/DFM-Hydro-SMN,,https://cdec.water.ca.gov/dynamicapp/staMeta?station_id=BFL,https://cdec.water.ca.gov/dynamicapp/QueryDaily?s=BFL,https://data.cnra.ca.gov/dataset/california-snow-data/resource/49baa289-3cc3-439a-af7a-727486dbf303
CDEC_snow_sensor_BIM,cdec_snow_sensor,CA DWR / CDEC / CCSS,CDEC,cdec_snow_sensor,CDEC snow sensor,BIM,BIG MEADOWS (DWR),CA,,,,7600,36.715225,-118.843773,"36.715225, -118.843773",1980-02-04,1980,,,1980–present,active,,,,BIM,CA Dept of Water Resources/DFM-Hydro-SMN,,https://cdec.water.ca.gov/dynamicapp/staMeta?station_id=BIM,https://cdec.water.ca.gov/dynamicapp/QueryDaily?s=BIM,https://data.cnra.ca.gov/dataset/california-snow-data/resource/49baa289-3cc3-439a-af7a-727486dbf303
CDEC_snow_sensor_BMW,cdec_snow_sensor,CA DWR / CDEC / CCSS,CDEC,cdec_snow_sensor,CDEC snow sensor,BMW,BIG MEADOWS (SCS),CA,,,,8700,39.458,-119.946,"39.458000, -119.946000",1985-10-01,1985,,,1985–present,active,,,,BMW,Natural Resources Conservation Service,,https://cdec.water.ca.gov/dynamicapp/staMeta?station_id=BMW,https://cdec.water.ca.gov/dynamicapp/QueryDaily?s=BMW,https://data.cnra.ca.gov/dataset/california-snow-data/resource/49baa289-3cc3-439a-af7a-727486dbf303
CDEC_snow_sensor_BGP,cdec_snow_sensor,CA DWR / CDEC / CCSS,CDEC,cdec_snow_sensor,CDEC snow sensor,BGP,BIG PINE CREEK,CA,,,,9800,37.127815,-118.476967,"37.127815, -118.476967",1988-12-01,1988,,,1988–present,active,,,,BGP,CA Dept of Water Resources/DFM-Hydro-SMN,,https://cdec.water.ca.gov/dynamicapp/staMeta?station_id=BGP,https://cdec.water.ca.gov/dynamicapp/QueryDaily?s=BGP,https://data.cnra.ca.gov/dataset/california-snow-data/resource/49baa289-3cc3-439a-af7a-727486dbf303
CDEC_snow_sensor_BSH,cdec_snow_sensor,CA DWR / CDEC / CCSS,CDEC,cdec_snow_sensor,CDEC snow sensor,BSH,BISHOP PASS,CA,,,,11200,37.1,-118.557,"37.100000, -118.557000",1989-03-23,1989,,,1989–present,active,,,,BSH,CA Dept of Water Resources/DFM-Hydro-SMN,,https://cdec.water.ca.gov/dynamicapp/staMeta?station_id=BSH,https://cdec.water.ca.gov/dynamicapp/QueryDaily?s=BSH,https://data.cnra.ca.gov/dataset/california-snow-data/resource/49baa289-3cc3-439a-af7a-727486dbf303
CDEC_snow_sensor_BLS,cdec_snow_sensor,CA DWR / CDEC / CCSS,CDEC,cdec_snow_sensor,CDEC snow sensor,BLS,BLACK SPRINGS,CA,,,,6500,38.375881,-120.195,"38.375881, -120.195000",1977-11-21,1977,,,1977–present,active,,,,BLS,CA Dept of Water Resources/DFM-Hydro-SMN,,https://cdec.water.ca.gov/dynamicapp/staMeta?station_id=BLS,https://cdec.water.ca.gov/dynamicapp/QueryDaily?s=BLS,https://data.cnra.ca.gov/dataset/california-snow-data/resource/49baa289-3cc3-439a-af7a-727486dbf303
CDEC_snow_sensor_BCB,cdec_snow_sensor,CA DWR / CDEC / CCSS,CDEC,cdec_snow_sensor,CDEC snow sensor,BCB,BLACKCAP BASIN,CA,,,,10300,37.066685,-118.77301,"37.066685, -118.773010",1989-11-25,1989,,,1989–present,active,,,,BCB,CA Dept of Water Resources/DFM-Hydro-SMN,,https://cdec.water.ca.gov/dynamicapp/staMeta?station_id=BCB,https://cdec.water.ca.gov/dynamicapp/QueryDaily?s=BCB,https://data.cnra.ca.gov/dataset/california-snow-data/resource/49baa289-3cc3-439a-af7a-727486dbf303
CDEC_snow_sensor_BLA,cdec_snow_sensor,CA DWR / CDEC / CCSS,CDEC,cdec_snow_sensor,CDEC snow sensor,BLA,BLACKS MOUNTAIN,CA,,,,7050,40.76984,-121.199783,"40.769840, -121.199783",1987-11-02,1987,,,1987–present,active,,,,BLA,CA Dept of Water Resources/DFM-Hydro-SMN,,https://cdec.water.ca.gov/dynamicapp/staMeta?station_id=BLA,https://cdec.water.ca.gov/dynamicapp/QueryDaily?s=BLA,https://data.cnra.ca.gov/dataset/california-snow-data/resource/49baa289-3cc3-439a-af7a-727486dbf303
CDEC_snow_sensor_BLD,cdec_snow_sensor,CA DWR / CDEC / CCSS,CDEC,cdec_snow_sensor,CDEC snow sensor,BLD,BLOODS CREEK,CA,,,,7200,38.451256,-120.034882,"38.451256, -120.034882",1977-12-20,1977,,,1977–present,active,,,,BLD,CA Dept of Water Resources/DFM-Hydro-SMN,,https://cdec.water.ca.gov/dynamicapp/staMeta?station_id=BLD,https://cdec.water.ca.gov/dynamicapp/QueryDaily?s=BLD,https://data.cnra.ca.gov/dataset/california-snow-data/resource/49baa289-3cc3-439a-af7a-727486dbf303
CDEC_snow_sensor_BLC,cdec_snow_sensor,CA DWR / CDEC / CCSS,CDEC,cdec_snow_sensor,CDEC snow sensor,BLC,BLUE CANYON,CA,,,,5280,39.280098,-120.708694,"39.280098, -120.708694",1970-01-24,1970,,,1970–present,active,,,,BLC,CA Dept of Water Resources/DFM-Hydro-SMN,,https://cdec.water.ca.gov/dynamicapp/staMeta?station_id=BLC,https://cdec.water.ca.gov/dynamicapp/QueryDaily?s=BLC,https://data.cnra.ca.gov/dataset/california-snow-data/resource/49baa289-3cc3-439a-af7a-727486dbf303
CDEC_snow_sensor_BLK,cdec_snow_sensor,CA DWR / CDEC / CCSS,CDEC,cdec_snow_sensor,CDEC snow sensor,BLK,BLUE LAKES,CA,,,,8000,38.613,-119.931,"38.613000, -119.931000",1980-10-01,1980,,,1980–present,active,,,,BLK,Natural Resources Conservation Service,,https://cdec.water.ca.gov/dynamicapp/staMeta?station_id=BLK,https://cdec.water.ca.gov/dynamicapp/QueryDaily?s=BLK,https://data.cnra.ca.gov/dataset/california-snow-data/resource/49baa289-3cc3-439a-af7a-727486dbf303
CDEC_snow_sensor_BNK,cdec_snow_sensor,CA DWR / CDEC / CCSS,CDEC,cdec_snow_sensor,CDEC snow sensor,BNK,BONANZA KING,CA,,,,6450,41.083118,-122.631271,"41.083118, -122.631271",1982-09-18,1982,,,1982–present,active,,,,BNK,CA Dept of Water Resources/DFM-Hydro-SMN,,https://cdec.water.ca.gov/dynamicapp/staMeta?station_id=BNK,https://cdec.water.ca.gov/dynamicapp/QueryDaily?s=BNK,https://data.cnra.ca.gov/dataset/california-snow-data/resource/49baa289-3cc3-439a-af7a-727486dbf303
CDEC_snow_sensor_BKL,cdec_snow_sensor,CA DWR / CDEC / CCSS,CDEC,cdec_snow_sensor,CDEC snow sensor,BKL,BUCKS LAKE,CA,,,,5873,39.85292,-121.25135,"39.852920, -121.251350",1970-01-01,1970,,,1970–present,active,,,,BKL,.None Specified,,https://cdec.water.ca.gov/dynamicapp/staMeta?station_id=BKL,https://cdec.water.ca.gov/dynamicapp/QueryDaily?s=BKL,https://data.cnra.ca.gov/dataset/california-snow-data/resource/49baa289-3cc3-439a-af7a-727486dbf303
CDEC_snow_sensor_BSK,cdec_snow_sensor,CA DWR / CDEC / CCSS,CDEC,cdec_snow_sensor,CDEC snow sensor,BSK,BURNSIDE LAKE,CA,,,,8129,38.7194,-119.8942,"38.719400, -119.894200",2005-01-26,2005,,,2005–present,active,,,,BSK,Natural Resources Conservation Service,,https://cdec.water.ca.gov/dynamicapp/staMeta?station_id=BSK,https://cdec.water.ca.gov/dynamicapp/QueryDaily?s=BSK,https://data.cnra.ca.gov/dataset/california-snow-data/resource/49baa289-3cc3-439a-af7a-727486dbf303
CDEC_snow_sensor_CAP,cdec_snow_sensor,CA DWR / CDEC / CCSS,CDEC,cdec_snow_sensor,CDEC snow sensor,CAP,CAPLES LAKE,CA,,,,8000,38.710793,-120.04158,"38.710793, -120.041580",1970-01-01,1970,,,1970–present,active,,,,CAP,CA Dept of Water Resources/DFM-Hydro-SMN,,https://cdec.water.ca.gov/dynamicapp/staMeta?station_id=CAP,https://cdec.water.ca.gov/dynamicapp/QueryDaily?s=CAP,https://data.cnra.ca.gov/dataset/california-snow-data/resource/49baa289-3cc3-439a-af7a-727486dbf303
CDEC_snow_sensor_CXS,cdec_snow_sensor,CA DWR / CDEC / CCSS,CDEC,cdec_snow_sensor,CDEC snow sensor,CXS,CARSON PASS,CA,,,,8353,38.6924,-120.0021,"38.692400, -120.002100",2005-01-26,2005,,,2005–present,active,,,,CXS,Natural Resources Conservation Service,,https://cdec.water.ca.gov/dynamicapp/staMeta?station_id=CXS,https://cdec.water.ca.gov/dynamicapp/QueryDaily?s=CXS,https://data.cnra.ca.gov/dataset/california-snow-data/resource/49baa289-3cc3-439a-af7a-727486dbf303
CDEC_snow_sensor_CSV,cdec_snow_sensor,CA DWR / CDEC / CCSS,CDEC,cdec_snow_sensor,CDEC snow sensor,CSV,CASA VIEJA MEADOWS,CA,,,,8300,36.198097,-118.267685,"36.198097, -118.267685",1985-01-01,1985,,,1985–present,active,,,,CSV,CA Dept of Water Resources/DFM-Hydro-SMN,,https://cdec.water.ca.gov/dynamicapp/staMeta?station_id=CSV,https://cdec.water.ca.gov/dynamicapp/QueryDaily?s=CSV,https://data.cnra.ca.gov/dataset/california-snow-data/resource/49baa289-3cc3-439a-af7a-727486dbf303
CDEC_snow_sensor_CDP,cdec_snow_sensor,CA DWR / CDEC / CCSS,CDEC,cdec_snow_sensor,CDEC snow sensor,CDP,CEDAR PASS,CA,,,,7100,41.583,-120.303,"41.583000, -120.303000",1980-11-23,1980,,,1980–present,active,,,,CDP,Natural Resources Conservation Service,,https://cdec.water.ca.gov/dynamicapp/staMeta?station_id=CDP,https://cdec.water.ca.gov/dynamicapp/QueryDaily?s=CDP,https://data.cnra.ca.gov/dataset/california-snow-data/resource/49baa289-3cc3-439a-af7a-727486dbf303
CDEC_snow_sensor_CSL,cdec_snow_sensor,CA DWR / CDEC / CCSS,CDEC,cdec_snow_sensor,CDEC snow sensor,CSL,CENT SIERRA SNOW LAB,CA,,,,6900,39.325,-120.367,"39.325000, -120.367000",1983-10-01,1983,,,1983–present,active,,,,CSL,Natural Resources Conservation Service,,https://cdec.water.ca.gov/dynamicapp/staMeta?station_id=CSL,https://cdec.water.ca.gov/dynamicapp/QueryDaily?s=CSL,https://data.cnra.ca.gov/dataset/california-snow-data/resource/49baa289-3cc3-439a-af7a-727486dbf303
CDEC_snow_sensor_CHP,cdec_snow_sensor,CA DWR / CDEC / CCSS,CDEC,cdec_snow_sensor,CDEC snow sensor,CHP,CHAGOOPA PLATEAU,CA,,,,10300,36.497143,-118.446716,"36.497143, -118.446716",1984-01-01,1984,,,1984–present,active,,,,CHP,CA Dept of Water Resources/DFM-Hydro-SMN,,https://cdec.water.ca.gov/dynamicapp/staMeta?station_id=CHP,https://cdec.water.ca.gov/dynamicapp/QueryDaily?s=CHP,https://data.cnra.ca.gov/dataset/california-snow-data/resource/49baa289-3cc3-439a-af7a-727486dbf303
CDEC_snow_sensor_CRL,cdec_snow_sensor,CA DWR / CDEC / CCSS,CDEC,cdec_snow_sensor,CDEC snow sensor,CRL,CHARLOTTE LAKE,CA,,,,10400,36.777523,-118.42601,"36.777523, -118.426010",1984-11-03,1984,,,1984–present,active,,,,CRL,CA Dept of Water Resources/DFM-Hydro-SMN,,https://cdec.water.ca.gov/dynamicapp/staMeta?station_id=CRL,https://cdec.water.ca.gov/dynamicapp/QueryDaily?s=CRL,https://data.cnra.ca.gov/dataset/california-snow-data/resource/49baa289-3cc3-439a-af7a-727486dbf303
CDEC_snow_sensor_CHM,cdec_snow_sensor,CA DWR / CDEC / CCSS,CDEC,cdec_snow_sensor,CDEC snow sensor,CHM,CHILKOOT MEADOW,CA,,,,7150,37.40839,-119.492188,"37.408390, -119.492188",1985-10-21,1985,,,1985–present,active,,,,CHM,CA Dept of Water Resources/DFM-Hydro-SMN,,https://cdec.water.ca.gov/dynamicapp/staMeta?station_id=CHM,https://cdec.water.ca.gov/dynamicapp/QueryDaily?s=CHM,https://data.cnra.ca.gov/dataset/california-snow-data/resource/49baa289-3cc3-439a-af7a-727486dbf303
CDEC_snow_sensor_CWD,cdec_snow_sensor,CA DWR / CDEC / CCSS,CDEC,cdec_snow_sensor,CDEC snow sensor,CWD,COTTONWOOD LAKES,CA,,,,10150,36.48383,-118.177559,"36.483830, -118.177559",1973-11-04,1973,,,1973–present,active,,,,CWD,CA Dept of Water Resources/DFM-Hydro-SMN,,https://cdec.water.ca.gov/dynamicapp/staMeta?station_id=CWD,https://cdec.water.ca.gov/dynamicapp/QueryDaily?s=CWD,https://data.cnra.ca.gov/dataset/california-snow-data/resource/49baa289-3cc3-439a-af7a-727486dbf303
CDEC_snow_sensor_CBT,cdec_snow_sensor,CA DWR / CDEC / CCSS,CDEC,cdec_snow_sensor,CDEC snow sensor,CBT,CRABTREE MEADOW,CA,,,,10700,36.563683,-118.347946,"36.563683, -118.347946",1982-10-30,1982,,,1982–present,active,,,,CBT,CA Dept of Water Resources/DFM-Hydro-SMN,,https://cdec.water.ca.gov/dynamicapp/staMeta?station_id=CBT,https://cdec.water.ca.gov/dynamicapp/QueryDaily?s=CBT,https://data.cnra.ca.gov/dataset/california-snow-data/resource/49baa289-3cc3-439a-af7a-727486dbf303
CDEC_snow_sensor_CWF,cdec_snow_sensor,CA DWR / CDEC / CCSS,CDEC,cdec_snow_sensor,CDEC snow sensor,CWF,CROWDER FLAT,CA,,,,5100,41.8934,-120.7519,"41.893400, -120.751900",2005-01-26,2005,,,2005–present,active,,,,CWF,Natural Resources Conservation Service,,https://cdec.water.ca.gov/dynamicapp/staMeta?station_id=CWF,https://cdec.water.ca.gov/dynamicapp/QueryDaily?s=CWF,https://data.cnra.ca.gov/dataset/california-snow-data/resource/49baa289-3cc3-439a-af7a-727486dbf303
CDEC_snow_sensor_DAN,cdec_snow_sensor,CA DWR / CDEC / CCSS,CDEC,cdec_snow_sensor,CDEC snow sensor,DAN,DANA MEADOWS,CA,,,,9800,37.896162,-119.25726,"37.896162, -119.257260",1980-10-26,1980,,,1980–present,active,,,,DAN,CA Dept of Water Resources/DFM-Hydro-SMN,,https://cdec.water.ca.gov/dynamicapp/staMeta?station_id=DAN,https://cdec.water.ca.gov/dynamicapp/QueryDaily?s=DAN,https://data.cnra.ca.gov/dataset/california-snow-data/resource/49baa289-3cc3-439a-af7a-727486dbf303
CDEC_snow_sensor_DDM,cdec_snow_sensor,CA DWR / CDEC / CCSS,CDEC,cdec_snow_sensor,CDEC snow sensor,DDM,DEADMAN CREEK,CA,,,,9250,38.331596,-119.654114,"38.331596, -119.654114",1987-11-01,1987,,,1987–present,active,,,,DDM,CA Dept of Water Resources/DFM-Hydro-SMN,,https://cdec.water.ca.gov/dynamicapp/staMeta?station_id=DDM,https://cdec.water.ca.gov/dynamicapp/QueryDaily?s=DDM,https://data.cnra.ca.gov/dataset/california-snow-data/resource/49baa289-3cc3-439a-af7a-727486dbf303
CDEC_snow_sensor_DPO,cdec_snow_sensor,CA DWR / CDEC / CCSS,CDEC,cdec_snow_sensor,CDEC snow sensor,DPO,DEVILS POSTPILE,CA,,,,7569,37.62941,-119.084671,"37.629410, -119.084671",2007-10-01,2007,,,2007–present,active,,,,DPO,CA Dept of Water Resources/DFM-Hydro-SMN,,https://cdec.water.ca.gov/dynamicapp/staMeta?station_id=DPO,https://cdec.water.ca.gov/dynamicapp/QueryDaily?s=DPO,https://data.cnra.ca.gov/dataset/california-snow-data/resource/49baa289-3cc3-439a-af7a-727486dbf303
CDEC_snow_sensor_DSS,cdec_snow_sensor,CA DWR / CDEC / CCSS,CDEC,cdec_snow_sensor,CDEC snow sensor,DSS,DISMAL SWAMP,CA,,,,7050,41.993,-120.165,"41.993000, -120.165000",1985-10-01,1985,,,1985–present,active,,,,DSS,Natural Resources Conservation Service,,https://cdec.water.ca.gov/dynamicapp/staMeta?station_id=DSS,https://cdec.water.ca.gov/dynamicapp/QueryDaily?s=DSS,https://data.cnra.ca.gov/dataset/california-snow-data/resource/49baa289-3cc3-439a-af7a-727486dbf303
CDEC_snow_sensor_EBB,cdec_snow_sensor,CA DWR / CDEC / CCSS,CDEC,cdec_snow_sensor,CDEC snow sensor,EBB,EBBETTS PASS,CA,,,,8700,38.561,-119.808,"38.561000, -119.808000",1980-11-07,1980,,,1980–present,active,,,,EBB,Natural Resources Conservation Service,,https://cdec.water.ca.gov/dynamicapp/staMeta?station_id=EBB,https://cdec.water.ca.gov/dynamicapp/QueryDaily?s=EBB,https://data.cnra.ca.gov/dataset/california-snow-data/resource/49baa289-3cc3-439a-af7a-727486dbf303
CDEC_snow_sensor_EP5,cdec_snow_sensor,CA DWR / CDEC / CCSS,CDEC,cdec_snow_sensor,CDEC snow sensor,EP5,ECHO PEAK 5,CA,,,,7800,38.849,-120.079,"38.849000, -120.079000",1980-11-10,1980,,,1980–present,active,,,,EP5,Natural Resources Conservation Service,,https://cdec.water.ca.gov/dynamicapp/staMeta?station_id=EP5,https://cdec.water.ca.gov/dynamicapp/QueryDaily?s=EP5,https://data.cnra.ca.gov/dataset/california-snow-data/resource/49baa289-3cc3-439a-af7a-727486dbf303
CDEC_snow_sensor_FLL,cdec_snow_sensor,CA DWR / CDEC / CCSS,CDEC,cdec_snow_sensor,CDEC snow sensor,FLL,FALLEN LEAF LAKE,CA,,,,6250,38.932,-120.056,"38.932000, -120.056000",1975-11-11,1975,,,1975–present,active,,,,FLL,Natural Resources Conservation Service,,https://cdec.water.ca.gov/dynamicapp/staMeta?station_id=FLL,https://cdec.water.ca.gov/dynamicapp/QueryDaily?s=FLL,https://data.cnra.ca.gov/dataset/california-snow-data/resource/49baa289-3cc3-439a-af7a-727486dbf303
CDEC_snow_sensor_FRW,cdec_snow_sensor,CA DWR / CDEC / CCSS,CDEC,cdec_snow_sensor,CDEC snow sensor,FRW,FAREWELL GAP,CA,,,,9500,36.415211,-118.57898,"36.415211, -118.578980",2000-10-04,2000,,,2000–present,active,,,,FRW,CA Dept of Water Resources/DFM-Hydro-SMN,,https://cdec.water.ca.gov/dynamicapp/staMeta?station_id=FRW,https://cdec.water.ca.gov/dynamicapp/QueryDaily?s=FRW,https://data.cnra.ca.gov/dataset/california-snow-data/resource/49baa289-3cc3-439a-af7a-727486dbf303
CDEC_snow_sensor_FDC,cdec_snow_sensor,CA DWR / CDEC / CCSS,CDEC,cdec_snow_sensor,CDEC snow sensor,FDC,FORESTDALE CREEK,CA,,,,8017,38.6824,-119.9597,"38.682400, -119.959700",2005-01-26,2005,,,2005–present,active,,,,FDC,Natural Resources Conservation Service,,https://cdec.water.ca.gov/dynamicapp/staMeta?station_id=FDC,https://cdec.water.ca.gov/dynamicapp/QueryDaily?s=FDC,https://data.cnra.ca.gov/dataset/california-snow-data/resource/49baa289-3cc3-439a-af7a-727486dbf303
CDEC_snow_sensor_FRN,cdec_snow_sensor,CA DWR / CDEC / CCSS,CDEC,cdec_snow_sensor,CDEC snow sensor,FRN,FORNI RIDGE,CA,,,,7600,38.80397,-120.21592,"38.803970, -120.215920",1980-11-15,1980,,,1980–present,active,,,,FRN,CA Dept of Water Resources/DFM-Hydro-SMN,,https://cdec.water.ca.gov/dynamicapp/staMeta?station_id=FRN,https://cdec.water.ca.gov/dynamicapp/QueryDaily?s=FRN,https://data.cnra.ca.gov/dataset/california-snow-data/resource/49baa289-3cc3-439a-af7a-727486dbf303
CDEC_snow_sensor_FOR,cdec_snow_sensor,CA DWR / CDEC / CCSS,CDEC,cdec_snow_sensor,CDEC snow sensor,FOR,FOUR TREES,CA,,,,5202,39.81278,-121.32168,"39.812780, -121.321680",1980-01-01,1980,,,1980–present,active,,,,FOR,.None Specified,,https://cdec.water.ca.gov/dynamicapp/staMeta?station_id=FOR,https://cdec.water.ca.gov/dynamicapp/QueryDaily?s=FOR,https://data.cnra.ca.gov/dataset/california-snow-data/resource/49baa289-3cc3-439a-af7a-727486dbf303
CDEC_snow_sensor_GEM,cdec_snow_sensor,CA DWR / CDEC / CCSS,CDEC,cdec_snow_sensor,CDEC snow sensor,GEM,GEM PASS,CA,,,,10750,37.78,-119.17,"37.780000, -119.170000",1983-11-09,1983,,,1983–present,active,,,,GEM,CA Dept of Water Resources/DFM-Hydro-SMN,,https://cdec.water.ca.gov/dynamicapp/staMeta?station_id=GEM,https://cdec.water.ca.gov/dynamicapp/QueryDaily?s=GEM,https://data.cnra.ca.gov/dataset/california-snow-data/resource/49baa289-3cc3-439a-af7a-727486dbf303
CDEC_snow_sensor_GNL,cdec_snow_sensor,CA DWR / CDEC / CCSS,CDEC,cdec_snow_sensor,CDEC snow sensor,GNL,GIANELLI MEADOW,CA,,,,8400,38.204308,-119.893188,"38.204308, -119.893188",1984-11-02,1984,,,1984–present,active,,,,GNL,CA Dept of Water Resources/DFM-Hydro-SMN,,https://cdec.water.ca.gov/dynamicapp/staMeta?station_id=GNL,https://cdec.water.ca.gov/dynamicapp/QueryDaily?s=GNL,https://data.cnra.ca.gov/dataset/california-snow-data/resource/49baa289-3cc3-439a-af7a-727486dbf303
CDEC_snow_sensor_GNF,cdec_snow_sensor,CA DWR / CDEC / CCSS,CDEC,cdec_snow_sensor,CDEC snow sensor,GNF,GIANT FOREST (USACE),CA,,,,6400,36.562867,-118.770283,"36.562867, -118.770283",1970-01-09,1970,,,1970–present,active,,,,GNF,Sierra Hydrographics,,https://cdec.water.ca.gov/dynamicapp/staMeta?station_id=GNF,https://cdec.water.ca.gov/dynamicapp/QueryDaily?s=GNF,https://data.cnra.ca.gov/dataset/california-snow-data/resource/49baa289-3cc3-439a-af7a-727486dbf303
CDEC_snow_sensor_GIN,cdec_snow_sensor,CA DWR / CDEC / CCSS,CDEC,cdec_snow_sensor,CDEC snow sensor,GIN,GIN FLAT,CA,,,,7050,37.766887,-119.774907,"37.766887, -119.774907",1981-10-28,1981,,,1981–present,active,,,,GIN,CA Dept of Water Resources/DFM-Hydro-SMN,,https://cdec.water.ca.gov/dynamicapp/staMeta?station_id=GIN,https://cdec.water.ca.gov/dynamicapp/QueryDaily?s=GIN,https://data.cnra.ca.gov/dataset/california-snow-data/resource/49baa289-3cc3-439a-af7a-727486dbf303
CDEC_snow_sensor_GOL,cdec_snow_sensor,CA DWR / CDEC / CCSS,CDEC,cdec_snow_sensor,CDEC snow sensor,GOL,GOLD LAKE,CA,,,,6750,39.674767,-120.617167,"39.674767, -120.617167",1970-01-01,1970,,,1970–present,active,,,,GOL,.None Specified,,https://cdec.water.ca.gov/dynamicapp/staMeta?station_id=GOL,https://cdec.water.ca.gov/dynamicapp/QueryDaily?s=GOL,https://data.cnra.ca.gov/dataset/california-snow-data/resource/49baa289-3cc3-439a-af7a-727486dbf303
CDEC_snow_sensor_GRV,cdec_snow_sensor,CA DWR / CDEC / CCSS,CDEC,cdec_snow_sensor,CDEC snow sensor,GRV,GRAVEYARD MEADOW,CA,,,,6900,37.46344,-119.292892,"37.463440, -119.292892",1982-03-04,1982,,,1982–present,active,,,,GRV,CA Dept of Water Resources/DFM-Hydro-SMN,,https://cdec.water.ca.gov/dynamicapp/staMeta?station_id=GRV,https://cdec.water.ca.gov/dynamicapp/QueryDaily?s=GRV,https://data.cnra.ca.gov/dataset/california-snow-data/resource/49baa289-3cc3-439a-af7a-727486dbf303
CDEC_snow_sensor_GKS,cdec_snow_sensor,CA DWR / CDEC / CCSS,CDEC,cdec_snow_sensor,CDEC snow sensor,GKS,GREEK STORE,CA,,,,5600,39.07468,-120.5616,"39.074680, -120.561600",1970-01-01,1970,,,1970–present,active,,,,GKS,CA Dept of Water Resources/DFM-Hydro-SMN,,https://cdec.water.ca.gov/dynamicapp/staMeta?station_id=GKS,https://cdec.water.ca.gov/dynamicapp/QueryDaily?s=GKS,https://data.cnra.ca.gov/dataset/california-snow-data/resource/49baa289-3cc3-439a-af7a-727486dbf303
CDEC_snow_sensor_GRM,cdec_snow_sensor,CA DWR / CDEC / CCSS,CDEC,cdec_snow_sensor,CDEC snow sensor,GRM,GREEN MOUNTAIN,CA,,,,7900,37.549599,-119.232559,"37.549599, -119.232559",1972-01-21,1972,,,1972–present,active,,,,GRM,CA Dept of Water Resources/DFM-Hydro-SMN,,https://cdec.water.ca.gov/dynamicapp/staMeta?station_id=GRM,https://cdec.water.ca.gov/dynamicapp/QueryDaily?s=GRM,https://data.cnra.ca.gov/dataset/california-snow-data/resource/49baa289-3cc3-439a-af7a-727486dbf303
CDEC_snow_sensor_GRZ,cdec_snow_sensor,CA DWR / CDEC / CCSS,CDEC,cdec_snow_sensor,CDEC snow sensor,GRZ,GRIZZLY RIDGE,CA,,,,6900,39.917,-120.645,"39.917000, -120.645000",1970-01-01,1970,,,1970–present,active,,,,GRZ,.None Specified,,https://cdec.water.ca.gov/dynamicapp/staMeta?station_id=GRZ,https://cdec.water.ca.gov/dynamicapp/QueryDaily?s=GRZ,https://data.cnra.ca.gov/dataset/california-snow-data/resource/49baa289-3cc3-439a-af7a-727486dbf303
CDEC_snow_sensor_HGM,cdec_snow_sensor,CA DWR / CDEC / CCSS,CDEC,cdec_snow_sensor,CDEC snow sensor,HGM,HAGANS MEADOW,CA,,,,8000,38.853,-119.94,"38.853000, -119.940000",1970-01-04,1970,,,1970–present,active,,,,HGM,Natural Resources Conservation Service,,https://cdec.water.ca.gov/dynamicapp/staMeta?station_id=HGM,https://cdec.water.ca.gov/dynamicapp/QueryDaily?s=HGM,https://data.cnra.ca.gov/dataset/california-snow-data/resource/49baa289-3cc3-439a-af7a-727486dbf303
CDEC_snow_sensor_HRK,cdec_snow_sensor,CA DWR / CDEC / CCSS,CDEC,cdec_snow_sensor,CDEC snow sensor,HRK,HARKNESS FLAT,CA,,,,6200,40.418,-121.275,"40.418000, -121.275000",2006-10-01,2006,,,2006–present,active,,,,HRK,CA Dept of Water Resources/State Water Project,,https://cdec.water.ca.gov/dynamicapp/staMeta?station_id=HRK,https://cdec.water.ca.gov/dynamicapp/QueryDaily?s=HRK,https://data.cnra.ca.gov/dataset/california-snow-data/resource/49baa289-3cc3-439a-af7a-727486dbf303
CDEC_snow_sensor_HVN,cdec_snow_sensor,CA DWR / CDEC / CCSS,CDEC,cdec_snow_sensor,CDEC snow sensor,HVN,HEAVENLY VALLEY,CA,,,,8800,38.929,-119.917,"38.929000, -119.917000",1970-12-30,1970,,,1970–present,active,,,,HVN,Natural Resources Conservation Service,,https://cdec.water.ca.gov/dynamicapp/staMeta?station_id=HVN,https://cdec.water.ca.gov/dynamicapp/QueryDaily?s=HVN,https://data.cnra.ca.gov/dataset/california-snow-data/resource/49baa289-3cc3-439a-af7a-727486dbf303
CDEC_snow_sensor_HIG,cdec_snow_sensor,CA DWR / CDEC / CCSS,CDEC,cdec_snow_sensor,CDEC snow sensor,HIG,HIGHLAND LAKES,CA,,,,6030,41.091782,-122.491562,"41.091782, -122.491562",1984-10-28,1984,,,1984–present,active,,,,HIG,CA Dept of Water Resources/DFM-Hydro-SMN,,https://cdec.water.ca.gov/dynamicapp/staMeta?station_id=HIG,https://cdec.water.ca.gov/dynamicapp/QueryDaily?s=HIG,https://data.cnra.ca.gov/dataset/california-snow-data/resource/49baa289-3cc3-439a-af7a-727486dbf303
CDEC_snow_sensor_HHM,cdec_snow_sensor,CA DWR / CDEC / CCSS,CDEC,cdec_snow_sensor,CDEC snow sensor,HHM,HIGHLAND MEADOW,CA,,,,8700,38.490662,-119.805626,"38.490662, -119.805626",1989-10-21,1989,,,1989–present,active,,,,HHM,CA Dept of Water Resources/DFM-Hydro-SMN,,https://cdec.water.ca.gov/dynamicapp/staMeta?station_id=HHM,https://cdec.water.ca.gov/dynamicapp/QueryDaily?s=HHM,https://data.cnra.ca.gov/dataset/california-snow-data/resource/49baa289-3cc3-439a-af7a-727486dbf303
CDEC_snow_sensor_HRS,cdec_snow_sensor,CA DWR / CDEC / CCSS,CDEC,cdec_snow_sensor,CDEC snow sensor,HRS,HORSE MEADOW,CA,,,,8400,38.158,-119.662,"38.158000, -119.662000",1984-11-01,1984,,,1984–present,active,,,,HRS,CA Dept of Water Resources/DFM-Hydro-SMN,,https://cdec.water.ca.gov/dynamicapp/staMeta?station_id=HRS,https://cdec.water.ca.gov/dynamicapp/QueryDaily?s=HRS,https://data.cnra.ca.gov/dataset/california-snow-data/resource/49baa289-3cc3-439a-af7a-727486dbf303
CDEC_snow_sensor_HOR,cdec_snow_sensor,CA DWR / CDEC / CCSS,CDEC,cdec_snow_sensor,CDEC snow sensor,HOR,HORSE MEADOW (NRCS),CA,,,,8557,38.8365,-119.8873,"38.836500, -119.887300",2005-01-26,2005,,,2005–present,active,,,,HOR,Natural Resources Conservation Service,,https://cdec.water.ca.gov/dynamicapp/staMeta?station_id=HOR,https://cdec.water.ca.gov/dynamicapp/QueryDaily?s=HOR,https://data.cnra.ca.gov/dataset/california-snow-data/resource/49baa289-3cc3-439a-af7a-727486dbf303
CDEC_snow_sensor_HMB,cdec_snow_sensor,CA DWR / CDEC / CCSS,CDEC,cdec_snow_sensor,CDEC snow sensor,HMB,HUMBUG,CA,,,,6500,40.115,-121.368,"40.115000, -121.368000",1981-02-01,1981,,,1981–present,active,,,,HMB,CA Dept of Water Resources/O&M Oroville Field Division,,https://cdec.water.ca.gov/dynamicapp/staMeta?station_id=HMB,https://cdec.water.ca.gov/dynamicapp/QueryDaily?s=HMB,https://data.cnra.ca.gov/dataset/california-snow-data/resource/49baa289-3cc3-439a-af7a-727486dbf303
CDEC_snow_sensor_HNT,cdec_snow_sensor,CA DWR / CDEC / CCSS,CDEC,cdec_snow_sensor,CDEC snow sensor,HNT,HUNTINGTON LAKE (USBR),CA,,,,7000,37.22757,-119.220482,"37.227570, -119.220482",1987-11-04,1987,,,1987–present,active,,,,HNT,CA Dept of Water Resources/DFM-Hydro-SMN,,https://cdec.water.ca.gov/dynamicapp/staMeta?station_id=HNT,https://cdec.water.ca.gov/dynamicapp/QueryDaily?s=HNT,https://data.cnra.ca.gov/dataset/california-snow-data/resource/49baa289-3cc3-439a-af7a-727486dbf303
CDEC_snow_sensor_HYS,cdec_snow_sensor,CA DWR / CDEC / CCSS,CDEC,cdec_snow_sensor,CDEC snow sensor,HYS,HUYSINK,CA,,,,6600,39.281422,-120.529633,"39.281422, -120.529633",1979-11-02,1979,,,1979–present,active,,,,HYS,CA Dept of Water Resources/DFM-Hydro-SMN,,https://cdec.water.ca.gov/dynamicapp/staMeta?station_id=HYS,https://cdec.water.ca.gov/dynamicapp/QueryDaily?s=HYS,https://data.cnra.ca.gov/dataset/california-snow-data/resource/49baa289-3cc3-439a-af7a-727486dbf303
CDEC_snow_sensor_IDC,cdec_snow_sensor,CA DWR / CDEC / CCSS,CDEC,cdec_snow_sensor,CDEC snow sensor,IDC,INDEPENDENCE CAMP,CA,,,,7000,39.452588,-120.298548,"39.452588, -120.298548",1970-01-01,1970,,,1970–present,active,,,,IDC,Natural Resources Conservation Service,,https://cdec.water.ca.gov/dynamicapp/staMeta?station_id=IDC,https://cdec.water.ca.gov/dynamicapp/QueryDaily?s=IDC,https://data.cnra.ca.gov/dataset/california-snow-data/resource/49baa289-3cc3-439a-af7a-727486dbf303
CDEC_snow_sensor_INN,cdec_snow_sensor,CA DWR / CDEC / CCSS,CDEC,cdec_snow_sensor,CDEC snow sensor,INN,INDEPENDENCE CREEK,CA,,,,6500,39.494,-120.293,"39.494000, -120.293000",1980-10-01,1980,,,1980–present,active,,,,INN,Natural Resources Conservation Service,,https://cdec.water.ca.gov/dynamicapp/staMeta?station_id=INN,https://cdec.water.ca.gov/dynamicapp/QueryDaily?s=INN,https://data.cnra.ca.gov/dataset/california-snow-data/resource/49baa289-3cc3-439a-af7a-727486dbf303
CDEC_snow_sensor_IDP,cdec_snow_sensor,CA DWR / CDEC / CCSS,CDEC,cdec_snow_sensor,CDEC snow sensor,IDP,INDEPENDENCE LAKE (SCS),CA,,,,8450,39.435,-120.322,"39.435000, -120.322000",1980-10-01,1980,,,1980–present,active,,,,IDP,Natural Resources Conservation Service,,https://cdec.water.ca.gov/dynamicapp/staMeta?station_id=IDP,https://cdec.water.ca.gov/dynamicapp/QueryDaily?s=IDP,https://data.cnra.ca.gov/dataset/california-snow-data/resource/49baa289-3cc3-439a-af7a-727486dbf303
CDEC_snow_sensor_KSP,cdec_snow_sensor,CA DWR / CDEC / CCSS,CDEC,cdec_snow_sensor,CDEC snow sensor,KSP,KAISER POINT,CA,,,,9200,37.29818,-119.103371,"37.298180, -119.103371",1970-01-06,1970,,,1970–present,active,,,,KSP,CA Dept of Water Resources/DFM-Hydro-SMN,,https://cdec.water.ca.gov/dynamicapp/staMeta?station_id=KSP,https://cdec.water.ca.gov/dynamicapp/QueryDaily?s=KSP,https://data.cnra.ca.gov/dataset/california-snow-data/resource/49baa289-3cc3-439a-af7a-727486dbf303
CDEC_snow_sensor_KTL,cdec_snow_sensor,CA DWR / CDEC / CCSS,CDEC,cdec_snow_sensor,CDEC snow sensor,KTL,KETTLE ROCK,CA,,,,7300,40.14,-120.715,"40.140000, -120.715000",1979-01-01,1979,,,1979–present,active,,,,KTL,.None Specified,,https://cdec.water.ca.gov/dynamicapp/staMeta?station_id=KTL,https://cdec.water.ca.gov/dynamicapp/QueryDaily?s=KTL,https://data.cnra.ca.gov/dataset/california-snow-data/resource/49baa289-3cc3-439a-af7a-727486dbf303
CDEC_snow_sensor_LOS,cdec_snow_sensor,CA DWR / CDEC / CCSS,CDEC,cdec_snow_sensor,CDEC snow sensor,LOS,LAKE LOIS,CA,,,,8600,38.921036,-120.204445,"38.921036, -120.204445",1987-01-08,1987,,,1987–present,active,,,,LOS,CA Dept of Water Resources/DFM-Hydro-SMN,,https://cdec.water.ca.gov/dynamicapp/staMeta?station_id=LOS,https://cdec.water.ca.gov/dynamicapp/QueryDaily?s=LOS,https://data.cnra.ca.gov/dataset/california-snow-data/resource/49baa289-3cc3-439a-af7a-727486dbf303
CDEC_snow_sensor_LVT,cdec_snow_sensor,CA DWR / CDEC / CCSS,CDEC,cdec_snow_sensor,CDEC snow sensor,LVT,LEAVITT LAKE,CA,,,,9600,38.282,-119.621,"38.282000, -119.621000",1995-06-25,1995,,,1995–present,active,,,,LVT,Natural Resources Conservation Service,,https://cdec.water.ca.gov/dynamicapp/staMeta?station_id=LVT,https://cdec.water.ca.gov/dynamicapp/QueryDaily?s=LVT,https://data.cnra.ca.gov/dataset/california-snow-data/resource/49baa289-3cc3-439a-af7a-727486dbf303
CDEC_snow_sensor_LVM,cdec_snow_sensor,CA DWR / CDEC / CCSS,CDEC,cdec_snow_sensor,CDEC snow sensor,LVM,LEAVITT MEADOWS,CA,,,,7200,38.305,-119.552,"38.305000, -119.552000",1985-10-01,1985,,,1985–present,active,,,,LVM,Natural Resources Conservation Service,,https://cdec.water.ca.gov/dynamicapp/staMeta?station_id=LVM,https://cdec.water.ca.gov/dynamicapp/QueryDaily?s=LVM,https://data.cnra.ca.gov/dataset/california-snow-data/resource/49baa289-3cc3-439a-af7a-727486dbf303
CDEC_snow_sensor_LBD,cdec_snow_sensor,CA DWR / CDEC / CCSS,CDEC,cdec_snow_sensor,CDEC snow sensor,LBD,LOBDELL LAKE,CA,,,,9200,38.44,-119.377,"38.440000, -119.377000",1909-04-13,1909,,,1909–present,active,,,,LBD,Natural Resources Conservation Service,,https://cdec.water.ca.gov/dynamicapp/staMeta?station_id=LBD,https://cdec.water.ca.gov/dynamicapp/QueryDaily?s=LBD,https://data.cnra.ca.gov/dataset/california-snow-data/resource/49baa289-3cc3-439a-af7a-727486dbf303
CDEC_snow_sensor_KIB,cdec_snow_sensor,CA DWR / CDEC / CCSS,CDEC,cdec_snow_sensor,CDEC snow sensor,KIB,LOWER KIBBIE RIDGE,CA,,,,6700,38.033024,-119.879245,"38.033024, -119.879245",1983-11-10,1983,,,1983–present,active,,,,KIB,CA Dept of Water Resources/DFM-Hydro-SMN,,https://cdec.water.ca.gov/dynamicapp/staMeta?station_id=KIB,https://cdec.water.ca.gov/dynamicapp/QueryDaily?s=KIB,https://data.cnra.ca.gov/dataset/california-snow-data/resource/49baa289-3cc3-439a-af7a-727486dbf303
CDEC_snow_sensor_LLP,cdec_snow_sensor,CA DWR / CDEC / CCSS,CDEC,cdec_snow_sensor,CDEC snow sensor,LLP,LOWER LASSEN PEAK,CA,,,,8338,40.466602,-121.50811,"40.466602, -121.508110",2003-11-04,2003,,,2003–present,active,,,,LLP,CA Dept of Water Resources/DFM-Hydro-SMN,,https://cdec.water.ca.gov/dynamicapp/staMeta?station_id=LLP,https://cdec.water.ca.gov/dynamicapp/QueryDaily?s=LLP,https://data.cnra.ca.gov/dataset/california-snow-data/resource/49baa289-3cc3-439a-af7a-727486dbf303
CDEC_snow_sensor_REL,cdec_snow_sensor,CA DWR / CDEC / CCSS,CDEC,cdec_snow_sensor,CDEC snow sensor,REL,LOWER RELIEF VALLEY,CA,,,,8100,38.242917,-119.762917,"38.242917, -119.762917",1985-01-01,1985,,,1985–present,active,,,,REL,CA Dept of Water Resources/DFM-Hydro-SMN,,https://cdec.water.ca.gov/dynamicapp/staMeta?station_id=REL,https://cdec.water.ca.gov/dynamicapp/QueryDaily?s=REL,https://data.cnra.ca.gov/dataset/california-snow-data/resource/49baa289-3cc3-439a-af7a-727486dbf303
CDEC_snow_sensor_MHP,cdec_snow_sensor,CA DWR / CDEC / CCSS,CDEC,cdec_snow_sensor,CDEC snow sensor,MHP,MAMMOTH PASS (USBR),CA,,,,9300,37.6124,-119.031746,"37.612400, -119.031746",1990-01-01,1990,,,1990–present,active,,,,MHP,CA Dept of Water Resources/DFM-Hydro-SMN,,https://cdec.water.ca.gov/dynamicapp/staMeta?station_id=MHP,https://cdec.water.ca.gov/dynamicapp/QueryDaily?s=MHP,https://data.cnra.ca.gov/dataset/california-snow-data/resource/49baa289-3cc3-439a-af7a-727486dbf303
CDEC_snow_sensor_MRL,cdec_snow_sensor,CA DWR / CDEC / CCSS,CDEC,cdec_snow_sensor,CDEC snow sensor,MRL,MARLETTE LAKE,CA,,,,8000,39.173,-119.905,"39.173000, -119.905000",1970-01-01,1970,,,1970–present,active,,,,MRL,Natural Resources Conservation Service,,https://cdec.water.ca.gov/dynamicapp/staMeta?station_id=MRL,https://cdec.water.ca.gov/dynamicapp/QueryDaily?s=MRL,https://data.cnra.ca.gov/dataset/california-snow-data/resource/49baa289-3cc3-439a-af7a-727486dbf303
CDEC_snow_sensor_MDW,cdec_snow_sensor,CA DWR / CDEC / CCSS,CDEC,cdec_snow_sensor,CDEC snow sensor,MDW,MEADOW LAKE,CA,,,,7200,39.405663,-120.506058,"39.405663, -120.506058",1997-09-10,1997,,,1997–present,active,,,,MDW,CA Dept of Water Resources/DFM-Hydro-SMN,,https://cdec.water.ca.gov/dynamicapp/staMeta?station_id=MDW,https://cdec.water.ca.gov/dynamicapp/QueryDaily?s=MDW,https://data.cnra.ca.gov/dataset/california-snow-data/resource/49baa289-3cc3-439a-af7a-727486dbf303
CDEC_snow_sensor_MED,cdec_snow_sensor,CA DWR / CDEC / CCSS,CDEC,cdec_snow_sensor,CDEC snow sensor,MED,MEDICINE LAKE,CA,,,,6700,41.591389,-121.610832,"41.591389, -121.610832",1984-10-31,1984,,,1984–present,active,,,,MED,CA Dept of Water Resources/DFM-Hydro-SMN,,https://cdec.water.ca.gov/dynamicapp/staMeta?station_id=MED,https://cdec.water.ca.gov/dynamicapp/QueryDaily?s=MED,https://data.cnra.ca.gov/dataset/california-snow-data/resource/49baa289-3cc3-439a-af7a-727486dbf303
CDEC_snow_sensor_MB3,cdec_snow_sensor,CA DWR / CDEC / CCSS,CDEC,cdec_snow_sensor,CDEC snow sensor,MB3,MIDDLE BOULDER 3,CA,,,,6200,41.224838,-122.80616,"41.224838, -122.806160",1986-11-23,1986,,,1986–present,active,,,,MB3,CA Dept of Water Resources/DFM-Hydro-SMN,,https://cdec.water.ca.gov/dynamicapp/staMeta?station_id=MB3,https://cdec.water.ca.gov/dynamicapp/QueryDaily?s=MB3,https://data.cnra.ca.gov/dataset/california-snow-data/resource/49baa289-3cc3-439a-af7a-727486dbf303
CDEC_snow_sensor_MTM,cdec_snow_sensor,CA DWR / CDEC / CCSS,CDEC,cdec_snow_sensor,CDEC snow sensor,MTM,MITCHELL MEADOW,CA,,,,10026,36.73615,-118.712167,"36.736150, -118.712167",1970-01-01,1970,,,1970–present,active,,,,MTM,Sierra Hydrographics,,https://cdec.water.ca.gov/dynamicapp/staMeta?station_id=MTM,https://cdec.water.ca.gov/dynamicapp/QueryDaily?s=MTM,https://data.cnra.ca.gov/dataset/california-snow-data/resource/49baa289-3cc3-439a-af7a-727486dbf303
CDEC_snow_sensor_MNT,cdec_snow_sensor,CA DWR / CDEC / CCSS,CDEC,cdec_snow_sensor,CDEC snow sensor,MNT,MONITOR PASS,CA,,,,8350,38.67,-119.615,"38.670000, -119.615000",1990-10-01,1990,,,1990–present,active,,,,MNT,Natural Resources Conservation Service,,https://cdec.water.ca.gov/dynamicapp/staMeta?station_id=MNT,https://cdec.water.ca.gov/dynamicapp/QueryDaily?s=MNT,https://data.cnra.ca.gov/dataset/california-snow-data/resource/49baa289-3cc3-439a-af7a-727486dbf303
CDEC_snow_sensor_MSK,cdec_snow_sensor,CA DWR / CDEC / CCSS,CDEC,cdec_snow_sensor,CDEC snow sensor,MSK,MOUNT ROSE SKI AREA,CA,,,,8900,39.326,-119.902,"39.326000, -119.902000",1980-10-01,1980,,,1980–present,active,,,,MSK,Natural Resources Conservation Service,,https://cdec.water.ca.gov/dynamicapp/staMeta?station_id=MSK,https://cdec.water.ca.gov/dynamicapp/QueryDaily?s=MSK,https://data.cnra.ca.gov/dataset/california-snow-data/resource/49baa289-3cc3-439a-af7a-727486dbf303
CDEC_snow_sensor_MUM,cdec_snow_sensor,CA DWR / CDEC / CCSS,CDEC,cdec_snow_sensor,CDEC snow sensor,MUM,MUMBO BASIN,CA,,,,5650,41.197819,-122.525963,"41.197819, -122.525963",1984-10-28,1984,,,1984–present,active,,,,MUM,CA Dept of Water Resources/DFM-Hydro-SMN,,https://cdec.water.ca.gov/dynamicapp/staMeta?station_id=MUM,https://cdec.water.ca.gov/dynamicapp/QueryDaily?s=MUM,https://data.cnra.ca.gov/dataset/california-snow-data/resource/49baa289-3cc3-439a-af7a-727486dbf303
CDEC_snow_sensor_NLS,cdec_snow_sensor,CA DWR / CDEC / CCSS,CDEC,cdec_snow_sensor,CDEC snow sensor,NLS,NOEL SPRING,CA,,,,5100,39.538,-122.667,"39.538000, -122.667000",1997-01-23,1997,,,1997–present,active,,,,NLS,.None Specified,,https://cdec.water.ca.gov/dynamicapp/staMeta?station_id=NLS,https://cdec.water.ca.gov/dynamicapp/QueryDaily?s=NLS,https://data.cnra.ca.gov/dataset/california-snow-data/resource/49baa289-3cc3-439a-af7a-727486dbf303
CDEC_snow_sensor_STR,cdec_snow_sensor,CA DWR / CDEC / CCSS,CDEC,cdec_snow_sensor,CDEC snow sensor,STR,OSTRANDER LAKE,CA,,,,8200,37.63661,-119.55333,"37.636610, -119.553330",1988-12-01,1988,,,1988–present,active,,,,STR,CA Dept of Water Resources/DFM-Hydro-SMN,,https://cdec.water.ca.gov/dynamicapp/staMeta?station_id=STR,https://cdec.water.ca.gov/dynamicapp/QueryDaily?s=STR,https://data.cnra.ca.gov/dataset/california-snow-data/resource/49baa289-3cc3-439a-af7a-727486dbf303
CDEC_snow_sensor_SQV,cdec_snow_sensor,CA DWR / CDEC / CCSS,CDEC,cdec_snow_sensor,CDEC snow sensor,SQV,PALISADES TAHOE SNOTEL,CA,,,,8200,39.194,-120.276,"39.194000, -120.276000",1980-10-01,1980,,,1980–present,active,,,,SQV,Natural Resources Conservation Service,,https://cdec.water.ca.gov/dynamicapp/staMeta?station_id=SQV,https://cdec.water.ca.gov/dynamicapp/QueryDaily?s=SQV,https://data.cnra.ca.gov/dataset/california-snow-data/resource/49baa289-3cc3-439a-af7a-727486dbf303
CDEC_snow_sensor_PDS,cdec_snow_sensor,CA DWR / CDEC / CCSS,CDEC,cdec_snow_sensor,CDEC snow sensor,PDS,PARADISE MEADOW,CA,,,,7650,38.046117,-119.671748,"38.046117, -119.671748",1980-11-10,1980,,,1980–present,active,,,,PDS,CA Dept of Water Resources/DFM-Hydro-SMN,,https://cdec.water.ca.gov/dynamicapp/staMeta?station_id=PDS,https://cdec.water.ca.gov/dynamicapp/QueryDaily?s=PDS,https://data.cnra.ca.gov/dataset/california-snow-data/resource/49baa289-3cc3-439a-af7a-727486dbf303
CDEC_snow_sensor_PSC,cdec_snow_sensor,CA DWR / CDEC / CCSS,CDEC,cdec_snow_sensor,CDEC snow sensor,PSC,PASCOES,CA,,,,9120,35.961533,-118.357617,"35.961533, -118.357617",1971-11-11,1971,,,1971–present,active,,,,PSC,Sierra Hydrographics,,https://cdec.water.ca.gov/dynamicapp/staMeta?station_id=PSC,https://cdec.water.ca.gov/dynamicapp/QueryDaily?s=PSC,https://data.cnra.ca.gov/dataset/california-snow-data/resource/49baa289-3cc3-439a-af7a-727486dbf303
CDEC_snow_sensor_PET,cdec_snow_sensor,CA DWR / CDEC / CCSS,CDEC,cdec_snow_sensor,CDEC snow sensor,PET,PETERSON FLAT,CA,,,,7150,41.302219,-122.527779,"41.302219, -122.527779",1983-11-02,1983,,,1983–present,active,,,,PET,CA Dept of Water Resources/DFM-Hydro-SMN,,https://cdec.water.ca.gov/dynamicapp/staMeta?station_id=PET,https://cdec.water.ca.gov/dynamicapp/QueryDaily?s=PET,https://data.cnra.ca.gov/dataset/california-snow-data/resource/49baa289-3cc3-439a-af7a-727486dbf303
CDEC_snow_sensor_PLP,cdec_snow_sensor,CA DWR / CDEC / CCSS,CDEC,cdec_snow_sensor,CDEC snow sensor,PLP,PILOT PEAK (DWR),CA,,,,6800,39.785892,-120.877777,"39.785892, -120.877777",1978-12-04,1978,,,1978–present,active,,,,PLP,CA Dept of Water Resources/State Water Project,,https://cdec.water.ca.gov/dynamicapp/staMeta?station_id=PLP,https://cdec.water.ca.gov/dynamicapp/QueryDaily?s=PLP,https://data.cnra.ca.gov/dataset/california-snow-data/resource/49baa289-3cc3-439a-af7a-727486dbf303
CDEC_snow_sensor_PSN,cdec_snow_sensor,CA DWR / CDEC / CCSS,CDEC,cdec_snow_sensor,CDEC snow sensor,PSN,POISON FLAT,CA,,,,7900,38.501,-119.631,"38.501000, -119.631000",1980-11-07,1980,,,1980–present,active,,,,PSN,Natural Resources Conservation Service,,https://cdec.water.ca.gov/dynamicapp/staMeta?station_id=PSN,https://cdec.water.ca.gov/dynamicapp/QueryDaily?s=PSN,https://data.cnra.ca.gov/dataset/california-snow-data/resource/49baa289-3cc3-439a-af7a-727486dbf303
CDEC_snow_sensor_PSR,cdec_snow_sensor,CA DWR / CDEC / CCSS,CDEC,cdec_snow_sensor,CDEC snow sensor,PSR,POISON RIDGE,CA,,,,6900,37.402821,-119.520813,"37.402821, -119.520813",1970-01-01,1970,,,1970–present,active,,,,PSR,CA Dept of Water Resources/DFM-Hydro-SMN,,https://cdec.water.ca.gov/dynamicapp/staMeta?station_id=PSR,https://cdec.water.ca.gov/dynamicapp/QueryDaily?s=PSR,https://data.cnra.ca.gov/dataset/california-snow-data/resource/49baa289-3cc3-439a-af7a-727486dbf303
CDEC_snow_sensor_QUA,cdec_snow_sensor,CA DWR / CDEC / CCSS,CDEC,cdec_snow_sensor,CDEC snow sensor,QUA,QUAKING ASPEN,CA,,,,7200,36.117508,-118.539993,"36.117508, -118.539993",1981-11-13,1981,,,1981–present,active,,,,QUA,CA Dept of Water Resources/DFM-Hydro-SMN,,https://cdec.water.ca.gov/dynamicapp/staMeta?station_id=QUA,https://cdec.water.ca.gov/dynamicapp/QueryDaily?s=QUA,https://data.cnra.ca.gov/dataset/california-snow-data/resource/49baa289-3cc3-439a-af7a-727486dbf303
CDEC_snow_sensor_RTL,cdec_snow_sensor,CA DWR / CDEC / CCSS,CDEC,cdec_snow_sensor,CDEC snow sensor,RTL,RATTLESNAKE,CA,,,,6210,40.12791,-121.04397,"40.127910, -121.043970",1981-01-01,1981,,,1981–present,active,,,,RTL,.None Specified,,https://cdec.water.ca.gov/dynamicapp/staMeta?station_id=RTL,https://cdec.water.ca.gov/dynamicapp/QueryDaily?s=RTL,https://data.cnra.ca.gov/dataset/california-snow-data/resource/49baa289-3cc3-439a-af7a-727486dbf303
CDEC_snow_sensor_RRM,cdec_snow_sensor,CA DWR / CDEC / CCSS,CDEC,cdec_snow_sensor,CDEC snow sensor,RRM,RED ROCK MOUNTAIN,CA,,,,6700,41.023621,-122.886627,"41.023621, -122.886627",1986-12-03,1986,,,1986–present,active,,,,RRM,CA Dept of Water Resources/DFM-Hydro-SMN,,https://cdec.water.ca.gov/dynamicapp/staMeta?station_id=RRM,https://cdec.water.ca.gov/dynamicapp/QueryDaily?s=RRM,https://data.cnra.ca.gov/dataset/california-snow-data/resource/49baa289-3cc3-439a-af7a-727486dbf303
CDEC_snow_sensor_RBP,cdec_snow_sensor,CA DWR / CDEC / CCSS,CDEC,cdec_snow_sensor,CDEC snow sensor,RBP,ROBBS POWERHOUSE,CA,,,,5150,38.90238,-120.376543,"38.902380, -120.376543",1970-01-08,1970,,,1970–present,active,,,,RBP,.None Specified,,https://cdec.water.ca.gov/dynamicapp/staMeta?station_id=RBP,https://cdec.water.ca.gov/dynamicapp/QueryDaily?s=RBP,https://data.cnra.ca.gov/dataset/california-snow-data/resource/49baa289-3cc3-439a-af7a-727486dbf303
CDEC_snow_sensor_RBB,cdec_snow_sensor,CA DWR / CDEC / CCSS,CDEC,cdec_snow_sensor,CDEC snow sensor,RBB,ROBBS SADDLE,CA,,,,5900,38.911534,-120.379299,"38.911534, -120.379299",1973-11-05,1973,,,1973–present,active,,,,RBB,.None Specified,,https://cdec.water.ca.gov/dynamicapp/staMeta?station_id=RBB,https://cdec.water.ca.gov/dynamicapp/QueryDaily?s=RBB,https://data.cnra.ca.gov/dataset/california-snow-data/resource/49baa289-3cc3-439a-af7a-727486dbf303
CDEC_snow_sensor_RCC,cdec_snow_sensor,CA DWR / CDEC / CCSS,CDEC,cdec_snow_sensor,CDEC snow sensor,RCC,ROBINSON COW CAMP,CA,,,,6480,39.621864,-120.679871,"39.621864, -120.679871",2007-10-01,2007,,,2007–present,active,,,,RCC,CA Dept of Water Resources/DFM-Hydro-SMN,,https://cdec.water.ca.gov/dynamicapp/staMeta?station_id=RCC,https://cdec.water.ca.gov/dynamicapp/QueryDaily?s=RCC,https://data.cnra.ca.gov/dataset/california-snow-data/resource/49baa289-3cc3-439a-af7a-727486dbf303
CDEC_snow_sensor_RCK,cdec_snow_sensor,CA DWR / CDEC / CCSS,CDEC,cdec_snow_sensor,CDEC snow sensor,RCK,ROCK CREEK LAKES,CA,,,,9700,37.457275,-118.735024,"37.457275, -118.735024",1984-11-28,1984,,,1984–present,active,,,,RCK,CA Dept of Water Resources/DFM-Hydro-SMN,,https://cdec.water.ca.gov/dynamicapp/staMeta?station_id=RCK,https://cdec.water.ca.gov/dynamicapp/QueryDaily?s=RCK,https://data.cnra.ca.gov/dataset/california-snow-data/resource/49baa289-3cc3-439a-af7a-727486dbf303
CDEC_snow_sensor_RP2,cdec_snow_sensor,CA DWR / CDEC / CCSS,CDEC,cdec_snow_sensor,CDEC snow sensor,RP2,RUBICON PEAK 2,CA,,,,7500,39.001,-120.14,"39.001000, -120.140000",1989-02-26,1989,,,1989–present,active,,,,RP2,Natural Resources Conservation Service,,https://cdec.water.ca.gov/dynamicapp/staMeta?station_id=RP2,https://cdec.water.ca.gov/dynamicapp/QueryDaily?s=RP2,https://data.cnra.ca.gov/dataset/california-snow-data/resource/49baa289-3cc3-439a-af7a-727486dbf303
CDEC_snow_sensor_SDF,cdec_snow_sensor,CA DWR / CDEC / CCSS,CDEC,cdec_snow_sensor,CDEC snow sensor,SDF,SAND FLAT,CA,,,,6750,41.350239,-122.246529,"41.350239, -122.246529",1983-11-08,1983,,,1983–present,active,,,,SDF,CA Dept of Water Resources/DFM-Hydro-SMN,,https://cdec.water.ca.gov/dynamicapp/staMeta?station_id=SDF,https://cdec.water.ca.gov/dynamicapp/QueryDaily?s=SDF,https://data.cnra.ca.gov/dataset/california-snow-data/resource/49baa289-3cc3-439a-af7a-727486dbf303
CDEC_snow_sensor_SWM,cdec_snow_sensor,CA DWR / CDEC / CCSS,CDEC,cdec_snow_sensor,CDEC snow sensor,SWM,SAWMILL,CA,,,,10200,37.161964,-118.562592,"37.161964, -118.562592",1988-08-23,1988,,,1988–present,active,,,,SWM,CA Dept of Water Resources/DFM-Hydro-SMN,,https://cdec.water.ca.gov/dynamicapp/staMeta?station_id=SWM,https://cdec.water.ca.gov/dynamicapp/QueryDaily?s=SWM,https://data.cnra.ca.gov/dataset/california-snow-data/resource/49baa289-3cc3-439a-af7a-727486dbf303
CDEC_snow_sensor_SCN,cdec_snow_sensor,CA DWR / CDEC / CCSS,CDEC,cdec_snow_sensor,CDEC snow sensor,SCN,SCHNEIDERS,CA,,,,8750,38.747,-120.068,"38.747000, -120.068000",1972-01-14,1972,,,1972–present,active,,,,SCN,.None Specified,,https://cdec.water.ca.gov/dynamicapp/staMeta?station_id=SCN,https://cdec.water.ca.gov/dynamicapp/QueryDaily?s=SCN,https://data.cnra.ca.gov/dataset/california-snow-data/resource/49baa289-3cc3-439a-af7a-727486dbf303
CDEC_snow_sensor_SCT,cdec_snow_sensor,CA DWR / CDEC / CCSS,CDEC,cdec_snow_sensor,CDEC snow sensor,SCT,SCOTT MOUNTAIN,CA,,,,5900,41.272202,-122.719482,"41.272202, -122.719482",1985-11-08,1985,,,1985–present,active,,,,SCT,CA Dept of Water Resources/DFM-Hydro-SMN,,https://cdec.water.ca.gov/dynamicapp/staMeta?station_id=SCT,https://cdec.water.ca.gov/dynamicapp/QueryDaily?s=SCT,https://data.cnra.ca.gov/dataset/california-snow-data/resource/49baa289-3cc3-439a-af7a-727486dbf303
CDEC_snow_sensor_SHM,cdec_snow_sensor,CA DWR / CDEC / CCSS,CDEC,cdec_snow_sensor,CDEC snow sensor,SHM,SHIMMY LAKE,CA,,,,6400,41.005299,-122.801598,"41.005299, -122.801598",1985-11-09,1985,,,1985–present,active,,,,SHM,CA Dept of Water Resources/DFM-Hydro-SMN,,https://cdec.water.ca.gov/dynamicapp/staMeta?station_id=SHM,https://cdec.water.ca.gov/dynamicapp/QueryDaily?s=SHM,https://data.cnra.ca.gov/dataset/california-snow-data/resource/49baa289-3cc3-439a-af7a-727486dbf303
CDEC_snow_sensor_SIL,cdec_snow_sensor,CA DWR / CDEC / CCSS,CDEC,cdec_snow_sensor,CDEC snow sensor,SIL,SILVER LAKE,CA,,,,7100,38.679604,-120.118195,"38.679604, -120.118195",1986-12-31,1986,,,1986–present,active,,,,SIL,CA Dept of Water Resources/DFM-Hydro-SMN,,https://cdec.water.ca.gov/dynamicapp/staMeta?station_id=SIL,https://cdec.water.ca.gov/dynamicapp/QueryDaily?s=SIL,https://data.cnra.ca.gov/dataset/california-snow-data/resource/49baa289-3cc3-439a-af7a-727486dbf303
CDEC_snow_sensor_SLT,cdec_snow_sensor,CA DWR / CDEC / CCSS,CDEC,cdec_snow_sensor,CDEC snow sensor,SLT,SLATE CREEK,CA,,,,5700,41.04398,-122.480102,"41.043980, -122.480102",1982-11-18,1982,,,1982–present,active,,,,SLT,CA Dept of Water Resources/DFM-Hydro-SMN,,https://cdec.water.ca.gov/dynamicapp/staMeta?station_id=SLT,https://cdec.water.ca.gov/dynamicapp/QueryDaily?s=SLT,https://data.cnra.ca.gov/dataset/california-snow-data/resource/49baa289-3cc3-439a-af7a-727486dbf303
CDEC_snow_sensor_SLI,cdec_snow_sensor,CA DWR / CDEC / CCSS,CDEC,cdec_snow_sensor,CDEC snow sensor,SLI,SLIDE CANYON,CA,,,,9200,38.091234,-119.431881,"38.091234, -119.431881",1982-10-21,1982,,,1982–present,active,,,,SLI,Yosemite National Park,,https://cdec.water.ca.gov/dynamicapp/staMeta?station_id=SLI,https://cdec.water.ca.gov/dynamicapp/QueryDaily?s=SLI,https://data.cnra.ca.gov/dataset/california-snow-data/resource/49baa289-3cc3-439a-af7a-727486dbf303
CDEC_snow_sensor_SNM,cdec_snow_sensor,CA DWR / CDEC / CCSS,CDEC,cdec_snow_sensor,CDEC snow sensor,SNM,SNOW MOUNTAIN,CA,,,,5950,40.778809,-121.782677,"40.778809, -121.782677",1983-11-19,1983,,,1983–present,active,,,,SNM,CA Dept of Water Resources/DFM-Hydro-SMN,,https://cdec.water.ca.gov/dynamicapp/staMeta?station_id=SNM,https://cdec.water.ca.gov/dynamicapp/QueryDaily?s=SNM,https://data.cnra.ca.gov/dataset/california-snow-data/resource/49baa289-3cc3-439a-af7a-727486dbf303
CDEC_snow_sensor_SPS,cdec_snow_sensor,CA DWR / CDEC / CCSS,CDEC,cdec_snow_sensor,CDEC snow sensor,SPS,SONORA PASS BRIDGE,CA,,,,8750,38.318,-119.601,"38.318000, -119.601000",1970-01-04,1970,,,1970–present,active,,,,SPS,Natural Resources Conservation Service,,https://cdec.water.ca.gov/dynamicapp/staMeta?station_id=SPS,https://cdec.water.ca.gov/dynamicapp/QueryDaily?s=SPS,https://data.cnra.ca.gov/dataset/california-snow-data/resource/49baa289-3cc3-439a-af7a-727486dbf303
CDEC_snow_sensor_SLK,cdec_snow_sensor,CA DWR / CDEC / CCSS,CDEC,cdec_snow_sensor,CDEC snow sensor,SLK,SOUTH LAKE,CA,,,,9600,37.175903,-118.56266,"37.175903, -118.562660",1980-11-24,1980,,,1980–present,active,,,,SLK,CA Dept of Water Resources/DFM-Hydro-SMN,,https://cdec.water.ca.gov/dynamicapp/staMeta?station_id=SLK,https://cdec.water.ca.gov/dynamicapp/QueryDaily?s=SLK,https://data.cnra.ca.gov/dataset/california-snow-data/resource/49baa289-3cc3-439a-af7a-727486dbf303
CDEC_snow_sensor_SPT,cdec_snow_sensor,CA DWR / CDEC / CCSS,CDEC,cdec_snow_sensor,CDEC snow sensor,SPT,SPRATT CREEK,CA,,,,6150,38.66627,-119.81742,"38.666270, -119.817420",1985-11-10,1985,,,1985–present,active,,,,SPT,Natural Resources Conservation Service,,https://cdec.water.ca.gov/dynamicapp/staMeta?station_id=SPT,https://cdec.water.ca.gov/dynamicapp/QueryDaily?s=SPT,https://data.cnra.ca.gov/dataset/california-snow-data/resource/49baa289-3cc3-439a-af7a-727486dbf303
CDEC_snow_sensor_SLM,cdec_snow_sensor,CA DWR / CDEC / CCSS,CDEC,cdec_snow_sensor,CDEC snow sensor,SLM,STANISLAUS MEADOW,CA,,,,7750,38.5055,-119.9373,"38.505500, -119.937300",1987-01-01,1987,,,1987–present,active,,,,SLM,CA Dept of Water Resources/DFM-Hydro-SMN,,https://cdec.water.ca.gov/dynamicapp/staMeta?station_id=SLM,https://cdec.water.ca.gov/dynamicapp/QueryDaily?s=SLM,https://data.cnra.ca.gov/dataset/california-snow-data/resource/49baa289-3cc3-439a-af7a-727486dbf303
CDEC_snow_sensor_STL,cdec_snow_sensor,CA DWR / CDEC / CCSS,CDEC,cdec_snow_sensor,CDEC snow sensor,STL,STATE LAKES,CA,,,,10400,36.926483,-118.57325,"36.926483, -118.573250",1970-01-01,1970,,,1970–present,active,,,,STL,Sierra Hydrographics,,https://cdec.water.ca.gov/dynamicapp/staMeta?station_id=STL,https://cdec.water.ca.gov/dynamicapp/QueryDaily?s=STL,https://data.cnra.ca.gov/dataset/california-snow-data/resource/49baa289-3cc3-439a-af7a-727486dbf303
CDEC_snow_sensor_STM,cdec_snow_sensor,CA DWR / CDEC / CCSS,CDEC,cdec_snow_sensor,CDEC snow sensor,STM,STOUTS MEADOW,CA,,,,5400,41.16914,-121.939827,"41.169140, -121.939827",1983-11-15,1983,,,1983–present,active,,,,STM,CA Dept of Water Resources/DFM-Hydro-SMN,,https://cdec.water.ca.gov/dynamicapp/staMeta?station_id=STM,https://cdec.water.ca.gov/dynamicapp/QueryDaily?s=STM,https://data.cnra.ca.gov/dataset/california-snow-data/resource/49baa289-3cc3-439a-af7a-727486dbf303
CDEC_snow_sensor_SDW,cdec_snow_sensor,CA DWR / CDEC / CCSS,CDEC,cdec_snow_sensor,CDEC snow sensor,SDW,SUMMIT MEADOW,CA,,,,9313,38.3975,-119.5356,"38.397500, -119.535600",2005-01-26,2005,,,2005–present,active,,,,SDW,Natural Resources Conservation Service,,https://cdec.water.ca.gov/dynamicapp/staMeta?station_id=SDW,https://cdec.water.ca.gov/dynamicapp/QueryDaily?s=SDW,https://data.cnra.ca.gov/dataset/california-snow-data/resource/49baa289-3cc3-439a-af7a-727486dbf303
CDEC_snow_sensor_SSM,cdec_snow_sensor,CA DWR / CDEC / CCSS,CDEC,cdec_snow_sensor,CDEC snow sensor,SSM,SUNNYSIDE MEADOW,CA,,,,6300,39.698132,-120.782211,"39.698132, -120.782211",2019-12-01,2019,,,2019–present,active,,,,SSM,Yuba Water Agency,,https://cdec.water.ca.gov/dynamicapp/staMeta?station_id=SSM,https://cdec.water.ca.gov/dynamicapp/QueryDaily?s=SSM,https://data.cnra.ca.gov/dataset/california-snow-data/resource/49baa289-3cc3-439a-af7a-727486dbf303
CDEC_snow_sensor_TCC,cdec_snow_sensor,CA DWR / CDEC / CCSS,CDEC,cdec_snow_sensor,CDEC snow sensor,TCC,TAHOE CITY CROSS,CA,,,,6750,39.171439,-120.154658,"39.171439, -120.154658",1982-01-01,1982,,,1982–present,active,,,,TCC,Natural Resources Conservation Service,,https://cdec.water.ca.gov/dynamicapp/staMeta?station_id=TCC,https://cdec.water.ca.gov/dynamicapp/QueryDaily?s=TCC,https://data.cnra.ca.gov/dataset/california-snow-data/resource/49baa289-3cc3-439a-af7a-727486dbf303
CDEC_snow_sensor_TMR,cdec_snow_sensor,CA DWR / CDEC / CCSS,CDEC,cdec_snow_sensor,CDEC snow sensor,TMR,TAMARACK SUMMIT,CA,,,,7550,37.16375,-119.200531,"37.163750, -119.200531",1980-12-03,1980,,,1980–present,active,,,,TMR,CA Dept of Water Resources/DFM-Hydro-SMN,,https://cdec.water.ca.gov/dynamicapp/staMeta?station_id=TMR,https://cdec.water.ca.gov/dynamicapp/QueryDaily?s=TMR,https://data.cnra.ca.gov/dataset/california-snow-data/resource/49baa289-3cc3-439a-af7a-727486dbf303
CDEC_snow_sensor_TNY,cdec_snow_sensor,CA DWR / CDEC / CCSS,CDEC,cdec_snow_sensor,CDEC snow sensor,TNY,TENAYA LAKE,CA,,,,8150,37.837581,-119.449875,"37.837581, -119.449875",1998-11-01,1998,,,1998–present,active,,,,TNY,CA Dept of Water Resources/DFM-Hydro-SMN,,https://cdec.water.ca.gov/dynamicapp/staMeta?station_id=TNY,https://cdec.water.ca.gov/dynamicapp/QueryDaily?s=TNY,https://data.cnra.ca.gov/dataset/california-snow-data/resource/49baa289-3cc3-439a-af7a-727486dbf303
CDEC_snow_sensor_TK2,cdec_snow_sensor,CA DWR / CDEC / CCSS,CDEC,cdec_snow_sensor,CDEC snow sensor,TK2,TRUCKEE 2,CA,,,,6400,39.3,-120.194,"39.300000, -120.194000",1980-10-02,1980,,,1980–present,active,,,,TK2,Natural Resources Conservation Service,,https://cdec.water.ca.gov/dynamicapp/staMeta?station_id=TK2,https://cdec.water.ca.gov/dynamicapp/QueryDaily?s=TK2,https://data.cnra.ca.gov/dataset/california-snow-data/resource/49baa289-3cc3-439a-af7a-727486dbf303
CDEC_snow_sensor_TUN,cdec_snow_sensor,CA DWR / CDEC / CCSS,CDEC,cdec_snow_sensor,CDEC snow sensor,TUN,TUNNEL GUARD STATION,CA,,,,8900,36.366349,-118.289116,"36.366349, -118.289116",1983-11-10,1983,,,1983–present,active,,,,TUN,CA Dept of Water Resources/DFM-Hydro-SMN,,https://cdec.water.ca.gov/dynamicapp/staMeta?station_id=TUN,https://cdec.water.ca.gov/dynamicapp/QueryDaily?s=TUN,https://data.cnra.ca.gov/dataset/california-snow-data/resource/49baa289-3cc3-439a-af7a-727486dbf303
CDEC_snow_sensor_TUM,cdec_snow_sensor,CA DWR / CDEC / CCSS,CDEC,cdec_snow_sensor,CDEC snow sensor,TUM,TUOLUMNE MEADOWS,CA,,,,8600,37.876406,-119.348096,"37.876406, -119.348096",1979-11-25,1979,,,1979–present,active,,,,TUM,CA Dept of Water Resources/DFM-Hydro-SMN,,https://cdec.water.ca.gov/dynamicapp/staMeta?station_id=TUM,https://cdec.water.ca.gov/dynamicapp/QueryDaily?s=TUM,https://data.cnra.ca.gov/dataset/california-snow-data/resource/49baa289-3cc3-439a-af7a-727486dbf303
CDEC_snow_sensor_UBC,cdec_snow_sensor,CA DWR / CDEC / CCSS,CDEC,cdec_snow_sensor,CDEC snow sensor,UBC,UPPER BURNT CORRAL,CA,,,,9700,37.183296,-118.938294,"37.183296, -118.938294",1986-12-06,1986,,,1986–present,active,,,,UBC,CA Dept of Water Resources/DFM-Hydro-SMN,,https://cdec.water.ca.gov/dynamicapp/staMeta?station_id=UBC,https://cdec.water.ca.gov/dynamicapp/QueryDaily?s=UBC,https://data.cnra.ca.gov/dataset/california-snow-data/resource/49baa289-3cc3-439a-af7a-727486dbf303
CDEC_snow_sensor_UTY,cdec_snow_sensor,CA DWR / CDEC / CCSS,CDEC,cdec_snow_sensor,CDEC snow sensor,UTY,UPPER TYNDALL CREEK,CA,,,,11500,36.647183,-118.397283,"36.647183, -118.397283",1970-01-01,1970,,,1970–present,active,,,,UTY,Sierra Hydrographics,,https://cdec.water.ca.gov/dynamicapp/staMeta?station_id=UTY,https://cdec.water.ca.gov/dynamicapp/QueryDaily?s=UTY,https://data.cnra.ca.gov/dataset/california-snow-data/resource/49baa289-3cc3-439a-af7a-727486dbf303
CDEC_snow_sensor_VVL,cdec_snow_sensor,CA DWR / CDEC / CCSS,CDEC,cdec_snow_sensor,CDEC snow sensor,VVL,VAN VLECK,CA,,,,6700,38.943947,-120.306058,"38.943947, -120.306058",1972-01-14,1972,,,1972–present,active,,,,VVL,.None Specified,,https://cdec.water.ca.gov/dynamicapp/staMeta?station_id=VVL,https://cdec.water.ca.gov/dynamicapp/QueryDaily?s=VVL,https://data.cnra.ca.gov/dataset/california-snow-data/resource/49baa289-3cc3-439a-af7a-727486dbf303
CDEC_snow_sensor_VRG,cdec_snow_sensor,CA DWR / CDEC / CCSS,CDEC,cdec_snow_sensor,CDEC snow sensor,VRG,VIRGINIA LAKES RIDGE,CA,,,,9300,38.077,-119.234,"38.077000, -119.234000",1970-01-04,1970,,,1970–present,active,,,,VRG,Natural Resources Conservation Service,,https://cdec.water.ca.gov/dynamicapp/staMeta?station_id=VRG,https://cdec.water.ca.gov/dynamicapp/QueryDaily?s=VRG,https://data.cnra.ca.gov/dataset/california-snow-data/resource/49baa289-3cc3-439a-af7a-727486dbf303
CDEC_snow_sensor_VLC,cdec_snow_sensor,CA DWR / CDEC / CCSS,CDEC,cdec_snow_sensor,CDEC snow sensor,VLC,VOLCANIC KNOB,CA,,,,10050,37.387859,-118.905037,"37.387859, -118.905037",1989-11-29,1989,,,1989–present,active,,,,VLC,CA Dept of Water Resources/DFM-Hydro-SMN,,https://cdec.water.ca.gov/dynamicapp/staMeta?station_id=VLC,https://cdec.water.ca.gov/dynamicapp/QueryDaily?s=VLC,https://data.cnra.ca.gov/dataset/california-snow-data/resource/49baa289-3cc3-439a-af7a-727486dbf303
CDEC_snow_sensor_WC3,cdec_snow_sensor,CA DWR / CDEC / CCSS,CDEC,cdec_snow_sensor,CDEC snow sensor,WC3,WARD CREEK 3,CA,,,,6750,39.135574,-120.218678,"39.135574, -120.218678",1989-02-26,1989,,,1989–present,active,,,,WC3,Natural Resources Conservation Service,,https://cdec.water.ca.gov/dynamicapp/staMeta?station_id=WC3,https://cdec.water.ca.gov/dynamicapp/QueryDaily?s=WC3,https://data.cnra.ca.gov/dataset/california-snow-data/resource/49baa289-3cc3-439a-af7a-727486dbf303
CDEC_snow_sensor_WWC,cdec_snow_sensor,CA DWR / CDEC / CCSS,CDEC,cdec_snow_sensor,CDEC snow sensor,WWC,WEST WOODCHUCK MEADOW,CA,,,,9100,37.031033,-118.914783,"37.031033, -118.914783",1970-01-01,1970,,,1970–present,active,,,,WWC,Sierra Hydrographics,,https://cdec.water.ca.gov/dynamicapp/staMeta?station_id=WWC,https://cdec.water.ca.gov/dynamicapp/QueryDaily?s=WWC,https://data.cnra.ca.gov/dataset/california-snow-data/resource/49baa289-3cc3-439a-af7a-727486dbf303
CDEC_snow_sensor_WTM,cdec_snow_sensor,CA DWR / CDEC / CCSS,CDEC,cdec_snow_sensor,CDEC snow sensor,WTM,WET MEADOWS,CA,,,,9039,36.349633,-118.571667,"36.349633, -118.571667",1988-12-01,1988,,,1988–present,active,,,,WTM,Sierra Hydrographics,,https://cdec.water.ca.gov/dynamicapp/staMeta?station_id=WTM,https://cdec.water.ca.gov/dynamicapp/QueryDaily?s=WTM,https://data.cnra.ca.gov/dataset/california-snow-data/resource/49baa289-3cc3-439a-af7a-727486dbf303
CDEC_snow_sensor_WHW,cdec_snow_sensor,CA DWR / CDEC / CCSS,CDEC,cdec_snow_sensor,CDEC snow sensor,WHW,WHITE WOLF,CA,,,,7900,37.859445,-119.651607,"37.859445, -119.651607",2007-10-25,2007,,,2007–present,active,,,,WHW,.None Specified,,https://cdec.water.ca.gov/dynamicapp/staMeta?station_id=WHW,https://cdec.water.ca.gov/dynamicapp/QueryDaily?s=WHW,https://data.cnra.ca.gov/dataset/california-snow-data/resource/49baa289-3cc3-439a-af7a-727486dbf303
NRCS_snotel_301,nrcs_snotel,USDA NRCS NWCC,NRCS NWCC,snotel,SNOTEL,301,Adin Mtn,CA,Modoc,,180200021403,6170,41.23583,-120.7919,"41.235830, -120.791900",1983-10-01,1983,,,1983–present,active,301,301:CA:SNTL,ADMC1,,USDA NRCS NWCC,,https://wcc.sc.egov.usda.gov/nwcc/site?sitenum=301,https://wcc.sc.egov.usda.gov/nwcc/site?sitenum=301,https://services.arcgis.com/SXbDpmb7xQkk44JV/ArcGIS/rest/services/stations_SNTL_ACTIVE/FeatureServer/0
NRCS_snotel_356,nrcs_snotel,USDA NRCS NWCC,NRCS NWCC,snotel,SNOTEL,356,Blue Lakes,CA,Alpine,,180400120101,8060,38.60801,-119.9246,"38.608010, -119.924600",1980-10-01,1980,,,1980–present,active,356,356:CA:SNTL,BLAC1,,USDA NRCS NWCC,,https://wcc.sc.egov.usda.gov/nwcc/site?sitenum=356,https://wcc.sc.egov.usda.gov/nwcc/site?sitenum=356,https://services.arcgis.com/SXbDpmb7xQkk44JV/ArcGIS/rest/services/stations_SNTL_ACTIVE/FeatureServer/0
NRCS_snotel_1051,nrcs_snotel,USDA NRCS NWCC,NRCS NWCC,snotel,SNOTEL,1051,Burnside Lake,CA,Alpine,,160502010107,8180,38.71943,-119.8942,"38.719430, -119.894200",2003-10-01,2003,,,2003–present,active,1051,1051:CA:SNTL,BSKC1,,USDA NRCS NWCC,,https://wcc.sc.egov.usda.gov/nwcc/site?sitenum=1051,https://wcc.sc.egov.usda.gov/nwcc/site?sitenum=1051,https://services.arcgis.com/SXbDpmb7xQkk44JV/ArcGIS/rest/services/stations_SNTL_ACTIVE/FeatureServer/0
NRCS_snotel_1067,nrcs_snotel,USDA NRCS NWCC,NRCS NWCC,snotel,SNOTEL,1067,Carson Pass,CA,Alpine,,180201290101,8360,38.6927,-120.0022,"38.692700, -120.002200",2004-10-01,2004,,,2004–present,active,1067,1067:CA:SNTL,CXSC1,,USDA NRCS NWCC,,https://wcc.sc.egov.usda.gov/nwcc/site?sitenum=1067,https://wcc.sc.egov.usda.gov/nwcc/site?sitenum=1067,https://services.arcgis.com/SXbDpmb7xQkk44JV/ArcGIS/rest/services/stations_SNTL_ACTIVE/FeatureServer/0
NRCS_snotel_391,nrcs_snotel,USDA NRCS NWCC,NRCS NWCC,snotel,SNOTEL,391,Cedar Pass,CA,Modoc,,180200020603,7060,41.58216,-120.3025,"41.582160, -120.302500",1977-10-01,1977,,,1977–present,active,391,391:CA:SNTL,CDRC1,,USDA NRCS NWCC,,https://wcc.sc.egov.usda.gov/nwcc/site?sitenum=391,https://wcc.sc.egov.usda.gov/nwcc/site?sitenum=391,https://services.arcgis.com/SXbDpmb7xQkk44JV/ArcGIS/rest/services/stations_SNTL_ACTIVE/FeatureServer/0
NRCS_snotel_977,nrcs_snotel,USDA NRCS NWCC,NRCS NWCC,snotel,SNOTEL,977,Crowder Flat,CA,Modoc,,180102040103,5180,41.89318,-120.752,"41.893180, -120.752000",1999-10-01,1999,,,1999–present,active,977,977:CA:SNTL,CRWC1,,USDA NRCS NWCC,,https://wcc.sc.egov.usda.gov/nwcc/site?sitenum=977,https://wcc.sc.egov.usda.gov/nwcc/site?sitenum=977,https://services.arcgis.com/SXbDpmb7xQkk44JV/ArcGIS/rest/services/stations_SNTL_ACTIVE/FeatureServer/0
NRCS_snotel_428,nrcs_snotel,USDA NRCS NWCC,NRCS NWCC,snotel,SNOTEL,428,Css Lab,CA,Nevada,,180201250602,6890,39.32565,-120.3681,"39.325650, -120.368100",1980-10-01,1980,,,1980–present,active,428,428:CA:SNTL,CSSC1,,USDA NRCS NWCC,,https://wcc.sc.egov.usda.gov/nwcc/site?sitenum=428,https://wcc.sc.egov.usda.gov/nwcc/site?sitenum=428,https://services.arcgis.com/SXbDpmb7xQkk44JV/ArcGIS/rest/services/stations_SNTL_ACTIVE/FeatureServer/0
NRCS_snotel_446,nrcs_snotel,USDA NRCS NWCC,NRCS NWCC,snotel,SNOTEL,446,Dismal Swamp,CA,Modoc,,171200070304,7370,41.99127,-120.1803,"41.991270, -120.180300",1979-10-01,1979,,,1979–present,active,446,446:CA:SNTL,DMLC1,,USDA NRCS NWCC,,https://wcc.sc.egov.usda.gov/nwcc/site?sitenum=446,https://wcc.sc.egov.usda.gov/nwcc/site?sitenum=446,https://services.arcgis.com/SXbDpmb7xQkk44JV/ArcGIS/rest/services/stations_SNTL_ACTIVE/FeatureServer/0
NRCS_snotel_462,nrcs_snotel,USDA NRCS NWCC,NRCS NWCC,snotel,SNOTEL,462,Ebbetts Pass,CA,Alpine,,160502010104,8660,38.5497,-119.8047,"38.549700, -119.804700",1978-10-01,1978,,,1978–present,active,462,462:CA:SNTL,EBTC1,,USDA NRCS NWCC,,https://wcc.sc.egov.usda.gov/nwcc/site?sitenum=462,https://wcc.sc.egov.usda.gov/nwcc/site?sitenum=462,https://services.arcgis.com/SXbDpmb7xQkk44JV/ArcGIS/rest/services/stations_SNTL_ACTIVE/FeatureServer/0
NRCS_snotel_463,nrcs_snotel,USDA NRCS NWCC,NRCS NWCC,snotel,SNOTEL,463,Echo Peak,CA,El Dorado,,160501010303,7650,38.849,-120.0795,"38.849000, -120.079500",1980-10-01,1980,,,1980–present,active,463,463:CA:SNTL,ECOC1,,USDA NRCS NWCC,,https://wcc.sc.egov.usda.gov/nwcc/site?sitenum=463,https://wcc.sc.egov.usda.gov/nwcc/site?sitenum=463,https://services.arcgis.com/SXbDpmb7xQkk44JV/ArcGIS/rest/services/stations_SNTL_ACTIVE/FeatureServer/0
NRCS_snotel_473,nrcs_snotel,USDA NRCS NWCC,NRCS NWCC,snotel,SNOTEL,473,Fallen Leaf,CA,El Dorado,,160501010401,6250,38.93403,-120.0545,"38.934030, -120.054500",1979-10-01,1979,,,1979–present,active,473,473:CA:SNTL,FLFC1,,USDA NRCS NWCC,,https://wcc.sc.egov.usda.gov/nwcc/site?sitenum=473,https://wcc.sc.egov.usda.gov/nwcc/site?sitenum=473,https://services.arcgis.com/SXbDpmb7xQkk44JV/ArcGIS/rest/services/stations_SNTL_ACTIVE/FeatureServer/0
NRCS_snotel_1049,nrcs_snotel,USDA NRCS NWCC,NRCS NWCC,snotel,SNOTEL,1049,Forestdale Creek,CA,Alpine,,160502010301,8050,38.68245,-119.9597,"38.682450, -119.959700",2003-10-01,2003,,,2003–present,active,1049,1049:CA:SNTL,FDCC1,,USDA NRCS NWCC,,https://wcc.sc.egov.usda.gov/nwcc/site?sitenum=1049,https://wcc.sc.egov.usda.gov/nwcc/site?sitenum=1049,https://services.arcgis.com/SXbDpmb7xQkk44JV/ArcGIS/rest/services/stations_SNTL_ACTIVE/FeatureServer/0
NRCS_snotel_1277,nrcs_snotel,USDA NRCS NWCC,NRCS NWCC,snotel,SNOTEL,1277,Fredonyer Peak,CA,Lassen,,180800030304,7220,40.68799,-120.608,"40.687990, -120.608000",2016-10-07,2016,,,2016–present,active,1277,1277:CA:SNTL,FPKC1,,USDA NRCS NWCC,,https://wcc.sc.egov.usda.gov/nwcc/site?sitenum=1277,https://wcc.sc.egov.usda.gov/nwcc/site?sitenum=1277,https://services.arcgis.com/SXbDpmb7xQkk44JV/ArcGIS/rest/services/stations_SNTL_ACTIVE/FeatureServer/0
NRCS_snotel_508,nrcs_snotel,USDA NRCS NWCC,NRCS NWCC,snotel,SNOTEL,508,Hagans Meadow,CA,El Dorado,,160501010302,7740,38.8519,-119.9374,"38.851900, -119.937400",1978-10-01,1978,,,1978–present,active,508,508:CA:SNTL,HGNC1,,USDA NRCS NWCC,,https://wcc.sc.egov.usda.gov/nwcc/site?sitenum=508,https://wcc.sc.egov.usda.gov/nwcc/site?sitenum=508,https://services.arcgis.com/SXbDpmb7xQkk44JV/ArcGIS/rest/services/stations_SNTL_ACTIVE/FeatureServer/0
NRCS_snotel_518,nrcs_snotel,USDA NRCS NWCC,NRCS NWCC,snotel,SNOTEL,518,Heavenly Valley,CA,El Dorado,,160501010302,8540,38.92431,-119.9164,"38.924310, -119.916400",1978-10-01,1978,,,1978–present,active,518,518:CA:SNTL,HVNC1,,USDA NRCS NWCC,,https://wcc.sc.egov.usda.gov/nwcc/site?sitenum=518,https://wcc.sc.egov.usda.gov/nwcc/site?sitenum=518,https://services.arcgis.com/SXbDpmb7xQkk44JV/ArcGIS/rest/services/stations_SNTL_ACTIVE/FeatureServer/0
NRCS_snotel_1050,nrcs_snotel,USDA NRCS NWCC,NRCS NWCC,snotel,SNOTEL,1050,Horse Meadow,CA,Alpine,,160502010302,8580,38.83652,-119.8873,"38.836520, -119.887300",2003-10-10,2003,,,2003–present,active,1050,1050:CA:SNTL,HORC1,,USDA NRCS NWCC,,https://wcc.sc.egov.usda.gov/nwcc/site?sitenum=1050,https://wcc.sc.egov.usda.gov/nwcc/site?sitenum=1050,https://services.arcgis.com/SXbDpmb7xQkk44JV/ArcGIS/rest/services/stations_SNTL_ACTIVE/FeatureServer/0
NRCS_snotel_539,nrcs_snotel,USDA NRCS NWCC,NRCS NWCC,snotel,SNOTEL,539,Independence Camp,CA,Sierra,,160501020102,6970,39.45269,-120.2937,"39.452690, -120.293700",1978-10-01,1978,,,1978–present,active,539,539:CA:SNTL,ICPC1,,USDA NRCS NWCC,,https://wcc.sc.egov.usda.gov/nwcc/site?sitenum=539,https://wcc.sc.egov.usda.gov/nwcc/site?sitenum=539,https://services.arcgis.com/SXbDpmb7xQkk44JV/ArcGIS/rest/services/stations_SNTL_ACTIVE/FeatureServer/0
NRCS_snotel_540,nrcs_snotel,USDA NRCS NWCC,NRCS NWCC,snotel,SNOTEL,540,Independence Creek,CA,Sierra,,160501020102,6440,39.49001,-120.2823,"39.490010, -120.282300",1980-10-01,1980,,,1980–present,active,540,540:CA:SNTL,ICKC1,,USDA NRCS NWCC,,https://wcc.sc.egov.usda.gov/nwcc/site?sitenum=540,https://wcc.sc.egov.usda.gov/nwcc/site?sitenum=540,https://services.arcgis.com/SXbDpmb7xQkk44JV/ArcGIS/rest/services/stations_SNTL_ACTIVE/FeatureServer/0
NRCS_snotel_541,nrcs_snotel,USDA NRCS NWCC,NRCS NWCC,snotel,SNOTEL,541,Independence Lake,CA,Nevada,,160501020104,8340,39.42752,-120.3134,"39.427520, -120.313400",1978-10-01,1978,,,1978–present,active,541,541:CA:SNTL,ILKC1,,USDA NRCS NWCC,,https://wcc.sc.egov.usda.gov/nwcc/site?sitenum=541,https://wcc.sc.egov.usda.gov/nwcc/site?sitenum=541,https://services.arcgis.com/SXbDpmb7xQkk44JV/ArcGIS/rest/services/stations_SNTL_ACTIVE/FeatureServer/0
NRCS_snotel_574,nrcs_snotel,USDA NRCS NWCC,NRCS NWCC,snotel,SNOTEL,574,Leavitt Lake,CA,Mono,,160503020104,9600,38.27594,-119.6128,"38.275940, -119.612800",1989-10-01,1989,,,1989–present,active,574,574:CA:SNTL,LELC1,,USDA NRCS NWCC,,https://wcc.sc.egov.usda.gov/nwcc/site?sitenum=574,https://wcc.sc.egov.usda.gov/nwcc/site?sitenum=574,https://services.arcgis.com/SXbDpmb7xQkk44JV/ArcGIS/rest/services/stations_SNTL_ACTIVE/FeatureServer/0
NRCS_snotel_575,nrcs_snotel,USDA NRCS NWCC,NRCS NWCC,snotel,SNOTEL,575,Leavitt Meadows,CA,Mono,,160503020104,7200,38.30367,-119.5511,"38.303670, -119.551100",1980-10-01,1980,,,1980–present,active,575,575:CA:SNTL,LVTC1,,USDA NRCS NWCC,,https://wcc.sc.egov.usda.gov/nwcc/site?sitenum=575,https://wcc.sc.egov.usda.gov/nwcc/site?sitenum=575,https://services.arcgis.com/SXbDpmb7xQkk44JV/ArcGIS/rest/services/stations_SNTL_ACTIVE/FeatureServer/0
NRCS_snotel_587,nrcs_snotel,USDA NRCS NWCC,NRCS NWCC,snotel,SNOTEL,587,Lobdell Lake,CA,Mono,,160503020201,9260,38.43745,-119.3657,"38.437450, -119.365700",1978-10-01,1978,,,1978–present,active,587,587:CA:SNTL,LOBC1,,USDA NRCS NWCC,,https://wcc.sc.egov.usda.gov/nwcc/site?sitenum=587,https://wcc.sc.egov.usda.gov/nwcc/site?sitenum=587,https://services.arcgis.com/SXbDpmb7xQkk44JV/ArcGIS/rest/services/stations_SNTL_ACTIVE/FeatureServer/0
NRCS_snotel_1331,nrcs_snotel,USDA NRCS NWCC,NRCS NWCC,snotel,SNOTEL,1331,Lost Lakes,CA,Alpine,,160502010301,8640,38.64745,-119.9514,"38.647450, -119.951400",2024-09-16,2024,,,2024–present,active,1331,1331:CA:SNTL,LLXC1,,USDA NRCS NWCC,,https://wcc.sc.egov.usda.gov/nwcc/site?sitenum=1331,https://wcc.sc.egov.usda.gov/nwcc/site?sitenum=1331,https://services.arcgis.com/SXbDpmb7xQkk44JV/ArcGIS/rest/services/stations_SNTL_ACTIVE/FeatureServer/0
NRCS_snotel_633,nrcs_snotel,USDA NRCS NWCC,NRCS NWCC,snotel,SNOTEL,633,Monitor Pass,CA,Alpine,,160502010201,8320,38.6683,-119.6087,"38.668300, -119.608700",1990-10-01,1990,,,1990–present,active,633,633:CA:SNTL,MNPC1,,USDA NRCS NWCC,,https://wcc.sc.egov.usda.gov/nwcc/site?sitenum=633,https://wcc.sc.egov.usda.gov/nwcc/site?sitenum=633,https://services.arcgis.com/SXbDpmb7xQkk44JV/ArcGIS/rest/services/stations_SNTL_ACTIVE/FeatureServer/0
NRCS_snotel_784,nrcs_snotel,USDA NRCS NWCC,NRCS NWCC,snotel,SNOTEL,784,Palisades Tahoe,CA,Placer,,160501020202,8010,39.18986,-120.2658,"39.189860, -120.265800",1979-10-01,1979,,,1979–present,active,784,784:CA:SNTL,SQWC1,,USDA NRCS NWCC,,https://wcc.sc.egov.usda.gov/nwcc/site?sitenum=784,https://wcc.sc.egov.usda.gov/nwcc/site?sitenum=784,https://services.arcgis.com/SXbDpmb7xQkk44JV/ArcGIS/rest/services/stations_SNTL_ACTIVE/FeatureServer/0
NRCS_snotel_697,nrcs_snotel,USDA NRCS NWCC,NRCS NWCC,snotel,SNOTEL,697,Poison Flat,CA,Alpine,,160502010102,7730,38.50576,-119.6262,"38.505760, -119.626200",1980-10-01,1980,,,1980–present,active,697,697:CA:SNTL,XXXC1,,USDA NRCS NWCC,,https://wcc.sc.egov.usda.gov/nwcc/site?sitenum=697,https://wcc.sc.egov.usda.gov/nwcc/site?sitenum=697,https://services.arcgis.com/SXbDpmb7xQkk44JV/ArcGIS/rest/services/stations_SNTL_ACTIVE/FeatureServer/0
NRCS_snotel_724,nrcs_snotel,USDA NRCS NWCC,NRCS NWCC,snotel,SNOTEL,724,Rubicon #2,CA,El Dorado,,160501010402,7560,38.99927,-120.1314,"38.999270, -120.131400",1980-10-01,1980,,,1980–present,active,724,724:CA:SNTL,RUBC1,,USDA NRCS NWCC,,https://wcc.sc.egov.usda.gov/nwcc/site?sitenum=724,https://wcc.sc.egov.usda.gov/nwcc/site?sitenum=724,https://services.arcgis.com/SXbDpmb7xQkk44JV/ArcGIS/rest/services/stations_SNTL_ACTIVE/FeatureServer/0
NRCS_snotel_771,nrcs_snotel,USDA NRCS NWCC,NRCS NWCC,snotel,SNOTEL,771,Sonora Pass,CA,Mono,,160503020104,8770,38.31021,-119.6003,"38.310210, -119.600300",1978-10-01,1978,,,1978–present,active,771,771:CA:SNTL,SRAC1,,USDA NRCS NWCC,,https://wcc.sc.egov.usda.gov/nwcc/site?sitenum=771,https://wcc.sc.egov.usda.gov/nwcc/site?sitenum=771,https://services.arcgis.com/SXbDpmb7xQkk44JV/ArcGIS/rest/services/stations_SNTL_ACTIVE/FeatureServer/0
NRCS_snotel_778,nrcs_snotel,USDA NRCS NWCC,NRCS NWCC,snotel,SNOTEL,778,Spratt Creek,CA,Alpine,,160502010107,6060,38.66627,-119.8174,"38.666270, -119.817400",1983-10-01,1983,,,1983–present,active,778,778:CA:SNTL,SPCC1,,USDA NRCS NWCC,,https://wcc.sc.egov.usda.gov/nwcc/site?sitenum=778,https://wcc.sc.egov.usda.gov/nwcc/site?sitenum=778,https://services.arcgis.com/SXbDpmb7xQkk44JV/ArcGIS/rest/services/stations_SNTL_ACTIVE/FeatureServer/0
NRCS_snotel_1258,nrcs_snotel,USDA NRCS NWCC,NRCS NWCC,snotel,SNOTEL,1258,State Line,CA,Modoc,,180102040201,5690,41.98609,-120.7157,"41.986090, -120.715700",2014-06-17,2014,,,2014–present,active,1258,1258:CA:SNTL,TATC1,,USDA NRCS NWCC,,https://wcc.sc.egov.usda.gov/nwcc/site?sitenum=1258,https://wcc.sc.egov.usda.gov/nwcc/site?sitenum=1258,https://services.arcgis.com/SXbDpmb7xQkk44JV/ArcGIS/rest/services/stations_SNTL_ACTIVE/FeatureServer/0
NRCS_snotel_1052,nrcs_snotel,USDA NRCS NWCC,NRCS NWCC,snotel,SNOTEL,1052,Summit Meadow,CA,Mono,,160503020203,9360,38.39747,-119.5352,"38.397470, -119.535200",2003-10-01,2003,,,2003–present,active,1052,1052:CA:SNTL,SDWC1,,USDA NRCS NWCC,,https://wcc.sc.egov.usda.gov/nwcc/site?sitenum=1052,https://wcc.sc.egov.usda.gov/nwcc/site?sitenum=1052,https://services.arcgis.com/SXbDpmb7xQkk44JV/ArcGIS/rest/services/stations_SNTL_ACTIVE/FeatureServer/0
NRCS_snotel_809,nrcs_snotel,USDA NRCS NWCC,NRCS NWCC,snotel,SNOTEL,809,Tahoe City Cross,CA,Placer,,160501010101,6760,39.17162,-120.1536,"39.171620, -120.153600",1980-10-01,1980,,,1980–present,active,809,809:CA:SNTL,THOC1,,USDA NRCS NWCC,,https://wcc.sc.egov.usda.gov/nwcc/site?sitenum=809,https://wcc.sc.egov.usda.gov/nwcc/site?sitenum=809,https://services.arcgis.com/SXbDpmb7xQkk44JV/ArcGIS/rest/services/stations_SNTL_ACTIVE/FeatureServer/0
NRCS_snotel_834,nrcs_snotel,USDA NRCS NWCC,NRCS NWCC,snotel,SNOTEL,834,Truckee #2,CA,Placer,,160501020204,6500,39.30087,-120.1841,"39.300870, -120.184100",1980-10-01,1980,,,1980–present,active,834,834:CA:SNTL,TRUC1,,USDA NRCS NWCC,,https://wcc.sc.egov.usda.gov/nwcc/site?sitenum=834,https://wcc.sc.egov.usda.gov/nwcc/site?sitenum=834,https://services.arcgis.com/SXbDpmb7xQkk44JV/ArcGIS/rest/services/stations_SNTL_ACTIVE/FeatureServer/0
NRCS_snotel_846,nrcs_snotel,USDA NRCS NWCC,NRCS NWCC,snotel,SNOTEL,846,Virginia Lakes Ridge,CA,Mono,,160503010103,9400,38.07298,-119.2343,"38.072980, -119.234300",1978-10-01,1978,,,1978–present,active,846,846:CA:SNTL,VGAC1,,USDA NRCS NWCC,,https://wcc.sc.egov.usda.gov/nwcc/site?sitenum=846,https://wcc.sc.egov.usda.gov/nwcc/site?sitenum=846,https://services.arcgis.com/SXbDpmb7xQkk44JV/ArcGIS/rest/services/stations_SNTL_ACTIVE/FeatureServer/0
NRCS_snotel_848,nrcs_snotel,USDA NRCS NWCC,NRCS NWCC,snotel,SNOTEL,848,Ward Creek #3,CA,Placer,,160501010403,6750,39.13545,-120.2187,"39.135450, -120.218700",1979-10-01,1979,,,1979–present,active,848,848:CA:SNTL,WRDC1,,USDA NRCS NWCC,,https://wcc.sc.egov.usda.gov/nwcc/site?sitenum=848,https://wcc.sc.egov.usda.gov/nwcc/site?sitenum=848,https://services.arcgis.com/SXbDpmb7xQkk44JV/ArcGIS/rest/services/stations_SNTL_ACTIVE/FeatureServer/0
NRCS_snotel_1317,nrcs_snotel,USDA NRCS NWCC,NRCS NWCC,snotel,SNOTEL,1317,Willow Flat CA,CA,Mono,,160503020103,8220,38.27203,-119.4512,"38.272030, -119.451200",2023-09-13,2023,,,2023–present,active,1317,1317:CA:SNTL,WFSC1,,USDA NRCS NWCC,,https://wcc.sc.egov.usda.gov/nwcc/site?sitenum=1317,https://wcc.sc.egov.usda.gov/nwcc/site?sitenum=1317,https://services.arcgis.com/SXbDpmb7xQkk44JV/ArcGIS/rest/services/stations_SNTL_ACTIVE/FeatureServer/0
NRCS_snotel_321,nrcs_snotel,USDA NRCS NWCC,NRCS NWCC,snotel,SNOTEL,321,Bear Creek,NV,Elko,,170501020301,8090,41.83391,-115.4528,"41.833910, -115.452800",1976-03-01,1976,,,1976–present,active,321,321:NV:SNTL,BERN2,,USDA NRCS NWCC,,https://wcc.sc.egov.usda.gov/nwcc/site?sitenum=321,https://wcc.sc.egov.usda.gov/nwcc/site?sitenum=321,https://services.arcgis.com/SXbDpmb7xQkk44JV/ArcGIS/rest/services/stations_SNTL_ACTIVE/FeatureServer/0
NRCS_snotel_334,nrcs_snotel,USDA NRCS NWCC,NRCS NWCC,snotel,SNOTEL,334,Berry Creek,NV,White Pine,,160600081301,9350,39.31917,-114.6228,"39.319170, -114.622800",1980-10-01,1980,,,1980–present,active,334,334:NV:SNTL,BRCN2,,USDA NRCS NWCC,,https://wcc.sc.egov.usda.gov/nwcc/site?sitenum=334,https://wcc.sc.egov.usda.gov/nwcc/site?sitenum=334,https://services.arcgis.com/SXbDpmb7xQkk44JV/ArcGIS/rest/services/stations_SNTL_ACTIVE/FeatureServer/0
NRCS_snotel_336,nrcs_snotel,USDA NRCS NWCC,NRCS NWCC,snotel,SNOTEL,336,Big Bend,NV,Elko,,170501040104,6890,41.76168,-115.6931,"41.761680, -115.693100",1978-10-01,1978,,,1978–present,active,336,336:NV:SNTL,BIGN2,,USDA NRCS NWCC,,https://wcc.sc.egov.usda.gov/nwcc/site?sitenum=336,https://wcc.sc.egov.usda.gov/nwcc/site?sitenum=336,https://services.arcgis.com/SXbDpmb7xQkk44JV/ArcGIS/rest/services/stations_SNTL_ACTIVE/FeatureServer/0
NRCS_snotel_337,nrcs_snotel,USDA NRCS NWCC,NRCS NWCC,snotel,SNOTEL,337,Big Creek Sum,NV,Lander,,160401070303,8710,39.29148,-117.1151,"39.291480, -117.115100",1980-10-01,1980,,,1980–present,active,337,337:NV:SNTL,BCSN2,,USDA NRCS NWCC,,https://wcc.sc.egov.usda.gov/nwcc/site?sitenum=337,https://wcc.sc.egov.usda.gov/nwcc/site?sitenum=337,https://services.arcgis.com/SXbDpmb7xQkk44JV/ArcGIS/rest/services/stations_SNTL_ACTIVE/FeatureServer/0
NRCS_snotel_340,nrcs_snotel,USDA NRCS NWCC,NRCS NWCC,snotel,SNOTEL,340,Big Meadow,NV,Washoe,,160501020505,8240,39.455,-119.9422,"39.455000, -119.942200",1983-10-01,1983,,,1983–present,active,340,340:NV:SNTL,BMWN2,,USDA NRCS NWCC,,https://wcc.sc.egov.usda.gov/nwcc/site?sitenum=340,https://wcc.sc.egov.usda.gov/nwcc/site?sitenum=340,https://services.arcgis.com/SXbDpmb7xQkk44JV/ArcGIS/rest/services/stations_SNTL_ACTIVE/FeatureServer/0
NRCS_snotel_1155,nrcs_snotel,USDA NRCS NWCC,NRCS NWCC,snotel,SNOTEL,1155,Bird Creek,NV,White Pine,,160600081304,7530,39.46138,-114.6486,"39.461380, -114.648600",2011-10-01,2011,,,2011–present,active,1155,1155:NV:SNTL,BIRN2,,USDA NRCS NWCC,,https://wcc.sc.egov.usda.gov/nwcc/site?sitenum=1155,https://wcc.sc.egov.usda.gov/nwcc/site?sitenum=1155,https://services.arcgis.com/SXbDpmb7xQkk44JV/ArcGIS/rest/services/stations_SNTL_ACTIVE/FeatureServer/0
NRCS_snotel_1111,nrcs_snotel,USDA NRCS NWCC,NRCS NWCC,snotel,SNOTEL,1111,Bristlecone Trail,NV,Clark,,150100150206,8900,36.31575,-115.6954,"36.315750, -115.695400",2008-10-01,2008,,,2008–present,active,1111,1111:NV:SNTL,BRSN2,,USDA NRCS NWCC,,https://wcc.sc.egov.usda.gov/nwcc/site?sitenum=1111,https://wcc.sc.egov.usda.gov/nwcc/site?sitenum=1111,https://services.arcgis.com/SXbDpmb7xQkk44JV/ArcGIS/rest/services/stations_SNTL_ACTIVE/FeatureServer/0
NRCS_snotel_373,nrcs_snotel,USDA NRCS NWCC,NRCS NWCC,snotel,SNOTEL,373,Buckskin Lower,NV,Humboldt,,160401090502,6920,41.75067,-117.5318,"41.750670, -117.531800",1980-10-01,1980,,,1980–present,active,373,373:NV:SNTL,BKLN2,,USDA NRCS NWCC,,https://wcc.sc.egov.usda.gov/nwcc/site?sitenum=373,https://wcc.sc.egov.usda.gov/nwcc/site?sitenum=373,https://services.arcgis.com/SXbDpmb7xQkk44JV/ArcGIS/rest/services/stations_SNTL_ACTIVE/FeatureServer/0
NRCS_snotel_1152,nrcs_snotel,USDA NRCS NWCC,NRCS NWCC,snotel,SNOTEL,1152,Cave Mountain,NV,White Pine,,160600080402,10580,39.16337,-114.6133,"39.163370, -114.613300",2011-10-01,2011,,,2011–present,active,1152,1152:NV:SNTL,CAVN2,,USDA NRCS NWCC,,https://wcc.sc.egov.usda.gov/nwcc/site?sitenum=1152,https://wcc.sc.egov.usda.gov/nwcc/site?sitenum=1152,https://services.arcgis.com/SXbDpmb7xQkk44JV/ArcGIS/rest/services/stations_SNTL_ACTIVE/FeatureServer/0
NRCS_snotel_1204,nrcs_snotel,USDA NRCS NWCC,NRCS NWCC,snotel,SNOTEL,1204,Columbia Basin,NV,Elko,,170501050503,6490,41.67167,-116.0703,"41.671670, -116.070300",2011-12-23,2011,,,2011–present,active,1204,1204:NV:SNTL,CMBN2,,USDA NRCS NWCC,,https://wcc.sc.egov.usda.gov/nwcc/site?sitenum=1204,https://wcc.sc.egov.usda.gov/nwcc/site?sitenum=1204,https://services.arcgis.com/SXbDpmb7xQkk44JV/ArcGIS/rest/services/stations_SNTL_ACTIVE/FeatureServer/0
NRCS_snotel_1209,nrcs_snotel,USDA NRCS NWCC,NRCS NWCC,snotel,SNOTEL,1209,Corduroy Flat,NV,White Pine,,160600121206,8640,38.99651,-115.4248,"38.996510, -115.424800",2011-12-23,2011,,,2011–present,active,1209,1209:NV:SNTL,CORN2,,USDA NRCS NWCC,,https://wcc.sc.egov.usda.gov/nwcc/site?sitenum=1209,https://wcc.sc.egov.usda.gov/nwcc/site?sitenum=1209,https://services.arcgis.com/SXbDpmb7xQkk44JV/ArcGIS/rest/services/stations_SNTL_ACTIVE/FeatureServer/0
NRCS_snotel_417,nrcs_snotel,USDA NRCS NWCC,NRCS NWCC,snotel,SNOTEL,417,Corral Canyon,NV,Elko,,160401030401,8440,40.27551,-115.5402,"40.275510, -115.540200",1978-10-01,1978,,,1978–present,active,417,417:NV:SNTL,COLN2,,USDA NRCS NWCC,,https://wcc.sc.egov.usda.gov/nwcc/site?sitenum=417,https://wcc.sc.egov.usda.gov/nwcc/site?sitenum=417,https://services.arcgis.com/SXbDpmb7xQkk44JV/ArcGIS/rest/services/stations_SNTL_ACTIVE/FeatureServer/0
NRCS_snotel_1210,nrcs_snotel,USDA NRCS NWCC,NRCS NWCC,snotel,SNOTEL,1210,Defiance Mines,NV,White Pine,,160600081002,9310,39.08527,-114.8998,"39.085270, -114.899800",2011-12-22,2011,,,2011–present,active,1210,1210:NV:SNTL,DEFN2,,USDA NRCS NWCC,,https://wcc.sc.egov.usda.gov/nwcc/site?sitenum=1210,https://wcc.sc.egov.usda.gov/nwcc/site?sitenum=1210,https://services.arcgis.com/SXbDpmb7xQkk44JV/ArcGIS/rest/services/stations_SNTL_ACTIVE/FeatureServer/0
NRCS_snotel_443,nrcs_snotel,USDA NRCS NWCC,NRCS NWCC,snotel,SNOTEL,443,Diamond Peak,NV,Eureka,,160600051503,8030,39.56361,-115.8442,"39.563610, -115.844200",1983-10-01,1983,,,1983–present,active,443,443:NV:SNTL,DPKN2,,USDA NRCS NWCC,,https://wcc.sc.egov.usda.gov/nwcc/site?sitenum=443,https://wcc.sc.egov.usda.gov/nwcc/site?sitenum=443,https://services.arcgis.com/SXbDpmb7xQkk44JV/ArcGIS/rest/services/stations_SNTL_ACTIVE/FeatureServer/0
NRCS_snotel_445,nrcs_snotel,USDA NRCS NWCC,NRCS NWCC,snotel,SNOTEL,445,Disaster Peak,NV,Humboldt,,160402010201,6260,41.96737,-118.1893,"41.967370, -118.189300",1980-10-01,1980,,,1980–present,active,445,445:NV:SNTL,DSPN2,,USDA NRCS NWCC,,https://wcc.sc.egov.usda.gov/nwcc/site?sitenum=445,https://wcc.sc.egov.usda.gov/nwcc/site?sitenum=445,https://services.arcgis.com/SXbDpmb7xQkk44JV/ArcGIS/rest/services/stations_SNTL_ACTIVE/FeatureServer/0
NRCS_snotel_453,nrcs_snotel,USDA NRCS NWCC,NRCS NWCC,snotel,SNOTEL,453,Dorsey Basin,NV,Elko,,160401010604,7900,40.89343,-115.211,"40.893430, -115.211000",1978-10-01,1978,,,1978–present,active,453,453:NV:SNTL,DRBN2,,USDA NRCS NWCC,,https://wcc.sc.egov.usda.gov/nwcc/site?sitenum=453,https://wcc.sc.egov.usda.gov/nwcc/site?sitenum=453,https://services.arcgis.com/SXbDpmb7xQkk44JV/ArcGIS/rest/services/stations_SNTL_ACTIVE/FeatureServer/0
NRCS_snotel_454,nrcs_snotel,USDA NRCS NWCC,NRCS NWCC,snotel,SNOTEL,454,Draw Creek,NV,Elko,,160401010403,7300,41.661,-115.3234,"41.661000, -115.323400",1983-10-01,1983,,,1983–present,active,454,454:NV:SNTL,DRCN2,,USDA NRCS NWCC,,https://wcc.sc.egov.usda.gov/nwcc/site?sitenum=454,https://wcc.sc.egov.usda.gov/nwcc/site?sitenum=454,https://services.arcgis.com/SXbDpmb7xQkk44JV/ArcGIS/rest/services/stations_SNTL_ACTIVE/FeatureServer/0
NRCS_snotel_1243,nrcs_snotel,USDA NRCS NWCC,NRCS NWCC,snotel,SNOTEL,1243,Dry Creek,NV,Elko,,160401010601,6550,40.8638,-115.2201,"40.863800, -115.220100",2013-10-01,2013,,,2013–present,active,1243,1243:NV:SNTL,DRKN2,,USDA NRCS NWCC,,https://wcc.sc.egov.usda.gov/nwcc/site?sitenum=1243,https://wcc.sc.egov.usda.gov/nwcc/site?sitenum=1243,https://services.arcgis.com/SXbDpmb7xQkk44JV/ArcGIS/rest/services/stations_SNTL_ACTIVE/FeatureServer/0
NRCS_snotel_476,nrcs_snotel,USDA NRCS NWCC,NRCS NWCC,snotel,SNOTEL,476,Fawn Creek,NV,Elko,,170501040304,7040,41.82098,-116.1015,"41.820980, -116.101500",1980-10-01,1980,,,1980–present,active,476,476:NV:SNTL,FWCN2,,USDA NRCS NWCC,,https://wcc.sc.egov.usda.gov/nwcc/site?sitenum=476,https://wcc.sc.egov.usda.gov/nwcc/site?sitenum=476,https://services.arcgis.com/SXbDpmb7xQkk44JV/ArcGIS/rest/services/stations_SNTL_ACTIVE/FeatureServer/0
NRCS_snotel_1262,nrcs_snotel,USDA NRCS NWCC,NRCS NWCC,snotel,SNOTEL,1262,Fry Canyon,NV,Elko,,160401020101,6790,41.58008,-115.9364,"41.580080, -115.936400",2014-10-08,2014,,,2014–present,active,1262,1262:NV:SNTL,FRYN2,,USDA NRCS NWCC,,https://wcc.sc.egov.usda.gov/nwcc/site?sitenum=1262,https://wcc.sc.egov.usda.gov/nwcc/site?sitenum=1262,https://services.arcgis.com/SXbDpmb7xQkk44JV/ArcGIS/rest/services/stations_SNTL_ACTIVE/FeatureServer/0
NRCS_snotel_1195,nrcs_snotel,USDA NRCS NWCC,NRCS NWCC,snotel,SNOTEL,1195,Golconda,NV,Humboldt,,160401080102,6640,40.88358,-117.5881,"40.883580, -117.588100",2011-10-01,2011,,,2011–present,active,1195,1195:NV:SNTL,GLCN2,,USDA NRCS NWCC,,https://wcc.sc.egov.usda.gov/nwcc/site?sitenum=1195,https://wcc.sc.egov.usda.gov/nwcc/site?sitenum=1195,https://services.arcgis.com/SXbDpmb7xQkk44JV/ArcGIS/rest/services/stations_SNTL_ACTIVE/FeatureServer/0
NRCS_snotel_498,nrcs_snotel,USDA NRCS NWCC,NRCS NWCC,snotel,SNOTEL,498,Granite Peak,NV,Humboldt,,160401090601,8500,41.67032,-117.5667,"41.670320, -117.566700",1980-10-01,1980,,,1980–present,active,498,498:NV:SNTL,GRPN2,,USDA NRCS NWCC,,https://wcc.sc.egov.usda.gov/nwcc/site?sitenum=498,https://wcc.sc.egov.usda.gov/nwcc/site?sitenum=498,https://services.arcgis.com/SXbDpmb7xQkk44JV/ArcGIS/rest/services/stations_SNTL_ACTIVE/FeatureServer/0
NRCS_snotel_503,nrcs_snotel,USDA NRCS NWCC,NRCS NWCC,snotel,SNOTEL,503,Green Mountain,NV,Elko,,160401030401,8180,40.3848,-115.5276,"40.384800, -115.527600",1980-10-01,1980,,,1980–present,active,503,503:NV:SNTL,GRMN2,,USDA NRCS NWCC,,https://wcc.sc.egov.usda.gov/nwcc/site?sitenum=503,https://wcc.sc.egov.usda.gov/nwcc/site?sitenum=503,https://services.arcgis.com/SXbDpmb7xQkk44JV/ArcGIS/rest/services/stations_SNTL_ACTIVE/FeatureServer/0
NRCS_snotel_527,nrcs_snotel,USDA NRCS NWCC,NRCS NWCC,snotel,SNOTEL,527,Hole-in-Mountain,NV,Elko,,160600071602,8170,40.94168,-115.0954,"40.941680, -115.095400",1981-10-01,1981,,,1981–present,active,527,527:NV:SNTL,HIMN2,,USDA NRCS NWCC,,https://wcc.sc.egov.usda.gov/nwcc/site?sitenum=527,https://wcc.sc.egov.usda.gov/nwcc/site?sitenum=527,https://services.arcgis.com/SXbDpmb7xQkk44JV/ArcGIS/rest/services/stations_SNTL_ACTIVE/FeatureServer/0
NRCS_snotel_548,nrcs_snotel,USDA NRCS NWCC,NRCS NWCC,snotel,SNOTEL,548,Jack Creek Upper,NV,Elko,,170501050201,7380,41.54675,-116.0052,"41.546750, -116.005200",1978-10-01,1978,,,1978–present,active,548,548:NV:SNTL,JCUN2,,USDA NRCS NWCC,,https://wcc.sc.egov.usda.gov/nwcc/site?sitenum=548,https://wcc.sc.egov.usda.gov/nwcc/site?sitenum=548,https://services.arcgis.com/SXbDpmb7xQkk44JV/ArcGIS/rest/services/stations_SNTL_ACTIVE/FeatureServer/0
NRCS_snotel_549,nrcs_snotel,USDA NRCS NWCC,NRCS NWCC,snotel,SNOTEL,549,Jacks Peak,NV,Elko,,170501050201,8440,41.5136,-116.0117,"41.513600, -116.011700",1981-10-01,1981,,,1981–present,active,549,549:NV:SNTL,JAPN2,,USDA NRCS NWCC,,https://wcc.sc.egov.usda.gov/nwcc/site?sitenum=549,https://wcc.sc.egov.usda.gov/nwcc/site?sitenum=549,https://services.arcgis.com/SXbDpmb7xQkk44JV/ArcGIS/rest/services/stations_SNTL_ACTIVE/FeatureServer/0
NRCS_snotel_1211,nrcs_snotel,USDA NRCS NWCC,NRCS NWCC,snotel,SNOTEL,1211,Jakes Creek,NV,Elko,,170402130308,7380,41.5687,-115.0324,"41.568700, -115.032400",2011-12-23,2011,,,2011–present,active,1211,1211:NV:SNTL,JAKN2,,USDA NRCS NWCC,,https://wcc.sc.egov.usda.gov/nwcc/site?sitenum=1211,https://wcc.sc.egov.usda.gov/nwcc/site?sitenum=1211,https://services.arcgis.com/SXbDpmb7xQkk44JV/ArcGIS/rest/services/stations_SNTL_ACTIVE/FeatureServer/0
NRCS_snotel_1150,nrcs_snotel,USDA NRCS NWCC,NRCS NWCC,snotel,SNOTEL,1150,Kalamazoo,NV,White Pine,,160600080700,7740,39.5579,-114.6276,"39.557900, -114.627600",2011-10-01,2011,,,2011–present,active,1150,1150:NV:SNTL,KALN2,,USDA NRCS NWCC,,https://wcc.sc.egov.usda.gov/nwcc/site?sitenum=1150,https://wcc.sc.egov.usda.gov/nwcc/site?sitenum=1150,https://services.arcgis.com/SXbDpmb7xQkk44JV/ArcGIS/rest/services/stations_SNTL_ACTIVE/FeatureServer/0
NRCS_snotel_569,nrcs_snotel,USDA NRCS NWCC,NRCS NWCC,snotel,SNOTEL,569,Lamance Creek,NV,Humboldt,,160401090603,6390,41.51542,-117.632,"41.515420, -117.632000",1980-10-01,1980,,,1980–present,active,569,569:NV:SNTL,LMCN2,,USDA NRCS NWCC,,https://wcc.sc.egov.usda.gov/nwcc/site?sitenum=569,https://wcc.sc.egov.usda.gov/nwcc/site?sitenum=569,https://services.arcgis.com/SXbDpmb7xQkk44JV/ArcGIS/rest/services/stations_SNTL_ACTIVE/FeatureServer/0
NRCS_snotel_570,nrcs_snotel,USDA NRCS NWCC,NRCS NWCC,snotel,SNOTEL,570,Lamoille #3,NV,Elko,,160401010607,8040,40.6448,-115.3812,"40.644800, -115.381200",1980-10-01,1980,,,1980–present,active,570,570:NV:SNTL,LMLN2,,USDA NRCS NWCC,,https://wcc.sc.egov.usda.gov/nwcc/site?sitenum=570,https://wcc.sc.egov.usda.gov/nwcc/site?sitenum=570,https://services.arcgis.com/SXbDpmb7xQkk44JV/ArcGIS/rest/services/stations_SNTL_ACTIVE/FeatureServer/0
NRCS_snotel_1310,nrcs_snotel,USDA NRCS NWCC,NRCS NWCC,snotel,SNOTEL,1310,Lamoille Upper,NV,Elko,,160401010607,8990,40.59965,-115.379,"40.599650, -115.379000",2022-08-10,2022,,,2022–present,active,1310,1310:NV:SNTL,,,USDA NRCS NWCC,,https://wcc.sc.egov.usda.gov/nwcc/site?sitenum=1310,https://wcc.sc.egov.usda.gov/nwcc/site?sitenum=1310,https://services.arcgis.com/SXbDpmb7xQkk44JV/ArcGIS/rest/services/stations_SNTL_ACTIVE/FeatureServer/0
NRCS_snotel_573,nrcs_snotel,USDA NRCS NWCC,NRCS NWCC,snotel,SNOTEL,573,Laurel Draw,NV,Elko,,170501040202,6680,41.77637,-116.0296,"41.776370, -116.029600",1979-10-01,1979,,,1979–present,active,573,573:NV:SNTL,LADN2,,USDA NRCS NWCC,,https://wcc.sc.egov.usda.gov/nwcc/site?sitenum=573,https://wcc.sc.egov.usda.gov/nwcc/site?sitenum=573,https://services.arcgis.com/SXbDpmb7xQkk44JV/ArcGIS/rest/services/stations_SNTL_ACTIVE/FeatureServer/0
NRCS_snotel_1112,nrcs_snotel,USDA NRCS NWCC,NRCS NWCC,snotel,SNOTEL,1112,Lee Canyon,NV,Clark,,150100150206,8620,36.30537,-115.6751,"36.305370, -115.675100",2008-10-01,2008,,,2008–present,active,1112,1112:NV:SNTL,LCAN2,,USDA NRCS NWCC,,https://wcc.sc.egov.usda.gov/nwcc/site?sitenum=1112,https://wcc.sc.egov.usda.gov/nwcc/site?sitenum=1112,https://services.arcgis.com/SXbDpmb7xQkk44JV/ArcGIS/rest/services/stations_SNTL_ACTIVE/FeatureServer/0
NRCS_snotel_1006,nrcs_snotel,USDA NRCS NWCC,NRCS NWCC,snotel,SNOTEL,1006,Lewis Peak,NV,Lander,,160401070903,7370,40.3572,-116.8647,"40.357200, -116.864700",2000-10-01,2000,,,2000–present,active,1006,1006:NV:SNTL,LWPN2,,USDA NRCS NWCC,,https://wcc.sc.egov.usda.gov/nwcc/site?sitenum=1006,https://wcc.sc.egov.usda.gov/nwcc/site?sitenum=1006,https://services.arcgis.com/SXbDpmb7xQkk44JV/ArcGIS/rest/services/stations_SNTL_ACTIVE/FeatureServer/0
NRCS_snotel_1242,nrcs_snotel,USDA NRCS NWCC,NRCS NWCC,snotel,SNOTEL,1242,Little Valley,NV,Washoe,,160501020301,6500,39.25259,-119.8771,"39.252590, -119.877100",2013-10-01,2013,,,2013–present,active,1242,1242:NV:SNTL,LTVN2,,USDA NRCS NWCC,,https://wcc.sc.egov.usda.gov/nwcc/site?sitenum=1242,https://wcc.sc.egov.usda.gov/nwcc/site?sitenum=1242,https://services.arcgis.com/SXbDpmb7xQkk44JV/ArcGIS/rest/services/stations_SNTL_ACTIVE/FeatureServer/0
NRCS_snotel_615,nrcs_snotel,USDA NRCS NWCC,NRCS NWCC,snotel,SNOTEL,615,Marlette Lake,NV,Carson City,,160501010201,7860,39.16395,-119.8967,"39.163950, -119.896700",1978-10-01,1978,,,1978–present,active,615,615:NV:SNTL,MRLN2,,USDA NRCS NWCC,,https://wcc.sc.egov.usda.gov/nwcc/site?sitenum=615,https://wcc.sc.egov.usda.gov/nwcc/site?sitenum=615,https://services.arcgis.com/SXbDpmb7xQkk44JV/ArcGIS/rest/services/stations_SNTL_ACTIVE/FeatureServer/0
NRCS_snotel_1207,nrcs_snotel,USDA NRCS NWCC,NRCS NWCC,snotel,SNOTEL,1207,Merritt Mountain,NV,Elko,,170501020601,6920,41.8927,-115.858,"41.892700, -115.858000",2011-12-23,2011,,,2011–present,active,1207,1207:NV:SNTL,MERN2,,USDA NRCS NWCC,,https://wcc.sc.egov.usda.gov/nwcc/site?sitenum=1207,https://wcc.sc.egov.usda.gov/nwcc/site?sitenum=1207,https://services.arcgis.com/SXbDpmb7xQkk44JV/ArcGIS/rest/services/stations_SNTL_ACTIVE/FeatureServer/0
NRCS_snotel_1206,nrcs_snotel,USDA NRCS NWCC,NRCS NWCC,snotel,SNOTEL,1206,Midas,NV,Elko,,160401060402,6630,41.26873,-116.8033,"41.268730, -116.803300",2011-12-23,2011,,,2011–present,active,1206,1206:NV:SNTL,MDSN2,,USDA NRCS NWCC,,https://wcc.sc.egov.usda.gov/nwcc/site?sitenum=1206,https://wcc.sc.egov.usda.gov/nwcc/site?sitenum=1206,https://services.arcgis.com/SXbDpmb7xQkk44JV/ArcGIS/rest/services/stations_SNTL_ACTIVE/FeatureServer/0
NRCS_snotel_652,nrcs_snotel,USDA NRCS NWCC,NRCS NWCC,snotel,SNOTEL,652,Mt Rose Ski Area,NV,Washoe,,160501020304,8810,39.31573,-119.8947,"39.315730, -119.894700",1980-10-01,1980,,,1980–present,active,652,652:NV:SNTL,MRSN2,,USDA NRCS NWCC,,https://wcc.sc.egov.usda.gov/nwcc/site?sitenum=652,https://wcc.sc.egov.usda.gov/nwcc/site?sitenum=652,https://services.arcgis.com/SXbDpmb7xQkk44JV/ArcGIS/rest/services/stations_SNTL_ACTIVE/FeatureServer/0
NRCS_snotel_1272,nrcs_snotel,USDA NRCS NWCC,NRCS NWCC,snotel,SNOTEL,1272,ONeil Creek,NV,Elko,,170402130106,6490,41.86411,-115.0825,"41.864110, -115.082500",2018-06-07,2018,,,2018–present,active,1272,1272:NV:SNTL,ONLN2,,USDA NRCS NWCC,,https://wcc.sc.egov.usda.gov/nwcc/site?sitenum=1272,https://wcc.sc.egov.usda.gov/nwcc/site?sitenum=1272,https://services.arcgis.com/SXbDpmb7xQkk44JV/ArcGIS/rest/services/stations_SNTL_ACTIVE/FeatureServer/0
NRCS_snotel_1244,nrcs_snotel,USDA NRCS NWCC,NRCS NWCC,snotel,SNOTEL,1244,Pole Canyon,NV,Elko,,160600071101,7760,40.86293,-115.1207,"40.862930, -115.120700",2013-10-01,2013,,,2013–present,active,1244,1244:NV:SNTL,POLN2,,USDA NRCS NWCC,,https://wcc.sc.egov.usda.gov/nwcc/site?sitenum=1244,https://wcc.sc.egov.usda.gov/nwcc/site?sitenum=1244,https://services.arcgis.com/SXbDpmb7xQkk44JV/ArcGIS/rest/services/stations_SNTL_ACTIVE/FeatureServer/0
NRCS_snotel_698,nrcs_snotel,USDA NRCS NWCC,NRCS NWCC,snotel,SNOTEL,698,Pole Creek R.S.,NV,Elko,,170501021002,8370,41.87255,-115.2471,"41.872550, -115.247100",1977-02-01,1977,,,1977–present,active,698,698:NV:SNTL,PRSN2,,USDA NRCS NWCC,,https://wcc.sc.egov.usda.gov/nwcc/site?sitenum=698,https://wcc.sc.egov.usda.gov/nwcc/site?sitenum=698,https://services.arcgis.com/SXbDpmb7xQkk44JV/ArcGIS/rest/services/stations_SNTL_ACTIVE/FeatureServer/0
NRCS_snotel_2170,nrcs_snotel,USDA NRCS NWCC,NRCS NWCC,snotel,SNOTEL,2170,Porter Canyon,NV,Lander,,160600020102,7190,39.46544,-117.6207,"39.465440, -117.620700",2009-10-22,2009,,,2009–present,active,2170,2170:NV:SNTL,PRTN2,,USDA NRCS NWCC,,https://wcc.sc.egov.usda.gov/nwcc/site?sitenum=2170,https://wcc.sc.egov.usda.gov/nwcc/site?sitenum=2170,https://services.arcgis.com/SXbDpmb7xQkk44JV/ArcGIS/rest/services/stations_SNTL_ACTIVE/FeatureServer/0
NRCS_snotel_1110,nrcs_snotel,USDA NRCS NWCC,NRCS NWCC,snotel,SNOTEL,1110,Rainbow Canyon,NV,Clark,,150100150301,7840,36.2493,-115.6297,"36.249300, -115.629700",2008-10-01,2008,,,2008–present,active,1110,1110:NV:SNTL,RACN2,,USDA NRCS NWCC,,https://wcc.sc.egov.usda.gov/nwcc/site?sitenum=1110,https://wcc.sc.egov.usda.gov/nwcc/site?sitenum=1110,https://services.arcgis.com/SXbDpmb7xQkk44JV/ArcGIS/rest/services/stations_SNTL_ACTIVE/FeatureServer/0
NRCS_snotel_746,nrcs_snotel,USDA NRCS NWCC,NRCS NWCC,snotel,SNOTEL,746,Seventysix Creek,NV,Elko,,170501020108,7360,41.73732,-115.4722,"41.737320, -115.472200",1978-10-01,1978,,,1978–present,active,746,746:NV:SNTL,SSCN2,,USDA NRCS NWCC,,https://wcc.sc.egov.usda.gov/nwcc/site?sitenum=746,https://wcc.sc.egov.usda.gov/nwcc/site?sitenum=746,https://services.arcgis.com/SXbDpmb7xQkk44JV/ArcGIS/rest/services/stations_SNTL_ACTIVE/FeatureServer/0
NRCS_snotel_750,nrcs_snotel,USDA NRCS NWCC,NRCS NWCC,snotel,SNOTEL,750,Sheldon,NV,Washoe,,171200080106,5860,41.90435,-119.4446,"41.904350, -119.444600",1988-10-01,1988,,,1988–present,active,750,750:NV:SNTL,SHEN2,,USDA NRCS NWCC,,https://wcc.sc.egov.usda.gov/nwcc/site?sitenum=750,https://wcc.sc.egov.usda.gov/nwcc/site?sitenum=750,https://services.arcgis.com/SXbDpmb7xQkk44JV/ArcGIS/rest/services/stations_SNTL_ACTIVE/FeatureServer/0
NRCS_snotel_1205,nrcs_snotel,USDA NRCS NWCC,NRCS NWCC,snotel,SNOTEL,1205,Silver Creek Nv,NV,White Pine,,160203010806,8220,39.23305,-114.2429,"39.233050, -114.242900",2011-12-22,2011,,,2011–present,active,1205,1205:NV:SNTL,SILN2,,USDA NRCS NWCC,,https://wcc.sc.egov.usda.gov/nwcc/site?sitenum=1205,https://wcc.sc.egov.usda.gov/nwcc/site?sitenum=1205,https://services.arcgis.com/SXbDpmb7xQkk44JV/ArcGIS/rest/services/stations_SNTL_ACTIVE/FeatureServer/0
NRCS_snotel_1208,nrcs_snotel,USDA NRCS NWCC,NRCS NWCC,snotel,SNOTEL,1208,Snowstorm Mtn,NV,Elko,,160401090203,7410,41.33981,-116.9804,"41.339810, -116.980400",2011-12-23,2011,,,2011–present,active,1208,1208:NV:SNTL,SSMN2,,USDA NRCS NWCC,,https://wcc.sc.egov.usda.gov/nwcc/site?sitenum=1208,https://wcc.sc.egov.usda.gov/nwcc/site?sitenum=1208,https://services.arcgis.com/SXbDpmb7xQkk44JV/ArcGIS/rest/services/stations_SNTL_ACTIVE/FeatureServer/0
NRCS_snotel_1203,nrcs_snotel,USDA NRCS NWCC,NRCS NWCC,snotel,SNOTEL,1203,Stag Mountain,NV,Elko,,170501020101,7640,41.408,-115.4464,"41.408000, -115.446400",2011-12-23,2011,,,2011–present,active,1203,1203:NV:SNTL,STGN2,,USDA NRCS NWCC,,https://wcc.sc.egov.usda.gov/nwcc/site?sitenum=1203,https://wcc.sc.egov.usda.gov/nwcc/site?sitenum=1203,https://services.arcgis.com/SXbDpmb7xQkk44JV/ArcGIS/rest/services/stations_SNTL_ACTIVE/FeatureServer/0
NRCS_snotel_1194,nrcs_snotel,USDA NRCS NWCC,NRCS NWCC,snotel,SNOTEL,1194,Summit Lk,NV,Humboldt,,160402021301,7600,41.48953,-118.9966,"41.489530, -118.996600",2011-10-01,2011,,,2011–present,active,1194,1194:NV:SNTL,MTLN2,,USDA NRCS NWCC,,https://wcc.sc.egov.usda.gov/nwcc/site?sitenum=1194,https://wcc.sc.egov.usda.gov/nwcc/site?sitenum=1194,https://services.arcgis.com/SXbDpmb7xQkk44JV/ArcGIS/rest/services/stations_SNTL_ACTIVE/FeatureServer/0
NRCS_snotel_811,nrcs_snotel,USDA NRCS NWCC,NRCS NWCC,snotel,SNOTEL,811,Taylor Canyon,NV,Elko,,170501050105,6320,41.2287,-116.0293,"41.228700, -116.029300",1980-10-01,1980,,,1980–present,active,811,811:NV:SNTL,TACN2,,USDA NRCS NWCC,,https://wcc.sc.egov.usda.gov/nwcc/site?sitenum=811,https://wcc.sc.egov.usda.gov/nwcc/site?sitenum=811,https://services.arcgis.com/SXbDpmb7xQkk44JV/ArcGIS/rest/services/stations_SNTL_ACTIVE/FeatureServer/0
NRCS_snotel_1202,nrcs_snotel,USDA NRCS NWCC,NRCS NWCC,snotel,SNOTEL,1202,Tent Mtn Lower,NV,Elko,,160401010704,7100,40.97852,-115.1721,"40.978520, -115.172100",2011-12-23,2011,,,2011–present,active,1202,1202:NV:SNTL,TMLN2,,USDA NRCS NWCC,,https://wcc.sc.egov.usda.gov/nwcc/site?sitenum=1202,https://wcc.sc.egov.usda.gov/nwcc/site?sitenum=1202,https://services.arcgis.com/SXbDpmb7xQkk44JV/ArcGIS/rest/services/stations_SNTL_ACTIVE/FeatureServer/0
NRCS_snotel_1136,nrcs_snotel,USDA NRCS NWCC,NRCS NWCC,snotel,SNOTEL,1136,Toe Jam,NV,Elko,,160401060202,7700,41.3187,-116.3408,"41.318700, -116.340800",2009-10-01,2009,,,2009–present,active,1136,1136:NV:SNTL,TJMN2,,USDA NRCS NWCC,,https://wcc.sc.egov.usda.gov/nwcc/site?sitenum=1136,https://wcc.sc.egov.usda.gov/nwcc/site?sitenum=1136,https://services.arcgis.com/SXbDpmb7xQkk44JV/ArcGIS/rest/services/stations_SNTL_ACTIVE/FeatureServer/0
NRCS_snotel_1137,nrcs_snotel,USDA NRCS NWCC,NRCS NWCC,snotel,SNOTEL,1137,Vacarro Springs,NV,Eureka,,160600051503,7890,39.4495,-115.9834,"39.449500, -115.983400",2011-10-01,2011,,,2011–present,active,1137,1137:NV:SNTL,VCSN2,,USDA NRCS NWCC,,https://wcc.sc.egov.usda.gov/nwcc/site?sitenum=1137,https://wcc.sc.egov.usda.gov/nwcc/site?sitenum=1137,https://services.arcgis.com/SXbDpmb7xQkk44JV/ArcGIS/rest/services/stations_SNTL_ACTIVE/FeatureServer/0
NRCS_snotel_849,nrcs_snotel,USDA NRCS NWCC,NRCS NWCC,snotel,SNOTEL,849,Ward Mountain,NV,White Pine,,150100110105,9170,39.13242,-114.9557,"39.132420, -114.955700",1980-10-01,1980,,,1980–present,active,849,849:NV:SNTL,WDMN2,,USDA NRCS NWCC,,https://wcc.sc.egov.usda.gov/nwcc/site?sitenum=849,https://wcc.sc.egov.usda.gov/nwcc/site?sitenum=849,https://services.arcgis.com/SXbDpmb7xQkk44JV/ArcGIS/rest/services/stations_SNTL_ACTIVE/FeatureServer/0
NRCS_snotel_1147,nrcs_snotel,USDA NRCS NWCC,NRCS NWCC,snotel,SNOTEL,1147,Wheeler Peak,NV,White Pine,,160203010801,10070,39.00995,-114.3102,"39.009950, -114.310200",2010-10-01,2010,,,2010–present,active,1147,1147:NV:SNTL,WHPN2,,USDA NRCS NWCC,,https://wcc.sc.egov.usda.gov/nwcc/site?sitenum=1147,https://wcc.sc.egov.usda.gov/nwcc/site?sitenum=1147,https://services.arcgis.com/SXbDpmb7xQkk44JV/ArcGIS/rest/services/stations_SNTL_ACTIVE/FeatureServer/0
NRCS_snotel_1213,nrcs_snotel,USDA NRCS NWCC,NRCS NWCC,snotel,SNOTEL,1213,White River Nv,NV,White Pine,,150100110302,7370,38.94557,-115.3792,"38.945570, -115.379200",2011-12-23,2011,,,2011–present,active,1213,1213:NV:SNTL,WHRN2,,USDA NRCS NWCC,,https://wcc.sc.egov.usda.gov/nwcc/site?sitenum=1213,https://wcc.sc.egov.usda.gov/nwcc/site?sitenum=1213,https://services.arcgis.com/SXbDpmb7xQkk44JV/ArcGIS/rest/services/stations_SNTL_ACTIVE/FeatureServer/0
NRCS_snotel_302,nrcs_snotel,USDA NRCS NWCC,NRCS NWCC,snotel,SNOTEL,302,Aneroid Lake #2,OR,Wallowa,,170601050101,7430,45.21332,-117.1926,"45.213320, -117.192600",1980-10-01,1980,,,1980–present,active,302,302:OR:SNTL,ANRO3,,USDA NRCS NWCC,,https://wcc.sc.egov.usda.gov/nwcc/site?sitenum=302,https://wcc.sc.egov.usda.gov/nwcc/site?sitenum=302,https://services.arcgis.com/SXbDpmb7xQkk44JV/ArcGIS/rest/services/stations_SNTL_ACTIVE/FeatureServer/0
NRCS_snotel_1000,nrcs_snotel,USDA NRCS NWCC,NRCS NWCC,snotel,SNOTEL,1000,Annie Springs,OR,Klamath,,180102030101,6020,42.87007,-122.1652,"42.870070, -122.165200",2000-09-01,2000,,,2000–present,active,1000,1000:OR:SNTL,ANSO3,,USDA NRCS NWCC,,https://wcc.sc.egov.usda.gov/nwcc/site?sitenum=1000,https://wcc.sc.egov.usda.gov/nwcc/site?sitenum=1000,https://services.arcgis.com/SXbDpmb7xQkk44JV/ArcGIS/rest/services/stations_SNTL_ACTIVE/FeatureServer/0
NRCS_snotel_304,nrcs_snotel,USDA NRCS NWCC,NRCS NWCC,snotel,SNOTEL,304,Arbuckle Mtn,OR,Morrow,,170702020604,5770,45.19085,-119.2539,"45.190850, -119.253900",1978-10-01,1978,,,1978–present,active,304,304:OR:SNTL,ARBO3,,USDA NRCS NWCC,,https://wcc.sc.egov.usda.gov/nwcc/site?sitenum=304,https://wcc.sc.egov.usda.gov/nwcc/site?sitenum=304,https://services.arcgis.com/SXbDpmb7xQkk44JV/ArcGIS/rest/services/stations_SNTL_ACTIVE/FeatureServer/0
NRCS_snotel_1166,nrcs_snotel,USDA NRCS NWCC,NRCS NWCC,snotel,SNOTEL,1166,Bear Grass,OR,Linn,,170900040203,4720,44.3253,-122.0938,"44.325300, -122.093800",2011-07-18,2011,,,2011–present,active,1166,1166:OR:SNTL,BKSO3,,USDA NRCS NWCC,,https://wcc.sc.egov.usda.gov/nwcc/site?sitenum=1166,https://wcc.sc.egov.usda.gov/nwcc/site?sitenum=1166,https://services.arcgis.com/SXbDpmb7xQkk44JV/ArcGIS/rest/services/stations_SNTL_ACTIVE/FeatureServer/0
NRCS_snotel_331,nrcs_snotel,USDA NRCS NWCC,NRCS NWCC,snotel,SNOTEL,331,Beaver Reservoir,OR,Union,,170601040301,5140,45.14532,-118.219,"45.145320, -118.219000",1979-10-01,1979,,,1979–present,active,331,331:OR:SNTL,BVRO3,,USDA NRCS NWCC,,https://wcc.sc.egov.usda.gov/nwcc/site?sitenum=331,https://wcc.sc.egov.usda.gov/nwcc/site?sitenum=331,https://services.arcgis.com/SXbDpmb7xQkk44JV/ArcGIS/rest/services/stations_SNTL_ACTIVE/FeatureServer/0
NRCS_snotel_341,nrcs_snotel,USDA NRCS NWCC,NRCS NWCC,snotel,SNOTEL,341,Big Red Mountain,OR,Jackson,,171003090301,6060,42.05257,-122.8549,"42.052570, -122.854900",1979-10-01,1979,,,1979–present,active,341,341:OR:SNTL,BRMO3,,USDA NRCS NWCC,,https://wcc.sc.egov.usda.gov/nwcc/site?sitenum=341,https://wcc.sc.egov.usda.gov/nwcc/site?sitenum=341,https://services.arcgis.com/SXbDpmb7xQkk44JV/ArcGIS/rest/services/stations_SNTL_ACTIVE/FeatureServer/0
NRCS_snotel_343,nrcs_snotel,USDA NRCS NWCC,NRCS NWCC,snotel,SNOTEL,343,Bigelow Camp,OR,Josephine,,171003090105,5130,42.07875,-123.3439,"42.078750, -123.343900",1979-10-01,1979,,,1979–present,active,343,343:OR:SNTL,BGCO3,,USDA NRCS NWCC,,https://wcc.sc.egov.usda.gov/nwcc/site?sitenum=343,https://wcc.sc.egov.usda.gov/nwcc/site?sitenum=343,https://services.arcgis.com/SXbDpmb7xQkk44JV/ArcGIS/rest/services/stations_SNTL_ACTIVE/FeatureServer/0
NRCS_snotel_344,nrcs_snotel,USDA NRCS NWCC,NRCS NWCC,snotel,SNOTEL,344,Billie Creek Divide,OR,Klamath,,180102030201,5280,42.40717,-122.2662,"42.407170, -122.266200",1978-10-01,1978,,,1978–present,active,344,344:OR:SNTL,BCDO3,,USDA NRCS NWCC,,https://wcc.sc.egov.usda.gov/nwcc/site?sitenum=344,https://wcc.sc.egov.usda.gov/nwcc/site?sitenum=344,https://services.arcgis.com/SXbDpmb7xQkk44JV/ArcGIS/rest/services/stations_SNTL_ACTIVE/FeatureServer/0
NRCS_snotel_351,nrcs_snotel,USDA NRCS NWCC,NRCS NWCC,snotel,SNOTEL,351,Blazed Alder,OR,Clackamas,,170800010102,3660,45.4287,-121.856,"45.428700, -121.856000",1979-10-01,1979,,,1979–present,active,351,351:OR:SNTL,BLAO3,,USDA NRCS NWCC,,https://wcc.sc.egov.usda.gov/nwcc/site?sitenum=351,https://wcc.sc.egov.usda.gov/nwcc/site?sitenum=351,https://services.arcgis.com/SXbDpmb7xQkk44JV/ArcGIS/rest/services/stations_SNTL_ACTIVE/FeatureServer/0
NRCS_snotel_357,nrcs_snotel,USDA NRCS NWCC,NRCS NWCC,snotel,SNOTEL,357,Blue Mountain Spring,OR,Grant,,170501160104,5880,44.24767,-118.5172,"44.247670, -118.517200",1978-10-01,1978,,,1978–present,active,357,357:OR:SNTL,BLPO3,,USDA NRCS NWCC,,https://wcc.sc.egov.usda.gov/nwcc/site?sitenum=357,https://wcc.sc.egov.usda.gov/nwcc/site?sitenum=357,https://services.arcgis.com/SXbDpmb7xQkk44JV/ArcGIS/rest/services/stations_SNTL_ACTIVE/FeatureServer/0
NRCS_snotel_361,nrcs_snotel,USDA NRCS NWCC,NRCS NWCC,snotel,SNOTEL,361,Bourne,OR,Baker,,170502030101,5850,44.83052,-118.1879,"44.830520, -118.187900",1978-10-01,1978,,,1978–present,active,361,361:OR:SNTL,BORO3,,USDA NRCS NWCC,,https://wcc.sc.egov.usda.gov/nwcc/site?sitenum=361,https://wcc.sc.egov.usda.gov/nwcc/site?sitenum=361,https://services.arcgis.com/SXbDpmb7xQkk44JV/ArcGIS/rest/services/stations_SNTL_ACTIVE/FeatureServer/0
NRCS_snotel_362,nrcs_snotel,USDA NRCS NWCC,NRCS NWCC,snotel,SNOTEL,362,Bowman Springs,OR,Umatilla,,170701030401,4550,45.36428,-118.4671,"45.364280, -118.467100",1978-10-01,1978,,,1978–present,active,362,362:OR:SNTL,BMSO3,,USDA NRCS NWCC,,https://wcc.sc.egov.usda.gov/nwcc/site?sitenum=362,https://wcc.sc.egov.usda.gov/nwcc/site?sitenum=362,https://services.arcgis.com/SXbDpmb7xQkk44JV/ArcGIS/rest/services/stations_SNTL_ACTIVE/FeatureServer/0
NRCS_snotel_388,nrcs_snotel,USDA NRCS NWCC,NRCS NWCC,snotel,SNOTEL,388,Cascade Summit,OR,Deschutes,,170900010301,5100,43.59042,-122.0601,"43.590420, -122.060100",1979-10-01,1979,,,1979–present,active,388,388:OR:SNTL,CSTO3,,USDA NRCS NWCC,,https://wcc.sc.egov.usda.gov/nwcc/site?sitenum=388,https://wcc.sc.egov.usda.gov/nwcc/site?sitenum=388,https://services.arcgis.com/SXbDpmb7xQkk44JV/ArcGIS/rest/services/stations_SNTL_ACTIVE/FeatureServer/0
NRCS_snotel_395,nrcs_snotel,USDA NRCS NWCC,NRCS NWCC,snotel,SNOTEL,395,Chemult Alternate,OR,Klamath,,180102010201,4850,43.22625,-121.8066,"43.226250, -121.806600",1979-10-01,1979,,,1979–present,active,395,395:OR:SNTL,CHUO3,,USDA NRCS NWCC,,https://wcc.sc.egov.usda.gov/nwcc/site?sitenum=395,https://wcc.sc.egov.usda.gov/nwcc/site?sitenum=395,https://services.arcgis.com/SXbDpmb7xQkk44JV/ArcGIS/rest/services/stations_SNTL_ACTIVE/FeatureServer/0
NRCS_snotel_398,nrcs_snotel,USDA NRCS NWCC,NRCS NWCC,snotel,SNOTEL,398,Clackamas Lake,OR,Clackamas,,170900110301,3400,45.09658,-121.7544,"45.096580, -121.754400",1979-10-01,1979,,,1979–present,active,398,398:OR:SNTL,CLLO3,,USDA NRCS NWCC,,https://wcc.sc.egov.usda.gov/nwcc/site?sitenum=398,https://wcc.sc.egov.usda.gov/nwcc/site?sitenum=398,https://services.arcgis.com/SXbDpmb7xQkk44JV/ArcGIS/rest/services/stations_SNTL_ACTIVE/FeatureServer/0
NRCS_snotel_401,nrcs_snotel,USDA NRCS NWCC,NRCS NWCC,snotel,SNOTEL,401,Clear Lake,OR,Wasco,,170703060901,3810,45.18832,-121.6916,"45.188320, -121.691600",1979-10-01,1979,,,1979–present,active,401,401:OR:SNTL,CLKO3,,USDA NRCS NWCC,,https://wcc.sc.egov.usda.gov/nwcc/site?sitenum=401,https://wcc.sc.egov.usda.gov/nwcc/site?sitenum=401,https://services.arcgis.com/SXbDpmb7xQkk44JV/ArcGIS/rest/services/stations_SNTL_ACTIVE/FeatureServer/0
NRCS_snotel_406,nrcs_snotel,USDA NRCS NWCC,NRCS NWCC,snotel,SNOTEL,406,Cold Springs Camp,OR,Klamath,,180102030202,5940,42.53305,-122.1768,"42.533050, -122.176800",1979-10-01,1979,,,1979–present,active,406,406:OR:SNTL,CSCO3,,USDA NRCS NWCC,,https://wcc.sc.egov.usda.gov/nwcc/site?sitenum=406,https://wcc.sc.egov.usda.gov/nwcc/site?sitenum=406,https://services.arcgis.com/SXbDpmb7xQkk44JV/ArcGIS/rest/services/stations_SNTL_ACTIVE/FeatureServer/0
NRCS_snotel_422,nrcs_snotel,USDA NRCS NWCC,NRCS NWCC,snotel,SNOTEL,422,County Line,OR,Umatilla,,170601040202,4840,45.19107,-118.5501,"45.191070, -118.550100",1979-10-01,1979,,,1979–present,active,422,422:OR:SNTL,COLO3,,USDA NRCS NWCC,,https://wcc.sc.egov.usda.gov/nwcc/site?sitenum=422,https://wcc.sc.egov.usda.gov/nwcc/site?sitenum=422,https://services.arcgis.com/SXbDpmb7xQkk44JV/ArcGIS/rest/services/stations_SNTL_ACTIVE/FeatureServer/0
NRCS_snotel_1010,nrcs_snotel,USDA NRCS NWCC,NRCS NWCC,snotel,SNOTEL,1010,Crazyman Flat,OR,Klamath,,180102020101,6190,42.6381,-120.9492,"42.638100, -120.949200",2001-09-01,2001,,,2001–present,active,1010,1010:OR:SNTL,CZFO3,,USDA NRCS NWCC,,https://wcc.sc.egov.usda.gov/nwcc/site?sitenum=1010,https://wcc.sc.egov.usda.gov/nwcc/site?sitenum=1010,https://services.arcgis.com/SXbDpmb7xQkk44JV/ArcGIS/rest/services/stations_SNTL_ACTIVE/FeatureServer/0
NRCS_snotel_434,nrcs_snotel,USDA NRCS NWCC,NRCS NWCC,snotel,SNOTEL,434,Daly Lake,OR,Linn,,170900060101,3690,44.52147,-122.0872,"44.521470, -122.087200",1978-10-01,1978,,,1978–present,active,434,434:OR:SNTL,DALO3,,USDA NRCS NWCC,,https://wcc.sc.egov.usda.gov/nwcc/site?sitenum=434,https://wcc.sc.egov.usda.gov/nwcc/site?sitenum=434,https://services.arcgis.com/SXbDpmb7xQkk44JV/ArcGIS/rest/services/stations_SNTL_ACTIVE/FeatureServer/0
NRCS_snotel_440,nrcs_snotel,USDA NRCS NWCC,NRCS NWCC,snotel,SNOTEL,440,Derr.,OR,Wheeler,,170703040401,5850,44.4465,-119.9301,"44.446500, -119.930100",1979-10-01,1979,,,1979–present,active,440,440:OR:SNTL,DERO3,,USDA NRCS NWCC,,https://wcc.sc.egov.usda.gov/nwcc/site?sitenum=440,https://wcc.sc.egov.usda.gov/nwcc/site?sitenum=440,https://services.arcgis.com/SXbDpmb7xQkk44JV/ArcGIS/rest/services/stations_SNTL_ACTIVE/FeatureServer/0
NRCS_snotel_442,nrcs_snotel,USDA NRCS NWCC,NRCS NWCC,snotel,SNOTEL,442,Diamond Lake,OR,Douglas,,171003010204,5280,43.18787,-122.14,"43.187870, -122.140000",1979-10-01,1979,,,1979–present,active,442,442:OR:SNTL,DIAO3,,USDA NRCS NWCC,,https://wcc.sc.egov.usda.gov/nwcc/site?sitenum=442,https://wcc.sc.egov.usda.gov/nwcc/site?sitenum=442,https://services.arcgis.com/SXbDpmb7xQkk44JV/ArcGIS/rest/services/stations_SNTL_ACTIVE/FeatureServer/0
NRCS_snotel_464,nrcs_snotel,USDA NRCS NWCC,NRCS NWCC,snotel,SNOTEL,464,Eilertson Meadows,OR,Baker,,170502030404,5510,44.86887,-118.1139,"44.868870, -118.113900",1979-10-01,1979,,,1979–present,active,464,464:OR:SNTL,EIMO3,,USDA NRCS NWCC,,https://wcc.sc.egov.usda.gov/nwcc/site?sitenum=464,https://wcc.sc.egov.usda.gov/nwcc/site?sitenum=464,https://services.arcgis.com/SXbDpmb7xQkk44JV/ArcGIS/rest/services/stations_SNTL_ACTIVE/FeatureServer/0
NRCS_snotel_470,nrcs_snotel,USDA NRCS NWCC,NRCS NWCC,snotel,SNOTEL,470,Emigrant Springs,OR,Umatilla,,170701030501,3790,45.55808,-118.4538,"45.558080, -118.453800",1979-10-01,1979,,,1979–present,active,470,470:OR:SNTL,ESPO3,,USDA NRCS NWCC,,https://wcc.sc.egov.usda.gov/nwcc/site?sitenum=470,https://wcc.sc.egov.usda.gov/nwcc/site?sitenum=470,https://services.arcgis.com/SXbDpmb7xQkk44JV/ArcGIS/rest/services/stations_SNTL_ACTIVE/FeatureServer/0
NRCS_snotel_1314,nrcs_snotel,USDA NRCS NWCC,NRCS NWCC,snotel,SNOTEL,1314,Fifteenmile,OR,Hood River,,170701050503,5970,45.35265,-121.53,"45.352650, -121.530000",2022-09-21,2022,,,2022–present,active,1314,1314:OR:SNTL,FFMO3,,USDA NRCS NWCC,,https://wcc.sc.egov.usda.gov/nwcc/site?sitenum=1314,https://wcc.sc.egov.usda.gov/nwcc/site?sitenum=1314,https://services.arcgis.com/SXbDpmb7xQkk44JV/ArcGIS/rest/services/stations_SNTL_ACTIVE/FeatureServer/0
NRCS_snotel_477,nrcs_snotel,USDA NRCS NWCC,NRCS NWCC,snotel,SNOTEL,477,Fish Creek,OR,Harney,,171200030107,7700,42.70993,-118.6322,"42.709930, -118.632200",1978-10-01,1978,,,1978–present,active,477,477:OR:SNTL,FCKO3,,USDA NRCS NWCC,,https://wcc.sc.egov.usda.gov/nwcc/site?sitenum=477,https://wcc.sc.egov.usda.gov/nwcc/site?sitenum=477,https://services.arcgis.com/SXbDpmb7xQkk44JV/ArcGIS/rest/services/stations_SNTL_ACTIVE/FeatureServer/0
NRCS_snotel_479,nrcs_snotel,USDA NRCS NWCC,NRCS NWCC,snotel,SNOTEL,479,Fish Lk.,OR,Jackson,,171003070801,4660,42.3801,-122.3494,"42.380100, -122.349400",1979-10-01,1979,,,1979–present,active,479,479:OR:SNTL,FISO3,,USDA NRCS NWCC,,https://wcc.sc.egov.usda.gov/nwcc/site?sitenum=479,https://wcc.sc.egov.usda.gov/nwcc/site?sitenum=479,https://services.arcgis.com/SXbDpmb7xQkk44JV/ArcGIS/rest/services/stations_SNTL_ACTIVE/FeatureServer/0
NRCS_snotel_483,nrcs_snotel,USDA NRCS NWCC,NRCS NWCC,snotel,SNOTEL,483,Fourmile Lake,OR,Klamath,,180102030202,5970,42.43933,-122.2288,"42.439330, -122.228800",1978-10-01,1978,,,1978–present,active,483,483:OR:SNTL,FRLO3,,USDA NRCS NWCC,,https://wcc.sc.egov.usda.gov/nwcc/site?sitenum=483,https://wcc.sc.egov.usda.gov/nwcc/site?sitenum=483,https://services.arcgis.com/SXbDpmb7xQkk44JV/ArcGIS/rest/services/stations_SNTL_ACTIVE/FeatureServer/0
NRCS_snotel_945,nrcs_snotel,USDA NRCS NWCC,NRCS NWCC,snotel,SNOTEL,945,Gerber Reservoir,OR,Klamath,,180102040508,4880,42.2062,-121.1334,"42.206200, -121.133400",1998-10-01,1998,,,1998–present,active,945,945:OR:SNTL,GSTO3,,USDA NRCS NWCC,,https://wcc.sc.egov.usda.gov/nwcc/site?sitenum=945,https://wcc.sc.egov.usda.gov/nwcc/site?sitenum=945,https://services.arcgis.com/SXbDpmb7xQkk44JV/ArcGIS/rest/services/stations_SNTL_ACTIVE/FeatureServer/0
NRCS_snotel_494,nrcs_snotel,USDA NRCS NWCC,NRCS NWCC,snotel,SNOTEL,494,Gold Center,OR,Grant,,170702020202,5400,44.7638,-118.3117,"44.763800, -118.311700",1979-10-01,1979,,,1979–present,active,494,494:OR:SNTL,GLDO3,,USDA NRCS NWCC,,https://wcc.sc.egov.usda.gov/nwcc/site?sitenum=494,https://wcc.sc.egov.usda.gov/nwcc/site?sitenum=494,https://services.arcgis.com/SXbDpmb7xQkk44JV/ArcGIS/rest/services/stations_SNTL_ACTIVE/FeatureServer/0
NRCS_snotel_504,nrcs_snotel,USDA NRCS NWCC,NRCS NWCC,snotel,SNOTEL,504,Greenpoint,OR,Hood River,,170701050603,3320,45.62237,-121.7041,"45.622370, -121.704100",1978-10-01,1978,,,1978–present,active,504,504:OR:SNTL,GRPO3,,USDA NRCS NWCC,,https://wcc.sc.egov.usda.gov/nwcc/site?sitenum=504,https://wcc.sc.egov.usda.gov/nwcc/site?sitenum=504,https://services.arcgis.com/SXbDpmb7xQkk44JV/ArcGIS/rest/services/stations_SNTL_ACTIVE/FeatureServer/0
NRCS_snotel_523,nrcs_snotel,USDA NRCS NWCC,NRCS NWCC,snotel,SNOTEL,523,High Ridge,OR,Umatilla,,170701030103,4900,45.69682,-118.1066,"45.696820, -118.106600",1978-10-01,1978,,,1978–present,active,523,523:OR:SNTL,HIRO3,,USDA NRCS NWCC,,https://wcc.sc.egov.usda.gov/nwcc/site?sitenum=523,https://wcc.sc.egov.usda.gov/nwcc/site?sitenum=523,https://services.arcgis.com/SXbDpmb7xQkk44JV/ArcGIS/rest/services/stations_SNTL_ACTIVE/FeatureServer/0
NRCS_snotel_526,nrcs_snotel,USDA NRCS NWCC,NRCS NWCC,snotel,SNOTEL,526,Hogg Pass,OR,Linn,,170900040201,4800,44.42042,-121.8566,"44.420420, -121.856600",1978-10-01,1978,,,1978–present,active,526,526:OR:SNTL,HOPO3,,USDA NRCS NWCC,,https://wcc.sc.egov.usda.gov/nwcc/site?sitenum=526,https://wcc.sc.egov.usda.gov/nwcc/site?sitenum=526,https://services.arcgis.com/SXbDpmb7xQkk44JV/ArcGIS/rest/services/stations_SNTL_ACTIVE/FeatureServer/0
NRCS_snotel_529,nrcs_snotel,USDA NRCS NWCC,NRCS NWCC,snotel,SNOTEL,529,Holland Meadows,OR,Lane,,170900020201,4930,43.66917,-122.5688,"43.669170, -122.568800",1979-10-01,1979,,,1979–present,active,529,529:OR:SNTL,HLMO3,,USDA NRCS NWCC,,https://wcc.sc.egov.usda.gov/nwcc/site?sitenum=529,https://wcc.sc.egov.usda.gov/nwcc/site?sitenum=529,https://services.arcgis.com/SXbDpmb7xQkk44JV/ArcGIS/rest/services/stations_SNTL_ACTIVE/FeatureServer/0
NRCS_snotel_1158,nrcs_snotel,USDA NRCS NWCC,NRCS NWCC,snotel,SNOTEL,1158,Howard Prairie,OR,Jackson,,180102060401,4580,42.215,-122.3713,"42.215000, -122.371300",2012-09-26,2012,,,2012–present,active,1158,1158:OR:SNTL,HOWO3,,USDA NRCS NWCC,,https://wcc.sc.egov.usda.gov/nwcc/site?sitenum=1158,https://wcc.sc.egov.usda.gov/nwcc/site?sitenum=1158,https://services.arcgis.com/SXbDpmb7xQkk44JV/ArcGIS/rest/services/stations_SNTL_ACTIVE/FeatureServer/0
NRCS_snotel_545,nrcs_snotel,USDA NRCS NWCC,NRCS NWCC,snotel,SNOTEL,545,Irish Taylor,OR,Deschutes,,170703010106,5540,43.80368,-121.9479,"43.803680, -121.947900",1978-10-01,1978,,,1978–present,active,545,545:OR:SNTL,BEDO3,,USDA NRCS NWCC,,https://wcc.sc.egov.usda.gov/nwcc/site?sitenum=545,https://wcc.sc.egov.usda.gov/nwcc/site?sitenum=545,https://services.arcgis.com/SXbDpmb7xQkk44JV/ArcGIS/rest/services/stations_SNTL_ACTIVE/FeatureServer/0
NRCS_snotel_552,nrcs_snotel,USDA NRCS NWCC,NRCS NWCC,snotel,SNOTEL,552,Jump Off Joe,OR,Linn,,170900060201,3530,44.38605,-122.1668,"44.386050, -122.166800",1978-10-01,1978,,,1978–present,active,552,552:OR:SNTL,JOJO3,,USDA NRCS NWCC,,https://wcc.sc.egov.usda.gov/nwcc/site?sitenum=552,https://wcc.sc.egov.usda.gov/nwcc/site?sitenum=552,https://services.arcgis.com/SXbDpmb7xQkk44JV/ArcGIS/rest/services/stations_SNTL_ACTIVE/FeatureServer/0
NRCS_snotel_558,nrcs_snotel,USDA NRCS NWCC,NRCS NWCC,snotel,SNOTEL,558,King Mountain,OR,Jackson,,171003020701,4340,42.72395,-123.2004,"42.723950, -123.200400",1979-10-01,1979,,,1979–present,active,558,558:OR:SNTL,KIMO3,,USDA NRCS NWCC,,https://wcc.sc.egov.usda.gov/nwcc/site?sitenum=558,https://wcc.sc.egov.usda.gov/nwcc/site?sitenum=558,https://services.arcgis.com/SXbDpmb7xQkk44JV/ArcGIS/rest/services/stations_SNTL_ACTIVE/FeatureServer/0
NRCS_snotel_563,nrcs_snotel,USDA NRCS NWCC,NRCS NWCC,snotel,SNOTEL,563,Lake Creek R.S.,OR,Grant,,170501160102,5250,44.21007,-118.6375,"44.210070, -118.637500",1978-10-01,1978,,,1978–present,active,563,563:OR:SNTL,LKCO3,,USDA NRCS NWCC,,https://wcc.sc.egov.usda.gov/nwcc/site?sitenum=563,https://wcc.sc.egov.usda.gov/nwcc/site?sitenum=563,https://services.arcgis.com/SXbDpmb7xQkk44JV/ArcGIS/rest/services/stations_SNTL_ACTIVE/FeatureServer/0
NRCS_snotel_584,nrcs_snotel,USDA NRCS NWCC,NRCS NWCC,snotel,SNOTEL,584,Little Meadows,OR,Linn,,170900060301,4020,44.61297,-122.2256,"44.612970, -122.225600",1978-10-01,1978,,,1978–present,active,584,584:OR:SNTL,LMDO3,,USDA NRCS NWCC,,https://wcc.sc.egov.usda.gov/nwcc/site?sitenum=584,https://wcc.sc.egov.usda.gov/nwcc/site?sitenum=584,https://services.arcgis.com/SXbDpmb7xQkk44JV/ArcGIS/rest/services/stations_SNTL_ACTIVE/FeatureServer/0
NRCS_snotel_605,nrcs_snotel,USDA NRCS NWCC,NRCS NWCC,snotel,SNOTEL,605,Lucky Strike,OR,Umatilla,,170701030606,4970,45.27478,-118.8479,"45.274780, -118.847900",1978-10-01,1978,,,1978–present,active,605,605:OR:SNTL,LUKO3,,USDA NRCS NWCC,,https://wcc.sc.egov.usda.gov/nwcc/site?sitenum=605,https://wcc.sc.egov.usda.gov/nwcc/site?sitenum=605,https://services.arcgis.com/SXbDpmb7xQkk44JV/ArcGIS/rest/services/stations_SNTL_ACTIVE/FeatureServer/0
NRCS_snotel_608,nrcs_snotel,USDA NRCS NWCC,NRCS NWCC,snotel,SNOTEL,608,Madison Butte,OR,Morrow,,170702041101,5150,45.10513,-119.4958,"45.105130, -119.495800",1979-10-01,1979,,,1979–present,active,608,608:OR:SNTL,MDBO3,,USDA NRCS NWCC,,https://wcc.sc.egov.usda.gov/nwcc/site?sitenum=608,https://wcc.sc.egov.usda.gov/nwcc/site?sitenum=608,https://services.arcgis.com/SXbDpmb7xQkk44JV/ArcGIS/rest/services/stations_SNTL_ACTIVE/FeatureServer/0
NRCS_snotel_614,nrcs_snotel,USDA NRCS NWCC,NRCS NWCC,snotel,SNOTEL,614,Marion Forks,OR,Linn,,170900050205,2590,44.59397,-121.9736,"44.593970, -121.973600",1979-10-01,1979,,,1979–present,active,614,614:OR:SNTL,MRFO3,,USDA NRCS NWCC,,https://wcc.sc.egov.usda.gov/nwcc/site?sitenum=614,https://wcc.sc.egov.usda.gov/nwcc/site?sitenum=614,https://services.arcgis.com/SXbDpmb7xQkk44JV/ArcGIS/rest/services/stations_SNTL_ACTIVE/FeatureServer/0
NRCS_snotel_619,nrcs_snotel,USDA NRCS NWCC,NRCS NWCC,snotel,SNOTEL,619,Mckenzie,OR,Lane,,170900040207,4770,44.2103,-121.8729,"44.210300, -121.872900",1979-10-01,1979,,,1979–present,active,619,619:OR:SNTL,MKZO3,,USDA NRCS NWCC,,https://wcc.sc.egov.usda.gov/nwcc/site?sitenum=619,https://wcc.sc.egov.usda.gov/nwcc/site?sitenum=619,https://services.arcgis.com/SXbDpmb7xQkk44JV/ArcGIS/rest/services/stations_SNTL_ACTIVE/FeatureServer/0
NRCS_snotel_1079,nrcs_snotel,USDA NRCS NWCC,NRCS NWCC,snotel,SNOTEL,1079,Milk Shakes,OR,Wallowa,,170701020201,5580,45.9821,-117.9488,"45.982100, -117.948800",2007-05-12,2007,,,2007–present,active,1079,1079:OR:SNTL,MLKO3,,USDA NRCS NWCC,,https://wcc.sc.egov.usda.gov/nwcc/site?sitenum=1079,https://wcc.sc.egov.usda.gov/nwcc/site?sitenum=1079,https://services.arcgis.com/SXbDpmb7xQkk44JV/ArcGIS/rest/services/stations_SNTL_ACTIVE/FeatureServer/0
NRCS_snotel_1084,nrcs_snotel,USDA NRCS NWCC,NRCS NWCC,snotel,SNOTEL,1084,Miller Woods,OR,Yamhill,,170900080606,420,45.24755,-123.2756,"45.247550, -123.275600",2006-09-22,2006,,,2006–present,active,1084,1084:OR:SNTL,MWDO3,,USDA NRCS NWCC,,https://wcc.sc.egov.usda.gov/nwcc/site?sitenum=1084,https://wcc.sc.egov.usda.gov/nwcc/site?sitenum=1084,https://services.arcgis.com/SXbDpmb7xQkk44JV/ArcGIS/rest/services/stations_SNTL_ACTIVE/FeatureServer/0
NRCS_snotel_647,nrcs_snotel,USDA NRCS NWCC,NRCS NWCC,snotel,SNOTEL,647,Moss Springs,OR,Union,,170601040702,5760,45.27173,-117.6875,"45.271730, -117.687500",1979-10-01,1979,,,1979–present,active,647,647:OR:SNTL,MOSO3,,USDA NRCS NWCC,,https://wcc.sc.egov.usda.gov/nwcc/site?sitenum=647,https://wcc.sc.egov.usda.gov/nwcc/site?sitenum=647,https://services.arcgis.com/SXbDpmb7xQkk44JV/ArcGIS/rest/services/stations_SNTL_ACTIVE/FeatureServer/0
NRCS_snotel_651,nrcs_snotel,USDA NRCS NWCC,NRCS NWCC,snotel,SNOTEL,651,Mt Hood Test Site,OR,Clackamas,,170800010302,5380,45.32097,-121.7158,"45.320970, -121.715800",1979-10-01,1979,,,1979–present,active,651,651:OR:SNTL,MTHO3,,USDA NRCS NWCC,,https://wcc.sc.egov.usda.gov/nwcc/site?sitenum=651,https://wcc.sc.egov.usda.gov/nwcc/site?sitenum=651,https://services.arcgis.com/SXbDpmb7xQkk44JV/ArcGIS/rest/services/stations_SNTL_ACTIVE/FeatureServer/0
NRCS_snotel_653,nrcs_snotel,USDA NRCS NWCC,NRCS NWCC,snotel,SNOTEL,653,Mt. Howard,OR,Wallowa,,170601050102,7840,45.26514,-117.1738,"45.265140, -117.173800",1979-10-01,1979,,,1979–present,active,653,653:OR:SNTL,MHWO3,,USDA NRCS NWCC,,https://wcc.sc.egov.usda.gov/nwcc/site?sitenum=653,https://wcc.sc.egov.usda.gov/nwcc/site?sitenum=653,https://services.arcgis.com/SXbDpmb7xQkk44JV/ArcGIS/rest/services/stations_SNTL_ACTIVE/FeatureServer/0
NRCS_snotel_655,nrcs_snotel,USDA NRCS NWCC,NRCS NWCC,snotel,SNOTEL,655,Mud Ridge,OR,Clackamas,,170800010302,4070,45.25362,-121.7367,"45.253620, -121.736700",1978-10-01,1978,,,1978–present,active,655,655:OR:SNTL,MUDO3,,USDA NRCS NWCC,,https://wcc.sc.egov.usda.gov/nwcc/site?sitenum=655,https://wcc.sc.egov.usda.gov/nwcc/site?sitenum=655,https://services.arcgis.com/SXbDpmb7xQkk44JV/ArcGIS/rest/services/stations_SNTL_ACTIVE/FeatureServer/0
NRCS_snotel_660,nrcs_snotel,USDA NRCS NWCC,NRCS NWCC,snotel,SNOTEL,660,New Crescent Lake,OR,Klamath,,170703020205,4910,43.51185,-121.9798,"43.511850, -121.979800",1979-10-01,1979,,,1979–present,active,660,660:OR:SNTL,NCLO3,,USDA NRCS NWCC,,https://wcc.sc.egov.usda.gov/nwcc/site?sitenum=660,https://wcc.sc.egov.usda.gov/nwcc/site?sitenum=660,https://services.arcgis.com/SXbDpmb7xQkk44JV/ArcGIS/rest/services/stations_SNTL_ACTIVE/FeatureServer/0
NRCS_snotel_666,nrcs_snotel,USDA NRCS NWCC,NRCS NWCC,snotel,SNOTEL,666,North Fork,OR,Multnomah,,170800010503,3070,45.5505,-122.0028,"45.550500, -122.002800",1978-10-01,1978,,,1978–present,active,666,666:OR:SNTL,NFRO3,,USDA NRCS NWCC,,https://wcc.sc.egov.usda.gov/nwcc/site?sitenum=666,https://wcc.sc.egov.usda.gov/nwcc/site?sitenum=666,https://services.arcgis.com/SXbDpmb7xQkk44JV/ArcGIS/rest/services/stations_SNTL_ACTIVE/FeatureServer/0
NRCS_snotel_671,nrcs_snotel,USDA NRCS NWCC,NRCS NWCC,snotel,SNOTEL,671,Ochoco Meadows,OR,Crook,,170703050201,5430,44.42917,-120.3311,"44.429170, -120.331100",1979-10-01,1979,,,1979–present,active,671,671:OR:SNTL,OCMO3,,USDA NRCS NWCC,,https://wcc.sc.egov.usda.gov/nwcc/site?sitenum=671,https://wcc.sc.egov.usda.gov/nwcc/site?sitenum=671,https://services.arcgis.com/SXbDpmb7xQkk44JV/ArcGIS/rest/services/stations_SNTL_ACTIVE/FeatureServer/0
NRCS_snotel_687,nrcs_snotel,USDA NRCS NWCC,NRCS NWCC,snotel,SNOTEL,687,Peavine Ridge,OR,Clackamas,,170900110306,3420,45.04148,-121.9325,"45.041480, -121.932500",1979-10-01,1979,,,1979–present,active,687,687:OR:SNTL,PVRO3,,USDA NRCS NWCC,,https://wcc.sc.egov.usda.gov/nwcc/site?sitenum=687,https://wcc.sc.egov.usda.gov/nwcc/site?sitenum=687,https://services.arcgis.com/SXbDpmb7xQkk44JV/ArcGIS/rest/services/stations_SNTL_ACTIVE/FeatureServer/0
NRCS_snotel_706,nrcs_snotel,USDA NRCS NWCC,NRCS NWCC,snotel,SNOTEL,706,Quartz Mountain,OR,Lake,,180102020404,5710,42.31923,-120.8253,"42.319230, -120.825300",1979-10-01,1979,,,1979–present,active,706,706:OR:SNTL,QRMO3,,USDA NRCS NWCC,,https://wcc.sc.egov.usda.gov/nwcc/site?sitenum=706,https://wcc.sc.egov.usda.gov/nwcc/site?sitenum=706,https://services.arcgis.com/SXbDpmb7xQkk44JV/ArcGIS/rest/services/stations_SNTL_ACTIVE/FeatureServer/0
NRCS_snotel_710,nrcs_snotel,USDA NRCS NWCC,NRCS NWCC,snotel,SNOTEL,710,Railroad Overpass,OR,Lane,,170900010302,2680,43.65887,-122.2127,"43.658870, -122.212700",1980-10-01,1980,,,1980–present,active,710,710:OR:SNTL,RROO3,,USDA NRCS NWCC,,https://wcc.sc.egov.usda.gov/nwcc/site?sitenum=710,https://wcc.sc.egov.usda.gov/nwcc/site?sitenum=710,https://services.arcgis.com/SXbDpmb7xQkk44JV/ArcGIS/rest/services/stations_SNTL_ACTIVE/FeatureServer/0
NRCS_snotel_712,nrcs_snotel,USDA NRCS NWCC,NRCS NWCC,snotel,SNOTEL,712,Red Hill,OR,Hood River,,170701050505,4410,45.4643,-121.7043,"45.464300, -121.704300",1978-10-01,1978,,,1978–present,active,712,712:OR:SNTL,REDO3,,USDA NRCS NWCC,,https://wcc.sc.egov.usda.gov/nwcc/site?sitenum=712,https://wcc.sc.egov.usda.gov/nwcc/site?sitenum=712,https://services.arcgis.com/SXbDpmb7xQkk44JV/ArcGIS/rest/services/stations_SNTL_ACTIVE/FeatureServer/0
NRCS_snotel_719,nrcs_snotel,USDA NRCS NWCC,NRCS NWCC,snotel,SNOTEL,719,Roaring River,OR,Lane,,170900040302,4960,43.90098,-122.0306,"43.900980, -122.030600",1979-10-01,1979,,,1979–present,active,719,719:OR:SNTL,RORO3,,USDA NRCS NWCC,,https://wcc.sc.egov.usda.gov/nwcc/site?sitenum=719,https://wcc.sc.egov.usda.gov/nwcc/site?sitenum=719,https://services.arcgis.com/SXbDpmb7xQkk44JV/ArcGIS/rest/services/stations_SNTL_ACTIVE/FeatureServer/0
NRCS_snotel_721,nrcs_snotel,USDA NRCS NWCC,NRCS NWCC,snotel,SNOTEL,721,Rock Springs,OR,Grant,,170501160204,5290,44.00883,-118.8384,"44.008830, -118.838400",1979-10-01,1979,,,1979–present,active,721,721:OR:SNTL,RCSO3,,USDA NRCS NWCC,,https://wcc.sc.egov.usda.gov/nwcc/site?sitenum=721,https://wcc.sc.egov.usda.gov/nwcc/site?sitenum=721,https://services.arcgis.com/SXbDpmb7xQkk44JV/ArcGIS/rest/services/stations_SNTL_ACTIVE/FeatureServer/0
NRCS_snotel_726,nrcs_snotel,USDA NRCS NWCC,NRCS NWCC,snotel,SNOTEL,726,Saddle Mountain,OR,Washington,,170900100201,3090,45.54475,-123.3733,"45.544750, -123.373300",1978-10-01,1978,,,1978–present,active,726,726:OR:SNTL,SDMO3,,USDA NRCS NWCC,,https://wcc.sc.egov.usda.gov/nwcc/site?sitenum=726,https://wcc.sc.egov.usda.gov/nwcc/site?sitenum=726,https://services.arcgis.com/SXbDpmb7xQkk44JV/ArcGIS/rest/services/stations_SNTL_ACTIVE/FeatureServer/0
NRCS_snotel_729,nrcs_snotel,USDA NRCS NWCC,NRCS NWCC,snotel,SNOTEL,729,Salt Creek Falls,OR,Lane,,170900010301,4220,43.61193,-122.1176,"43.611930, -122.117600",1979-10-01,1979,,,1979–present,active,729,729:OR:SNTL,SCFO3,,USDA NRCS NWCC,,https://wcc.sc.egov.usda.gov/nwcc/site?sitenum=729,https://wcc.sc.egov.usda.gov/nwcc/site?sitenum=729,https://services.arcgis.com/SXbDpmb7xQkk44JV/ArcGIS/rest/services/stations_SNTL_ACTIVE/FeatureServer/0
NRCS_snotel_733,nrcs_snotel,USDA NRCS NWCC,NRCS NWCC,snotel,SNOTEL,733,Santiam Jct.,OR,Linn,,170900040201,3740,44.43503,-121.945,"44.435030, -121.945000",1978-10-01,1978,,,1978–present,active,733,733:OR:SNTL,SAJO3,,USDA NRCS NWCC,,https://wcc.sc.egov.usda.gov/nwcc/site?sitenum=733,https://wcc.sc.egov.usda.gov/nwcc/site?sitenum=733,https://services.arcgis.com/SXbDpmb7xQkk44JV/ArcGIS/rest/services/stations_SNTL_ACTIVE/FeatureServer/0
NRCS_snotel_736,nrcs_snotel,USDA NRCS NWCC,NRCS NWCC,snotel,SNOTEL,736,Schneider Meadows,OR,Baker,,170502010603,5400,45.00107,-117.1652,"45.001070, -117.165200",1980-10-01,1980,,,1980–present,active,736,736:OR:SNTL,SCHO3,,USDA NRCS NWCC,,https://wcc.sc.egov.usda.gov/nwcc/site?sitenum=736,https://wcc.sc.egov.usda.gov/nwcc/site?sitenum=736,https://services.arcgis.com/SXbDpmb7xQkk44JV/ArcGIS/rest/services/stations_SNTL_ACTIVE/FeatureServer/0
NRCS_snotel_743,nrcs_snotel,USDA NRCS NWCC,NRCS NWCC,snotel,SNOTEL,743,Seine Creek,OR,Washington,,170900100203,2070,45.52688,-123.2986,"45.526880, -123.298600",1979-10-01,1979,,,1979–present,active,743,743:OR:SNTL,SECO3,,USDA NRCS NWCC,,https://wcc.sc.egov.usda.gov/nwcc/site?sitenum=743,https://wcc.sc.egov.usda.gov/nwcc/site?sitenum=743,https://services.arcgis.com/SXbDpmb7xQkk44JV/ArcGIS/rest/services/stations_SNTL_ACTIVE/FeatureServer/0
NRCS_snotel_745,nrcs_snotel,USDA NRCS NWCC,NRCS NWCC,snotel,SNOTEL,745,Sevenmile Marsh,OR,Klamath,,180102030104,5690,42.69825,-122.1416,"42.698250, -122.141600",1979-10-01,1979,,,1979–present,active,745,745:OR:SNTL,SVMO3,,USDA NRCS NWCC,,https://wcc.sc.egov.usda.gov/nwcc/site?sitenum=745,https://wcc.sc.egov.usda.gov/nwcc/site?sitenum=745,https://services.arcgis.com/SXbDpmb7xQkk44JV/ArcGIS/rest/services/stations_SNTL_ACTIVE/FeatureServer/0
NRCS_snotel_756,nrcs_snotel,USDA NRCS NWCC,NRCS NWCC,snotel,SNOTEL,756,Silver Creek,OR,Lake,,171200050206,5750,42.95615,-121.1812,"42.956150, -121.181200",1979-10-01,1979,,,1979–present,active,756,756:OR:SNTL,SVCO3,,USDA NRCS NWCC,,https://wcc.sc.egov.usda.gov/nwcc/site?sitenum=756,https://wcc.sc.egov.usda.gov/nwcc/site?sitenum=756,https://services.arcgis.com/SXbDpmb7xQkk44JV/ArcGIS/rest/services/stations_SNTL_ACTIVE/FeatureServer/0
NRCS_snotel_759,nrcs_snotel,USDA NRCS NWCC,NRCS NWCC,snotel,SNOTEL,759,Silvies,OR,Harney,,171200030201,7000,42.75333,-118.6879,"42.753330, -118.687900",1978-10-01,1978,,,1978–present,active,759,759:OR:SNTL,SLVO3,,USDA NRCS NWCC,,https://wcc.sc.egov.usda.gov/nwcc/site?sitenum=759,https://wcc.sc.egov.usda.gov/nwcc/site?sitenum=759,https://services.arcgis.com/SXbDpmb7xQkk44JV/ArcGIS/rest/services/stations_SNTL_ACTIVE/FeatureServer/0
NRCS_snotel_1167,nrcs_snotel,USDA NRCS NWCC,NRCS NWCC,snotel,SNOTEL,1167,Smith Ridge,OR,Linn,,170900040203,3270,44.30325,-122.0405,"44.303250, -122.040500",2011-10-01,2011,,,2011–present,active,1167,1167:OR:SNTL,SMTO3,,USDA NRCS NWCC,,https://wcc.sc.egov.usda.gov/nwcc/site?sitenum=1167,https://wcc.sc.egov.usda.gov/nwcc/site?sitenum=1167,https://services.arcgis.com/SXbDpmb7xQkk44JV/ArcGIS/rest/services/stations_SNTL_ACTIVE/FeatureServer/0
NRCS_snotel_767,nrcs_snotel,USDA NRCS NWCC,NRCS NWCC,snotel,SNOTEL,767,Snow Mountain,OR,Harney,,171200020501,6230,43.94885,-119.5401,"43.948850, -119.540100",1978-10-01,1978,,,1978–present,active,767,767:OR:SNTL,SNWO3,,USDA NRCS NWCC,,https://wcc.sc.egov.usda.gov/nwcc/site?sitenum=767,https://wcc.sc.egov.usda.gov/nwcc/site?sitenum=767,https://services.arcgis.com/SXbDpmb7xQkk44JV/ArcGIS/rest/services/stations_SNTL_ACTIVE/FeatureServer/0
NRCS_snotel_925,nrcs_snotel,USDA NRCS NWCC,NRCS NWCC,snotel,SNOTEL,925,South Fork Bull Run,OR,Clackamas,,170800010504,2690,45.44575,-122.0313,"45.445750, -122.031300",1997-09-18,1997,,,1997–present,active,925,925:OR:SNTL,SFBO3,,USDA NRCS NWCC,,https://wcc.sc.egov.usda.gov/nwcc/site?sitenum=925,https://wcc.sc.egov.usda.gov/nwcc/site?sitenum=925,https://services.arcgis.com/SXbDpmb7xQkk44JV/ArcGIS/rest/services/stations_SNTL_ACTIVE/FeatureServer/0
NRCS_snotel_789,nrcs_snotel,USDA NRCS NWCC,NRCS NWCC,snotel,SNOTEL,789,Starr Ridge,OR,Grant,,171200020102,5240,44.26423,-119.0216,"44.264230, -119.021600",1979-10-01,1979,,,1979–present,active,789,789:OR:SNTL,STRO3,,USDA NRCS NWCC,,https://wcc.sc.egov.usda.gov/nwcc/site?sitenum=789,https://wcc.sc.egov.usda.gov/nwcc/site?sitenum=789,https://services.arcgis.com/SXbDpmb7xQkk44JV/ArcGIS/rest/services/stations_SNTL_ACTIVE/FeatureServer/0
NRCS_snotel_794,nrcs_snotel,USDA NRCS NWCC,NRCS NWCC,snotel,SNOTEL,794,Strawberry,OR,Lake,,180102040501,5760,42.12587,-120.8361,"42.125870, -120.836100",1979-10-01,1979,,,1979–present,active,794,794:OR:SNTL,STWO3,,USDA NRCS NWCC,,https://wcc.sc.egov.usda.gov/nwcc/site?sitenum=794,https://wcc.sc.egov.usda.gov/nwcc/site?sitenum=794,https://services.arcgis.com/SXbDpmb7xQkk44JV/ArcGIS/rest/services/stations_SNTL_ACTIVE/FeatureServer/0
NRCS_snotel_800,nrcs_snotel,USDA NRCS NWCC,NRCS NWCC,snotel,SNOTEL,800,Summer Rim,OR,Lake,,180102020103,7080,42.6957,-120.8016,"42.695700, -120.801600",1978-10-01,1978,,,1978–present,active,800,800:OR:SNTL,SMRO3,,USDA NRCS NWCC,,https://wcc.sc.egov.usda.gov/nwcc/site?sitenum=800,https://wcc.sc.egov.usda.gov/nwcc/site?sitenum=800,https://services.arcgis.com/SXbDpmb7xQkk44JV/ArcGIS/rest/services/stations_SNTL_ACTIVE/FeatureServer/0
NRCS_snotel_801,nrcs_snotel,USDA NRCS NWCC,NRCS NWCC,snotel,SNOTEL,801,Summit Lake,OR,Klamath,,170703020203,5610,43.44907,-122.1381,"43.449070, -122.138100",1978-10-01,1978,,,1978–present,active,801,801:OR:SNTL,SMLO3,,USDA NRCS NWCC,,https://wcc.sc.egov.usda.gov/nwcc/site?sitenum=801,https://wcc.sc.egov.usda.gov/nwcc/site?sitenum=801,https://services.arcgis.com/SXbDpmb7xQkk44JV/ArcGIS/rest/services/stations_SNTL_ACTIVE/FeatureServer/0
NRCS_snotel_1078,nrcs_snotel,USDA NRCS NWCC,NRCS NWCC,snotel,SNOTEL,1078,Sun Pass,OR,Klamath,,180102010602,5400,42.78637,-121.9771,"42.786370, -121.977100",2006-06-27,2006,,,2006–present,active,1078,1078:OR:SNTL,SSSO3,,USDA NRCS NWCC,,https://wcc.sc.egov.usda.gov/nwcc/site?sitenum=1078,https://wcc.sc.egov.usda.gov/nwcc/site?sitenum=1078,https://services.arcgis.com/SXbDpmb7xQkk44JV/ArcGIS/rest/services/stations_SNTL_ACTIVE/FeatureServer/0
NRCS_snotel_1077,nrcs_snotel,USDA NRCS NWCC,NRCS NWCC,snotel,SNOTEL,1077,Swan Lake Mtn,OR,Klamath,,180102040802,6830,42.41323,-121.68,"42.413230, -121.680000",2006-10-01,2006,,,2006–present,active,1077,1077:OR:SNTL,SWNO3,,USDA NRCS NWCC,,https://wcc.sc.egov.usda.gov/nwcc/site?sitenum=1077,https://wcc.sc.egov.usda.gov/nwcc/site?sitenum=1077,https://services.arcgis.com/SXbDpmb7xQkk44JV/ArcGIS/rest/services/stations_SNTL_ACTIVE/FeatureServer/0
NRCS_snotel_810,nrcs_snotel,USDA NRCS NWCC,NRCS NWCC,snotel,SNOTEL,810,Taylor Butte,OR,Klamath,,180102020606,5030,42.69108,-121.4259,"42.691080, -121.425900",1978-10-01,1978,,,1978–present,active,810,810:OR:SNTL,TYBO3,,USDA NRCS NWCC,,https://wcc.sc.egov.usda.gov/nwcc/site?sitenum=810,https://wcc.sc.egov.usda.gov/nwcc/site?sitenum=810,https://services.arcgis.com/SXbDpmb7xQkk44JV/ArcGIS/rest/services/stations_SNTL_ACTIVE/FeatureServer/0
NRCS_snotel_812,nrcs_snotel,USDA NRCS NWCC,NRCS NWCC,snotel,SNOTEL,812,Taylor Green,OR,Baker,,170601040502,5730,45.07707,-117.5507,"45.077070, -117.550700",1978-10-01,1978,,,1978–present,active,812,812:OR:SNTL,TYLO3,,USDA NRCS NWCC,,https://wcc.sc.egov.usda.gov/nwcc/site?sitenum=812,https://wcc.sc.egov.usda.gov/nwcc/site?sitenum=812,https://services.arcgis.com/SXbDpmb7xQkk44JV/ArcGIS/rest/services/stations_SNTL_ACTIVE/FeatureServer/0
NRCS_snotel_815,nrcs_snotel,USDA NRCS NWCC,NRCS NWCC,snotel,SNOTEL,815,Three Creeks Meadow,OR,Deschutes,,170703010601,5680,44.14425,-121.641,"44.144250, -121.641000",1979-10-01,1979,,,1979–present,active,815,815:OR:SNTL,TCMO3,,USDA NRCS NWCC,,https://wcc.sc.egov.usda.gov/nwcc/site?sitenum=815,https://wcc.sc.egov.usda.gov/nwcc/site?sitenum=815,https://services.arcgis.com/SXbDpmb7xQkk44JV/ArcGIS/rest/services/stations_SNTL_ACTIVE/FeatureServer/0
NRCS_snotel_821,nrcs_snotel,USDA NRCS NWCC,NRCS NWCC,snotel,SNOTEL,821,Tipton,OR,Baker,,170502020101,5150,44.65567,-118.4262,"44.655670, -118.426200",1978-10-01,1978,,,1978–present,active,821,821:OR:SNTL,TIPO3,,USDA NRCS NWCC,,https://wcc.sc.egov.usda.gov/nwcc/site?sitenum=821,https://wcc.sc.egov.usda.gov/nwcc/site?sitenum=821,https://services.arcgis.com/SXbDpmb7xQkk44JV/ArcGIS/rest/services/stations_SNTL_ACTIVE/FeatureServer/0
NRCS_snotel_1044,nrcs_snotel,USDA NRCS NWCC,NRCS NWCC,snotel,SNOTEL,1044,Toketee Airstrip,OR,Douglas,,171003010404,3240,43.22718,-122.4254,"43.227180, -122.425400",2003-10-01,2003,,,2003–present,active,1044,1044:OR:SNTL,TOKO3,,USDA NRCS NWCC,,https://wcc.sc.egov.usda.gov/nwcc/site?sitenum=1044,https://wcc.sc.egov.usda.gov/nwcc/site?sitenum=1044,https://services.arcgis.com/SXbDpmb7xQkk44JV/ArcGIS/rest/services/stations_SNTL_ACTIVE/FeatureServer/0
NRCS_snotel_873,nrcs_snotel,USDA NRCS NWCC,NRCS NWCC,snotel,SNOTEL,873,Wolf Creek,OR,Union,,170502030601,5730,45.06704,-118.1518,"45.067040, -118.151800",1978-10-01,1978,,,1978–present,active,873,873:OR:SNTL,WFCO3,,USDA NRCS NWCC,,https://wcc.sc.egov.usda.gov/nwcc/site?sitenum=873,https://wcc.sc.egov.usda.gov/nwcc/site?sitenum=873,https://services.arcgis.com/SXbDpmb7xQkk44JV/ArcGIS/rest/services/stations_SNTL_ACTIVE/FeatureServer/0
