{
  "type": "FeatureCollection",
  "contract_version": "1.0.0",
  "bbox": [-130, 30.17947, -112, 44.5],
  "features": [
    {
      "type": "Feature",
      "id": "2026082906_f222_09000_001",
      "properties": {
        "product_id": "winter_storm_levels",
        "source_id": "nbm_snow_level",
        "parameter": "snow_level",
        "definition": "height of the wet-bulb 0.5 degree C surface",
        "level_ft_msl": 9000,
        "label": "9,000 ft MSL",
        "unit": "ft_msl",
        "cycle_time_utc": "2026-08-29T06:00:00Z",
        "valid_time_utc": "2026-09-07T12:00:00Z",
        "lead_hours": 222,
        "segment": 1,
        "length_m": 84245.3
      },
      "geometry": {
        "type": "LineString",
        "coordinates": [
          [-123.1802, 42.39296],
          [-123.17412, 42.37169],
          [-123.15756, 42.36371],
          [-123.12877, 42.36819],
          [-123.09997, 42.37267],
          [-123.07117, 42.37714],
          [-123.04237, 42.38161],
          [-123.01356, 42.38607],
          [-122.98475, 42.39053],
          [-122.97393, 42.40275],
          [-122.96197, 42.41626],
          [-122.95114, 42.42848],
          [-122.93917, 42.44198],
          [-122.92834, 42.4542],
          [-122.91637, 42.4677],
          [-122.90553, 42.47991],
          [-122.91155, 42.50118],
          [-122.89957, 42.51468],
          [-122.88873, 42.52689],
          [-122.89475, 42.54815],
          [-122.90077, 42.56941],
          [-122.9068, 42.59066],
          [-122.92338, 42.59865],
          [-122.9417, 42.60748],
          [-122.95829, 42.61546],
          [-122.98716, 42.61101],
          [-123.01603, 42.60656],
          [-123.0449, 42.6021],
          [-123.05574, 42.58989],
          [-123.06771, 42.57639],
          [-123.07854, 42.56418],
          [-123.0905, 42.55067],
          [-123.10132, 42.53845],
          [-123.11328, 42.52495],
          [-123.1241, 42.51272],
          [-123.11803, 42.49147],
          [-123.11196, 42.4702],
          [-123.1059, 42.44894],
          [-123.11785, 42.43542],
          [-123.12865, 42.4232],
          [-123.14059, 42.40968],
          [-123.1694, 42.4052],
          [-123.1802, 42.39296]
        ]
      }
    },
    {
      "type": "Feature",
      "id": "2026082906_f222_09000_002",
      "properties": {
        "product_id": "winter_storm_levels",
        "source_id": "nbm_snow_level",
        "parameter": "snow_level",
        "definition": "height of the wet-bulb 0.5 degree C surface",
        "level_ft_msl": 9000,
        "label": "9,000 ft MSL",
        "unit": "ft_msl",
        "cycle_time_utc": "2026-08-29T06:00:00Z",
        "valid_time_utc": "2026-09-07T12:00:00Z",
        "lead_hours": 222,
        "segment": 2,
        "length_m": 7348.2
      },
      "geometry": {
        "type": "LineString",
        "coordinates": [
          [-128.69409, 37.86692],
          [-128.68339, 37.88111],
          [-128.66541, 37.87266],
          [-128.67612, 37.85847],
          [-128.69409, 37.86692]
        ]
      }
    },
    {
      "type": "Feature",
      "id": "2026082906_f222_09000_003",
      "properties": {
        "product_id": "winter_storm_levels",
        "source_id": "nbm_snow_level",
        "parameter": "snow_level",
        "definition": "height of the wet-bulb 0.5 degree C surface",
        "level_ft_msl": 9000,
        "label": "9,000 ft MSL",
        "unit": "ft_msl",
        "cycle_time_utc": "2026-08-29T06:00:00Z",
        "valid_time_utc": "2026-09-07T12:00:00Z",
        "lead_hours": 222,
        "segment": 3,
        "length_m": 22164.9
      },
      "geometry": {
        "type": "LineString",
        "coordinates": [
          [-128.93978, 37.8175],
          [-128.9328, 37.79594],
          [-128.91482, 37.78751],
          [-128.88754, 37.79302],
          [-128.86026, 37.79852],
          [-128.84959, 37.81273],
          [-128.85655, 37.83429],
          [-128.87453, 37.84272],
          [-128.90183, 37.83721],
          [-128.92912, 37.8317],
          [-128.93978, 37.8175]
        ]
      }
    },
    {
      "type": "Feature",
      "id": "2026082906_f222_09000_004",
      "properties": {
        "product_id": "winter_storm_levels",
        "source_id": "nbm_snow_level",
        "parameter": "snow_level",
        "definition": "height of the wet-bulb 0.5 degree C surface",
        "level_ft_msl": 9000,
        "label": "9,000 ft MSL",
        "unit": "ft_msl",
        "cycle_time_utc": "2026-08-29T06:00:00Z",
        "valid_time_utc": "2026-09-07T12:00:00Z",
        "lead_hours": 222,
        "segment": 4,
        "length_m": 1645950.2
      },
      "geometry": {
        "type": "LineString",
        "coordinates": [
          [-130, 38.50761],
          [-129.99902, 38.50716],
          [-129.97161, 38.51283],
          [-129.9442, 38.51848],
          [-129.91678, 38.52413],
          [-129.88936, 38.52978],
          [-129.86194, 38.53542],
          [-129.84549, 38.52791],
          [-129.82732, 38.51961],
          [-129.7999, 38.52524],
          [-129.78345, 38.51773],
          [-129.76528, 38.50942],
          [-129.74884, 38.5019],
          [-129.73067, 38.49358],
          [-129.70325, 38.4992],
          [-129.68682, 38.49167],
          [-129.66866, 38.48335],
          [-129.65223, 38.47582],
          [-129.63408, 38.4675],
          [-129.60666, 38.4731],
          [-129.59024, 38.46557],
          [-129.57209, 38.45723],
          [-129.55568, 38.44969],
          [-129.53753, 38.44136],
          [-129.51012, 38.44695],
          [-129.49371, 38.4394],
          [-129.47557, 38.43106],
          [-129.45916, 38.4235],
          [-129.44103, 38.41516],
          [-129.41362, 38.42073],
          [-129.39722, 38.41318],
          [-129.3791, 38.40482],
          [-129.3627, 38.39726],
          [-129.34458, 38.3889],
          [-129.32819, 38.38134],
          [-129.3211, 38.35985],
          [-129.33075, 38.347],
          [-129.34141, 38.3328],
          [-129.35106, 38.31995],
          [-129.36171, 38.30574],
          [-129.37135, 38.29289],
          [-129.382, 38.27868],
          [-129.39164, 38.26582],
          [-129.41901, 38.26025],
          [-129.42965, 38.24603],
          [-129.42905, 38.22321],
          [-129.43217, 38.21167],
          [-129.43563, 38.19892],
          [-129.42472, 38.1891],
          [-129.40835, 38.18154],
          [-129.39027, 38.17317],
          [-129.37391, 38.16561],
          [-129.35769, 38.16289],
          [-129.32679, 38.1577],
          [-129.31862, 38.15391],
          [-129.29237, 38.14175],
          [-129.28419, 38.13797],
          [-129.26345, 38.11923],
          [-129.25257, 38.10939],
          [-129.24272, 38.10049],
          [-129.23567, 38.07898],
          [-129.22861, 38.05746],
          [-129.23176, 38.04591],
          [-129.2424, 38.0317],
          [-129.25203, 38.01884],
          [-129.26267, 38.00462],
          [-129.27229, 37.99175],
          [-129.28293, 37.97753],
          [-129.29255, 37.96466],
          [-129.31985, 37.9591],
          [-129.33047, 37.94487],
          [-129.34008, 37.932],
          [-129.3507, 37.91777],
          [-129.34364, 37.89624],
          [-129.33657, 37.87471],
          [-129.32952, 37.85317],
          [-129.31149, 37.84479],
          [-129.28422, 37.85036],
          [-129.25694, 37.85592],
          [-129.24064, 37.84833],
          [-129.22262, 37.83994],
          [-129.20632, 37.83235],
          [-129.18831, 37.82395],
          [-129.17202, 37.81635],
          [-129.15402, 37.80795],
          [-129.12674, 37.8135],
          [-129.09947, 37.81904],
          [-129.07219, 37.82457],
          [-129.0449, 37.8301],
          [-129.02862, 37.82249],
          [-129.01063, 37.81408],
          [-128.99997, 37.82829],
          [-128.99033, 37.84115],
          [-128.96304, 37.84667],
          [-128.93575, 37.85218],
          [-128.90845, 37.85769],
          [-128.88115, 37.86319],
          [-128.87047, 37.8774],
          [-128.86081, 37.89024],
          [-128.8335, 37.89574],
          [-128.80619, 37.90123],
          [-128.78991, 37.8936],
          [-128.77192, 37.88516],
          [-128.74461, 37.89064],
          [-128.7173, 37.89612],
          [-128.68998, 37.90159],
          [-128.67927, 37.91578],
          [-128.66958, 37.92862],
          [-128.64225, 37.93408],
          [-128.62598, 37.92644],
          [-128.608, 37.91798],
          [-128.58067, 37.92344],
          [-128.55334, 37.92889],
          [-128.54261, 37.94307],
          [-128.56059, 37.95152],
          [-128.58793, 37.94607],
          [-128.6042, 37.95372],
          [-128.5945, 37.96655],
          [-128.56716, 37.972],
          [-128.53981, 37.97745],
          [-128.52354, 37.9698],
          [-128.50556, 37.96133],
          [-128.47822, 37.96677],
          [-128.45087, 37.9722],
          [-128.44012, 37.98637],
          [-128.4304, 37.99919],
          [-128.40304, 38.00462],
          [-128.37568, 38.01004],
          [-128.36492, 38.0242],
          [-128.35519, 38.03701],
          [-128.32781, 38.04242],
          [-128.30044, 38.04783],
          [-128.27306, 38.05323],
          [-128.24568, 38.05863],
          [-128.2349, 38.07278],
          [-128.22514, 38.08558],
          [-128.20888, 38.0779],
          [-128.20203, 38.05634],
          [-128.19519, 38.03478],
          [-128.17722, 38.02628],
          [-128.14984, 38.03167],
          [-128.12246, 38.03705],
          [-128.11167, 38.05119],
          [-128.1185, 38.07276],
          [-128.12532, 38.09432],
          [-128.11555, 38.10712],
          [-128.08815, 38.11249],
          [-128.06074, 38.11786],
          [-128.04993, 38.13199],
          [-128.04015, 38.14478],
          [-128.01273, 38.15014],
          [-128.00191, 38.16427],
          [-127.99212, 38.17705],
          [-127.96469, 38.18241],
          [-127.93726, 38.18775],
          [-127.90983, 38.19309],
          [-127.88239, 38.19843],
          [-127.85496, 38.20376],
          [-127.82751, 38.20909],
          [-127.81666, 38.22321],
          [-127.80684, 38.23598],
          [-127.77939, 38.2413],
          [-127.75194, 38.24661],
          [-127.72448, 38.25192],
          [-127.69702, 38.25723],
          [-127.66956, 38.26253],
          [-127.65868, 38.27663],
          [-127.64884, 38.28939],
          [-127.62136, 38.29468],
          [-127.59389, 38.29997],
          [-127.56641, 38.30526],
          [-127.53893, 38.31054],
          [-127.51144, 38.31581],
          [-127.48395, 38.32108],
          [-127.45646, 38.32635],
          [-127.44555, 38.34044],
          [-127.43568, 38.35318],
          [-127.40818, 38.35844],
          [-127.38067, 38.36369],
          [-127.36975, 38.37777],
          [-127.35986, 38.3905],
          [-127.33234, 38.39575],
          [-127.30483, 38.40099],
          [-127.27731, 38.40623],
          [-127.24979, 38.41146],
          [-127.23884, 38.42552],
          [-127.22893, 38.43825],
          [-127.2014, 38.44347],
          [-127.17386, 38.44869],
          [-127.14632, 38.45391],
          [-127.11878, 38.45912],
          [-127.10781, 38.47317],
          [-127.09788, 38.48589],
          [-127.07033, 38.49109],
          [-127.04278, 38.49628],
          [-127.01522, 38.50148],
          [-126.98766, 38.50666],
          [-126.9601, 38.51185],
          [-126.93253, 38.51703],
          [-126.90496, 38.5222],
          [-126.87739, 38.52737],
          [-126.86639, 38.54141],
          [-126.85642, 38.5541],
          [-126.82884, 38.55927],
          [-126.80126, 38.56442],
          [-126.77367, 38.56957],
          [-126.76264, 38.5836],
          [-126.75266, 38.59629],
          [-126.72507, 38.60143],
          [-126.71403, 38.61546],
          [-126.70404, 38.62814],
          [-126.67643, 38.63328],
          [-126.64882, 38.63841],
          [-126.62121, 38.64353],
          [-126.59359, 38.64865],
          [-126.56597, 38.65377],
          [-126.55491, 38.66778],
          [-126.5449, 38.68045],
          [-126.51727, 38.68556],
          [-126.48964, 38.69067],
          [-126.47856, 38.70467],
          [-126.46853, 38.71733],
          [-126.44089, 38.72243],
          [-126.41325, 38.72752],
          [-126.3856, 38.73261],
          [-126.3745, 38.7466],
          [-126.38102, 38.76817],
          [-126.37098, 38.78082],
          [-126.34331, 38.7859],
          [-126.33221, 38.79989],
          [-126.32216, 38.81254],
          [-126.29448, 38.81761],
          [-126.2668, 38.82268],
          [-126.25057, 38.81484],
          [-126.23263, 38.80617],
          [-126.20495, 38.81123],
          [-126.17727, 38.81628],
          [-126.16614, 38.83025],
          [-126.17262, 38.85182],
          [-126.17911, 38.87338],
          [-126.16903, 38.88602],
          [-126.14133, 38.89106],
          [-126.11362, 38.8961],
          [-126.08592, 38.90114],
          [-126.05821, 38.90617],
          [-126.0305, 38.9112],
          [-126.01933, 38.92515],
          [-126.00923, 38.93778],
          [-125.98151, 38.9428],
          [-125.95379, 38.94781],
          [-125.94261, 38.96176],
          [-125.9325, 38.97438],
          [-125.90476, 38.97939],
          [-125.87702, 38.98439],
          [-125.84928, 38.98938],
          [-125.82154, 38.99437],
          [-125.79379, 38.99936],
          [-125.76604, 39.00434],
          [-125.74982, 38.99646],
          [-125.73189, 38.98775],
          [-125.70414, 38.99272],
          [-125.67639, 38.99769],
          [-125.64864, 39.00265],
          [-125.62088, 39.00761],
          [-125.59312, 39.01257],
          [-125.56536, 39.01752],
          [-125.53759, 39.02246],
          [-125.50983, 39.0274],
          [-125.48206, 39.03234],
          [-125.45429, 39.03727],
          [-125.44304, 39.05118],
          [-125.43285, 39.06377],
          [-125.40507, 39.06869],
          [-125.39381, 39.0826],
          [-125.38362, 39.09518],
          [-125.35583, 39.10009],
          [-125.32803, 39.105],
          [-125.31675, 39.1189],
          [-125.30655, 39.13148],
          [-125.27874, 39.13638],
          [-125.26746, 39.15028],
          [-125.25725, 39.16285],
          [-125.24596, 39.17674],
          [-125.23574, 39.1893],
          [-125.20791, 39.19419],
          [-125.19661, 39.20808],
          [-125.18639, 39.22064],
          [-125.17508, 39.23453],
          [-125.16485, 39.24709],
          [-125.137, 39.25196],
          [-125.12569, 39.26584],
          [-125.11545, 39.27839],
          [-125.08759, 39.28326],
          [-125.07627, 39.29713],
          [-125.06602, 39.30968],
          [-125.03815, 39.31454],
          [-125.02682, 39.32841],
          [-125.01656, 39.34096],
          [-124.98868, 39.34581],
          [-124.97734, 39.35967],
          [-124.96707, 39.37221],
          [-124.93918, 39.37705],
          [-124.92783, 39.39091],
          [-124.91755, 39.40344],
          [-124.90619, 39.4173],
          [-124.89591, 39.42983],
          [-124.868, 39.43466],
          [-124.85663, 39.44851],
          [-124.84634, 39.46104],
          [-124.83496, 39.47488],
          [-124.82467, 39.48741],
          [-124.79674, 39.49223],
          [-124.78536, 39.50607],
          [-124.77505, 39.51859],
          [-124.76366, 39.53242],
          [-124.75335, 39.54494],
          [-124.72541, 39.54974],
          [-124.714, 39.56358],
          [-124.70368, 39.57609],
          [-124.69228, 39.58992],
          [-124.68195, 39.60243],
          [-124.65399, 39.60722],
          [-124.64257, 39.62104],
          [-124.63224, 39.63355],
          [-124.62081, 39.64737],
          [-124.61048, 39.65987],
          [-124.59905, 39.67369],
          [-124.5887, 39.68619],
          [-124.56071, 39.69096],
          [-124.54927, 39.70477],
          [-124.53892, 39.71727],
          [-124.51092, 39.72203],
          [-124.49947, 39.73584],
          [-124.48911, 39.74833],
          [-124.47766, 39.76213],
          [-124.46729, 39.77462],
          [-124.43927, 39.77937],
          [-124.42781, 39.79317],
          [-124.41743, 39.80565],
          [-124.40596, 39.81945],
          [-124.39558, 39.83192],
          [-124.3841, 39.84572],
          [-124.37371, 39.85819],
          [-124.36223, 39.87198],
          [-124.35184, 39.88445],
          [-124.34035, 39.89824],
          [-124.32995, 39.91071],
          [-124.31846, 39.92449],
          [-124.30805, 39.93696],
          [-124.29655, 39.95074],
          [-124.28615, 39.9632],
          [-124.27464, 39.97698],
          [-124.26423, 39.98944],
          [-124.23614, 39.99415],
          [-124.22463, 40.00792],
          [-124.2142, 40.02038],
          [-124.20268, 40.03415],
          [-124.19225, 40.0466],
          [-124.18073, 40.06036],
          [-124.18687, 40.08187],
          [-124.17644, 40.09432],
          [-124.1649, 40.10808],
          [-124.17105, 40.12959],
          [-124.16061, 40.14203],
          [-124.14906, 40.15579],
          [-124.15521, 40.17729],
          [-124.16136, 40.19879],
          [-124.15091, 40.21123],
          [-124.13936, 40.22498],
          [-124.1455, 40.24647],
          [-124.13505, 40.25891],
          [-124.12349, 40.27265],
          [-124.12963, 40.29414],
          [-124.11917, 40.30657],
          [-124.10761, 40.32031],
          [-124.09714, 40.33274],
          [-124.08556, 40.34648],
          [-124.07509, 40.35891],
          [-124.06351, 40.37264],
          [-124.05304, 40.38507],
          [-124.04145, 40.3988],
          [-124.04759, 40.42027],
          [-124.0371, 40.43269],
          [-124.02551, 40.44642],
          [-124.03165, 40.46789],
          [-124.02116, 40.48031],
          [-124.00956, 40.49403],
          [-124.01569, 40.5155],
          [-124.00519, 40.52791],
          [-123.99359, 40.54163],
          [-123.99972, 40.56309],
          [-124.00586, 40.58455],
          [-124.012, 40.60601],
          [-124.01814, 40.62747],
          [-124.00764, 40.63987],
          [-123.99602, 40.65358],
          [-124.00216, 40.67503],
          [-123.99164, 40.68743],
          [-123.98002, 40.70114],
          [-123.96949, 40.71353],
          [-123.95786, 40.72724],
          [-123.964, 40.74868],
          [-123.95347, 40.76107],
          [-123.94183, 40.77477],
          [-123.94797, 40.79621],
          [-123.93744, 40.8086],
          [-123.92579, 40.82229],
          [-123.93193, 40.84372],
          [-123.93807, 40.86516],
          [-123.92752, 40.87754],
          [-123.91587, 40.89123],
          [-123.92201, 40.91265],
          [-123.92815, 40.93408],
          [-123.9176, 40.94646],
          [-123.90593, 40.96014],
          [-123.91207, 40.98156],
          [-123.90151, 40.99393],
          [-123.88984, 41.00761],
          [-123.87928, 41.01998],
          [-123.8676, 41.03365],
          [-123.87374, 41.05507],
          [-123.86317, 41.06743],
          [-123.85148, 41.0811],
          [-123.8409, 41.09347],
          [-123.82921, 41.10713],
          [-123.83534, 41.12854],
          [-123.82476, 41.1409],
          [-123.81306, 41.15456],
          [-123.81919, 41.17596],
          [-123.8086, 41.18831],
          [-123.78017, 41.19293],
          [-123.76846, 41.20658],
          [-123.75786, 41.21893],
          [-123.72941, 41.22354],
          [-123.713, 41.21556],
          [-123.69485, 41.20674],
          [-123.67844, 41.19876],
          [-123.66031, 41.18994],
          [-123.6439, 41.18195],
          [-123.62577, 41.17313],
          [-123.60937, 41.16514],
          [-123.59124, 41.15631],
          [-123.57485, 41.14831],
          [-123.56877, 41.1269],
          [-123.55065, 41.11806],
          [-123.52223, 41.12264],
          [-123.4938, 41.12721],
          [-123.46537, 41.13178],
          [-123.45362, 41.14541],
          [-123.44299, 41.15775],
          [-123.43123, 41.17139],
          [-123.4206, 41.18372],
          [-123.40884, 41.19735],
          [-123.3982, 41.20968],
          [-123.36974, 41.21423],
          [-123.35797, 41.22786],
          [-123.36401, 41.24926],
          [-123.35336, 41.26159],
          [-123.34158, 41.27521],
          [-123.34762, 41.29661],
          [-123.35367, 41.31801],
          [-123.35972, 41.3394],
          [-123.34905, 41.35172],
          [-123.33727, 41.36534],
          [-123.34331, 41.38673],
          [-123.34936, 41.40811],
          [-123.35542, 41.4295],
          [-123.34474, 41.44181],
          [-123.33294, 41.45542],
          [-123.33899, 41.4768],
          [-123.32831, 41.48911],
          [-123.31651, 41.50271],
          [-123.32256, 41.52408],
          [-123.32861, 41.54545],
          [-123.31792, 41.55776],
          [-123.30611, 41.57135],
          [-123.31216, 41.59272],
          [-123.30146, 41.60502],
          [-123.28964, 41.61861],
          [-123.27894, 41.63091],
          [-123.26711, 41.64449],
          [-123.27316, 41.66585],
          [-123.26245, 41.67814],
          [-123.25061, 41.69173],
          [-123.2399, 41.70402],
          [-123.2113, 41.70853],
          [-123.19945, 41.72211],
          [-123.18872, 41.73439],
          [-123.17687, 41.74796],
          [-123.16614, 41.76024],
          [-123.13752, 41.76474],
          [-123.12565, 41.77831],
          [-123.11492, 41.79058],
          [-123.10305, 41.80415],
          [-123.0923, 41.81642],
          [-123.08043, 41.82998],
          [-123.08645, 41.85132],
          [-123.0757, 41.86359],
          [-123.06381, 41.87715],
          [-123.06983, 41.89849],
          [-123.05907, 41.91075],
          [-123.04718, 41.9243],
          [-123.0532, 41.94563],
          [-123.04244, 41.95789],
          [-123.03054, 41.97144],
          [-123.01977, 41.9837],
          [-123.00786, 41.99724],
          [-122.99708, 42.00949],
          [-122.98517, 42.02303],
          [-122.97439, 42.03528],
          [-122.96247, 42.04882],
          [-122.95169, 42.06106],
          [-122.93976, 42.0746],
          [-122.92897, 42.08684],
          [-122.91704, 42.10037],
          [-122.90624, 42.11261],
          [-122.8943, 42.12613],
          [-122.8835, 42.13837],
          [-122.85476, 42.14282],
          [-122.82601, 42.14725],
          [-122.81406, 42.16077],
          [-122.80324, 42.173],
          [-122.77449, 42.17743],
          [-122.74573, 42.18186],
          [-122.71697, 42.18628],
          [-122.6882, 42.1907],
          [-122.65944, 42.19511],
          [-122.64746, 42.20861],
          [-122.63661, 42.22083],
          [-122.62463, 42.23433],
          [-122.61378, 42.24654],
          [-122.60179, 42.26004],
          [-122.60773, 42.28134],
          [-122.59688, 42.29355],
          [-122.58488, 42.30704],
          [-122.59082, 42.32834],
          [-122.59677, 42.34964],
          [-122.5859, 42.36184],
          [-122.5739, 42.37533],
          [-122.57984, 42.39662],
          [-122.56897, 42.40882],
          [-122.55695, 42.4223],
          [-122.5629, 42.44358],
          [-122.55202, 42.45578],
          [-122.53999, 42.46925],
          [-122.52911, 42.48144],
          [-122.51708, 42.49492],
          [-122.52302, 42.5162],
          [-122.51213, 42.52838],
          [-122.50009, 42.54185],
          [-122.48919, 42.55403],
          [-122.47715, 42.5675],
          [-122.48308, 42.58877],
          [-122.47218, 42.60094],
          [-122.46013, 42.6144],
          [-122.44922, 42.62658],
          [-122.43716, 42.64003],
          [-122.42624, 42.65221],
          [-122.41418, 42.66566],
          [-122.40326, 42.67783],
          [-122.39119, 42.69127],
          [-122.38026, 42.70344],
          [-122.36818, 42.71688],
          [-122.35725, 42.72905],
          [-122.34516, 42.74249],
          [-122.35108, 42.76374],
          [-122.34015, 42.7759],
          [-122.32805, 42.78933],
          [-122.33397, 42.81058],
          [-122.32302, 42.82273],
          [-122.31092, 42.83616],
          [-122.31684, 42.8574],
          [-122.30589, 42.86955],
          [-122.29378, 42.88298],
          [-122.29969, 42.90421],
          [-122.28873, 42.91636],
          [-122.27662, 42.92978],
          [-122.28253, 42.95101],
          [-122.27157, 42.96315],
          [-122.25944, 42.97657],
          [-122.26535, 42.99779],
          [-122.25438, 43.00993],
          [-122.24225, 43.02334],
          [-122.24816, 43.04456],
          [-122.23718, 43.05669],
          [-122.22504, 43.07009],
          [-122.23095, 43.09131],
          [-122.21996, 43.10343],
          [-122.20781, 43.11683],
          [-122.21372, 43.13804],
          [-122.20273, 43.15016],
          [-122.19057, 43.16356],
          [-122.17957, 43.17568],
          [-122.1674, 43.18907],
          [-122.1564, 43.20118],
          [-122.14423, 43.21457],
          [-122.13321, 43.22668],
          [-122.12104, 43.24007],
          [-122.11002, 43.25218],
          [-122.08092, 43.25647],
          [-122.05181, 43.26076],
          [-122.03519, 43.25273],
          [-122.01683, 43.24384],
          [-122.00022, 43.23581],
          [-121.99434, 43.21461],
          [-121.98847, 43.1934],
          [-121.98261, 43.1722],
          [-121.96426, 43.16331],
          [-121.94767, 43.15526],
          [-121.94181, 43.13405],
          [-121.93596, 43.11283],
          [-121.94698, 43.10072],
          [-121.95917, 43.08734],
          [-121.95331, 43.06611],
          [-121.94746, 43.04489],
          [-121.94161, 43.02366],
          [-121.93576, 43.00243],
          [-121.92992, 42.98119],
          [-121.92408, 42.95996],
          [-121.93509, 42.94784],
          [-121.94725, 42.93444],
          [-121.94141, 42.9132],
          [-121.95241, 42.90107],
          [-121.96457, 42.88767],
          [-121.95873, 42.86642],
          [-121.96972, 42.85429],
          [-121.98187, 42.84089],
          [-121.99286, 42.82876],
          [-122.005, 42.81535],
          [-122.01599, 42.80321],
          [-122.02812, 42.7898],
          [-122.02227, 42.76854],
          [-122.03325, 42.7564],
          [-122.04538, 42.74298],
          [-122.03952, 42.72171],
          [-122.03368, 42.70045],
          [-122.04464, 42.6883],
          [-122.05676, 42.67488],
          [-122.05091, 42.6536],
          [-122.06187, 42.64145],
          [-122.07398, 42.62802],
          [-122.06813, 42.60674],
          [-122.06228, 42.58546],
          [-122.05643, 42.56418],
          [-122.03819, 42.55526],
          [-122.02169, 42.54719],
          [-122.01586, 42.5259],
          [-121.99763, 42.51698],
          [-121.98114, 42.50891],
          [-121.96291, 42.49998],
          [-121.94643, 42.4919],
          [-121.92821, 42.48297],
          [-121.89933, 42.48726],
          [-121.88285, 42.47917],
          [-121.86464, 42.47023],
          [-121.83576, 42.47451],
          [-121.80687, 42.47878],
          [-121.79475, 42.49221],
          [-121.78377, 42.50435],
          [-121.75487, 42.50861],
          [-121.72597, 42.51287],
          [-121.71383, 42.52629],
          [-121.70284, 42.53842],
          [-121.69069, 42.55184],
          [-121.6797, 42.56397],
          [-121.66754, 42.57738],
          [-121.65654, 42.58951],
          [-121.64438, 42.60292],
          [-121.65014, 42.62421],
          [-121.63913, 42.63634],
          [-121.62696, 42.64974],
          [-121.61594, 42.66186],
          [-121.60377, 42.67526],
          [-121.60952, 42.69654],
          [-121.5985, 42.70866],
          [-121.58632, 42.72205],
          [-121.57529, 42.73417],
          [-121.5631, 42.74756],
          [-121.56885, 42.76883],
          [-121.55782, 42.78094],
          [-121.54562, 42.79433],
          [-121.55137, 42.8156],
          [-121.55712, 42.83687],
          [-121.56288, 42.85813],
          [-121.55183, 42.87024],
          [-121.53962, 42.88361],
          [-121.54538, 42.90487],
          [-121.55114, 42.92613],
          [-121.54008, 42.93823],
          [-121.52786, 42.9516],
          [-121.53362, 42.97285],
          [-121.53938, 42.99409],
          [-121.52831, 43.00619],
          [-121.51608, 43.01955],
          [-121.52184, 43.04079],
          [-121.5276, 43.06203],
          [-121.53336, 43.08327],
          [-121.53913, 43.1045],
          [-121.52805, 43.11658],
          [-121.51581, 43.12994],
          [-121.52157, 43.15117],
          [-121.52734, 43.17239],
          [-121.51625, 43.18447],
          [-121.504, 43.19782],
          [-121.49291, 43.20989],
          [-121.4638, 43.21409],
          [-121.43468, 43.21828],
          [-121.40556, 43.22247],
          [-121.37644, 43.22666],
          [-121.34731, 43.23083],
          [-121.31819, 43.23501],
          [-121.30163, 43.22691],
          [-121.28334, 43.21796],
          [-121.26679, 43.20985],
          [-121.26108, 43.18862],
          [-121.24279, 43.17966],
          [-121.22625, 43.17156],
          [-121.20798, 43.16259],
          [-121.19144, 43.15448],
          [-121.17317, 43.14551],
          [-121.14406, 43.14966],
          [-121.12754, 43.14154],
          [-121.10927, 43.13256],
          [-121.08017, 43.1367],
          [-121.06365, 43.12858],
          [-121.04539, 43.1196],
          [-121.01629, 43.12373],
          [-120.98718, 43.12785],
          [-120.97486, 43.14117],
          [-120.96371, 43.15322],
          [-120.93459, 43.15733],
          [-120.92226, 43.17064],
          [-120.9111, 43.18269],
          [-120.88197, 43.18679],
          [-120.86963, 43.2001],
          [-120.85846, 43.21214],
          [-120.84612, 43.22544],
          [-120.83494, 43.23747],
          [-120.82259, 43.25077],
          [-120.82821, 43.272],
          [-120.83384, 43.29323],
          [-120.82266, 43.30526],
          [-120.81029, 43.31855],
          [-120.81592, 43.33978],
          [-120.82154, 43.361],
          [-120.81035, 43.37302],
          [-120.79798, 43.3863],
          [-120.78678, 43.39832],
          [-120.7744, 43.4116],
          [-120.7632, 43.42362],
          [-120.73399, 43.4277],
          [-120.7216, 43.44097],
          [-120.71038, 43.45298],
          [-120.68117, 43.45705],
          [-120.65194, 43.46112],
          [-120.63954, 43.47438],
          [-120.62831, 43.48639],
          [-120.59908, 43.49044],
          [-120.58666, 43.5037],
          [-120.57543, 43.5157],
          [-120.563, 43.52896],
          [-120.55176, 43.54095],
          [-120.53933, 43.5542],
          [-120.54491, 43.5754],
          [-120.53366, 43.58739],
          [-120.52122, 43.60064],
          [-120.50997, 43.61263],
          [-120.49752, 43.62587],
          [-120.48626, 43.63785],
          [-120.47381, 43.65109],
          [-120.49211, 43.6601],
          [-120.50867, 43.66825],
          [-120.51425, 43.68944],
          [-120.51983, 43.71062],
          [-120.52541, 43.7318],
          [-120.531, 43.75298],
          [-120.51973, 43.76495],
          [-120.50726, 43.77818],
          [-120.51285, 43.79935],
          [-120.53118, 43.80835],
          [-120.54777, 43.81649],
          [-120.55336, 43.83765],
          [-120.55896, 43.85881],
          [-120.54768, 43.87078],
          [-120.53521, 43.88401],
          [-120.54081, 43.90516],
          [-120.52952, 43.91712],
          [-120.51704, 43.93034],
          [-120.50574, 43.9423],
          [-120.49326, 43.95552],
          [-120.48196, 43.96747],
          [-120.46946, 43.98069],
          [-120.47505, 44.00183],
          [-120.48064, 44.02297],
          [-120.46933, 44.03492],
          [-120.45683, 44.04813],
          [-120.44551, 44.06007],
          [-120.4161, 44.06409],
          [-120.40359, 44.07729],
          [-120.39226, 44.08923],
          [-120.37974, 44.10242],
          [-120.36841, 44.11436],
          [-120.35588, 44.12755],
          [-120.34455, 44.13949],
          [-120.31511, 44.14348],
          [-120.30257, 44.15667],
          [-120.29122, 44.16859],
          [-120.27868, 44.18178],
          [-120.26732, 44.1937],
          [-120.25477, 44.20688],
          [-120.24341, 44.2188],
          [-120.23086, 44.23198],
          [-120.21949, 44.2439],
          [-120.20693, 44.25707],
          [-120.21247, 44.27818],
          [-120.21802, 44.29929],
          [-120.22357, 44.32039],
          [-120.22913, 44.3415],
          [-120.23468, 44.3626],
          [-120.24024, 44.38369],
          [-120.2458, 44.40479],
          [-120.25137, 44.42588],
          [-120.25693, 44.44697],
          [-120.24555, 44.45887],
          [-120.23296, 44.47202],
          [-120.23852, 44.4931],
          [-120.23192, 44.5]
        ]
      }
    },
    {
      "type": "Feature",
      "id": "2026082906_f222_09000_005",
      "properties": {
        "product_id": "winter_storm_levels",
        "source_id": "nbm_snow_level",
        "parameter": "snow_level",
        "definition": "height of the wet-bulb 0.5 degree C surface",
        "level_ft_msl": 9000,
        "label": "9,000 ft MSL",
        "unit": "ft_msl",
        "cycle_time_utc": "2026-08-29T06:00:00Z",
        "valid_time_utc": "2026-09-07T12:00:00Z",
        "lead_hours": 222,
        "segment": 5,
        "length_m": 227785.7
      },
      "geometry": {
        "type": "LineString",
        "coordinates": [
          [-130, 38.96047],
          [-129.97768, 38.96505],
          [-129.95194, 38.97596],
          [-129.92625, 38.98704],
          [-129.91489, 38.9948],
          [-129.90233, 39.00338],
          [-129.87899, 39.02141],
          [-129.87577, 39.02569],
          [-129.85868, 39.04844],
          [-129.85329, 39.05316],
          [-129.8378, 39.07377],
          [-129.82642, 39.08152],
          [-129.81385, 39.09009],
          [-129.7899, 39.1064],
          [-129.76232, 39.11202],
          [-129.73474, 39.11762],
          [-129.70716, 39.12323],
          [-129.67957, 39.12883],
          [-129.65256, 39.13612],
          [-129.64059, 39.14216],
          [-129.64056, 39.16503],
          [-129.6371, 39.17773],
          [-129.63615, 39.18877],
          [-129.63462, 39.21194],
          [-129.62391, 39.2261],
          [-129.61422, 39.23891],
          [-129.60161, 39.24746],
          [-129.57759, 39.26373],
          [-129.55053, 39.271],
          [-129.5451, 39.27571],
          [-129.52952, 39.29627],
          [-129.52685, 39.30223],
          [-129.51804, 39.32684],
          [-129.51456, 39.33953],
          [-129.50484, 39.35233],
          [-129.49221, 39.36086],
          [-129.46871, 39.37881],
          [-129.45671, 39.38483],
          [-129.44596, 39.39897],
          [-129.43623, 39.41177],
          [-129.42358, 39.42029],
          [-129.39949, 39.43653],
          [-129.38805, 39.44424],
          [-129.3754, 39.45276],
          [-129.34959, 39.46391],
          [-129.32417, 39.47621],
          [-129.31872, 39.48091],
          [-129.30306, 39.50143],
          [-129.29818, 39.50782],
          [-129.28252, 39.52833],
          [-129.27763, 39.53472],
          [-129.26196, 39.55523],
          [-129.25708, 39.56161],
          [-129.24139, 39.58212],
          [-129.2365, 39.5885],
          [-129.22081, 39.609],
          [-129.21592, 39.61538],
          [-129.20022, 39.63588],
          [-129.19533, 39.64226],
          [-129.19589, 39.66493],
          [-129.20305, 39.6863],
          [-129.21021, 39.70766],
          [-129.21737, 39.72901],
          [-129.22453, 39.75037],
          [-129.23829, 39.77041],
          [-129.24546, 39.79176],
          [-129.25547, 39.8006],
          [-129.27382, 39.80891],
          [-129.2876, 39.82894],
          [-129.29762, 39.83777],
          [-129.31598, 39.84608],
          [-129.32978, 39.86611],
          [-129.3398, 39.87493],
          [-129.3676, 39.8694],
          [-129.38598, 39.8777],
          [-129.4026, 39.88521],
          [-129.42099, 39.8935],
          [-129.43762, 39.901],
          [-129.45601, 39.90929],
          [-129.47265, 39.91679],
          [-129.50045, 39.91125],
          [-129.52825, 39.9057],
          [-129.55605, 39.90014],
          [-129.57445, 39.90842],
          [-129.5911, 39.91591],
          [-129.6095, 39.92418],
          [-129.62615, 39.93167],
          [-129.65395, 39.9261],
          [-129.68175, 39.92052],
          [-129.70955, 39.91495],
          [-129.73734, 39.90936],
          [-129.76513, 39.90378],
          [-129.79291, 39.89818],
          [-129.81133, 39.90644],
          [-129.80057, 39.92056],
          [-129.79083, 39.93334],
          [-129.78007, 39.94747],
          [-129.77033, 39.96025],
          [-129.787, 39.96771],
          [-129.80542, 39.97596],
          [-129.8221, 39.98343],
          [-129.8499, 39.97783],
          [-129.86834, 39.98607],
          [-129.88502, 39.99353],
          [-129.90346, 40.00177],
          [-129.91078, 40.02307],
          [-129.91811, 40.04436],
          [-129.90735, 40.05849],
          [-129.89761, 40.07126],
          [-129.91431, 40.07871],
          [-129.93277, 40.08695],
          [-129.9401, 40.10823],
          [-129.95681, 40.11568],
          [-129.97527, 40.12391],
          [-129.98262, 40.14519],
          [-129.98997, 40.16647],
          [-129.99732, 40.18774],
          [-130, 40.18894]
        ]
      }
    },
    {
      "type": "Feature",
      "id": "2026082906_f222_10000_001",
      "properties": {
        "product_id": "winter_storm_levels",
        "source_id": "nbm_snow_level",
        "parameter": "snow_level",
        "definition": "height of the wet-bulb 0.5 degree C surface",
        "level_ft_msl": 10000,
        "label": "10,000 ft MSL",
        "unit": "ft_msl",
        "cycle_time_utc": "2026-08-29T06:00:00Z",
        "valid_time_utc": "2026-09-07T12:00:00Z",
        "lead_hours": 222,
        "segment": 1,
        "length_m": 1945571
      },
      "geometry": {
        "type": "LineString",
        "coordinates": [
          [-130, 33.20704],
          [-129.98614, 33.20028],
          [-129.96002, 33.20605],
          [-129.9339, 33.21181],
          [-129.90778, 33.21757],
          [-129.8954, 33.21153],
          [-129.87478, 33.20146],
          [-129.84866, 33.20721],
          [-129.82253, 33.21296],
          [-129.79641, 33.21869],
          [-129.77028, 33.22443],
          [-129.74414, 33.23016],
          [-129.71801, 33.23589],
          [-129.69187, 33.24161],
          [-129.66573, 33.24733],
          [-129.63959, 33.25304],
          [-129.61344, 33.25875],
          [-129.58729, 33.26445],
          [-129.57493, 33.25839],
          [-129.55433, 33.24829],
          [-129.52818, 33.25398],
          [-129.51609, 33.27121],
          [-129.50883, 33.28154],
          [-129.48267, 33.28723],
          [-129.45651, 33.29291],
          [-129.43035, 33.29859],
          [-129.40418, 33.30426],
          [-129.37801, 33.30993],
          [-129.35184, 33.3156],
          [-129.32566, 33.32126],
          [-129.29948, 33.32692],
          [-129.28735, 33.34412],
          [-129.28007, 33.35445],
          [-129.25388, 33.36009],
          [-129.22769, 33.36574],
          [-129.2015, 33.37138],
          [-129.1753, 33.37702],
          [-129.14911, 33.38265],
          [-129.13694, 33.39984],
          [-129.12964, 33.41015],
          [-129.10344, 33.41578],
          [-129.07723, 33.4214],
          [-129.06505, 33.43858],
          [-129.05774, 33.44889],
          [-129.03152, 33.4545],
          [-129.01933, 33.47168],
          [-129.01202, 33.48199],
          [-128.98579, 33.48759],
          [-128.97359, 33.50477],
          [-128.96627, 33.51507],
          [-128.94003, 33.52067],
          [-128.91379, 33.52626],
          [-128.90157, 33.54342],
          [-128.89424, 33.55372],
          [-128.86799, 33.55931],
          [-128.85576, 33.57647],
          [-128.84843, 33.58677],
          [-128.83607, 33.58065],
          [-128.81548, 33.57046],
          [-128.80312, 33.56435],
          [-128.78253, 33.55415],
          [-128.75627, 33.55972],
          [-128.73001, 33.56528],
          [-128.70375, 33.57084],
          [-128.67748, 33.57639],
          [-128.65121, 33.58194],
          [-128.62494, 33.58749],
          [-128.61268, 33.60463],
          [-128.60532, 33.61491],
          [-128.57904, 33.62045],
          [-128.56669, 33.61432],
          [-128.54611, 33.60409],
          [-128.51983, 33.60962],
          [-128.49355, 33.61514],
          [-128.46726, 33.62066],
          [-128.44097, 33.62618],
          [-128.41468, 33.63169],
          [-128.38839, 33.63719],
          [-128.37608, 33.65431],
          [-128.3687, 33.66459],
          [-128.34239, 33.67008],
          [-128.31608, 33.67558],
          [-128.28977, 33.68106],
          [-128.27745, 33.69818],
          [-128.27005, 33.70844],
          [-128.24373, 33.71392],
          [-128.21741, 33.7194],
          [-128.20507, 33.73651],
          [-128.19767, 33.74677],
          [-128.17133, 33.75224],
          [-128.145, 33.7577],
          [-128.13264, 33.7748],
          [-128.12523, 33.78506],
          [-128.09888, 33.79051],
          [-128.07254, 33.79597],
          [-128.04619, 33.80141],
          [-128.01984, 33.80686],
          [-127.99348, 33.8123],
          [-127.96712, 33.81773],
          [-127.94076, 33.82316],
          [-127.9144, 33.82859],
          [-127.88804, 33.83401],
          [-127.86167, 33.83943],
          [-127.84926, 33.8565],
          [-127.84182, 33.86674],
          [-127.81544, 33.87215],
          [-127.78906, 33.87756],
          [-127.77664, 33.89462],
          [-127.76918, 33.90486],
          [-127.74279, 33.91026],
          [-127.7164, 33.91565],
          [-127.69001, 33.92104],
          [-127.66361, 33.92642],
          [-127.63721, 33.9318],
          [-127.61081, 33.93718],
          [-127.5844, 33.94255],
          [-127.558, 33.94791],
          [-127.53159, 33.95328],
          [-127.50517, 33.95863],
          [-127.47876, 33.96399],
          [-127.45234, 33.96934],
          [-127.42592, 33.97468],
          [-127.3995, 33.98002],
          [-127.37308, 33.98536],
          [-127.34665, 33.99069],
          [-127.33415, 34.00772],
          [-127.32664, 34.01793],
          [-127.30021, 34.02325],
          [-127.27377, 34.02857],
          [-127.24732, 34.03389],
          [-127.22088, 34.0392],
          [-127.19443, 34.04451],
          [-127.16798, 34.04981],
          [-127.14153, 34.05511],
          [-127.11508, 34.0604],
          [-127.08862, 34.06569],
          [-127.06216, 34.07097],
          [-127.0357, 34.07625],
          [-127.00923, 34.08153],
          [-126.98276, 34.0868],
          [-126.9563, 34.09207],
          [-126.92982, 34.09733],
          [-126.90335, 34.10259],
          [-126.89104, 34.09634],
          [-126.87053, 34.08592],
          [-126.85794, 34.1029],
          [-126.85039, 34.11309],
          [-126.82391, 34.11834],
          [-126.79743, 34.12358],
          [-126.78483, 34.14056],
          [-126.77726, 34.15074],
          [-126.75077, 34.15597],
          [-126.72427, 34.1612],
          [-126.69777, 34.16643],
          [-126.67127, 34.17165],
          [-126.64477, 34.17686],
          [-126.61826, 34.18207],
          [-126.60563, 34.19903],
          [-126.59804, 34.20921],
          [-126.57153, 34.21441],
          [-126.54501, 34.21961],
          [-126.51849, 34.22481],
          [-126.50583, 34.24176],
          [-126.49824, 34.25193],
          [-126.47171, 34.25711],
          [-126.44518, 34.26229],
          [-126.43251, 34.27924],
          [-126.4249, 34.2894],
          [-126.39836, 34.29458],
          [-126.37181, 34.29974],
          [-126.35913, 34.31668],
          [-126.35152, 34.32684],
          [-126.32496, 34.332],
          [-126.31227, 34.34893],
          [-126.30465, 34.35909],
          [-126.27808, 34.36424],
          [-126.26538, 34.38117],
          [-126.25775, 34.39132],
          [-126.23117, 34.39647],
          [-126.21846, 34.41339],
          [-126.21083, 34.42354],
          [-126.18424, 34.42867],
          [-126.15765, 34.43381],
          [-126.13106, 34.43894],
          [-126.11833, 34.45584],
          [-126.11068, 34.46599],
          [-126.08408, 34.47111],
          [-126.07134, 34.48801],
          [-126.06369, 34.49816],
          [-126.03708, 34.50327],
          [-126.02432, 34.52017],
          [-126.01666, 34.53031],
          [-125.99004, 34.53541],
          [-125.96342, 34.54051],
          [-125.95065, 34.5574],
          [-125.94298, 34.56753],
          [-125.91635, 34.57263],
          [-125.90356, 34.58951],
          [-125.89589, 34.59964],
          [-125.86925, 34.60473],
          [-125.85645, 34.62161],
          [-125.84878, 34.63173],
          [-125.82212, 34.63681],
          [-125.80932, 34.65369],
          [-125.80163, 34.66381],
          [-125.78882, 34.68068],
          [-125.78113, 34.6908],
          [-125.76831, 34.70767],
          [-125.76062, 34.71779],
          [-125.7478, 34.73466],
          [-125.7401, 34.74478],
          [-125.71342, 34.74984],
          [-125.68673, 34.75489],
          [-125.66004, 34.75993],
          [-125.63335, 34.76498],
          [-125.60666, 34.77002],
          [-125.5938, 34.78687],
          [-125.58609, 34.79698],
          [-125.55939, 34.80201],
          [-125.54652, 34.81885],
          [-125.5388, 34.82896],
          [-125.52593, 34.8458],
          [-125.51821, 34.85591],
          [-125.49149, 34.86093],
          [-125.46476, 34.86594],
          [-125.45188, 34.88278],
          [-125.44414, 34.89288],
          [-125.43125, 34.90971],
          [-125.42351, 34.91981],
          [-125.39677, 34.92481],
          [-125.38387, 34.94164],
          [-125.37613, 34.95173],
          [-125.34938, 34.95673],
          [-125.33646, 34.97355],
          [-125.32871, 34.98364],
          [-125.30195, 34.98863],
          [-125.28903, 35.00544],
          [-125.28127, 35.01553],
          [-125.26834, 35.03234],
          [-125.26058, 35.04243],
          [-125.2338, 35.0474],
          [-125.22086, 35.06421],
          [-125.21309, 35.0743],
          [-125.1863, 35.07926],
          [-125.17335, 35.09606],
          [-125.16558, 35.10614],
          [-125.13878, 35.1111],
          [-125.12582, 35.1279],
          [-125.11804, 35.13797],
          [-125.09123, 35.14292],
          [-125.07825, 35.15971],
          [-125.07047, 35.16979],
          [-125.05749, 35.18658],
          [-125.04969, 35.19665],
          [-125.03671, 35.21343],
          [-125.02891, 35.2235],
          [-125.01592, 35.24029],
          [-125.02196, 35.2622],
          [-125.01416, 35.27227],
          [-125.00116, 35.28905],
          [-125.0072, 35.31096],
          [-124.99939, 35.32103],
          [-124.98638, 35.3378],
          [-124.99242, 35.35971],
          [-124.99847, 35.38162],
          [-125.00451, 35.40352],
          [-125.01056, 35.42543],
          [-125.00275, 35.43549],
          [-124.98973, 35.45226],
          [-124.98191, 35.46232],
          [-124.96888, 35.47908],
          [-124.96106, 35.48914],
          [-124.94803, 35.5059],
          [-124.9402, 35.51596],
          [-124.92716, 35.53272],
          [-124.91933, 35.54277],
          [-124.89242, 35.54768],
          [-124.87937, 35.56443],
          [-124.87153, 35.57448],
          [-124.84461, 35.57939],
          [-124.81768, 35.58428],
          [-124.80462, 35.60103],
          [-124.79677, 35.61107],
          [-124.76984, 35.61596],
          [-124.75676, 35.6327],
          [-124.74891, 35.64275],
          [-124.72196, 35.64763],
          [-124.69501, 35.6525],
          [-124.68192, 35.66924],
          [-124.67406, 35.67927],
          [-124.6471, 35.68414],
          [-124.62014, 35.68901],
          [-124.60703, 35.70573],
          [-124.59916, 35.71576],
          [-124.57219, 35.72062],
          [-124.55907, 35.73734],
          [-124.5512, 35.74737],
          [-124.52422, 35.75221],
          [-124.51108, 35.76893],
          [-124.5032, 35.77895],
          [-124.47621, 35.78379],
          [-124.44922, 35.78863],
          [-124.43607, 35.80533],
          [-124.42818, 35.81535],
          [-124.40118, 35.82018],
          [-124.37417, 35.825],
          [-124.36101, 35.8417],
          [-124.35311, 35.85171],
          [-124.32609, 35.85653],
          [-124.29908, 35.86134],
          [-124.2859, 35.87803],
          [-124.27799, 35.88804],
          [-124.2648, 35.90472],
          [-124.25689, 35.91473],
          [-124.22985, 35.91953],
          [-124.21665, 35.93621],
          [-124.20873, 35.94622],
          [-124.18169, 35.951],
          [-124.16848, 35.96768],
          [-124.16055, 35.97768],
          [-124.1335, 35.98246],
          [-124.10645, 35.98724],
          [-124.09322, 36.0039],
          [-124.08528, 36.0139],
          [-124.05822, 36.01867],
          [-124.03115, 36.02343],
          [-124.01791, 36.04009],
          [-124.00996, 36.05008],
          [-123.98289, 36.05484],
          [-123.95581, 36.05959],
          [-123.92872, 36.06433],
          [-123.91546, 36.08098],
          [-123.9075, 36.09097],
          [-123.88041, 36.09571],
          [-123.85332, 36.10044],
          [-123.84004, 36.11708],
          [-123.83207, 36.12706],
          [-123.80497, 36.13179],
          [-123.79168, 36.14842],
          [-123.7837, 36.1584],
          [-123.75659, 36.16311],
          [-123.74329, 36.17974],
          [-123.73531, 36.18972],
          [-123.70818, 36.19443],
          [-123.69487, 36.21105],
          [-123.68689, 36.22102],
          [-123.65975, 36.22572],
          [-123.63262, 36.23041],
          [-123.61929, 36.24703],
          [-123.61129, 36.257],
          [-123.58414, 36.26168],
          [-123.557, 36.26636],
          [-123.52985, 36.27104],
          [-123.5165, 36.28765],
          [-123.50849, 36.29761],
          [-123.48133, 36.30228],
          [-123.45417, 36.30694],
          [-123.4408, 36.32354],
          [-123.43278, 36.33349],
          [-123.40561, 36.33815],
          [-123.37843, 36.3428],
          [-123.36506, 36.35939],
          [-123.35703, 36.36934],
          [-123.32984, 36.37398],
          [-123.31645, 36.39056],
          [-123.30842, 36.40051],
          [-123.29502, 36.41709],
          [-123.28698, 36.42703],
          [-123.25978, 36.43167],
          [-123.23257, 36.43629],
          [-123.21916, 36.45286],
          [-123.21111, 36.4628],
          [-123.1839, 36.46742],
          [-123.15668, 36.47204],
          [-123.12946, 36.47665],
          [-123.10224, 36.48125],
          [-123.0888, 36.49781],
          [-123.08074, 36.50774],
          [-123.05351, 36.51234],
          [-123.04006, 36.52889],
          [-123.03199, 36.53882],
          [-123.00474, 36.5434],
          [-122.99128, 36.55995],
          [-122.98321, 36.56988],
          [-122.96974, 36.58642],
          [-122.96166, 36.59634],
          [-122.9344, 36.60092],
          [-122.92092, 36.61745],
          [-122.91283, 36.62737],
          [-122.88556, 36.63194],
          [-122.85829, 36.6365],
          [-122.8448, 36.65303],
          [-122.8367, 36.66294],
          [-122.8232, 36.67947],
          [-122.8151, 36.68938],
          [-122.78781, 36.69393],
          [-122.7743, 36.71045],
          [-122.76619, 36.72036],
          [-122.75267, 36.73687],
          [-122.74456, 36.74678],
          [-122.73103, 36.76329],
          [-122.72292, 36.7732],
          [-122.70938, 36.78971],
          [-122.70126, 36.79961],
          [-122.68772, 36.81611],
          [-122.6796, 36.82601],
          [-122.66605, 36.84251],
          [-122.65793, 36.85241],
          [-122.64437, 36.86891],
          [-122.63624, 36.87881],
          [-122.6089, 36.88333],
          [-122.59534, 36.89982],
          [-122.5872, 36.90971],
          [-122.57363, 36.9262],
          [-122.56548, 36.93609],
          [-122.55191, 36.95258],
          [-122.54376, 36.96247],
          [-122.51639, 36.96697],
          [-122.5028, 36.98345],
          [-122.49465, 36.99333],
          [-122.48106, 37.00981],
          [-122.4729, 37.01969],
          [-122.44551, 37.02418],
          [-122.43191, 37.04065],
          [-122.42374, 37.05053],
          [-122.41013, 37.067],
          [-122.40196, 37.07688],
          [-122.38834, 37.09334],
          [-122.38017, 37.10322],
          [-122.36654, 37.11967],
          [-122.37215, 37.14153],
          [-122.36398, 37.15141],
          [-122.35034, 37.16786],
          [-122.34216, 37.17773],
          [-122.32852, 37.19418],
          [-122.33413, 37.21604],
          [-122.32594, 37.22591],
          [-122.31229, 37.24235],
          [-122.3041, 37.25222],
          [-122.27665, 37.25668],
          [-122.26299, 37.27312],
          [-122.25479, 37.28298],
          [-122.22733, 37.28743],
          [-122.21366, 37.30387],
          [-122.20545, 37.31373],
          [-122.19177, 37.33016],
          [-122.18356, 37.34001],
          [-122.15609, 37.34445],
          [-122.1424, 37.36088],
          [-122.13418, 37.37073],
          [-122.12048, 37.38715],
          [-122.11226, 37.397],
          [-122.09856, 37.41342],
          [-122.09034, 37.42327],
          [-122.06283, 37.42769],
          [-122.04912, 37.4441],
          [-122.04089, 37.45395],
          [-122.01337, 37.45836],
          [-121.99965, 37.47477],
          [-121.99141, 37.48461],
          [-121.97768, 37.50101],
          [-121.96944, 37.51085],
          [-121.9557, 37.52725],
          [-121.94745, 37.53709],
          [-121.9337, 37.55349],
          [-121.92545, 37.56332],
          [-121.9117, 37.57972],
          [-121.91724, 37.60155],
          [-121.90899, 37.61138],
          [-121.89523, 37.62777],
          [-121.90077, 37.6496],
          [-121.90631, 37.67142],
          [-121.91186, 37.69325],
          [-121.9036, 37.70308],
          [-121.88982, 37.71946],
          [-121.89537, 37.74128],
          [-121.8871, 37.7511],
          [-121.87332, 37.76748],
          [-121.86505, 37.7773],
          [-121.85126, 37.79368],
          [-121.8568, 37.81549],
          [-121.84852, 37.82531],
          [-121.83472, 37.84168],
          [-121.82644, 37.8515],
          [-121.81264, 37.86787],
          [-121.80435, 37.87768],
          [-121.79054, 37.89404],
          [-121.79608, 37.91585],
          [-121.78778, 37.92567],
          [-121.77396, 37.94202],
          [-121.76567, 37.95183],
          [-121.73802, 37.95619],
          [-121.71036, 37.96055],
          [-121.68271, 37.9649],
          [-121.65505, 37.96924],
          [-121.6412, 37.98559],
          [-121.63289, 37.99539],
          [-121.61904, 38.01173],
          [-121.62454, 38.03353],
          [-121.61623, 38.04333],
          [-121.60236, 38.05967],
          [-121.60787, 38.08146],
          [-121.59955, 38.09126],
          [-121.58568, 38.10759],
          [-121.57735, 38.11739],
          [-121.56347, 38.13371],
          [-121.55515, 38.14351],
          [-121.54126, 38.15983],
          [-121.53293, 38.16962],
          [-121.51904, 38.18594],
          [-121.5107, 38.19573],
          [-121.4968, 38.21204],
          [-121.48846, 38.22183],
          [-121.47456, 38.23814],
          [-121.48004, 38.25993],
          [-121.4717, 38.26971],
          [-121.45779, 38.28602],
          [-121.44943, 38.2958],
          [-121.43551, 38.31211],
          [-121.42716, 38.32189],
          [-121.41323, 38.33818],
          [-121.40487, 38.34796],
          [-121.39094, 38.36426],
          [-121.38258, 38.37403],
          [-121.36864, 38.39033],
          [-121.36027, 38.4001],
          [-121.34632, 38.41639],
          [-121.33795, 38.42616],
          [-121.324, 38.44244],
          [-121.32946, 38.46421],
          [-121.32109, 38.47398],
          [-121.30712, 38.49026],
          [-121.29874, 38.50003],
          [-121.28477, 38.5163],
          [-121.27639, 38.52607],
          [-121.26241, 38.54234],
          [-121.25402, 38.5521],
          [-121.24004, 38.56837],
          [-121.23165, 38.57813],
          [-121.21766, 38.5944],
          [-121.22311, 38.61615],
          [-121.21471, 38.62591],
          [-121.20071, 38.64217],
          [-121.19231, 38.65193],
          [-121.1783, 38.66818],
          [-121.1699, 38.67793],
          [-121.15588, 38.69419],
          [-121.16133, 38.71594],
          [-121.15292, 38.72569],
          [-121.13889, 38.74194],
          [-121.13048, 38.75168],
          [-121.11645, 38.76793],
          [-121.12189, 38.78967],
          [-121.11347, 38.79942],
          [-121.09943, 38.81565],
          [-121.10487, 38.8374],
          [-121.09644, 38.84714],
          [-121.0824, 38.86337],
          [-121.07397, 38.87311],
          [-121.05991, 38.88934],
          [-121.06535, 38.91107],
          [-121.05691, 38.92081],
          [-121.04285, 38.93704],
          [-121.03441, 38.94677],
          [-121.02034, 38.96299],
          [-121.01189, 38.97272],
          [-120.99782, 38.98894],
          [-121.00325, 39.01067],
          [-120.9948, 39.0204],
          [-120.98071, 39.03661],
          [-120.97226, 39.04634],
          [-120.95816, 39.06254],
          [-120.9497, 39.07227],
          [-120.9356, 39.08847],
          [-120.92714, 39.0982],
          [-120.91304, 39.1144],
          [-120.90457, 39.12412],
          [-120.89045, 39.14031],
          [-120.89587, 39.16203],
          [-120.8874, 39.17175],
          [-120.87327, 39.18794],
          [-120.8648, 39.19765],
          [-120.85067, 39.21384],
          [-120.85608, 39.23555],
          [-120.8476, 39.24526],
          [-120.83346, 39.26144],
          [-120.83887, 39.28315],
          [-120.83038, 39.29286],
          [-120.81623, 39.30904],
          [-120.80774, 39.31874],
          [-120.79358, 39.33492],
          [-120.79899, 39.35661],
          [-120.79049, 39.36632],
          [-120.77633, 39.38249],
          [-120.76783, 39.39219],
          [-120.75366, 39.40835],
          [-120.75906, 39.43005],
          [-120.75055, 39.43974],
          [-120.73637, 39.4559],
          [-120.74177, 39.47759],
          [-120.73326, 39.48729],
          [-120.71907, 39.50344],
          [-120.71055, 39.51313],
          [-120.69635, 39.52929],
          [-120.68783, 39.53898],
          [-120.67363, 39.55512],
          [-120.66511, 39.56481],
          [-120.6509, 39.58096],
          [-120.64237, 39.59064],
          [-120.62815, 39.60678],
          [-120.61962, 39.61646],
          [-120.60539, 39.6326],
          [-120.59686, 39.64228],
          [-120.58263, 39.65841],
          [-120.57408, 39.66809],
          [-120.54593, 39.67223],
          [-120.53169, 39.68835],
          [-120.52314, 39.69803],
          [-120.50889, 39.71415],
          [-120.50034, 39.72382],
          [-120.48608, 39.73994],
          [-120.47752, 39.74961],
          [-120.46326, 39.76572],
          [-120.4547, 39.77539],
          [-120.44042, 39.7915],
          [-120.43186, 39.80117],
          [-120.41758, 39.81727],
          [-120.40901, 39.82694],
          [-120.39472, 39.84304],
          [-120.38615, 39.8527],
          [-120.37186, 39.8688],
          [-120.3772, 39.89045],
          [-120.36862, 39.90011],
          [-120.35432, 39.9162],
          [-120.34574, 39.92586],
          [-120.33143, 39.94195],
          [-120.32284, 39.9516],
          [-120.30852, 39.96769],
          [-120.29993, 39.97734],
          [-120.28561, 39.99342],
          [-120.27701, 40.00307],
          [-120.26268, 40.01915],
          [-120.25408, 40.02879],
          [-120.23974, 40.04487],
          [-120.23114, 40.05451],
          [-120.21679, 40.07058],
          [-120.20818, 40.08022],
          [-120.19383, 40.09629],
          [-120.18522, 40.10592],
          [-120.17086, 40.12199],
          [-120.17618, 40.14362],
          [-120.16756, 40.15325],
          [-120.15319, 40.16931],
          [-120.14457, 40.17894],
          [-120.13019, 40.195],
          [-120.12156, 40.20463],
          [-120.10718, 40.22068],
          [-120.09855, 40.2303],
          [-120.08416, 40.24635],
          [-120.07552, 40.25598],
          [-120.06113, 40.27202],
          [-120.06643, 40.29364],
          [-120.05778, 40.30326],
          [-120.02944, 40.3073],
          [-120.01503, 40.32333],
          [-120.00638, 40.33295],
          [-119.99196, 40.34898],
          [-119.98331, 40.35859],
          [-119.96888, 40.37462],
          [-119.96022, 40.38423],
          [-119.94579, 40.40026],
          [-119.93713, 40.40987],
          [-119.92269, 40.42588],
          [-119.91402, 40.43549],
          [-119.89958, 40.45151],
          [-119.90485, 40.47311],
          [-119.91013, 40.49471],
          [-119.90146, 40.50432],
          [-119.887, 40.52032],
          [-119.87832, 40.52993],
          [-119.86385, 40.54593],
          [-119.85517, 40.55553],
          [-119.8407, 40.57153],
          [-119.83201, 40.58112],
          [-119.80358, 40.58512],
          [-119.7891, 40.60111],
          [-119.7804, 40.61071],
          [-119.76591, 40.6267],
          [-119.75721, 40.63629],
          [-119.74271, 40.65227],
          [-119.73401, 40.66186],
          [-119.71951, 40.67784],
          [-119.7108, 40.68743],
          [-119.69629, 40.7034],
          [-119.68757, 40.71298],
          [-119.67305, 40.72896],
          [-119.66434, 40.73854],
          [-119.63586, 40.74251],
          [-119.62132, 40.75847],
          [-119.6126, 40.76805],
          [-119.58411, 40.77201],
          [-119.56956, 40.78796],
          [-119.56083, 40.79754],
          [-119.54628, 40.81349],
          [-119.53755, 40.82306],
          [-119.50904, 40.82701],
          [-119.49447, 40.84296],
          [-119.48573, 40.85252],
          [-119.47116, 40.86847],
          [-119.46241, 40.87803],
          [-119.43388, 40.88196],
          [-119.4193, 40.8979],
          [-119.41055, 40.90746],
          [-119.39595, 40.92339],
          [-119.3872, 40.93295],
          [-119.3726, 40.94888],
          [-119.36384, 40.95844],
          [-119.34923, 40.97436],
          [-119.34046, 40.98391],
          [-119.32585, 40.99983],
          [-119.31708, 41.00939],
          [-119.30246, 41.0253],
          [-119.29368, 41.03485],
          [-119.27906, 41.05076],
          [-119.27028, 41.06031],
          [-119.24169, 41.06421],
          [-119.22705, 41.08011],
          [-119.21826, 41.08965],
          [-119.20362, 41.10555],
          [-119.19482, 41.11509],
          [-119.18017, 41.13099],
          [-119.17137, 41.14053],
          [-119.15671, 41.15642],
          [-119.14791, 41.16595],
          [-119.13324, 41.18184],
          [-119.12444, 41.19138],
          [-119.10976, 41.20726],
          [-119.10095, 41.21679],
          [-119.08627, 41.23267],
          [-119.09141, 41.25421],
          [-119.0826, 41.26373],
          [-119.0679, 41.27961],
          [-119.05909, 41.28913],
          [-119.04438, 41.305],
          [-119.04952, 41.32653],
          [-119.0407, 41.33606],
          [-119.02599, 41.35192],
          [-119.01716, 41.36144],
          [-119.00244, 41.3773],
          [-118.99361, 41.38681],
          [-118.97888, 41.40267],
          [-118.97004, 41.41218],
          [-118.94135, 41.41603],
          [-118.92661, 41.43188],
          [-118.91776, 41.44139],
          [-118.90302, 41.45723],
          [-118.89417, 41.46674],
          [-118.86545, 41.47057],
          [-118.8507, 41.48641],
          [-118.84184, 41.49591],
          [-118.82707, 41.51174],
          [-118.81821, 41.52124],
          [-118.78948, 41.52506],
          [-118.7747, 41.54089],
          [-118.76583, 41.55038],
          [-118.75105, 41.56621],
          [-118.74218, 41.5757],
          [-118.72738, 41.59152],
          [-118.71851, 41.60101],
          [-118.68975, 41.60481],
          [-118.67494, 41.62062],
          [-118.66606, 41.63011],
          [-118.65124, 41.64592],
          [-118.64235, 41.6554],
          [-118.62753, 41.67121],
          [-118.61864, 41.68069],
          [-118.60381, 41.69649],
          [-118.59492, 41.70597],
          [-118.58008, 41.72176],
          [-118.57118, 41.73124],
          [-118.54238, 41.73501],
          [-118.52753, 41.7508],
          [-118.51862, 41.76027],
          [-118.50376, 41.77606],
          [-118.49485, 41.78553],
          [-118.47999, 41.80131],
          [-118.47107, 41.81078],
          [-118.4562, 41.82655],
          [-118.44728, 41.83602],
          [-118.4324, 41.85179],
          [-118.42347, 41.86125],
          [-118.40859, 41.87702],
          [-118.41362, 41.8985],
          [-118.40469, 41.90796],
          [-118.38979, 41.92372],
          [-118.38085, 41.93318],
          [-118.36595, 41.94893],
          [-118.35701, 41.95839],
          [-118.3421, 41.97414],
          [-118.34713, 41.99561],
          [-118.33818, 42.00506],
          [-118.32326, 42.02081],
          [-118.32828, 42.04227],
          [-118.31932, 42.05172],
          [-118.3044, 42.06746],
          [-118.30942, 42.08892],
          [-118.31444, 42.11037],
          [-118.30548, 42.11982],
          [-118.29053, 42.13555],
          [-118.29556, 42.157],
          [-118.28659, 42.16644],
          [-118.27164, 42.18217],
          [-118.27665, 42.20361],
          [-118.26768, 42.21305],
          [-118.25272, 42.22877],
          [-118.24374, 42.23821],
          [-118.22877, 42.25392],
          [-118.23379, 42.27536],
          [-118.2248, 42.28479],
          [-118.20982, 42.3005],
          [-118.20084, 42.30993],
          [-118.18585, 42.32564],
          [-118.17686, 42.33506],
          [-118.16186, 42.35077],
          [-118.15287, 42.36019],
          [-118.13787, 42.37589],
          [-118.12886, 42.38531],
          [-118.11386, 42.401],
          [-118.10485, 42.41042],
          [-118.08983, 42.42611],
          [-118.08082, 42.43552],
          [-118.0658, 42.45121],
          [-118.07079, 42.47263],
          [-118.07578, 42.49404],
          [-118.06676, 42.50345],
          [-118.05172, 42.51913],
          [-118.05671, 42.54054],
          [-118.04769, 42.54994],
          [-118.03264, 42.56562],
          [-118.03763, 42.58702],
          [-118.0286, 42.59642],
          [-118.01354, 42.61209],
          [-118.01853, 42.63349],
          [-118.00949, 42.64288],
          [-117.99442, 42.65855],
          [-117.99941, 42.67994],
          [-117.99036, 42.68933],
          [-117.97529, 42.70499],
          [-117.96624, 42.71438],
          [-117.95116, 42.73003],
          [-117.9421, 42.73942],
          [-117.92701, 42.75507],
          [-117.91796, 42.76446],
          [-117.88883, 42.7681],
          [-117.87373, 42.78374],
          [-117.86467, 42.79313],
          [-117.83553, 42.79676],
          [-117.80639, 42.8004],
          [-117.77725, 42.80403],
          [-117.74811, 42.80765],
          [-117.73298, 42.82327],
          [-117.7239, 42.83265],
          [-117.70876, 42.84827],
          [-117.69967, 42.85764],
          [-117.68453, 42.87325],
          [-117.67544, 42.88262],
          [-117.66028, 42.89823],
          [-117.65119, 42.9076],
          [-117.62201, 42.9112],
          [-117.60684, 42.92681],
          [-117.59774, 42.93617],
          [-117.58257, 42.95177],
          [-117.57346, 42.96113],
          [-117.55828, 42.97672],
          [-117.54917, 42.98608],
          [-117.51996, 42.98966],
          [-117.50477, 43.00525],
          [-117.49565, 43.0146],
          [-117.48045, 43.03019],
          [-117.47132, 43.03954],
          [-117.45611, 43.05512],
          [-117.44698, 43.06446],
          [-117.43176, 43.08004],
          [-117.42263, 43.08938],
          [-117.39339, 43.09294],
          [-117.37816, 43.10851],
          [-117.36902, 43.11785],
          [-117.33977, 43.1214],
          [-117.31052, 43.12495],
          [-117.29527, 43.14051],
          [-117.28612, 43.14984],
          [-117.25686, 43.15338],
          [-117.2276, 43.15692],
          [-117.19833, 43.16045],
          [-117.18306, 43.17599],
          [-117.17389, 43.18532],
          [-117.14462, 43.18884],
          [-117.12933, 43.20438],
          [-117.13416, 43.22572],
          [-117.12498, 43.23504],
          [-117.10969, 43.25057],
          [-117.11451, 43.27191],
          [-117.10533, 43.28123],
          [-117.09002, 43.29675],
          [-117.09484, 43.31808],
          [-117.08566, 43.3274],
          [-117.07034, 43.34292],
          [-117.06115, 43.35223],
          [-117.04582, 43.36774],
          [-117.03663, 43.37705],
          [-117.0213, 43.39256],
          [-117.0121, 43.40187],
          [-116.99676, 43.41737],
          [-116.98755, 43.42668],
          [-116.97221, 43.44218],
          [-116.963, 43.45148],
          [-116.94764, 43.46698],
          [-116.93843, 43.47627],
          [-116.92307, 43.49177],
          [-116.91385, 43.50106],
          [-116.89848, 43.51655],
          [-116.88925, 43.52584],
          [-116.87387, 43.54133],
          [-116.87866, 43.56263],
          [-116.86943, 43.57192],
          [-116.85404, 43.5874],
          [-116.84481, 43.59668],
          [-116.82941, 43.61216],
          [-116.83419, 43.63345],
          [-116.82495, 43.64273],
          [-116.80954, 43.6582],
          [-116.8003, 43.66748],
          [-116.78488, 43.68294],
          [-116.77563, 43.69222],
          [-116.76021, 43.70768],
          [-116.75096, 43.71695],
          [-116.73553, 43.7324],
          [-116.74029, 43.75369],
          [-116.73103, 43.76296],
          [-116.71559, 43.7784],
          [-116.70632, 43.78767],
          [-116.69088, 43.80311],
          [-116.69563, 43.82439],
          [-116.68636, 43.83365],
          [-116.6709, 43.84909],
          [-116.66163, 43.85835],
          [-116.64616, 43.87378],
          [-116.65091, 43.89504],
          [-116.64163, 43.9043],
          [-116.62615, 43.91973],
          [-116.61687, 43.92898],
          [-116.60138, 43.9444],
          [-116.59209, 43.95365],
          [-116.5766, 43.96907],
          [-116.58134, 43.99032],
          [-116.57204, 43.99957],
          [-116.55654, 44.01498],
          [-116.56128, 44.03623],
          [-116.55197, 44.04547],
          [-116.53646, 44.06087],
          [-116.5412, 44.08211],
          [-116.53188, 44.09135],
          [-116.51636, 44.10675],
          [-116.5211, 44.12799],
          [-116.51178, 44.13722],
          [-116.49624, 44.15261],
          [-116.48692, 44.16185],
          [-116.47138, 44.17724],
          [-116.47611, 44.19846],
          [-116.46678, 44.20769],
          [-116.45123, 44.22307],
          [-116.45595, 44.24429],
          [-116.44662, 44.25352],
          [-116.43106, 44.26889],
          [-116.42172, 44.27811],
          [-116.40615, 44.29348],
          [-116.41086, 44.31469],
          [-116.40152, 44.32391],
          [-116.38594, 44.33928],
          [-116.37659, 44.34849],
          [-116.361, 44.36385],
          [-116.35164, 44.37307],
          [-116.33605, 44.38842],
          [-116.34075, 44.40962],
          [-116.33139, 44.41883],
          [-116.31578, 44.43418],
          [-116.30642, 44.44338],
          [-116.2908, 44.45873],
          [-116.28143, 44.46793],
          [-116.26581, 44.48327],
          [-116.25643, 44.49247],
          [-116.24876, 44.5]
        ]
      }
    },
    {
      "type": "Feature",
      "id": "2026082906_f222_11000_001",
      "properties": {
        "product_id": "winter_storm_levels",
        "source_id": "nbm_snow_level",
        "parameter": "snow_level",
        "definition": "height of the wet-bulb 0.5 degree C surface",
        "level_ft_msl": 11000,
        "label": "11,000 ft MSL",
        "unit": "ft_msl",
        "cycle_time_utc": "2026-08-29T06:00:00Z",
        "valid_time_utc": "2026-09-07T12:00:00Z",
        "lead_hours": 222,
        "segment": 1,
        "length_m": 12748.4
      },
      "geometry": {
        "type": "LineString",
        "coordinates": [
          [-116.12866, 40.58625],
          [-116.10957, 40.59658],
          [-116.081, 40.59998],
          [-116.05866, 40.59458],
          [-116.07775, 40.58425],
          [-116.10632, 40.58085],
          [-116.12866, 40.58625]
        ]
      }
    },
    {
      "type": "Feature",
      "id": "2026082906_f222_11000_002",
      "properties": {
        "product_id": "winter_storm_levels",
        "source_id": "nbm_snow_level",
        "parameter": "snow_level",
        "definition": "height of the wet-bulb 0.5 degree C surface",
        "level_ft_msl": 11000,
        "label": "11,000 ft MSL",
        "unit": "ft_msl",
        "cycle_time_utc": "2026-08-29T06:00:00Z",
        "valid_time_utc": "2026-09-07T12:00:00Z",
        "lead_hours": 222,
        "segment": 2,
        "length_m": 2356802.1
      },
      "geometry": {
        "type": "LineString",
        "coordinates": [
          [-129.40892, 30.70199],
          [-129.38333, 30.70769],
          [-129.35775, 30.71339],
          [-129.344, 30.73347],
          [-129.33878, 30.74109],
          [-129.31319, 30.74678],
          [-129.28759, 30.75247],
          [-129.26199, 30.75815],
          [-129.23638, 30.76383],
          [-129.21078, 30.76951],
          [-129.197, 30.78957],
          [-129.19177, 30.79718],
          [-129.16615, 30.80285],
          [-129.14054, 30.80851],
          [-129.11492, 30.81417],
          [-129.10111, 30.83422],
          [-129.09588, 30.84183],
          [-129.07025, 30.84748],
          [-129.04462, 30.85313],
          [-129.01898, 30.85877],
          [-129.00516, 30.87881],
          [-128.99991, 30.88642],
          [-128.97427, 30.89205],
          [-128.94862, 30.89768],
          [-128.92297, 30.90331],
          [-128.89732, 30.90893],
          [-128.87167, 30.91455],
          [-128.84601, 30.92017],
          [-128.82035, 30.92578],
          [-128.80649, 30.9458],
          [-128.80122, 30.95339],
          [-128.77556, 30.959],
          [-128.74988, 30.96459],
          [-128.72421, 30.97019],
          [-128.69854, 30.97578],
          [-128.67286, 30.98136],
          [-128.64718, 30.98695],
          [-128.62149, 30.99252],
          [-128.59581, 30.9981],
          [-128.58189, 31.0181],
          [-128.57662, 31.02568],
          [-128.55092, 31.03125],
          [-128.52522, 31.03681],
          [-128.49952, 31.04237],
          [-128.47382, 31.04792],
          [-128.44811, 31.05347],
          [-128.42241, 31.05901],
          [-128.3967, 31.06455],
          [-128.37098, 31.07009],
          [-128.34527, 31.07562],
          [-128.31955, 31.08115],
          [-128.29383, 31.08667],
          [-128.26811, 31.09219],
          [-128.24239, 31.0977],
          [-128.21666, 31.10321],
          [-128.20782, 31.09867],
          [-128.1845, 31.08669],
          [-128.15878, 31.09219],
          [-128.13305, 31.09768],
          [-128.10731, 31.10318],
          [-128.08158, 31.10866],
          [-128.05584, 31.11415],
          [-128.047, 31.1096],
          [-128.0237, 31.09759],
          [-127.99797, 31.10307],
          [-127.97223, 31.10854],
          [-127.96339, 31.10398],
          [-127.9401, 31.09196],
          [-127.91436, 31.09742],
          [-127.88862, 31.10288],
          [-127.87979, 31.09832],
          [-127.85651, 31.08629],
          [-127.83077, 31.09174],
          [-127.80502, 31.09718],
          [-127.77928, 31.10262],
          [-127.75353, 31.10805],
          [-127.72777, 31.11348],
          [-127.70202, 31.11891],
          [-127.67626, 31.12433],
          [-127.6505, 31.12975],
          [-127.62474, 31.13516],
          [-127.59898, 31.14057],
          [-127.57321, 31.14598],
          [-127.54744, 31.15138],
          [-127.52167, 31.15678],
          [-127.49589, 31.16217],
          [-127.47012, 31.16756],
          [-127.44434, 31.17294],
          [-127.41856, 31.17832],
          [-127.39277, 31.1837],
          [-127.36699, 31.18907],
          [-127.3412, 31.19443],
          [-127.32705, 31.21432],
          [-127.32168, 31.22186],
          [-127.29588, 31.22722],
          [-127.27008, 31.23257],
          [-127.25591, 31.25245],
          [-127.25053, 31.25998],
          [-127.22472, 31.26533],
          [-127.19891, 31.27067],
          [-127.18473, 31.29054],
          [-127.17934, 31.29808],
          [-127.15352, 31.30341],
          [-127.1277, 31.30874],
          [-127.11349, 31.3286],
          [-127.10811, 31.33613],
          [-127.08227, 31.34146],
          [-127.05644, 31.34678],
          [-127.0306, 31.35209],
          [-127.00476, 31.3574],
          [-126.99053, 31.37725],
          [-126.98513, 31.38477],
          [-126.95928, 31.39008],
          [-126.94504, 31.40992],
          [-126.93963, 31.41744],
          [-126.91378, 31.42274],
          [-126.89952, 31.44257],
          [-126.89411, 31.4501],
          [-126.87985, 31.46993],
          [-126.87444, 31.47745],
          [-126.84857, 31.48273],
          [-126.83429, 31.50256],
          [-126.82888, 31.51008],
          [-126.80299, 31.51536],
          [-126.78871, 31.53518],
          [-126.78329, 31.5427],
          [-126.75739, 31.54796],
          [-126.7431, 31.56778],
          [-126.73767, 31.5753],
          [-126.71177, 31.58056],
          [-126.69746, 31.60037],
          [-126.69203, 31.60788],
          [-126.66612, 31.61313],
          [-126.64021, 31.61838],
          [-126.62588, 31.63819],
          [-126.62044, 31.6457],
          [-126.59452, 31.65094],
          [-126.58018, 31.67073],
          [-126.57474, 31.67824],
          [-126.5604, 31.69804],
          [-126.55496, 31.70554],
          [-126.52902, 31.71077],
          [-126.51466, 31.73056],
          [-126.50921, 31.73807],
          [-126.48326, 31.74329],
          [-126.4689, 31.76307],
          [-126.46344, 31.77058],
          [-126.44907, 31.79036],
          [-126.44362, 31.79786],
          [-126.41765, 31.80307],
          [-126.40326, 31.82284],
          [-126.3978, 31.83034],
          [-126.37183, 31.83555],
          [-126.35743, 31.85532],
          [-126.35197, 31.86281],
          [-126.32598, 31.86801],
          [-126.31157, 31.88777],
          [-126.3061, 31.89527],
          [-126.28011, 31.90045],
          [-126.26569, 31.92021],
          [-126.26021, 31.92771],
          [-126.23421, 31.93289],
          [-126.21977, 31.95264],
          [-126.2143, 31.96013],
          [-126.18828, 31.9653],
          [-126.17384, 31.98505],
          [-126.16836, 31.99254],
          [-126.14233, 31.9977],
          [-126.12788, 32.01744],
          [-126.12239, 32.02493],
          [-126.09636, 32.03009],
          [-126.08189, 32.04982],
          [-126.0764, 32.05731],
          [-126.05036, 32.06245],
          [-126.03587, 32.08219],
          [-126.03038, 32.08967],
          [-126.00433, 32.09481],
          [-125.98983, 32.11453],
          [-125.98433, 32.12201],
          [-125.95827, 32.12715],
          [-125.94377, 32.14687],
          [-125.93826, 32.15434],
          [-125.92375, 32.17406],
          [-125.91824, 32.18154],
          [-125.89217, 32.18666],
          [-125.87764, 32.20637],
          [-125.87213, 32.21385],
          [-125.8576, 32.23355],
          [-125.85209, 32.24103],
          [-125.83755, 32.26073],
          [-125.83203, 32.26821],
          [-125.80593, 32.27331],
          [-125.79138, 32.29301],
          [-125.78586, 32.30048],
          [-125.75975, 32.30558],
          [-125.74519, 32.32527],
          [-125.73966, 32.33274],
          [-125.72509, 32.35243],
          [-125.71956, 32.3599],
          [-125.69344, 32.36498],
          [-125.66731, 32.37007],
          [-125.65272, 32.38975],
          [-125.64719, 32.39721],
          [-125.62105, 32.40229],
          [-125.60645, 32.42196],
          [-125.60091, 32.42943],
          [-125.57476, 32.43449],
          [-125.56015, 32.45416],
          [-125.55461, 32.46162],
          [-125.52845, 32.46668],
          [-125.51383, 32.48634],
          [-125.50828, 32.4938],
          [-125.48211, 32.49885],
          [-125.46748, 32.51851],
          [-125.46192, 32.52597],
          [-125.43575, 32.53101],
          [-125.4211, 32.55066],
          [-125.41554, 32.55812],
          [-125.38936, 32.56315],
          [-125.3747, 32.5828],
          [-125.36914, 32.59025],
          [-125.34294, 32.59528],
          [-125.32827, 32.61492],
          [-125.3227, 32.62237],
          [-125.2965, 32.62739],
          [-125.28182, 32.64702],
          [-125.27624, 32.65447],
          [-125.25003, 32.65948],
          [-125.23533, 32.67911],
          [-125.22976, 32.68656],
          [-125.20354, 32.69156],
          [-125.18883, 32.71118],
          [-125.18325, 32.71863],
          [-125.15702, 32.72362],
          [-125.13078, 32.72861],
          [-125.11606, 32.74823],
          [-125.11047, 32.75567],
          [-125.08422, 32.76065],
          [-125.06949, 32.78026],
          [-125.0639, 32.7877],
          [-125.03764, 32.79267],
          [-125.02289, 32.81227],
          [-125.0173, 32.81971],
          [-124.99103, 32.82468],
          [-124.97627, 32.84427],
          [-124.97067, 32.85171],
          [-124.9444, 32.85667],
          [-124.91812, 32.86162],
          [-124.90334, 32.88121],
          [-124.89774, 32.88864],
          [-124.87145, 32.89359],
          [-124.85666, 32.91317],
          [-124.85105, 32.9206],
          [-124.82476, 32.92553],
          [-124.80995, 32.94511],
          [-124.80434, 32.95254],
          [-124.77803, 32.95747],
          [-124.76322, 32.97704],
          [-124.7576, 32.98447],
          [-124.73128, 32.98939],
          [-124.71646, 33.00895],
          [-124.71083, 33.01637],
          [-124.68451, 33.02129],
          [-124.66967, 33.04085],
          [-124.66404, 33.04827],
          [-124.63771, 33.05317],
          [-124.62286, 33.07273],
          [-124.61722, 33.08015],
          [-124.59088, 33.08504],
          [-124.57601, 33.10459],
          [-124.57038, 33.11201],
          [-124.54403, 33.1169],
          [-124.51767, 33.12178],
          [-124.50279, 33.14132],
          [-124.49714, 33.14873],
          [-124.47078, 33.15361],
          [-124.44442, 33.15848],
          [-124.42952, 33.17801],
          [-124.42387, 33.18542],
          [-124.39749, 33.19029],
          [-124.38258, 33.20981],
          [-124.37692, 33.21722],
          [-124.36201, 33.23674],
          [-124.35635, 33.24415],
          [-124.32996, 33.249],
          [-124.31502, 33.26852],
          [-124.30936, 33.27592],
          [-124.28296, 33.28076],
          [-124.26802, 33.30027],
          [-124.26235, 33.30767],
          [-124.23594, 33.31251],
          [-124.22098, 33.33202],
          [-124.21531, 33.33941],
          [-124.18889, 33.34424],
          [-124.16247, 33.34907],
          [-124.13605, 33.35389],
          [-124.12107, 33.37338],
          [-124.11539, 33.38077],
          [-124.1004, 33.40026],
          [-124.09472, 33.40766],
          [-124.06828, 33.41246],
          [-124.05328, 33.43195],
          [-124.04759, 33.43934],
          [-124.02114, 33.44414],
          [-124.00613, 33.46362],
          [-124.00044, 33.47101],
          [-123.97398, 33.4758],
          [-123.95896, 33.49527],
          [-123.95326, 33.50265],
          [-123.92679, 33.50744],
          [-123.91175, 33.5269],
          [-123.90605, 33.53429],
          [-123.87957, 33.53906],
          [-123.86453, 33.55852],
          [-123.85882, 33.5659],
          [-123.83233, 33.57067],
          [-123.81727, 33.59013],
          [-123.81156, 33.59751],
          [-123.78506, 33.60226],
          [-123.76999, 33.62171],
          [-123.76427, 33.62909],
          [-123.73777, 33.63384],
          [-123.72268, 33.65328],
          [-123.71696, 33.66066],
          [-123.70187, 33.6801],
          [-123.69615, 33.68747],
          [-123.68105, 33.7069],
          [-123.67532, 33.71427],
          [-123.64879, 33.71901],
          [-123.63368, 33.73844],
          [-123.62795, 33.74581],
          [-123.60141, 33.75054],
          [-123.57487, 33.75526],
          [-123.55974, 33.77468],
          [-123.554, 33.78205],
          [-123.53886, 33.80146],
          [-123.53312, 33.80883],
          [-123.51798, 33.82824],
          [-123.51223, 33.8356],
          [-123.49708, 33.85501],
          [-123.49134, 33.86238],
          [-123.47618, 33.88178],
          [-123.47043, 33.88914],
          [-123.44385, 33.89384],
          [-123.42868, 33.91324],
          [-123.42292, 33.9206],
          [-123.39634, 33.92529],
          [-123.38115, 33.94469],
          [-123.37539, 33.95204],
          [-123.3488, 33.95673],
          [-123.3336, 33.97612],
          [-123.32784, 33.98347],
          [-123.31264, 34.00285],
          [-123.30687, 34.01021],
          [-123.28025, 34.01488],
          [-123.26504, 34.03426],
          [-123.25927, 34.04161],
          [-123.23264, 34.04627],
          [-123.21742, 34.06564],
          [-123.21164, 34.07299],
          [-123.19641, 34.09236],
          [-123.19063, 34.09971],
          [-123.16399, 34.10436],
          [-123.14874, 34.12372],
          [-123.14296, 34.13107],
          [-123.11631, 34.13571],
          [-123.08966, 34.14035],
          [-123.063, 34.14498],
          [-123.04773, 34.16433],
          [-123.04194, 34.17167],
          [-123.01528, 34.1763],
          [-122.98861, 34.18092],
          [-122.97332, 34.20027],
          [-122.96752, 34.2076],
          [-122.94085, 34.21222],
          [-122.92555, 34.23155],
          [-122.91974, 34.23888],
          [-122.89306, 34.24349],
          [-122.87775, 34.26282],
          [-122.87194, 34.27015],
          [-122.85662, 34.28948],
          [-122.85081, 34.29681],
          [-122.83548, 34.31613],
          [-122.82967, 34.32346],
          [-122.80296, 34.32805],
          [-122.78762, 34.34737],
          [-122.7818, 34.35469],
          [-122.76645, 34.374],
          [-122.76063, 34.38133],
          [-122.73391, 34.38591],
          [-122.71855, 34.40521],
          [-122.71272, 34.41254],
          [-122.69735, 34.43184],
          [-122.69152, 34.43916],
          [-122.67615, 34.45846],
          [-122.67032, 34.46578],
          [-122.64357, 34.47034],
          [-122.62818, 34.48964],
          [-122.62234, 34.49695],
          [-122.60695, 34.51624],
          [-122.60111, 34.52356],
          [-122.57434, 34.52811],
          [-122.55894, 34.54739],
          [-122.55309, 34.55471],
          [-122.53768, 34.57399],
          [-122.53183, 34.5813],
          [-122.51641, 34.60057],
          [-122.51056, 34.60789],
          [-122.49513, 34.62716],
          [-122.48928, 34.63447],
          [-122.47384, 34.65374],
          [-122.46799, 34.66104],
          [-122.45255, 34.68031],
          [-122.44669, 34.68762],
          [-122.43124, 34.70688],
          [-122.42537, 34.71418],
          [-122.39856, 34.7187],
          [-122.38309, 34.73796],
          [-122.37723, 34.74526],
          [-122.36176, 34.76451],
          [-122.35589, 34.77182],
          [-122.34041, 34.79106],
          [-122.33454, 34.79836],
          [-122.31905, 34.81761],
          [-122.31318, 34.82491],
          [-122.29768, 34.84415],
          [-122.30317, 34.86619],
          [-122.29729, 34.87348],
          [-122.28179, 34.89272],
          [-122.28727, 34.91476],
          [-122.28139, 34.92205],
          [-122.26587, 34.94128],
          [-122.25999, 34.94858],
          [-122.24447, 34.96781],
          [-122.24995, 34.98984],
          [-122.24406, 34.99713],
          [-122.21717, 35.00162],
          [-122.20163, 35.02084],
          [-122.19574, 35.02813],
          [-122.1802, 35.04735],
          [-122.1743, 35.05463],
          [-122.15875, 35.07385],
          [-122.15285, 35.08114],
          [-122.1373, 35.10035],
          [-122.1314, 35.10763],
          [-122.10447, 35.1121],
          [-122.0889, 35.1313],
          [-122.083, 35.13858],
          [-122.06742, 35.15778],
          [-122.06151, 35.16507],
          [-122.04593, 35.18426],
          [-122.04001, 35.19154],
          [-122.02442, 35.21074],
          [-122.01851, 35.21802],
          [-122.00291, 35.2372],
          [-121.99699, 35.24448],
          [-121.98139, 35.26367],
          [-121.97546, 35.27094],
          [-121.95985, 35.29013],
          [-121.95393, 35.2974],
          [-121.93831, 35.31658],
          [-121.93238, 35.32385],
          [-121.91675, 35.34303],
          [-121.91082, 35.3503],
          [-121.89519, 35.36947],
          [-121.88925, 35.37674],
          [-121.87361, 35.39591],
          [-121.86768, 35.40318],
          [-121.85203, 35.42234],
          [-121.84609, 35.42961],
          [-121.83043, 35.44877],
          [-121.82449, 35.45603],
          [-121.80882, 35.47519],
          [-121.80288, 35.48245],
          [-121.77585, 35.48686],
          [-121.76017, 35.50601],
          [-121.75422, 35.51327],
          [-121.73854, 35.53242],
          [-121.73259, 35.53968],
          [-121.70554, 35.54407],
          [-121.68984, 35.56321],
          [-121.68388, 35.57047],
          [-121.66818, 35.58961],
          [-121.66222, 35.59686],
          [-121.6465, 35.61599],
          [-121.64054, 35.62325],
          [-121.62482, 35.64238],
          [-121.61886, 35.64963],
          [-121.60313, 35.66876],
          [-121.59716, 35.67601],
          [-121.57007, 35.68038],
          [-121.54299, 35.68475],
          [-121.5159, 35.68911],
          [-121.50015, 35.70822],
          [-121.49417, 35.71547],
          [-121.47841, 35.73457],
          [-121.47243, 35.74182],
          [-121.44532, 35.74617],
          [-121.42955, 35.76527],
          [-121.42357, 35.77251],
          [-121.40779, 35.79161],
          [-121.4018, 35.79885],
          [-121.38601, 35.81795],
          [-121.38002, 35.82519],
          [-121.36422, 35.84428],
          [-121.35823, 35.85152],
          [-121.33109, 35.85585],
          [-121.31528, 35.87493],
          [-121.30929, 35.88217],
          [-121.29347, 35.90125],
          [-121.29881, 35.92324],
          [-121.2928, 35.93048],
          [-121.26564, 35.93479],
          [-121.24981, 35.95386],
          [-121.24381, 35.9611],
          [-121.22797, 35.98016],
          [-121.22196, 35.9874],
          [-121.19478, 35.9917],
          [-121.1676, 35.996],
          [-121.15174, 36.01506],
          [-121.14573, 36.02229],
          [-121.11854, 36.02658],
          [-121.10267, 36.04563],
          [-121.09665, 36.05285],
          [-121.06945, 36.05714],
          [-121.05357, 36.07618],
          [-121.04754, 36.08341],
          [-121.02033, 36.08768],
          [-121.00444, 36.10672],
          [-120.99841, 36.11394],
          [-120.9825, 36.13297],
          [-120.97647, 36.14019],
          [-120.94924, 36.14445],
          [-120.93333, 36.16348],
          [-120.92729, 36.1707],
          [-120.91136, 36.18972],
          [-120.90532, 36.19693],
          [-120.87808, 36.20118],
          [-120.86214, 36.2202],
          [-120.8561, 36.22741],
          [-120.84015, 36.24643],
          [-120.8341, 36.25364],
          [-120.81815, 36.27265],
          [-120.8121, 36.27985],
          [-120.79614, 36.29886],
          [-120.79008, 36.30607],
          [-120.77411, 36.32507],
          [-120.76806, 36.33227],
          [-120.75208, 36.35127],
          [-120.74602, 36.35848],
          [-120.73004, 36.37747],
          [-120.72397, 36.38467],
          [-120.69668, 36.38889],
          [-120.68068, 36.40788],
          [-120.67461, 36.41508],
          [-120.65861, 36.43406],
          [-120.65254, 36.44126],
          [-120.63653, 36.46024],
          [-120.63045, 36.46743],
          [-120.60313, 36.47163],
          [-120.58711, 36.49061],
          [-120.58103, 36.4978],
          [-120.56499, 36.51677],
          [-120.55891, 36.52396],
          [-120.54287, 36.54293],
          [-120.53679, 36.55012],
          [-120.52074, 36.56908],
          [-120.51465, 36.57627],
          [-120.49859, 36.59522],
          [-120.4925, 36.60241],
          [-120.46514, 36.60659],
          [-120.44908, 36.62554],
          [-120.44298, 36.63272],
          [-120.4269, 36.65167],
          [-120.4208, 36.65885],
          [-120.39343, 36.66302],
          [-120.37734, 36.68196],
          [-120.37123, 36.68914],
          [-120.35514, 36.70807],
          [-120.34903, 36.71525],
          [-120.33292, 36.73418],
          [-120.33811, 36.75614],
          [-120.33199, 36.76332],
          [-120.31588, 36.78224],
          [-120.30977, 36.78942],
          [-120.29364, 36.80834],
          [-120.29882, 36.83029],
          [-120.2927, 36.83747],
          [-120.27657, 36.85638],
          [-120.27045, 36.86356],
          [-120.25431, 36.88247],
          [-120.25948, 36.90441],
          [-120.25335, 36.91158],
          [-120.2372, 36.93049],
          [-120.23108, 36.93766],
          [-120.21492, 36.95656],
          [-120.22009, 36.9785],
          [-120.21395, 36.98567],
          [-120.19779, 37.00457],
          [-120.19165, 37.01174],
          [-120.17547, 37.03063],
          [-120.18064, 37.05256],
          [-120.1745, 37.05973],
          [-120.15831, 37.07862],
          [-120.15217, 37.08578],
          [-120.13598, 37.10466],
          [-120.14114, 37.12659],
          [-120.13499, 37.13376],
          [-120.11879, 37.15263],
          [-120.12394, 37.17456],
          [-120.1178, 37.18172],
          [-120.10158, 37.20059],
          [-120.10674, 37.22252],
          [-120.10058, 37.22967],
          [-120.08436, 37.24854],
          [-120.08951, 37.27046],
          [-120.08336, 37.27762],
          [-120.06712, 37.29648],
          [-120.07228, 37.31839],
          [-120.06612, 37.32555],
          [-120.04987, 37.34441],
          [-120.05502, 37.36632],
          [-120.06018, 37.38823],
          [-120.05401, 37.39538],
          [-120.03775, 37.41423],
          [-120.04291, 37.43613],
          [-120.04806, 37.45804],
          [-120.04189, 37.46519],
          [-120.02562, 37.48403],
          [-120.03078, 37.50593],
          [-120.0246, 37.51308],
          [-120.00832, 37.53192],
          [-120.01347, 37.55381],
          [-120.0073, 37.56096],
          [-119.99101, 37.57979],
          [-119.99616, 37.60168],
          [-120.00131, 37.62357],
          [-119.99513, 37.63072],
          [-119.97882, 37.64954],
          [-119.98398, 37.67143],
          [-119.98913, 37.69331],
          [-119.99429, 37.71519],
          [-119.9881, 37.72233],
          [-119.97178, 37.74115],
          [-119.97694, 37.76303],
          [-119.98209, 37.78491],
          [-119.9759, 37.79204],
          [-119.95957, 37.81086],
          [-119.96473, 37.83273],
          [-119.95853, 37.83986],
          [-119.94219, 37.85867],
          [-119.94734, 37.88054],
          [-119.9525, 37.9024],
          [-119.9463, 37.90954],
          [-119.92994, 37.92834],
          [-119.9351, 37.9502],
          [-119.94026, 37.97206],
          [-119.93405, 37.97919],
          [-119.91768, 37.99798],
          [-119.92284, 38.01984],
          [-119.928, 38.04169],
          [-119.93316, 38.06354],
          [-119.92695, 38.07067],
          [-119.91056, 38.08946],
          [-119.91572, 38.1113],
          [-119.92089, 38.13315],
          [-119.91467, 38.14027],
          [-119.89827, 38.15905],
          [-119.90343, 38.18089],
          [-119.9086, 38.20273],
          [-119.90237, 38.20985],
          [-119.88596, 38.22863],
          [-119.89113, 38.25046],
          [-119.89629, 38.27229],
          [-119.89006, 38.27941],
          [-119.87364, 38.29818],
          [-119.86741, 38.3053],
          [-119.85098, 38.32406],
          [-119.84475, 38.33117],
          [-119.82831, 38.34993],
          [-119.82207, 38.35704],
          [-119.79424, 38.36108],
          [-119.7664, 38.36512],
          [-119.73856, 38.36915],
          [-119.71072, 38.37317],
          [-119.68288, 38.37719],
          [-119.6664, 38.39593],
          [-119.66015, 38.40304],
          [-119.64367, 38.42177],
          [-119.63742, 38.42887],
          [-119.62093, 38.4476],
          [-119.62605, 38.46942],
          [-119.63117, 38.49124],
          [-119.63629, 38.51306],
          [-119.64141, 38.53488],
          [-119.66535, 38.54778],
          [-119.67443, 38.55268],
          [-119.67957, 38.57449],
          [-119.6847, 38.5963],
          [-119.67844, 38.6034],
          [-119.66193, 38.62211],
          [-119.66707, 38.64392],
          [-119.6608, 38.65102],
          [-119.64428, 38.66973],
          [-119.63801, 38.67683],
          [-119.62149, 38.69553],
          [-119.61522, 38.70263],
          [-119.59868, 38.72133],
          [-119.59241, 38.72843],
          [-119.57586, 38.74713],
          [-119.56958, 38.75422],
          [-119.55303, 38.77291],
          [-119.55815, 38.79471],
          [-119.55187, 38.8018],
          [-119.53531, 38.82048],
          [-119.52902, 38.82757],
          [-119.51245, 38.84626],
          [-119.51757, 38.86804],
          [-119.51128, 38.87513],
          [-119.4947, 38.89381],
          [-119.48841, 38.90089],
          [-119.47182, 38.91957],
          [-119.46552, 38.92665],
          [-119.44893, 38.94532],
          [-119.45403, 38.9671],
          [-119.44773, 38.97418],
          [-119.43113, 38.99284],
          [-119.42483, 38.99992],
          [-119.39681, 39.00389],
          [-119.38018, 39.02254],
          [-119.37388, 39.02962],
          [-119.35725, 39.04827],
          [-119.35094, 39.05534],
          [-119.3343, 39.07399],
          [-119.32799, 39.08107],
          [-119.31134, 39.09971],
          [-119.30502, 39.10678],
          [-119.28837, 39.12542],
          [-119.28205, 39.13249],
          [-119.26539, 39.15112],
          [-119.25907, 39.15819],
          [-119.2424, 39.17682],
          [-119.23607, 39.18389],
          [-119.21939, 39.20251],
          [-119.21306, 39.20958],
          [-119.19638, 39.2282],
          [-119.19005, 39.23526],
          [-119.17335, 39.25388],
          [-119.16702, 39.26094],
          [-119.15031, 39.27955],
          [-119.14397, 39.28661],
          [-119.12726, 39.30522],
          [-119.12092, 39.31228],
          [-119.1042, 39.33088],
          [-119.09786, 39.33794],
          [-119.08113, 39.35654],
          [-119.07478, 39.36359],
          [-119.05805, 39.38218],
          [-119.0517, 39.38924],
          [-119.03495, 39.40783],
          [-119.0286, 39.41488],
          [-119.01185, 39.43346],
          [-119.01689, 39.4552],
          [-119.01053, 39.46225],
          [-118.99377, 39.48083],
          [-118.98741, 39.48788],
          [-118.97064, 39.50645],
          [-118.96427, 39.5135],
          [-118.94749, 39.53207],
          [-118.94113, 39.53911],
          [-118.92434, 39.55768],
          [-118.91797, 39.56472],
          [-118.90117, 39.58328],
          [-118.8948, 39.59032],
          [-118.878, 39.60888],
          [-118.87162, 39.61592],
          [-118.85481, 39.63447],
          [-118.84843, 39.64151],
          [-118.82022, 39.64537],
          [-118.80339, 39.66391],
          [-118.79701, 39.67094],
          [-118.78017, 39.68948],
          [-118.77378, 39.69652],
          [-118.75694, 39.71505],
          [-118.75055, 39.72208],
          [-118.7337, 39.74061],
          [-118.7273, 39.74764],
          [-118.69906, 39.75148],
          [-118.68219, 39.77],
          [-118.67579, 39.77703],
          [-118.64754, 39.78086],
          [-118.63066, 39.79937],
          [-118.62426, 39.8064],
          [-118.60737, 39.82491],
          [-118.60096, 39.83193],
          [-118.57269, 39.83575],
          [-118.55579, 39.85425],
          [-118.54937, 39.86127],
          [-118.52109, 39.86507],
          [-118.50417, 39.88357],
          [-118.49776, 39.89059],
          [-118.48083, 39.90908],
          [-118.47441, 39.91609],
          [-118.44611, 39.91988],
          [-118.42917, 39.93837],
          [-118.42275, 39.94538],
          [-118.39444, 39.94916],
          [-118.37749, 39.96764],
          [-118.37105, 39.97465],
          [-118.34273, 39.97843],
          [-118.32577, 39.99689],
          [-118.31933, 40.0039],
          [-118.291, 40.00767],
          [-118.27402, 40.02613],
          [-118.26758, 40.03313],
          [-118.23924, 40.03689],
          [-118.22224, 40.05534],
          [-118.2158, 40.06234],
          [-118.18745, 40.06609],
          [-118.15909, 40.06984],
          [-118.14208, 40.08828],
          [-118.13563, 40.09527],
          [-118.10726, 40.09901],
          [-118.09024, 40.11744],
          [-118.08378, 40.12444],
          [-118.0554, 40.12816],
          [-118.03836, 40.14659],
          [-118.0319, 40.15358],
          [-118.00352, 40.1573],
          [-117.97513, 40.16101],
          [-117.94675, 40.16472],
          [-117.92968, 40.18314],
          [-117.92321, 40.19012],
          [-117.89481, 40.19382],
          [-117.86641, 40.19752],
          [-117.83801, 40.20121],
          [-117.80961, 40.20489],
          [-117.78121, 40.20858],
          [-117.77207, 40.20362],
          [-117.74799, 40.19056],
          [-117.71959, 40.19423],
          [-117.71045, 40.18927],
          [-117.68638, 40.1762],
          [-117.65798, 40.17987],
          [-117.62958, 40.18352],
          [-117.60118, 40.18718],
          [-117.58405, 40.20556],
          [-117.57755, 40.21253],
          [-117.54913, 40.21617],
          [-117.53199, 40.23454],
          [-117.52548, 40.24151],
          [-117.49706, 40.24514],
          [-117.4799, 40.26351],
          [-117.47339, 40.27047],
          [-117.44495, 40.2741],
          [-117.42778, 40.29245],
          [-117.42126, 40.29941],
          [-117.39282, 40.30303],
          [-117.37563, 40.32138],
          [-117.36911, 40.32834],
          [-117.34066, 40.33195],
          [-117.32346, 40.35029],
          [-117.31693, 40.35724],
          [-117.28847, 40.36084],
          [-117.26, 40.36444],
          [-117.24278, 40.38277],
          [-117.23625, 40.38972],
          [-117.20777, 40.39331],
          [-117.19054, 40.41163],
          [-117.184, 40.41857],
          [-117.15551, 40.42215],
          [-117.13826, 40.44047],
          [-117.13172, 40.44741],
          [-117.10322, 40.45098],
          [-117.08596, 40.46928],
          [-117.07941, 40.47623],
          [-117.06214, 40.49453],
          [-117.05558, 40.50147],
          [-117.02707, 40.50502],
          [-117.00978, 40.52332],
          [-117.00323, 40.53025],
          [-116.9747, 40.5338],
          [-116.9574, 40.55209],
          [-116.95084, 40.55902],
          [-116.92231, 40.56256],
          [-116.89546, 40.57395],
          [-116.86692, 40.57748],
          [-116.83894, 40.58362],
          [-116.81937, 40.59141],
          [-116.81184, 40.59387],
          [-116.78329, 40.59739],
          [-116.75475, 40.6009],
          [-116.72735, 40.60982],
          [-116.6988, 40.61332],
          [-116.67024, 40.61682],
          [-116.64283, 40.62573],
          [-116.61427, 40.62922],
          [-116.58686, 40.63812],
          [-116.55829, 40.6416],
          [-116.52972, 40.64508],
          [-116.50984, 40.65152],
          [-116.50219, 40.65347],
          [-116.47362, 40.65693],
          [-116.44504, 40.66039],
          [-116.41723, 40.66746],
          [-116.38865, 40.67091],
          [-116.36007, 40.67436],
          [-116.33224, 40.68141],
          [-116.30365, 40.68485],
          [-116.27506, 40.68828],
          [-116.24591, 40.68902],
          [-116.21642, 40.6881],
          [-116.20831, 40.68785],
          [-116.18692, 40.68719],
          [-116.15833, 40.6906],
          [-116.12985, 40.69453],
          [-116.10966, 40.69962],
          [-116.1021, 40.70205],
          [-116.0735, 40.70545],
          [-116.04602, 40.71426],
          [-116.01789, 40.71996],
          [-115.99077, 40.73057],
          [-115.98148, 40.73704],
          [-115.97986, 40.75943],
          [-115.99041, 40.78039],
          [-116.00402, 40.79488],
          [-116.00788, 40.80053],
          [-116.01366, 40.82204],
          [-116.03246, 40.84202],
          [-116.04609, 40.8565],
          [-116.05126, 40.86199],
          [-116.05969, 40.88319],
          [-116.06417, 40.90485],
          [-116.06866, 40.9265],
          [-116.07316, 40.94816],
          [-116.07765, 40.96981],
          [-116.071, 40.9767],
          [-116.05346, 40.99485],
          [-116.04681, 41.00174],
          [-116.02926, 41.01988],
          [-116.03375, 41.04153],
          [-116.02709, 41.04841],
          [-116.00954, 41.06655],
          [-116.00288, 41.07344],
          [-115.98531, 41.09157],
          [-115.97865, 41.09845],
          [-115.96108, 41.11659],
          [-115.95441, 41.12346],
          [-115.92569, 41.12683],
          [-115.9081, 41.14496],
          [-115.90142, 41.15183],
          [-115.88383, 41.16995],
          [-115.87715, 41.17682],
          [-115.85955, 41.19494],
          [-115.85287, 41.20181],
          [-115.82412, 41.20516],
          [-115.8065, 41.22327],
          [-115.79982, 41.23013],
          [-115.78219, 41.24824],
          [-115.7755, 41.2551],
          [-115.74673, 41.25844],
          [-115.72909, 41.27653],
          [-115.7224, 41.2834],
          [-115.70475, 41.30149],
          [-115.69805, 41.30835],
          [-115.68039, 41.32643],
          [-115.67369, 41.33329],
          [-115.65602, 41.35137],
          [-115.64932, 41.35823],
          [-115.62052, 41.36154],
          [-115.60284, 41.37961],
          [-115.59613, 41.38647],
          [-115.57844, 41.40454],
          [-115.57173, 41.41139],
          [-115.55403, 41.42945],
          [-115.54731, 41.4363],
          [-115.51849, 41.4396],
          [-115.50077, 41.45765],
          [-115.49405, 41.4645],
          [-115.47633, 41.48255],
          [-115.46961, 41.48939],
          [-115.45187, 41.50744],
          [-115.44515, 41.51428],
          [-115.4163, 41.51756],
          [-115.39855, 41.5356],
          [-115.39182, 41.54244],
          [-115.37406, 41.56047],
          [-115.36733, 41.56731],
          [-115.33846, 41.57057],
          [-115.32069, 41.5886],
          [-115.31395, 41.59543],
          [-115.29617, 41.61345],
          [-115.28943, 41.62028],
          [-115.26054, 41.62354],
          [-115.24275, 41.64155],
          [-115.236, 41.64838],
          [-115.2182, 41.66638],
          [-115.21145, 41.67321],
          [-115.19364, 41.69121],
          [-115.18688, 41.69804],
          [-115.16906, 41.71603],
          [-115.1623, 41.72286],
          [-115.14447, 41.74085],
          [-115.13771, 41.74767],
          [-115.11987, 41.76566],
          [-115.11311, 41.77248],
          [-115.08417, 41.7757],
          [-115.06632, 41.79368],
          [-115.05955, 41.8005],
          [-115.04169, 41.81847],
          [-115.03492, 41.82529],
          [-115.01705, 41.84325],
          [-115.01027, 41.85007],
          [-114.99239, 41.86803],
          [-114.98561, 41.87484],
          [-114.96772, 41.8928],
          [-114.96094, 41.89961],
          [-114.94304, 41.91756],
          [-114.94734, 41.93912],
          [-114.94055, 41.94593],
          [-114.92264, 41.96388],
          [-114.91585, 41.97068],
          [-114.89793, 41.98863],
          [-114.89114, 41.99543],
          [-114.87321, 42.01336],
          [-114.86641, 42.02017],
          [-114.8374, 42.02335],
          [-114.81946, 42.04127],
          [-114.81266, 42.04807],
          [-114.79471, 42.06599],
          [-114.7879, 42.07279],
          [-114.75887, 42.07596],
          [-114.74091, 42.09387],
          [-114.73409, 42.10067],
          [-114.71612, 42.11857],
          [-114.70931, 42.12537],
          [-114.68026, 42.12852],
          [-114.65121, 42.13167],
          [-114.63322, 42.14956],
          [-114.62639, 42.15635],
          [-114.60839, 42.17424],
          [-114.60156, 42.18103],
          [-114.58355, 42.19892],
          [-114.57672, 42.2057],
          [-114.5587, 42.22359],
          [-114.55187, 42.23037],
          [-114.53384, 42.24825],
          [-114.527, 42.25503],
          [-114.50897, 42.2729],
          [-114.51319, 42.29443],
          [-114.50634, 42.3012],
          [-114.48829, 42.31907],
          [-114.48145, 42.32585],
          [-114.46339, 42.34371],
          [-114.45654, 42.35048],
          [-114.43848, 42.36834],
          [-114.43162, 42.37511],
          [-114.41355, 42.39296],
          [-114.40669, 42.39973],
          [-114.38861, 42.41757],
          [-114.38175, 42.42434],
          [-114.3526, 42.42744],
          [-114.33451, 42.44527],
          [-114.32764, 42.45204],
          [-114.30954, 42.46987],
          [-114.30267, 42.47663],
          [-114.28455, 42.49446],
          [-114.27768, 42.50122],
          [-114.25955, 42.51904],
          [-114.25268, 42.5258],
          [-114.23455, 42.54362],
          [-114.22767, 42.55038],
          [-114.19848, 42.55344],
          [-114.18033, 42.57125],
          [-114.17345, 42.57801],
          [-114.14425, 42.58106],
          [-114.12609, 42.59887],
          [-114.1192, 42.60562],
          [-114.10103, 42.62341],
          [-114.09413, 42.63016],
          [-114.06492, 42.63321],
          [-114.04673, 42.65099],
          [-114.03983, 42.65774],
          [-114.02164, 42.67552],
          [-114.01473, 42.68226],
          [-113.9855, 42.68529],
          [-113.96729, 42.70307],
          [-113.96039, 42.70981],
          [-113.93114, 42.71283],
          [-113.9019, 42.71585],
          [-113.88367, 42.73361],
          [-113.87675, 42.74035],
          [-113.8475, 42.74336],
          [-113.81825, 42.74636],
          [-113.8, 42.76411],
          [-113.79307, 42.77084],
          [-113.76381, 42.77384],
          [-113.74554, 42.79158],
          [-113.73861, 42.79831],
          [-113.72034, 42.81604],
          [-113.7134, 42.82277],
          [-113.68412, 42.82575],
          [-113.66583, 42.84348],
          [-113.65889, 42.8502],
          [-113.6296, 42.85318],
          [-113.60031, 42.85614],
          [-113.57101, 42.8591],
          [-113.5527, 42.87682],
          [-113.54575, 42.88354],
          [-113.51645, 42.88649],
          [-113.48714, 42.88944],
          [-113.4688, 42.90714],
          [-113.46185, 42.91385],
          [-113.43253, 42.91679],
          [-113.40321, 42.91973],
          [-113.38486, 42.93742],
          [-113.37789, 42.94413],
          [-113.34856, 42.94705],
          [-113.33019, 42.96474],
          [-113.32322, 42.97144],
          [-113.29388, 42.97436],
          [-113.26454, 42.97727],
          [-113.24615, 42.99494],
          [-113.23918, 43.00164],
          [-113.20983, 43.00455],
          [-113.18048, 43.00744],
          [-113.15112, 43.01034],
          [-113.13271, 43.02799],
          [-113.12572, 43.03469],
          [-113.09636, 43.03757],
          [-113.06699, 43.04045],
          [-113.04855, 43.0581],
          [-113.04156, 43.06479],
          [-113.01218, 43.06766],
          [-112.99373, 43.08529],
          [-112.98673, 43.09198],
          [-112.95735, 43.09484],
          [-112.93888, 43.11247],
          [-112.93187, 43.11915],
          [-112.90248, 43.12201],
          [-112.87308, 43.12485],
          [-112.85459, 43.14247],
          [-112.84758, 43.14915],
          [-112.81818, 43.15199],
          [-112.79967, 43.16959],
          [-112.79265, 43.17627],
          [-112.76324, 43.1791],
          [-112.74472, 43.1967],
          [-112.73769, 43.20337],
          [-112.71917, 43.22097],
          [-112.71214, 43.22764],
          [-112.6936, 43.24523],
          [-112.68657, 43.2519],
          [-112.65713, 43.25471],
          [-112.63858, 43.27229],
          [-112.63154, 43.27895],
          [-112.61298, 43.29653],
          [-112.60593, 43.30319],
          [-112.58736, 43.32076],
          [-112.58032, 43.32743],
          [-112.55085, 43.33022],
          [-112.53227, 43.34778],
          [-112.52522, 43.35444],
          [-112.49574, 43.35722],
          [-112.47714, 43.37477],
          [-112.47009, 43.38143],
          [-112.4406, 43.3842],
          [-112.41112, 43.38697],
          [-112.3925, 43.40451],
          [-112.38543, 43.41117],
          [-112.35594, 43.41393],
          [-112.32644, 43.41668],
          [-112.29694, 43.41943],
          [-112.27829, 43.43696],
          [-112.27122, 43.44361],
          [-112.24171, 43.44635],
          [-112.2122, 43.44908],
          [-112.18269, 43.45182],
          [-112.15318, 43.45454],
          [-112.1345, 43.47205],
          [-112.12741, 43.47869],
          [-112.09789, 43.48141],
          [-112.06836, 43.48412],
          [-112.04966, 43.50162],
          [-112.04257, 43.50825],
          [-112.02386, 43.52574],
          [-112.01676, 43.53238],
          [-112, 43.54803]
        ]
      }
    },
    {
      "type": "Feature",
      "id": "2026082906_f222_12000_001",
      "properties": {
        "product_id": "winter_storm_levels",
        "source_id": "nbm_snow_level",
        "parameter": "snow_level",
        "definition": "height of the wet-bulb 0.5 degree C surface",
        "level_ft_msl": 12000,
        "label": "12,000 ft MSL",
        "unit": "ft_msl",
        "cycle_time_utc": "2026-08-29T06:00:00Z",
        "valid_time_utc": "2026-09-07T12:00:00Z",
        "lead_hours": 222,
        "segment": 1,
        "length_m": 88350.8
      },
      "geometry": {
        "type": "LineString",
        "coordinates": [
          [-115.94332, 38.64311],
          [-115.94108, 38.66582],
          [-115.9427, 38.68805],
          [-115.92962, 38.71011],
          [-115.90023, 38.70685],
          [-115.87197, 38.69664],
          [-115.86913, 38.69502],
          [-115.84809, 38.6771],
          [-115.83399, 38.65637],
          [-115.82964, 38.63447],
          [-115.82571, 38.61251],
          [-115.82137, 38.59059],
          [-115.81897, 38.58696],
          [-115.81077, 38.56944],
          [-115.79827, 38.54851],
          [-115.77989, 38.53446],
          [-115.771, 38.52936],
          [-115.74755, 38.51592],
          [-115.7348, 38.51129],
          [-115.71648, 38.49105],
          [-115.71217, 38.46913],
          [-115.72571, 38.44505],
          [-115.72985, 38.42602],
          [-115.73154, 38.42189],
          [-115.75446, 38.40546],
          [-115.78113, 38.3954],
          [-115.81128, 38.40298],
          [-115.83615, 38.40922],
          [-115.84181, 38.41247],
          [-115.86848, 38.42775],
          [-115.87527, 38.44938],
          [-115.87848, 38.45292],
          [-115.89362, 38.4696],
          [-115.89797, 38.49153],
          [-115.91633, 38.51174],
          [-115.91954, 38.51528],
          [-115.92892, 38.53266],
          [-115.93328, 38.55457],
          [-115.93648, 38.57663],
          [-115.94085, 38.59854],
          [-115.93982, 38.61717],
          [-115.93936, 38.62116],
          [-115.94332, 38.64311]
        ]
      }
    },
    {
      "type": "Feature",
      "id": "2026082906_f222_12000_002",
      "properties": {
        "product_id": "winter_storm_levels",
        "source_id": "nbm_snow_level",
        "parameter": "snow_level",
        "definition": "height of the wet-bulb 0.5 degree C surface",
        "level_ft_msl": 12000,
        "label": "12,000 ft MSL",
        "unit": "ft_msl",
        "cycle_time_utc": "2026-08-29T06:00:00Z",
        "valid_time_utc": "2026-09-07T12:00:00Z",
        "lead_hours": 222,
        "segment": 2,
        "length_m": 1985426.1
      },
      "geometry": {
        "type": "LineString",
        "coordinates": [
          [-125.98103, 30.17947],
          [-125.97933, 30.18183],
          [-125.97589, 30.18661],
          [-125.95026, 30.19176],
          [-125.93402, 30.21429],
          [-125.93058, 30.21906],
          [-125.90494, 30.2242],
          [-125.8793, 30.22934],
          [-125.86304, 30.25186],
          [-125.85959, 30.25663],
          [-125.83394, 30.26176],
          [-125.80829, 30.26689],
          [-125.79202, 30.28939],
          [-125.78856, 30.29416],
          [-125.7629, 30.29928],
          [-125.74661, 30.32178],
          [-125.74316, 30.32655],
          [-125.71749, 30.33166],
          [-125.69181, 30.33677],
          [-125.67551, 30.35926],
          [-125.67205, 30.36403],
          [-125.64637, 30.36913],
          [-125.63005, 30.39161],
          [-125.62659, 30.39638],
          [-125.60089, 30.40147],
          [-125.58456, 30.42395],
          [-125.5811, 30.42872],
          [-125.56476, 30.4512],
          [-125.56129, 30.45596],
          [-125.53558, 30.46104],
          [-125.51923, 30.48351],
          [-125.51576, 30.48828],
          [-125.49004, 30.49335],
          [-125.47368, 30.51581],
          [-125.47021, 30.52058],
          [-125.44448, 30.52564],
          [-125.4281, 30.5481],
          [-125.42463, 30.55286],
          [-125.39889, 30.55792],
          [-125.3825, 30.58037],
          [-125.37902, 30.58513],
          [-125.35328, 30.59018],
          [-125.32753, 30.59522],
          [-125.30178, 30.60026],
          [-125.28537, 30.6227],
          [-125.28188, 30.62746],
          [-125.25612, 30.6325],
          [-125.23037, 30.63752],
          [-125.21393, 30.65995],
          [-125.21044, 30.66471],
          [-125.18467, 30.66973],
          [-125.1589, 30.67475],
          [-125.14245, 30.69717],
          [-125.13896, 30.70193],
          [-125.11318, 30.70693],
          [-125.09671, 30.72935],
          [-125.09321, 30.7341],
          [-125.06742, 30.7391],
          [-125.05094, 30.76151],
          [-125.04745, 30.76627],
          [-125.02165, 30.77126],
          [-125.00515, 30.79366],
          [-125.00165, 30.79842],
          [-124.97584, 30.8034],
          [-124.95004, 30.80838],
          [-124.93352, 30.83078],
          [-124.93002, 30.83553],
          [-124.9042, 30.8405],
          [-124.88767, 30.86289],
          [-124.88416, 30.86764],
          [-124.85834, 30.8726],
          [-124.8418, 30.89498],
          [-124.83829, 30.89973],
          [-124.81245, 30.90469],
          [-124.79589, 30.92706],
          [-124.79238, 30.93181],
          [-124.76654, 30.93676],
          [-124.74997, 30.95913],
          [-124.74645, 30.96387],
          [-124.72988, 30.98624],
          [-124.72636, 30.99099],
          [-124.70978, 31.01335],
          [-124.70626, 31.01809],
          [-124.68967, 31.04045],
          [-124.68615, 31.0452],
          [-124.66955, 31.06755],
          [-124.66603, 31.07229],
          [-124.64942, 31.09465],
          [-124.6459, 31.09939],
          [-124.62928, 31.12174],
          [-124.62576, 31.12648],
          [-124.60913, 31.14883],
          [-124.60561, 31.15357],
          [-124.58898, 31.17591],
          [-124.58545, 31.18065],
          [-124.56881, 31.20299],
          [-124.56528, 31.20773],
          [-124.54863, 31.23007],
          [-124.5451, 31.23481],
          [-124.52845, 31.25714],
          [-124.53419, 31.2793],
          [-124.53066, 31.28404],
          [-124.51399, 31.30637],
          [-124.51046, 31.31111],
          [-124.49379, 31.33343],
          [-124.49025, 31.33817],
          [-124.47357, 31.36049],
          [-124.47003, 31.36523],
          [-124.44407, 31.37012],
          [-124.42738, 31.39244],
          [-124.42384, 31.39717],
          [-124.40714, 31.41949],
          [-124.4036, 31.42422],
          [-124.38689, 31.44653],
          [-124.38334, 31.45126],
          [-124.36663, 31.47357],
          [-124.36308, 31.4783],
          [-124.34636, 31.50061],
          [-124.34281, 31.50534],
          [-124.31682, 31.51021],
          [-124.30008, 31.53251],
          [-124.29653, 31.53723],
          [-124.27978, 31.55953],
          [-124.27623, 31.56426],
          [-124.25022, 31.56912],
          [-124.23346, 31.5914],
          [-124.22991, 31.59613],
          [-124.20389, 31.60098],
          [-124.18712, 31.62326],
          [-124.18356, 31.62799],
          [-124.15753, 31.63283],
          [-124.14075, 31.65511],
          [-124.13719, 31.65983],
          [-124.11115, 31.66467],
          [-124.08511, 31.6695],
          [-124.06831, 31.69177],
          [-124.06474, 31.69649],
          [-124.03869, 31.70131],
          [-124.01264, 31.70613],
          [-123.99582, 31.72839],
          [-123.99225, 31.73311],
          [-123.96619, 31.73792],
          [-123.94935, 31.76017],
          [-123.94578, 31.76489],
          [-123.91971, 31.76969],
          [-123.90286, 31.79193],
          [-123.89929, 31.79665],
          [-123.88243, 31.81889],
          [-123.87885, 31.82361],
          [-123.85276, 31.8284],
          [-123.83589, 31.85064],
          [-123.83231, 31.85535],
          [-123.81543, 31.87758],
          [-123.81185, 31.8823],
          [-123.78575, 31.88708],
          [-123.76885, 31.9093],
          [-123.76527, 31.91401],
          [-123.73916, 31.91879],
          [-123.71305, 31.92355],
          [-123.69614, 31.94577],
          [-123.69255, 31.95048],
          [-123.66643, 31.95524],
          [-123.6495, 31.97745],
          [-123.64591, 31.98216],
          [-123.61978, 31.98691],
          [-123.59365, 31.99166],
          [-123.5767, 32.01386],
          [-123.5731, 32.01856],
          [-123.55615, 32.04076],
          [-123.55255, 32.04547],
          [-123.53559, 32.06766],
          [-123.53199, 32.07237],
          [-123.50583, 32.0771],
          [-123.48886, 32.09928],
          [-123.48526, 32.10399],
          [-123.46827, 32.12617],
          [-123.46467, 32.13087],
          [-123.44767, 32.15305],
          [-123.44407, 32.15776],
          [-123.42707, 32.17993],
          [-123.42346, 32.18463],
          [-123.39728, 32.18935],
          [-123.38026, 32.21151],
          [-123.37665, 32.21622],
          [-123.35046, 32.22092],
          [-123.33343, 32.24308],
          [-123.32982, 32.24778],
          [-123.30361, 32.25248],
          [-123.28657, 32.27464],
          [-123.28296, 32.27933],
          [-123.25674, 32.28402],
          [-123.23053, 32.28871],
          [-123.21347, 32.31085],
          [-123.20985, 32.31555],
          [-123.18363, 32.32023],
          [-123.16655, 32.34237],
          [-123.16293, 32.34706],
          [-123.13669, 32.35173],
          [-123.11046, 32.35639],
          [-123.09337, 32.37852],
          [-123.08974, 32.38322],
          [-123.06349, 32.38787],
          [-123.03725, 32.39253],
          [-123.011, 32.39717],
          [-122.99388, 32.41929],
          [-122.99025, 32.42398],
          [-122.96399, 32.42862],
          [-122.94686, 32.45073],
          [-122.94322, 32.45542],
          [-122.91696, 32.46005],
          [-122.89981, 32.48215],
          [-122.89617, 32.48684],
          [-122.86989, 32.49147],
          [-122.85273, 32.51356],
          [-122.84909, 32.51825],
          [-122.82281, 32.52286],
          [-122.80563, 32.54495],
          [-122.80199, 32.54964],
          [-122.77569, 32.55425],
          [-122.7494, 32.55885],
          [-122.7322, 32.58093],
          [-122.72856, 32.58561],
          [-122.70225, 32.59021],
          [-122.67594, 32.5948],
          [-122.65873, 32.61687],
          [-122.65508, 32.62155],
          [-122.62876, 32.62613],
          [-122.61153, 32.6482],
          [-122.60788, 32.65287],
          [-122.58155, 32.65745],
          [-122.56431, 32.67951],
          [-122.56065, 32.68418],
          [-122.5434, 32.70624],
          [-122.53974, 32.71091],
          [-122.5134, 32.71548],
          [-122.49614, 32.73752],
          [-122.49247, 32.7422],
          [-122.46612, 32.74675],
          [-122.44884, 32.76879],
          [-122.44518, 32.77347],
          [-122.42789, 32.7955],
          [-122.42423, 32.80018],
          [-122.40693, 32.82221],
          [-122.40326, 32.82688],
          [-122.38596, 32.84891],
          [-122.38229, 32.85358],
          [-122.35591, 32.85812],
          [-122.33859, 32.88014],
          [-122.33492, 32.88481],
          [-122.31759, 32.90683],
          [-122.31392, 32.9115],
          [-122.29659, 32.93351],
          [-122.29291, 32.93818],
          [-122.2665, 32.9427],
          [-122.24916, 32.96471],
          [-122.24548, 32.96938],
          [-122.22812, 32.99138],
          [-122.2335, 33.01354],
          [-122.22982, 33.0182],
          [-122.21246, 33.0402],
          [-122.20877, 33.04487],
          [-122.1914, 33.06687],
          [-122.18771, 33.07153],
          [-122.17033, 33.09352],
          [-122.16664, 33.09819],
          [-122.14925, 33.12017],
          [-122.14556, 33.12484],
          [-122.12817, 33.14682],
          [-122.12448, 33.15148],
          [-122.09802, 33.15597],
          [-122.0806, 33.17795],
          [-122.07691, 33.18261],
          [-122.05949, 33.20459],
          [-122.05579, 33.20925],
          [-122.03837, 33.23122],
          [-122.03467, 33.23588],
          [-122.01723, 33.25784],
          [-122.01353, 33.2625],
          [-121.99609, 33.28446],
          [-121.99239, 33.28912],
          [-121.97494, 33.31108],
          [-121.97123, 33.31574],
          [-121.95377, 33.33769],
          [-121.95007, 33.34235],
          [-121.92356, 33.34681],
          [-121.90608, 33.36875],
          [-121.90237, 33.37341],
          [-121.88489, 33.39535],
          [-121.88118, 33.40001],
          [-121.86369, 33.42195],
          [-121.85998, 33.4266],
          [-121.84248, 33.44854],
          [-121.83877, 33.45319],
          [-121.81223, 33.45763],
          [-121.79471, 33.47956],
          [-121.791, 33.48421],
          [-121.77347, 33.50613],
          [-121.76976, 33.51078],
          [-121.7432, 33.51521],
          [-121.72566, 33.53713],
          [-121.72194, 33.54178],
          [-121.69538, 33.5462],
          [-121.67783, 33.56811],
          [-121.6741, 33.57276],
          [-121.64753, 33.57717],
          [-121.62095, 33.58157],
          [-121.60338, 33.60347],
          [-121.59965, 33.60812],
          [-121.57306, 33.61252],
          [-121.54647, 33.61691],
          [-121.52888, 33.6388],
          [-121.52515, 33.64345],
          [-121.49855, 33.64783],
          [-121.47195, 33.65221],
          [-121.44535, 33.65659],
          [-121.42773, 33.67847],
          [-121.42399, 33.68311],
          [-121.39738, 33.68748],
          [-121.37077, 33.69184],
          [-121.34415, 33.6962],
          [-121.32651, 33.71807],
          [-121.32277, 33.72271],
          [-121.29614, 33.72706],
          [-121.26951, 33.73141],
          [-121.24288, 33.73575],
          [-121.21625, 33.74009],
          [-121.18962, 33.74442],
          [-121.16298, 33.74875],
          [-121.13634, 33.75308],
          [-121.1097, 33.7574],
          [-121.08306, 33.76172],
          [-121.05642, 33.76603],
          [-121.02977, 33.77034],
          [-121.00312, 33.77464],
          [-120.97647, 33.77894],
          [-120.94982, 33.78324],
          [-120.92317, 33.78753],
          [-120.89651, 33.79181],
          [-120.86985, 33.79609],
          [-120.84319, 33.80037],
          [-120.81653, 33.80464],
          [-120.78987, 33.80891],
          [-120.7721, 33.83071],
          [-120.76833, 33.83533],
          [-120.74166, 33.83959],
          [-120.71498, 33.84385],
          [-120.68831, 33.8481],
          [-120.67051, 33.86988],
          [-120.66674, 33.8745],
          [-120.64005, 33.87875],
          [-120.61336, 33.88299],
          [-120.59555, 33.90476],
          [-120.59177, 33.90938],
          [-120.57395, 33.93115],
          [-120.57017, 33.93576],
          [-120.54347, 33.93999],
          [-120.52563, 33.96175],
          [-120.52185, 33.96637],
          [-120.504, 33.98813],
          [-120.50022, 33.99274],
          [-120.48237, 34.01449],
          [-120.47858, 34.01911],
          [-120.46072, 34.04086],
          [-120.45693, 34.04547],
          [-120.43906, 34.06722],
          [-120.43527, 34.07183],
          [-120.40853, 34.07603],
          [-120.39065, 34.09777],
          [-120.38685, 34.10238],
          [-120.36896, 34.12412],
          [-120.37403, 34.14627],
          [-120.37023, 34.15088],
          [-120.34347, 34.15507],
          [-120.32556, 34.17679],
          [-120.32176, 34.1814],
          [-120.30385, 34.20312],
          [-120.30004, 34.20773],
          [-120.27326, 34.21191],
          [-120.25533, 34.23363],
          [-120.25153, 34.23823],
          [-120.23359, 34.25994],
          [-120.22978, 34.26455],
          [-120.21184, 34.28626],
          [-120.20803, 34.29086],
          [-120.19007, 34.31256],
          [-120.18626, 34.31717],
          [-120.1683, 34.33886],
          [-120.16449, 34.34347],
          [-120.14652, 34.36516],
          [-120.1427, 34.36976],
          [-120.12472, 34.39145],
          [-120.12091, 34.39605],
          [-120.09408, 34.4002],
          [-120.07608, 34.42189],
          [-120.07226, 34.42648],
          [-120.04542, 34.43062],
          [-120.02741, 34.4523],
          [-120.02359, 34.4569],
          [-120.00557, 34.47857],
          [-120.00175, 34.48317],
          [-119.97489, 34.48729],
          [-119.95686, 34.50896],
          [-119.95304, 34.51355],
          [-119.93499, 34.53521],
          [-119.93117, 34.53981],
          [-119.90429, 34.54392],
          [-119.88624, 34.56558],
          [-119.88241, 34.57017],
          [-119.86434, 34.59182],
          [-119.86051, 34.59641],
          [-119.84244, 34.61805],
          [-119.83861, 34.62265],
          [-119.82052, 34.64429],
          [-119.81669, 34.64888],
          [-119.7986, 34.67051],
          [-119.80358, 34.69264],
          [-119.79974, 34.69723],
          [-119.77282, 34.70132],
          [-119.74591, 34.70541],
          [-119.72779, 34.72703],
          [-119.72395, 34.73162],
          [-119.69702, 34.7357],
          [-119.6789, 34.75732],
          [-119.67505, 34.7619],
          [-119.64812, 34.76597],
          [-119.62997, 34.78758],
          [-119.62613, 34.79217],
          [-119.60798, 34.81377],
          [-119.60413, 34.81835],
          [-119.58597, 34.83996],
          [-119.58211, 34.84454],
          [-119.56395, 34.86614],
          [-119.56009, 34.87072],
          [-119.53313, 34.87477],
          [-119.51495, 34.89636],
          [-119.51109, 34.90094],
          [-119.4929, 34.92252],
          [-119.48904, 34.9271],
          [-119.47084, 34.94868],
          [-119.46698, 34.95326],
          [-119.44877, 34.97484],
          [-119.44491, 34.97941],
          [-119.4267, 35.00099],
          [-119.42283, 35.00556],
          [-119.40461, 35.02713],
          [-119.40074, 35.03171],
          [-119.37373, 35.03573],
          [-119.35549, 35.05729],
          [-119.35162, 35.06186],
          [-119.33337, 35.08342],
          [-119.3295, 35.08799],
          [-119.30248, 35.092],
          [-119.28421, 35.11355],
          [-119.28034, 35.11812],
          [-119.2533, 35.12212],
          [-119.23503, 35.14366],
          [-119.23115, 35.14823],
          [-119.21286, 35.16977],
          [-119.20898, 35.17434],
          [-119.19069, 35.19587],
          [-119.18681, 35.20044],
          [-119.16851, 35.22197],
          [-119.16463, 35.22654],
          [-119.13756, 35.23052],
          [-119.11924, 35.25204],
          [-119.11536, 35.2566],
          [-119.09703, 35.27812],
          [-119.09314, 35.28268],
          [-119.07481, 35.3042],
          [-119.07092, 35.30876],
          [-119.05258, 35.33027],
          [-119.04868, 35.33483],
          [-119.03033, 35.35634],
          [-119.02644, 35.3609],
          [-118.99934, 35.36485],
          [-118.98097, 35.38635],
          [-118.97707, 35.39091],
          [-118.94996, 35.39486],
          [-118.93158, 35.41635],
          [-118.92768, 35.4209],
          [-118.90929, 35.44239],
          [-118.90539, 35.44695],
          [-118.87826, 35.45088],
          [-118.85985, 35.47236],
          [-118.85595, 35.47691],
          [-118.83754, 35.49839],
          [-118.83363, 35.50294],
          [-118.81521, 35.52441],
          [-118.8113, 35.52896],
          [-118.79287, 35.55043],
          [-118.78896, 35.55498],
          [-118.77052, 35.57644],
          [-118.76661, 35.58099],
          [-118.74817, 35.60245],
          [-118.74425, 35.607],
          [-118.7258, 35.62845],
          [-118.72188, 35.633],
          [-118.70342, 35.65444],
          [-118.70822, 35.67654],
          [-118.7043, 35.68108],
          [-118.68583, 35.70253],
          [-118.68191, 35.70707],
          [-118.66342, 35.72851],
          [-118.66822, 35.7506],
          [-118.6643, 35.75514],
          [-118.6458, 35.77657],
          [-118.64188, 35.78112],
          [-118.62337, 35.80255],
          [-118.61945, 35.80709],
          [-118.60093, 35.82851],
          [-118.597, 35.83306],
          [-118.56977, 35.83694],
          [-118.55124, 35.85835],
          [-118.54731, 35.86289],
          [-118.52877, 35.8843],
          [-118.52484, 35.88884],
          [-118.50629, 35.91025],
          [-118.50236, 35.91479],
          [-118.4751, 35.91865],
          [-118.45654, 35.94005],
          [-118.4526, 35.94459],
          [-118.42533, 35.94844],
          [-118.40675, 35.96983],
          [-118.40281, 35.97437],
          [-118.38423, 35.99576],
          [-118.38029, 36.00029],
          [-118.36169, 36.02167],
          [-118.35775, 36.02621],
          [-118.33915, 36.04759],
          [-118.34389, 36.06966],
          [-118.33995, 36.07419],
          [-118.32133, 36.09556],
          [-118.31738, 36.10009],
          [-118.29876, 36.12146],
          [-118.29481, 36.12599],
          [-118.27618, 36.14735],
          [-118.28092, 36.16942],
          [-118.27697, 36.17395],
          [-118.25832, 36.19531],
          [-118.25437, 36.19984],
          [-118.23572, 36.22119],
          [-118.23135, 36.22379],
          [-118.21071, 36.2474],
          [-118.20914, 36.25159],
          [-118.20176, 36.27136],
          [-118.1928, 36.29532],
          [-118.19124, 36.29952],
          [-118.18385, 36.31928],
          [-118.18858, 36.34134],
          [-118.17961, 36.36529],
          [-118.18434, 36.38734],
          [-118.18277, 36.39153],
          [-118.17538, 36.41129],
          [-118.18011, 36.43334],
          [-118.18484, 36.45538],
          [-118.18957, 36.47742],
          [-118.20479, 36.49403],
          [-118.20802, 36.49756],
          [-118.21276, 36.5196],
          [-118.2199, 36.5413],
          [-118.23596, 36.56176],
          [-118.24071, 36.58379],
          [-118.25595, 36.60039],
          [-118.25918, 36.60391],
          [-118.26393, 36.62594],
          [-118.26869, 36.64797],
          [-118.27345, 36.66999],
          [-118.27188, 36.67418],
          [-118.26448, 36.69392],
          [-118.26924, 36.71594],
          [-118.274, 36.73796],
          [-118.27877, 36.75997],
          [-118.28353, 36.78199],
          [-118.2883, 36.804],
          [-118.30358, 36.82058],
          [-118.30682, 36.8241],
          [-118.30525, 36.82828],
          [-118.29784, 36.84802],
          [-118.29127, 36.8716],
          [-118.29605, 36.8936],
          [-118.30082, 36.9156],
          [-118.3056, 36.9376],
          [-118.30162, 36.94212],
          [-118.28285, 36.96342],
          [-118.28762, 36.98542],
          [-118.2924, 37.00741],
          [-118.29477, 37.02974],
          [-118.2932, 37.03392],
          [-118.27441, 37.05521],
          [-118.27919, 37.0772],
          [-118.28397, 37.09918],
          [-118.28875, 37.12117],
          [-118.29354, 37.14315],
          [-118.28955, 37.14766],
          [-118.26197, 37.15148],
          [-118.24316, 37.17275],
          [-118.24793, 37.19473],
          [-118.25271, 37.21671],
          [-118.24872, 37.22122],
          [-118.22989, 37.24249],
          [-118.23467, 37.26446],
          [-118.23067, 37.26897],
          [-118.21183, 37.29023],
          [-118.23856, 37.30522],
          [-118.24423, 37.3084],
          [-118.24023, 37.31291],
          [-118.21261, 37.31671],
          [-118.19376, 37.33797],
          [-118.19853, 37.35994],
          [-118.19453, 37.36444],
          [-118.17567, 37.38569],
          [-118.18044, 37.40766],
          [-118.17644, 37.41216],
          [-118.15756, 37.43341],
          [-118.16233, 37.45537],
          [-118.15833, 37.45987],
          [-118.13944, 37.48111],
          [-118.14421, 37.50306],
          [-118.14898, 37.52502],
          [-118.14497, 37.52952],
          [-118.12607, 37.55075],
          [-118.13084, 37.5727],
          [-118.12683, 37.5772],
          [-118.10791, 37.59843],
          [-118.1039, 37.60293],
          [-118.08497, 37.62415],
          [-118.08974, 37.64609],
          [-118.08572, 37.65059],
          [-118.06679, 37.6718],
          [-118.06277, 37.6763],
          [-118.04382, 37.69751],
          [-118.0398, 37.70201],
          [-118.02085, 37.72321],
          [-118.02561, 37.74515],
          [-118.02158, 37.74964],
          [-118.00262, 37.77084],
          [-117.99859, 37.77534],
          [-117.97962, 37.79653],
          [-117.97559, 37.80102],
          [-117.95661, 37.82221],
          [-117.96136, 37.84414],
          [-117.95733, 37.84863],
          [-117.93833, 37.86982],
          [-117.94308, 37.89174],
          [-117.93905, 37.89623],
          [-117.92004, 37.91741],
          [-117.916, 37.9219],
          [-117.89699, 37.94307],
          [-117.90173, 37.96499],
          [-117.89769, 37.96948],
          [-117.87866, 37.99064],
          [-117.87462, 37.99513],
          [-117.85559, 38.01629],
          [-117.85155, 38.02078],
          [-117.82373, 38.0245],
          [-117.80467, 38.04565],
          [-117.80063, 38.05014],
          [-117.7728, 38.05386],
          [-117.75373, 38.075],
          [-117.74969, 38.07948],
          [-117.72185, 38.08319],
          [-117.70276, 38.10433],
          [-117.69872, 38.10881],
          [-117.67962, 38.12994],
          [-117.67557, 38.13442],
          [-117.65647, 38.15554],
          [-117.65241, 38.16002],
          [-117.6333, 38.18114],
          [-117.62925, 38.18562],
          [-117.60138, 38.18931],
          [-117.58225, 38.21042],
          [-117.57819, 38.2149],
          [-117.55905, 38.23601],
          [-117.55499, 38.24048],
          [-117.52711, 38.24416],
          [-117.50795, 38.26526],
          [-117.50389, 38.26973],
          [-117.48473, 38.29082],
          [-117.48066, 38.2953],
          [-117.46149, 38.31638],
          [-117.45743, 38.32086],
          [-117.43825, 38.34194],
          [-117.43418, 38.34641],
          [-117.41499, 38.36749],
          [-117.41092, 38.37196],
          [-117.39172, 38.39303],
          [-117.38764, 38.3975],
          [-117.35971, 38.40115],
          [-117.3405, 38.42221],
          [-117.33642, 38.42668],
          [-117.3172, 38.44774],
          [-117.31312, 38.45221],
          [-117.29389, 38.47326],
          [-117.28981, 38.47773],
          [-117.27056, 38.49878],
          [-117.26648, 38.50324],
          [-117.24723, 38.52428],
          [-117.24315, 38.52875],
          [-117.21517, 38.53237],
          [-117.19591, 38.5534],
          [-117.19182, 38.55787],
          [-117.17254, 38.5789],
          [-117.16845, 38.58336],
          [-117.14917, 38.60438],
          [-117.14508, 38.60884],
          [-117.11708, 38.61245],
          [-117.09778, 38.63346],
          [-117.09369, 38.63792],
          [-117.06568, 38.64152],
          [-117.04636, 38.66253],
          [-117.04226, 38.66698],
          [-117.02294, 38.68799],
          [-117.01884, 38.69244],
          [-116.99082, 38.69602],
          [-116.97147, 38.71702],
          [-116.96737, 38.72147],
          [-116.93934, 38.72504],
          [-116.91998, 38.74603],
          [-116.91588, 38.75048],
          [-116.88783, 38.75405],
          [-116.86846, 38.77502],
          [-116.86435, 38.77947],
          [-116.8363, 38.78303],
          [-116.81691, 38.804],
          [-116.8128, 38.80845],
          [-116.7934, 38.82941],
          [-116.78929, 38.83386],
          [-116.76988, 38.85482],
          [-116.76576, 38.85926],
          [-116.74635, 38.88022],
          [-116.74223, 38.88466],
          [-116.71414, 38.8882],
          [-116.68606, 38.89173],
          [-116.66662, 38.91267],
          [-116.6625, 38.91711],
          [-116.6344, 38.92063],
          [-116.61495, 38.94157],
          [-116.61082, 38.94601],
          [-116.59136, 38.96694],
          [-116.58723, 38.97137],
          [-116.56776, 38.9923],
          [-116.56363, 38.99674],
          [-116.54415, 39.01766],
          [-116.54001, 39.02209],
          [-116.52052, 39.04301],
          [-116.51639, 39.04744],
          [-116.49689, 39.06835],
          [-116.49275, 39.07279],
          [-116.47324, 39.09369],
          [-116.4691, 39.09812],
          [-116.44959, 39.11902],
          [-116.45408, 39.14086],
          [-116.45857, 39.1627],
          [-116.45443, 39.16714],
          [-116.4349, 39.18803],
          [-116.43075, 39.19246],
          [-116.41121, 39.21334],
          [-116.40706, 39.21777],
          [-116.37888, 39.22125],
          [-116.35932, 39.24212],
          [-116.35517, 39.24655],
          [-116.3356, 39.26742],
          [-116.33145, 39.27185],
          [-116.31187, 39.29271],
          [-116.30772, 39.29714],
          [-116.28813, 39.318],
          [-116.28397, 39.32243],
          [-116.25576, 39.32588],
          [-116.23615, 39.34673],
          [-116.232, 39.35115],
          [-116.21238, 39.372],
          [-116.20822, 39.37642],
          [-116.17999, 39.37986],
          [-116.16036, 39.4007],
          [-116.1562, 39.40512],
          [-116.13656, 39.42595],
          [-116.13239, 39.43037],
          [-116.10414, 39.4338],
          [-116.08449, 39.45462],
          [-116.08032, 39.45904],
          [-116.06065, 39.47986],
          [-116.05648, 39.48428],
          [-116.02821, 39.48769],
          [-116.00854, 39.5085],
          [-116.00436, 39.51291],
          [-115.98467, 39.53372],
          [-115.9805, 39.53813],
          [-115.95221, 39.54153],
          [-115.93251, 39.56233],
          [-115.92833, 39.56674],
          [-115.90861, 39.58753],
          [-115.90443, 39.59194],
          [-115.87613, 39.59533],
          [-115.8564, 39.61611],
          [-115.85221, 39.62052],
          [-115.83247, 39.6413],
          [-115.82829, 39.6457],
          [-115.79997, 39.64908],
          [-115.78021, 39.66985],
          [-115.77602, 39.67425],
          [-115.75626, 39.69501],
          [-115.75206, 39.69942],
          [-115.72373, 39.70278],
          [-115.70395, 39.72353],
          [-115.69975, 39.72794],
          [-115.67141, 39.73129],
          [-115.65161, 39.75203],
          [-115.64741, 39.75643],
          [-115.61906, 39.75978],
          [-115.59925, 39.78051],
          [-115.59504, 39.78491],
          [-115.57522, 39.80564],
          [-115.57102, 39.81004],
          [-115.54264, 39.81337],
          [-115.52281, 39.8341],
          [-115.5186, 39.83849],
          [-115.49875, 39.85921],
          [-115.49454, 39.8636],
          [-115.46615, 39.86692],
          [-115.44629, 39.88763],
          [-115.44208, 39.89202],
          [-115.41368, 39.89533],
          [-115.3938, 39.91603],
          [-115.38958, 39.92042],
          [-115.36969, 39.94111],
          [-115.36547, 39.9455],
          [-115.34558, 39.96619],
          [-115.34135, 39.97058],
          [-115.31293, 39.97387],
          [-115.29302, 39.99455],
          [-115.28879, 39.99894],
          [-115.26036, 40.00222],
          [-115.24043, 40.02289],
          [-115.2362, 40.02728],
          [-115.20776, 40.03055],
          [-115.18782, 40.05121],
          [-115.18359, 40.05559],
          [-115.15513, 40.05886],
          [-115.12668, 40.06212],
          [-115.10671, 40.08277],
          [-115.10248, 40.08715],
          [-115.07402, 40.0904],
          [-115.05403, 40.11104],
          [-115.04979, 40.11542],
          [-115.02132, 40.11866],
          [-115.00132, 40.13929],
          [-114.99708, 40.14367],
          [-114.9686, 40.1469],
          [-114.94858, 40.16752],
          [-114.94434, 40.1719],
          [-114.91585, 40.17512],
          [-114.88735, 40.17834],
          [-114.86732, 40.19895],
          [-114.86306, 40.20332],
          [-114.83456, 40.20653],
          [-114.80606, 40.20974],
          [-114.77756, 40.21294],
          [-114.74905, 40.21614],
          [-114.72898, 40.23673],
          [-114.72472, 40.2411],
          [-114.6962, 40.24428],
          [-114.66768, 40.24746],
          [-114.63916, 40.25064],
          [-114.61064, 40.25382],
          [-114.59054, 40.27439],
          [-114.58627, 40.27875],
          [-114.55774, 40.28192],
          [-114.53762, 40.30248],
          [-114.53335, 40.30684],
          [-114.50481, 40.31],
          [-114.48467, 40.33055],
          [-114.48039, 40.33491],
          [-114.46024, 40.35546],
          [-114.45597, 40.35982],
          [-114.43581, 40.38036],
          [-114.43153, 40.38472],
          [-114.40297, 40.38785],
          [-114.38279, 40.40839],
          [-114.37851, 40.41274],
          [-114.35833, 40.43327],
          [-114.35405, 40.43763],
          [-114.32547, 40.44075],
          [-114.30527, 40.46127],
          [-114.30098, 40.46562],
          [-114.28077, 40.48614],
          [-114.27648, 40.49049],
          [-114.24788, 40.4936],
          [-114.22766, 40.51411],
          [-114.22336, 40.51846],
          [-114.19476, 40.52156],
          [-114.17451, 40.54205],
          [-114.17022, 40.5464],
          [-114.14997, 40.56689],
          [-114.14567, 40.57124],
          [-114.12541, 40.59173],
          [-114.12111, 40.59607],
          [-114.09248, 40.59915],
          [-114.0722, 40.61963],
          [-114.0679, 40.62397],
          [-114.04761, 40.64445],
          [-114.05166, 40.66618],
          [-114.04736, 40.67052],
          [-114.0187, 40.67359],
          [-113.99839, 40.69405],
          [-113.99409, 40.69839],
          [-113.97377, 40.71885],
          [-113.96946, 40.72319],
          [-113.94913, 40.74364],
          [-113.94446, 40.74607],
          [-113.91614, 40.75103],
          [-113.88746, 40.75408],
          [-113.86711, 40.77451],
          [-113.86279, 40.77885],
          [-113.8341, 40.78189],
          [-113.81373, 40.80232],
          [-113.80941, 40.80665],
          [-113.78904, 40.82707],
          [-113.78471, 40.8314],
          [-113.756, 40.83443],
          [-113.73561, 40.85484],
          [-113.73129, 40.85917],
          [-113.71089, 40.87958],
          [-113.70656, 40.88391],
          [-113.67783, 40.88692],
          [-113.65741, 40.90732],
          [-113.65308, 40.91164],
          [-113.62435, 40.91465],
          [-113.60391, 40.93504],
          [-113.59958, 40.93936],
          [-113.57914, 40.95975],
          [-113.5748, 40.96407],
          [-113.54605, 40.96706],
          [-113.52559, 40.98744],
          [-113.52125, 40.99176],
          [-113.49248, 40.99474],
          [-113.47201, 41.0151],
          [-113.46766, 41.01942],
          [-113.43889, 41.0224],
          [-113.4184, 41.04275],
          [-113.41405, 41.04707],
          [-113.38527, 41.05003],
          [-113.36477, 41.07038],
          [-113.36041, 41.0747],
          [-113.33163, 41.07765],
          [-113.3111, 41.09799],
          [-113.30675, 41.1023],
          [-113.28621, 41.12264],
          [-113.28186, 41.12695],
          [-113.25305, 41.12989],
          [-113.2325, 41.15021],
          [-113.22814, 41.15452],
          [-113.20758, 41.17484],
          [-113.21147, 41.19653],
          [-113.20711, 41.20084],
          [-113.17828, 41.20377],
          [-113.14945, 41.20669],
          [-113.12062, 41.20961],
          [-113.09178, 41.21253],
          [-113.07118, 41.23282],
          [-113.06681, 41.23713],
          [-113.03797, 41.24003],
          [-113.01735, 41.26032],
          [-113.01298, 41.26462],
          [-112.98413, 41.26752],
          [-112.9635, 41.28779],
          [-112.95912, 41.2921],
          [-112.93026, 41.29498],
          [-112.90961, 41.31525],
          [-112.90523, 41.31955],
          [-112.87636, 41.32243],
          [-112.84748, 41.3253],
          [-112.82681, 41.34556],
          [-112.82243, 41.34985],
          [-112.79354, 41.35272],
          [-112.76466, 41.35558],
          [-112.74397, 41.37582],
          [-112.73958, 41.38011],
          [-112.71068, 41.38296],
          [-112.68997, 41.40319],
          [-112.68558, 41.40749],
          [-112.65668, 41.41033],
          [-112.62777, 41.41316],
          [-112.60704, 41.43338],
          [-112.60264, 41.43767],
          [-112.57373, 41.4405],
          [-112.54481, 41.44332],
          [-112.52406, 41.46353],
          [-112.51966, 41.46782],
          [-112.49073, 41.47063],
          [-112.46181, 41.47344],
          [-112.43288, 41.47625],
          [-112.41209, 41.49644],
          [-112.40768, 41.50072],
          [-112.37875, 41.50351],
          [-112.34981, 41.5063],
          [-112.329, 41.52648],
          [-112.32459, 41.53076],
          [-112.29564, 41.53354],
          [-112.26669, 41.53632],
          [-112.23774, 41.53909],
          [-112.20879, 41.54186],
          [-112.18795, 41.56202],
          [-112.18352, 41.56629],
          [-112.15456, 41.56905],
          [-112.1256, 41.57181],
          [-112.10474, 41.59195],
          [-112.10031, 41.59622],
          [-112.07943, 41.61636],
          [-112.075, 41.62063],
          [-112.04602, 41.62337],
          [-112.02513, 41.6435],
          [-112.0207, 41.64777],
          [-112, 41.6677]
        ]
      }
    },
    {
      "type": "Feature",
      "id": "2026082906_f222_13000_001",
      "properties": {
        "product_id": "winter_storm_levels",
        "source_id": "nbm_snow_level",
        "parameter": "snow_level",
        "definition": "height of the wet-bulb 0.5 degree C surface",
        "level_ft_msl": 13000,
        "label": "13,000 ft MSL",
        "unit": "ft_msl",
        "cycle_time_utc": "2026-08-29T06:00:00Z",
        "valid_time_utc": "2026-09-07T12:00:00Z",
        "lead_hours": 222,
        "segment": 1,
        "length_m": 1535189.8
      },
      "geometry": {
        "type": "LineString",
        "coordinates": [
          [-122.52217, 30.25118],
          [-122.51925, 30.255],
          [-122.51772, 30.25701],
          [-122.49877, 30.28186],
          [-122.49723, 30.28387],
          [-122.47144, 30.28845],
          [-122.45247, 30.31329],
          [-122.45093, 30.3153],
          [-122.42513, 30.31987],
          [-122.40615, 30.3447],
          [-122.40461, 30.34671],
          [-122.3788, 30.35128],
          [-122.35981, 30.3761],
          [-122.35827, 30.37811],
          [-122.33244, 30.38267],
          [-122.30662, 30.38722],
          [-122.28079, 30.39176],
          [-122.26177, 30.41657],
          [-122.26023, 30.41858],
          [-122.2344, 30.42312],
          [-122.20856, 30.42766],
          [-122.18272, 30.43219],
          [-122.15688, 30.43671],
          [-122.13104, 30.44123],
          [-122.11198, 30.46602],
          [-122.11043, 30.46803],
          [-122.08458, 30.47255],
          [-122.05872, 30.47706],
          [-122.03287, 30.48156],
          [-122.00701, 30.48606],
          [-121.98115, 30.49056],
          [-121.95529, 30.49505],
          [-121.92943, 30.49954],
          [-121.90356, 30.50402],
          [-121.87769, 30.5085],
          [-121.85183, 30.51298],
          [-121.83269, 30.53773],
          [-121.83114, 30.53974],
          [-121.80526, 30.5442],
          [-121.77938, 30.54867],
          [-121.7535, 30.55312],
          [-121.73434, 30.57786],
          [-121.73279, 30.57987],
          [-121.7069, 30.58432],
          [-121.68772, 30.60905],
          [-121.68617, 30.61106],
          [-121.66027, 30.6155],
          [-121.64108, 30.64022],
          [-121.63953, 30.64223],
          [-121.62033, 30.66695],
          [-121.61877, 30.66895],
          [-121.59956, 30.69367],
          [-121.59801, 30.69567],
          [-121.57879, 30.72039],
          [-121.57723, 30.72239],
          [-121.5513, 30.72681],
          [-121.53207, 30.75152],
          [-121.53051, 30.75352],
          [-121.50458, 30.75794],
          [-121.48533, 30.78264],
          [-121.48377, 30.78464],
          [-121.45783, 30.78905],
          [-121.43188, 30.79345],
          [-121.41261, 30.81814],
          [-121.41105, 30.82014],
          [-121.38509, 30.82454],
          [-121.35913, 30.82893],
          [-121.33985, 30.85361],
          [-121.33828, 30.85561],
          [-121.31231, 30.85999],
          [-121.28635, 30.86437],
          [-121.26704, 30.88904],
          [-121.26547, 30.89104],
          [-121.23949, 30.89541],
          [-121.21351, 30.89978],
          [-121.18753, 30.90414],
          [-121.16819, 30.92879],
          [-121.16663, 30.93079],
          [-121.14064, 30.93515],
          [-121.11464, 30.9395],
          [-121.09529, 30.96414],
          [-121.09372, 30.96614],
          [-121.06771, 30.97048],
          [-121.04834, 30.99512],
          [-121.04677, 30.99711],
          [-121.02076, 31.00145],
          [-120.99475, 31.00578],
          [-120.97535, 31.0304],
          [-120.97378, 31.0324],
          [-120.94776, 31.03672],
          [-120.92174, 31.04104],
          [-120.90232, 31.06566],
          [-120.90075, 31.06765],
          [-120.88132, 31.09226],
          [-120.87975, 31.09426],
          [-120.85371, 31.09856],
          [-120.82767, 31.10287],
          [-120.80822, 31.12747],
          [-120.80665, 31.12946],
          [-120.7806, 31.13375],
          [-120.76114, 31.15835],
          [-120.75956, 31.16034],
          [-120.7335, 31.16463],
          [-120.71403, 31.18921],
          [-120.71245, 31.19121],
          [-120.68638, 31.19548],
          [-120.66689, 31.22006],
          [-120.66531, 31.22206],
          [-120.64581, 31.24663],
          [-120.64423, 31.24862],
          [-120.61814, 31.25289],
          [-120.59863, 31.27746],
          [-120.59705, 31.27945],
          [-120.57752, 31.30401],
          [-120.57594, 31.306],
          [-120.5564, 31.33056],
          [-120.55482, 31.33255],
          [-120.52872, 31.3368],
          [-120.50917, 31.36136],
          [-120.50758, 31.36335],
          [-120.48147, 31.36759],
          [-120.46191, 31.39214],
          [-120.46032, 31.39413],
          [-120.44075, 31.41867],
          [-120.43916, 31.42066],
          [-120.41958, 31.44519],
          [-120.41799, 31.44718],
          [-120.3984, 31.47172],
          [-120.39681, 31.4737],
          [-120.37721, 31.49823],
          [-120.37562, 31.50022],
          [-120.35601, 31.52475],
          [-120.35442, 31.52674],
          [-120.32826, 31.53095],
          [-120.30864, 31.55547],
          [-120.30705, 31.55746],
          [-120.28741, 31.58197],
          [-120.28582, 31.58396],
          [-120.26618, 31.60847],
          [-120.26459, 31.61046],
          [-120.23841, 31.61466],
          [-120.21875, 31.63916],
          [-120.21716, 31.64115],
          [-120.19749, 31.66564],
          [-120.1959, 31.66763],
          [-120.17622, 31.69213],
          [-120.17462, 31.69411],
          [-120.15494, 31.7186],
          [-120.15334, 31.72059],
          [-120.12714, 31.72477],
          [-120.10744, 31.74925],
          [-120.10584, 31.75124],
          [-120.08613, 31.77572],
          [-120.08453, 31.7777],
          [-120.05831, 31.78187],
          [-120.03859, 31.80634],
          [-120.03699, 31.80833],
          [-120.01725, 31.83279],
          [-120.01565, 31.83478],
          [-119.98942, 31.83893],
          [-119.96967, 31.86339],
          [-119.96807, 31.86538],
          [-119.94831, 31.88983],
          [-119.94671, 31.89182],
          [-119.92694, 31.91627],
          [-119.92534, 31.91825],
          [-119.89908, 31.92239],
          [-119.87929, 31.94684],
          [-119.87769, 31.94882],
          [-119.8579, 31.97326],
          [-119.85629, 31.97524],
          [-119.83649, 31.99968],
          [-119.83489, 32.00166],
          [-119.81508, 32.02609],
          [-119.81347, 32.02807],
          [-119.79365, 32.0525],
          [-119.79204, 32.05448],
          [-119.77222, 32.0789],
          [-119.77061, 32.08088],
          [-119.75077, 32.1053],
          [-119.74916, 32.10728],
          [-119.72932, 32.1317],
          [-119.72771, 32.13368],
          [-119.70785, 32.15809],
          [-119.70624, 32.16007],
          [-119.68638, 32.18448],
          [-119.68476, 32.18646],
          [-119.65844, 32.19056],
          [-119.63856, 32.21496],
          [-119.63694, 32.21694],
          [-119.61705, 32.24133],
          [-119.61544, 32.24331],
          [-119.59554, 32.2677],
          [-119.59393, 32.26968],
          [-119.56758, 32.27376],
          [-119.54766, 32.29815],
          [-119.54605, 32.30012],
          [-119.52613, 32.3245],
          [-119.52451, 32.32648],
          [-119.50458, 32.35086],
          [-119.50296, 32.35283],
          [-119.47659, 32.3569],
          [-119.45021, 32.36097],
          [-119.43026, 32.38533],
          [-119.42864, 32.38731],
          [-119.40868, 32.41167],
          [-119.40706, 32.41364],
          [-119.38067, 32.41769],
          [-119.36069, 32.44205],
          [-119.35907, 32.44402],
          [-119.33267, 32.44806],
          [-119.31268, 32.47241],
          [-119.31105, 32.47438],
          [-119.28465, 32.47842],
          [-119.26464, 32.50276],
          [-119.26301, 32.50473],
          [-119.2366, 32.50876],
          [-119.21657, 32.53309],
          [-119.21495, 32.53506],
          [-119.19491, 32.55939],
          [-119.19329, 32.56136],
          [-119.17324, 32.58568],
          [-119.17162, 32.58765],
          [-119.14518, 32.59166],
          [-119.12512, 32.61598],
          [-119.12349, 32.61795],
          [-119.10342, 32.64226],
          [-119.1018, 32.64423],
          [-119.08172, 32.66853],
          [-119.08009, 32.6705],
          [-119.06, 32.6948],
          [-119.05837, 32.69677],
          [-119.03828, 32.72107],
          [-119.03665, 32.72304],
          [-119.01654, 32.74733],
          [-119.01491, 32.7493],
          [-118.9948, 32.77359],
          [-118.99317, 32.77556],
          [-118.97304, 32.79984],
          [-118.97778, 32.82211],
          [-118.97615, 32.82408],
          [-118.95601, 32.84836],
          [-118.95438, 32.85033],
          [-118.93423, 32.8746],
          [-118.9326, 32.87657],
          [-118.91244, 32.90084],
          [-118.91081, 32.90281],
          [-118.89064, 32.92707],
          [-118.89537, 32.94934],
          [-118.89373, 32.9513],
          [-118.87356, 32.97556],
          [-118.87192, 32.97753],
          [-118.85174, 33.00179],
          [-118.85646, 33.02405],
          [-118.85482, 33.02601],
          [-118.83462, 33.05027],
          [-118.83298, 33.05223],
          [-118.81277, 33.07648],
          [-118.81114, 33.07844],
          [-118.79092, 33.10269],
          [-118.78928, 33.10465],
          [-118.76905, 33.12889],
          [-118.76741, 33.13085],
          [-118.74718, 33.15509],
          [-118.74554, 33.15705],
          [-118.72529, 33.18128],
          [-118.72365, 33.18325],
          [-118.7034, 33.20747],
          [-118.70176, 33.20943],
          [-118.68149, 33.23366],
          [-118.67985, 33.23562],
          [-118.65958, 33.25983],
          [-118.65793, 33.2618],
          [-118.63765, 33.28601],
          [-118.63601, 33.28797],
          [-118.61571, 33.31218],
          [-118.61407, 33.31414],
          [-118.59377, 33.33834],
          [-118.59212, 33.34031],
          [-118.56549, 33.34422],
          [-118.54517, 33.36841],
          [-118.54352, 33.37037],
          [-118.5232, 33.39456],
          [-118.52155, 33.39652],
          [-118.50121, 33.42071],
          [-118.49956, 33.42267],
          [-118.47291, 33.42656],
          [-118.45255, 33.45074],
          [-118.4509, 33.4527],
          [-118.43054, 33.47687],
          [-118.42889, 33.47883],
          [-118.40222, 33.48272],
          [-118.38184, 33.50688],
          [-118.38019, 33.50884],
          [-118.35351, 33.51271],
          [-118.33312, 33.53687],
          [-118.33146, 33.53883],
          [-118.31106, 33.56298],
          [-118.30941, 33.56494],
          [-118.28271, 33.5688],
          [-118.26229, 33.59294],
          [-118.26063, 33.5949],
          [-118.23393, 33.59875],
          [-118.2135, 33.62289],
          [-118.21184, 33.62485],
          [-118.18512, 33.62869],
          [-118.16467, 33.65282],
          [-118.16302, 33.65478],
          [-118.14256, 33.6789],
          [-118.1409, 33.68086],
          [-118.11417, 33.68469],
          [-118.09369, 33.7088],
          [-118.09203, 33.71076],
          [-118.06529, 33.71458],
          [-118.0448, 33.73869],
          [-118.04314, 33.74064],
          [-118.01639, 33.74446],
          [-117.99589, 33.76856],
          [-117.99422, 33.77051],
          [-117.97371, 33.79461],
          [-117.97204, 33.79656],
          [-117.95152, 33.82065],
          [-117.94985, 33.8226],
          [-117.92932, 33.84669],
          [-117.92765, 33.84864],
          [-117.90711, 33.87272],
          [-117.90544, 33.87468],
          [-117.87866, 33.87847],
          [-117.8581, 33.90254],
          [-117.85643, 33.90449],
          [-117.83586, 33.92856],
          [-117.83419, 33.93051],
          [-117.80739, 33.93429],
          [-117.78681, 33.95835],
          [-117.79136, 33.98059],
          [-117.78969, 33.98254],
          [-117.76287, 33.98631],
          [-117.74227, 34.01036],
          [-117.7406, 34.01231],
          [-117.71377, 34.01607],
          [-117.69315, 34.04011],
          [-117.69148, 34.04206],
          [-117.66465, 34.04582],
          [-117.63781, 34.04957],
          [-117.61717, 34.0736],
          [-117.6155, 34.07554],
          [-117.58865, 34.07929],
          [-117.568, 34.10331],
          [-117.56632, 34.10526],
          [-117.53947, 34.10899],
          [-117.51262, 34.11272],
          [-117.49193, 34.13673],
          [-117.49026, 34.13868],
          [-117.4634, 34.1424],
          [-117.43653, 34.14611],
          [-117.41583, 34.17011],
          [-117.41415, 34.17206],
          [-117.38728, 34.17576],
          [-117.3604, 34.17947],
          [-117.33353, 34.18316],
          [-117.31279, 34.20715],
          [-117.31111, 34.20909],
          [-117.28423, 34.21278],
          [-117.25734, 34.21647],
          [-117.23659, 34.24044],
          [-117.2349, 34.24238],
          [-117.20801, 34.24606],
          [-117.18724, 34.27002],
          [-117.18555, 34.27196],
          [-117.15865, 34.27563],
          [-117.13786, 34.29959],
          [-117.13617, 34.30153],
          [-117.10926, 34.30519],
          [-117.08846, 34.32913],
          [-117.08677, 34.33108],
          [-117.06596, 34.35502],
          [-117.06427, 34.35696],
          [-117.03734, 34.36061],
          [-117.01651, 34.38454],
          [-117.01482, 34.38648],
          [-116.99399, 34.41041],
          [-116.9923, 34.41235],
          [-116.97145, 34.43627],
          [-116.96976, 34.43821],
          [-116.9489, 34.46213],
          [-116.94721, 34.46407],
          [-116.92634, 34.48798],
          [-116.92465, 34.48992],
          [-116.90377, 34.51383],
          [-116.90208, 34.51577],
          [-116.88119, 34.53967],
          [-116.8795, 34.54161],
          [-116.8586, 34.56551],
          [-116.85691, 34.56745],
          [-116.836, 34.59134],
          [-116.8343, 34.59328],
          [-116.81339, 34.61717],
          [-116.81169, 34.61911],
          [-116.79077, 34.64299],
          [-116.79515, 34.66521],
          [-116.79345, 34.66715],
          [-116.77251, 34.69103],
          [-116.77081, 34.69296],
          [-116.74986, 34.71684],
          [-116.74817, 34.71877],
          [-116.72721, 34.74264],
          [-116.72551, 34.74458],
          [-116.70454, 34.76844],
          [-116.70284, 34.77038],
          [-116.68186, 34.79424],
          [-116.68016, 34.79617],
          [-116.65917, 34.82003],
          [-116.65747, 34.82196],
          [-116.63648, 34.84581],
          [-116.63477, 34.84775],
          [-116.61377, 34.87159],
          [-116.61812, 34.8938],
          [-116.61642, 34.89573],
          [-116.5954, 34.91957],
          [-116.59369, 34.9215],
          [-116.57266, 34.94534],
          [-116.57096, 34.94727],
          [-116.54992, 34.9711],
          [-116.54821, 34.97303],
          [-116.52716, 34.99686],
          [-116.5315, 35.01906],
          [-116.5298, 35.02099],
          [-116.50873, 35.04481],
          [-116.50703, 35.04674],
          [-116.48595, 35.07055],
          [-116.48425, 35.07248],
          [-116.46316, 35.09629],
          [-116.46146, 35.09822],
          [-116.44036, 35.12203],
          [-116.43865, 35.12396],
          [-116.41755, 35.14776],
          [-116.41584, 35.14969],
          [-116.39473, 35.17348],
          [-116.39302, 35.17541],
          [-116.3719, 35.1992],
          [-116.37622, 35.22139],
          [-116.38053, 35.24358],
          [-116.38486, 35.26576],
          [-116.38314, 35.26769],
          [-116.35597, 35.27122],
          [-116.33482, 35.29499],
          [-116.33311, 35.29692],
          [-116.31195, 35.32069],
          [-116.31024, 35.32262],
          [-116.28907, 35.34639],
          [-116.28735, 35.34832],
          [-116.26618, 35.37208],
          [-116.26446, 35.374],
          [-116.24327, 35.39776],
          [-116.24156, 35.39969],
          [-116.22036, 35.42344],
          [-116.21864, 35.42537],
          [-116.19743, 35.44912],
          [-116.19571, 35.45104],
          [-116.1745, 35.47478],
          [-116.17278, 35.47671],
          [-116.15155, 35.50045],
          [-116.14983, 35.50237],
          [-116.1286, 35.5261],
          [-116.12687, 35.52803],
          [-116.10563, 35.55176],
          [-116.10391, 35.55368],
          [-116.08265, 35.5774],
          [-116.08093, 35.57933],
          [-116.05966, 35.60304],
          [-116.06393, 35.62521],
          [-116.06221, 35.62713],
          [-116.04093, 35.65084],
          [-116.0392, 35.65277],
          [-116.01792, 35.67647],
          [-116.02218, 35.69864],
          [-116.02045, 35.70056],
          [-115.99915, 35.72426],
          [-116.00342, 35.74642],
          [-116.00169, 35.74834],
          [-115.98037, 35.77203],
          [-115.97864, 35.77395],
          [-115.95732, 35.79764],
          [-115.95559, 35.79956],
          [-115.93426, 35.82325],
          [-115.93851, 35.8454],
          [-115.93678, 35.84732],
          [-115.91543, 35.871],
          [-115.9137, 35.87292],
          [-115.89234, 35.89659],
          [-115.89659, 35.91874],
          [-115.89486, 35.92066],
          [-115.86751, 35.92409],
          [-115.84613, 35.94776],
          [-115.8444, 35.94967],
          [-115.82301, 35.97333],
          [-115.82725, 35.99548],
          [-115.82551, 35.99739],
          [-115.80411, 36.02104],
          [-115.80237, 36.02296],
          [-115.78096, 36.04661],
          [-115.77923, 36.04852],
          [-115.75781, 36.07216],
          [-115.76203, 36.0943],
          [-115.7603, 36.09622],
          [-115.73886, 36.11985],
          [-115.74309, 36.14199],
          [-115.74135, 36.1439],
          [-115.7199, 36.16753],
          [-115.72412, 36.18966],
          [-115.72238, 36.19158],
          [-115.70092, 36.2152],
          [-115.70514, 36.23733],
          [-115.7034, 36.23924],
          [-115.68193, 36.26285],
          [-115.68615, 36.28498],
          [-115.68441, 36.28689],
          [-115.66292, 36.3105],
          [-115.66118, 36.31242],
          [-115.63968, 36.33602],
          [-115.63793, 36.33793],
          [-115.61643, 36.36153],
          [-115.61468, 36.36344],
          [-115.58721, 36.36683],
          [-115.56569, 36.39042],
          [-115.56394, 36.39233],
          [-115.53647, 36.39571],
          [-115.51492, 36.41929],
          [-115.51318, 36.4212],
          [-115.49163, 36.44477],
          [-115.48988, 36.44669],
          [-115.46832, 36.47026],
          [-115.46657, 36.47217],
          [-115.44499, 36.49573],
          [-115.44325, 36.49764],
          [-115.42166, 36.5212],
          [-115.42584, 36.54331],
          [-115.43002, 36.56542],
          [-115.42827, 36.56733],
          [-115.40667, 36.59088],
          [-115.41085, 36.61298],
          [-115.40909, 36.61489],
          [-115.38748, 36.63843],
          [-115.38573, 36.64034],
          [-115.3641, 36.66388],
          [-115.36828, 36.68598],
          [-115.36652, 36.68789],
          [-115.34489, 36.71142],
          [-115.34905, 36.73352],
          [-115.3473, 36.73542],
          [-115.32565, 36.75895],
          [-115.32982, 36.78104],
          [-115.32806, 36.78295],
          [-115.3064, 36.80647],
          [-115.31056, 36.82855],
          [-115.3088, 36.83046],
          [-115.28713, 36.85397],
          [-115.28537, 36.85588],
          [-115.26368, 36.87939],
          [-115.26784, 36.90147],
          [-115.26608, 36.90337],
          [-115.24438, 36.92687],
          [-115.24262, 36.92878],
          [-115.22091, 36.95227],
          [-115.22506, 36.97435],
          [-115.2233, 36.97626],
          [-115.20157, 36.99974],
          [-115.19981, 37.00165],
          [-115.17808, 37.02513],
          [-115.18222, 37.0472],
          [-115.18046, 37.04911],
          [-115.15871, 37.07258],
          [-115.16285, 37.09465],
          [-115.16109, 37.09655],
          [-115.13933, 37.12002],
          [-115.14347, 37.14209],
          [-115.1417, 37.14399],
          [-115.11993, 37.16745],
          [-115.12407, 37.18951],
          [-115.1223, 37.19142],
          [-115.10051, 37.21487],
          [-115.10465, 37.23693],
          [-115.10288, 37.23883],
          [-115.08108, 37.26228],
          [-115.07931, 37.26418],
          [-115.0575, 37.28762],
          [-115.06163, 37.30967],
          [-115.05986, 37.31157],
          [-115.03803, 37.33501],
          [-115.04216, 37.35706],
          [-115.04039, 37.35896],
          [-115.01855, 37.38239],
          [-115.01678, 37.38428],
          [-114.99492, 37.40771],
          [-114.99315, 37.40961],
          [-114.97129, 37.43302],
          [-114.96952, 37.43492],
          [-114.94764, 37.45833],
          [-114.94587, 37.46023],
          [-114.92399, 37.48364],
          [-114.9281, 37.50568],
          [-114.92632, 37.50758],
          [-114.90443, 37.53097],
          [-114.90265, 37.53287],
          [-114.88074, 37.55627],
          [-114.87897, 37.55816],
          [-114.85705, 37.58155],
          [-114.85527, 37.58345],
          [-114.83334, 37.60683],
          [-114.83157, 37.60873],
          [-114.80963, 37.6321],
          [-114.80785, 37.634],
          [-114.7859, 37.65737],
          [-114.78412, 37.65927],
          [-114.76216, 37.68263],
          [-114.76038, 37.68453],
          [-114.73841, 37.70789],
          [-114.73663, 37.70978],
          [-114.71465, 37.73314],
          [-114.71287, 37.73503],
          [-114.69088, 37.75838],
          [-114.68909, 37.76028],
          [-114.66709, 37.78362],
          [-114.66531, 37.78551],
          [-114.6433, 37.80885],
          [-114.64151, 37.81074],
          [-114.61949, 37.83408],
          [-114.61771, 37.83597],
          [-114.59567, 37.8593],
          [-114.59389, 37.86119],
          [-114.57185, 37.88451],
          [-114.57006, 37.8864],
          [-114.54801, 37.90972],
          [-114.54622, 37.91161],
          [-114.52415, 37.93492],
          [-114.52237, 37.93681],
          [-114.50029, 37.96012],
          [-114.4985, 37.96201],
          [-114.47642, 37.98531],
          [-114.48046, 38.00731],
          [-114.47867, 38.0092],
          [-114.45657, 38.03249],
          [-114.45478, 38.03438],
          [-114.43267, 38.05767],
          [-114.43088, 38.05955],
          [-114.40876, 38.08284],
          [-114.40696, 38.08472],
          [-114.38484, 38.108],
          [-114.38304, 38.10989],
          [-114.3609, 38.13316],
          [-114.35911, 38.13504],
          [-114.33696, 38.15831],
          [-114.33516, 38.1602],
          [-114.30719, 38.16335],
          [-114.28503, 38.18661],
          [-114.28323, 38.18849],
          [-114.25525, 38.19164],
          [-114.23307, 38.21488],
          [-114.23127, 38.21677],
          [-114.20328, 38.21991],
          [-114.18108, 38.24314],
          [-114.17928, 38.24503],
          [-114.15128, 38.24816],
          [-114.12329, 38.25128],
          [-114.10106, 38.2745],
          [-114.09926, 38.27639],
          [-114.07125, 38.2795],
          [-114.04325, 38.28261],
          [-114.01524, 38.28572],
          [-113.98723, 38.28882],
          [-113.96496, 38.31202],
          [-113.96316, 38.3139],
          [-113.93514, 38.317],
          [-113.91286, 38.34019],
          [-113.91105, 38.34207],
          [-113.88302, 38.34515],
          [-113.86072, 38.36834],
          [-113.85892, 38.37022],
          [-113.83088, 38.37329],
          [-113.80284, 38.37636],
          [-113.78052, 38.39953],
          [-113.77871, 38.40141],
          [-113.75066, 38.40447],
          [-113.72832, 38.42763],
          [-113.72651, 38.42951],
          [-113.70416, 38.45266],
          [-113.70235, 38.45454],
          [-113.67428, 38.45759],
          [-113.65192, 38.48073],
          [-113.6501, 38.48261],
          [-113.62773, 38.50575],
          [-113.62591, 38.50762],
          [-113.60352, 38.53075],
          [-113.60171, 38.53263],
          [-113.57931, 38.55576],
          [-113.57749, 38.55763],
          [-113.55508, 38.58075],
          [-113.55327, 38.58263],
          [-113.53085, 38.60574],
          [-113.52903, 38.60762],
          [-113.50092, 38.61063],
          [-113.47848, 38.63374],
          [-113.47666, 38.63561],
          [-113.45422, 38.65871],
          [-113.4524, 38.66059],
          [-113.42994, 38.68368],
          [-113.42812, 38.68555],
          [-113.39998, 38.68855],
          [-113.37751, 38.71164],
          [-113.37568, 38.71351],
          [-113.3532, 38.73659],
          [-113.35138, 38.73846],
          [-113.32323, 38.74145],
          [-113.30072, 38.76452],
          [-113.2989, 38.76639],
          [-113.27638, 38.78945],
          [-113.27456, 38.79132],
          [-113.24639, 38.7943],
          [-113.22386, 38.81735],
          [-113.22203, 38.81922],
          [-113.19386, 38.82218],
          [-113.17131, 38.84523],
          [-113.16948, 38.8471],
          [-113.1413, 38.85005],
          [-113.11873, 38.87309],
          [-113.1169, 38.87495],
          [-113.08871, 38.8779],
          [-113.06612, 38.90093],
          [-113.06429, 38.90279],
          [-113.0417, 38.92581],
          [-113.03987, 38.92768],
          [-113.01166, 38.93061],
          [-112.98905, 38.95362],
          [-112.98721, 38.95549],
          [-112.96459, 38.97849],
          [-112.96276, 38.98036],
          [-112.93453, 38.98328],
          [-112.91189, 39.00627],
          [-112.91005, 39.00813],
          [-112.8874, 39.03112],
          [-112.88557, 39.03299],
          [-112.86291, 39.05597],
          [-112.86107, 39.05783],
          [-112.8384, 39.08081],
          [-112.83656, 39.08267],
          [-112.8083, 39.08557],
          [-112.78561, 39.10853],
          [-112.78377, 39.1104],
          [-112.76107, 39.13336],
          [-112.75923, 39.13522],
          [-112.73652, 39.15817],
          [-112.73468, 39.16003],
          [-112.7064, 39.16291],
          [-112.68367, 39.18586],
          [-112.68183, 39.18772],
          [-112.65909, 39.21066],
          [-112.65724, 39.21252],
          [-112.62895, 39.21539],
          [-112.60619, 39.23831],
          [-112.60435, 39.24017],
          [-112.57604, 39.24303],
          [-112.55327, 39.26595],
          [-112.55142, 39.26781],
          [-112.52864, 39.29072],
          [-112.52679, 39.29258],
          [-112.49847, 39.29543],
          [-112.47566, 39.31833],
          [-112.47381, 39.32019],
          [-112.451, 39.34308],
          [-112.44915, 39.34494],
          [-112.42633, 39.36783],
          [-112.42448, 39.36969],
          [-112.40164, 39.39257],
          [-112.39979, 39.39443],
          [-112.37144, 39.39725],
          [-112.34859, 39.42013],
          [-112.34673, 39.42198],
          [-112.32387, 39.44485],
          [-112.32202, 39.44671],
          [-112.29914, 39.46957],
          [-112.29729, 39.47142],
          [-112.26891, 39.47423],
          [-112.24602, 39.49708],
          [-112.24416, 39.49894],
          [-112.22126, 39.52178],
          [-112.2194, 39.52364],
          [-112.19649, 39.54648],
          [-112.19463, 39.54833],
          [-112.16623, 39.55112],
          [-112.1433, 39.57395],
          [-112.14144, 39.5758],
          [-112.11303, 39.57858],
          [-112.09009, 39.6014],
          [-112.08822, 39.60325],
          [-112.05981, 39.60603],
          [-112.03684, 39.62884],
          [-112.03498, 39.63069],
          [-112.00655, 39.63345],
          [-112, 39.63995]
        ]
      }
    },
    {
      "type": "Feature",
      "id": "2026082906_f222_14000_001",
      "properties": {
        "product_id": "winter_storm_levels",
        "source_id": "nbm_snow_level",
        "parameter": "snow_level",
        "definition": "height of the wet-bulb 0.5 degree C surface",
        "level_ft_msl": 14000,
        "label": "14,000 ft MSL",
        "unit": "ft_msl",
        "cycle_time_utc": "2026-08-29T06:00:00Z",
        "valid_time_utc": "2026-09-07T12:00:00Z",
        "lead_hours": 222,
        "segment": 1,
        "length_m": 962200.8
      },
      "geometry": {
        "type": "LineString",
        "coordinates": [
          [-117.04094, 30.20861],
          [-117.02343, 30.22968],
          [-117.02288, 30.23033],
          [-117.02714, 30.25277],
          [-117.0314, 30.27522],
          [-117.01022, 30.30068],
          [-117.00967, 30.30133],
          [-117.01393, 30.32378],
          [-116.99273, 30.34924],
          [-116.99219, 30.34989],
          [-116.99644, 30.37233],
          [-116.97523, 30.39779],
          [-116.97469, 30.39844],
          [-116.95347, 30.42389],
          [-116.95292, 30.42454],
          [-116.95717, 30.44698],
          [-116.93594, 30.47243],
          [-116.93539, 30.47308],
          [-116.93964, 30.49552],
          [-116.9184, 30.52096],
          [-116.91785, 30.52162],
          [-116.8966, 30.54706],
          [-116.89605, 30.54771],
          [-116.87479, 30.57314],
          [-116.87424, 30.5738],
          [-116.85297, 30.59923],
          [-116.8269, 30.60287],
          [-116.82636, 30.60353],
          [-116.80506, 30.62895],
          [-116.80452, 30.6296],
          [-116.78322, 30.65502],
          [-116.78267, 30.65567],
          [-116.76136, 30.68109],
          [-116.76081, 30.68174],
          [-116.73949, 30.70715],
          [-116.7134, 30.71078],
          [-116.71286, 30.71143],
          [-116.69152, 30.73683],
          [-116.69097, 30.73748],
          [-116.66963, 30.76288],
          [-116.66908, 30.76354],
          [-116.64773, 30.78893],
          [-116.64718, 30.78958],
          [-116.62581, 30.81497],
          [-116.59969, 30.81858],
          [-116.59915, 30.81923],
          [-116.57777, 30.84461],
          [-116.55164, 30.84821],
          [-116.52551, 30.85181],
          [-116.52496, 30.85246],
          [-116.50356, 30.87783],
          [-116.50301, 30.87848],
          [-116.4816, 30.90385],
          [-116.48105, 30.9045],
          [-116.45963, 30.92986],
          [-116.45908, 30.93051],
          [-116.43765, 30.95587],
          [-116.4371, 30.95652],
          [-116.41566, 30.98188],
          [-116.38949, 30.98545],
          [-116.38894, 30.9861],
          [-116.36749, 31.01144],
          [-116.36694, 31.01209],
          [-116.34547, 31.03744],
          [-116.34492, 31.03809],
          [-116.32344, 31.06343],
          [-116.32289, 31.06407],
          [-116.30141, 31.08941],
          [-116.27521, 31.09296],
          [-116.27466, 31.09361],
          [-116.25316, 31.11894],
          [-116.25261, 31.11959],
          [-116.2311, 31.14491],
          [-116.20489, 31.14845],
          [-116.20434, 31.1491],
          [-116.18281, 31.17441],
          [-116.1566, 31.17794],
          [-116.15605, 31.17859],
          [-116.13451, 31.2039],
          [-116.10828, 31.20742],
          [-116.10773, 31.20807],
          [-116.08617, 31.23337],
          [-116.05994, 31.23688],
          [-116.03371, 31.24039],
          [-116.03316, 31.24104],
          [-116.01157, 31.26632],
          [-116.01102, 31.26697],
          [-115.98943, 31.29226],
          [-115.96318, 31.29575],
          [-115.96263, 31.2964],
          [-115.94102, 31.32168],
          [-115.91477, 31.32517],
          [-115.91421, 31.32581],
          [-115.89259, 31.35108],
          [-115.89203, 31.35173],
          [-115.8704, 31.37699],
          [-115.86985, 31.37764],
          [-115.8482, 31.40289],
          [-115.84765, 31.40354],
          [-115.826, 31.42879],
          [-115.82544, 31.42944],
          [-115.80378, 31.45469],
          [-115.80322, 31.45534],
          [-115.78155, 31.48058],
          [-115.781, 31.48123],
          [-115.75931, 31.50647],
          [-115.75876, 31.50712],
          [-115.73707, 31.53235],
          [-115.73651, 31.533],
          [-115.71481, 31.55823],
          [-115.71425, 31.55888],
          [-115.69254, 31.5841],
          [-115.69199, 31.58475],
          [-115.67027, 31.60997],
          [-115.66971, 31.61062],
          [-115.64798, 31.63584],
          [-115.64742, 31.63648],
          [-115.62568, 31.6617],
          [-115.62512, 31.66234],
          [-115.62916, 31.68476],
          [-115.60741, 31.70997],
          [-115.60685, 31.71062],
          [-115.58509, 31.73582],
          [-115.58453, 31.73647],
          [-115.58856, 31.75888],
          [-115.56679, 31.78408],
          [-115.56623, 31.78473],
          [-115.57026, 31.80714],
          [-115.54847, 31.83234],
          [-115.54791, 31.83298],
          [-115.52612, 31.85817],
          [-115.52556, 31.85882],
          [-115.52958, 31.88123],
          [-115.50777, 31.90642],
          [-115.50721, 31.90706],
          [-115.48539, 31.93224],
          [-115.48483, 31.93289],
          [-115.463, 31.95806],
          [-115.46244, 31.95871],
          [-115.4406, 31.98388],
          [-115.44004, 31.98452],
          [-115.41819, 32.00969],
          [-115.41763, 32.01034],
          [-115.42164, 32.03274],
          [-115.39977, 32.05791],
          [-115.39921, 32.05855],
          [-115.37734, 32.08371],
          [-115.37678, 32.08435],
          [-115.35489, 32.1095],
          [-115.35433, 32.11015],
          [-115.33244, 32.1353],
          [-115.33188, 32.13594],
          [-115.30997, 32.16108],
          [-115.30941, 32.16173],
          [-115.2875, 32.18687],
          [-115.26103, 32.19024],
          [-115.26046, 32.19089],
          [-115.23853, 32.21602],
          [-115.23797, 32.21666],
          [-115.21603, 32.24179],
          [-115.18955, 32.24515],
          [-115.18898, 32.24579],
          [-115.16703, 32.27091],
          [-115.16646, 32.27156],
          [-115.1445, 32.29667],
          [-115.14393, 32.29731],
          [-115.12196, 32.32242],
          [-115.1214, 32.32306],
          [-115.09941, 32.34817],
          [-115.09885, 32.34881],
          [-115.07685, 32.37391],
          [-115.07629, 32.37455],
          [-115.08024, 32.39695],
          [-115.05823, 32.42204],
          [-115.05767, 32.42269],
          [-115.03565, 32.44778],
          [-115.03509, 32.44842],
          [-115.01306, 32.4735],
          [-115.01249, 32.47415],
          [-114.99046, 32.49923],
          [-114.98989, 32.49987],
          [-114.96784, 32.52495],
          [-114.96728, 32.52559],
          [-114.97122, 32.54798],
          [-114.94916, 32.57305],
          [-114.94859, 32.57369],
          [-114.92652, 32.59876],
          [-114.92595, 32.5994],
          [-114.90387, 32.62446],
          [-114.9033, 32.6251],
          [-114.88121, 32.65016],
          [-114.88065, 32.6508],
          [-114.88457, 32.67319],
          [-114.86247, 32.69824],
          [-114.8619, 32.69888],
          [-114.86583, 32.72127],
          [-114.84371, 32.74631],
          [-114.84314, 32.74695],
          [-114.84707, 32.76934],
          [-114.82493, 32.79438],
          [-114.82437, 32.79502],
          [-114.80223, 32.82005],
          [-114.80166, 32.8207],
          [-114.77951, 32.84573],
          [-114.77894, 32.84637],
          [-114.75678, 32.87139],
          [-114.75621, 32.87203],
          [-114.76012, 32.89441],
          [-114.73794, 32.91943],
          [-114.73737, 32.92007],
          [-114.74128, 32.94245],
          [-114.7191, 32.96746],
          [-114.71853, 32.9681],
          [-114.69633, 32.99311],
          [-114.69576, 32.99375],
          [-114.67355, 33.01876],
          [-114.64687, 33.02203],
          [-114.6463, 33.02267],
          [-114.62407, 33.04766],
          [-114.6235, 33.0483],
          [-114.60126, 33.07329],
          [-114.60069, 33.07394],
          [-114.57845, 33.09892],
          [-114.55174, 33.10217],
          [-114.55117, 33.10281],
          [-114.52891, 33.12779],
          [-114.52834, 33.12843],
          [-114.50607, 33.1534],
          [-114.5055, 33.15404],
          [-114.48322, 33.17901],
          [-114.48264, 33.17965],
          [-114.46035, 33.20461],
          [-114.45978, 33.20525],
          [-114.43748, 33.23021],
          [-114.43691, 33.23085],
          [-114.44077, 33.25322],
          [-114.41845, 33.27817],
          [-114.41788, 33.27881],
          [-114.42174, 33.30117],
          [-114.4256, 33.32354],
          [-114.40326, 33.34848],
          [-114.40269, 33.34912],
          [-114.40655, 33.37148],
          [-114.3842, 33.39642],
          [-114.38363, 33.39706],
          [-114.38749, 33.41942],
          [-114.39134, 33.44177],
          [-114.36898, 33.46671],
          [-114.36841, 33.46735],
          [-114.37226, 33.4897],
          [-114.34988, 33.51463],
          [-114.34931, 33.51527],
          [-114.35316, 33.53762],
          [-114.33077, 33.56254],
          [-114.30395, 33.56574],
          [-114.30338, 33.56638],
          [-114.28097, 33.5913],
          [-114.28039, 33.59194],
          [-114.25797, 33.61684],
          [-114.2574, 33.61748],
          [-114.23497, 33.64238],
          [-114.2344, 33.64302],
          [-114.23823, 33.66537],
          [-114.21579, 33.69027],
          [-114.21521, 33.6909],
          [-114.21905, 33.71325],
          [-114.19659, 33.73814],
          [-114.19601, 33.73878],
          [-114.17355, 33.76366],
          [-114.17297, 33.7643],
          [-114.1505, 33.78918],
          [-114.14992, 33.78982],
          [-114.12743, 33.81469],
          [-114.12686, 33.81533],
          [-114.10436, 33.8402],
          [-114.10378, 33.84084],
          [-114.08128, 33.86571],
          [-114.0807, 33.86634],
          [-114.08451, 33.88868],
          [-114.06199, 33.91354],
          [-114.06141, 33.91418],
          [-114.03888, 33.93903],
          [-114.0383, 33.93967],
          [-114.04211, 33.962],
          [-114.01957, 33.98685],
          [-114.01899, 33.98749],
          [-114.02279, 34.00982],
          [-114.00023, 34.03466],
          [-113.99965, 34.0353],
          [-113.97709, 34.06014],
          [-113.97651, 34.06077],
          [-113.95393, 34.0856],
          [-113.95335, 34.08624],
          [-113.93076, 34.11107],
          [-113.93018, 34.11171],
          [-113.90758, 34.13653],
          [-113.907, 34.13717],
          [-113.91079, 34.15949],
          [-113.88817, 34.1843],
          [-113.88759, 34.18494],
          [-113.86497, 34.20975],
          [-113.86439, 34.21039],
          [-113.84176, 34.23519],
          [-113.84118, 34.23583],
          [-113.81853, 34.26063],
          [-113.81795, 34.26127],
          [-113.82172, 34.28358],
          [-113.8255, 34.3059],
          [-113.80284, 34.33069],
          [-113.80226, 34.33133],
          [-113.80603, 34.35364],
          [-113.78335, 34.37843],
          [-113.78277, 34.37906],
          [-113.76008, 34.40385],
          [-113.7595, 34.40448],
          [-113.76327, 34.42679],
          [-113.76704, 34.4491],
          [-113.77081, 34.4714],
          [-113.77458, 34.4937],
          [-113.77835, 34.51601],
          [-113.78212, 34.53831],
          [-113.7594, 34.56308],
          [-113.75882, 34.56371],
          [-113.76259, 34.58601],
          [-113.76336, 34.58649],
          [-113.79345, 34.6052],
          [-113.79723, 34.62749],
          [-113.798, 34.62797],
          [-113.82811, 34.64667],
          [-113.8319, 34.66896],
          [-113.83569, 34.69125],
          [-113.83948, 34.71353],
          [-113.84327, 34.73582],
          [-113.84404, 34.7363],
          [-113.87419, 34.75498],
          [-113.85144, 34.77975],
          [-113.85086, 34.78038],
          [-113.85466, 34.80266],
          [-113.85846, 34.82494],
          [-113.8357, 34.8497],
          [-113.83511, 34.85034],
          [-113.81234, 34.87509],
          [-113.81176, 34.87572],
          [-113.78898, 34.90047],
          [-113.78839, 34.90111],
          [-113.7656, 34.92585],
          [-113.76502, 34.92648],
          [-113.74222, 34.95122],
          [-113.74163, 34.95186],
          [-113.74541, 34.97413],
          [-113.7226, 34.99886],
          [-113.72201, 34.99949],
          [-113.72579, 35.02176],
          [-113.70296, 35.04649],
          [-113.70237, 35.04712],
          [-113.67953, 35.07184],
          [-113.67895, 35.07247],
          [-113.68272, 35.09474],
          [-113.65987, 35.11945],
          [-113.65928, 35.12008],
          [-113.66305, 35.14234],
          [-113.64018, 35.16705],
          [-113.63959, 35.16769],
          [-113.64336, 35.18994],
          [-113.62048, 35.21464],
          [-113.61989, 35.21528],
          [-113.62366, 35.23753],
          [-113.62743, 35.25978],
          [-113.60452, 35.28448],
          [-113.60394, 35.28511],
          [-113.6077, 35.30736],
          [-113.61147, 35.32961],
          [-113.58855, 35.35429],
          [-113.58796, 35.35492],
          [-113.59173, 35.37717],
          [-113.56879, 35.40185],
          [-113.5682, 35.40248],
          [-113.57197, 35.42472],
          [-113.54902, 35.44939],
          [-113.54843, 35.45002],
          [-113.52547, 35.47469],
          [-113.52488, 35.47532],
          [-113.52864, 35.49756],
          [-113.50567, 35.52222],
          [-113.50508, 35.52285],
          [-113.50883, 35.54508],
          [-113.48584, 35.56974],
          [-113.48525, 35.57037],
          [-113.46226, 35.59502],
          [-113.46167, 35.59565],
          [-113.43866, 35.62029],
          [-113.43807, 35.62092],
          [-113.41505, 35.64556],
          [-113.3877, 35.64859],
          [-113.38711, 35.64922],
          [-113.36407, 35.67385],
          [-113.36348, 35.67448],
          [-113.34043, 35.6991],
          [-113.33984, 35.69974],
          [-113.31679, 35.72435],
          [-113.31619, 35.72498],
          [-113.29313, 35.74959],
          [-113.26574, 35.75261],
          [-113.26515, 35.75324],
          [-113.24207, 35.77784],
          [-113.24148, 35.77847],
          [-113.21838, 35.80307],
          [-113.21779, 35.8037],
          [-113.19468, 35.82829],
          [-113.19409, 35.82892],
          [-113.17097, 35.8535],
          [-113.14356, 35.8565],
          [-113.14297, 35.85713],
          [-113.11983, 35.8817],
          [-113.11924, 35.88233],
          [-113.0961, 35.9069],
          [-113.06867, 35.90988],
          [-113.06808, 35.91051],
          [-113.04491, 35.93507],
          [-113.01748, 35.93804],
          [-113.01688, 35.93867],
          [-112.99371, 35.96322],
          [-112.96626, 35.96619],
          [-112.93882, 35.96915],
          [-112.93822, 35.96978],
          [-112.91502, 35.99431],
          [-112.88756, 35.99726],
          [-112.88697, 35.99789],
          [-112.86375, 36.02242],
          [-112.83629, 36.02536],
          [-112.83569, 36.02599],
          [-112.81245, 36.05051],
          [-112.81186, 36.05114],
          [-112.81549, 36.07334],
          [-112.79223, 36.09786],
          [-112.79164, 36.09848],
          [-112.79527, 36.12069],
          [-112.772, 36.14519],
          [-112.7714, 36.14582],
          [-112.77503, 36.16802],
          [-112.77865, 36.19022],
          [-112.75537, 36.21472],
          [-112.75477, 36.21535],
          [-112.7584, 36.23754],
          [-112.76202, 36.25974],
          [-112.73872, 36.28422],
          [-112.73812, 36.28485],
          [-112.74174, 36.30704],
          [-112.71842, 36.33152],
          [-112.71783, 36.33215],
          [-112.72145, 36.35434],
          [-112.69811, 36.37881],
          [-112.69751, 36.37944],
          [-112.67417, 36.40391],
          [-112.67357, 36.40453],
          [-112.65022, 36.42899],
          [-112.64962, 36.42962],
          [-112.62625, 36.45408],
          [-112.62565, 36.45471],
          [-112.62926, 36.47688],
          [-112.60588, 36.50133],
          [-112.60528, 36.50196],
          [-112.58189, 36.5264],
          [-112.58129, 36.52703],
          [-112.55788, 36.55147],
          [-112.55728, 36.5521],
          [-112.53387, 36.57653],
          [-112.53327, 36.57715],
          [-112.50985, 36.60158],
          [-112.50924, 36.60221],
          [-112.48581, 36.62663],
          [-112.45819, 36.6295],
          [-112.45758, 36.63013],
          [-112.43413, 36.65454],
          [-112.43353, 36.65516],
          [-112.41007, 36.67957],
          [-112.38243, 36.68243],
          [-112.38183, 36.68305],
          [-112.35835, 36.70745],
          [-112.3307, 36.7103],
          [-112.33009, 36.71093],
          [-112.3066, 36.73531],
          [-112.27894, 36.73816],
          [-112.27834, 36.73878],
          [-112.25482, 36.76316],
          [-112.22716, 36.76599],
          [-112.19949, 36.76882],
          [-112.19889, 36.76944],
          [-112.17535, 36.79381],
          [-112.14767, 36.79663],
          [-112.11999, 36.79944],
          [-112.09232, 36.80225],
          [-112.06464, 36.80506],
          [-112.06403, 36.80569],
          [-112.04045, 36.83003],
          [-112.01277, 36.83282],
          [-112, 36.83411]
        ]
      }
    }
  ]
}

