{
  "type": "FeatureCollection",
  "contract_version": "1.0.0",
  "bbox": [-130, 30.24602, -112, 44.5],
  "features": [
    {
      "type": "Feature",
      "id": "2026082100_f186_09000_001",
      "properties": {
        "product_id": "winter_storm_levels",
        "source_id": "nbm_snow_level",
        "parameter": "snow_level",
        "definition": "height of the wet-bulb 0.5 degree C surface",
        "level_ft_msl": 9000,
        "label": "9,000 ft MSL",
        "unit": "ft_msl",
        "cycle_time_utc": "2026-08-21T00:00:00Z",
        "valid_time_utc": "2026-08-28T18:00:00Z",
        "lead_hours": 186,
        "segment": 1,
        "length_m": 777972.9
      },
      "geometry": {
        "type": "LineString",
        "coordinates": [
          [-130, 41.79568],
          [-129.97511, 41.80058],
          [-129.94681, 41.80614],
          [-129.91851, 41.8117],
          [-129.89021, 41.81725],
          [-129.86191, 41.8228],
          [-129.8336, 41.82835],
          [-129.80529, 41.83389],
          [-129.77697, 41.83942],
          [-129.77645, 41.84009],
          [-129.75608, 41.86605],
          [-129.72775, 41.87158],
          [-129.72723, 41.87224],
          [-129.70684, 41.89819],
          [-129.6785, 41.90371],
          [-129.67798, 41.90438],
          [-129.65757, 41.93032],
          [-129.62922, 41.93583],
          [-129.60086, 41.94133],
          [-129.60034, 41.942],
          [-129.5799, 41.96792],
          [-129.55154, 41.97342],
          [-129.52317, 41.97891],
          [-129.52265, 41.97957],
          [-129.50218, 42.00548],
          [-129.46732, 41.99027],
          [-129.46643, 41.98988],
          [-129.43805, 41.99536],
          [-129.40967, 42.00083],
          [-129.38129, 42.0063],
          [-129.3529, 42.01176],
          [-129.32451, 42.01722],
          [-129.29612, 42.02268],
          [-129.26772, 42.02813],
          [-129.23933, 42.03357],
          [-129.21093, 42.03902],
          [-129.18252, 42.04445],
          [-129.1477, 42.02918],
          [-129.1468, 42.02879],
          [-129.1184, 42.03421],
          [-129.08999, 42.03964],
          [-129.06158, 42.04505],
          [-129.03316, 42.05047],
          [-129.03264, 42.05113],
          [-129.01203, 42.07698],
          [-128.9836, 42.08238],
          [-128.95518, 42.08778],
          [-128.92674, 42.09318],
          [-128.89831, 42.09857],
          [-128.86987, 42.10395],
          [-128.83507, 42.08862],
          [-128.83418, 42.08823],
          [-128.80574, 42.09361],
          [-128.77096, 42.07827],
          [-128.77007, 42.07787],
          [-128.74163, 42.08324],
          [-128.70685, 42.06789],
          [-128.70596, 42.06749],
          [-128.6712, 42.05213],
          [-128.67031, 42.05174],
          [-128.63556, 42.03637],
          [-128.63467, 42.03597],
          [-128.59993, 42.0206],
          [-128.59904, 42.0202],
          [-128.56431, 42.00481],
          [-128.56342, 42.00442],
          [-128.52871, 41.98903],
          [-128.52782, 41.98863],
          [-128.49311, 41.97323],
          [-128.49222, 41.97283],
          [-128.45752, 41.95742],
          [-128.45663, 41.95703],
          [-128.42821, 41.96235],
          [-128.39353, 41.94692],
          [-128.39264, 41.94653],
          [-128.36422, 41.95184],
          [-128.32955, 41.9364],
          [-128.32242, 41.91526],
          [-128.32153, 41.91486],
          [-128.28688, 41.89942],
          [-128.27977, 41.87827],
          [-128.27888, 41.87787],
          [-128.24425, 41.86241],
          [-128.24336, 41.86201],
          [-128.20874, 41.84655],
          [-128.20785, 41.84615],
          [-128.17324, 41.83067],
          [-128.16615, 41.80951],
          [-128.16527, 41.80911],
          [-128.13068, 41.79363],
          [-128.12979, 41.79323],
          [-128.1014, 41.7985],
          [-128.06682, 41.783],
          [-128.06594, 41.78261],
          [-128.03137, 41.7671],
          [-128.02432, 41.74592],
          [-128.01726, 41.72474],
          [-128.01638, 41.72435],
          [-127.98184, 41.70882],
          [-127.9748, 41.68764],
          [-127.97391, 41.68724],
          [-127.9394, 41.6717],
          [-127.93851, 41.67131],
          [-127.904, 41.65576],
          [-127.90312, 41.65536],
          [-127.87475, 41.66061],
          [-127.84026, 41.64505],
          [-127.83937, 41.64465],
          [-127.80489, 41.62909],
          [-127.80401, 41.62869],
          [-127.77564, 41.63392],
          [-127.74117, 41.61834],
          [-127.74029, 41.61794],
          [-127.71193, 41.62316],
          [-127.68356, 41.62838],
          [-127.65519, 41.63359],
          [-127.62682, 41.6388],
          [-127.59237, 41.62319],
          [-127.59149, 41.62279],
          [-127.56312, 41.62799],
          [-127.53474, 41.63318],
          [-127.50031, 41.61756],
          [-127.49942, 41.61716],
          [-127.47105, 41.62234],
          [-127.44267, 41.62752],
          [-127.41429, 41.63269],
          [-127.37988, 41.61704],
          [-127.37899, 41.61664],
          [-127.35061, 41.62181],
          [-127.32223, 41.62697],
          [-127.29384, 41.63212],
          [-127.26545, 41.63727],
          [-127.23706, 41.64241],
          [-127.20866, 41.64756],
          [-127.18026, 41.65269],
          [-127.15186, 41.65782],
          [-127.12345, 41.66295],
          [-127.09505, 41.66807],
          [-127.06664, 41.67319],
          [-127.03822, 41.6783],
          [-127.00981, 41.68341],
          [-126.98139, 41.68852],
          [-126.95296, 41.69361],
          [-126.92454, 41.69871],
          [-126.89611, 41.7038],
          [-126.86768, 41.70888],
          [-126.83925, 41.71397],
          [-126.81081, 41.71904],
          [-126.78237, 41.72411],
          [-126.75393, 41.72918],
          [-126.72549, 41.73424],
          [-126.72494, 41.7349],
          [-126.70381, 41.76053],
          [-126.67536, 41.76558],
          [-126.6469, 41.77063],
          [-126.61844, 41.77568],
          [-126.58997, 41.78072],
          [-126.56151, 41.78575],
          [-126.53303, 41.79078],
          [-126.53249, 41.79144],
          [-126.5113, 41.81703],
          [-126.48282, 41.82206],
          [-126.45434, 41.82707],
          [-126.45379, 41.82773],
          [-126.43257, 41.85331],
          [-126.40408, 41.85832],
          [-126.37558, 41.86333],
          [-126.34708, 41.86832],
          [-126.34653, 41.86898],
          [-126.32528, 41.89454],
          [-126.29677, 41.89953],
          [-126.29622, 41.90019],
          [-126.27495, 41.92574],
          [-126.24643, 41.93073],
          [-126.2179, 41.9357],
          [-126.21735, 41.93636],
          [-126.19605, 41.9619],
          [-126.16751, 41.96686],
          [-126.16697, 41.96752],
          [-126.14565, 41.99305],
          [-126.1171, 41.99801],
          [-126.11655, 41.99866],
          [-126.09521, 42.02418],
          [-126.06665, 42.02913],
          [-126.0661, 42.02978],
          [-126.04475, 42.05529],
          [-126.01617, 42.06023],
          [-125.9876, 42.06517],
          [-125.98705, 42.06583],
          [-125.96566, 42.09132],
          [-125.93708, 42.09625],
          [-125.93653, 42.0969],
          [-125.91512, 42.12238],
          [-125.88653, 42.1273],
          [-125.85793, 42.13222],
          [-125.85738, 42.13287],
          [-125.83594, 42.15834],
          [-125.83539, 42.15899],
          [-125.81395, 42.18445],
          [-125.78533, 42.18935],
          [-125.78478, 42.19001],
          [-125.76332, 42.21546],
          [-125.73468, 42.22035],
          [-125.73413, 42.221],
          [-125.71265, 42.24644],
          [-125.68401, 42.25133],
          [-125.68346, 42.25198],
          [-125.66195, 42.27741],
          [-125.6333, 42.28229],
          [-125.63275, 42.28294],
          [-125.61123, 42.30836],
          [-125.58256, 42.31322],
          [-125.55389, 42.31809],
          [-125.55334, 42.31874],
          [-125.53179, 42.34414],
          [-125.50311, 42.34899],
          [-125.47443, 42.35384],
          [-125.47387, 42.35449],
          [-125.4523, 42.37988],
          [-125.4236, 42.38472],
          [-125.42305, 42.38538],
          [-125.40145, 42.41075],
          [-125.37275, 42.41559],
          [-125.34404, 42.42041],
          [-125.34349, 42.42106],
          [-125.32186, 42.44643],
          [-125.29314, 42.45124],
          [-125.29259, 42.45189],
          [-125.27094, 42.47725],
          [-125.24221, 42.48206],
          [-125.24166, 42.48271],
          [-125.21999, 42.50805],
          [-125.19125, 42.51285],
          [-125.19069, 42.5135],
          [-125.16901, 42.53883],
          [-125.14026, 42.54362],
          [-125.1397, 42.54427],
          [-125.118, 42.56959],
          [-125.08923, 42.57437],
          [-125.08868, 42.57502],
          [-125.06695, 42.60033],
          [-125.03818, 42.60511],
          [-125.0094, 42.60988],
          [-125.00884, 42.61053],
          [-124.98709, 42.63582],
          [-124.9583, 42.64058],
          [-124.95774, 42.64123],
          [-124.93597, 42.66651],
          [-124.90717, 42.67127],
          [-124.90661, 42.67191],
          [-124.88482, 42.69719],
          [-124.88426, 42.69784],
          [-124.86246, 42.7231],
          [-124.83364, 42.72784],
          [-124.83308, 42.72849],
          [-124.81126, 42.75375],
          [-124.8107, 42.75439],
          [-124.78887, 42.77964],
          [-124.78831, 42.78029],
          [-124.76646, 42.80554],
          [-124.7659, 42.80618],
          [-124.77234, 42.82735],
          [-124.75048, 42.85258],
          [-124.74992, 42.85323],
          [-124.72805, 42.87845],
          [-124.72749, 42.8791],
          [-124.70561, 42.90432],
          [-124.70505, 42.90497],
          [-124.68316, 42.93018],
          [-124.65427, 42.93489],
          [-124.6537, 42.93553],
          [-124.63179, 42.96074],
          [-124.63123, 42.96138],
          [-124.60931, 42.98658],
          [-124.60874, 42.98723],
          [-124.58681, 43.01242],
          [-124.58625, 43.01306],
          [-124.59266, 43.03421],
          [-124.57071, 43.05939],
          [-124.57015, 43.06003],
          [-124.54819, 43.08521],
          [-124.54762, 43.08585],
          [-124.52565, 43.11102],
          [-124.52509, 43.11166],
          [-124.53149, 43.1328],
          [-124.50951, 43.15795],
          [-124.48054, 43.16262],
          [-124.47998, 43.16327],
          [-124.45797, 43.18842],
          [-124.45741, 43.18906],
          [-124.43539, 43.2142],
          [-124.43482, 43.21485],
          [-124.41279, 43.23998],
          [-124.41223, 43.24063],
          [-124.39018, 43.26575],
          [-124.38962, 43.2664],
          [-124.36757, 43.29152],
          [-124.367, 43.29216],
          [-124.34494, 43.31727],
          [-124.31592, 43.32191],
          [-124.31535, 43.32256],
          [-124.29327, 43.34766],
          [-124.2927, 43.3483],
          [-124.2706, 43.3734],
          [-124.27004, 43.37404],
          [-124.24793, 43.39913],
          [-124.24736, 43.39978],
          [-124.22524, 43.42486],
          [-124.22468, 43.4255],
          [-124.20254, 43.45058],
          [-124.20198, 43.45122],
          [-124.17983, 43.47629],
          [-124.17927, 43.47693],
          [-124.15711, 43.50199],
          [-124.15654, 43.50264],
          [-124.13438, 43.52769],
          [-124.10529, 43.53229],
          [-124.10472, 43.53294],
          [-124.08253, 43.55798],
          [-124.08196, 43.55862],
          [-124.05977, 43.58366],
          [-124.0592, 43.5843],
          [-124.03699, 43.60933],
          [-124.03642, 43.60997],
          [-124.0142, 43.635],
          [-123.98507, 43.63958],
          [-123.9845, 43.64022],
          [-123.96226, 43.66523],
          [-123.96169, 43.66587],
          [-123.93944, 43.69088],
          [-123.91029, 43.69544],
          [-123.88114, 43.7],
          [-123.88057, 43.70065],
          [-123.85829, 43.72564],
          [-123.85771, 43.72628],
          [-123.83542, 43.75126],
          [-123.83485, 43.7519],
          [-123.81255, 43.77688],
          [-123.81197, 43.77752],
          [-123.78966, 43.80249],
          [-123.78909, 43.80313],
          [-123.76676, 43.82809],
          [-123.76619, 43.82873],
          [-123.74385, 43.85369],
          [-123.71464, 43.85822],
          [-123.71407, 43.85886],
          [-123.69171, 43.8838],
          [-123.69113, 43.88444],
          [-123.66876, 43.90938],
          [-123.66819, 43.91002],
          [-123.64581, 43.93495],
          [-123.64523, 43.93559],
          [-123.62284, 43.96051],
          [-123.59359, 43.96502],
          [-123.59302, 43.96566],
          [-123.57061, 43.99057],
          [-123.54135, 43.99507],
          [-123.54078, 43.99571],
          [-123.51834, 44.02062],
          [-123.48907, 44.02511],
          [-123.4885, 44.02574],
          [-123.46604, 44.05064],
          [-123.46547, 44.05127],
          [-123.443, 44.07616],
          [-123.44242, 44.0768],
          [-123.41995, 44.10167],
          [-123.39065, 44.10615],
          [-123.39007, 44.10678],
          [-123.36757, 44.13165],
          [-123.367, 44.13229],
          [-123.34449, 44.15714],
          [-123.31517, 44.1616],
          [-123.31459, 44.16224],
          [-123.29206, 44.18709],
          [-123.29148, 44.18773],
          [-123.26894, 44.21257],
          [-123.26836, 44.2132],
          [-123.24581, 44.23804],
          [-123.21646, 44.24248],
          [-123.21589, 44.24312],
          [-123.19331, 44.26794],
          [-123.19273, 44.26857],
          [-123.19893, 44.28959],
          [-123.17634, 44.31441],
          [-123.17576, 44.31504],
          [-123.15315, 44.33985],
          [-123.15257, 44.34048],
          [-123.12996, 44.36528],
          [-123.12938, 44.36592],
          [-123.10675, 44.39071],
          [-123.07736, 44.39512],
          [-123.07678, 44.39576],
          [-123.05413, 44.42054],
          [-123.05355, 44.42118],
          [-123.03089, 44.44595],
          [-123.03031, 44.44658],
          [-123.00764, 44.47135],
          [-123.00706, 44.47199],
          [-123.01323, 44.49298],
          [-123.00679, 44.5]
        ]
      }
    },
    {
      "type": "Feature",
      "id": "2026082100_f186_10000_001",
      "properties": {
        "product_id": "winter_storm_levels",
        "source_id": "nbm_snow_level",
        "parameter": "snow_level",
        "definition": "height of the wet-bulb 0.5 degree C surface",
        "level_ft_msl": 10000,
        "label": "10,000 ft MSL",
        "unit": "ft_msl",
        "cycle_time_utc": "2026-08-21T00:00:00Z",
        "valid_time_utc": "2026-08-28T18:00:00Z",
        "lead_hours": 186,
        "segment": 1,
        "length_m": 1374556.1
      },
      "geometry": {
        "type": "LineString",
        "coordinates": [
          [-130, 36.55802],
          [-129.98991, 36.56016],
          [-129.96299, 36.56587],
          [-129.93607, 36.57157],
          [-129.90915, 36.57726],
          [-129.88222, 36.58296],
          [-129.85529, 36.58864],
          [-129.82836, 36.59433],
          [-129.80143, 36.6],
          [-129.77449, 36.60568],
          [-129.74755, 36.61135],
          [-129.74507, 36.61476],
          [-129.72767, 36.63864],
          [-129.70071, 36.6443],
          [-129.67376, 36.64996],
          [-129.64681, 36.65561],
          [-129.61985, 36.66126],
          [-129.59288, 36.6669],
          [-129.56592, 36.67254],
          [-129.53895, 36.67817],
          [-129.51198, 36.6838],
          [-129.48501, 36.68943],
          [-129.45803, 36.69505],
          [-129.43106, 36.70067],
          [-129.40407, 36.70628],
          [-129.37709, 36.71189],
          [-129.3501, 36.71749],
          [-129.32311, 36.72309],
          [-129.29612, 36.72869],
          [-129.26913, 36.73428],
          [-129.24213, 36.73987],
          [-129.21513, 36.74545],
          [-129.18812, 36.75102],
          [-129.16112, 36.7566],
          [-129.13141, 36.74254],
          [-129.12716, 36.74053],
          [-129.10016, 36.74609],
          [-129.07315, 36.75165],
          [-129.04613, 36.7572],
          [-129.01912, 36.76275],
          [-128.9921, 36.7683],
          [-128.96508, 36.77384],
          [-128.93806, 36.77938],
          [-128.91103, 36.78491],
          [-128.884, 36.79044],
          [-128.85697, 36.79596],
          [-128.82994, 36.80148],
          [-128.82742, 36.80488],
          [-128.80979, 36.82864],
          [-128.78274, 36.83415],
          [-128.75569, 36.83966],
          [-128.72864, 36.84516],
          [-128.70159, 36.85066],
          [-128.67453, 36.85615],
          [-128.64748, 36.86164],
          [-128.62041, 36.86712],
          [-128.59335, 36.8726],
          [-128.56628, 36.87808],
          [-128.53921, 36.88355],
          [-128.53668, 36.88694],
          [-128.51897, 36.91067],
          [-128.49189, 36.91613],
          [-128.46481, 36.92159],
          [-128.43773, 36.92704],
          [-128.41064, 36.93249],
          [-128.38355, 36.93794],
          [-128.35645, 36.94338],
          [-128.35392, 36.94677],
          [-128.33616, 36.97047],
          [-128.30905, 36.9759],
          [-128.28195, 36.98133],
          [-128.25484, 36.98675],
          [-128.22772, 36.99217],
          [-128.20061, 36.99759],
          [-128.19807, 37.00097],
          [-128.18026, 37.02465],
          [-128.15314, 37.03006],
          [-128.12601, 37.03546],
          [-128.09888, 37.04086],
          [-128.07175, 37.04625],
          [-128.0692, 37.04963],
          [-128.05136, 37.0733],
          [-128.02422, 37.07868],
          [-127.99707, 37.08406],
          [-127.96992, 37.08944],
          [-127.94277, 37.09481],
          [-127.91561, 37.10017],
          [-127.88845, 37.10554],
          [-127.8859, 37.10891],
          [-127.86801, 37.13255],
          [-127.84084, 37.13791],
          [-127.81367, 37.14326],
          [-127.7865, 37.1486],
          [-127.75932, 37.15394],
          [-127.73214, 37.15928],
          [-127.70496, 37.16461],
          [-127.7024, 37.16798],
          [-127.68446, 37.1916],
          [-127.65727, 37.19692],
          [-127.63007, 37.20224],
          [-127.60288, 37.20756],
          [-127.57568, 37.21287],
          [-127.54847, 37.21817],
          [-127.52127, 37.22347],
          [-127.49406, 37.22877],
          [-127.46685, 37.23406],
          [-127.46428, 37.23743],
          [-127.44628, 37.26101],
          [-127.41905, 37.2663],
          [-127.39183, 37.27158],
          [-127.3646, 37.27685],
          [-127.33738, 37.28212],
          [-127.31014, 37.28739],
          [-127.28291, 37.29265],
          [-127.28033, 37.29602],
          [-127.26228, 37.31957],
          [-127.23503, 37.32483],
          [-127.20779, 37.33008],
          [-127.18054, 37.33532],
          [-127.15328, 37.34056],
          [-127.12603, 37.3458],
          [-127.09877, 37.35103],
          [-127.06916, 37.33664],
          [-127.06494, 37.33458],
          [-127.03768, 37.3398],
          [-127.01042, 37.34502],
          [-127.00783, 37.34838],
          [-126.98971, 37.37191],
          [-126.96244, 37.37711],
          [-126.93516, 37.38232],
          [-126.90789, 37.38752],
          [-126.88061, 37.39271],
          [-126.85332, 37.3979],
          [-126.85073, 37.40126],
          [-126.83257, 37.42476],
          [-126.80527, 37.42995],
          [-126.77798, 37.43512],
          [-126.77538, 37.43848],
          [-126.7572, 37.46197],
          [-126.72989, 37.46714],
          [-126.70258, 37.47231],
          [-126.67527, 37.47747],
          [-126.64796, 37.48262],
          [-126.62064, 37.48777],
          [-126.61804, 37.49113],
          [-126.59981, 37.5146],
          [-126.57248, 37.51974],
          [-126.54515, 37.52488],
          [-126.51782, 37.53001],
          [-126.51521, 37.53336],
          [-126.49695, 37.55682],
          [-126.46961, 37.56194],
          [-126.44227, 37.56706],
          [-126.41492, 37.57218],
          [-126.38757, 37.57729],
          [-126.36022, 37.5824],
          [-126.33286, 37.58751],
          [-126.30551, 37.5926],
          [-126.27815, 37.5977],
          [-126.25078, 37.60279],
          [-126.22342, 37.60787],
          [-126.2208, 37.61122],
          [-126.20246, 37.63463],
          [-126.17509, 37.63971],
          [-126.14771, 37.64478],
          [-126.12033, 37.64985],
          [-126.1177, 37.6532],
          [-126.09934, 37.6766],
          [-126.07195, 37.68166],
          [-126.04455, 37.68671],
          [-126.01715, 37.69176],
          [-126.01453, 37.6951],
          [-125.99613, 37.71849],
          [-125.96872, 37.72353],
          [-125.96609, 37.72687],
          [-125.94768, 37.75025],
          [-125.94505, 37.75359],
          [-125.92663, 37.77696],
          [-125.89921, 37.78199],
          [-125.89657, 37.78533],
          [-125.87814, 37.80869],
          [-125.8507, 37.81371],
          [-125.84806, 37.81705],
          [-125.82961, 37.8404],
          [-125.80216, 37.84542],
          [-125.79953, 37.84875],
          [-125.78106, 37.8721],
          [-125.77842, 37.87543],
          [-125.75994, 37.89877],
          [-125.73248, 37.90378],
          [-125.70501, 37.90877],
          [-125.70237, 37.91211],
          [-125.68387, 37.93544],
          [-125.65639, 37.94042],
          [-125.62891, 37.94541],
          [-125.62626, 37.94874],
          [-125.60774, 37.97206],
          [-125.58025, 37.97703],
          [-125.5776, 37.98036],
          [-125.55906, 38.00367],
          [-125.55641, 38.007],
          [-125.53786, 38.03031],
          [-125.51035, 38.03527],
          [-125.5077, 38.0386],
          [-125.48913, 38.06189],
          [-125.46162, 38.06685],
          [-125.43409, 38.0718],
          [-125.43144, 38.07512],
          [-125.41285, 38.09841],
          [-125.41019, 38.10173],
          [-125.3916, 38.12501],
          [-125.36406, 38.12995],
          [-125.3614, 38.13328],
          [-125.34278, 38.15655],
          [-125.31523, 38.16148],
          [-125.31257, 38.1648],
          [-125.29394, 38.18806],
          [-125.29128, 38.19138],
          [-125.27264, 38.21464],
          [-125.26998, 38.21796],
          [-125.25133, 38.24122],
          [-125.22375, 38.24613],
          [-125.22109, 38.24945],
          [-125.20242, 38.2727],
          [-125.19975, 38.27602],
          [-125.18108, 38.29925],
          [-125.17841, 38.30257],
          [-125.15973, 38.32581],
          [-125.13213, 38.3307],
          [-125.12945, 38.33402],
          [-125.11075, 38.35725],
          [-125.10808, 38.36057],
          [-125.08937, 38.38379],
          [-125.0867, 38.3871],
          [-125.06798, 38.41032],
          [-125.06531, 38.41364],
          [-125.04658, 38.43685],
          [-125.0439, 38.44016],
          [-125.02516, 38.46337],
          [-125.02249, 38.46668],
          [-125.00374, 38.48988],
          [-125.00106, 38.4932],
          [-124.98231, 38.51639],
          [-124.97963, 38.51971],
          [-124.96086, 38.5429],
          [-124.93319, 38.54775],
          [-124.93051, 38.55107],
          [-124.91173, 38.57425],
          [-124.88405, 38.5791],
          [-124.88136, 38.58241],
          [-124.86257, 38.60558],
          [-124.85988, 38.60889],
          [-124.84107, 38.63206],
          [-124.81338, 38.6369],
          [-124.81069, 38.64021],
          [-124.79186, 38.66337],
          [-124.76416, 38.6682],
          [-124.76147, 38.67151],
          [-124.74263, 38.69466],
          [-124.71491, 38.69948],
          [-124.71221, 38.70278],
          [-124.69336, 38.72593],
          [-124.69066, 38.72923],
          [-124.6718, 38.75237],
          [-124.6691, 38.75567],
          [-124.65023, 38.77881],
          [-124.64753, 38.78211],
          [-124.62864, 38.80524],
          [-124.62595, 38.80854],
          [-124.60705, 38.83166],
          [-124.60435, 38.83497],
          [-124.58545, 38.85808],
          [-124.55768, 38.86288],
          [-124.55498, 38.86618],
          [-124.53606, 38.88929],
          [-124.53335, 38.89259],
          [-124.51442, 38.91569],
          [-124.51172, 38.91899],
          [-124.51787, 38.94061],
          [-124.49893, 38.9637],
          [-124.47113, 38.96848],
          [-124.46842, 38.97178],
          [-124.44946, 38.99486],
          [-124.44675, 38.99816],
          [-124.42778, 39.02124],
          [-124.42507, 39.02454],
          [-124.43121, 39.04615],
          [-124.41223, 39.06923],
          [-124.40952, 39.07252],
          [-124.39053, 39.09559],
          [-124.38781, 39.09889],
          [-124.36882, 39.12195],
          [-124.3661, 39.12525],
          [-124.37223, 39.14685],
          [-124.35322, 39.16991],
          [-124.3505, 39.1732],
          [-124.33148, 39.19625],
          [-124.32876, 39.19955],
          [-124.30974, 39.22259],
          [-124.30702, 39.22589],
          [-124.28798, 39.24893],
          [-124.26009, 39.25366],
          [-124.25737, 39.25696],
          [-124.23831, 39.27999],
          [-124.23559, 39.28328],
          [-124.21653, 39.30631],
          [-124.2138, 39.3096],
          [-124.19473, 39.33262],
          [-124.16682, 39.33734],
          [-124.16409, 39.34063],
          [-124.145, 39.36364],
          [-124.14227, 39.36693],
          [-124.12317, 39.38994],
          [-124.12044, 39.39323],
          [-124.10133, 39.41623],
          [-124.0986, 39.41951],
          [-124.07948, 39.44251],
          [-124.05153, 39.44721],
          [-124.0488, 39.4505],
          [-124.02966, 39.47349],
          [-124.02693, 39.47677],
          [-124.00778, 39.49975],
          [-124.00504, 39.50304],
          [-123.98589, 39.52602],
          [-123.95792, 39.5307],
          [-123.95518, 39.53398],
          [-123.93601, 39.55695],
          [-123.93327, 39.56023],
          [-123.91408, 39.5832],
          [-123.91134, 39.58648],
          [-123.89215, 39.60944],
          [-123.88941, 39.61272],
          [-123.87021, 39.63567],
          [-123.8422, 39.64033],
          [-123.83945, 39.64361],
          [-123.82024, 39.66655],
          [-123.79222, 39.67121],
          [-123.78947, 39.67448],
          [-123.79551, 39.69605],
          [-123.77628, 39.71898],
          [-123.77353, 39.72226],
          [-123.75428, 39.74519],
          [-123.75153, 39.74846],
          [-123.75757, 39.77002],
          [-123.73831, 39.79294],
          [-123.73556, 39.79622],
          [-123.71629, 39.81913],
          [-123.71353, 39.82241],
          [-123.71957, 39.84396],
          [-123.70029, 39.86687],
          [-123.69753, 39.87014],
          [-123.67824, 39.89305],
          [-123.67548, 39.89632],
          [-123.65618, 39.91922],
          [-123.65343, 39.92249],
          [-123.63411, 39.94538],
          [-123.63135, 39.94865],
          [-123.63738, 39.97019],
          [-123.61806, 39.99308],
          [-123.6153, 39.99635],
          [-123.59596, 40.01923],
          [-123.5932, 40.02249],
          [-123.57386, 40.04537],
          [-123.57109, 40.04864],
          [-123.57711, 40.07017],
          [-123.58313, 40.0917],
          [-123.56378, 40.11457],
          [-123.56101, 40.11783],
          [-123.54164, 40.14069],
          [-123.53887, 40.14396],
          [-123.54489, 40.16548],
          [-123.52551, 40.18833],
          [-123.52274, 40.1916],
          [-123.52876, 40.21312],
          [-123.50937, 40.23596],
          [-123.5066, 40.23923],
          [-123.51261, 40.26074],
          [-123.51863, 40.28225],
          [-123.52465, 40.30376],
          [-123.53068, 40.32526],
          [-123.5367, 40.34677],
          [-123.54273, 40.36827],
          [-123.52331, 40.3911],
          [-123.52054, 40.39436],
          [-123.52657, 40.41585],
          [-123.50714, 40.43868],
          [-123.50436, 40.44194],
          [-123.51039, 40.46343],
          [-123.51642, 40.48492],
          [-123.49697, 40.50773],
          [-123.49419, 40.51099],
          [-123.50022, 40.53247],
          [-123.48076, 40.55528],
          [-123.47798, 40.55853],
          [-123.45851, 40.58133],
          [-123.45573, 40.58459],
          [-123.43625, 40.60739],
          [-123.43347, 40.61064],
          [-123.41398, 40.63343],
          [-123.4112, 40.63669],
          [-123.3917, 40.65947],
          [-123.38891, 40.66272],
          [-123.3694, 40.6855],
          [-123.34109, 40.69006],
          [-123.31277, 40.69461],
          [-123.30998, 40.69786],
          [-123.29045, 40.72063],
          [-123.26212, 40.72517],
          [-123.25933, 40.72842],
          [-123.23978, 40.75118],
          [-123.23699, 40.75443],
          [-123.24298, 40.77589],
          [-123.22342, 40.79864],
          [-123.22062, 40.80189],
          [-123.22661, 40.82335],
          [-123.2326, 40.84481],
          [-123.2386, 40.86626],
          [-123.24459, 40.88771],
          [-123.25059, 40.90916],
          [-123.2566, 40.93061],
          [-123.2626, 40.95205],
          [-123.24301, 40.97478],
          [-123.24021, 40.97803],
          [-123.24621, 40.99947],
          [-123.25222, 41.02091],
          [-123.23261, 41.04362],
          [-123.22981, 41.04687],
          [-123.23582, 41.0683],
          [-123.24183, 41.08973],
          [-123.2222, 41.11244],
          [-123.2194, 41.11568],
          [-123.22541, 41.13711],
          [-123.20577, 41.15981],
          [-123.20297, 41.16305],
          [-123.20897, 41.18447],
          [-123.18932, 41.20717],
          [-123.18652, 41.21041],
          [-123.19252, 41.23182],
          [-123.19853, 41.25323],
          [-123.17887, 41.27592],
          [-123.17606, 41.27916],
          [-123.15639, 41.30184],
          [-123.15357, 41.30508],
          [-123.15958, 41.32648],
          [-123.16559, 41.34788],
          [-123.1459, 41.37055],
          [-123.14308, 41.37379],
          [-123.14909, 41.39518],
          [-123.12939, 41.41784],
          [-123.12657, 41.42108],
          [-123.13258, 41.44247],
          [-123.13859, 41.46386],
          [-123.1446, 41.48525],
          [-123.15061, 41.50663],
          [-123.15663, 41.52801],
          [-123.16265, 41.54939],
          [-123.14292, 41.57203],
          [-123.1401, 41.57526],
          [-123.12036, 41.5979],
          [-123.11754, 41.60113],
          [-123.09779, 41.62377],
          [-123.0692, 41.62826],
          [-123.06638, 41.63149],
          [-123.04661, 41.65411],
          [-123.04379, 41.65734],
          [-123.02401, 41.67996],
          [-123.02119, 41.68319],
          [-123.0014, 41.7058],
          [-122.99857, 41.70903],
          [-122.97878, 41.73164],
          [-122.97595, 41.73487],
          [-122.95614, 41.75746],
          [-122.95331, 41.76069],
          [-122.93349, 41.78329],
          [-122.93066, 41.78651],
          [-122.91084, 41.8091],
          [-122.908, 41.81233],
          [-122.88816, 41.83491],
          [-122.88533, 41.83814],
          [-122.89131, 41.85948],
          [-122.87146, 41.88206],
          [-122.86862, 41.88528],
          [-122.84876, 41.90785],
          [-122.84593, 41.91107],
          [-122.8519, 41.93241],
          [-122.83203, 41.95498],
          [-122.82919, 41.9582],
          [-122.83516, 41.97953],
          [-122.81528, 42.00209],
          [-122.81244, 42.00531],
          [-122.79254, 42.02785],
          [-122.7897, 42.03107],
          [-122.76979, 42.05361],
          [-122.76694, 42.05683],
          [-122.74703, 42.07937],
          [-122.74418, 42.08259],
          [-122.75015, 42.10391],
          [-122.73022, 42.12644],
          [-122.72737, 42.12966],
          [-122.70743, 42.15218],
          [-122.70458, 42.15539],
          [-122.68463, 42.17791],
          [-122.68178, 42.18112],
          [-122.66182, 42.20363],
          [-122.65896, 42.20685],
          [-122.66492, 42.22816],
          [-122.64494, 42.25066],
          [-122.64209, 42.25387],
          [-122.62211, 42.27637],
          [-122.61925, 42.27958],
          [-122.6252, 42.30088],
          [-122.6052, 42.32337],
          [-122.60235, 42.32658],
          [-122.58234, 42.34906],
          [-122.57948, 42.35228],
          [-122.58542, 42.37357],
          [-122.5654, 42.39604],
          [-122.56254, 42.39925],
          [-122.56849, 42.42054],
          [-122.54845, 42.44301],
          [-122.54559, 42.44622],
          [-122.52555, 42.46868],
          [-122.52268, 42.47188],
          [-122.52862, 42.49316],
          [-122.50857, 42.51562],
          [-122.5057, 42.51882],
          [-122.51164, 42.5401],
          [-122.49157, 42.56254],
          [-122.4887, 42.56575],
          [-122.46862, 42.58818],
          [-122.46575, 42.59139],
          [-122.47169, 42.61266],
          [-122.45159, 42.63508],
          [-122.44872, 42.63829],
          [-122.45466, 42.65955],
          [-122.43455, 42.68197],
          [-122.43167, 42.68517],
          [-122.41156, 42.70759],
          [-122.40868, 42.71079],
          [-122.41461, 42.73204],
          [-122.39448, 42.75445],
          [-122.3916, 42.75765],
          [-122.37146, 42.78005],
          [-122.36859, 42.78325],
          [-122.37451, 42.8045],
          [-122.35436, 42.82689],
          [-122.35148, 42.83009],
          [-122.3574, 42.85133],
          [-122.33723, 42.87371],
          [-122.33435, 42.87691],
          [-122.34028, 42.89814],
          [-122.3462, 42.91937],
          [-122.32602, 42.94175],
          [-122.32314, 42.94494],
          [-122.32906, 42.96617],
          [-122.30886, 42.98853],
          [-122.30598, 42.99173],
          [-122.3119, 43.01295],
          [-122.31783, 43.03417],
          [-122.29762, 43.05652],
          [-122.29473, 43.05971],
          [-122.30065, 43.08093],
          [-122.28043, 43.10327],
          [-122.27754, 43.10646],
          [-122.28346, 43.12767],
          [-122.26322, 43.15001],
          [-122.26033, 43.1532],
          [-122.26625, 43.1744],
          [-122.246, 43.19673],
          [-122.24311, 43.19992],
          [-122.24903, 43.22111],
          [-122.22876, 43.24343],
          [-122.22587, 43.24662],
          [-122.23179, 43.26781],
          [-122.21151, 43.29012],
          [-122.20861, 43.29331],
          [-122.21453, 43.31449],
          [-122.19424, 43.3368],
          [-122.19134, 43.33998],
          [-122.17103, 43.36228],
          [-122.1419, 43.36658],
          [-122.139, 43.36977],
          [-122.11867, 43.39205],
          [-122.11577, 43.39524],
          [-122.09544, 43.41752],
          [-122.06629, 43.4218],
          [-122.03713, 43.42609],
          [-122.00798, 43.43036],
          [-121.97882, 43.43464],
          [-121.97591, 43.43782],
          [-121.95554, 43.46008],
          [-121.92637, 43.46434],
          [-121.8972, 43.4686],
          [-121.89428, 43.47178],
          [-121.87388, 43.49402],
          [-121.8447, 43.49827],
          [-121.84179, 43.50145],
          [-121.82137, 43.52369],
          [-121.81845, 43.52686],
          [-121.8243, 43.54803],
          [-121.80387, 43.57025],
          [-121.80095, 43.57343],
          [-121.8068, 43.59459],
          [-121.81266, 43.61574],
          [-121.79221, 43.63796],
          [-121.78929, 43.64113],
          [-121.79514, 43.66229],
          [-121.801, 43.68343],
          [-121.78053, 43.70564],
          [-121.77761, 43.70881],
          [-121.75713, 43.73101],
          [-121.7542, 43.73418],
          [-121.76006, 43.75532],
          [-121.73957, 43.77751],
          [-121.73664, 43.78068],
          [-121.71614, 43.80286],
          [-121.71321, 43.80603],
          [-121.6927, 43.82821],
          [-121.68977, 43.83138],
          [-121.66925, 43.85355],
          [-121.66631, 43.85672],
          [-121.64578, 43.87889],
          [-121.61647, 43.88309],
          [-121.58717, 43.88729],
          [-121.58423, 43.89045],
          [-121.56367, 43.91261],
          [-121.53435, 43.9168],
          [-121.53141, 43.91996],
          [-121.51084, 43.9421],
          [-121.48151, 43.94628],
          [-121.47856, 43.94944],
          [-121.45797, 43.97158],
          [-121.45503, 43.97474],
          [-121.43442, 43.99686],
          [-121.43148, 44.00002],
          [-121.41086, 44.02214],
          [-121.40792, 44.0253],
          [-121.38729, 44.04742],
          [-121.38434, 44.05058],
          [-121.36118, 44.06345],
          [-121.33433, 44.07684],
          [-121.33138, 44.07999],
          [-121.31072, 44.10209],
          [-121.28134, 44.10624],
          [-121.25194, 44.11038],
          [-121.22291, 44.11583],
          [-121.19352, 44.11996],
          [-121.1902, 44.1218],
          [-121.16699, 44.13464],
          [-121.1401, 44.148],
          [-121.11069, 44.15211],
          [-121.08128, 44.15623],
          [-121.07832, 44.15938],
          [-121.05759, 44.18143],
          [-121.02816, 44.18554],
          [-120.99874, 44.18964],
          [-120.99577, 44.19279],
          [-120.97502, 44.21483],
          [-120.94558, 44.21892],
          [-120.94261, 44.22207],
          [-120.92184, 44.2441],
          [-120.89239, 44.24818],
          [-120.88942, 44.25133],
          [-120.86863, 44.27335],
          [-120.83917, 44.27742],
          [-120.8362, 44.28057],
          [-120.81539, 44.30258],
          [-120.81242, 44.30573],
          [-120.7916, 44.32773],
          [-120.76212, 44.33179],
          [-120.73264, 44.33585],
          [-120.72966, 44.33899],
          [-120.70881, 44.36098],
          [-120.67932, 44.36503],
          [-120.67634, 44.36817],
          [-120.65547, 44.39015],
          [-120.65249, 44.39329],
          [-120.63162, 44.41526],
          [-120.62863, 44.4184],
          [-120.63428, 44.43948],
          [-120.61339, 44.46145],
          [-120.61041, 44.46459],
          [-120.5895, 44.48655],
          [-120.58652, 44.48968],
          [-120.58928, 44.5]
        ]
      }
    },
    {
      "type": "Feature",
      "id": "2026082100_f186_11000_001",
      "properties": {
        "product_id": "winter_storm_levels",
        "source_id": "nbm_snow_level",
        "parameter": "snow_level",
        "definition": "height of the wet-bulb 0.5 degree C surface",
        "level_ft_msl": 11000,
        "label": "11,000 ft MSL",
        "unit": "ft_msl",
        "cycle_time_utc": "2026-08-21T00:00:00Z",
        "valid_time_utc": "2026-08-28T18:00:00Z",
        "lead_hours": 186,
        "segment": 1,
        "length_m": 1947204.8
      },
      "geometry": {
        "type": "LineString",
        "coordinates": [
          [-130, 34.97863],
          [-129.99053, 34.98068],
          [-129.96399, 34.98641],
          [-129.93746, 34.99215],
          [-129.91092, 34.99787],
          [-129.88438, 35.0036],
          [-129.85783, 35.00932],
          [-129.83128, 35.01503],
          [-129.80473, 35.02074],
          [-129.77818, 35.02645],
          [-129.75163, 35.03215],
          [-129.72507, 35.03785],
          [-129.69851, 35.04354],
          [-129.67194, 35.04923],
          [-129.64538, 35.05491],
          [-129.61881, 35.06059],
          [-129.59224, 35.06627],
          [-129.56566, 35.07194],
          [-129.53908, 35.0776],
          [-129.53466, 35.08377],
          [-129.51942, 35.10502],
          [-129.49283, 35.11068],
          [-129.46624, 35.11633],
          [-129.43965, 35.12198],
          [-129.41369, 35.1095],
          [-129.40616, 35.10587],
          [-129.37956, 35.11151],
          [-129.35297, 35.11715],
          [-129.32637, 35.12278],
          [-129.29977, 35.12841],
          [-129.27316, 35.13403],
          [-129.24656, 35.13965],
          [-129.21995, 35.14526],
          [-129.2155, 35.15142],
          [-129.20019, 35.17263],
          [-129.17357, 35.17824],
          [-129.14695, 35.18384],
          [-129.12033, 35.18944],
          [-129.0937, 35.19503],
          [-129.06707, 35.20062],
          [-129.04043, 35.2062],
          [-129.0138, 35.21178],
          [-128.98716, 35.21736],
          [-128.96123, 35.20481],
          [-128.9537, 35.20116],
          [-128.92706, 35.20673],
          [-128.90042, 35.21229],
          [-128.87378, 35.21785],
          [-128.84713, 35.2234],
          [-128.82048, 35.22895],
          [-128.79383, 35.2345],
          [-128.76717, 35.24004],
          [-128.7627, 35.24618],
          [-128.74729, 35.26734],
          [-128.72062, 35.27287],
          [-128.69396, 35.2784],
          [-128.66729, 35.28392],
          [-128.64061, 35.28944],
          [-128.61394, 35.29496],
          [-128.58726, 35.30047],
          [-128.56058, 35.30597],
          [-128.53389, 35.31147],
          [-128.5072, 35.31697],
          [-128.48052, 35.32246],
          [-128.45382, 35.32795],
          [-128.42713, 35.33343],
          [-128.40043, 35.33891],
          [-128.37373, 35.34439],
          [-128.34703, 35.34986],
          [-128.32032, 35.35532],
          [-128.29362, 35.36079],
          [-128.28911, 35.36691],
          [-128.271, 35.37958],
          [-128.24688, 35.39348],
          [-128.22016, 35.39893],
          [-128.19343, 35.40437],
          [-128.16671, 35.40981],
          [-128.13998, 35.41525],
          [-128.11325, 35.42068],
          [-128.08651, 35.42611],
          [-128.05978, 35.43153],
          [-128.03304, 35.43695],
          [-128.0063, 35.44236],
          [-127.97955, 35.44777],
          [-127.9528, 35.45318],
          [-127.92606, 35.45858],
          [-127.8993, 35.46397],
          [-127.87255, 35.46936],
          [-127.84579, 35.47475],
          [-127.81903, 35.48013],
          [-127.79227, 35.48551],
          [-127.7655, 35.49089],
          [-127.73873, 35.49626],
          [-127.71196, 35.50162],
          [-127.68519, 35.50698],
          [-127.65842, 35.51234],
          [-127.63164, 35.51769],
          [-127.60486, 35.52304],
          [-127.57881, 35.53084],
          [-127.57352, 35.53449],
          [-127.5553, 35.54707],
          [-127.52851, 35.55241],
          [-127.50426, 35.56619],
          [-127.47746, 35.57151],
          [-127.45066, 35.57684],
          [-127.42385, 35.58215],
          [-127.41929, 35.58825],
          [-127.40105, 35.60082],
          [-127.37676, 35.61458],
          [-127.34995, 35.61988],
          [-127.32313, 35.62518],
          [-127.29631, 35.63048],
          [-127.26948, 35.63577],
          [-127.24339, 35.64351],
          [-127.23808, 35.64715],
          [-127.2198, 35.6597],
          [-127.19297, 35.66498],
          [-127.16613, 35.67025],
          [-127.13929, 35.67552],
          [-127.11245, 35.68079],
          [-127.0856, 35.68605],
          [-127.06126, 35.69975],
          [-127.03441, 35.70501],
          [-127.00755, 35.71026],
          [-126.98142, 35.71795],
          [-126.97611, 35.72159],
          [-126.95779, 35.7341],
          [-126.93092, 35.73933],
          [-126.90405, 35.74456],
          [-126.87968, 35.75824],
          [-126.8528, 35.76346],
          [-126.82592, 35.76868],
          [-126.79904, 35.77389],
          [-126.77216, 35.7791],
          [-126.74527, 35.78431],
          [-126.71839, 35.78951],
          [-126.69222, 35.79716],
          [-126.68688, 35.80078],
          [-126.66852, 35.81326],
          [-126.64162, 35.81845],
          [-126.61472, 35.82363],
          [-126.59029, 35.83726],
          [-126.56338, 35.84243],
          [-126.53647, 35.8476],
          [-126.50956, 35.85277],
          [-126.48264, 35.85793],
          [-126.45572, 35.86309],
          [-126.4288, 35.86824],
          [-126.42417, 35.87431],
          [-126.40577, 35.88675],
          [-126.3813, 35.90035],
          [-126.35436, 35.90549],
          [-126.34973, 35.91155],
          [-126.33131, 35.92399],
          [-126.30682, 35.93757],
          [-126.27988, 35.9427],
          [-126.25293, 35.94782],
          [-126.22598, 35.95294],
          [-126.19902, 35.95806],
          [-126.17207, 35.96317],
          [-126.14511, 35.96827],
          [-126.11815, 35.97337],
          [-126.09118, 35.97847],
          [-126.06421, 35.98356],
          [-126.03795, 35.9911],
          [-126.03259, 35.9947],
          [-126.01655, 36.01555],
          [-125.98958, 36.02063],
          [-125.96259, 36.0257],
          [-125.93561, 36.03077],
          [-125.90862, 36.03584],
          [-125.88163, 36.0409],
          [-125.85464, 36.04596],
          [-125.82765, 36.05101],
          [-125.80065, 36.05606],
          [-125.77365, 36.0611],
          [-125.76898, 36.06715],
          [-125.75047, 36.07951],
          [-125.72588, 36.093],
          [-125.69886, 36.09803],
          [-125.67185, 36.10306],
          [-125.64483, 36.10808],
          [-125.61781, 36.1131],
          [-125.59079, 36.11811],
          [-125.58611, 36.12415],
          [-125.56997, 36.14495],
          [-125.54294, 36.14995],
          [-125.5159, 36.15496],
          [-125.48887, 36.15995],
          [-125.46183, 36.16494],
          [-125.43479, 36.16993],
          [-125.40774, 36.17491],
          [-125.3807, 36.17989],
          [-125.35365, 36.18486],
          [-125.34895, 36.19089],
          [-125.33275, 36.21167],
          [-125.30569, 36.21663],
          [-125.27863, 36.22159],
          [-125.25157, 36.22655],
          [-125.2245, 36.2315],
          [-125.19743, 36.23645],
          [-125.19272, 36.24247],
          [-125.17649, 36.26322],
          [-125.14941, 36.26816],
          [-125.12233, 36.2731],
          [-125.09525, 36.27803],
          [-125.06816, 36.28295],
          [-125.04107, 36.28788],
          [-125.01398, 36.29279],
          [-124.98689, 36.29771],
          [-124.95979, 36.30261],
          [-124.93269, 36.30752],
          [-124.92796, 36.31353],
          [-124.91167, 36.33425],
          [-124.88456, 36.33915],
          [-124.85745, 36.34404],
          [-124.83034, 36.34893],
          [-124.80322, 36.35381],
          [-124.77611, 36.35869],
          [-124.74899, 36.36356],
          [-124.72186, 36.36843],
          [-124.71712, 36.37444],
          [-124.70078, 36.39513],
          [-124.67364, 36.39999],
          [-124.64651, 36.40485],
          [-124.61937, 36.4097],
          [-124.59223, 36.41455],
          [-124.56509, 36.41939],
          [-124.56034, 36.42539],
          [-124.54396, 36.44607],
          [-124.5168, 36.4509],
          [-124.48965, 36.45573],
          [-124.46249, 36.46056],
          [-124.43533, 36.46538],
          [-124.43057, 36.47138],
          [-124.41184, 36.48357],
          [-124.38699, 36.49685],
          [-124.35982, 36.50166],
          [-124.33264, 36.50646],
          [-124.32787, 36.51246],
          [-124.31143, 36.5331],
          [-124.28425, 36.5379],
          [-124.25706, 36.54269],
          [-124.22987, 36.54748],
          [-124.2251, 36.55347],
          [-124.20863, 36.5741],
          [-124.18143, 36.57888],
          [-124.15423, 36.58365],
          [-124.12703, 36.58842],
          [-124.12224, 36.59441],
          [-124.10575, 36.61503],
          [-124.07854, 36.61979],
          [-124.05132, 36.62454],
          [-124.04653, 36.63053],
          [-124.03003, 36.65114],
          [-124.0028, 36.65589],
          [-123.998, 36.66187],
          [-123.98148, 36.68247],
          [-123.95425, 36.68721],
          [-123.92701, 36.69195],
          [-123.92221, 36.69793],
          [-123.90566, 36.71852],
          [-123.87842, 36.72324],
          [-123.85117, 36.72797],
          [-123.82391, 36.73268],
          [-123.8191, 36.73866],
          [-123.80254, 36.75924],
          [-123.77527, 36.76395],
          [-123.77046, 36.76992],
          [-123.75388, 36.79049],
          [-123.72661, 36.79519],
          [-123.69933, 36.79989],
          [-123.67205, 36.80458],
          [-123.66723, 36.81055],
          [-123.65062, 36.83111],
          [-123.62334, 36.83579],
          [-123.59605, 36.84047],
          [-123.59122, 36.84644],
          [-123.57459, 36.86699],
          [-123.54729, 36.87166],
          [-123.51999, 36.87632],
          [-123.49269, 36.88099],
          [-123.48785, 36.88695],
          [-123.4712, 36.90748],
          [-123.44389, 36.91214],
          [-123.41657, 36.91678],
          [-123.41173, 36.92274],
          [-123.39506, 36.94327],
          [-123.36773, 36.94791],
          [-123.36289, 36.95387],
          [-123.3462, 36.97438],
          [-123.31886, 36.97902],
          [-123.29152, 36.98364],
          [-123.28667, 36.9896],
          [-123.26997, 37.01011],
          [-123.24262, 37.01472],
          [-123.23776, 37.02068],
          [-123.22104, 37.04118],
          [-123.19368, 37.04579],
          [-123.16632, 37.05039],
          [-123.16146, 37.05634],
          [-123.14472, 37.07683],
          [-123.11735, 37.08143],
          [-123.11249, 37.08738],
          [-123.09573, 37.10786],
          [-123.06835, 37.11245],
          [-123.06348, 37.11839],
          [-123.04672, 37.13887],
          [-123.01932, 37.14345],
          [-122.99193, 37.14802],
          [-122.98706, 37.15397],
          [-122.97027, 37.17443],
          [-122.94286, 37.179],
          [-122.93799, 37.18494],
          [-122.92118, 37.20539],
          [-122.89377, 37.20995],
          [-122.86636, 37.21451],
          [-122.86147, 37.22044],
          [-122.84465, 37.24089],
          [-122.81722, 37.24544],
          [-122.81234, 37.25137],
          [-122.7955, 37.27181],
          [-122.76806, 37.27635],
          [-122.76317, 37.28228],
          [-122.74632, 37.30271],
          [-122.74143, 37.30864],
          [-122.72457, 37.32907],
          [-122.69711, 37.3336],
          [-122.69222, 37.33953],
          [-122.67534, 37.35995],
          [-122.67044, 37.36587],
          [-122.65356, 37.38629],
          [-122.62609, 37.3908],
          [-122.59862, 37.39531],
          [-122.59371, 37.40124],
          [-122.57681, 37.42164],
          [-122.54933, 37.42614],
          [-122.54442, 37.43206],
          [-122.5275, 37.45246],
          [-122.50001, 37.45695],
          [-122.49509, 37.46287],
          [-122.47816, 37.48326],
          [-122.45066, 37.48775],
          [-122.44574, 37.49366],
          [-122.4288, 37.51405],
          [-122.40128, 37.51852],
          [-122.39636, 37.52444],
          [-122.3794, 37.54481],
          [-122.35188, 37.54928],
          [-122.32435, 37.55374],
          [-122.29683, 37.5582],
          [-122.2693, 37.56265],
          [-122.24177, 37.5671],
          [-122.23683, 37.57301],
          [-122.21984, 37.59336],
          [-122.19229, 37.5978],
          [-122.18736, 37.60371],
          [-122.17035, 37.62406],
          [-122.14279, 37.62849],
          [-122.11524, 37.63291],
          [-122.1103, 37.63882],
          [-122.09327, 37.65916],
          [-122.08832, 37.66506],
          [-122.07128, 37.68539],
          [-122.06633, 37.6913],
          [-122.04928, 37.71162],
          [-122.0217, 37.71603],
          [-122.01675, 37.72193],
          [-121.99969, 37.74226],
          [-121.9721, 37.74666],
          [-121.94451, 37.75105],
          [-121.91692, 37.75544],
          [-121.88932, 37.75983],
          [-121.86172, 37.76421],
          [-121.83412, 37.76859],
          [-121.82916, 37.77449],
          [-121.81205, 37.79478],
          [-121.78444, 37.79915],
          [-121.75683, 37.80352],
          [-121.72921, 37.80788],
          [-121.7016, 37.81224],
          [-121.69662, 37.81812],
          [-121.67948, 37.83841],
          [-121.65186, 37.84275],
          [-121.62423, 37.8471],
          [-121.5966, 37.85143],
          [-121.56896, 37.85577],
          [-121.56398, 37.86165],
          [-121.54681, 37.88192],
          [-121.51917, 37.88624],
          [-121.49152, 37.89056],
          [-121.46387, 37.89488],
          [-121.45888, 37.90076],
          [-121.44168, 37.92101],
          [-121.41403, 37.92532],
          [-121.38637, 37.92962],
          [-121.3587, 37.93392],
          [-121.3537, 37.93979],
          [-121.33648, 37.96003],
          [-121.30881, 37.96432],
          [-121.28114, 37.96861],
          [-121.27613, 37.97448],
          [-121.25889, 37.9947],
          [-121.2312, 37.99898],
          [-121.20352, 38.00325],
          [-121.17583, 38.00752],
          [-121.17082, 38.01339],
          [-121.15355, 38.0336],
          [-121.12585, 38.03786],
          [-121.12083, 38.04373],
          [-121.10355, 38.06393],
          [-121.07584, 38.06818],
          [-121.07082, 38.07405],
          [-121.05352, 38.09424],
          [-121.0258, 38.09848],
          [-121.02078, 38.10435],
          [-121.00347, 38.12453],
          [-120.97574, 38.12877],
          [-120.97071, 38.13463],
          [-120.95338, 38.15481],
          [-120.92564, 38.15903],
          [-120.92061, 38.16489],
          [-120.90327, 38.18506],
          [-120.87552, 38.18928],
          [-120.87048, 38.19514],
          [-120.85313, 38.2153],
          [-120.82537, 38.21951],
          [-120.79761, 38.22371],
          [-120.79257, 38.22956],
          [-120.77519, 38.24972],
          [-120.74742, 38.25391],
          [-120.74237, 38.25976],
          [-120.72498, 38.27991],
          [-120.6972, 38.2841],
          [-120.66942, 38.28828],
          [-120.66437, 38.29412],
          [-120.64696, 38.31426],
          [-120.6419, 38.32011],
          [-120.62448, 38.34024],
          [-120.59668, 38.34441],
          [-120.59162, 38.35025],
          [-120.57419, 38.37037],
          [-120.56913, 38.37621],
          [-120.55168, 38.39633],
          [-120.54662, 38.40217],
          [-120.52917, 38.42229],
          [-120.50134, 38.42644],
          [-120.49628, 38.43228],
          [-120.47881, 38.45239],
          [-120.47374, 38.45822],
          [-120.45626, 38.47833],
          [-120.45119, 38.48416],
          [-120.43371, 38.50426],
          [-120.42863, 38.51009],
          [-120.43392, 38.53188],
          [-120.43921, 38.55367],
          [-120.4445, 38.57546],
          [-120.427, 38.59555],
          [-120.42192, 38.60138],
          [-120.42721, 38.62316],
          [-120.4325, 38.64495],
          [-120.41499, 38.66503],
          [-120.4099, 38.67086],
          [-120.41519, 38.69263],
          [-120.42049, 38.71441],
          [-120.40296, 38.73448],
          [-120.39787, 38.74031],
          [-120.40316, 38.76208],
          [-120.39764, 38.78545],
          [-120.39092, 38.80391],
          [-120.38582, 38.80974],
          [-120.39112, 38.8315],
          [-120.38559, 38.85486],
          [-120.37886, 38.87332],
          [-120.37376, 38.87914],
          [-120.37906, 38.9009],
          [-120.37352, 38.92425],
          [-120.36678, 38.94271],
          [-120.36168, 38.94853],
          [-120.36698, 38.97028],
          [-120.36143, 38.99362],
          [-120.35469, 39.01207],
          [-120.35274, 39.01742],
          [-120.35488, 39.03963],
          [-120.36018, 39.06137],
          [-120.35463, 39.08471],
          [-120.34789, 39.10315],
          [-120.34277, 39.10896],
          [-120.34807, 39.1307],
          [-120.35338, 39.15243],
          [-120.34782, 39.17575],
          [-120.34106, 39.19418],
          [-120.33595, 39.2],
          [-120.34125, 39.22172],
          [-120.34656, 39.24345],
          [-120.35186, 39.26517],
          [-120.33423, 39.28518],
          [-120.32911, 39.29099],
          [-120.33442, 39.31271],
          [-120.33973, 39.33442],
          [-120.34504, 39.35613],
          [-120.35035, 39.37784],
          [-120.35566, 39.39955],
          [-120.33801, 39.41955],
          [-120.33288, 39.42536],
          [-120.3382, 39.44706],
          [-120.32053, 39.46706],
          [-120.3154, 39.47287],
          [-120.32071, 39.49456],
          [-120.32603, 39.51626],
          [-120.30835, 39.53625],
          [-120.30322, 39.54205],
          [-120.28553, 39.56203],
          [-120.28039, 39.56784],
          [-120.2857, 39.58952],
          [-120.268, 39.6095],
          [-120.26286, 39.6153],
          [-120.24516, 39.63528],
          [-120.217, 39.63936],
          [-120.21186, 39.64516],
          [-120.19413, 39.66512],
          [-120.18899, 39.67092],
          [-120.17126, 39.69088],
          [-120.14308, 39.69495],
          [-120.13793, 39.70074],
          [-120.12018, 39.72069],
          [-120.11503, 39.72648],
          [-120.09728, 39.74643],
          [-120.06908, 39.75049],
          [-120.04089, 39.75454],
          [-120.03573, 39.76033],
          [-120.01795, 39.78026],
          [-119.98975, 39.78431],
          [-119.96154, 39.78835],
          [-119.93333, 39.79238],
          [-119.90512, 39.79641],
          [-119.8769, 39.80044],
          [-119.84868, 39.80446],
          [-119.82046, 39.80847],
          [-119.79224, 39.81249],
          [-119.76402, 39.81649],
          [-119.75884, 39.82227],
          [-119.741, 39.84217],
          [-119.71277, 39.84617],
          [-119.68453, 39.85016],
          [-119.6563, 39.85415],
          [-119.62806, 39.85814],
          [-119.62287, 39.86391],
          [-119.605, 39.8838],
          [-119.57675, 39.88777],
          [-119.57155, 39.89354],
          [-119.55367, 39.91342],
          [-119.54847, 39.91919],
          [-119.53058, 39.93906],
          [-119.50231, 39.94302],
          [-119.49711, 39.94879],
          [-119.4792, 39.96865],
          [-119.45092, 39.97261],
          [-119.44572, 39.97837],
          [-119.42779, 39.99823],
          [-119.42259, 40.00399],
          [-119.40465, 40.02384],
          [-119.37636, 40.02778],
          [-119.37115, 40.03354],
          [-119.3532, 40.05338],
          [-119.34799, 40.05914],
          [-119.33003, 40.07898],
          [-119.30172, 40.08291],
          [-119.2965, 40.08867],
          [-119.27853, 40.10849],
          [-119.27331, 40.11425],
          [-119.25532, 40.13407],
          [-119.2501, 40.13983],
          [-119.23211, 40.15965],
          [-119.22689, 40.1654],
          [-119.20889, 40.18521],
          [-119.20366, 40.19097],
          [-119.18565, 40.21078],
          [-119.18042, 40.21653],
          [-119.1624, 40.23633],
          [-119.15717, 40.24208],
          [-119.13915, 40.26188],
          [-119.13391, 40.26763],
          [-119.11588, 40.28742],
          [-119.11064, 40.29317],
          [-119.09259, 40.31295],
          [-119.08735, 40.3187],
          [-119.0693, 40.33848],
          [-119.06406, 40.34423],
          [-119.046, 40.36401],
          [-119.01759, 40.36788],
          [-119.01235, 40.37362],
          [-118.99427, 40.39339],
          [-118.98902, 40.39913],
          [-118.97093, 40.4189],
          [-118.96568, 40.42464],
          [-118.94759, 40.4444],
          [-118.94233, 40.45014],
          [-118.92423, 40.46989],
          [-118.91897, 40.47563],
          [-118.90086, 40.49538],
          [-118.8956, 40.50111],
          [-118.87748, 40.52086],
          [-118.84902, 40.5247],
          [-118.84376, 40.53044],
          [-118.82562, 40.55017],
          [-118.82036, 40.5559],
          [-118.80221, 40.57564],
          [-118.79694, 40.58136],
          [-118.77879, 40.60109],
          [-118.77351, 40.60682],
          [-118.75535, 40.62654],
          [-118.75007, 40.63227],
          [-118.7319, 40.65198],
          [-118.72662, 40.65771],
          [-118.70844, 40.67742],
          [-118.67994, 40.68124],
          [-118.67466, 40.68696],
          [-118.65646, 40.70666],
          [-118.65118, 40.71238],
          [-118.63297, 40.73208],
          [-118.62769, 40.7378],
          [-118.60947, 40.7575],
          [-118.60418, 40.76321],
          [-118.58596, 40.7829],
          [-118.58066, 40.78862],
          [-118.56243, 40.8083],
          [-118.55714, 40.81402],
          [-118.53889, 40.83369],
          [-118.5336, 40.83941],
          [-118.51535, 40.85908],
          [-118.48679, 40.86286],
          [-118.48149, 40.86857],
          [-118.46322, 40.88824],
          [-118.43465, 40.89201],
          [-118.42934, 40.89772],
          [-118.41106, 40.91738],
          [-118.40575, 40.92308],
          [-118.38746, 40.94274],
          [-118.35888, 40.9465],
          [-118.35356, 40.9522],
          [-118.33526, 40.97184],
          [-118.32994, 40.97755],
          [-118.31163, 40.99719],
          [-118.30631, 41.00289],
          [-118.28798, 41.02252],
          [-118.28266, 41.02822],
          [-118.26433, 41.04785],
          [-118.23571, 41.05159],
          [-118.23038, 41.05728],
          [-118.21203, 41.0769],
          [-118.20671, 41.0826],
          [-118.21166, 41.10418],
          [-118.1933, 41.12379],
          [-118.18796, 41.12949],
          [-118.16959, 41.14909],
          [-118.16426, 41.15479],
          [-118.14588, 41.17439],
          [-118.14054, 41.18008],
          [-118.12216, 41.19968],
          [-118.11682, 41.20537],
          [-118.09842, 41.22496],
          [-118.09308, 41.23065],
          [-118.07467, 41.25023],
          [-118.06933, 41.25592],
          [-118.07426, 41.27748],
          [-118.05584, 41.29706],
          [-118.05049, 41.30275],
          [-118.03206, 41.32232],
          [-118.02671, 41.32801],
          [-118.03164, 41.34956],
          [-118.0132, 41.36913],
          [-118.00784, 41.37481],
          [-118.01277, 41.39636],
          [-117.99431, 41.41592],
          [-117.98896, 41.4216],
          [-117.99388, 41.44315],
          [-117.9988, 41.46469],
          [-117.98033, 41.48424],
          [-117.97497, 41.48992],
          [-117.97989, 41.51146],
          [-117.98482, 41.53299],
          [-117.96633, 41.55254],
          [-117.96097, 41.55821],
          [-117.96589, 41.57974],
          [-117.97081, 41.60127],
          [-117.97574, 41.62279],
          [-117.98067, 41.64432],
          [-117.98826, 41.64833],
          [-118.0144, 41.66215],
          [-118.01934, 41.68367],
          [-118.02693, 41.68768],
          [-118.05309, 41.70149],
          [-118.06069, 41.7055],
          [-118.08686, 41.7193],
          [-118.09446, 41.72331],
          [-118.12063, 41.73711],
          [-118.12823, 41.74111],
          [-118.15442, 41.75491],
          [-118.16203, 41.75891],
          [-118.18822, 41.7727],
          [-118.1932, 41.79419],
          [-118.20081, 41.7982],
          [-118.22702, 41.81197],
          [-118.23464, 41.81597],
          [-118.26086, 41.82974],
          [-118.26586, 41.85123],
          [-118.27347, 41.85523],
          [-118.29971, 41.86899],
          [-118.30472, 41.89048],
          [-118.30973, 41.91196],
          [-118.31474, 41.93343],
          [-118.31976, 41.95491],
          [-118.32477, 41.97638],
          [-118.32979, 41.99785],
          [-118.33482, 42.01932],
          [-118.31631, 42.03884],
          [-118.31094, 42.04451],
          [-118.31596, 42.06597],
          [-118.29744, 42.08549],
          [-118.29207, 42.09115],
          [-118.29709, 42.11261],
          [-118.30211, 42.13406],
          [-118.30713, 42.15551],
          [-118.31215, 42.17696],
          [-118.29362, 42.19646],
          [-118.28823, 42.20213],
          [-118.29326, 42.22357],
          [-118.29828, 42.24501],
          [-118.27973, 42.2645],
          [-118.27434, 42.27016],
          [-118.25578, 42.28965],
          [-118.25039, 42.29531],
          [-118.23182, 42.3148],
          [-118.22643, 42.32045],
          [-118.20785, 42.33993],
          [-118.20245, 42.34559],
          [-118.18387, 42.36506],
          [-118.17847, 42.37071],
          [-118.15987, 42.39018],
          [-118.13086, 42.39388],
          [-118.12546, 42.39953],
          [-118.10685, 42.41899],
          [-118.07783, 42.42267],
          [-118.07242, 42.42832],
          [-118.05379, 42.44777],
          [-118.02476, 42.45145],
          [-118.01935, 42.45709],
          [-118.00071, 42.47654],
          [-117.99529, 42.48218],
          [-117.97664, 42.50162],
          [-117.97122, 42.50726],
          [-117.97619, 42.52867],
          [-117.98116, 42.55008],
          [-117.96249, 42.56951],
          [-117.95707, 42.57515],
          [-117.96473, 42.57914],
          [-117.99112, 42.59289],
          [-117.99609, 42.61429],
          [-118.00108, 42.63569],
          [-118.00606, 42.65708],
          [-118.01373, 42.66107],
          [-118.04014, 42.6748],
          [-118.04513, 42.69619],
          [-118.05013, 42.71758],
          [-118.05513, 42.73896],
          [-118.06013, 42.76034],
          [-118.06513, 42.78172],
          [-118.07013, 42.80309],
          [-118.07781, 42.80707],
          [-118.10427, 42.82079],
          [-118.10929, 42.84215],
          [-118.11697, 42.84613],
          [-118.14345, 42.85984],
          [-118.14847, 42.8812],
          [-118.15616, 42.88518],
          [-118.18266, 42.89887],
          [-118.19035, 42.90285],
          [-118.2195, 42.89916],
          [-118.22493, 42.89352],
          [-118.24361, 42.8741],
          [-118.24903, 42.86846],
          [-118.24398, 42.8471],
          [-118.26265, 42.82768],
          [-118.26807, 42.82204],
          [-118.26302, 42.80067],
          [-118.28167, 42.78124],
          [-118.28709, 42.7756],
          [-118.28204, 42.75423],
          [-118.30068, 42.73479],
          [-118.30609, 42.72915],
          [-118.32472, 42.7097],
          [-118.33013, 42.70406],
          [-118.34876, 42.68461],
          [-118.35416, 42.67896],
          [-118.37278, 42.6595],
          [-118.37818, 42.65386],
          [-118.39678, 42.63439],
          [-118.42585, 42.63066],
          [-118.43125, 42.62501],
          [-118.44984, 42.60554],
          [-118.45523, 42.59989],
          [-118.47381, 42.58042],
          [-118.50286, 42.57667],
          [-118.53191, 42.57293],
          [-118.56095, 42.56917],
          [-118.58741, 42.58284],
          [-118.5951, 42.5868],
          [-118.62157, 42.60046],
          [-118.62926, 42.60442],
          [-118.65574, 42.61808],
          [-118.66086, 42.63945],
          [-118.66599, 42.66083],
          [-118.67112, 42.6822],
          [-118.67624, 42.70357],
          [-118.68138, 42.72494],
          [-118.68651, 42.7463],
          [-118.69165, 42.76767],
          [-118.69678, 42.78902],
          [-118.67821, 42.8085],
          [-118.67281, 42.81415],
          [-118.67795, 42.8355],
          [-118.65936, 42.85497],
          [-118.65397, 42.86062],
          [-118.63537, 42.88008],
          [-118.62997, 42.88572],
          [-118.6351, 42.90707],
          [-118.61649, 42.92652],
          [-118.61109, 42.93217],
          [-118.59247, 42.95161],
          [-118.58706, 42.95726],
          [-118.56843, 42.9767],
          [-118.56302, 42.98234],
          [-118.56815, 43.00368],
          [-118.54951, 43.02311],
          [-118.54409, 43.02875],
          [-118.52544, 43.04818],
          [-118.52003, 43.05382],
          [-118.50137, 43.07324],
          [-118.47217, 43.07698],
          [-118.46675, 43.08261],
          [-118.44808, 43.10203],
          [-118.44266, 43.10766],
          [-118.42397, 43.12707],
          [-118.41854, 43.1327],
          [-118.39985, 43.15211],
          [-118.39442, 43.15774],
          [-118.37572, 43.17714],
          [-118.37029, 43.18277],
          [-118.35157, 43.20216],
          [-118.32234, 43.20587],
          [-118.3169, 43.21149],
          [-118.29817, 43.23088],
          [-118.26892, 43.23457],
          [-118.26348, 43.2402],
          [-118.24474, 43.25957],
          [-118.23929, 43.2652],
          [-118.24436, 43.2865],
          [-118.24943, 43.3078],
          [-118.2545, 43.3291],
          [-118.25957, 43.3504],
          [-118.26465, 43.37169],
          [-118.24588, 43.39105],
          [-118.24043, 43.39667],
          [-118.2455, 43.41796],
          [-118.25058, 43.43924],
          [-118.23179, 43.45859],
          [-118.22634, 43.46421],
          [-118.20754, 43.48355],
          [-118.20208, 43.48916],
          [-118.20982, 43.49312],
          [-118.23649, 43.50676],
          [-118.24423, 43.51072],
          [-118.2709, 43.52435],
          [-118.27599, 43.54562],
          [-118.25719, 43.56495],
          [-118.22784, 43.56864],
          [-118.22238, 43.57425],
          [-118.22745, 43.59551],
          [-118.23254, 43.61677],
          [-118.21371, 43.6361],
          [-118.20825, 43.64171],
          [-118.21333, 43.66296],
          [-118.19449, 43.68228],
          [-118.18902, 43.68789],
          [-118.17018, 43.7072],
          [-118.1647, 43.7128],
          [-118.16978, 43.73405],
          [-118.15092, 43.75335],
          [-118.14544, 43.75896],
          [-118.15051, 43.7802],
          [-118.13164, 43.79949],
          [-118.12616, 43.8051],
          [-118.13123, 43.82633],
          [-118.13631, 43.84756],
          [-118.14138, 43.86879],
          [-118.12249, 43.88807],
          [-118.11701, 43.89367],
          [-118.12208, 43.91489],
          [-118.10318, 43.93417],
          [-118.09769, 43.93977],
          [-118.10276, 43.96098],
          [-118.10783, 43.9822],
          [-118.1129, 44.00341],
          [-118.11798, 44.02461],
          [-118.09906, 44.04388],
          [-118.09356, 44.04947],
          [-118.09864, 44.07067],
          [-118.10372, 44.09187],
          [-118.08478, 44.11112],
          [-118.07928, 44.11671],
          [-118.06033, 44.13595],
          [-118.05482, 44.14154],
          [-118.03586, 44.16078],
          [-118.03036, 44.16637],
          [-118.01139, 44.1856],
          [-117.98184, 44.18923],
          [-117.97633, 44.19481],
          [-117.95735, 44.21404],
          [-117.95183, 44.21962],
          [-117.93284, 44.23884],
          [-117.92732, 44.24442],
          [-117.90832, 44.26363],
          [-117.9028, 44.26921],
          [-117.88379, 44.28842],
          [-117.87826, 44.294],
          [-117.85924, 44.3132],
          [-117.85372, 44.31877],
          [-117.83468, 44.33797],
          [-117.80508, 44.34157],
          [-117.79955, 44.34714],
          [-117.7805, 44.36633],
          [-117.77497, 44.3719],
          [-117.75591, 44.39108],
          [-117.75038, 44.39665],
          [-117.73131, 44.41583],
          [-117.72577, 44.42139],
          [-117.70669, 44.44057],
          [-117.67706, 44.44414],
          [-117.67151, 44.4497],
          [-117.65242, 44.46887],
          [-117.64687, 44.47443],
          [-117.62777, 44.49359],
          [-117.62222, 44.49915],
          [-117.62137, 44.5]
        ]
      }
    },
    {
      "type": "Feature",
      "id": "2026082100_f186_12000_001",
      "properties": {
        "product_id": "winter_storm_levels",
        "source_id": "nbm_snow_level",
        "parameter": "snow_level",
        "definition": "height of the wet-bulb 0.5 degree C surface",
        "level_ft_msl": 12000,
        "label": "12,000 ft MSL",
        "unit": "ft_msl",
        "cycle_time_utc": "2026-08-21T00:00:00Z",
        "valid_time_utc": "2026-08-28T18:00:00Z",
        "lead_hours": 186,
        "segment": 1,
        "length_m": 2262675
      },
      "geometry": {
        "type": "LineString",
        "coordinates": [
          [-130, 33.27435],
          [-129.98277, 33.27816],
          [-129.95663, 33.28392],
          [-129.93049, 33.28968],
          [-129.90435, 33.29543],
          [-129.87821, 33.30118],
          [-129.85207, 33.30693],
          [-129.82592, 33.31267],
          [-129.79977, 33.31841],
          [-129.77362, 33.32415],
          [-129.75133, 33.31326],
          [-129.74061, 33.30802],
          [-129.71445, 33.31374],
          [-129.6883, 33.31946],
          [-129.68202, 33.32843],
          [-129.66898, 33.34704],
          [-129.64281, 33.35275],
          [-129.62054, 33.34185],
          [-129.60981, 33.3366],
          [-129.58365, 33.3423],
          [-129.55748, 33.348],
          [-129.5313, 33.35369],
          [-129.50513, 33.35938],
          [-129.47895, 33.36507],
          [-129.45277, 33.37075],
          [-129.42659, 33.37643],
          [-129.4004, 33.3821],
          [-129.37422, 33.38777],
          [-129.34803, 33.39343],
          [-129.32183, 33.39909],
          [-129.29564, 33.40475],
          [-129.27339, 33.3938],
          [-129.26267, 33.38853],
          [-129.23648, 33.39418],
          [-129.21028, 33.39982],
          [-129.18408, 33.40545],
          [-129.15787, 33.41109],
          [-129.13167, 33.41672],
          [-129.10546, 33.42234],
          [-129.07925, 33.42796],
          [-129.05701, 33.41698],
          [-129.04631, 33.4117],
          [-129.02009, 33.41731],
          [-128.99388, 33.42292],
          [-128.96766, 33.42852],
          [-128.94144, 33.43412],
          [-128.91522, 33.43971],
          [-128.88899, 33.4453],
          [-128.86276, 33.45088],
          [-128.83653, 33.45646],
          [-128.8103, 33.46204],
          [-128.78809, 33.45103],
          [-128.77739, 33.44573],
          [-128.75116, 33.45129],
          [-128.72492, 33.45685],
          [-128.69868, 33.46241],
          [-128.67244, 33.46797],
          [-128.6462, 33.47352],
          [-128.61995, 33.47906],
          [-128.5937, 33.4846],
          [-128.56745, 33.49014],
          [-128.5412, 33.49567],
          [-128.519, 33.48462],
          [-128.50831, 33.4793],
          [-128.48206, 33.48483],
          [-128.4558, 33.49035],
          [-128.42954, 33.49586],
          [-128.40328, 33.50137],
          [-128.3811, 33.4903],
          [-128.37042, 33.48497],
          [-128.34416, 33.49047],
          [-128.31789, 33.49597],
          [-128.29162, 33.50146],
          [-128.26535, 33.50695],
          [-128.23908, 33.51243],
          [-128.2128, 33.51791],
          [-128.18653, 33.52339],
          [-128.16025, 33.52886],
          [-128.13808, 33.51776],
          [-128.12741, 33.51241],
          [-128.10113, 33.51787],
          [-128.07485, 33.52333],
          [-128.04856, 33.52878],
          [-128.02227, 33.53423],
          [-127.99598, 33.53967],
          [-127.96969, 33.54511],
          [-127.94339, 33.55055],
          [-127.91709, 33.55598],
          [-127.8886, 33.55401],
          [-127.86865, 33.55027],
          [-127.85799, 33.54491],
          [-127.83169, 33.55033],
          [-127.80538, 33.55574],
          [-127.77908, 33.56115],
          [-127.75277, 33.56655],
          [-127.72646, 33.57195],
          [-127.70014, 33.57734],
          [-127.67383, 33.58274],
          [-127.64751, 33.58812],
          [-127.61901, 33.5861],
          [-127.59906, 33.58233],
          [-127.58946, 33.58052],
          [-127.56314, 33.58589],
          [-127.53576, 33.5877],
          [-127.50944, 33.59306],
          [-127.48311, 33.59842],
          [-127.45678, 33.60377],
          [-127.43044, 33.60913],
          [-127.40411, 33.61447],
          [-127.37777, 33.61982],
          [-127.35143, 33.62515],
          [-127.32508, 33.63049],
          [-127.29874, 33.63582],
          [-127.27239, 33.64114],
          [-127.24604, 33.64646],
          [-127.21968, 33.65178],
          [-127.19332, 33.65709],
          [-127.16697, 33.6624],
          [-127.1406, 33.6677],
          [-127.11424, 33.673],
          [-127.08787, 33.6783],
          [-127.06151, 33.68359],
          [-127.03513, 33.68887],
          [-127.00876, 33.69415],
          [-126.98238, 33.69943],
          [-126.95601, 33.7047],
          [-126.92963, 33.70997],
          [-126.90324, 33.71524],
          [-126.87686, 33.7205],
          [-126.85047, 33.72575],
          [-126.82408, 33.731],
          [-126.79768, 33.73625],
          [-126.77129, 33.74149],
          [-126.74922, 33.73021],
          [-126.73962, 33.72835],
          [-126.71322, 33.73358],
          [-126.68682, 33.73881],
          [-126.66042, 33.74403],
          [-126.63299, 33.74569],
          [-126.60659, 33.7509],
          [-126.58018, 33.75611],
          [-126.55377, 33.76132],
          [-126.52736, 33.76652],
          [-126.50094, 33.77172],
          [-126.47452, 33.77691],
          [-126.4481, 33.7821],
          [-126.42168, 33.78729],
          [-126.39526, 33.79247],
          [-126.36883, 33.79765],
          [-126.3424, 33.80282],
          [-126.31596, 33.80799],
          [-126.28953, 33.81315],
          [-126.26309, 33.81831],
          [-126.23665, 33.82346],
          [-126.21021, 33.82861],
          [-126.18377, 33.83376],
          [-126.15732, 33.8389],
          [-126.13087, 33.84404],
          [-126.10442, 33.84917],
          [-126.07796, 33.8543],
          [-126.05151, 33.85943],
          [-126.02505, 33.86454],
          [-125.99859, 33.86966],
          [-125.97212, 33.87477],
          [-125.94566, 33.87988],
          [-125.91919, 33.88498],
          [-125.89272, 33.89008],
          [-125.86624, 33.89517],
          [-125.83977, 33.90026],
          [-125.81329, 33.90535],
          [-125.78681, 33.91043],
          [-125.76033, 33.9155],
          [-125.73384, 33.92058],
          [-125.72722, 33.92937],
          [-125.71346, 33.94762],
          [-125.68696, 33.95269],
          [-125.66047, 33.95774],
          [-125.63397, 33.9628],
          [-125.60746, 33.96785],
          [-125.58096, 33.9729],
          [-125.55445, 33.97794],
          [-125.52794, 33.98298],
          [-125.50143, 33.98801],
          [-125.47492, 33.99304],
          [-125.4484, 33.99806],
          [-125.42188, 34.00308],
          [-125.39536, 34.0081],
          [-125.36884, 34.01311],
          [-125.36218, 34.02188],
          [-125.34835, 34.0401],
          [-125.32182, 34.04511],
          [-125.29528, 34.05011],
          [-125.28862, 34.05887],
          [-125.27477, 34.07709],
          [-125.24822, 34.08208],
          [-125.22168, 34.08706],
          [-125.19513, 34.09205],
          [-125.18845, 34.10081],
          [-125.17458, 34.11901],
          [-125.14802, 34.12399],
          [-125.12146, 34.12895],
          [-125.11478, 34.13772],
          [-125.10089, 34.15591],
          [-125.07432, 34.16087],
          [-125.04775, 34.16583],
          [-125.02117, 34.17078],
          [-124.99459, 34.17573],
          [-124.96801, 34.18067],
          [-124.94143, 34.18561],
          [-124.93473, 34.19436],
          [-124.92081, 34.21254],
          [-124.89422, 34.21747],
          [-124.86762, 34.2224],
          [-124.84102, 34.22732],
          [-124.81442, 34.23224],
          [-124.78782, 34.23715],
          [-124.76122, 34.24206],
          [-124.73461, 34.24697],
          [-124.72789, 34.25571],
          [-124.71393, 34.27386],
          [-124.68731, 34.27876],
          [-124.66069, 34.28365],
          [-124.63407, 34.28854],
          [-124.62734, 34.29727],
          [-124.61336, 34.31542],
          [-124.58673, 34.3203],
          [-124.57999, 34.32903],
          [-124.56599, 34.34717],
          [-124.53935, 34.35204],
          [-124.51271, 34.35691],
          [-124.50597, 34.36564],
          [-124.49196, 34.38377],
          [-124.48521, 34.39249],
          [-124.47119, 34.41062],
          [-124.44453, 34.41548],
          [-124.43778, 34.4242],
          [-124.42375, 34.44232],
          [-124.39708, 34.44717],
          [-124.37041, 34.45201],
          [-124.34373, 34.45685],
          [-124.31706, 34.46168],
          [-124.29038, 34.46651],
          [-124.2637, 34.47134],
          [-124.23701, 34.47616],
          [-124.21033, 34.48098],
          [-124.18364, 34.48579],
          [-124.15695, 34.4906],
          [-124.15017, 34.49931],
          [-124.13608, 34.5174],
          [-124.10938, 34.5222],
          [-124.08268, 34.52699],
          [-124.05598, 34.53178],
          [-124.04919, 34.54049],
          [-124.03508, 34.55857],
          [-124.00837, 34.56335],
          [-123.98165, 34.56813],
          [-123.95493, 34.57291],
          [-123.92821, 34.57768],
          [-123.90149, 34.58244],
          [-123.87476, 34.5872],
          [-123.84804, 34.59196],
          [-123.82131, 34.59671],
          [-123.79457, 34.60146],
          [-123.78776, 34.61015],
          [-123.7736, 34.6282],
          [-123.74686, 34.63294],
          [-123.72011, 34.63768],
          [-123.71329, 34.64637],
          [-123.69912, 34.66441],
          [-123.67236, 34.66914],
          [-123.64561, 34.67386],
          [-123.61885, 34.67858],
          [-123.59209, 34.68329],
          [-123.56533, 34.688],
          [-123.53856, 34.69271],
          [-123.51179, 34.69741],
          [-123.48502, 34.7021],
          [-123.45825, 34.70679],
          [-123.43148, 34.71148],
          [-123.4047, 34.71616],
          [-123.39785, 34.72484],
          [-123.38361, 34.74285],
          [-123.35683, 34.74752],
          [-123.33004, 34.75219],
          [-123.30325, 34.75686],
          [-123.27646, 34.76152],
          [-123.24966, 34.76618],
          [-123.22287, 34.77083],
          [-123.19607, 34.77548],
          [-123.1892, 34.78414],
          [-123.17492, 34.80213],
          [-123.14811, 34.80677],
          [-123.1213, 34.81141],
          [-123.09449, 34.81604],
          [-123.06767, 34.82066],
          [-123.04085, 34.82529],
          [-123.01403, 34.8299],
          [-122.98721, 34.83452],
          [-122.98032, 34.84317],
          [-122.966, 34.86114],
          [-122.93917, 34.86575],
          [-122.91233, 34.87035],
          [-122.8855, 34.87494],
          [-122.8786, 34.88359],
          [-122.86426, 34.90155],
          [-122.83741, 34.90614],
          [-122.81056, 34.91072],
          [-122.80365, 34.91937],
          [-122.78929, 34.93732],
          [-122.76244, 34.94189],
          [-122.73558, 34.94646],
          [-122.70872, 34.95103],
          [-122.70179, 34.95967],
          [-122.68742, 34.97761],
          [-122.66054, 34.98216],
          [-122.63367, 34.98672],
          [-122.62674, 34.99535],
          [-122.61235, 35.01328],
          [-122.58546, 35.01783],
          [-122.55858, 35.02237],
          [-122.53169, 35.02691],
          [-122.52475, 35.03554],
          [-122.51033, 35.05346],
          [-122.48344, 35.05798],
          [-122.45654, 35.06251],
          [-122.42964, 35.06703],
          [-122.42269, 35.07565],
          [-122.40825, 35.09356],
          [-122.38134, 35.09807],
          [-122.37438, 35.10669],
          [-122.35993, 35.12459],
          [-122.33301, 35.1291],
          [-122.32605, 35.13771],
          [-122.31159, 35.15561],
          [-122.28466, 35.16011],
          [-122.25773, 35.1646],
          [-122.25076, 35.17321],
          [-122.23628, 35.1911],
          [-122.20934, 35.19558],
          [-122.18239, 35.20006],
          [-122.17541, 35.20867],
          [-122.16092, 35.22655],
          [-122.13397, 35.23101],
          [-122.10701, 35.23548],
          [-122.10002, 35.24408],
          [-122.08551, 35.26196],
          [-122.05855, 35.26641],
          [-122.05156, 35.27501],
          [-122.03703, 35.29288],
          [-122.01006, 35.29733],
          [-122.00306, 35.30593],
          [-121.98852, 35.32379],
          [-121.96154, 35.32822],
          [-121.93455, 35.33266],
          [-121.92755, 35.34126],
          [-121.91299, 35.35911],
          [-121.886, 35.36353],
          [-121.859, 35.36795],
          [-121.85199, 35.37655],
          [-121.83742, 35.39439],
          [-121.81041, 35.3988],
          [-121.80339, 35.40739],
          [-121.78881, 35.42522],
          [-121.76179, 35.42963],
          [-121.73478, 35.43403],
          [-121.72775, 35.44261],
          [-121.71315, 35.46044],
          [-121.68612, 35.46483],
          [-121.65909, 35.46922],
          [-121.65205, 35.4778],
          [-121.63744, 35.49562],
          [-121.6104, 35.5],
          [-121.60336, 35.50858],
          [-121.58873, 35.52639],
          [-121.56168, 35.53076],
          [-121.53463, 35.53513],
          [-121.50758, 35.53949],
          [-121.50052, 35.54806],
          [-121.48588, 35.56586],
          [-121.45881, 35.57021],
          [-121.43175, 35.57456],
          [-121.42469, 35.58313],
          [-121.41002, 35.60092],
          [-121.38295, 35.60526],
          [-121.35587, 35.6096],
          [-121.3488, 35.61816],
          [-121.33412, 35.63595],
          [-121.30703, 35.64027],
          [-121.27994, 35.6446],
          [-121.27287, 35.65316],
          [-121.25817, 35.67093],
          [-121.23107, 35.67525],
          [-121.20397, 35.67956],
          [-121.17687, 35.68386],
          [-121.14976, 35.68817],
          [-121.12266, 35.69246],
          [-121.09555, 35.69676],
          [-121.08846, 35.70531],
          [-121.07372, 35.72306],
          [-121.0466, 35.72735],
          [-121.01948, 35.73163],
          [-120.99236, 35.7359],
          [-120.96524, 35.74017],
          [-120.95813, 35.74871],
          [-120.94336, 35.76646],
          [-120.91623, 35.77072],
          [-120.8891, 35.77498],
          [-120.86196, 35.77923],
          [-120.85484, 35.78777],
          [-120.84006, 35.8055],
          [-120.81291, 35.80974],
          [-120.78576, 35.81398],
          [-120.77863, 35.82252],
          [-120.76383, 35.84024],
          [-120.73667, 35.84447],
          [-120.70951, 35.8487],
          [-120.70238, 35.85722],
          [-120.68756, 35.87494],
          [-120.66039, 35.87916],
          [-120.65325, 35.88768],
          [-120.63842, 35.90539],
          [-120.61124, 35.9096],
          [-120.58406, 35.9138],
          [-120.57691, 35.92232],
          [-120.56206, 35.94002],
          [-120.53487, 35.94422],
          [-120.50768, 35.94841],
          [-120.50052, 35.95693],
          [-120.48565, 35.97462],
          [-120.45845, 35.9788],
          [-120.43125, 35.98298],
          [-120.40404, 35.98716],
          [-120.39687, 35.99567],
          [-120.38199, 36.01335],
          [-120.35477, 36.01751],
          [-120.3476, 36.02602],
          [-120.3327, 36.04369],
          [-120.30547, 36.04785],
          [-120.29829, 36.05636],
          [-120.28338, 36.07402],
          [-120.25615, 36.07817],
          [-120.22891, 36.08232],
          [-120.22172, 36.09082],
          [-120.2068, 36.10847],
          [-120.17955, 36.11261],
          [-120.17236, 36.12111],
          [-120.15742, 36.13875],
          [-120.13016, 36.14288],
          [-120.1029, 36.14701],
          [-120.0957, 36.1555],
          [-120.08074, 36.17314],
          [-120.05348, 36.17726],
          [-120.02621, 36.18137],
          [-120.019, 36.18986],
          [-120.00402, 36.20749],
          [-119.97675, 36.21159],
          [-119.96953, 36.22008],
          [-119.95454, 36.2377],
          [-119.94733, 36.24619],
          [-119.93233, 36.26381],
          [-119.92511, 36.27229],
          [-119.91011, 36.2899],
          [-119.90288, 36.29838],
          [-119.88788, 36.316],
          [-119.86057, 36.32008],
          [-119.85334, 36.32856],
          [-119.83831, 36.34616],
          [-119.83108, 36.35464],
          [-119.81605, 36.37224],
          [-119.80881, 36.38071],
          [-119.79378, 36.39831],
          [-119.78654, 36.40679],
          [-119.7715, 36.42438],
          [-119.74415, 36.42844],
          [-119.71681, 36.4325],
          [-119.70956, 36.44097],
          [-119.6945, 36.45855],
          [-119.66715, 36.4626],
          [-119.63979, 36.46665],
          [-119.63254, 36.47511],
          [-119.61746, 36.49269],
          [-119.5901, 36.49673],
          [-119.58283, 36.50519],
          [-119.56774, 36.52276],
          [-119.54037, 36.52678],
          [-119.5331, 36.53524],
          [-119.518, 36.55281],
          [-119.51073, 36.56126],
          [-119.49562, 36.57882],
          [-119.48834, 36.58727],
          [-119.47323, 36.60483],
          [-119.46595, 36.61328],
          [-119.45083, 36.63084],
          [-119.44354, 36.63929],
          [-119.42841, 36.65683],
          [-119.42113, 36.66528],
          [-119.40599, 36.68283],
          [-119.3987, 36.69127],
          [-119.38355, 36.70882],
          [-119.37626, 36.71726],
          [-119.36111, 36.7348],
          [-119.35381, 36.74324],
          [-119.33865, 36.76077],
          [-119.33135, 36.76922],
          [-119.31619, 36.78675],
          [-119.30888, 36.79518],
          [-119.29371, 36.81271],
          [-119.2864, 36.82115],
          [-119.27122, 36.83867],
          [-119.26391, 36.84711],
          [-119.26888, 36.86908],
          [-119.27385, 36.89106],
          [-119.25866, 36.90858],
          [-119.25134, 36.91701],
          [-119.25631, 36.93898],
          [-119.26129, 36.96095],
          [-119.26626, 36.98292],
          [-119.26195, 37.00623],
          [-119.26693, 37.02819],
          [-119.261, 37.04436],
          [-119.25815, 37.05214],
          [-119.26313, 37.0741],
          [-119.26811, 37.09606],
          [-119.27309, 37.11802],
          [-119.2736, 37.14062],
          [-119.27859, 37.16257],
          [-119.28357, 37.18452],
          [-119.27926, 37.20781],
          [-119.28425, 37.22976],
          [-119.28924, 37.2517],
          [-119.28331, 37.26786],
          [-119.28045, 37.27563],
          [-119.28544, 37.29757],
          [-119.28595, 37.32016],
          [-119.29095, 37.34209],
          [-119.29595, 37.36403],
          [-119.30095, 37.38596],
          [-119.30595, 37.40789],
          [-119.31096, 37.42982],
          [-119.31596, 37.45174],
          [-119.32097, 37.47367],
          [-119.33158, 37.4795],
          [-119.35361, 37.49161],
          [-119.35863, 37.51353],
          [-119.36365, 37.53545],
          [-119.37426, 37.54128],
          [-119.39631, 37.55338],
          [-119.40134, 37.57529],
          [-119.41196, 37.58112],
          [-119.43402, 37.59321],
          [-119.43906, 37.61512],
          [-119.4441, 37.63703],
          [-119.45364, 37.65828],
          [-119.45978, 37.66475],
          [-119.47252, 37.67818],
          [-119.47757, 37.70008],
          [-119.48263, 37.72198],
          [-119.48768, 37.74387],
          [-119.49274, 37.76577],
          [-119.4978, 37.78766],
          [-119.50286, 37.80954],
          [-119.49692, 37.82567],
          [-119.49407, 37.83343],
          [-119.49913, 37.85531],
          [-119.49969, 37.87784],
          [-119.50475, 37.89972],
          [-119.50046, 37.92295],
          [-119.50553, 37.94483],
          [-119.49959, 37.96094],
          [-119.49673, 37.9687],
          [-119.49729, 37.99122],
          [-119.50236, 38.01309],
          [-119.49806, 38.0363],
          [-119.49212, 38.05241],
          [-119.48474, 38.06081],
          [-119.48981, 38.08268],
          [-119.47448, 38.10013],
          [-119.4671, 38.10853],
          [-119.47217, 38.13039],
          [-119.47724, 38.15224],
          [-119.46191, 38.16969],
          [-119.45452, 38.17809],
          [-119.43917, 38.19553],
          [-119.43178, 38.20392],
          [-119.43685, 38.22577],
          [-119.42149, 38.24321],
          [-119.4141, 38.2516],
          [-119.39874, 38.26903],
          [-119.39134, 38.27743],
          [-119.37597, 38.29485],
          [-119.36856, 38.30324],
          [-119.37362, 38.32509],
          [-119.35824, 38.34251],
          [-119.35084, 38.35089],
          [-119.33545, 38.36831],
          [-119.30759, 38.37227],
          [-119.30018, 38.38066],
          [-119.28478, 38.39807],
          [-119.25691, 38.40202],
          [-119.22905, 38.40597],
          [-119.20118, 38.40991],
          [-119.1733, 38.41385],
          [-119.14543, 38.41778],
          [-119.11755, 38.42171],
          [-119.11012, 38.43008],
          [-119.09468, 38.44747],
          [-119.0668, 38.45139],
          [-119.03891, 38.45531],
          [-119.01102, 38.45922],
          [-118.98313, 38.46313],
          [-118.95524, 38.46703],
          [-118.94779, 38.4754],
          [-118.93232, 38.49277],
          [-118.90441, 38.49666],
          [-118.87651, 38.50055],
          [-118.86905, 38.50891],
          [-118.85356, 38.52627],
          [-118.82565, 38.53015],
          [-118.79773, 38.53403],
          [-118.76981, 38.5379],
          [-118.74189, 38.54177],
          [-118.71396, 38.54563],
          [-118.68604, 38.54949],
          [-118.65811, 38.55334],
          [-118.63018, 38.55719],
          [-118.60225, 38.56103],
          [-118.57432, 38.56487],
          [-118.54638, 38.5687],
          [-118.51844, 38.57253],
          [-118.49628, 38.56037],
          [-118.48562, 38.55452],
          [-118.45768, 38.55834],
          [-118.42974, 38.56215],
          [-118.4018, 38.56596],
          [-118.37386, 38.56977],
          [-118.34592, 38.57357],
          [-118.31797, 38.57737],
          [-118.31046, 38.5857],
          [-118.29487, 38.60301],
          [-118.28736, 38.61134],
          [-118.27176, 38.62864],
          [-118.26425, 38.63697],
          [-118.24864, 38.65427],
          [-118.24113, 38.6626],
          [-118.22551, 38.67989],
          [-118.21799, 38.68822],
          [-118.20237, 38.70551],
          [-118.19484, 38.71383],
          [-118.17921, 38.73112],
          [-118.17169, 38.73944],
          [-118.15605, 38.75672],
          [-118.14852, 38.76504],
          [-118.15335, 38.78688],
          [-118.1377, 38.80415],
          [-118.13016, 38.81247],
          [-118.11451, 38.82974],
          [-118.10697, 38.83806],
          [-118.09131, 38.85533],
          [-118.08376, 38.86364],
          [-118.06809, 38.88091],
          [-118.04006, 38.88465],
          [-118.03251, 38.89296],
          [-118.01682, 38.91022],
          [-118.00927, 38.91853],
          [-117.99358, 38.93578],
          [-117.98602, 38.94409],
          [-117.97032, 38.96134],
          [-117.94226, 38.96507],
          [-117.9347, 38.97337],
          [-117.91899, 38.99061],
          [-117.89092, 38.99433],
          [-117.88335, 39.00263],
          [-117.86762, 39.01987],
          [-117.86005, 39.02817],
          [-117.84432, 39.0454],
          [-117.83674, 39.05369],
          [-117.821, 39.07092],
          [-117.81342, 39.07921],
          [-117.8182, 39.10102],
          [-117.80245, 39.11825],
          [-117.79486, 39.12654],
          [-117.77911, 39.14375],
          [-117.77152, 39.15204],
          [-117.75575, 39.16925],
          [-117.74816, 39.17754],
          [-117.73239, 39.19475],
          [-117.72479, 39.20304],
          [-117.72956, 39.22484],
          [-117.71377, 39.24204],
          [-117.70617, 39.25032],
          [-117.69038, 39.26752],
          [-117.68278, 39.2758],
          [-117.66698, 39.293],
          [-117.65937, 39.30127],
          [-117.64357, 39.31846],
          [-117.6154, 39.32214],
          [-117.60778, 39.33041],
          [-117.59196, 39.34759],
          [-117.58435, 39.35587],
          [-117.56852, 39.37305],
          [-117.54033, 39.37671],
          [-117.53271, 39.38497],
          [-117.51687, 39.40215],
          [-117.48868, 39.4058],
          [-117.48104, 39.41406],
          [-117.46519, 39.43123],
          [-117.43699, 39.43487],
          [-117.40878, 39.43851],
          [-117.40114, 39.44677],
          [-117.38527, 39.46392],
          [-117.37763, 39.47218],
          [-117.36175, 39.48933],
          [-117.33353, 39.49296],
          [-117.32588, 39.50121],
          [-117.30999, 39.51836],
          [-117.28175, 39.52197],
          [-117.2741, 39.53022],
          [-117.25819, 39.54736],
          [-117.22995, 39.55097],
          [-117.22229, 39.55921],
          [-117.20637, 39.57634],
          [-117.19871, 39.58459],
          [-117.18278, 39.60172],
          [-117.17511, 39.60996],
          [-117.15918, 39.62708],
          [-117.15151, 39.63533],
          [-117.13557, 39.65244],
          [-117.12789, 39.66068],
          [-117.11195, 39.6778],
          [-117.10427, 39.68604],
          [-117.08831, 39.70314],
          [-117.08063, 39.71138],
          [-117.06467, 39.72849],
          [-117.03637, 39.73206],
          [-117.02868, 39.74029],
          [-117.0127, 39.75739],
          [-117.00501, 39.76562],
          [-116.98902, 39.78271],
          [-116.98133, 39.79094],
          [-116.96533, 39.80803],
          [-116.95763, 39.81626],
          [-116.94163, 39.83334],
          [-116.93393, 39.84157],
          [-116.91792, 39.85865],
          [-116.91021, 39.86687],
          [-116.8942, 39.88394],
          [-116.86585, 39.88749],
          [-116.85814, 39.89571],
          [-116.84211, 39.91277],
          [-116.81375, 39.91631],
          [-116.80603, 39.92452],
          [-116.78999, 39.94158],
          [-116.78227, 39.9498],
          [-116.76622, 39.96686],
          [-116.73784, 39.97037],
          [-116.73011, 39.97858],
          [-116.71405, 39.99564],
          [-116.68567, 39.99915],
          [-116.67793, 40.00735],
          [-116.66185, 40.0244],
          [-116.63346, 40.0279],
          [-116.62572, 40.0361],
          [-116.60963, 40.05314],
          [-116.60188, 40.06134],
          [-116.58579, 40.07837],
          [-116.57803, 40.08657],
          [-116.56193, 40.10359],
          [-116.53351, 40.10708],
          [-116.52575, 40.11527],
          [-116.50964, 40.13229],
          [-116.50188, 40.14049],
          [-116.48575, 40.1575],
          [-116.45732, 40.16097],
          [-116.42888, 40.16444],
          [-116.42111, 40.17263],
          [-116.40497, 40.18964],
          [-116.39719, 40.19782],
          [-116.38104, 40.21482],
          [-116.35259, 40.21828],
          [-116.34481, 40.22646],
          [-116.32864, 40.24345],
          [-116.32086, 40.25163],
          [-116.30469, 40.26862],
          [-116.2969, 40.2768],
          [-116.30141, 40.29853],
          [-116.28523, 40.31551],
          [-116.25674, 40.31895],
          [-116.24895, 40.32712],
          [-116.23275, 40.3441],
          [-116.22495, 40.35227],
          [-116.20875, 40.36924],
          [-116.20095, 40.37741],
          [-116.20544, 40.39913],
          [-116.18923, 40.41609],
          [-116.18142, 40.42426],
          [-116.1652, 40.44122],
          [-116.13668, 40.44464],
          [-116.12886, 40.4528],
          [-116.11263, 40.46975],
          [-116.10481, 40.47792],
          [-116.08857, 40.49487],
          [-116.06003, 40.49827],
          [-116.03148, 40.50166],
          [-116.02365, 40.50982],
          [-116.00739, 40.52676],
          [-115.99956, 40.53492],
          [-115.9833, 40.55185],
          [-115.95473, 40.55524],
          [-115.92617, 40.55861],
          [-115.8976, 40.56199],
          [-115.88976, 40.57014],
          [-115.87347, 40.58706],
          [-115.86562, 40.59521],
          [-115.84932, 40.61212],
          [-115.84147, 40.62027],
          [-115.8459, 40.64196],
          [-115.82959, 40.65888],
          [-115.82174, 40.66702],
          [-115.80542, 40.68392],
          [-115.79756, 40.69206],
          [-115.78124, 40.70897],
          [-115.77337, 40.7171],
          [-115.75704, 40.734],
          [-115.74917, 40.74214],
          [-115.73283, 40.75903],
          [-115.72496, 40.76716],
          [-115.70861, 40.78405],
          [-115.70074, 40.79219],
          [-115.68438, 40.80907],
          [-115.6765, 40.8172],
          [-115.66013, 40.83408],
          [-115.65225, 40.84221],
          [-115.63588, 40.85908],
          [-115.62799, 40.86721],
          [-115.61161, 40.88408],
          [-115.60372, 40.8922],
          [-115.58733, 40.90907],
          [-115.57944, 40.91719],
          [-115.56304, 40.93405],
          [-115.55514, 40.94217],
          [-115.53874, 40.95903],
          [-115.53083, 40.96714],
          [-115.51442, 40.984],
          [-115.50652, 40.99211],
          [-115.49009, 41.00896],
          [-115.48218, 41.01707],
          [-115.48656, 41.03873],
          [-115.47012, 41.05557],
          [-115.46221, 41.06368],
          [-115.44577, 41.08052],
          [-115.43785, 41.08863],
          [-115.4214, 41.10546],
          [-115.41348, 41.11356],
          [-115.41784, 41.13521],
          [-115.40138, 41.15204],
          [-115.39345, 41.16014],
          [-115.37699, 41.17697],
          [-115.36906, 41.18507],
          [-115.35258, 41.20188],
          [-115.34464, 41.20998],
          [-115.349, 41.23162],
          [-115.33251, 41.24843],
          [-115.32457, 41.25653],
          [-115.32892, 41.27816],
          [-115.31242, 41.29497],
          [-115.30447, 41.30306],
          [-115.28797, 41.31986],
          [-115.28002, 41.32795],
          [-115.28436, 41.34958],
          [-115.26785, 41.36637],
          [-115.25989, 41.37446],
          [-115.26423, 41.39608],
          [-115.2477, 41.41287],
          [-115.23974, 41.42095],
          [-115.24408, 41.44257],
          [-115.24842, 41.46418],
          [-115.23188, 41.48097],
          [-115.22391, 41.48904],
          [-115.20736, 41.50582],
          [-115.19939, 41.5139],
          [-115.18284, 41.53067],
          [-115.17486, 41.53875],
          [-115.1583, 41.55552],
          [-115.15032, 41.56359],
          [-115.15464, 41.58519],
          [-115.13807, 41.60195],
          [-115.13008, 41.61002],
          [-115.13441, 41.63162],
          [-115.1452, 41.63758],
          [-115.16763, 41.64998],
          [-115.17843, 41.65594],
          [-115.20086, 41.66833],
          [-115.21166, 41.67429],
          [-115.2341, 41.68667],
          [-115.23845, 41.70826],
          [-115.24926, 41.71422],
          [-115.27172, 41.72659],
          [-115.27607, 41.74817],
          [-115.28043, 41.76974],
          [-115.28479, 41.79132],
          [-115.28916, 41.81289],
          [-115.27256, 41.82964],
          [-115.26457, 41.83771],
          [-115.24797, 41.85445],
          [-115.23998, 41.86252],
          [-115.22337, 41.87926],
          [-115.19441, 41.8825],
          [-115.18641, 41.89056],
          [-115.16979, 41.90729],
          [-115.14082, 41.91052],
          [-115.11185, 41.91375],
          [-115.08287, 41.91697],
          [-115.0539, 41.92018],
          [-115.03142, 41.90779],
          [-115.02061, 41.90183],
          [-115.01259, 41.90988],
          [-114.99594, 41.9266],
          [-114.96696, 41.9298],
          [-114.95893, 41.93785],
          [-114.94227, 41.95456],
          [-114.93424, 41.9626],
          [-114.91757, 41.97931],
          [-114.88857, 41.9825],
          [-114.85956, 41.98568],
          [-114.83056, 41.98886],
          [-114.80156, 41.99203],
          [-114.77255, 41.9952],
          [-114.74354, 41.99836],
          [-114.73549, 42.0064],
          [-114.71878, 42.02308],
          [-114.68976, 42.02624],
          [-114.66074, 42.02939],
          [-114.63172, 42.03253],
          [-114.6027, 42.03567],
          [-114.59464, 42.0437],
          [-114.57789, 42.06037],
          [-114.56983, 42.06839],
          [-114.55307, 42.08505],
          [-114.54501, 42.09307],
          [-114.52825, 42.10973],
          [-114.52017, 42.11775],
          [-114.5034, 42.1344],
          [-114.49533, 42.14242],
          [-114.47855, 42.15907],
          [-114.47047, 42.16708],
          [-114.45369, 42.18373],
          [-114.4456, 42.19174],
          [-114.4498, 42.21328],
          [-114.433, 42.22992],
          [-114.42492, 42.23793],
          [-114.40811, 42.25456],
          [-114.40002, 42.26257],
          [-114.3832, 42.27919],
          [-114.37511, 42.2872],
          [-114.35829, 42.30382],
          [-114.32917, 42.30692],
          [-114.32107, 42.31492],
          [-114.30424, 42.33153],
          [-114.29613, 42.33953],
          [-114.27928, 42.35614],
          [-114.27117, 42.36414],
          [-114.25432, 42.38074],
          [-114.22518, 42.38382],
          [-114.21707, 42.39181],
          [-114.2002, 42.40841],
          [-114.17106, 42.41148],
          [-114.14191, 42.41454],
          [-114.11276, 42.41759],
          [-114.10463, 42.42558],
          [-114.08774, 42.44216],
          [-114.05858, 42.44521],
          [-114.02942, 42.44825],
          [-114.00025, 42.45129],
          [-113.99211, 42.45927],
          [-113.9752, 42.47584],
          [-113.94603, 42.47887],
          [-113.91685, 42.4819],
          [-113.9087, 42.48987],
          [-113.89177, 42.50643],
          [-113.88361, 42.5144],
          [-113.86667, 42.53096],
          [-113.83748, 42.53397],
          [-113.82932, 42.54194],
          [-113.81236, 42.55849],
          [-113.78316, 42.56149],
          [-113.77499, 42.56945],
          [-113.75803, 42.58599],
          [-113.72881, 42.58898],
          [-113.6996, 42.59197],
          [-113.69142, 42.59993],
          [-113.67444, 42.61646],
          [-113.64521, 42.61944],
          [-113.63703, 42.6274],
          [-113.62003, 42.64392],
          [-113.5908, 42.64689],
          [-113.58261, 42.65484],
          [-113.56559, 42.67135],
          [-113.53635, 42.67431],
          [-113.52815, 42.68226],
          [-113.51112, 42.69877],
          [-113.50292, 42.70671],
          [-113.48589, 42.72321],
          [-113.47768, 42.73116],
          [-113.46063, 42.74765],
          [-113.43137, 42.7506],
          [-113.42316, 42.75854],
          [-113.4061, 42.77503],
          [-113.39788, 42.78296],
          [-113.38081, 42.79945],
          [-113.35153, 42.80238],
          [-113.34331, 42.81031],
          [-113.32622, 42.82679],
          [-113.29693, 42.82971],
          [-113.2887, 42.83764],
          [-113.27161, 42.8541],
          [-113.2423, 42.85702],
          [-113.23407, 42.86494],
          [-113.21696, 42.8814],
          [-113.18764, 42.8843],
          [-113.15833, 42.8872],
          [-113.15008, 42.89512],
          [-113.13295, 42.91157],
          [-113.10363, 42.91446],
          [-113.0743, 42.91734],
          [-113.06605, 42.92526],
          [-113.0489, 42.9417],
          [-113.01956, 42.94457],
          [-113.0113, 42.95248],
          [-112.99414, 42.96891],
          [-112.9648, 42.97178],
          [-112.95653, 42.97969],
          [-112.93936, 42.99611],
          [-112.91, 42.99896],
          [-112.90173, 43.00687],
          [-112.88454, 43.02328],
          [-112.85517, 43.02613],
          [-112.84689, 43.03403],
          [-112.82969, 43.05044],
          [-112.8214, 43.05834],
          [-112.80419, 43.07474],
          [-112.77481, 43.07757],
          [-112.76652, 43.08547],
          [-112.74929, 43.10186],
          [-112.7199, 43.10469],
          [-112.7116, 43.11258],
          [-112.69437, 43.12896],
          [-112.66496, 43.13178],
          [-112.65666, 43.13967],
          [-112.63941, 43.15604],
          [-112.60999, 43.15885],
          [-112.60168, 43.16673],
          [-112.58442, 43.1831],
          [-112.5761, 43.19099],
          [-112.55883, 43.20735],
          [-112.55051, 43.21523],
          [-112.53323, 43.23159],
          [-112.50379, 43.23438],
          [-112.49546, 43.24225],
          [-112.47817, 43.25861],
          [-112.44872, 43.26138],
          [-112.44039, 43.26926],
          [-112.42308, 43.2856],
          [-112.39362, 43.28837],
          [-112.38528, 43.29624],
          [-112.36796, 43.31258],
          [-112.33849, 43.31533],
          [-112.33014, 43.3232],
          [-112.3128, 43.33953],
          [-112.28333, 43.34228],
          [-112.27498, 43.35014],
          [-112.25762, 43.36646],
          [-112.22814, 43.3692],
          [-112.21978, 43.37706],
          [-112.20241, 43.39337],
          [-112.19405, 43.40122],
          [-112.17668, 43.41753],
          [-112.14717, 43.42026],
          [-112.1388, 43.42811],
          [-112.12141, 43.44441],
          [-112.11304, 43.45226],
          [-112.09564, 43.46856],
          [-112.08726, 43.4764],
          [-112.06986, 43.49269],
          [-112.04033, 43.4954],
          [-112.03195, 43.50324],
          [-112.01453, 43.51953],
          [-112.00614, 43.52736],
          [-112, 43.5331]
        ]
      }
    },
    {
      "type": "Feature",
      "id": "2026082100_f186_13000_001",
      "properties": {
        "product_id": "winter_storm_levels",
        "source_id": "nbm_snow_level",
        "parameter": "snow_level",
        "definition": "height of the wet-bulb 0.5 degree C surface",
        "level_ft_msl": 13000,
        "label": "13,000 ft MSL",
        "unit": "ft_msl",
        "cycle_time_utc": "2026-08-21T00:00:00Z",
        "valid_time_utc": "2026-08-28T18:00:00Z",
        "lead_hours": 186,
        "segment": 1,
        "length_m": 151.9
      },
      "geometry": {
        "type": "LineString",
        "coordinates": [
          [-112, 41.42454],
          [-112.00019, 41.42566],
          [-112, 41.42584]
        ]
      }
    },
    {
      "type": "Feature",
      "id": "2026082100_f186_13000_002",
      "properties": {
        "product_id": "winter_storm_levels",
        "source_id": "nbm_snow_level",
        "parameter": "snow_level",
        "definition": "height of the wet-bulb 0.5 degree C surface",
        "level_ft_msl": 13000,
        "label": "13,000 ft MSL",
        "unit": "ft_msl",
        "cycle_time_utc": "2026-08-21T00:00:00Z",
        "valid_time_utc": "2026-08-28T18:00:00Z",
        "lead_hours": 186,
        "segment": 2,
        "length_m": 2250410.5
      },
      "geometry": {
        "type": "LineString",
        "coordinates": [
          [-129.46408, 30.88452],
          [-129.43846, 30.89023],
          [-129.41284, 30.89594],
          [-129.40477, 30.90771],
          [-129.39385, 30.92363],
          [-129.36822, 30.92933],
          [-129.34259, 30.93503],
          [-129.31695, 30.94072],
          [-129.30887, 30.95248],
          [-129.29794, 30.96839],
          [-129.27229, 30.97408],
          [-129.24664, 30.97975],
          [-129.22099, 30.98543],
          [-129.19533, 30.9911],
          [-129.18724, 31.00286],
          [-129.17628, 31.01876],
          [-129.15062, 31.02442],
          [-129.12495, 31.03008],
          [-129.09928, 31.03574],
          [-129.08073, 31.02634],
          [-129.06702, 31.01939],
          [-129.04135, 31.02503],
          [-129.01567, 31.03067],
          [-128.99, 31.03631],
          [-128.98188, 31.04805],
          [-128.97089, 31.06394],
          [-128.94521, 31.06957],
          [-128.91952, 31.0752],
          [-128.89383, 31.08082],
          [-128.86814, 31.08643],
          [-128.84245, 31.09204],
          [-128.81675, 31.09765],
          [-128.79105, 31.10326],
          [-128.77251, 31.09382],
          [-128.75881, 31.08685],
          [-128.73311, 31.09244],
          [-128.70741, 31.09803],
          [-128.6817, 31.10362],
          [-128.656, 31.1092],
          [-128.63029, 31.11478],
          [-128.60457, 31.12035],
          [-128.57886, 31.12592],
          [-128.55314, 31.13148],
          [-128.52742, 31.13704],
          [-128.5017, 31.1426],
          [-128.47598, 31.14815],
          [-128.45025, 31.1537],
          [-128.42452, 31.15924],
          [-128.39879, 31.16478],
          [-128.37305, 31.17032],
          [-128.34732, 31.17585],
          [-128.32158, 31.18137],
          [-128.29583, 31.1869],
          [-128.27009, 31.19241],
          [-128.24434, 31.19793],
          [-128.21859, 31.20344],
          [-128.19284, 31.20894],
          [-128.16709, 31.21444],
          [-128.14133, 31.21994],
          [-128.11557, 31.22543],
          [-128.08981, 31.23092],
          [-128.06405, 31.2364],
          [-128.03828, 31.24188],
          [-128.01251, 31.24736],
          [-127.98674, 31.25283],
          [-127.97851, 31.26452],
          [-127.96736, 31.28033],
          [-127.94158, 31.28579],
          [-127.9158, 31.29125],
          [-127.89001, 31.29671],
          [-127.88176, 31.30839],
          [-127.8706, 31.32419],
          [-127.84481, 31.32964],
          [-127.81901, 31.33508],
          [-127.79321, 31.34052],
          [-127.76741, 31.34596],
          [-127.75914, 31.35763],
          [-127.74796, 31.37343],
          [-127.72215, 31.37885],
          [-127.69634, 31.38428],
          [-127.67052, 31.38969],
          [-127.66224, 31.40136],
          [-127.65104, 31.41715],
          [-127.62522, 31.42256],
          [-127.59939, 31.42796],
          [-127.57356, 31.43337],
          [-127.54772, 31.43876],
          [-127.53943, 31.45042],
          [-127.52821, 31.4662],
          [-127.51991, 31.47786],
          [-127.50868, 31.49363],
          [-127.48283, 31.49902],
          [-127.45698, 31.5044],
          [-127.43113, 31.50978],
          [-127.40527, 31.51515],
          [-127.37941, 31.52052],
          [-127.35355, 31.52589],
          [-127.32769, 31.53125],
          [-127.31936, 31.5429],
          [-127.3081, 31.55865],
          [-127.28223, 31.56401],
          [-127.25635, 31.56935],
          [-127.23048, 31.5747],
          [-127.20459, 31.58004],
          [-127.17871, 31.58538],
          [-127.15283, 31.59071],
          [-127.12694, 31.59604],
          [-127.10105, 31.60136],
          [-127.07515, 31.60668],
          [-127.05668, 31.59705],
          [-127.04302, 31.58994],
          [-127.01713, 31.59525],
          [-126.99123, 31.60055],
          [-126.96534, 31.60586],
          [-126.93944, 31.61115],
          [-126.91353, 31.61645],
          [-126.88763, 31.62173],
          [-126.86172, 31.62702],
          [-126.83581, 31.6323],
          [-126.8099, 31.63757],
          [-126.78399, 31.64285],
          [-126.75807, 31.64811],
          [-126.73215, 31.65338],
          [-126.7137, 31.64371],
          [-126.70006, 31.63657],
          [-126.67414, 31.64182],
          [-126.64822, 31.64707],
          [-126.62229, 31.65232],
          [-126.59637, 31.65756],
          [-126.57044, 31.66279],
          [-126.55199, 31.65311],
          [-126.53836, 31.64595],
          [-126.51244, 31.65118],
          [-126.4865, 31.6564],
          [-126.47809, 31.668],
          [-126.4667, 31.6837],
          [-126.44076, 31.68891],
          [-126.41482, 31.69412],
          [-126.38887, 31.69933],
          [-126.36293, 31.70453],
          [-126.34449, 31.69483],
          [-126.33087, 31.68765],
          [-126.30492, 31.69284],
          [-126.27897, 31.69803],
          [-126.25302, 31.70322],
          [-126.22707, 31.7084],
          [-126.20111, 31.71357],
          [-126.18269, 31.70385],
          [-126.16908, 31.69666],
          [-126.14312, 31.70183],
          [-126.11716, 31.70699],
          [-126.0912, 31.71215],
          [-126.06524, 31.7173],
          [-126.04683, 31.70756],
          [-126.03322, 31.70036],
          [-126.00726, 31.70551],
          [-125.98129, 31.71065],
          [-125.95532, 31.71578],
          [-125.92935, 31.72091],
          [-125.90338, 31.72604],
          [-125.87741, 31.73116],
          [-125.85143, 31.73628],
          [-125.82545, 31.7414],
          [-125.79947, 31.74651],
          [-125.78108, 31.73674],
          [-125.76748, 31.72952],
          [-125.7415, 31.73462],
          [-125.71552, 31.73971],
          [-125.68953, 31.7448],
          [-125.66354, 31.74989],
          [-125.63755, 31.75498],
          [-125.61156, 31.76006],
          [-125.58556, 31.76513],
          [-125.56719, 31.75534],
          [-125.55361, 31.7481],
          [-125.52761, 31.75316],
          [-125.50924, 31.74336],
          [-125.49566, 31.73612],
          [-125.46967, 31.74117],
          [-125.44367, 31.74623],
          [-125.41767, 31.75127],
          [-125.39931, 31.74146],
          [-125.38574, 31.73421],
          [-125.35974, 31.73924],
          [-125.34139, 31.72942],
          [-125.32782, 31.72216],
          [-125.30182, 31.72719],
          [-125.28348, 31.71737],
          [-125.26992, 31.7101],
          [-125.25158, 31.70027],
          [-125.23802, 31.693],
          [-125.21969, 31.68317],
          [-125.20614, 31.6759],
          [-125.18781, 31.66606],
          [-125.17426, 31.65878],
          [-125.15593, 31.64894],
          [-125.14239, 31.64166],
          [-125.12407, 31.63182],
          [-125.1182, 31.60969],
          [-125.10466, 31.60241],
          [-125.08635, 31.59256],
          [-125.07282, 31.58528],
          [-125.04684, 31.59026],
          [-125.02854, 31.58041],
          [-125.01501, 31.57312],
          [-124.98903, 31.5781],
          [-124.96305, 31.58307],
          [-124.94476, 31.5732],
          [-124.93124, 31.56591],
          [-124.90525, 31.57087],
          [-124.88697, 31.561],
          [-124.87345, 31.5537],
          [-124.85517, 31.54382],
          [-124.84166, 31.53651],
          [-124.81568, 31.54146],
          [-124.7974, 31.53158],
          [-124.7839, 31.52427],
          [-124.75792, 31.52921],
          [-124.73194, 31.53415],
          [-124.72336, 31.54566],
          [-124.71174, 31.56123],
          [-124.68575, 31.56616],
          [-124.65976, 31.57108],
          [-124.63377, 31.57601],
          [-124.60777, 31.58092],
          [-124.58177, 31.58584],
          [-124.55577, 31.59074],
          [-124.54717, 31.60224],
          [-124.53552, 31.6178],
          [-124.50951, 31.6227],
          [-124.4835, 31.62759],
          [-124.45749, 31.63249],
          [-124.44887, 31.64398],
          [-124.43721, 31.65953],
          [-124.42859, 31.67102],
          [-124.41692, 31.68656],
          [-124.39089, 31.69144],
          [-124.38227, 31.70293],
          [-124.37059, 31.71847],
          [-124.34455, 31.72334],
          [-124.33592, 31.73482],
          [-124.32423, 31.75036],
          [-124.31559, 31.76184],
          [-124.3039, 31.77737],
          [-124.27785, 31.78223],
          [-124.2692, 31.79371],
          [-124.2575, 31.80924],
          [-124.23144, 31.81409],
          [-124.20537, 31.81894],
          [-124.1793, 31.82379],
          [-124.15323, 31.82863],
          [-124.12716, 31.83346],
          [-124.11849, 31.84493],
          [-124.10677, 31.86045],
          [-124.08068, 31.86528],
          [-124.07201, 31.87674],
          [-124.06028, 31.89225],
          [-124.03419, 31.89707],
          [-124.00809, 31.90189],
          [-123.98199, 31.9067],
          [-123.97331, 31.91816],
          [-123.96156, 31.93366],
          [-123.93545, 31.93847],
          [-123.90934, 31.94327],
          [-123.88324, 31.94806],
          [-123.87454, 31.95951],
          [-123.86277, 31.97501],
          [-123.83665, 31.9798],
          [-123.82794, 31.99125],
          [-123.81617, 32.00673],
          [-123.79004, 32.01151],
          [-123.76391, 32.01629],
          [-123.73777, 32.02106],
          [-123.71164, 32.02583],
          [-123.6855, 32.03059],
          [-123.67678, 32.04203],
          [-123.66497, 32.0575],
          [-123.63883, 32.06226],
          [-123.61268, 32.06701],
          [-123.58653, 32.07175],
          [-123.56038, 32.07649],
          [-123.53422, 32.08123],
          [-123.50807, 32.08596],
          [-123.48191, 32.09069],
          [-123.47316, 32.10212],
          [-123.46132, 32.11758],
          [-123.43515, 32.1223],
          [-123.40898, 32.12701],
          [-123.38281, 32.13172],
          [-123.37405, 32.14315],
          [-123.36219, 32.1586],
          [-123.33601, 32.1633],
          [-123.32724, 32.17472],
          [-123.31538, 32.19016],
          [-123.28919, 32.19486],
          [-123.28041, 32.20627],
          [-123.26854, 32.22171],
          [-123.24234, 32.2264],
          [-123.23355, 32.23781],
          [-123.22167, 32.25325],
          [-123.19546, 32.25793],
          [-123.18667, 32.26933],
          [-123.17478, 32.28477],
          [-123.14856, 32.28944],
          [-123.12234, 32.29411],
          [-123.11354, 32.30551],
          [-123.10163, 32.32093],
          [-123.0754, 32.32559],
          [-123.0666, 32.33699],
          [-123.05468, 32.35241],
          [-123.04587, 32.36381],
          [-123.03394, 32.37923],
          [-123.0077, 32.38388],
          [-122.98145, 32.38852],
          [-122.97263, 32.39991],
          [-122.96069, 32.41532],
          [-122.93444, 32.41996],
          [-122.92561, 32.43135],
          [-122.91366, 32.44675],
          [-122.90483, 32.45814],
          [-122.89288, 32.47354],
          [-122.86661, 32.47817],
          [-122.85777, 32.48955],
          [-122.84581, 32.50495],
          [-122.81952, 32.50957],
          [-122.79324, 32.51418],
          [-122.76696, 32.51878],
          [-122.7581, 32.53016],
          [-122.74612, 32.54555],
          [-122.71983, 32.55015],
          [-122.71097, 32.56152],
          [-122.69898, 32.57691],
          [-122.67268, 32.5815],
          [-122.64637, 32.58609],
          [-122.6375, 32.59745],
          [-122.6255, 32.61283],
          [-122.59918, 32.61741],
          [-122.57286, 32.62198],
          [-122.56399, 32.63335],
          [-122.55197, 32.64872],
          [-122.52564, 32.65329],
          [-122.51676, 32.66465],
          [-122.50473, 32.68001],
          [-122.47839, 32.68457],
          [-122.45206, 32.68912],
          [-122.44316, 32.70048],
          [-122.43112, 32.71584],
          [-122.40477, 32.72039],
          [-122.37842, 32.72493],
          [-122.36952, 32.73628],
          [-122.35746, 32.75163],
          [-122.33111, 32.75616],
          [-122.30475, 32.76069],
          [-122.29583, 32.77204],
          [-122.28376, 32.78738],
          [-122.25739, 32.7919],
          [-122.23102, 32.79642],
          [-122.22209, 32.80776],
          [-122.21001, 32.8231],
          [-122.20108, 32.83444],
          [-122.18899, 32.84978],
          [-122.16261, 32.85428],
          [-122.15367, 32.86561],
          [-122.14157, 32.88095],
          [-122.11518, 32.88544],
          [-122.08878, 32.88993],
          [-122.07983, 32.90126],
          [-122.06772, 32.91659],
          [-122.04131, 32.92107],
          [-122.0149, 32.92555],
          [-122.00594, 32.93688],
          [-121.99382, 32.95219],
          [-121.98486, 32.96352],
          [-121.97273, 32.97883],
          [-121.9463, 32.9833],
          [-121.93733, 32.99462],
          [-121.92519, 33.00993],
          [-121.89876, 33.01439],
          [-121.88978, 33.02571],
          [-121.87763, 33.04101],
          [-121.85119, 33.04546],
          [-121.8422, 33.05677],
          [-121.83004, 33.07208],
          [-121.80359, 33.07652],
          [-121.77713, 33.08096],
          [-121.76814, 33.09226],
          [-121.75597, 33.10756],
          [-121.7295, 33.11199],
          [-121.7205, 33.12329],
          [-121.70832, 33.13858],
          [-121.68185, 33.14301],
          [-121.65537, 33.14742],
          [-121.64636, 33.15872],
          [-121.63416, 33.174],
          [-121.60768, 33.17841],
          [-121.59866, 33.18971],
          [-121.58645, 33.20499],
          [-121.55996, 33.20939],
          [-121.53346, 33.21379],
          [-121.50696, 33.21818],
          [-121.49793, 33.22947],
          [-121.48571, 33.24474],
          [-121.4592, 33.24912],
          [-121.43269, 33.2535],
          [-121.40618, 33.25788],
          [-121.37967, 33.26225],
          [-121.35315, 33.26661],
          [-121.3441, 33.27789],
          [-121.33185, 33.29315],
          [-121.30533, 33.29751],
          [-121.2788, 33.30186],
          [-121.25227, 33.30621],
          [-121.24321, 33.31748],
          [-121.23094, 33.33273],
          [-121.2044, 33.33707],
          [-121.17787, 33.34141],
          [-121.15132, 33.34574],
          [-121.12478, 33.35007],
          [-121.09823, 33.35439],
          [-121.07169, 33.35871],
          [-121.04514, 33.36303],
          [-121.03605, 33.37429],
          [-121.02375, 33.38951],
          [-120.99719, 33.39382],
          [-120.97063, 33.39812],
          [-120.94406, 33.40242],
          [-120.93496, 33.41367],
          [-120.92264, 33.42889],
          [-120.89607, 33.43318],
          [-120.88696, 33.44443],
          [-120.87463, 33.45964],
          [-120.84805, 33.46393],
          [-120.82147, 33.4682],
          [-120.81235, 33.47945],
          [-120.8, 33.49465],
          [-120.77341, 33.49892],
          [-120.76428, 33.51016],
          [-120.75193, 33.52536],
          [-120.72533, 33.52962],
          [-120.7162, 33.54086],
          [-120.70383, 33.55606],
          [-120.67722, 33.56031],
          [-120.66808, 33.57154],
          [-120.65571, 33.58673],
          [-120.62909, 33.59098],
          [-120.60247, 33.59522],
          [-120.59332, 33.60644],
          [-120.58093, 33.62163],
          [-120.57177, 33.63285],
          [-120.55938, 33.64804],
          [-120.53274, 33.65226],
          [-120.52358, 33.66348],
          [-120.51118, 33.67866],
          [-120.48453, 33.68288],
          [-120.47536, 33.6941],
          [-120.46295, 33.70927],
          [-120.45377, 33.72048],
          [-120.44136, 33.73565],
          [-120.41469, 33.73986],
          [-120.40551, 33.75107],
          [-120.39308, 33.76624],
          [-120.36641, 33.77044],
          [-120.35722, 33.78164],
          [-120.34479, 33.7968],
          [-120.33559, 33.80801],
          [-120.32315, 33.82317],
          [-120.29646, 33.82735],
          [-120.28726, 33.83856],
          [-120.27481, 33.85371],
          [-120.24811, 33.85789],
          [-120.2389, 33.86908],
          [-120.22644, 33.88423],
          [-120.21722, 33.89543],
          [-120.20475, 33.91057],
          [-120.17804, 33.91474],
          [-120.16882, 33.92593],
          [-120.15634, 33.94107],
          [-120.12962, 33.94523],
          [-120.12039, 33.95642],
          [-120.1079, 33.97155],
          [-120.09867, 33.98274],
          [-120.08618, 33.99787],
          [-120.05944, 34.00202],
          [-120.0327, 34.00616],
          [-120.02346, 34.01734],
          [-120.01095, 34.03246],
          [-120.0017, 34.04364],
          [-119.98919, 34.05876],
          [-119.96243, 34.06289],
          [-119.95318, 34.07407],
          [-119.94065, 34.08918],
          [-119.9314, 34.10036],
          [-119.91887, 34.11547],
          [-119.89209, 34.11959],
          [-119.88283, 34.13076],
          [-119.87029, 34.14587],
          [-119.86102, 34.15703],
          [-119.84847, 34.17214],
          [-119.82168, 34.17624],
          [-119.81241, 34.18741],
          [-119.79985, 34.20251],
          [-119.79057, 34.21367],
          [-119.77801, 34.22877],
          [-119.7512, 34.23286],
          [-119.74191, 34.24402],
          [-119.72934, 34.25911],
          [-119.70253, 34.2632],
          [-119.69323, 34.27435],
          [-119.68065, 34.28944],
          [-119.65383, 34.29351],
          [-119.64452, 34.30466],
          [-119.63193, 34.31975],
          [-119.6051, 34.32382],
          [-119.59579, 34.33496],
          [-119.58319, 34.35004],
          [-119.57387, 34.36118],
          [-119.56127, 34.37626],
          [-119.53442, 34.38031],
          [-119.52509, 34.39145],
          [-119.51248, 34.40652],
          [-119.48562, 34.41057],
          [-119.47629, 34.42171],
          [-119.46366, 34.43677],
          [-119.4368, 34.44081],
          [-119.42746, 34.45194],
          [-119.41482, 34.467],
          [-119.38795, 34.47104],
          [-119.3786, 34.48216],
          [-119.36596, 34.49722],
          [-119.33907, 34.50124],
          [-119.32972, 34.51237],
          [-119.31706, 34.52741],
          [-119.29017, 34.53143],
          [-119.26328, 34.53544],
          [-119.25391, 34.54656],
          [-119.24124, 34.5616],
          [-119.21434, 34.5656],
          [-119.18743, 34.5696],
          [-119.17806, 34.58071],
          [-119.16537, 34.59575],
          [-119.13846, 34.59974],
          [-119.11154, 34.60372],
          [-119.10216, 34.61483],
          [-119.08946, 34.62986],
          [-119.06253, 34.63383],
          [-119.05314, 34.64494],
          [-119.04043, 34.65996],
          [-119.0135, 34.66393],
          [-118.98656, 34.66789],
          [-118.97716, 34.67899],
          [-118.96444, 34.694],
          [-118.95503, 34.7051],
          [-118.9423, 34.72011],
          [-118.93289, 34.73121],
          [-118.92015, 34.74621],
          [-118.91074, 34.75731],
          [-118.898, 34.77231],
          [-118.87103, 34.77626],
          [-118.86161, 34.78734],
          [-118.84886, 34.80234],
          [-118.83943, 34.81343],
          [-118.84422, 34.83558],
          [-118.83146, 34.85058],
          [-118.82203, 34.86166],
          [-118.80927, 34.87665],
          [-118.78227, 34.88058],
          [-118.77283, 34.89166],
          [-118.76006, 34.90665],
          [-118.75061, 34.91773],
          [-118.73783, 34.93271],
          [-118.72838, 34.94379],
          [-118.71559, 34.95877],
          [-118.70614, 34.96984],
          [-118.69334, 34.98482],
          [-118.66632, 34.98873],
          [-118.65686, 34.9998],
          [-118.64405, 35.01477],
          [-118.61702, 35.01867],
          [-118.60755, 35.02974],
          [-118.59474, 35.04471],
          [-118.58526, 35.05577],
          [-118.57244, 35.07074],
          [-118.56297, 35.0818],
          [-118.55014, 35.09676],
          [-118.52308, 35.10064],
          [-118.5136, 35.1117],
          [-118.50076, 35.12666],
          [-118.49127, 35.13771],
          [-118.47843, 35.15267],
          [-118.45136, 35.15654],
          [-118.44186, 35.16759],
          [-118.42901, 35.18254],
          [-118.41951, 35.19359],
          [-118.40665, 35.20853],
          [-118.39714, 35.21958],
          [-118.38428, 35.23452],
          [-118.35718, 35.23838],
          [-118.34767, 35.24942],
          [-118.33479, 35.26436],
          [-118.32528, 35.2754],
          [-118.3124, 35.29033],
          [-118.28528, 35.29417],
          [-118.27576, 35.30521],
          [-118.26287, 35.32014],
          [-118.25334, 35.33118],
          [-118.24044, 35.3461],
          [-118.23091, 35.35713],
          [-118.218, 35.37206],
          [-118.19087, 35.37588],
          [-118.18133, 35.38691],
          [-118.16841, 35.40183],
          [-118.14127, 35.40565],
          [-118.13172, 35.41667],
          [-118.1188, 35.43158],
          [-118.10924, 35.4426],
          [-118.09631, 35.45751],
          [-118.08675, 35.46853],
          [-118.07382, 35.48344],
          [-118.06426, 35.49446],
          [-118.05132, 35.50936],
          [-118.04175, 35.52038],
          [-118.0288, 35.53528],
          [-118.01923, 35.54629],
          [-118.00628, 35.56119],
          [-117.9967, 35.5722],
          [-117.98374, 35.5871],
          [-117.97416, 35.5981],
          [-117.97881, 35.62022],
          [-117.96585, 35.63511],
          [-117.95626, 35.64612],
          [-117.94329, 35.661],
          [-117.93369, 35.67201],
          [-117.92072, 35.68689],
          [-117.89349, 35.69066],
          [-117.88389, 35.70166],
          [-117.8709, 35.71654],
          [-117.84367, 35.72031],
          [-117.83406, 35.7313],
          [-117.82106, 35.74617],
          [-117.79382, 35.74993],
          [-117.76658, 35.75368],
          [-117.73933, 35.75743],
          [-117.72971, 35.76841],
          [-117.71669, 35.78328],
          [-117.68944, 35.78702],
          [-117.66218, 35.79075],
          [-117.65255, 35.80173],
          [-117.63952, 35.81659],
          [-117.62988, 35.82757],
          [-117.61684, 35.84242],
          [-117.6072, 35.8534],
          [-117.59416, 35.86825],
          [-117.56688, 35.87196],
          [-117.55723, 35.88294],
          [-117.54417, 35.89778],
          [-117.53452, 35.90875],
          [-117.52146, 35.92359],
          [-117.5118, 35.93456],
          [-117.49874, 35.9494],
          [-117.48908, 35.96037],
          [-117.476, 35.9752],
          [-117.44869, 35.9789],
          [-117.43902, 35.98986],
          [-117.42594, 36.00469],
          [-117.39862, 36.00838],
          [-117.3713, 36.01206],
          [-117.34397, 36.01574],
          [-117.32565, 36.00514],
          [-117.31211, 35.99731],
          [-117.28479, 36.00098],
          [-117.25747, 36.00464],
          [-117.24778, 36.01559],
          [-117.23466, 36.03041],
          [-117.22497, 36.04135],
          [-117.21185, 36.05616],
          [-117.18451, 36.05982],
          [-117.17481, 36.07076],
          [-117.16168, 36.08556],
          [-117.13433, 36.08921],
          [-117.12462, 36.10015],
          [-117.11148, 36.11495],
          [-117.10176, 36.12588],
          [-117.08862, 36.14068],
          [-117.0789, 36.15162],
          [-117.0834, 36.17371],
          [-117.07024, 36.1885],
          [-117.06052, 36.19944],
          [-117.04736, 36.21423],
          [-117.03763, 36.22516],
          [-117.02446, 36.23994],
          [-117.01473, 36.25087],
          [-117.00155, 36.26565],
          [-116.97415, 36.26927],
          [-116.94675, 36.27288],
          [-116.91935, 36.27648],
          [-116.89195, 36.28008],
          [-116.8822, 36.291],
          [-116.869, 36.30577],
          [-116.84159, 36.30936],
          [-116.81417, 36.31295],
          [-116.80441, 36.32386],
          [-116.7912, 36.33863],
          [-116.76378, 36.34221],
          [-116.75401, 36.35311],
          [-116.74079, 36.36787],
          [-116.73101, 36.37878],
          [-116.71778, 36.39353],
          [-116.70801, 36.40443],
          [-116.69477, 36.41918],
          [-116.68499, 36.43009],
          [-116.67175, 36.44483],
          [-116.66196, 36.45573],
          [-116.64872, 36.47047],
          [-116.63893, 36.48137],
          [-116.62567, 36.49611],
          [-116.61588, 36.50701],
          [-116.6203, 36.52909],
          [-116.60704, 36.54382],
          [-116.59723, 36.55471],
          [-116.58397, 36.56945],
          [-116.57416, 36.58034],
          [-116.56089, 36.59507],
          [-116.55107, 36.60595],
          [-116.5378, 36.62068],
          [-116.52798, 36.63156],
          [-116.51469, 36.64629],
          [-116.50487, 36.65717],
          [-116.49158, 36.67189],
          [-116.48176, 36.68277],
          [-116.46846, 36.69748],
          [-116.45863, 36.70836],
          [-116.46302, 36.73043],
          [-116.44972, 36.74514],
          [-116.42218, 36.74866],
          [-116.41234, 36.75953],
          [-116.39902, 36.77424],
          [-116.38918, 36.78511],
          [-116.37585, 36.79981],
          [-116.36601, 36.81068],
          [-116.35268, 36.82538],
          [-116.32511, 36.82888],
          [-116.31526, 36.83974],
          [-116.30192, 36.85444],
          [-116.29206, 36.8653],
          [-116.27871, 36.87999],
          [-116.26885, 36.89085],
          [-116.25549, 36.90554],
          [-116.24562, 36.91639],
          [-116.23226, 36.93108],
          [-116.22239, 36.94193],
          [-116.20902, 36.95661],
          [-116.19914, 36.96746],
          [-116.18577, 36.98214],
          [-116.17589, 36.99299],
          [-116.16251, 37.00767],
          [-116.1349, 37.01114],
          [-116.125, 37.02198],
          [-116.11162, 37.03665],
          [-116.10172, 37.04749],
          [-116.08833, 37.06216],
          [-116.0607, 37.06561],
          [-116.05079, 37.07645],
          [-116.03739, 37.09111],
          [-116.00975, 37.09456],
          [-115.99983, 37.10539],
          [-115.98642, 37.12005],
          [-115.9765, 37.13088],
          [-115.96308, 37.14553],
          [-115.95316, 37.15636],
          [-115.95747, 37.1784],
          [-115.94404, 37.19305],
          [-115.93411, 37.20387],
          [-115.93842, 37.22591],
          [-115.94273, 37.24795],
          [-115.92929, 37.26259],
          [-115.91935, 37.27341],
          [-115.92366, 37.29544],
          [-115.91021, 37.31008],
          [-115.90027, 37.3209],
          [-115.88681, 37.33553],
          [-115.87686, 37.34635],
          [-115.8634, 37.36098],
          [-115.85345, 37.37179],
          [-115.85775, 37.39382],
          [-115.84428, 37.40844],
          [-115.83432, 37.41925],
          [-115.82084, 37.43388],
          [-115.81088, 37.44468],
          [-115.7974, 37.45931],
          [-115.78743, 37.47011],
          [-115.79172, 37.49213],
          [-115.77823, 37.50674],
          [-115.76825, 37.51755],
          [-115.77254, 37.53956],
          [-115.75904, 37.55417],
          [-115.74906, 37.56497],
          [-115.75334, 37.58698],
          [-115.73984, 37.60159],
          [-115.72985, 37.61238],
          [-115.73413, 37.63439],
          [-115.72061, 37.64899],
          [-115.71062, 37.65978],
          [-115.7149, 37.68179],
          [-115.70138, 37.69639],
          [-115.69138, 37.70718],
          [-115.69566, 37.72917],
          [-115.68212, 37.74377],
          [-115.67212, 37.75455],
          [-115.67639, 37.77655],
          [-115.68067, 37.79854],
          [-115.66712, 37.81313],
          [-115.65711, 37.82391],
          [-115.66139, 37.8459],
          [-115.64783, 37.86049],
          [-115.63781, 37.87126],
          [-115.64209, 37.89325],
          [-115.64636, 37.91523],
          [-115.65064, 37.93721],
          [-115.63707, 37.95179],
          [-115.62704, 37.96256],
          [-115.63132, 37.98454],
          [-115.61774, 37.99911],
          [-115.60771, 38.00988],
          [-115.61198, 38.03186],
          [-115.5984, 38.04643],
          [-115.58835, 38.05719],
          [-115.57476, 38.07176],
          [-115.56472, 38.08252],
          [-115.56898, 38.10449],
          [-115.55538, 38.11905],
          [-115.54533, 38.12981],
          [-115.54959, 38.15177],
          [-115.53599, 38.16633],
          [-115.52593, 38.17709],
          [-115.53019, 38.19905],
          [-115.51657, 38.2136],
          [-115.50651, 38.22435],
          [-115.49288, 38.2389],
          [-115.48281, 38.24965],
          [-115.46918, 38.2642],
          [-115.45911, 38.27495],
          [-115.46336, 38.2969],
          [-115.44972, 38.31144],
          [-115.43964, 38.32218],
          [-115.42599, 38.33672],
          [-115.41591, 38.34746],
          [-115.40226, 38.362],
          [-115.39216, 38.37274],
          [-115.37851, 38.38727],
          [-115.36841, 38.39801],
          [-115.35475, 38.41253],
          [-115.34464, 38.42327],
          [-115.33097, 38.43779],
          [-115.32087, 38.44852],
          [-115.30719, 38.46304],
          [-115.27917, 38.46635],
          [-115.26906, 38.47708],
          [-115.25537, 38.49159],
          [-115.22734, 38.49489],
          [-115.21722, 38.50562],
          [-115.20352, 38.52012],
          [-115.19339, 38.53085],
          [-115.17969, 38.54535],
          [-115.15164, 38.54864],
          [-115.14151, 38.55935],
          [-115.12779, 38.57385],
          [-115.11765, 38.58457],
          [-115.10393, 38.59906],
          [-115.09378, 38.60977],
          [-115.09797, 38.6317],
          [-115.08424, 38.64619],
          [-115.07409, 38.6569],
          [-115.07828, 38.67882],
          [-115.06454, 38.69331],
          [-115.05438, 38.70401],
          [-115.05857, 38.72593],
          [-115.04482, 38.74041],
          [-115.03466, 38.75111],
          [-115.03884, 38.77303],
          [-115.04303, 38.79494],
          [-115.02927, 38.80941],
          [-115.01909, 38.82011],
          [-115.00533, 38.83458],
          [-114.99515, 38.84528],
          [-114.99933, 38.86718],
          [-114.98555, 38.88165],
          [-114.97537, 38.89234],
          [-114.97955, 38.91424],
          [-114.96576, 38.92871],
          [-114.95557, 38.93939],
          [-114.95975, 38.96129],
          [-114.94595, 38.97575],
          [-114.93576, 38.98643],
          [-114.93993, 39.00833],
          [-114.94411, 39.03022],
          [-114.9303, 39.04467],
          [-114.9201, 39.05535],
          [-114.92427, 39.07724],
          [-114.91045, 39.09168],
          [-114.90024, 39.10236],
          [-114.90441, 39.12424],
          [-114.90859, 39.14612],
          [-114.89476, 39.16056],
          [-114.88454, 39.17124],
          [-114.88871, 39.19311],
          [-114.87488, 39.20755],
          [-114.86465, 39.21822],
          [-114.86882, 39.24009],
          [-114.85498, 39.25452],
          [-114.84474, 39.26518],
          [-114.84891, 39.28705],
          [-114.83506, 39.30148],
          [-114.82482, 39.31214],
          [-114.82898, 39.334],
          [-114.81512, 39.34842],
          [-114.80487, 39.35908],
          [-114.791, 39.3735],
          [-114.78075, 39.38415],
          [-114.76688, 39.39857],
          [-114.75662, 39.40922],
          [-114.76078, 39.43107],
          [-114.74689, 39.44548],
          [-114.73663, 39.45613],
          [-114.72274, 39.47054],
          [-114.69444, 39.47374],
          [-114.68416, 39.48438],
          [-114.67026, 39.49878],
          [-114.65999, 39.50942],
          [-114.64608, 39.52382],
          [-114.61776, 39.527],
          [-114.60747, 39.53764],
          [-114.59356, 39.55203],
          [-114.58327, 39.56267],
          [-114.56934, 39.57705],
          [-114.541, 39.58022],
          [-114.53071, 39.59085],
          [-114.51677, 39.60523],
          [-114.48842, 39.6084],
          [-114.46007, 39.61156],
          [-114.43172, 39.61471],
          [-114.40337, 39.61786],
          [-114.37501, 39.62101],
          [-114.36469, 39.63162],
          [-114.35073, 39.64599],
          [-114.34041, 39.6566],
          [-114.32644, 39.67096],
          [-114.31611, 39.68158],
          [-114.30213, 39.69593],
          [-114.2918, 39.70654],
          [-114.27781, 39.7209],
          [-114.26748, 39.7315],
          [-114.25349, 39.74585],
          [-114.22509, 39.74897],
          [-114.21475, 39.75957],
          [-114.20074, 39.77392],
          [-114.19039, 39.78452],
          [-114.17638, 39.79886],
          [-114.16603, 39.80945],
          [-114.15201, 39.82379],
          [-114.14165, 39.83438],
          [-114.14569, 39.85621],
          [-114.13167, 39.87054],
          [-114.1213, 39.88113],
          [-114.10727, 39.89546],
          [-114.0969, 39.90604],
          [-114.08286, 39.92037],
          [-114.07248, 39.93095],
          [-114.05844, 39.94527],
          [-114.04806, 39.95585],
          [-114.03401, 39.97017],
          [-114.00554, 39.97325],
          [-113.99515, 39.98383],
          [-113.98109, 39.99814],
          [-113.97069, 40.00871],
          [-113.95663, 40.02302],
          [-113.92815, 40.02609],
          [-113.91774, 40.03666],
          [-113.90366, 40.05096],
          [-113.89325, 40.06152],
          [-113.87917, 40.07582],
          [-113.86875, 40.08639],
          [-113.85466, 40.10068],
          [-113.82616, 40.10373],
          [-113.81573, 40.11429],
          [-113.80163, 40.12857],
          [-113.77312, 40.13161],
          [-113.7446, 40.13465],
          [-113.71609, 40.13768],
          [-113.68757, 40.14071],
          [-113.65905, 40.14373],
          [-113.63053, 40.14675],
          [-113.60201, 40.14976],
          [-113.57348, 40.15277],
          [-113.54495, 40.15577],
          [-113.5345, 40.16631],
          [-113.52035, 40.18057],
          [-113.49181, 40.18357],
          [-113.46328, 40.18656],
          [-113.45281, 40.19709],
          [-113.43864, 40.21134],
          [-113.42817, 40.22187],
          [-113.43208, 40.24367],
          [-113.4179, 40.25792],
          [-113.40742, 40.26845],
          [-113.39324, 40.28269],
          [-113.38276, 40.29321],
          [-113.36857, 40.30745],
          [-113.35808, 40.31797],
          [-113.36197, 40.33976],
          [-113.34778, 40.35399],
          [-113.33728, 40.36451],
          [-113.32307, 40.37874],
          [-113.29448, 40.3817],
          [-113.28397, 40.39222],
          [-113.26976, 40.40644],
          [-113.25925, 40.41695],
          [-113.24503, 40.43117],
          [-113.23451, 40.44168],
          [-113.22028, 40.4559],
          [-113.19166, 40.45884],
          [-113.18114, 40.46934],
          [-113.1669, 40.48355],
          [-113.15637, 40.49405],
          [-113.14212, 40.50826],
          [-113.11349, 40.51119],
          [-113.10295, 40.52168],
          [-113.08869, 40.53588],
          [-113.07815, 40.54638],
          [-113.06389, 40.56057],
          [-113.05334, 40.57106],
          [-113.03907, 40.58525],
          [-113.02852, 40.59574],
          [-113.01424, 40.60993],
          [-113.00368, 40.62041],
          [-112.9894, 40.6346],
          [-112.97883, 40.64508],
          [-112.96454, 40.65926],
          [-112.95398, 40.66974],
          [-112.93968, 40.68392],
          [-112.9291, 40.69439],
          [-112.9148, 40.70857],
          [-112.90422, 40.71904],
          [-112.88991, 40.73321],
          [-112.87933, 40.74368],
          [-112.88314, 40.76543],
          [-112.86881, 40.77959],
          [-112.85823, 40.79006],
          [-112.8439, 40.80422],
          [-112.8333, 40.81468],
          [-112.81897, 40.82884],
          [-112.79023, 40.83171],
          [-112.77963, 40.84217],
          [-112.76528, 40.85632],
          [-112.75467, 40.86678],
          [-112.74032, 40.88092],
          [-112.71157, 40.88378],
          [-112.70095, 40.89423],
          [-112.68659, 40.90837],
          [-112.65782, 40.91122],
          [-112.6472, 40.92167],
          [-112.63282, 40.9358],
          [-112.60405, 40.93864],
          [-112.59342, 40.94909],
          [-112.57903, 40.96321],
          [-112.55025, 40.96604],
          [-112.53961, 40.97648],
          [-112.52521, 40.9906],
          [-112.49642, 40.99342],
          [-112.48578, 41.00386],
          [-112.47136, 41.01797],
          [-112.46071, 41.0284],
          [-112.44629, 41.04251],
          [-112.43563, 41.05294],
          [-112.42121, 41.06704],
          [-112.3924, 41.06985],
          [-112.38173, 41.08027],
          [-112.36729, 41.09437],
          [-112.35662, 41.10479],
          [-112.34218, 41.11889],
          [-112.31335, 41.12168],
          [-112.28452, 41.12446],
          [-112.27383, 41.13488],
          [-112.25937, 41.14896],
          [-112.23053, 41.15174],
          [-112.20169, 41.15451],
          [-112.19099, 41.16492],
          [-112.17652, 41.179],
          [-112.14767, 41.18176],
          [-112.13696, 41.19216],
          [-112.12248, 41.20623],
          [-112.11177, 41.21663],
          [-112.11543, 41.23834],
          [-112.10094, 41.25241],
          [-112.09022, 41.2628],
          [-112.07572, 41.27687],
          [-112.065, 41.28726],
          [-112.06865, 41.30896],
          [-112.05414, 41.32302],
          [-112.04341, 41.3334],
          [-112.0289, 41.34746],
          [-112.01816, 41.35784],
          [-112.02181, 41.37954],
          [-112.00728, 41.39359],
          [-112, 41.40062]
        ]
      }
    },
    {
      "type": "Feature",
      "id": "2026082100_f186_14000_001",
      "properties": {
        "product_id": "winter_storm_levels",
        "source_id": "nbm_snow_level",
        "parameter": "snow_level",
        "definition": "height of the wet-bulb 0.5 degree C surface",
        "level_ft_msl": 14000,
        "label": "14,000 ft MSL",
        "unit": "ft_msl",
        "cycle_time_utc": "2026-08-21T00:00:00Z",
        "valid_time_utc": "2026-08-28T18:00:00Z",
        "lead_hours": 186,
        "segment": 1,
        "length_m": 1184494.4
      },
      "geometry": {
        "type": "LineString",
        "coordinates": [
          [-119.01579, 30.24602],
          [-119.01824, 30.25783],
          [-119.00813, 30.27037],
          [-118.99696, 30.28422],
          [-118.98684, 30.29676],
          [-118.97566, 30.31061],
          [-118.9803, 30.33299],
          [-118.97018, 30.34553],
          [-118.959, 30.35938],
          [-118.96363, 30.38176],
          [-118.95351, 30.39429],
          [-118.94231, 30.40814],
          [-118.93218, 30.42067],
          [-118.92099, 30.43452],
          [-118.92562, 30.4569],
          [-118.91548, 30.46942],
          [-118.90428, 30.48327],
          [-118.90891, 30.50565],
          [-118.91354, 30.52803],
          [-118.90339, 30.54055],
          [-118.89218, 30.55439],
          [-118.89681, 30.57677],
          [-118.88666, 30.58929],
          [-118.87544, 30.60313],
          [-118.88007, 30.62551],
          [-118.8847, 30.64788],
          [-118.88933, 30.67026],
          [-118.87917, 30.68278],
          [-118.86794, 30.69661],
          [-118.87257, 30.71899],
          [-118.87721, 30.74136],
          [-118.88184, 30.76373],
          [-118.87167, 30.77625],
          [-118.84564, 30.78022],
          [-118.83439, 30.79406],
          [-118.82422, 30.80657],
          [-118.79817, 30.81054],
          [-118.78692, 30.82437],
          [-118.77674, 30.83688],
          [-118.76549, 30.8507],
          [-118.7701, 30.87307],
          [-118.75991, 30.88558],
          [-118.74865, 30.8994],
          [-118.75327, 30.92177],
          [-118.75788, 30.94414],
          [-118.74769, 30.95664],
          [-118.73642, 30.97046],
          [-118.74103, 30.99283],
          [-118.73083, 31.00533],
          [-118.71955, 31.01915],
          [-118.70935, 31.03165],
          [-118.68325, 31.0356],
          [-118.65714, 31.03954],
          [-118.63104, 31.04348],
          [-118.60493, 31.04742],
          [-118.57883, 31.05135],
          [-118.55272, 31.05528],
          [-118.52661, 31.0592],
          [-118.5153, 31.073],
          [-118.50507, 31.08549],
          [-118.49375, 31.09929],
          [-118.48352, 31.11177],
          [-118.4722, 31.12557],
          [-118.46196, 31.13805],
          [-118.45064, 31.15185],
          [-118.44039, 31.16433],
          [-118.42906, 31.17812],
          [-118.43363, 31.20048],
          [-118.42337, 31.21296],
          [-118.41204, 31.22675],
          [-118.40178, 31.23923],
          [-118.39044, 31.25301],
          [-118.38018, 31.26549],
          [-118.36884, 31.27927],
          [-118.35857, 31.29175],
          [-118.34722, 31.30553],
          [-118.33695, 31.318],
          [-118.32559, 31.33178],
          [-118.33014, 31.35414],
          [-118.33469, 31.3765],
          [-118.32442, 31.38897],
          [-118.31305, 31.40275],
          [-118.30277, 31.41521],
          [-118.2914, 31.42899],
          [-118.29595, 31.45135],
          [-118.28566, 31.46381],
          [-118.27428, 31.47758],
          [-118.27883, 31.49994],
          [-118.26853, 31.5124],
          [-118.25715, 31.52617],
          [-118.24685, 31.53863],
          [-118.22062, 31.5425],
          [-118.20923, 31.55626],
          [-118.19892, 31.56872],
          [-118.18753, 31.58248],
          [-118.17721, 31.59493],
          [-118.16581, 31.6087],
          [-118.15549, 31.62115],
          [-118.14409, 31.63491],
          [-118.13376, 31.64735],
          [-118.10751, 31.6512],
          [-118.09609, 31.66496],
          [-118.08576, 31.6774],
          [-118.05949, 31.68124],
          [-118.04807, 31.69499],
          [-118.03773, 31.70743],
          [-118.0263, 31.72118],
          [-118.01596, 31.73362],
          [-118.00452, 31.74737],
          [-117.99418, 31.7598],
          [-117.96789, 31.76363],
          [-117.95644, 31.77737],
          [-117.94609, 31.7898],
          [-117.93464, 31.80354],
          [-117.92428, 31.81597],
          [-117.91283, 31.82971],
          [-117.90246, 31.84214],
          [-117.891, 31.85587],
          [-117.88064, 31.8683],
          [-117.85432, 31.8721],
          [-117.84285, 31.88584],
          [-117.83247, 31.89826],
          [-117.821, 31.91199],
          [-117.81062, 31.9244],
          [-117.79914, 31.93813],
          [-117.80361, 31.96048],
          [-117.79322, 31.9729],
          [-117.78174, 31.98662],
          [-117.77135, 31.99903],
          [-117.75986, 32.01276],
          [-117.74946, 32.02517],
          [-117.73796, 32.03889],
          [-117.72756, 32.0513],
          [-117.7012, 32.05508],
          [-117.68969, 32.06879],
          [-117.67928, 32.0812],
          [-117.66777, 32.09491],
          [-117.65736, 32.10731],
          [-117.64584, 32.12102],
          [-117.65029, 32.14337],
          [-117.63987, 32.15577],
          [-117.62835, 32.16948],
          [-117.61792, 32.18188],
          [-117.59153, 32.18564],
          [-117.58, 32.19934],
          [-117.56956, 32.21173],
          [-117.55803, 32.22543],
          [-117.54759, 32.23783],
          [-117.52117, 32.24158],
          [-117.50963, 32.25527],
          [-117.49918, 32.26766],
          [-117.48763, 32.28135],
          [-117.49206, 32.30369],
          [-117.48161, 32.31608],
          [-117.47005, 32.32977],
          [-117.45959, 32.34216],
          [-117.44803, 32.35584],
          [-117.43757, 32.36823],
          [-117.426, 32.38191],
          [-117.41553, 32.39429],
          [-117.40396, 32.40798],
          [-117.39349, 32.42035],
          [-117.38191, 32.43403],
          [-117.37143, 32.44641],
          [-117.35985, 32.46009],
          [-117.36426, 32.48242],
          [-117.35378, 32.4948],
          [-117.34219, 32.50847],
          [-117.3317, 32.52084],
          [-117.30521, 32.52455],
          [-117.29361, 32.53822],
          [-117.28312, 32.55059],
          [-117.27151, 32.56426],
          [-117.26101, 32.57663],
          [-117.2494, 32.59029],
          [-117.2389, 32.60265],
          [-117.22728, 32.61632],
          [-117.21677, 32.62868],
          [-117.20515, 32.64234],
          [-117.19464, 32.6547],
          [-117.16812, 32.65838],
          [-117.15649, 32.67204],
          [-117.14596, 32.6844],
          [-117.11943, 32.68807],
          [-117.1078, 32.70173],
          [-117.09727, 32.71408],
          [-117.07073, 32.71775],
          [-117.05908, 32.73139],
          [-117.04854, 32.74374],
          [-117.022, 32.7474],
          [-117.01034, 32.76104],
          [-116.99979, 32.77339],
          [-116.98813, 32.78703],
          [-116.97758, 32.79937],
          [-116.96592, 32.81301],
          [-116.97026, 32.83533],
          [-116.9597, 32.84767],
          [-116.94803, 32.8613],
          [-116.93746, 32.87364],
          [-116.92579, 32.88727],
          [-116.91522, 32.8996],
          [-116.90353, 32.91323],
          [-116.89296, 32.92556],
          [-116.86637, 32.9292],
          [-116.85467, 32.94282],
          [-116.84409, 32.95515],
          [-116.81749, 32.95878],
          [-116.80579, 32.9724],
          [-116.7952, 32.98472],
          [-116.76859, 32.98834],
          [-116.75688, 33.00195],
          [-116.74628, 33.01427],
          [-116.71966, 33.01788],
          [-116.69304, 33.02149],
          [-116.68132, 33.0351],
          [-116.67071, 33.04741],
          [-116.64408, 33.051],
          [-116.63235, 33.06461],
          [-116.62173, 33.07692],
          [-116.59509, 33.08051],
          [-116.58335, 33.09411],
          [-116.57273, 33.10641],
          [-116.56098, 33.12001],
          [-116.55035, 33.13231],
          [-116.5386, 33.14591],
          [-116.52797, 33.15821],
          [-116.51621, 33.1718],
          [-116.50557, 33.1841],
          [-116.49381, 33.19769],
          [-116.48317, 33.20998],
          [-116.4714, 33.22357],
          [-116.46075, 33.23586],
          [-116.44898, 33.24945],
          [-116.43832, 33.26174],
          [-116.42655, 33.27532],
          [-116.41589, 33.28761],
          [-116.38919, 33.29116],
          [-116.37741, 33.30474],
          [-116.36674, 33.31702],
          [-116.35495, 33.3306],
          [-116.34428, 33.34288],
          [-116.31757, 33.34642],
          [-116.30577, 33.35999],
          [-116.29509, 33.37227],
          [-116.28328, 33.38584],
          [-116.2726, 33.39811],
          [-116.24587, 33.40164],
          [-116.23405, 33.4152],
          [-116.22336, 33.42747],
          [-116.19663, 33.43099],
          [-116.16989, 33.43451],
          [-116.14316, 33.43802],
          [-116.11642, 33.44152],
          [-116.08968, 33.44502],
          [-116.06294, 33.44852],
          [-116.04825, 33.43958],
          [-116.03201, 33.4297],
          [-116.00527, 33.43319],
          [-115.97853, 33.43667],
          [-115.95179, 33.44015],
          [-115.92504, 33.44362],
          [-115.91036, 33.43467],
          [-115.89414, 33.42477],
          [-115.8674, 33.42824],
          [-115.84065, 33.4317],
          [-115.82879, 33.44523],
          [-115.81805, 33.45748],
          [-115.79129, 33.46093],
          [-115.77942, 33.47446],
          [-115.76867, 33.4867],
          [-115.74191, 33.49014],
          [-115.73002, 33.50366],
          [-115.71927, 33.5159],
          [-115.70738, 33.52942],
          [-115.69662, 33.54165],
          [-115.68472, 33.55517],
          [-115.67395, 33.5674],
          [-115.64717, 33.57083],
          [-115.63527, 33.58434],
          [-115.62449, 33.59657],
          [-115.61258, 33.61008],
          [-115.6018, 33.6223],
          [-115.57501, 33.62572],
          [-115.56309, 33.63922],
          [-115.5523, 33.65144],
          [-115.54037, 33.66495],
          [-115.52958, 33.67716],
          [-115.51765, 33.69066],
          [-115.50686, 33.70288],
          [-115.48004, 33.70628],
          [-115.4681, 33.71977],
          [-115.45729, 33.73198],
          [-115.43046, 33.73537],
          [-115.40363, 33.73876],
          [-115.3768, 33.74214],
          [-115.36213, 33.73315],
          [-115.34591, 33.7232],
          [-115.31908, 33.72658],
          [-115.29225, 33.72994],
          [-115.27758, 33.72094],
          [-115.26137, 33.71099],
          [-115.23454, 33.71435],
          [-115.21988, 33.70534],
          [-115.20368, 33.69538],
          [-115.17685, 33.69873],
          [-115.15002, 33.70208],
          [-115.13537, 33.69306],
          [-115.11918, 33.68309],
          [-115.09235, 33.68643],
          [-115.06553, 33.68976],
          [-115.05354, 33.70323],
          [-115.04269, 33.71541],
          [-115.0307, 33.72887],
          [-115.01985, 33.74105],
          [-114.993, 33.74437],
          [-114.981, 33.75783],
          [-114.97014, 33.77001],
          [-114.95813, 33.78346],
          [-114.94727, 33.79564],
          [-114.93525, 33.80909],
          [-114.92438, 33.82126],
          [-114.91236, 33.83471],
          [-114.90149, 33.84688],
          [-114.88947, 33.86033],
          [-114.87858, 33.8725],
          [-114.86656, 33.88595],
          [-114.87052, 33.90826],
          [-114.85964, 33.92042],
          [-114.8476, 33.93387],
          [-114.85157, 33.95618],
          [-114.85554, 33.97849],
          [-114.84464, 33.99065],
          [-114.83259, 34.00409],
          [-114.83656, 34.0264],
          [-114.84053, 34.04871],
          [-114.8445, 34.07101],
          [-114.84847, 34.09332],
          [-114.83756, 34.10547],
          [-114.8255, 34.11891],
          [-114.82947, 34.14121],
          [-114.83344, 34.16351],
          [-114.83741, 34.18581],
          [-114.84138, 34.20811],
          [-114.84536, 34.2304],
          [-114.84934, 34.2527],
          [-114.85331, 34.27499],
          [-114.85729, 34.29728],
          [-114.86127, 34.31957],
          [-114.86526, 34.34186],
          [-114.85433, 34.354],
          [-114.84224, 34.36743],
          [-114.84622, 34.38971],
          [-114.85021, 34.412],
          [-114.83927, 34.42414],
          [-114.82718, 34.43756],
          [-114.83116, 34.45984],
          [-114.83514, 34.48212],
          [-114.83912, 34.5044],
          [-114.84311, 34.52668],
          [-114.83216, 34.53882],
          [-114.82005, 34.55223],
          [-114.82403, 34.57451],
          [-114.82802, 34.59678],
          [-114.81706, 34.60891],
          [-114.80494, 34.62233],
          [-114.80892, 34.64459],
          [-114.79796, 34.65673],
          [-114.78584, 34.67014],
          [-114.78982, 34.6924],
          [-114.7938, 34.71467],
          [-114.78282, 34.7268],
          [-114.77069, 34.7402],
          [-114.77467, 34.76246],
          [-114.77865, 34.78472],
          [-114.76767, 34.79685],
          [-114.75553, 34.81025],
          [-114.75951, 34.8325],
          [-114.74852, 34.84463],
          [-114.73637, 34.85802],
          [-114.74034, 34.88028],
          [-114.72935, 34.8924],
          [-114.71719, 34.90579],
          [-114.72117, 34.92804],
          [-114.71016, 34.94016],
          [-114.698, 34.95355],
          [-114.68699, 34.96566],
          [-114.65984, 34.96891],
          [-114.64767, 34.9823],
          [-114.63665, 34.99441],
          [-114.62447, 35.00779],
          [-114.62843, 35.03004],
          [-114.61741, 35.04214],
          [-114.60522, 35.05552],
          [-114.59419, 35.06763],
          [-114.582, 35.081],
          [-114.57096, 35.09311],
          [-114.55877, 35.10648],
          [-114.54773, 35.11858],
          [-114.53552, 35.13195],
          [-114.52448, 35.14404],
          [-114.51227, 35.15741],
          [-114.50122, 35.16951],
          [-114.48901, 35.18287],
          [-114.49295, 35.20511],
          [-114.48189, 35.2172],
          [-114.46967, 35.23056],
          [-114.45861, 35.24265],
          [-114.44638, 35.25601],
          [-114.43531, 35.26809],
          [-114.42308, 35.28145],
          [-114.42701, 35.30368],
          [-114.41593, 35.31576],
          [-114.40369, 35.32911],
          [-114.39262, 35.34119],
          [-114.38037, 35.35454],
          [-114.36929, 35.36662],
          [-114.35703, 35.37997],
          [-114.34594, 35.39204],
          [-114.33369, 35.40538],
          [-114.32259, 35.41746],
          [-114.31033, 35.4308],
          [-114.29923, 35.44287],
          [-114.27195, 35.44605],
          [-114.25968, 35.45938],
          [-114.24857, 35.47145],
          [-114.22129, 35.47462],
          [-114.209, 35.48795],
          [-114.19789, 35.50001],
          [-114.1856, 35.51334],
          [-114.17448, 35.5254],
          [-114.14718, 35.52856],
          [-114.13488, 35.54188],
          [-114.12375, 35.55394],
          [-114.11145, 35.56726],
          [-114.10032, 35.57931],
          [-114.073, 35.58246],
          [-114.06069, 35.59577],
          [-114.04954, 35.60782],
          [-114.03723, 35.62113],
          [-114.02608, 35.63317],
          [-114.01375, 35.64648],
          [-114.0026, 35.65852],
          [-113.99027, 35.67183],
          [-113.99413, 35.69404],
          [-113.98297, 35.70608],
          [-113.97063, 35.71938],
          [-113.97448, 35.74159],
          [-113.96332, 35.75362],
          [-113.95097, 35.76692],
          [-113.95483, 35.78913],
          [-113.94365, 35.80116],
          [-113.9313, 35.81445],
          [-113.92012, 35.82648],
          [-113.90776, 35.83977],
          [-113.91161, 35.86197],
          [-113.90042, 35.874],
          [-113.87303, 35.87711],
          [-113.86066, 35.8904],
          [-113.84946, 35.90242],
          [-113.83709, 35.9157],
          [-113.82589, 35.92772],
          [-113.81351, 35.941],
          [-113.8023, 35.95302],
          [-113.78991, 35.96629],
          [-113.77871, 35.97831],
          [-113.75128, 35.9814],
          [-113.73888, 35.99467],
          [-113.7427, 36.01686],
          [-113.73148, 36.02887],
          [-113.71908, 36.04214],
          [-113.70785, 36.05414],
          [-113.69544, 36.06741],
          [-113.69925, 36.0896],
          [-113.68802, 36.1016],
          [-113.6756, 36.11486],
          [-113.66436, 36.12686],
          [-113.65194, 36.14012],
          [-113.65575, 36.1623],
          [-113.6445, 36.17429],
          [-113.63207, 36.18755],
          [-113.63587, 36.20973],
          [-113.62462, 36.22172],
          [-113.61218, 36.23497],
          [-113.60093, 36.24696],
          [-113.58848, 36.26021],
          [-113.57722, 36.2722],
          [-113.56477, 36.28544],
          [-113.5535, 36.29742],
          [-113.54105, 36.31067],
          [-113.54483, 36.33284],
          [-113.53356, 36.34482],
          [-113.5211, 36.35806],
          [-113.50982, 36.37003],
          [-113.49735, 36.38327],
          [-113.48606, 36.39525],
          [-113.47359, 36.40848],
          [-113.4623, 36.42045],
          [-113.43475, 36.42349],
          [-113.42227, 36.43671],
          [-113.41097, 36.44868],
          [-113.39609, 36.43959],
          [-113.37966, 36.42954],
          [-113.35211, 36.43256],
          [-113.33724, 36.42347],
          [-113.32081, 36.41341],
          [-113.30594, 36.40431],
          [-113.3022, 36.38214],
          [-113.29846, 36.35997],
          [-113.29472, 36.33779],
          [-113.29099, 36.31562],
          [-113.28725, 36.29344],
          [-113.28352, 36.27126],
          [-113.27979, 36.24908],
          [-113.27606, 36.22689],
          [-113.27233, 36.20471],
          [-113.2686, 36.18252],
          [-113.26487, 36.16033],
          [-113.24849, 36.15026],
          [-113.22101, 36.15326],
          [-113.19352, 36.15626],
          [-113.16603, 36.15925],
          [-113.15355, 36.17248],
          [-113.14225, 36.18444],
          [-113.11475, 36.18742],
          [-113.10226, 36.20064],
          [-113.09095, 36.21259],
          [-113.07844, 36.22581],
          [-113.06713, 36.23776],
          [-113.05462, 36.25097],
          [-113.0433, 36.26292],
          [-113.03079, 36.27613],
          [-113.01946, 36.28807],
          [-112.99194, 36.29104],
          [-112.96441, 36.294],
          [-112.93689, 36.29695],
          [-112.92436, 36.31015],
          [-112.91302, 36.32209],
          [-112.88548, 36.32503],
          [-112.85794, 36.32798],
          [-112.84313, 36.31883],
          [-112.82676, 36.30873],
          [-112.79923, 36.31166],
          [-112.77169, 36.31459],
          [-112.74415, 36.31751],
          [-112.71661, 36.32043],
          [-112.70181, 36.31127],
          [-112.68546, 36.30115],
          [-112.65792, 36.30406],
          [-112.63038, 36.30697],
          [-112.61559, 36.2978],
          [-112.59925, 36.28767],
          [-112.57171, 36.29057],
          [-112.54418, 36.29346],
          [-112.51664, 36.29634],
          [-112.4891, 36.29923],
          [-112.46156, 36.3021],
          [-112.43401, 36.30497],
          [-112.42142, 36.31813],
          [-112.41003, 36.33004],
          [-112.38248, 36.3329],
          [-112.36987, 36.34606],
          [-112.35847, 36.35796],
          [-112.34586, 36.37111],
          [-112.33445, 36.38301],
          [-112.32184, 36.39615],
          [-112.31043, 36.40805],
          [-112.29781, 36.42119],
          [-112.30135, 36.44338],
          [-112.28992, 36.45527],
          [-112.2773, 36.46841],
          [-112.28083, 36.4906],
          [-112.2694, 36.50249],
          [-112.25677, 36.51563],
          [-112.2603, 36.53781],
          [-112.24887, 36.54969],
          [-112.23622, 36.56283],
          [-112.23975, 36.585],
          [-112.22831, 36.59688],
          [-112.21566, 36.61001],
          [-112.21919, 36.63219],
          [-112.20774, 36.64407],
          [-112.19508, 36.65719],
          [-112.18362, 36.66907],
          [-112.17096, 36.68219],
          [-112.1595, 36.69406],
          [-112.13185, 36.69688],
          [-112.11917, 36.71],
          [-112.1077, 36.72186],
          [-112.09502, 36.73498],
          [-112.08355, 36.74684],
          [-112.07086, 36.75995],
          [-112.05938, 36.77181],
          [-112.03171, 36.77462],
          [-112.00404, 36.77741],
          [-112, 36.77782]
        ]
      }
    }
  ]
}

