{
  "type": "FeatureCollection",
  "contract_version": "1.0.0",
  "bbox": [-130, 30.12431, -112, 44.5],
  "features": [
    {
      "type": "Feature",
      "id": "2026090606_f024_07000_001",
      "properties": {
        "product_id": "winter_storm_levels",
        "source_id": "nbm_snow_level",
        "parameter": "snow_level",
        "definition": "height of the wet-bulb 0.5 degree C surface",
        "level_ft_msl": 7000,
        "label": "7,000 ft MSL",
        "unit": "ft_msl",
        "cycle_time_utc": "2026-09-06T06:00:00Z",
        "valid_time_utc": "2026-09-07T06:00:00Z",
        "lead_hours": 24,
        "segment": 1,
        "length_m": 46316.5
      },
      "geometry": {
        "type": "LineString",
        "coordinates": [
          [-125.2263, 41.39013],
          [-125.21421, 41.40452],
          [-125.20432, 41.41629],
          [-125.19222, 41.43067],
          [-125.18232, 41.44243],
          [-125.18876, 41.46375],
          [-125.19521, 41.48507],
          [-125.20165, 41.50638],
          [-125.18954, 41.52075],
          [-125.17035, 41.51169],
          [-125.15464, 41.50427],
          [-125.12618, 41.50908],
          [-125.10699, 41.50001],
          [-125.10057, 41.47869],
          [-125.11268, 41.46432],
          [-125.12259, 41.45256],
          [-125.1347, 41.43818],
          [-125.14461, 41.42642],
          [-125.13818, 41.4051],
          [-125.15028, 41.39071],
          [-125.16018, 41.37895],
          [-125.17227, 41.36456],
          [-125.19144, 41.37364],
          [-125.20713, 41.38106],
          [-125.2263, 41.39013]
        ]
      }
    },
    {
      "type": "Feature",
      "id": "2026090606_f024_07000_002",
      "properties": {
        "product_id": "winter_storm_levels",
        "source_id": "nbm_snow_level",
        "parameter": "snow_level",
        "definition": "height of the wet-bulb 0.5 degree C surface",
        "level_ft_msl": 7000,
        "label": "7,000 ft MSL",
        "unit": "ft_msl",
        "cycle_time_utc": "2026-09-06T06:00:00Z",
        "valid_time_utc": "2026-09-07T06:00:00Z",
        "lead_hours": 24,
        "segment": 2,
        "length_m": 1439269
      },
      "geometry": {
        "type": "LineString",
        "coordinates": [
          [-126.07016, 44.5],
          [-126.07679, 44.49239],
          [-126.06996, 44.4715],
          [-126.0823, 44.45733],
          [-126.0924, 44.44573],
          [-126.08557, 44.42484],
          [-126.09791, 44.41066],
          [-126.108, 44.39906],
          [-126.10117, 44.37815],
          [-126.11349, 44.36397],
          [-126.14274, 44.35908],
          [-126.15282, 44.34748],
          [-126.16513, 44.33329],
          [-126.17521, 44.32167],
          [-126.18752, 44.30748],
          [-126.19759, 44.29587],
          [-126.20989, 44.28167],
          [-126.21995, 44.27005],
          [-126.21311, 44.24913],
          [-126.2254, 44.23493],
          [-126.23546, 44.22331],
          [-126.24775, 44.2091],
          [-126.2578, 44.19748],
          [-126.25095, 44.17655],
          [-126.2441, 44.15562],
          [-126.23726, 44.13469],
          [-126.22106, 44.12748],
          [-126.20126, 44.11866],
          [-126.19443, 44.09772],
          [-126.17823, 44.09051],
          [-126.15844, 44.08168],
          [-126.14225, 44.07446],
          [-126.1131, 44.07936],
          [-126.09332, 44.07053],
          [-126.07714, 44.0633],
          [-126.04798, 44.06819],
          [-126.02821, 44.05935],
          [-126.01203, 44.05212],
          [-125.98288, 44.05699],
          [-125.96311, 44.04815],
          [-125.94694, 44.04091],
          [-125.91779, 44.04578],
          [-125.88863, 44.05064],
          [-125.85947, 44.05549],
          [-125.83972, 44.04664],
          [-125.82356, 44.03939],
          [-125.7944, 44.04423],
          [-125.76523, 44.04908],
          [-125.74549, 44.04021],
          [-125.72934, 44.03295],
          [-125.70017, 44.03778],
          [-125.68044, 44.02891],
          [-125.69278, 44.01472],
          [-125.70288, 44.00311],
          [-125.71522, 43.98891],
          [-125.72531, 43.9773],
          [-125.73764, 43.9631],
          [-125.76678, 43.95826],
          [-125.79592, 43.95342],
          [-125.82505, 43.94857],
          [-125.85419, 43.94371],
          [-125.88331, 43.93885],
          [-125.91244, 43.93399],
          [-125.94156, 43.92912],
          [-125.97068, 43.92424],
          [-125.9998, 43.91936],
          [-126.02891, 43.91448],
          [-126.03896, 43.90285],
          [-126.05124, 43.88862],
          [-126.08034, 43.88373],
          [-126.09038, 43.87209],
          [-126.10264, 43.85786],
          [-126.11267, 43.84621],
          [-126.12493, 43.83198],
          [-126.13496, 43.82033],
          [-126.14721, 43.80609],
          [-126.15724, 43.79444],
          [-126.16948, 43.7802],
          [-126.19855, 43.77529],
          [-126.20856, 43.76363],
          [-126.22079, 43.74938],
          [-126.2308, 43.73772],
          [-126.24303, 43.72347],
          [-126.25303, 43.71181],
          [-126.26525, 43.69755],
          [-126.27525, 43.68589],
          [-126.28747, 43.67163],
          [-126.29746, 43.65996],
          [-126.30967, 43.64569],
          [-126.31965, 43.63402],
          [-126.31283, 43.61302],
          [-126.32503, 43.59875],
          [-126.33501, 43.58708],
          [-126.32819, 43.56607],
          [-126.32137, 43.54506],
          [-126.33356, 43.53078],
          [-126.34353, 43.5191],
          [-126.33671, 43.49809],
          [-126.3489, 43.4838],
          [-126.35886, 43.47212],
          [-126.37104, 43.45783],
          [-126.381, 43.44614],
          [-126.37417, 43.42512],
          [-126.38634, 43.41083],
          [-126.3963, 43.39914],
          [-126.38947, 43.37811],
          [-126.40163, 43.36381],
          [-126.41158, 43.35211],
          [-126.42374, 43.33781],
          [-126.43368, 43.32611],
          [-126.44583, 43.31181],
          [-126.45576, 43.30011],
          [-126.4679, 43.2858],
          [-126.47784, 43.27409],
          [-126.471, 43.25305],
          [-126.48314, 43.23874],
          [-126.49306, 43.22703],
          [-126.50519, 43.21271],
          [-126.51511, 43.201],
          [-126.52723, 43.18668],
          [-126.53714, 43.17496],
          [-126.54926, 43.16064],
          [-126.55917, 43.14892],
          [-126.57127, 43.13459],
          [-126.58118, 43.12286],
          [-126.57434, 43.1018],
          [-126.55828, 43.09457],
          [-126.53865, 43.08574],
          [-126.5226, 43.0785],
          [-126.49376, 43.08349],
          [-126.47414, 43.07464],
          [-126.4581, 43.0674],
          [-126.43849, 43.05855],
          [-126.43168, 43.03748],
          [-126.42487, 43.0164],
          [-126.41807, 42.99532],
          [-126.40204, 42.98807],
          [-126.38245, 42.97921],
          [-126.37566, 42.95812],
          [-126.36887, 42.93704],
          [-126.38098, 42.9227],
          [-126.39089, 42.91097],
          [-126.40299, 42.89664],
          [-126.41289, 42.8849],
          [-126.42499, 42.87056],
          [-126.45377, 42.86558],
          [-126.46366, 42.85384],
          [-126.47575, 42.8395],
          [-126.48563, 42.82776],
          [-126.49771, 42.81341],
          [-126.50759, 42.80166],
          [-126.51967, 42.78731],
          [-126.52954, 42.77556],
          [-126.54161, 42.7612],
          [-126.55148, 42.74945],
          [-126.56354, 42.73509],
          [-126.5734, 42.72334],
          [-126.58546, 42.70898],
          [-126.59532, 42.69722],
          [-126.60737, 42.68285],
          [-126.61722, 42.67109],
          [-126.62926, 42.65672],
          [-126.63911, 42.64496],
          [-126.63229, 42.62384],
          [-126.62547, 42.60272],
          [-126.61865, 42.58159],
          [-126.63068, 42.56721],
          [-126.64052, 42.55544],
          [-126.63371, 42.53431],
          [-126.62689, 42.51318],
          [-126.62008, 42.49204],
          [-126.61327, 42.4709],
          [-126.59731, 42.46365],
          [-126.57781, 42.45478],
          [-126.57101, 42.43363],
          [-126.56422, 42.41248],
          [-126.55743, 42.39133],
          [-126.55064, 42.37018],
          [-126.54385, 42.34902],
          [-126.52792, 42.34175],
          [-126.50844, 42.33287],
          [-126.50167, 42.31171],
          [-126.48574, 42.30444],
          [-126.46628, 42.29555],
          [-126.45952, 42.27438],
          [-126.4436, 42.2671],
          [-126.42415, 42.2582],
          [-126.4174, 42.23703],
          [-126.40149, 42.22975],
          [-126.38205, 42.22084],
          [-126.37531, 42.19966],
          [-126.36858, 42.17848],
          [-126.35268, 42.17119],
          [-126.33326, 42.16228],
          [-126.32653, 42.14109],
          [-126.31064, 42.13379],
          [-126.29123, 42.12487],
          [-126.27535, 42.11758],
          [-126.25594, 42.10866],
          [-126.24924, 42.08745],
          [-126.23336, 42.08015],
          [-126.21397, 42.07122],
          [-126.1981, 42.06392],
          [-126.17871, 42.05498],
          [-126.16285, 42.04767],
          [-126.13428, 42.05263],
          [-126.1149, 42.04369],
          [-126.09905, 42.03638],
          [-126.07048, 42.04133],
          [-126.04192, 42.04628],
          [-126.01335, 42.05122],
          [-125.98477, 42.05616],
          [-125.9562, 42.06109],
          [-125.92762, 42.06602],
          [-125.90825, 42.05705],
          [-125.89241, 42.04972],
          [-125.87305, 42.04075],
          [-125.86643, 42.01953],
          [-125.85981, 41.99831],
          [-125.87188, 41.98393],
          [-125.88175, 41.97216],
          [-125.87514, 41.95093],
          [-125.86852, 41.92969],
          [-125.88058, 41.91531],
          [-125.89045, 41.90353],
          [-125.88383, 41.88229],
          [-125.87722, 41.86105],
          [-125.87061, 41.83981],
          [-125.864, 41.81856],
          [-125.8574, 41.79731],
          [-125.8508, 41.77605],
          [-125.8442, 41.7548],
          [-125.8376, 41.73354],
          [-125.83101, 41.71228],
          [-125.82442, 41.69101],
          [-125.81783, 41.66974],
          [-125.80205, 41.66239],
          [-125.78278, 41.65339],
          [-125.7762, 41.63212],
          [-125.76963, 41.61084],
          [-125.76306, 41.58956],
          [-125.75649, 41.56828],
          [-125.74992, 41.547],
          [-125.76195, 41.53259],
          [-125.77179, 41.52079],
          [-125.76523, 41.4995],
          [-125.77725, 41.48509],
          [-125.78709, 41.47329],
          [-125.78052, 41.452],
          [-125.77396, 41.4307],
          [-125.7674, 41.4094],
          [-125.75167, 41.40203],
          [-125.73244, 41.39301],
          [-125.72589, 41.37171],
          [-125.71935, 41.3504],
          [-125.73136, 41.33597],
          [-125.75974, 41.33106],
          [-125.78812, 41.32613],
          [-125.8165, 41.32121],
          [-125.82631, 41.3094],
          [-125.83831, 41.29496],
          [-125.86667, 41.29003],
          [-125.87648, 41.27822],
          [-125.8699, 41.2569],
          [-125.85419, 41.24953],
          [-125.83499, 41.24052],
          [-125.81928, 41.23315],
          [-125.80008, 41.22413],
          [-125.79352, 41.20281],
          [-125.77782, 41.19543],
          [-125.75864, 41.18641],
          [-125.75209, 41.16508],
          [-125.74556, 41.14374],
          [-125.73902, 41.12241],
          [-125.73249, 41.10107],
          [-125.74447, 41.08663],
          [-125.75427, 41.07481],
          [-125.74774, 41.05346],
          [-125.75971, 41.03901],
          [-125.78801, 41.03408],
          [-125.7978, 41.02226],
          [-125.80976, 41.0078],
          [-125.81954, 40.99598],
          [-125.813, 40.97463],
          [-125.80646, 40.95327],
          [-125.79993, 40.93192],
          [-125.79339, 40.91056],
          [-125.78686, 40.8892],
          [-125.78034, 40.86784],
          [-125.76469, 40.86044],
          [-125.74556, 40.8514],
          [-125.73905, 40.83004],
          [-125.72341, 40.82264],
          [-125.70429, 40.81359],
          [-125.69779, 40.79222],
          [-125.69128, 40.77084],
          [-125.67566, 40.76343],
          [-125.65656, 40.75438],
          [-125.65007, 40.733],
          [-125.64358, 40.71161],
          [-125.65552, 40.69714],
          [-125.6653, 40.6853],
          [-125.67724, 40.67083],
          [-125.70544, 40.6659],
          [-125.7152, 40.65406],
          [-125.70871, 40.63267],
          [-125.70221, 40.61127],
          [-125.71414, 40.59679],
          [-125.7239, 40.58494],
          [-125.70829, 40.57753],
          [-125.68923, 40.56848],
          [-125.68274, 40.54707],
          [-125.67626, 40.52567],
          [-125.66977, 40.50426],
          [-125.66329, 40.48285],
          [-125.67521, 40.46836],
          [-125.68496, 40.45651],
          [-125.69687, 40.44201],
          [-125.72501, 40.43708],
          [-125.73475, 40.42522],
          [-125.74665, 40.41072],
          [-125.75639, 40.39886],
          [-125.76829, 40.38436],
          [-125.77802, 40.3725],
          [-125.76244, 40.36508],
          [-125.74341, 40.35602],
          [-125.73693, 40.33459],
          [-125.72136, 40.32718],
          [-125.70234, 40.31811],
          [-125.68678, 40.31069],
          [-125.66777, 40.30161],
          [-125.65221, 40.29419],
          [-125.6332, 40.28511],
          [-125.61765, 40.27768],
          [-125.58955, 40.2826],
          [-125.56145, 40.28752],
          [-125.53335, 40.29243],
          [-125.51435, 40.28334],
          [-125.49881, 40.2759],
          [-125.47981, 40.26681],
          [-125.46428, 40.25937],
          [-125.43618, 40.26426],
          [-125.41719, 40.25516],
          [-125.41078, 40.23371],
          [-125.40437, 40.21226],
          [-125.38885, 40.20481],
          [-125.36988, 40.1957],
          [-125.35436, 40.18825],
          [-125.3354, 40.17913],
          [-125.31989, 40.17167],
          [-125.2918, 40.17655],
          [-125.26371, 40.18143],
          [-125.25394, 40.19327],
          [-125.242, 40.20775],
          [-125.2139, 40.21262],
          [-125.1858, 40.21748],
          [-125.15769, 40.22234],
          [-125.12959, 40.22719],
          [-125.11064, 40.21805],
          [-125.09514, 40.21057],
          [-125.07619, 40.20143],
          [-125.06069, 40.19395],
          [-125.03259, 40.19879],
          [-125.01365, 40.18964],
          [-124.99816, 40.18215],
          [-124.97006, 40.18698],
          [-124.94196, 40.1918],
          [-124.91385, 40.19662],
          [-124.89492, 40.18746],
          [-124.87944, 40.17996],
          [-124.86052, 40.17079],
          [-124.84504, 40.16329],
          [-124.82613, 40.15412],
          [-124.81066, 40.14662],
          [-124.78256, 40.15142],
          [-124.75445, 40.15621],
          [-124.72634, 40.161],
          [-124.69824, 40.16578],
          [-124.67012, 40.17057],
          [-124.64201, 40.17534],
          [-124.62311, 40.16615],
          [-124.60765, 40.15863],
          [-124.57954, 40.16339],
          [-124.56065, 40.15419],
          [-124.54519, 40.14667],
          [-124.52631, 40.13746],
          [-124.51086, 40.12993],
          [-124.48275, 40.13468],
          [-124.45464, 40.13943],
          [-124.44478, 40.15124],
          [-124.43272, 40.16566],
          [-124.4046, 40.1704],
          [-124.39473, 40.1822],
          [-124.38267, 40.19663],
          [-124.35453, 40.20136],
          [-124.34465, 40.21315],
          [-124.33258, 40.22757],
          [-124.3227, 40.23936],
          [-124.32888, 40.26085],
          [-124.3168, 40.27526],
          [-124.30691, 40.28705],
          [-124.3131, 40.30853],
          [-124.31929, 40.33001],
          [-124.32548, 40.35149],
          [-124.33167, 40.37296],
          [-124.33787, 40.39443],
          [-124.34406, 40.4159],
          [-124.35027, 40.43736],
          [-124.35647, 40.45883],
          [-124.36267, 40.48029],
          [-124.36888, 40.50174],
          [-124.37509, 40.5232],
          [-124.36299, 40.53759],
          [-124.35308, 40.54937],
          [-124.35929, 40.57082],
          [-124.34718, 40.58521],
          [-124.33726, 40.59698],
          [-124.34347, 40.61843],
          [-124.34968, 40.63987],
          [-124.3559, 40.66131],
          [-124.37142, 40.66884],
          [-124.39038, 40.67803],
          [-124.39661, 40.69946],
          [-124.40284, 40.7209],
          [-124.40907, 40.74232],
          [-124.41531, 40.76375],
          [-124.43084, 40.77127],
          [-124.44983, 40.78045],
          [-124.45608, 40.80187],
          [-124.47162, 40.80938],
          [-124.49063, 40.81856],
          [-124.49688, 40.83997],
          [-124.51244, 40.84748],
          [-124.53145, 40.85665],
          [-124.53772, 40.87805],
          [-124.54399, 40.89946],
          [-124.55026, 40.92086],
          [-124.55653, 40.94227],
          [-124.57211, 40.94976],
          [-124.60044, 40.94502],
          [-124.62876, 40.94027],
          [-124.65709, 40.93551],
          [-124.68541, 40.93075],
          [-124.71373, 40.92599],
          [-124.74205, 40.92122],
          [-124.76109, 40.93036],
          [-124.76741, 40.95176],
          [-124.77373, 40.97314],
          [-124.78006, 40.99453],
          [-124.76795, 41.00892],
          [-124.75805, 41.02069],
          [-124.76437, 41.04207],
          [-124.7707, 41.06345],
          [-124.77703, 41.08483],
          [-124.78336, 41.1062],
          [-124.78969, 41.12757],
          [-124.79603, 41.14894],
          [-124.80237, 41.17031],
          [-124.80871, 41.19167],
          [-124.81506, 41.21303],
          [-124.82141, 41.23439],
          [-124.82776, 41.25574],
          [-124.8434, 41.2632],
          [-124.86252, 41.27232],
          [-124.86888, 41.29367],
          [-124.87525, 41.31501],
          [-124.86312, 41.32938],
          [-124.85319, 41.34113],
          [-124.85955, 41.36248],
          [-124.86592, 41.38381],
          [-124.87229, 41.40515],
          [-124.86015, 41.41951],
          [-124.85021, 41.43126],
          [-124.85658, 41.45259],
          [-124.86295, 41.47392],
          [-124.86932, 41.49524],
          [-124.8757, 41.51657],
          [-124.88208, 41.53789],
          [-124.89777, 41.54533],
          [-124.91695, 41.55442],
          [-124.92334, 41.57574],
          [-124.92973, 41.59705],
          [-124.94544, 41.60448],
          [-124.96463, 41.61357],
          [-124.97103, 41.63488],
          [-124.98674, 41.64231],
          [-125.00595, 41.65139],
          [-125.02166, 41.65881],
          [-125.04088, 41.66789],
          [-125.0566, 41.67531],
          [-125.07581, 41.68439],
          [-125.09154, 41.69181],
          [-125.12005, 41.687],
          [-125.13928, 41.69606],
          [-125.15501, 41.70348],
          [-125.18352, 41.69866],
          [-125.21203, 41.69384],
          [-125.23127, 41.70289],
          [-125.24701, 41.7103],
          [-125.27552, 41.70547],
          [-125.30403, 41.70063],
          [-125.32327, 41.70967],
          [-125.33902, 41.71707],
          [-125.35827, 41.72611],
          [-125.37402, 41.7335],
          [-125.40253, 41.72865],
          [-125.42179, 41.73768],
          [-125.4283, 41.75896],
          [-125.44406, 41.76634],
          [-125.46333, 41.77537],
          [-125.46985, 41.79664],
          [-125.48562, 41.80402],
          [-125.5049, 41.81304],
          [-125.51144, 41.8343],
          [-125.52722, 41.84168],
          [-125.54651, 41.85069],
          [-125.55305, 41.87194],
          [-125.56884, 41.87931],
          [-125.58814, 41.88832],
          [-125.60394, 41.89569],
          [-125.62324, 41.90469],
          [-125.62981, 41.92594],
          [-125.63637, 41.94718],
          [-125.64294, 41.96842],
          [-125.64951, 41.98966],
          [-125.65608, 42.01089],
          [-125.66266, 42.03212],
          [-125.65055, 42.04649],
          [-125.64065, 42.05824],
          [-125.62854, 42.0726],
          [-125.61862, 42.08434],
          [-125.60651, 42.0987],
          [-125.59659, 42.11044],
          [-125.60316, 42.13166],
          [-125.59103, 42.14601],
          [-125.58111, 42.15775],
          [-125.56898, 42.1721],
          [-125.55905, 42.18384],
          [-125.56562, 42.20505],
          [-125.57219, 42.22626],
          [-125.56004, 42.2406],
          [-125.55011, 42.25233],
          [-125.55668, 42.27354],
          [-125.54453, 42.28787],
          [-125.53459, 42.2996],
          [-125.52243, 42.31393],
          [-125.51248, 42.32566],
          [-125.50032, 42.33999],
          [-125.47164, 42.34483],
          [-125.44296, 42.34968],
          [-125.433, 42.3614],
          [-125.42082, 42.37572],
          [-125.41085, 42.38743],
          [-125.39867, 42.40175],
          [-125.3887, 42.41346],
          [-125.37651, 42.42777],
          [-125.36653, 42.43948],
          [-125.37308, 42.46067],
          [-125.36088, 42.47498],
          [-125.35089, 42.48668],
          [-125.35744, 42.50786],
          [-125.36398, 42.52904],
          [-125.37053, 42.55022],
          [-125.37708, 42.5714],
          [-125.39297, 42.57875],
          [-125.41239, 42.58774],
          [-125.42828, 42.59509],
          [-125.44771, 42.60407],
          [-125.45428, 42.62524],
          [-125.46085, 42.6464],
          [-125.46743, 42.66756],
          [-125.47401, 42.68872],
          [-125.48992, 42.69606],
          [-125.50937, 42.70503],
          [-125.52529, 42.71237],
          [-125.54475, 42.72134],
          [-125.56068, 42.72867],
          [-125.58014, 42.73763],
          [-125.58675, 42.75878],
          [-125.59336, 42.77992],
          [-125.6093, 42.78724],
          [-125.62878, 42.7962],
          [-125.6354, 42.81733],
          [-125.65134, 42.82465],
          [-125.67084, 42.8336],
          [-125.68679, 42.84092],
          [-125.7156, 42.83605],
          [-125.74441, 42.83118],
          [-125.76391, 42.84012],
          [-125.77987, 42.84743],
          [-125.80868, 42.84254],
          [-125.83749, 42.83766],
          [-125.857, 42.84658],
          [-125.87296, 42.85389],
          [-125.89248, 42.86281],
          [-125.88031, 42.87712],
          [-125.87035, 42.88882],
          [-125.85817, 42.90312],
          [-125.8482, 42.91482],
          [-125.85488, 42.93593],
          [-125.84269, 42.95023],
          [-125.81385, 42.95512],
          [-125.80387, 42.96681],
          [-125.79168, 42.9811],
          [-125.76282, 42.98598],
          [-125.75284, 42.99767],
          [-125.74063, 43.01195],
          [-125.71177, 43.01682],
          [-125.6829, 43.02168],
          [-125.6729, 43.03336],
          [-125.66068, 43.04764],
          [-125.6318, 43.05249],
          [-125.60292, 43.05734],
          [-125.57404, 43.06219],
          [-125.56402, 43.07386],
          [-125.55178, 43.08813],
          [-125.52288, 43.09296],
          [-125.49399, 43.09779],
          [-125.48396, 43.10946],
          [-125.47169, 43.12372],
          [-125.46166, 43.13538],
          [-125.44939, 43.14964],
          [-125.43935, 43.1613],
          [-125.42708, 43.17555],
          [-125.39815, 43.18036],
          [-125.3881, 43.19202],
          [-125.3947, 43.21311],
          [-125.38241, 43.22735],
          [-125.37235, 43.239],
          [-125.36006, 43.25324],
          [-125.35, 43.26489],
          [-125.35659, 43.28597],
          [-125.34429, 43.3002],
          [-125.33422, 43.31185],
          [-125.34081, 43.33293],
          [-125.34741, 43.354],
          [-125.3351, 43.36823],
          [-125.32502, 43.37987],
          [-125.33162, 43.40093],
          [-125.33822, 43.422],
          [-125.3259, 43.43622],
          [-125.31581, 43.44785],
          [-125.32241, 43.46891],
          [-125.31008, 43.48313],
          [-125.29999, 43.49475],
          [-125.30659, 43.51581],
          [-125.29425, 43.53002],
          [-125.28415, 43.54164],
          [-125.29075, 43.56269],
          [-125.29735, 43.58373],
          [-125.30395, 43.60478],
          [-125.2916, 43.61898],
          [-125.2815, 43.63059],
          [-125.26914, 43.64479],
          [-125.25903, 43.65641],
          [-125.24667, 43.6706],
          [-125.23655, 43.68221],
          [-125.22418, 43.6964],
          [-125.21406, 43.70801],
          [-125.22065, 43.72904],
          [-125.20827, 43.74322],
          [-125.19814, 43.75483],
          [-125.18576, 43.76901],
          [-125.17562, 43.78061],
          [-125.18221, 43.80163],
          [-125.18881, 43.82264],
          [-125.1954, 43.84366],
          [-125.21148, 43.85097],
          [-125.23114, 43.8599],
          [-125.23775, 43.88091],
          [-125.24436, 43.90191],
          [-125.26045, 43.90922],
          [-125.28013, 43.91815],
          [-125.28675, 43.93914],
          [-125.29337, 43.96013],
          [-125.3, 43.98112],
          [-125.2876, 43.99529],
          [-125.25843, 44.00006],
          [-125.22925, 44.00482],
          [-125.20007, 44.00957],
          [-125.18991, 44.02116],
          [-125.17749, 44.03531],
          [-125.1483, 44.04006],
          [-125.11911, 44.0448],
          [-125.10894, 44.05638],
          [-125.0965, 44.07053],
          [-125.06729, 44.07526],
          [-125.05711, 44.08683],
          [-125.04467, 44.10097],
          [-125.03448, 44.11254],
          [-125.02203, 44.12668],
          [-124.9928, 44.1314],
          [-124.9826, 44.14296],
          [-124.97014, 44.15709],
          [-124.95994, 44.16865],
          [-124.94747, 44.18278],
          [-124.93726, 44.19433],
          [-124.94383, 44.2153],
          [-124.93135, 44.22942],
          [-124.92114, 44.24098],
          [-124.9277, 44.26194],
          [-124.91521, 44.27605],
          [-124.90499, 44.2876],
          [-124.8925, 44.30171],
          [-124.88227, 44.31326],
          [-124.86977, 44.32737],
          [-124.85954, 44.33891],
          [-124.84703, 44.35301],
          [-124.8368, 44.36455],
          [-124.82428, 44.37865],
          [-124.81404, 44.39018],
          [-124.80152, 44.40428],
          [-124.79127, 44.41581],
          [-124.79782, 44.43675],
          [-124.7853, 44.45084],
          [-124.77504, 44.46237],
          [-124.76251, 44.47646],
          [-124.73316, 44.48113],
          [-124.7229, 44.49265],
          [-124.71634, 44.5]
        ]
      }
    },
    {
      "type": "Feature",
      "id": "2026090606_f024_08000_001",
      "properties": {
        "product_id": "winter_storm_levels",
        "source_id": "nbm_snow_level",
        "parameter": "snow_level",
        "definition": "height of the wet-bulb 0.5 degree C surface",
        "level_ft_msl": 8000,
        "label": "8,000 ft MSL",
        "unit": "ft_msl",
        "cycle_time_utc": "2026-09-06T06:00:00Z",
        "valid_time_utc": "2026-09-07T06:00:00Z",
        "lead_hours": 24,
        "segment": 1,
        "length_m": 39321.5
      },
      "geometry": {
        "type": "LineString",
        "coordinates": [
          [-119.02113, 41.92929],
          [-119.01597, 41.90783],
          [-119.0108, 41.88637],
          [-118.99211, 41.87667],
          [-118.97682, 41.86874],
          [-118.95814, 41.85904],
          [-118.94511, 41.87296],
          [-118.93445, 41.88434],
          [-118.92142, 41.89825],
          [-118.92657, 41.91971],
          [-118.9159, 41.93109],
          [-118.90286, 41.945],
          [-118.908, 41.96646],
          [-118.91315, 41.98791],
          [-118.93185, 41.9976],
          [-118.96071, 41.99378],
          [-118.97375, 41.97987],
          [-118.98442, 41.96849],
          [-118.99745, 41.95458],
          [-119.0081, 41.9432],
          [-119.02113, 41.92929]
        ]
      }
    },
    {
      "type": "Feature",
      "id": "2026090606_f024_08000_002",
      "properties": {
        "product_id": "winter_storm_levels",
        "source_id": "nbm_snow_level",
        "parameter": "snow_level",
        "definition": "height of the wet-bulb 0.5 degree C surface",
        "level_ft_msl": 8000,
        "label": "8,000 ft MSL",
        "unit": "ft_msl",
        "cycle_time_utc": "2026-09-06T06:00:00Z",
        "valid_time_utc": "2026-09-07T06:00:00Z",
        "lead_hours": 24,
        "segment": 2,
        "length_m": 86963.1
      },
      "geometry": {
        "type": "LineString",
        "coordinates": [
          [-119.86988, 42.94176],
          [-119.86448, 42.92046],
          [-119.85909, 42.89915],
          [-119.84012, 42.8896],
          [-119.82461, 42.88179],
          [-119.80565, 42.87224],
          [-119.77657, 42.87618],
          [-119.76352, 42.89007],
          [-119.75285, 42.90143],
          [-119.72376, 42.90536],
          [-119.7107, 42.91924],
          [-119.70002, 42.9306],
          [-119.67091, 42.93452],
          [-119.65541, 42.9267],
          [-119.63646, 42.91713],
          [-119.60735, 42.92104],
          [-119.59185, 42.91321],
          [-119.57291, 42.90364],
          [-119.54381, 42.90754],
          [-119.5147, 42.91144],
          [-119.50162, 42.92531],
          [-119.50694, 42.94662],
          [-119.51226, 42.96794],
          [-119.51759, 42.98925],
          [-119.52291, 43.01055],
          [-119.54187, 43.02012],
          [-119.55738, 43.02796],
          [-119.57635, 43.03752],
          [-119.60549, 43.03362],
          [-119.61857, 43.01975],
          [-119.62927, 43.00841],
          [-119.6584, 43.00449],
          [-119.68753, 43.00057],
          [-119.70305, 43.00839],
          [-119.72202, 43.01795],
          [-119.73755, 43.02576],
          [-119.75653, 43.03531],
          [-119.76959, 43.02144],
          [-119.78028, 43.01008],
          [-119.8094, 43.00614],
          [-119.82245, 42.99226],
          [-119.83313, 42.9809],
          [-119.84617, 42.96702],
          [-119.85684, 42.95565],
          [-119.86988, 42.94176]
        ]
      }
    },
    {
      "type": "Feature",
      "id": "2026090606_f024_08000_003",
      "properties": {
        "product_id": "winter_storm_levels",
        "source_id": "nbm_snow_level",
        "parameter": "snow_level",
        "definition": "height of the wet-bulb 0.5 degree C surface",
        "level_ft_msl": 8000,
        "label": "8,000 ft MSL",
        "unit": "ft_msl",
        "cycle_time_utc": "2026-09-06T06:00:00Z",
        "valid_time_utc": "2026-09-07T06:00:00Z",
        "lead_hours": 24,
        "segment": 3,
        "length_m": 29461.6
      },
      "geometry": {
        "type": "LineString",
        "coordinates": [
          [-121.62048, 42.62855],
          [-121.61472, 42.60726],
          [-121.59911, 42.59958],
          [-121.58004, 42.5902],
          [-121.56444, 42.58251],
          [-121.54537, 42.57312],
          [-121.52978, 42.56544],
          [-121.50085, 42.56966],
          [-121.49041, 42.58114],
          [-121.49614, 42.60244],
          [-121.51174, 42.61013],
          [-121.53081, 42.61952],
          [-121.54641, 42.6272],
          [-121.56549, 42.63659],
          [-121.5811, 42.64427],
          [-121.61004, 42.64004],
          [-121.62048, 42.62855]
        ]
      }
    },
    {
      "type": "Feature",
      "id": "2026090606_f024_08000_004",
      "properties": {
        "product_id": "winter_storm_levels",
        "source_id": "nbm_snow_level",
        "parameter": "snow_level",
        "definition": "height of the wet-bulb 0.5 degree C surface",
        "level_ft_msl": 8000,
        "label": "8,000 ft MSL",
        "unit": "ft_msl",
        "cycle_time_utc": "2026-09-06T06:00:00Z",
        "valid_time_utc": "2026-09-07T06:00:00Z",
        "lead_hours": 24,
        "segment": 4,
        "length_m": 49708.6
      },
      "geometry": {
        "type": "LineString",
        "coordinates": [
          [-121.78854, 43.57523],
          [-121.78269, 43.55407],
          [-121.77685, 43.5329],
          [-121.76108, 43.52528],
          [-121.73188, 43.52951],
          [-121.72137, 43.54094],
          [-121.70851, 43.55491],
          [-121.69799, 43.56633],
          [-121.68513, 43.5803],
          [-121.6746, 43.59172],
          [-121.66174, 43.60568],
          [-121.6512, 43.61709],
          [-121.63833, 43.63105],
          [-121.62779, 43.64246],
          [-121.61491, 43.65641],
          [-121.60437, 43.66783],
          [-121.62014, 43.67545],
          [-121.63943, 43.68477],
          [-121.65521, 43.69239],
          [-121.68446, 43.68818],
          [-121.695, 43.67676],
          [-121.70787, 43.66281],
          [-121.7184, 43.65139],
          [-121.73127, 43.63743],
          [-121.74179, 43.62601],
          [-121.75465, 43.61205],
          [-121.76517, 43.60062],
          [-121.77802, 43.58666],
          [-121.78854, 43.57523]
        ]
      }
    },
    {
      "type": "Feature",
      "id": "2026090606_f024_08000_005",
      "properties": {
        "product_id": "winter_storm_levels",
        "source_id": "nbm_snow_level",
        "parameter": "snow_level",
        "definition": "height of the wet-bulb 0.5 degree C surface",
        "level_ft_msl": 8000,
        "label": "8,000 ft MSL",
        "unit": "ft_msl",
        "cycle_time_utc": "2026-09-06T06:00:00Z",
        "valid_time_utc": "2026-09-07T06:00:00Z",
        "lead_hours": 24,
        "segment": 5,
        "length_m": 20442.6
      },
      "geometry": {
        "type": "LineString",
        "coordinates": [
          [-122.54063, 43.75085],
          [-122.53461, 43.72973],
          [-122.51523, 43.72051],
          [-122.48601, 43.72485],
          [-122.45678, 43.72919],
          [-122.44401, 43.74319],
          [-122.46339, 43.75242],
          [-122.49262, 43.74808],
          [-122.50848, 43.75563],
          [-122.52786, 43.76485],
          [-122.54063, 43.75085]
        ]
      }
    },
    {
      "type": "Feature",
      "id": "2026090606_f024_08000_006",
      "properties": {
        "product_id": "winter_storm_levels",
        "source_id": "nbm_snow_level",
        "parameter": "snow_level",
        "definition": "height of the wet-bulb 0.5 degree C surface",
        "level_ft_msl": 8000,
        "label": "8,000 ft MSL",
        "unit": "ft_msl",
        "cycle_time_utc": "2026-09-06T06:00:00Z",
        "valid_time_utc": "2026-09-07T06:00:00Z",
        "lead_hours": 24,
        "segment": 6,
        "length_m": 57030.8
      },
      "geometry": {
        "type": "LineString",
        "coordinates": [
          [-123.04426, 44.5],
          [-123.04617, 44.49791],
          [-123.05663, 44.48648],
          [-123.05046, 44.46549],
          [-123.06324, 44.45152],
          [-123.07369, 44.44008],
          [-123.06752, 44.41908],
          [-123.06134, 44.39808],
          [-123.05517, 44.37707],
          [-123.049, 44.35606],
          [-123.04283, 44.33504],
          [-123.02684, 44.32757],
          [-123.00729, 44.31844],
          [-122.9913, 44.31096],
          [-122.96193, 44.31536],
          [-122.95147, 44.3268],
          [-122.93869, 44.34077],
          [-122.92823, 44.35221],
          [-122.93437, 44.37322],
          [-122.94052, 44.39424],
          [-122.92772, 44.40821],
          [-122.91725, 44.41963],
          [-122.90445, 44.4336],
          [-122.89398, 44.44503],
          [-122.88117, 44.45899],
          [-122.85174, 44.46337],
          [-122.84126, 44.47479],
          [-122.82844, 44.48874],
          [-122.799, 44.49311],
          [-122.76956, 44.49748],
          [-122.75254, 44.5]
        ]
      }
    },
    {
      "type": "Feature",
      "id": "2026090606_f024_08000_007",
      "properties": {
        "product_id": "winter_storm_levels",
        "source_id": "nbm_snow_level",
        "parameter": "snow_level",
        "definition": "height of the wet-bulb 0.5 degree C surface",
        "level_ft_msl": 8000,
        "label": "8,000 ft MSL",
        "unit": "ft_msl",
        "cycle_time_utc": "2026-09-06T06:00:00Z",
        "valid_time_utc": "2026-09-07T06:00:00Z",
        "lead_hours": 24,
        "segment": 7,
        "length_m": 21178.9
      },
      "geometry": {
        "type": "LineString",
        "coordinates": [
          [-123.23624, 41.98378],
          [-123.23251, 41.99439],
          [-123.20383, 41.99889],
          [-123.17514, 42.00339],
          [-123.16596, 41.99481],
          [-123.15346, 41.9745],
          [-123.16365, 41.96288],
          [-123.17609, 41.94868],
          [-123.18764, 41.94185],
          [-123.2019, 41.94463],
          [-123.20795, 41.96595],
          [-123.22706, 41.9752],
          [-123.23624, 41.98378]
        ]
      }
    },
    {
      "type": "Feature",
      "id": "2026090606_f024_08000_008",
      "properties": {
        "product_id": "winter_storm_levels",
        "source_id": "nbm_snow_level",
        "parameter": "snow_level",
        "definition": "height of the wet-bulb 0.5 degree C surface",
        "level_ft_msl": 8000,
        "label": "8,000 ft MSL",
        "unit": "ft_msl",
        "cycle_time_utc": "2026-09-06T06:00:00Z",
        "valid_time_utc": "2026-09-07T06:00:00Z",
        "lead_hours": 24,
        "segment": 8,
        "length_m": 2937419.9
      },
      "geometry": {
        "type": "LineString",
        "coordinates": [
          [-128.19074, 44.5],
          [-128.19733, 44.49217],
          [-128.20937, 44.47786],
          [-128.20208, 44.45705],
          [-128.21192, 44.44534],
          [-128.22394, 44.43103],
          [-128.23378, 44.41931],
          [-128.2458, 44.405],
          [-128.23851, 44.38418],
          [-128.24834, 44.37246],
          [-128.26035, 44.35814],
          [-128.27017, 44.34642],
          [-128.28218, 44.33209],
          [-128.27489, 44.31126],
          [-128.2847, 44.29954],
          [-128.2967, 44.28521],
          [-128.30651, 44.27348],
          [-128.31851, 44.25914],
          [-128.31121, 44.2383],
          [-128.32102, 44.22657],
          [-128.333, 44.21223],
          [-128.3428, 44.2005],
          [-128.35478, 44.18615],
          [-128.34748, 44.16531],
          [-128.35727, 44.15357],
          [-128.36924, 44.13922],
          [-128.36194, 44.11836],
          [-128.37173, 44.10662],
          [-128.38369, 44.09226],
          [-128.37639, 44.0714],
          [-128.38617, 44.05965],
          [-128.39813, 44.04529],
          [-128.4079, 44.03354],
          [-128.41985, 44.01918],
          [-128.41255, 43.99831],
          [-128.42232, 43.98655],
          [-128.43426, 43.97218],
          [-128.42696, 43.95131],
          [-128.43672, 43.93955],
          [-128.44865, 43.92517],
          [-128.44135, 43.90429],
          [-128.45111, 43.89253],
          [-128.46303, 43.87815],
          [-128.45573, 43.85726],
          [-128.46549, 43.84549],
          [-128.4774, 43.83111],
          [-128.4701, 43.81021],
          [-128.47985, 43.79844],
          [-128.49175, 43.78405],
          [-128.48446, 43.76315],
          [-128.49419, 43.75137],
          [-128.50609, 43.73698],
          [-128.4988, 43.71607],
          [-128.50853, 43.70429],
          [-128.52042, 43.68989],
          [-128.51312, 43.66898],
          [-128.52285, 43.65719],
          [-128.53473, 43.64279],
          [-128.52743, 43.62187],
          [-128.53715, 43.61008],
          [-128.54903, 43.59567],
          [-128.54173, 43.57474],
          [-128.55144, 43.56295],
          [-128.56331, 43.54853],
          [-128.55602, 43.5276],
          [-128.56572, 43.51581],
          [-128.57758, 43.50138],
          [-128.57029, 43.48045],
          [-128.56299, 43.45951],
          [-128.57269, 43.44771],
          [-128.58454, 43.43328],
          [-128.57725, 43.41234],
          [-128.58694, 43.40053],
          [-128.59879, 43.38609],
          [-128.5915, 43.36514],
          [-128.58421, 43.34419],
          [-128.59389, 43.33238],
          [-128.60573, 43.31794],
          [-128.59844, 43.29698],
          [-128.59763, 43.27483],
          [-128.60083, 43.2642],
          [-128.61266, 43.24975],
          [-128.60537, 43.22879],
          [-128.61504, 43.21696],
          [-128.61895, 43.20397],
          [-128.61958, 43.18154],
          [-128.61877, 43.15937],
          [-128.62196, 43.14874],
          [-128.63377, 43.13428],
          [-128.63295, 43.1121],
          [-128.63614, 43.10146],
          [-128.64004, 43.08846],
          [-128.64066, 43.06601],
          [-128.65031, 43.05417],
          [-128.65421, 43.04117],
          [-128.65483, 43.01871],
          [-128.65401, 42.99652],
          [-128.6572, 42.98587],
          [-128.66109, 42.97286],
          [-128.6617, 42.9504],
          [-128.66088, 42.9282],
          [-128.65361, 42.90719],
          [-128.65679, 42.89654],
          [-128.66068, 42.88352],
          [-128.6613, 42.86104],
          [-128.65403, 42.84003],
          [-128.65322, 42.81781],
          [-128.6564, 42.80715],
          [-128.66028, 42.79413],
          [-128.65302, 42.7731],
          [-128.65364, 42.75061],
          [-128.65282, 42.72839],
          [-128.656, 42.71772],
          [-128.65988, 42.70469],
          [-128.66049, 42.68219],
          [-128.65968, 42.65995],
          [-128.66285, 42.64928],
          [-128.66673, 42.63624],
          [-128.65948, 42.6152],
          [-128.66009, 42.59269],
          [-128.65928, 42.57044],
          [-128.66245, 42.55976],
          [-128.66632, 42.54672],
          [-128.66693, 42.52419],
          [-128.66612, 42.50194],
          [-128.66928, 42.49126],
          [-128.67315, 42.47821],
          [-128.67377, 42.45567],
          [-128.67295, 42.43341],
          [-128.66571, 42.41234],
          [-128.66888, 42.40165],
          [-128.67274, 42.38859],
          [-128.67335, 42.36605],
          [-128.66612, 42.34497],
          [-128.66531, 42.32269],
          [-128.65808, 42.30161],
          [-128.66124, 42.29092],
          [-128.6651, 42.27785],
          [-128.65788, 42.25676],
          [-128.65849, 42.2342],
          [-128.65127, 42.21311],
          [-128.65046, 42.19081],
          [-128.64325, 42.16971],
          [-128.64641, 42.15901],
          [-128.65027, 42.14593],
          [-128.64305, 42.12483],
          [-128.63584, 42.10372],
          [-128.62864, 42.08261],
          [-128.62926, 42.06002],
          [-128.62206, 42.03891],
          [-128.62125, 42.01659],
          [-128.61406, 41.99546],
          [-128.60686, 41.97434],
          [-128.59967, 41.95321],
          [-128.60283, 41.9425],
          [-128.60669, 41.92941],
          [-128.5995, 41.90827],
          [-128.60012, 41.88567],
          [-128.59933, 41.86332],
          [-128.59215, 41.84218],
          [-128.5953, 41.83146],
          [-128.59916, 41.81836],
          [-128.59198, 41.79722],
          [-128.5848, 41.77607],
          [-128.58543, 41.75344],
          [-128.58464, 41.73108],
          [-128.57747, 41.70992],
          [-128.5703, 41.68876],
          [-128.56314, 41.6676],
          [-128.55598, 41.64643],
          [-128.54882, 41.62526],
          [-128.55198, 41.61453],
          [-128.55583, 41.60142],
          [-128.54868, 41.58024],
          [-128.54931, 41.55759],
          [-128.54216, 41.53641],
          [-128.53501, 41.51523],
          [-128.52787, 41.49404],
          [-128.52709, 41.47165],
          [-128.51995, 41.45046],
          [-128.5231, 41.43972],
          [-128.53473, 41.42512],
          [-128.52759, 41.40392],
          [-128.52046, 41.38272],
          [-128.51333, 41.36152],
          [-128.49843, 41.34179],
          [-128.49907, 41.31911],
          [-128.49195, 41.2979],
          [-128.48483, 41.27669],
          [-128.47772, 41.25547],
          [-128.4706, 41.23425],
          [-128.46349, 41.21303],
          [-128.45639, 41.19181],
          [-128.44928, 41.17058],
          [-128.44218, 41.14935],
          [-128.43508, 41.12812],
          [-128.42799, 41.10688],
          [-128.4209, 41.08564],
          [-128.41381, 41.0644],
          [-128.40672, 41.04316],
          [-128.39964, 41.02191],
          [-128.39256, 41.00066],
          [-128.38548, 40.97941],
          [-128.37841, 40.95816],
          [-128.37767, 40.9357],
          [-128.3706, 40.91444],
          [-128.37374, 40.90367],
          [-128.38533, 40.88904],
          [-128.37826, 40.86777],
          [-128.37119, 40.84651],
          [-128.36413, 40.82524],
          [-128.34934, 40.80543],
          [-128.33773, 40.7952],
          [-128.32824, 40.78683],
          [-128.32119, 40.76555],
          [-128.30782, 40.74547],
          [-128.30078, 40.72418],
          [-128.29374, 40.7029],
          [-128.2867, 40.68161],
          [-128.27967, 40.66032],
          [-128.27264, 40.63902],
          [-128.26561, 40.61773],
          [-128.25859, 40.59643],
          [-128.25156, 40.57512],
          [-128.24454, 40.55382],
          [-128.23753, 40.53251],
          [-128.22281, 40.51267],
          [-128.2158, 40.49135],
          [-128.20879, 40.47004],
          [-128.19723, 40.45978],
          [-128.18778, 40.45138],
          [-128.18078, 40.43006],
          [-128.17379, 40.40874],
          [-128.1668, 40.38741],
          [-128.15981, 40.36608],
          [-128.15282, 40.34475],
          [-128.13954, 40.32461],
          [-128.13256, 40.30327],
          [-128.12559, 40.28193],
          [-128.11092, 40.26205],
          [-128.10395, 40.24071],
          [-128.09243, 40.23043],
          [-128.08301, 40.22202],
          [-128.07605, 40.20067],
          [-128.0628, 40.18051],
          [-128.05585, 40.15916],
          [-128.0489, 40.1378],
          [-128.04195, 40.11644],
          [-128.035, 40.09507],
          [-128.02806, 40.07371],
          [-128.02112, 40.05234],
          [-128.00195, 40.0435],
          [-127.99255, 40.03508],
          [-127.97934, 40.0149],
          [-127.97242, 39.99352],
          [-127.9655, 39.97214],
          [-127.95091, 39.95222],
          [-127.93943, 39.94191],
          [-127.92377, 39.93468],
          [-127.91686, 39.91329],
          [-127.90996, 39.8919],
          [-127.90305, 39.8705],
          [-127.89615, 39.84911],
          [-127.87703, 39.84025],
          [-127.86139, 39.833],
          [-127.8545, 39.8116],
          [-127.84762, 39.7902],
          [-127.84073, 39.76879],
          [-127.83385, 39.74738],
          [-127.81476, 39.73852],
          [-127.8054, 39.73007],
          [-127.79226, 39.70985],
          [-127.7854, 39.68843],
          [-127.76632, 39.67955],
          [-127.75697, 39.6711],
          [-127.74385, 39.65087],
          [-127.737, 39.62944],
          [-127.73015, 39.60801],
          [-127.71108, 39.59913],
          [-127.69549, 39.59186],
          [-127.68865, 39.57043],
          [-127.68182, 39.54899],
          [-127.66277, 39.5401],
          [-127.65344, 39.53163],
          [-127.64036, 39.51138],
          [-127.63354, 39.48993],
          [-127.6145, 39.48103],
          [-127.59893, 39.47375],
          [-127.57991, 39.46485],
          [-127.57059, 39.45638],
          [-127.55754, 39.43611],
          [-127.53852, 39.42719],
          [-127.52921, 39.41872],
          [-127.51617, 39.39844],
          [-127.50938, 39.37698],
          [-127.5026, 39.35552],
          [-127.49581, 39.33406],
          [-127.47682, 39.32514],
          [-127.46128, 39.31783],
          [-127.4423, 39.30891],
          [-127.42676, 39.3016],
          [-127.40778, 39.29267],
          [-127.3985, 39.28418],
          [-127.3855, 39.26388],
          [-127.37112, 39.24384],
          [-127.35978, 39.23347],
          [-127.34426, 39.22615],
          [-127.3253, 39.21721],
          [-127.30979, 39.20989],
          [-127.30305, 39.1884],
          [-127.2841, 39.17945],
          [-127.2686, 39.17213],
          [-127.25426, 39.15207],
          [-127.24294, 39.14168],
          [-127.22744, 39.13435],
          [-127.20851, 39.12539],
          [-127.19926, 39.11689],
          [-127.18632, 39.09656],
          [-127.17199, 39.07649],
          [-127.16069, 39.06609],
          [-127.14522, 39.05875],
          [-127.1263, 39.04978],
          [-127.11083, 39.04244],
          [-127.09192, 39.03346],
          [-127.07646, 39.02611],
          [-127.05755, 39.01713],
          [-127.04209, 39.00978],
          [-127.02319, 39.0008],
          [-127.00774, 38.99345],
          [-126.98885, 38.98446],
          [-126.97339, 38.9771],
          [-126.96674, 38.95558],
          [-126.94786, 38.94658],
          [-126.93242, 38.93922],
          [-126.92578, 38.91769],
          [-126.90691, 38.90869],
          [-126.89147, 38.90132],
          [-126.87261, 38.89232],
          [-126.85718, 38.88495],
          [-126.83832, 38.87594],
          [-126.82289, 38.86856],
          [-126.81628, 38.84702],
          [-126.79743, 38.83801],
          [-126.78201, 38.83063],
          [-126.77541, 38.80908],
          [-126.75657, 38.80006],
          [-126.72892, 38.8052],
          [-126.71351, 38.79781],
          [-126.69468, 38.78879],
          [-126.67928, 38.7814],
          [-126.66045, 38.77236],
          [-126.64505, 38.76497],
          [-126.62624, 38.75593],
          [-126.61084, 38.74853],
          [-126.59203, 38.73949],
          [-126.57664, 38.73209],
          [-126.55783, 38.72304],
          [-126.54245, 38.71564],
          [-126.52365, 38.70659],
          [-126.49601, 38.71169],
          [-126.48063, 38.70428],
          [-126.46184, 38.69523],
          [-126.44646, 38.68781],
          [-126.42768, 38.67875],
          [-126.41231, 38.67133],
          [-126.39353, 38.66227],
          [-126.37816, 38.65485],
          [-126.35939, 38.64577],
          [-126.34403, 38.63835],
          [-126.32526, 38.62927],
          [-126.29763, 38.63435],
          [-126.28228, 38.62692],
          [-126.26351, 38.61784],
          [-126.24816, 38.6104],
          [-126.22941, 38.60132],
          [-126.21406, 38.59388],
          [-126.20759, 38.57229],
          [-126.18884, 38.5632],
          [-126.17351, 38.55575],
          [-126.15477, 38.54666],
          [-126.13944, 38.53921],
          [-126.1207, 38.53011],
          [-126.09309, 38.53515],
          [-126.07777, 38.5277],
          [-126.05904, 38.51859],
          [-126.03143, 38.52363],
          [-126.01611, 38.51617],
          [-125.99739, 38.50706],
          [-125.98207, 38.49959],
          [-125.96336, 38.49047],
          [-125.94805, 38.48301],
          [-125.94164, 38.4614],
          [-125.92293, 38.45227],
          [-125.90763, 38.4448],
          [-125.88894, 38.43567],
          [-125.86134, 38.44068],
          [-125.84604, 38.43321],
          [-125.82735, 38.42407],
          [-125.79976, 38.42907],
          [-125.77216, 38.43407],
          [-125.75687, 38.42658],
          [-125.73819, 38.41743],
          [-125.7229, 38.40995],
          [-125.70423, 38.4008],
          [-125.68895, 38.39331],
          [-125.67028, 38.38415],
          [-125.655, 38.37666],
          [-125.63634, 38.36749],
          [-125.60875, 38.37247],
          [-125.59348, 38.36497],
          [-125.57482, 38.3558],
          [-125.54723, 38.36076],
          [-125.53197, 38.35325],
          [-125.51332, 38.34408],
          [-125.48573, 38.34903],
          [-125.45814, 38.35398],
          [-125.44288, 38.34647],
          [-125.42424, 38.33728],
          [-125.39665, 38.34222],
          [-125.3814, 38.3347],
          [-125.36277, 38.32551],
          [-125.34753, 38.31798],
          [-125.3289, 38.30879],
          [-125.30131, 38.31371],
          [-125.28607, 38.30618],
          [-125.26745, 38.29698],
          [-125.23986, 38.30189],
          [-125.21227, 38.3068],
          [-125.19704, 38.29926],
          [-125.17843, 38.29005],
          [-125.15083, 38.29495],
          [-125.13561, 38.28741],
          [-125.11701, 38.27819],
          [-125.08941, 38.28308],
          [-125.0742, 38.27553],
          [-125.0556, 38.2663],
          [-125.02801, 38.27118],
          [-125.00041, 38.27606],
          [-124.97282, 38.28093],
          [-124.94522, 38.2858],
          [-124.93001, 38.27824],
          [-124.91142, 38.26899],
          [-124.88383, 38.27385],
          [-124.85622, 38.2787],
          [-124.84102, 38.27113],
          [-124.82245, 38.26188],
          [-124.80725, 38.25431],
          [-124.78868, 38.24505],
          [-124.76108, 38.24989],
          [-124.74589, 38.24231],
          [-124.72733, 38.23305],
          [-124.69973, 38.23788],
          [-124.67213, 38.2427],
          [-124.64453, 38.24752],
          [-124.63272, 38.26209],
          [-124.62305, 38.27401],
          [-124.60787, 38.26642],
          [-124.58932, 38.25714],
          [-124.56171, 38.26195],
          [-124.53409, 38.26675],
          [-124.51892, 38.25915],
          [-124.50037, 38.24987],
          [-124.47276, 38.25466],
          [-124.45759, 38.24706],
          [-124.43905, 38.23776],
          [-124.41144, 38.24254],
          [-124.38382, 38.24732],
          [-124.35621, 38.25209],
          [-124.32859, 38.25686],
          [-124.30096, 38.26163],
          [-124.27334, 38.26639],
          [-124.25818, 38.25877],
          [-124.23966, 38.24945],
          [-124.22451, 38.24183],
          [-124.20599, 38.23251],
          [-124.17837, 38.23725],
          [-124.16322, 38.22962],
          [-124.14471, 38.22029],
          [-124.11709, 38.22503],
          [-124.08947, 38.22976],
          [-124.06184, 38.23449],
          [-124.03422, 38.23921],
          [-124.02232, 38.25374],
          [-124.01259, 38.26563],
          [-123.98495, 38.27034],
          [-123.95731, 38.27505],
          [-123.92967, 38.27976],
          [-123.90202, 38.28446],
          [-123.87437, 38.28915],
          [-123.84672, 38.29384],
          [-123.83159, 38.28618],
          [-123.8131, 38.27682],
          [-123.78545, 38.28151],
          [-123.7578, 38.28618],
          [-123.73014, 38.29085],
          [-123.70249, 38.29552],
          [-123.67483, 38.30019],
          [-123.64716, 38.30484],
          [-123.6195, 38.3095],
          [-123.59183, 38.31415],
          [-123.56416, 38.31879],
          [-123.53649, 38.32343],
          [-123.50882, 38.32807],
          [-123.48114, 38.3327],
          [-123.45346, 38.33733],
          [-123.44148, 38.35181],
          [-123.43167, 38.36366],
          [-123.40398, 38.36828],
          [-123.37629, 38.3729],
          [-123.36429, 38.38737],
          [-123.35447, 38.39922],
          [-123.33936, 38.39152],
          [-123.3209, 38.38211],
          [-123.30889, 38.39658],
          [-123.29907, 38.40842],
          [-123.27136, 38.41302],
          [-123.24365, 38.41761],
          [-123.21594, 38.4222],
          [-123.18822, 38.42678],
          [-123.17619, 38.44124],
          [-123.16635, 38.45307],
          [-123.15432, 38.46753],
          [-123.14447, 38.47935],
          [-123.11673, 38.48393],
          [-123.10469, 38.49838],
          [-123.09483, 38.5102],
          [-123.06709, 38.51476],
          [-123.05503, 38.52921],
          [-123.04517, 38.54103],
          [-123.0331, 38.55547],
          [-123.03893, 38.57717],
          [-123.02906, 38.58899],
          [-123.01699, 38.60343],
          [-123.02281, 38.62512],
          [-123.01293, 38.63694],
          [-123.00085, 38.65137],
          [-123.00668, 38.67307],
          [-122.99679, 38.68487],
          [-122.98471, 38.6993],
          [-122.97482, 38.71111],
          [-122.96273, 38.72554],
          [-122.96854, 38.74723],
          [-122.97437, 38.76891],
          [-122.98019, 38.7906],
          [-122.98601, 38.81228],
          [-122.99184, 38.83396],
          [-122.99767, 38.85564],
          [-122.98777, 38.86744],
          [-122.97566, 38.88185],
          [-122.96576, 38.89365],
          [-122.95364, 38.90806],
          [-122.95947, 38.92973],
          [-122.9653, 38.9514],
          [-122.98383, 38.96083],
          [-122.999, 38.96853],
          [-123.00484, 38.9902],
          [-123.02338, 38.99961],
          [-123.03855, 39.00732],
          [-123.0444, 39.02898],
          [-123.05025, 39.05063],
          [-123.05611, 39.07229],
          [-123.06197, 39.09394],
          [-123.06155, 39.11661],
          [-123.05791, 39.12738],
          [-123.04578, 39.14178],
          [-123.05164, 39.16343],
          [-123.05122, 39.18609],
          [-123.04757, 39.19685],
          [-123.04311, 39.21],
          [-123.04898, 39.23164],
          [-123.04087, 39.25555],
          [-123.04673, 39.27718],
          [-123.0526, 39.29881],
          [-123.05847, 39.32044],
          [-123.05482, 39.33119],
          [-123.04267, 39.34558],
          [-123.03273, 39.35736],
          [-123.00637, 39.36784],
          [-122.9784, 39.37237],
          [-122.95042, 39.37689],
          [-122.93664, 39.38533],
          [-122.94249, 39.40695],
          [-122.94834, 39.42857],
          [-122.96696, 39.43797],
          [-122.98219, 39.44567],
          [-123.00081, 39.45507],
          [-123.01605, 39.46275],
          [-123.02962, 39.48312],
          [-123.0355, 39.50473],
          [-123.04137, 39.52634],
          [-123.04048, 39.54904],
          [-123.04636, 39.57064],
          [-123.06159, 39.59073],
          [-123.06997, 39.60178],
          [-123.07682, 39.61082],
          [-123.08271, 39.63241],
          [-123.08861, 39.65401],
          [-123.0945, 39.6756],
          [-123.1004, 39.69719],
          [-123.09885, 39.70758],
          [-123.09438, 39.7207],
          [-123.10028, 39.74228],
          [-123.09214, 39.76613],
          [-123.08848, 39.77686],
          [-123.08401, 39.78998],
          [-123.08312, 39.81265],
          [-123.08903, 39.83423],
          [-123.08767, 39.85697],
          [-123.08401, 39.86769],
          [-123.07953, 39.8808],
          [-123.07138, 39.90464],
          [-123.06638, 39.91051],
          [-123.04917, 39.93073],
          [-123.04549, 39.94145],
          [-123.04358, 39.95414],
          [-123.04011, 39.97721],
          [-123.04602, 39.99877],
          [-123.04465, 40.02149],
          [-123.04845, 40.04338],
          [-123.04688, 40.05376],
          [-123.04239, 40.06685],
          [-123.02626, 40.08575],
          [-123.02014, 40.09292],
          [-123.01196, 40.11673],
          [-123.00827, 40.12744],
          [-123.00377, 40.14053],
          [-122.98762, 40.15942],
          [-122.98149, 40.16658],
          [-122.96533, 40.18547],
          [-122.95145, 40.19387],
          [-122.94009, 40.20074],
          [-122.9228, 40.22092],
          [-122.92657, 40.24279],
          [-122.925, 40.25316],
          [-122.92048, 40.26624],
          [-122.91955, 40.28885],
          [-122.91604, 40.31188],
          [-122.91446, 40.32224],
          [-122.90994, 40.33532],
          [-122.90171, 40.35909],
          [-122.89669, 40.36494],
          [-122.87936, 40.3851],
          [-122.87433, 40.39095],
          [-122.84902, 40.40619],
          [-122.84287, 40.41334],
          [-122.84098, 40.43609],
          [-122.84687, 40.45761],
          [-122.86566, 40.46697],
          [-122.88104, 40.47463],
          [-122.89984, 40.48399],
          [-122.91522, 40.49165],
          [-122.93402, 40.50101],
          [-122.94941, 40.50866],
          [-122.93935, 40.52036],
          [-122.92704, 40.53466],
          [-122.93295, 40.55616],
          [-122.92288, 40.56786],
          [-122.91056, 40.58215],
          [-122.91648, 40.60364],
          [-122.92239, 40.62514],
          [-122.92831, 40.64663],
          [-122.93423, 40.66811],
          [-122.94794, 40.68836],
          [-122.95899, 40.69894],
          [-122.97441, 40.70659],
          [-122.99326, 40.71593],
          [-123.00231, 40.72458],
          [-123.00825, 40.74606],
          [-123.02836, 40.76528],
          [-123.03691, 40.78634],
          [-123.04286, 40.8078],
          [-123.04621, 40.82968],
          [-123.05217, 40.85114],
          [-123.05812, 40.8726],
          [-123.06921, 40.88317],
          [-123.07827, 40.89181],
          [-123.08424, 40.91326],
          [-123.08054, 40.92393],
          [-123.0682, 40.93821],
          [-123.05811, 40.94989],
          [-123.02971, 40.95439],
          [-123.0013, 40.95889],
          [-122.98584, 40.95125],
          [-122.96859, 40.94782],
          [-122.94018, 40.95231],
          [-122.92619, 40.96068],
          [-122.91608, 40.97235],
          [-122.88766, 40.97683],
          [-122.87529, 40.99109],
          [-122.88122, 41.01254],
          [-122.90012, 41.02187],
          [-122.91558, 41.02951],
          [-122.92152, 41.05095],
          [-122.92746, 41.07239],
          [-122.94638, 41.08172],
          [-122.96185, 41.08935],
          [-122.98077, 41.09867],
          [-122.99625, 41.10629],
          [-123.01003, 41.12649],
          [-123.02114, 41.13704],
          [-123.03023, 41.14567],
          [-123.02651, 41.15633],
          [-123.01414, 41.17058],
          [-123.02011, 41.19201],
          [-123.00998, 41.20367],
          [-122.9976, 41.21792],
          [-123.00357, 41.23934],
          [-123.00954, 41.26075],
          [-122.9994, 41.27241],
          [-122.97091, 41.27689],
          [-122.95541, 41.26927],
          [-122.94945, 41.24786],
          [-122.9305, 41.23854],
          [-122.91501, 41.23091],
          [-122.89607, 41.22159],
          [-122.88058, 41.21396],
          [-122.86165, 41.20463],
          [-122.83317, 41.2091],
          [-122.82076, 41.22334],
          [-122.81061, 41.23498],
          [-122.78212, 41.23944],
          [-122.76971, 41.25367],
          [-122.75955, 41.26531],
          [-122.73104, 41.26976],
          [-122.71556, 41.26212],
          [-122.70965, 41.24069],
          [-122.70374, 41.21926],
          [-122.68483, 41.20992],
          [-122.65634, 41.21436],
          [-122.62785, 41.21879],
          [-122.61541, 41.23301],
          [-122.60524, 41.24465],
          [-122.57673, 41.24907],
          [-122.56429, 41.26329],
          [-122.5541, 41.27492],
          [-122.54165, 41.28913],
          [-122.53146, 41.30076],
          [-122.519, 41.31497],
          [-122.50881, 41.32659],
          [-122.48028, 41.331],
          [-122.4648, 41.32334],
          [-122.44589, 41.31397],
          [-122.41736, 41.31837],
          [-122.40189, 41.3107],
          [-122.38459, 41.30722],
          [-122.35606, 41.31161],
          [-122.34198, 41.31991],
          [-122.33045, 41.32671],
          [-122.30482, 41.3418],
          [-122.29073, 41.3501],
          [-122.2805, 41.36171],
          [-122.268, 41.37589],
          [-122.25646, 41.38268],
          [-122.22791, 41.38704],
          [-122.19935, 41.3914],
          [-122.17369, 41.40647],
          [-122.15957, 41.41476],
          [-122.14932, 41.42635],
          [-122.1368, 41.44053],
          [-122.12655, 41.45212],
          [-122.09956, 41.46236],
          [-122.06938, 41.4608],
          [-122.04079, 41.46513],
          [-122.0122, 41.46946],
          [-121.98361, 41.47379],
          [-121.96815, 41.46609],
          [-121.94926, 41.45668],
          [-121.92067, 41.46099],
          [-121.89208, 41.4653],
          [-121.87662, 41.4576],
          [-121.85932, 41.45407],
          [-121.82915, 41.45248],
          [-121.80056, 41.45677],
          [-121.77067, 41.45624],
          [-121.74207, 41.46053],
          [-121.72792, 41.45763],
          [-121.71114, 41.45606],
          [-121.69646, 41.46234],
          [-121.68487, 41.46908],
          [-121.65627, 41.47336],
          [-121.6305, 41.48834],
          [-121.61633, 41.49658],
          [-121.60474, 41.50332],
          [-121.57896, 41.51829],
          [-121.56478, 41.52653],
          [-121.55318, 41.53326],
          [-121.52601, 41.54305],
          [-121.49738, 41.54729],
          [-121.46728, 41.546],
          [-121.43865, 41.55023],
          [-121.42449, 41.54731],
          [-121.40563, 41.53785],
          [-121.377, 41.54208],
          [-121.36157, 41.53433],
          [-121.34272, 41.52486],
          [-121.31409, 41.52908],
          [-121.29867, 41.52133],
          [-121.28137, 41.51775],
          [-121.25119, 41.51606],
          [-121.22256, 41.52026],
          [-121.20715, 41.5125],
          [-121.18832, 41.50301],
          [-121.15968, 41.50721],
          [-121.13104, 41.51139],
          [-121.11564, 41.50363],
          [-121.09682, 41.49413],
          [-121.08142, 41.48636],
          [-121.06261, 41.47686],
          [-121.04722, 41.46908],
          [-121.04165, 41.44763],
          [-121.02285, 41.43812],
          [-121.00746, 41.43034],
          [-120.98867, 41.42083],
          [-120.97329, 41.41305],
          [-120.9545, 41.40353],
          [-120.92588, 41.40769],
          [-120.91319, 41.42178],
          [-120.9028, 41.4333],
          [-120.87417, 41.43745],
          [-120.86147, 41.45154],
          [-120.85107, 41.46306],
          [-120.82243, 41.4672],
          [-120.80972, 41.48128],
          [-120.79931, 41.49279],
          [-120.77066, 41.49692],
          [-120.74201, 41.50105],
          [-120.71336, 41.50517],
          [-120.6847, 41.50929],
          [-120.65604, 41.5134],
          [-120.62738, 41.51751],
          [-120.59872, 41.52161],
          [-120.58597, 41.53567],
          [-120.57553, 41.54717],
          [-120.54686, 41.55127],
          [-120.53409, 41.56532],
          [-120.52365, 41.57681],
          [-120.49496, 41.5809],
          [-120.48219, 41.59494],
          [-120.47173, 41.60644],
          [-120.45895, 41.62048],
          [-120.44849, 41.63196],
          [-120.4357, 41.646],
          [-120.42523, 41.65749],
          [-120.41244, 41.67152],
          [-120.40197, 41.683],
          [-120.38916, 41.69704],
          [-120.37869, 41.70851],
          [-120.36588, 41.72254],
          [-120.3554, 41.73402],
          [-120.32666, 41.73807],
          [-120.31129, 41.73025],
          [-120.30586, 41.7088],
          [-120.30044, 41.68735],
          [-120.29502, 41.6659],
          [-120.2896, 41.64445],
          [-120.28418, 41.62299],
          [-120.27876, 41.60153],
          [-120.27335, 41.58007],
          [-120.2546, 41.57049],
          [-120.24571, 41.56174],
          [-120.23385, 41.54118],
          [-120.21511, 41.5316],
          [-120.19977, 41.52375],
          [-120.18103, 41.51416],
          [-120.15235, 41.5182],
          [-120.13954, 41.53222],
          [-120.12905, 41.5437],
          [-120.10036, 41.54772],
          [-120.07167, 41.55174],
          [-120.04445, 41.56166],
          [-120.03014, 41.56977],
          [-120.01964, 41.58124],
          [-119.99093, 41.58524],
          [-119.97808, 41.59925],
          [-119.96757, 41.61071],
          [-119.93886, 41.61471],
          [-119.92353, 41.60685],
          [-119.9048, 41.59723],
          [-119.87609, 41.60122],
          [-119.84737, 41.6052],
          [-119.83206, 41.59733],
          [-119.8148, 41.59361],
          [-119.78463, 41.59168],
          [-119.75591, 41.59565],
          [-119.72719, 41.59961],
          [-119.69847, 41.60357],
          [-119.66975, 41.60752],
          [-119.64102, 41.61147],
          [-119.61229, 41.61542],
          [-119.59939, 41.6294],
          [-119.58883, 41.64083],
          [-119.56009, 41.64477],
          [-119.54718, 41.65875],
          [-119.53661, 41.67018],
          [-119.52369, 41.68415],
          [-119.52895, 41.70562],
          [-119.51838, 41.71705],
          [-119.50545, 41.73101],
          [-119.51071, 41.75248],
          [-119.51597, 41.77394],
          [-119.52123, 41.7954],
          [-119.52649, 41.81686],
          [-119.53176, 41.83832],
          [-119.53703, 41.85977],
          [-119.5423, 41.88122],
          [-119.54758, 41.90266],
          [-119.55285, 41.92411],
          [-119.57161, 41.93374],
          [-119.60043, 41.92981],
          [-119.61337, 41.91585],
          [-119.62395, 41.90443],
          [-119.63689, 41.89047],
          [-119.64747, 41.87905],
          [-119.66039, 41.86508],
          [-119.67097, 41.85366],
          [-119.68631, 41.86153],
          [-119.70507, 41.87115],
          [-119.72041, 41.87902],
          [-119.73918, 41.88864],
          [-119.75453, 41.89651],
          [-119.7733, 41.90612],
          [-119.78866, 41.91399],
          [-119.80743, 41.9236],
          [-119.8228, 41.93146],
          [-119.82813, 41.95289],
          [-119.84692, 41.96249],
          [-119.86229, 41.97034],
          [-119.86764, 41.99177],
          [-119.87299, 42.01319],
          [-119.87834, 42.03462],
          [-119.88369, 42.05603],
          [-119.88905, 42.07745],
          [-119.89441, 42.09886],
          [-119.89977, 42.12027],
          [-119.90513, 42.14168],
          [-119.92396, 42.15126],
          [-119.95283, 42.14728],
          [-119.98169, 42.14329],
          [-120.01056, 42.1393],
          [-120.03942, 42.1353],
          [-120.06828, 42.1313],
          [-120.09713, 42.1273],
          [-120.11255, 42.13512],
          [-120.1314, 42.14469],
          [-120.14682, 42.15251],
          [-120.15224, 42.1739],
          [-120.15766, 42.1953],
          [-120.17652, 42.20485],
          [-120.18942, 42.19088],
          [-120.19997, 42.17944],
          [-120.22883, 42.17542],
          [-120.2577, 42.17139],
          [-120.28656, 42.16735],
          [-120.302, 42.17516],
          [-120.32087, 42.1847],
          [-120.33631, 42.19251],
          [-120.34177, 42.21389],
          [-120.36066, 42.22343],
          [-120.37611, 42.23123],
          [-120.38158, 42.2526],
          [-120.40047, 42.26213],
          [-120.41594, 42.26993],
          [-120.42142, 42.2913],
          [-120.44032, 42.30082],
          [-120.45579, 42.30861],
          [-120.47471, 42.31813],
          [-120.49018, 42.32592],
          [-120.5091, 42.33543],
          [-120.538, 42.33136],
          [-120.55348, 42.33914],
          [-120.559, 42.3605],
          [-120.57793, 42.37],
          [-120.59342, 42.37778],
          [-120.59895, 42.39913],
          [-120.60447, 42.42048],
          [-120.61, 42.44183],
          [-120.60902, 42.46409],
          [-120.61456, 42.48543],
          [-120.61054, 42.49596],
          [-120.60562, 42.50881],
          [-120.60319, 42.53127],
          [-120.60873, 42.5526],
          [-120.61426, 42.57394],
          [-120.6198, 42.59526],
          [-120.62534, 42.61659],
          [-120.64433, 42.62607],
          [-120.65987, 42.63383],
          [-120.67886, 42.64331],
          [-120.69441, 42.65106],
          [-120.71341, 42.66053],
          [-120.72895, 42.66828],
          [-120.73452, 42.6896],
          [-120.72398, 42.70103],
          [-120.69499, 42.70512],
          [-120.66599, 42.7092],
          [-120.63698, 42.71328],
          [-120.60798, 42.71736],
          [-120.59507, 42.73132],
          [-120.60062, 42.75263],
          [-120.61963, 42.76211],
          [-120.63518, 42.76986],
          [-120.64074, 42.79116],
          [-120.6463, 42.81246],
          [-120.63573, 42.82388],
          [-120.6067, 42.82795],
          [-120.59378, 42.8419],
          [-120.5832, 42.85331],
          [-120.55415, 42.85738],
          [-120.54122, 42.87132],
          [-120.53064, 42.88273],
          [-120.50158, 42.88679],
          [-120.47252, 42.89084],
          [-120.44346, 42.89488],
          [-120.4279, 42.88712],
          [-120.40888, 42.87763],
          [-120.37982, 42.88167],
          [-120.36426, 42.8739],
          [-120.34526, 42.8644],
          [-120.3162, 42.86843],
          [-120.28713, 42.87245],
          [-120.25807, 42.87647],
          [-120.229, 42.88048],
          [-120.19993, 42.88449],
          [-120.18695, 42.8984],
          [-120.17632, 42.90979],
          [-120.16333, 42.9237],
          [-120.18233, 42.93322],
          [-120.19788, 42.941],
          [-120.21689, 42.95051],
          [-120.23244, 42.95828],
          [-120.23792, 42.97957],
          [-120.2434, 43.00086],
          [-120.24889, 43.02214],
          [-120.26792, 43.03164],
          [-120.28349, 43.03941],
          [-120.28898, 43.06069],
          [-120.29448, 43.08196],
          [-120.31352, 43.09145],
          [-120.34265, 43.08743],
          [-120.37177, 43.08341],
          [-120.40089, 43.07938],
          [-120.43001, 43.07534],
          [-120.4456, 43.08309],
          [-120.46466, 43.09257],
          [-120.48026, 43.10032],
          [-120.49933, 43.10979],
          [-120.51493, 43.11754],
          [-120.534, 43.127],
          [-120.54961, 43.13474],
          [-120.56869, 43.1442],
          [-120.5843, 43.15194],
          [-120.60339, 43.1614],
          [-120.61901, 43.16913],
          [-120.6381, 43.17858],
          [-120.66724, 43.17452],
          [-120.68286, 43.18224],
          [-120.70196, 43.19169],
          [-120.7311, 43.18761],
          [-120.76024, 43.18353],
          [-120.77587, 43.19125],
          [-120.79499, 43.20068],
          [-120.81063, 43.2084],
          [-120.81624, 43.22964],
          [-120.80565, 43.24103],
          [-120.7765, 43.24512],
          [-120.74735, 43.24921],
          [-120.71819, 43.25329],
          [-120.70255, 43.24557],
          [-120.68344, 43.23613],
          [-120.65428, 43.2402],
          [-120.64132, 43.25411],
          [-120.66043, 43.26356],
          [-120.67607, 43.27128],
          [-120.69518, 43.28072],
          [-120.72435, 43.27665],
          [-120.75351, 43.27257],
          [-120.78267, 43.26848],
          [-120.79832, 43.2762],
          [-120.81745, 43.28562],
          [-120.84662, 43.28153],
          [-120.87578, 43.27743],
          [-120.89144, 43.28514],
          [-120.91058, 43.29455],
          [-120.92624, 43.30226],
          [-120.93189, 43.32348],
          [-120.9213, 43.33488],
          [-120.90836, 43.34881],
          [-120.91401, 43.37002],
          [-120.90341, 43.38142],
          [-120.89046, 43.39534],
          [-120.87986, 43.40673],
          [-120.86691, 43.42065],
          [-120.87255, 43.44186],
          [-120.86194, 43.45324],
          [-120.84898, 43.46716],
          [-120.85462, 43.48836],
          [-120.844, 43.49974],
          [-120.81478, 43.50383],
          [-120.78555, 43.50792],
          [-120.75631, 43.512],
          [-120.72708, 43.51607],
          [-120.7114, 43.50836],
          [-120.69223, 43.49894],
          [-120.663, 43.503],
          [-120.63377, 43.50706],
          [-120.60453, 43.51112],
          [-120.57529, 43.51517],
          [-120.54604, 43.51921],
          [-120.53037, 43.51149],
          [-120.51123, 43.50205],
          [-120.48199, 43.50608],
          [-120.46632, 43.49835],
          [-120.44719, 43.4889],
          [-120.43416, 43.50279],
          [-120.43971, 43.524],
          [-120.45885, 43.53345],
          [-120.48811, 43.52941],
          [-120.50377, 43.53714],
          [-120.50934, 43.55834],
          [-120.5285, 43.56778],
          [-120.54418, 43.5755],
          [-120.54976, 43.5967],
          [-120.56893, 43.60614],
          [-120.58461, 43.61385],
          [-120.60379, 43.62328],
          [-120.61948, 43.63099],
          [-120.63866, 43.64042],
          [-120.65436, 43.64812],
          [-120.67355, 43.65754],
          [-120.68925, 43.66525],
          [-120.70845, 43.67466],
          [-120.73773, 43.6706],
          [-120.75344, 43.67829],
          [-120.7711, 43.68188],
          [-120.80193, 43.68362],
          [-120.83121, 43.67954],
          [-120.86049, 43.67546],
          [-120.87621, 43.68314],
          [-120.89543, 43.69254],
          [-120.92471, 43.68844],
          [-120.95399, 43.68434],
          [-120.96972, 43.69202],
          [-120.98894, 43.7014],
          [-121.01822, 43.69729],
          [-121.03119, 43.68339],
          [-121.0255, 43.66222],
          [-121.03611, 43.65084],
          [-121.04908, 43.63693],
          [-121.05968, 43.62554],
          [-121.07264, 43.61163],
          [-121.08324, 43.60024],
          [-121.09619, 43.58632],
          [-121.10678, 43.57493],
          [-121.11972, 43.56101],
          [-121.11402, 43.53983],
          [-121.10832, 43.51864],
          [-121.08912, 43.50925],
          [-121.07341, 43.50158],
          [-121.05421, 43.49219],
          [-121.03851, 43.48451],
          [-121.03283, 43.46331],
          [-121.02715, 43.44211],
          [-121.03774, 43.43071],
          [-121.06693, 43.42659],
          [-121.09613, 43.42246],
          [-121.12532, 43.41832],
          [-121.15451, 43.41418],
          [-121.18369, 43.41004],
          [-121.19661, 43.39609],
          [-121.20717, 43.38468],
          [-121.22007, 43.37074],
          [-121.23063, 43.35933],
          [-121.25979, 43.35517],
          [-121.28896, 43.35101],
          [-121.31812, 43.34684],
          [-121.33382, 43.35451],
          [-121.32328, 43.36592],
          [-121.31039, 43.37988],
          [-121.29984, 43.39129],
          [-121.28695, 43.40524],
          [-121.27639, 43.41666],
          [-121.26349, 43.4306],
          [-121.26922, 43.4518],
          [-121.28843, 43.46117],
          [-121.30415, 43.46883],
          [-121.32336, 43.47819],
          [-121.33909, 43.48585],
          [-121.35831, 43.49521],
          [-121.37404, 43.50286],
          [-121.36349, 43.51427],
          [-121.33428, 43.51844],
          [-121.30507, 43.52261],
          [-121.27585, 43.52677],
          [-121.24663, 43.53092],
          [-121.23371, 43.54486],
          [-121.22314, 43.55626],
          [-121.19391, 43.5604],
          [-121.18098, 43.57433],
          [-121.18669, 43.59551],
          [-121.20592, 43.60488],
          [-121.22166, 43.61254],
          [-121.2409, 43.6219],
          [-121.27014, 43.61775],
          [-121.29938, 43.61359],
          [-121.32862, 43.60943],
          [-121.35786, 43.60527],
          [-121.3871, 43.6011],
          [-121.40284, 43.60874],
          [-121.4221, 43.61809],
          [-121.45133, 43.61391],
          [-121.46709, 43.62155],
          [-121.48635, 43.63089],
          [-121.51559, 43.6267],
          [-121.53135, 43.63433],
          [-121.55062, 43.64366],
          [-121.56639, 43.65129],
          [-121.55584, 43.6627],
          [-121.54295, 43.67665],
          [-121.5324, 43.68805],
          [-121.51949, 43.70199],
          [-121.52529, 43.72314],
          [-121.54458, 43.73247],
          [-121.56036, 43.7401],
          [-121.54981, 43.7515],
          [-121.5369, 43.76544],
          [-121.5427, 43.78658],
          [-121.53214, 43.79798],
          [-121.51922, 43.81191],
          [-121.50865, 43.8233],
          [-121.49573, 43.83723],
          [-121.48515, 43.84862],
          [-121.47222, 43.86254],
          [-121.47802, 43.88367],
          [-121.46744, 43.89506],
          [-121.4545, 43.90898],
          [-121.44391, 43.92036],
          [-121.43097, 43.93427],
          [-121.43676, 43.95539],
          [-121.45608, 43.96471],
          [-121.4719, 43.97234],
          [-121.4777, 43.99345],
          [-121.48351, 44.01456],
          [-121.50285, 44.02387],
          [-121.51868, 44.03149],
          [-121.52449, 44.0526],
          [-121.54385, 44.0619],
          [-121.57321, 44.05771],
          [-121.60257, 44.05352],
          [-121.63193, 44.04933],
          [-121.64777, 44.05693],
          [-121.66714, 44.06622],
          [-121.68298, 44.07382],
          [-121.70235, 44.08311],
          [-121.73172, 44.0789],
          [-121.74757, 44.08649],
          [-121.76695, 44.09577],
          [-121.79632, 44.09155],
          [-121.82568, 44.08733],
          [-121.85504, 44.0831],
          [-121.88439, 44.07886],
          [-121.91375, 44.07462],
          [-121.9431, 44.07038],
          [-121.97245, 44.06613],
          [-122.00179, 44.06187],
          [-122.03114, 44.05762],
          [-122.06048, 44.05335],
          [-122.08982, 44.04908],
          [-122.10268, 44.03514],
          [-122.11321, 44.02372],
          [-122.12607, 44.00977],
          [-122.13659, 43.99836],
          [-122.14944, 43.9844],
          [-122.15995, 43.97298],
          [-122.18926, 43.9687],
          [-122.2021, 43.95474],
          [-122.21261, 43.94331],
          [-122.2419, 43.93902],
          [-122.25778, 43.94658],
          [-122.27718, 43.95581],
          [-122.30648, 43.95151],
          [-122.3193, 43.93754],
          [-122.32979, 43.9261],
          [-122.35907, 43.92179],
          [-122.37189, 43.90781],
          [-122.38236, 43.89638],
          [-122.39517, 43.8824],
          [-122.38917, 43.86129],
          [-122.39964, 43.84985],
          [-122.40439, 43.83706],
          [-122.39305, 43.82664],
          [-122.37719, 43.81908],
          [-122.3712, 43.79797],
          [-122.35182, 43.78874],
          [-122.33597, 43.78118],
          [-122.31824, 43.77774],
          [-122.28735, 43.77625],
          [-122.2581, 43.78055],
          [-122.24226, 43.77299],
          [-122.2229, 43.76374],
          [-122.19365, 43.76803],
          [-122.17782, 43.76046],
          [-122.17187, 43.73933],
          [-122.15253, 43.73007],
          [-122.14328, 43.72153],
          [-122.13077, 43.70136],
          [-122.12484, 43.68023],
          [-122.13532, 43.66879],
          [-122.16454, 43.6645],
          [-122.19376, 43.6602],
          [-122.22298, 43.6559],
          [-122.2388, 43.66348],
          [-122.25814, 43.67273],
          [-122.28736, 43.66842],
          [-122.30319, 43.67599],
          [-122.32254, 43.68524],
          [-122.35176, 43.68092],
          [-122.36454, 43.66692],
          [-122.34519, 43.65768],
          [-122.32936, 43.65011],
          [-122.31001, 43.64086],
          [-122.29418, 43.63329],
          [-122.27485, 43.62404],
          [-122.25903, 43.61647],
          [-122.2397, 43.60721],
          [-122.23045, 43.59866],
          [-122.22451, 43.57752],
          [-122.20397, 43.55852],
          [-122.19804, 43.53737],
          [-122.18675, 43.52692],
          [-122.17752, 43.51836],
          [-122.16503, 43.49817],
          [-122.17549, 43.48672],
          [-122.20465, 43.48241],
          [-122.23381, 43.47811],
          [-122.26297, 43.4738],
          [-122.27877, 43.48138],
          [-122.29808, 43.49064],
          [-122.32724, 43.48632],
          [-122.34305, 43.49389],
          [-122.36237, 43.50315],
          [-122.37817, 43.51072],
          [-122.38415, 43.53187],
          [-122.37371, 43.54333],
          [-122.36094, 43.55734],
          [-122.36692, 43.57849],
          [-122.37289, 43.59963],
          [-122.39223, 43.60887],
          [-122.40806, 43.61643],
          [-122.42741, 43.62567],
          [-122.4566, 43.62134],
          [-122.4858, 43.617],
          [-122.51499, 43.61265],
          [-122.52773, 43.59863],
          [-122.53816, 43.58716],
          [-122.56734, 43.58281],
          [-122.59486, 43.57264],
          [-122.60925, 43.56442],
          [-122.61966, 43.55295],
          [-122.64883, 43.54858],
          [-122.66155, 43.53455],
          [-122.67195, 43.52307],
          [-122.70111, 43.51869],
          [-122.73026, 43.51431],
          [-122.7461, 43.52184],
          [-122.75215, 43.54298],
          [-122.77151, 43.55219],
          [-122.78736, 43.55972],
          [-122.79343, 43.58085],
          [-122.81281, 43.59006],
          [-122.82866, 43.59758],
          [-122.84805, 43.60678],
          [-122.86391, 43.61431],
          [-122.86999, 43.63543],
          [-122.88939, 43.64462],
          [-122.90526, 43.65214],
          [-122.91136, 43.67325],
          [-122.91746, 43.69436],
          [-122.92355, 43.71547],
          [-122.92966, 43.73657],
          [-122.93576, 43.75767],
          [-122.94187, 43.77877],
          [-122.93147, 43.79025],
          [-122.91875, 43.80427],
          [-122.90835, 43.81575],
          [-122.87912, 43.82015],
          [-122.86639, 43.83417],
          [-122.85597, 43.84564],
          [-122.82673, 43.85003],
          [-122.79748, 43.85442],
          [-122.78474, 43.86843],
          [-122.79082, 43.88952],
          [-122.81026, 43.8987],
          [-122.823, 43.88469],
          [-122.83343, 43.87323],
          [-122.86268, 43.86883],
          [-122.87541, 43.85482],
          [-122.88582, 43.84335],
          [-122.91506, 43.83895],
          [-122.92778, 43.82492],
          [-122.93819, 43.81345],
          [-122.96742, 43.80904],
          [-122.98332, 43.81654],
          [-123.00276, 43.82571],
          [-123.01868, 43.83321],
          [-123.03812, 43.84238],
          [-123.06736, 43.83795],
          [-123.08327, 43.84544],
          [-123.10273, 43.8546],
          [-123.11866, 43.86209],
          [-123.12481, 43.88317],
          [-123.13097, 43.90424],
          [-123.12057, 43.91572],
          [-123.10787, 43.92975],
          [-123.11402, 43.95082],
          [-123.12018, 43.97188],
          [-123.12634, 43.99294],
          [-123.11594, 44.00442],
          [-123.08666, 44.00884],
          [-123.05738, 44.01327],
          [-123.02809, 44.01769],
          [-123.01536, 44.0317],
          [-123.00494, 44.04316],
          [-122.99221, 44.05717],
          [-122.98178, 44.06863],
          [-122.96904, 44.08263],
          [-122.95861, 44.09409],
          [-122.94586, 44.10809],
          [-122.93542, 44.11954],
          [-122.92267, 44.13354],
          [-122.92879, 44.15458],
          [-122.93492, 44.17563],
          [-122.94106, 44.19667],
          [-122.94719, 44.2177],
          [-122.93675, 44.22915],
          [-122.92397, 44.24313],
          [-122.91352, 44.25457],
          [-122.90074, 44.26856],
          [-122.89029, 44.27999],
          [-122.86091, 44.28438],
          [-122.83154, 44.28876],
          [-122.80216, 44.29314],
          [-122.77278, 44.29751],
          [-122.7434, 44.30187],
          [-122.71401, 44.30624],
          [-122.68629, 44.31638],
          [-122.6718, 44.32456],
          [-122.66131, 44.33598],
          [-122.64849, 44.34993],
          [-122.63799, 44.36135],
          [-122.62516, 44.3753],
          [-122.61466, 44.38672],
          [-122.60991, 44.39947],
          [-122.60789, 44.42169],
          [-122.61397, 44.4427],
          [-122.62005, 44.46371],
          [-122.62613, 44.48472],
          [-122.64568, 44.49389],
          [-122.67512, 44.48954],
          [-122.69112, 44.49704],
          [-122.69744, 44.5]
        ]
      }
    },
    {
      "type": "Feature",
      "id": "2026090606_f024_08000_009",
      "properties": {
        "product_id": "winter_storm_levels",
        "source_id": "nbm_snow_level",
        "parameter": "snow_level",
        "definition": "height of the wet-bulb 0.5 degree C surface",
        "level_ft_msl": 8000,
        "label": "8,000 ft MSL",
        "unit": "ft_msl",
        "cycle_time_utc": "2026-09-06T06:00:00Z",
        "valid_time_utc": "2026-09-07T06:00:00Z",
        "lead_hours": 24,
        "segment": 9,
        "length_m": 16877.3
      },
      "geometry": {
        "type": "LineString",
        "coordinates": [
          [-130, 44.36906],
          [-129.99835, 44.37108],
          [-129.98873, 44.38289],
          [-129.97697, 44.39732],
          [-129.96735, 44.40912],
          [-129.95558, 44.42355],
          [-129.94596, 44.43534],
          [-129.93419, 44.44976],
          [-129.92455, 44.46156],
          [-129.91278, 44.47598],
          [-129.90314, 44.48777],
          [-129.89314, 44.5]
        ]
      }
    },
    {
      "type": "Feature",
      "id": "2026090606_f024_09000_001",
      "properties": {
        "product_id": "winter_storm_levels",
        "source_id": "nbm_snow_level",
        "parameter": "snow_level",
        "definition": "height of the wet-bulb 0.5 degree C surface",
        "level_ft_msl": 9000,
        "label": "9,000 ft MSL",
        "unit": "ft_msl",
        "cycle_time_utc": "2026-09-06T06:00:00Z",
        "valid_time_utc": "2026-09-07T06:00:00Z",
        "lead_hours": 24,
        "segment": 1,
        "length_m": 30992.7
      },
      "geometry": {
        "type": "LineString",
        "coordinates": [
          [-118.808, 37.47879],
          [-118.8031, 37.45685],
          [-118.7982, 37.43491],
          [-118.7933, 37.41297],
          [-118.7884, 37.39102],
          [-118.76727, 37.37929],
          [-118.75249, 37.39608],
          [-118.74453, 37.40512],
          [-118.74172, 37.42022],
          [-118.74362, 37.44259],
          [-118.74851, 37.46453],
          [-118.75341, 37.48647],
          [-118.76398, 37.49234],
          [-118.79322, 37.49558],
          [-118.808, 37.47879]
        ]
      }
    },
    {
      "type": "Feature",
      "id": "2026090606_f024_09000_002",
      "properties": {
        "product_id": "winter_storm_levels",
        "source_id": "nbm_snow_level",
        "parameter": "snow_level",
        "definition": "height of the wet-bulb 0.5 degree C surface",
        "level_ft_msl": 9000,
        "label": "9,000 ft MSL",
        "unit": "ft_msl",
        "cycle_time_utc": "2026-09-06T06:00:00Z",
        "valid_time_utc": "2026-09-07T06:00:00Z",
        "lead_hours": 24,
        "segment": 2,
        "length_m": 14069.1
      },
      "geometry": {
        "type": "LineString",
        "coordinates": [
          [-119.23404, 38.09666],
          [-119.22902, 38.07479],
          [-119.2077, 38.06314],
          [-119.1929, 38.07992],
          [-119.19791, 38.10179],
          [-119.21924, 38.11344],
          [-119.23404, 38.09666]
        ]
      }
    },
    {
      "type": "Feature",
      "id": "2026090606_f024_09000_003",
      "properties": {
        "product_id": "winter_storm_levels",
        "source_id": "nbm_snow_level",
        "parameter": "snow_level",
        "definition": "height of the wet-bulb 0.5 degree C surface",
        "level_ft_msl": 9000,
        "label": "9,000 ft MSL",
        "unit": "ft_msl",
        "cycle_time_utc": "2026-09-06T06:00:00Z",
        "valid_time_utc": "2026-09-07T06:00:00Z",
        "lead_hours": 24,
        "segment": 3,
        "length_m": 108137
      },
      "geometry": {
        "type": "LineString",
        "coordinates": [
          [-119.72063, 38.86153],
          [-119.71547, 38.83975],
          [-119.71032, 38.81797],
          [-119.69873, 38.81175],
          [-119.67721, 38.80019],
          [-119.66563, 38.79397],
          [-119.63767, 38.79798],
          [-119.60805, 38.7949],
          [-119.58821, 38.79041],
          [-119.57663, 38.78418],
          [-119.55513, 38.77261],
          [-119.54355, 38.76638],
          [-119.52206, 38.75481],
          [-119.51695, 38.73301],
          [-119.50538, 38.72678],
          [-119.47744, 38.73076],
          [-119.44949, 38.73473],
          [-119.4415, 38.74375],
          [-119.42664, 38.76051],
          [-119.42353, 38.76883],
          [-119.42862, 38.79063],
          [-119.4353, 38.79756],
          [-119.45679, 38.80914],
          [-119.46678, 38.83024],
          [-119.47347, 38.83717],
          [-119.48285, 38.85047],
          [-119.48796, 38.87226],
          [-119.48521, 38.88728],
          [-119.4821, 38.8956],
          [-119.47322, 38.91937],
          [-119.46744, 38.93482],
          [-119.46433, 38.94314],
          [-119.44544, 38.96438],
          [-119.44143, 38.96888],
          [-119.43253, 38.99264],
          [-119.43763, 39.01442],
          [-119.45185, 39.0349],
          [-119.46345, 39.04113],
          [-119.48499, 39.0527],
          [-119.49659, 39.05892],
          [-119.51814, 39.07048],
          [-119.52975, 39.07671],
          [-119.55779, 39.07273],
          [-119.5658, 39.06371],
          [-119.58068, 39.04697],
          [-119.58869, 39.03796],
          [-119.60356, 39.02122],
          [-119.61157, 39.0122],
          [-119.60642, 38.99043],
          [-119.62129, 38.97368],
          [-119.62929, 38.96466],
          [-119.64414, 38.94791],
          [-119.65214, 38.93889],
          [-119.66699, 38.92213],
          [-119.67498, 38.91311],
          [-119.68982, 38.89635],
          [-119.69781, 38.88732],
          [-119.71264, 38.87056],
          [-119.72063, 38.86153]
        ]
      }
    },
    {
      "type": "Feature",
      "id": "2026090606_f024_09000_004",
      "properties": {
        "product_id": "winter_storm_levels",
        "source_id": "nbm_snow_level",
        "parameter": "snow_level",
        "definition": "height of the wet-bulb 0.5 degree C surface",
        "level_ft_msl": 9000,
        "label": "9,000 ft MSL",
        "unit": "ft_msl",
        "cycle_time_utc": "2026-09-06T06:00:00Z",
        "valid_time_utc": "2026-09-07T06:00:00Z",
        "lead_hours": 24,
        "segment": 4,
        "length_m": 46012.6
      },
      "geometry": {
        "type": "LineString",
        "coordinates": [
          [-120.54619, 36.42857],
          [-120.54099, 36.40659],
          [-120.52961, 36.40037],
          [-120.50848, 36.3888],
          [-120.50328, 36.36682],
          [-120.49809, 36.34484],
          [-120.48672, 36.33861],
          [-120.4656, 36.32703],
          [-120.45424, 36.3208],
          [-120.4465, 36.32996],
          [-120.43213, 36.34696],
          [-120.42439, 36.35612],
          [-120.41001, 36.37312],
          [-120.40226, 36.38227],
          [-120.40744, 36.40425],
          [-120.41262, 36.42624],
          [-120.4178, 36.44821],
          [-120.42918, 36.45445],
          [-120.45031, 36.46602],
          [-120.4617, 36.47225],
          [-120.48902, 36.46807],
          [-120.51634, 36.46389],
          [-120.52408, 36.45473],
          [-120.53846, 36.43773],
          [-120.54619, 36.42857]
        ]
      }
    },
    {
      "type": "Feature",
      "id": "2026090606_f024_09000_005",
      "properties": {
        "product_id": "winter_storm_levels",
        "source_id": "nbm_snow_level",
        "parameter": "snow_level",
        "definition": "height of the wet-bulb 0.5 degree C surface",
        "level_ft_msl": 9000,
        "label": "9,000 ft MSL",
        "unit": "ft_msl",
        "cycle_time_utc": "2026-09-06T06:00:00Z",
        "valid_time_utc": "2026-09-07T06:00:00Z",
        "lead_hours": 24,
        "segment": 5,
        "length_m": 13460.2
      },
      "geometry": {
        "type": "LineString",
        "coordinates": [
          [-124.98571, 35.33792],
          [-124.97842, 35.34732],
          [-124.95156, 35.35224],
          [-124.94005, 35.34629],
          [-124.93402, 35.32438],
          [-124.94131, 35.31499],
          [-124.95282, 35.32094],
          [-124.9742, 35.33198],
          [-124.98571, 35.33792]
        ]
      }
    },
    {
      "type": "Feature",
      "id": "2026090606_f024_09000_006",
      "properties": {
        "product_id": "winter_storm_levels",
        "source_id": "nbm_snow_level",
        "parameter": "snow_level",
        "definition": "height of the wet-bulb 0.5 degree C surface",
        "level_ft_msl": 9000,
        "label": "9,000 ft MSL",
        "unit": "ft_msl",
        "cycle_time_utc": "2026-09-06T06:00:00Z",
        "valid_time_utc": "2026-09-07T06:00:00Z",
        "lead_hours": 24,
        "segment": 6,
        "length_m": 529959.1
      },
      "geometry": {
        "type": "LineString",
        "coordinates": [
          [-125.56252, 34.67734],
          [-125.55533, 34.68677],
          [-125.54196, 34.7043],
          [-125.53476, 34.71374],
          [-125.52139, 34.73126],
          [-125.51418, 34.74069],
          [-125.48749, 34.74571],
          [-125.47411, 34.76323],
          [-125.4669, 34.77266],
          [-125.45351, 34.79018],
          [-125.4463, 34.79961],
          [-125.4329, 34.81712],
          [-125.439, 34.83905],
          [-125.46034, 34.85004],
          [-125.47183, 34.85596],
          [-125.47794, 34.87789],
          [-125.47072, 34.88732],
          [-125.45732, 34.90483],
          [-125.4501, 34.91425],
          [-125.43669, 34.93176],
          [-125.44279, 34.95368],
          [-125.46415, 34.96467],
          [-125.4909, 34.95966],
          [-125.5024, 34.96558],
          [-125.50852, 34.98749],
          [-125.5013, 34.99692],
          [-125.47455, 35.00193],
          [-125.44779, 35.00694],
          [-125.42103, 35.01195],
          [-125.40761, 35.02944],
          [-125.40037, 35.03887],
          [-125.3736, 35.04386],
          [-125.36017, 35.06135],
          [-125.35293, 35.07077],
          [-125.32615, 35.07576],
          [-125.3127, 35.09324],
          [-125.30546, 35.10266],
          [-125.292, 35.12014],
          [-125.28475, 35.12955],
          [-125.27129, 35.14703],
          [-125.27738, 35.16895],
          [-125.27013, 35.17836],
          [-125.25666, 35.19583],
          [-125.2494, 35.20524],
          [-125.23592, 35.22271],
          [-125.22867, 35.23212],
          [-125.21518, 35.24959],
          [-125.20792, 35.259],
          [-125.19443, 35.27646],
          [-125.18716, 35.28587],
          [-125.17367, 35.30333],
          [-125.1664, 35.31273],
          [-125.15488, 35.3068],
          [-125.13348, 35.29578],
          [-125.10664, 35.30073],
          [-125.09512, 35.29479],
          [-125.08907, 35.27288],
          [-125.08301, 35.25097],
          [-125.07696, 35.22905],
          [-125.05559, 35.21802],
          [-125.02876, 35.22296],
          [-125.00193, 35.22789],
          [-124.9751, 35.23282],
          [-124.96157, 35.25027],
          [-124.95429, 35.25966],
          [-124.92745, 35.26458],
          [-124.91391, 35.28202],
          [-124.90662, 35.29142],
          [-124.87977, 35.29633],
          [-124.85292, 35.30124],
          [-124.82606, 35.30614],
          [-124.7992, 35.31104],
          [-124.77234, 35.31593],
          [-124.75877, 35.33336],
          [-124.75146, 35.34274],
          [-124.72459, 35.34763],
          [-124.71102, 35.36505],
          [-124.7037, 35.37443],
          [-124.67682, 35.37931],
          [-124.64994, 35.38418],
          [-124.62305, 35.38905],
          [-124.59616, 35.39392],
          [-124.56927, 35.39878],
          [-124.54238, 35.40363],
          [-124.51548, 35.40849],
          [-124.48858, 35.41333],
          [-124.47496, 35.43073],
          [-124.46762, 35.4401],
          [-124.44072, 35.44494],
          [-124.41381, 35.44977],
          [-124.38689, 35.4546],
          [-124.37325, 35.47199],
          [-124.3659, 35.48135],
          [-124.33898, 35.48617],
          [-124.31205, 35.49099],
          [-124.30056, 35.485],
          [-124.27922, 35.47388],
          [-124.25229, 35.47869],
          [-124.24081, 35.47269],
          [-124.21947, 35.46156],
          [-124.19255, 35.46636],
          [-124.17887, 35.48373],
          [-124.17151, 35.49308],
          [-124.14457, 35.49787],
          [-124.11764, 35.50266],
          [-124.0907, 35.50744],
          [-124.06376, 35.51222],
          [-124.03681, 35.51699],
          [-124.00987, 35.52176],
          [-123.98292, 35.52652],
          [-123.95597, 35.53128],
          [-123.94225, 35.54863],
          [-123.93486, 35.55797],
          [-123.9079, 35.56272],
          [-123.88094, 35.56747],
          [-123.85397, 35.57221],
          [-123.82701, 35.57695],
          [-123.80004, 35.58168],
          [-123.77307, 35.58641],
          [-123.74609, 35.59113],
          [-123.71912, 35.59585],
          [-123.69214, 35.60057],
          [-123.66516, 35.60528],
          [-123.65369, 35.59925],
          [-123.6611, 35.58992],
          [-123.67487, 35.5726],
          [-123.68229, 35.56327],
          [-123.69605, 35.54595],
          [-123.70346, 35.53662],
          [-123.71722, 35.51929],
          [-123.72462, 35.50996],
          [-123.73837, 35.49263],
          [-123.74578, 35.48329],
          [-123.75952, 35.46596],
          [-123.75372, 35.44401],
          [-123.76111, 35.43468],
          [-123.77485, 35.41734],
          [-123.76905, 35.39539],
          [-123.77644, 35.38605],
          [-123.80336, 35.38132],
          [-123.81709, 35.36397],
          [-123.81128, 35.34202],
          [-123.79001, 35.33083],
          [-123.7631, 35.33556],
          [-123.74938, 35.3529],
          [-123.74198, 35.36224],
          [-123.72825, 35.37958],
          [-123.72085, 35.38892],
          [-123.69392, 35.39364],
          [-123.66699, 35.39835],
          [-123.64006, 35.40306],
          [-123.62861, 35.39702],
          [-123.62284, 35.37507],
          [-123.63025, 35.36574],
          [-123.64399, 35.34841],
          [-123.65139, 35.33907],
          [-123.66513, 35.32174],
          [-123.67253, 35.3124],
          [-123.68626, 35.29506],
          [-123.69366, 35.28572],
          [-123.70739, 35.26838],
          [-123.71478, 35.25904],
          [-123.7285, 35.2417],
          [-123.73588, 35.23236],
          [-123.7496, 35.21501],
          [-123.75698, 35.20567],
          [-123.78386, 35.20093],
          [-123.81074, 35.1962],
          [-123.82443, 35.17884],
          [-123.83181, 35.16949],
          [-123.85868, 35.16475],
          [-123.87236, 35.14739],
          [-123.87973, 35.13804],
          [-123.90659, 35.13328],
          [-123.92026, 35.11591],
          [-123.92762, 35.10656],
          [-123.95447, 35.1018],
          [-123.98132, 35.09703],
          [-124.00816, 35.09226],
          [-124.035, 35.08749],
          [-124.06184, 35.08271],
          [-124.08868, 35.07793],
          [-124.11551, 35.07314],
          [-124.14234, 35.06835],
          [-124.16917, 35.06355],
          [-124.1828, 35.04616],
          [-124.19013, 35.03679],
          [-124.21695, 35.03198],
          [-124.24377, 35.02717],
          [-124.27059, 35.02236],
          [-124.2974, 35.01754],
          [-124.32421, 35.01272],
          [-124.35102, 35.00789],
          [-124.37782, 35.00306],
          [-124.40463, 34.99823],
          [-124.43143, 34.99339],
          [-124.45823, 34.98854],
          [-124.48502, 34.98369],
          [-124.49648, 34.98968],
          [-124.51775, 35.00079],
          [-124.54454, 34.99593],
          [-124.57134, 34.99107],
          [-124.59813, 34.9862],
          [-124.61168, 34.96877],
          [-124.61897, 34.95938],
          [-124.64575, 34.9545],
          [-124.67253, 34.94962],
          [-124.69931, 34.94474],
          [-124.72609, 34.93985],
          [-124.75286, 34.93496],
          [-124.76638, 34.91751],
          [-124.77366, 34.90811],
          [-124.80042, 34.90321],
          [-124.81393, 34.88576],
          [-124.8212, 34.87636],
          [-124.84795, 34.87145],
          [-124.86145, 34.85399],
          [-124.86871, 34.84458],
          [-124.89546, 34.83967],
          [-124.9222, 34.83474],
          [-124.93568, 34.81727],
          [-124.94293, 34.80787],
          [-124.96966, 34.80294],
          [-124.99639, 34.798],
          [-125.00986, 34.78053],
          [-125.0171, 34.77111],
          [-125.04382, 34.76617],
          [-125.07054, 34.76122],
          [-125.09726, 34.75627],
          [-125.12397, 34.75132],
          [-125.13741, 34.73383],
          [-125.14464, 34.72441],
          [-125.17134, 34.71944],
          [-125.19804, 34.71448],
          [-125.22474, 34.7095],
          [-125.2362, 34.71544],
          [-125.2575, 34.72647],
          [-125.28419, 34.72149],
          [-125.29566, 34.72742],
          [-125.31696, 34.73844],
          [-125.34366, 34.73345],
          [-125.37036, 34.72845],
          [-125.39705, 34.72345],
          [-125.41044, 34.70594],
          [-125.41765, 34.69651],
          [-125.44433, 34.6915],
          [-125.45771, 34.67398],
          [-125.46492, 34.66455],
          [-125.49159, 34.65953],
          [-125.51826, 34.65451],
          [-125.52973, 34.66043],
          [-125.55104, 34.67142],
          [-125.56252, 34.67734]
        ]
      }
    },
    {
      "type": "Feature",
      "id": "2026090606_f024_09000_007",
      "properties": {
        "product_id": "winter_storm_levels",
        "source_id": "nbm_snow_level",
        "parameter": "snow_level",
        "definition": "height of the wet-bulb 0.5 degree C surface",
        "level_ft_msl": 9000,
        "label": "9,000 ft MSL",
        "unit": "ft_msl",
        "cycle_time_utc": "2026-09-06T06:00:00Z",
        "valid_time_utc": "2026-09-07T06:00:00Z",
        "lead_hours": 24,
        "segment": 7,
        "length_m": 49714.9
      },
      "geometry": {
        "type": "LineString",
        "coordinates": [
          [-126.16181, 34.21609],
          [-126.1547, 34.22556],
          [-126.14148, 34.24316],
          [-126.13436, 34.25264],
          [-126.10781, 34.25777],
          [-126.09635, 34.25188],
          [-126.07507, 34.24094],
          [-126.04852, 34.24606],
          [-126.02197, 34.25118],
          [-126.01051, 34.24528],
          [-125.98924, 34.23434],
          [-125.96269, 34.23944],
          [-125.95123, 34.23354],
          [-125.94507, 34.21159],
          [-125.9522, 34.20212],
          [-125.97874, 34.19702],
          [-125.99198, 34.17943],
          [-125.9991, 34.16996],
          [-126.02564, 34.16485],
          [-126.05217, 34.15973],
          [-126.06362, 34.16562],
          [-126.08488, 34.17656],
          [-126.09634, 34.18245],
          [-126.11761, 34.19339],
          [-126.12907, 34.19927],
          [-126.15035, 34.2102],
          [-126.16181, 34.21609]
        ]
      }
    },
    {
      "type": "Feature",
      "id": "2026090606_f024_09000_008",
      "properties": {
        "product_id": "winter_storm_levels",
        "source_id": "nbm_snow_level",
        "parameter": "snow_level",
        "definition": "height of the wet-bulb 0.5 degree C surface",
        "level_ft_msl": 9000,
        "label": "9,000 ft MSL",
        "unit": "ft_msl",
        "cycle_time_utc": "2026-09-06T06:00:00Z",
        "valid_time_utc": "2026-09-07T06:00:00Z",
        "lead_hours": 24,
        "segment": 8,
        "length_m": 4966.7
      },
      "geometry": {
        "type": "LineString",
        "coordinates": [
          [-126.8744, 33.77494],
          [-126.86737, 33.78446],
          [-126.85592, 33.77862],
          [-126.86295, 33.7691],
          [-126.8744, 33.77494]
        ]
      }
    },
    {
      "type": "Feature",
      "id": "2026090606_f024_09000_009",
      "properties": {
        "product_id": "winter_storm_levels",
        "source_id": "nbm_snow_level",
        "parameter": "snow_level",
        "definition": "height of the wet-bulb 0.5 degree C surface",
        "level_ft_msl": 9000,
        "label": "9,000 ft MSL",
        "unit": "ft_msl",
        "cycle_time_utc": "2026-09-06T06:00:00Z",
        "valid_time_utc": "2026-09-07T06:00:00Z",
        "lead_hours": 24,
        "segment": 9,
        "length_m": 2762785.3
      },
      "geometry": {
        "type": "LineString",
        "coordinates": [
          [-129.37179, 30.57879],
          [-129.35733, 30.58965],
          [-129.3507, 30.59934],
          [-129.32514, 30.60504],
          [-129.29957, 30.61073],
          [-129.28725, 30.62873],
          [-129.28061, 30.63842],
          [-129.25503, 30.64411],
          [-129.22946, 30.64978],
          [-129.20602, 30.66261],
          [-129.19153, 30.67345],
          [-129.18488, 30.68314],
          [-129.15929, 30.68881],
          [-129.14694, 30.70679],
          [-129.14028, 30.71648],
          [-129.11468, 30.72214],
          [-129.10232, 30.74012],
          [-129.09451, 30.74595],
          [-129.07005, 30.75545],
          [-129.04444, 30.7611],
          [-129.03206, 30.77908],
          [-129.02424, 30.7849],
          [-128.99977, 30.7944],
          [-128.97415, 30.80003],
          [-128.96175, 30.818],
          [-128.95393, 30.82382],
          [-128.92944, 30.8333],
          [-128.90381, 30.83893],
          [-128.87817, 30.84455],
          [-128.85253, 30.85017],
          [-128.84011, 30.86812],
          [-128.83342, 30.87779],
          [-128.80777, 30.8834],
          [-128.79534, 30.90135],
          [-128.78865, 30.91102],
          [-128.76299, 30.91662],
          [-128.75055, 30.93457],
          [-128.74385, 30.94423],
          [-128.71818, 30.94983],
          [-128.69251, 30.95541],
          [-128.66683, 30.961],
          [-128.64116, 30.96658],
          [-128.61548, 30.97216],
          [-128.5898, 30.97773],
          [-128.56411, 30.9833],
          [-128.55164, 31.00123],
          [-128.54492, 31.01088],
          [-128.51922, 31.01644],
          [-128.49353, 31.022],
          [-128.48103, 31.03992],
          [-128.47431, 31.04957],
          [-128.4486, 31.05512],
          [-128.42289, 31.06066],
          [-128.41038, 31.07858],
          [-128.40365, 31.08823],
          [-128.37793, 31.09376],
          [-128.35221, 31.09929],
          [-128.33969, 31.1172],
          [-128.33294, 31.12685],
          [-128.30721, 31.13237],
          [-128.29468, 31.15028],
          [-128.28793, 31.15992],
          [-128.26219, 31.16543],
          [-128.23645, 31.17095],
          [-128.21071, 31.17645],
          [-128.18496, 31.18196],
          [-128.1724, 31.19985],
          [-128.16564, 31.20949],
          [-128.13989, 31.21498],
          [-128.11413, 31.22048],
          [-128.09045, 31.23312],
          [-128.07579, 31.24385],
          [-128.06902, 31.25348],
          [-128.04325, 31.25896],
          [-128.01747, 31.26443],
          [-127.9917, 31.26991],
          [-127.96592, 31.27537],
          [-127.95332, 31.29325],
          [-127.94653, 31.30287],
          [-127.92075, 31.30833],
          [-127.89496, 31.31378],
          [-127.88234, 31.33165],
          [-127.87555, 31.34127],
          [-127.84975, 31.34672],
          [-127.82395, 31.35216],
          [-127.79814, 31.3576],
          [-127.78551, 31.37546],
          [-127.7787, 31.38507],
          [-127.75289, 31.3905],
          [-127.72707, 31.39593],
          [-127.70126, 31.40135],
          [-127.67544, 31.40677],
          [-127.66278, 31.42462],
          [-127.65596, 31.43423],
          [-127.63013, 31.43964],
          [-127.61746, 31.45748],
          [-127.61063, 31.46708],
          [-127.58479, 31.47249],
          [-127.55895, 31.47789],
          [-127.54627, 31.49572],
          [-127.53943, 31.50532],
          [-127.51358, 31.51071],
          [-127.48773, 31.5161],
          [-127.46187, 31.52148],
          [-127.43602, 31.52686],
          [-127.41016, 31.53224],
          [-127.38429, 31.53761],
          [-127.35843, 31.54297],
          [-127.33256, 31.54833],
          [-127.31983, 31.56615],
          [-127.31297, 31.57574],
          [-127.2871, 31.58109],
          [-127.26122, 31.58644],
          [-127.23534, 31.59179],
          [-127.20945, 31.59713],
          [-127.1982, 31.59128],
          [-127.1773, 31.58041],
          [-127.16605, 31.57456],
          [-127.14516, 31.5637],
          [-127.11928, 31.56902],
          [-127.10652, 31.58682],
          [-127.09964, 31.5964],
          [-127.08687, 31.61419],
          [-127.07999, 31.62377],
          [-127.06722, 31.64156],
          [-127.06034, 31.65114],
          [-127.03443, 31.65645],
          [-127.02164, 31.67423],
          [-127.01476, 31.68381],
          [-126.98884, 31.68911],
          [-126.96292, 31.69441],
          [-126.937, 31.69971],
          [-126.9242, 31.71748],
          [-126.9173, 31.72705],
          [-126.89137, 31.73234],
          [-126.87855, 31.75011],
          [-126.87165, 31.75968],
          [-126.84571, 31.76496],
          [-126.81977, 31.77024],
          [-126.80694, 31.788],
          [-126.80003, 31.79756],
          [-126.77408, 31.80283],
          [-126.76123, 31.82059],
          [-126.75432, 31.83015],
          [-126.72836, 31.83541],
          [-126.70239, 31.84067],
          [-126.67643, 31.84592],
          [-126.65046, 31.85117],
          [-126.62449, 31.85641],
          [-126.61162, 31.87415],
          [-126.60469, 31.88371],
          [-126.57871, 31.88894],
          [-126.55273, 31.89417],
          [-126.52674, 31.8994],
          [-126.50076, 31.90462],
          [-126.47477, 31.90984],
          [-126.44878, 31.91505],
          [-126.42279, 31.92026],
          [-126.41832, 31.9363],
          [-126.41601, 31.96005],
          [-126.42215, 31.98211],
          [-126.41519, 31.99166],
          [-126.40227, 32.00938],
          [-126.40386, 32.03235],
          [-126.40145, 32.04098],
          [-126.38852, 32.0587],
          [-126.3901, 32.08167],
          [-126.3877, 32.0903],
          [-126.36166, 32.09549],
          [-126.33562, 32.10069],
          [-126.32268, 32.1184],
          [-126.31571, 32.12793],
          [-126.28966, 32.13312],
          [-126.26361, 32.1383],
          [-126.23756, 32.14348],
          [-126.2115, 32.14865],
          [-126.18545, 32.15382],
          [-126.15939, 32.15898],
          [-126.13333, 32.16414],
          [-126.10726, 32.1693],
          [-126.09428, 32.18699],
          [-126.08728, 32.19651],
          [-126.06121, 32.20166],
          [-126.03513, 32.2068],
          [-126.00905, 32.21194],
          [-125.98297, 32.21707],
          [-125.95689, 32.2222],
          [-125.93081, 32.22733],
          [-125.91779, 32.245],
          [-125.91077, 32.25452],
          [-125.88468, 32.25964],
          [-125.85858, 32.26475],
          [-125.84555, 32.28242],
          [-125.83853, 32.29193],
          [-125.81242, 32.29703],
          [-125.79937, 32.3147],
          [-125.79235, 32.3242],
          [-125.76623, 32.3293],
          [-125.74011, 32.3344],
          [-125.71595, 32.34666],
          [-125.70093, 32.35714],
          [-125.69389, 32.36664],
          [-125.66776, 32.37172],
          [-125.65468, 32.38937],
          [-125.64764, 32.39887],
          [-125.6215, 32.40394],
          [-125.60841, 32.42158],
          [-125.60136, 32.43108],
          [-125.57521, 32.43615],
          [-125.54906, 32.44121],
          [-125.53596, 32.45884],
          [-125.52785, 32.46447],
          [-125.50274, 32.47339],
          [-125.47658, 32.47844],
          [-125.46346, 32.49606],
          [-125.45639, 32.50555],
          [-125.43022, 32.51059],
          [-125.41709, 32.52822],
          [-125.40897, 32.53384],
          [-125.38384, 32.54274],
          [-125.35765, 32.54777],
          [-125.34451, 32.56538],
          [-125.33638, 32.571],
          [-125.31123, 32.57988],
          [-125.28504, 32.5849],
          [-125.27188, 32.6025],
          [-125.26375, 32.60812],
          [-125.23858, 32.61699],
          [-125.21431, 32.62917],
          [-125.1992, 32.6396],
          [-125.19106, 32.64521],
          [-125.16589, 32.65407],
          [-125.1416, 32.66623],
          [-125.12648, 32.67665],
          [-125.11833, 32.68226],
          [-125.09211, 32.68724],
          [-125.06884, 32.70326],
          [-125.0426, 32.70823],
          [-125.02747, 32.71864],
          [-125.01932, 32.72424],
          [-124.99603, 32.74025],
          [-124.96978, 32.74521],
          [-124.95464, 32.75561],
          [-124.94648, 32.76121],
          [-124.92126, 32.77003],
          [-124.89692, 32.78215],
          [-124.88176, 32.79254],
          [-124.87463, 32.802],
          [-124.85027, 32.81412],
          [-124.83511, 32.8245],
          [-124.82694, 32.8301],
          [-124.8017, 32.83889],
          [-124.77542, 32.84382],
          [-124.74914, 32.84875],
          [-124.72286, 32.85367],
          [-124.70958, 32.87122],
          [-124.70243, 32.88067],
          [-124.67614, 32.88558],
          [-124.66285, 32.90313],
          [-124.65569, 32.91257],
          [-124.64239, 32.93011],
          [-124.63523, 32.93955],
          [-124.60892, 32.94446],
          [-124.59562, 32.96199],
          [-124.58845, 32.97143],
          [-124.56213, 32.97633],
          [-124.54881, 32.99386],
          [-124.54164, 33.00329],
          [-124.52832, 33.02082],
          [-124.52114, 33.03026],
          [-124.50781, 33.04778],
          [-124.50063, 33.05722],
          [-124.47429, 33.0621],
          [-124.46095, 33.07961],
          [-124.45376, 33.08905],
          [-124.44041, 33.10656],
          [-124.43322, 33.11599],
          [-124.41987, 33.1335],
          [-124.41268, 33.14293],
          [-124.39932, 33.16044],
          [-124.39212, 33.16987],
          [-124.36575, 33.17473],
          [-124.35238, 33.19223],
          [-124.34518, 33.20166],
          [-124.31879, 33.20651],
          [-124.29241, 33.21136],
          [-124.26603, 33.2162],
          [-124.23964, 33.22104],
          [-124.21325, 33.22587],
          [-124.18686, 33.2307],
          [-124.17345, 33.24819],
          [-124.16623, 33.25761],
          [-124.13983, 33.26243],
          [-124.11343, 33.26724],
          [-124.10001, 33.28472],
          [-124.09278, 33.29414],
          [-124.06636, 33.29894],
          [-124.03995, 33.30375],
          [-124.02651, 33.32122],
          [-124.01927, 33.33063],
          [-123.99285, 33.33542],
          [-123.9794, 33.35289],
          [-123.97216, 33.36229],
          [-123.94572, 33.36708],
          [-123.91929, 33.37187],
          [-123.89285, 33.37665],
          [-123.86827, 33.3886],
          [-123.85294, 33.39888],
          [-123.84568, 33.40827],
          [-123.81923, 33.41304],
          [-123.80575, 33.43049],
          [-123.79848, 33.43988],
          [-123.77202, 33.44464],
          [-123.75853, 33.46209],
          [-123.75126, 33.47148],
          [-123.72479, 33.47623],
          [-123.69832, 33.48098],
          [-123.68481, 33.49841],
          [-123.67753, 33.5078],
          [-123.65105, 33.51254],
          [-123.63753, 33.52997],
          [-123.63025, 33.53935],
          [-123.60376, 33.54408],
          [-123.59022, 33.56151],
          [-123.58294, 33.57089],
          [-123.5694, 33.58831],
          [-123.5621, 33.59769],
          [-123.5356, 33.60241],
          [-123.52205, 33.61982],
          [-123.51475, 33.6292],
          [-123.48823, 33.63391],
          [-123.47467, 33.65132],
          [-123.46737, 33.66069],
          [-123.4538, 33.6781],
          [-123.44649, 33.68747],
          [-123.43292, 33.70488],
          [-123.4256, 33.71425],
          [-123.41202, 33.73165],
          [-123.40471, 33.74102],
          [-123.37816, 33.74571],
          [-123.36457, 33.76311],
          [-123.35725, 33.77247],
          [-123.34365, 33.78986],
          [-123.33633, 33.79923],
          [-123.30976, 33.80391],
          [-123.29615, 33.8213],
          [-123.28882, 33.83066],
          [-123.27521, 33.84804],
          [-123.29614, 33.85935],
          [-123.30741, 33.86544],
          [-123.32835, 33.87674],
          [-123.35493, 33.87206],
          [-123.38151, 33.86737],
          [-123.40808, 33.86268],
          [-123.43466, 33.85799],
          [-123.46123, 33.85329],
          [-123.48779, 33.84859],
          [-123.51436, 33.84388],
          [-123.54092, 33.83917],
          [-123.56749, 33.83445],
          [-123.59405, 33.82973],
          [-123.6206, 33.825],
          [-123.64716, 33.82027],
          [-123.67371, 33.81554],
          [-123.70026, 33.8108],
          [-123.71155, 33.81686],
          [-123.71726, 33.83892],
          [-123.70996, 33.8483],
          [-123.69641, 33.86572],
          [-123.68911, 33.87509],
          [-123.67555, 33.89251],
          [-123.66825, 33.90189],
          [-123.65468, 33.9193],
          [-123.64737, 33.92867],
          [-123.6338, 33.94608],
          [-123.62649, 33.95545],
          [-123.5999, 33.96018],
          [-123.58632, 33.97758],
          [-123.579, 33.98695],
          [-123.56541, 34.00435],
          [-123.55809, 34.01372],
          [-123.53149, 34.01843],
          [-123.51789, 34.03583],
          [-123.51056, 34.0452],
          [-123.49695, 34.06259],
          [-123.48962, 34.07195],
          [-123.463, 34.07665],
          [-123.44938, 34.09404],
          [-123.44205, 34.1034],
          [-123.41542, 34.10809],
          [-123.38879, 34.11278],
          [-123.37515, 34.13016],
          [-123.36781, 34.13951],
          [-123.34117, 34.1442],
          [-123.32752, 34.16157],
          [-123.32017, 34.17092],
          [-123.29352, 34.17559],
          [-123.27986, 34.19296],
          [-123.2725, 34.20231],
          [-123.24584, 34.20697],
          [-123.23217, 34.22434],
          [-123.22481, 34.23368],
          [-123.21114, 34.25104],
          [-123.20279, 34.25653],
          [-123.17709, 34.26504],
          [-123.15041, 34.26969],
          [-123.13672, 34.28704],
          [-123.12935, 34.29638],
          [-123.10266, 34.30102],
          [-123.08896, 34.31836],
          [-123.08158, 34.3277],
          [-123.05488, 34.33233],
          [-123.02818, 34.33696],
          [-123.00147, 34.34158],
          [-122.97477, 34.3462],
          [-122.94806, 34.35081],
          [-122.93676, 34.34471],
          [-122.91577, 34.33337],
          [-122.90447, 34.32726],
          [-122.88349, 34.31592],
          [-122.8722, 34.30981],
          [-122.86663, 34.28775],
          [-122.87403, 34.27842],
          [-122.88776, 34.26109],
          [-122.89515, 34.25176],
          [-122.92184, 34.24716],
          [-122.93555, 34.22982],
          [-122.94294, 34.22049],
          [-122.95665, 34.20315],
          [-122.95107, 34.18109],
          [-122.95846, 34.17175],
          [-122.97216, 34.15441],
          [-122.96658, 34.13235],
          [-122.961, 34.11028],
          [-122.95543, 34.08822],
          [-122.93449, 34.07687],
          [-122.90784, 34.08148],
          [-122.89414, 34.09882],
          [-122.8997, 34.12089],
          [-122.89232, 34.13022],
          [-122.86566, 34.13483],
          [-122.839, 34.13943],
          [-122.81233, 34.14402],
          [-122.78567, 34.14861],
          [-122.77193, 34.16594],
          [-122.76454, 34.17526],
          [-122.7508, 34.19259],
          [-122.7434, 34.20191],
          [-122.71672, 34.20649],
          [-122.69003, 34.21107],
          [-122.67628, 34.22838],
          [-122.66887, 34.2377],
          [-122.65511, 34.25501],
          [-122.64769, 34.26433],
          [-122.62099, 34.2689],
          [-122.60722, 34.2862],
          [-122.5998, 34.29552],
          [-122.58602, 34.31282],
          [-122.5786, 34.32214],
          [-122.56481, 34.33944],
          [-122.55739, 34.34875],
          [-122.53066, 34.3533],
          [-122.51687, 34.37059],
          [-122.50944, 34.3799],
          [-122.4827, 34.38444],
          [-122.46889, 34.40173],
          [-122.46146, 34.41104],
          [-122.43471, 34.41557],
          [-122.42089, 34.43285],
          [-122.41345, 34.44216],
          [-122.3867, 34.44668],
          [-122.37286, 34.46395],
          [-122.36541, 34.47326],
          [-122.35158, 34.49053],
          [-122.34412, 34.49983],
          [-122.31735, 34.50434],
          [-122.30351, 34.52161],
          [-122.29605, 34.5309],
          [-122.28219, 34.54817],
          [-122.27473, 34.55746],
          [-122.26087, 34.57473],
          [-122.2534, 34.58402],
          [-122.23953, 34.60128],
          [-122.23206, 34.61057],
          [-122.20526, 34.61506],
          [-122.17846, 34.61955],
          [-122.16457, 34.6368],
          [-122.15709, 34.64608],
          [-122.1432, 34.66333],
          [-122.13572, 34.67262],
          [-122.12182, 34.68986],
          [-122.11434, 34.69915],
          [-122.08751, 34.70361],
          [-122.0736, 34.72085],
          [-122.06611, 34.73013],
          [-122.05219, 34.74737],
          [-122.0447, 34.75665],
          [-122.03078, 34.77388],
          [-122.02328, 34.78316],
          [-122.00935, 34.80039],
          [-122.00185, 34.80966],
          [-121.98791, 34.82689],
          [-121.98041, 34.83616],
          [-121.96646, 34.85338],
          [-121.97188, 34.87543],
          [-121.96437, 34.8847],
          [-121.95042, 34.90192],
          [-121.95584, 34.92397],
          [-121.94832, 34.93324],
          [-121.93436, 34.95045],
          [-121.92684, 34.95972],
          [-121.91288, 34.97693],
          [-121.90536, 34.9862],
          [-121.89138, 35.00341],
          [-121.88386, 35.01267],
          [-121.86988, 35.02987],
          [-121.87528, 35.05191],
          [-121.86775, 35.06118],
          [-121.84083, 35.0656],
          [-121.82684, 35.0828],
          [-121.8193, 35.09206],
          [-121.8053, 35.10925],
          [-121.79776, 35.11851],
          [-121.78375, 35.1357],
          [-121.77621, 35.14496],
          [-121.7622, 35.16214],
          [-121.75465, 35.1714],
          [-121.72769, 35.1758],
          [-121.71367, 35.19298],
          [-121.70612, 35.20223],
          [-121.69209, 35.21941],
          [-121.68453, 35.22866],
          [-121.67049, 35.24584],
          [-121.66293, 35.25508],
          [-121.63595, 35.25947],
          [-121.6219, 35.27664],
          [-121.61433, 35.28588],
          [-121.60028, 35.30305],
          [-121.59271, 35.31229],
          [-121.57865, 35.32946],
          [-121.57107, 35.3387],
          [-121.54407, 35.34307],
          [-121.52999, 35.36022],
          [-121.52241, 35.36946],
          [-121.4954, 35.37382],
          [-121.48132, 35.39098],
          [-121.47373, 35.40021],
          [-121.44671, 35.40456],
          [-121.43261, 35.42171],
          [-121.42502, 35.43094],
          [-121.41091, 35.44808],
          [-121.40332, 35.45731],
          [-121.38921, 35.47445],
          [-121.38161, 35.48368],
          [-121.36749, 35.50081],
          [-121.35989, 35.51004],
          [-121.33283, 35.51437],
          [-121.3187, 35.5315],
          [-121.31109, 35.54072],
          [-121.29696, 35.55785],
          [-121.28934, 35.56707],
          [-121.2752, 35.58419],
          [-121.26759, 35.59341],
          [-121.24051, 35.59773],
          [-121.21343, 35.60204],
          [-121.19927, 35.61916],
          [-121.19164, 35.62837],
          [-121.16455, 35.63268],
          [-121.15038, 35.64978],
          [-121.14275, 35.65899],
          [-121.12857, 35.6761],
          [-121.12094, 35.68531],
          [-121.10676, 35.70241],
          [-121.09912, 35.71162],
          [-121.072, 35.71591],
          [-121.05781, 35.733],
          [-121.04924, 35.73835],
          [-121.02304, 35.74649],
          [-120.99591, 35.75076],
          [-120.9817, 35.76785],
          [-120.97405, 35.77705],
          [-120.95983, 35.79413],
          [-120.95217, 35.80333],
          [-120.93795, 35.82041],
          [-120.93029, 35.8296],
          [-120.90314, 35.83386],
          [-120.8889, 35.85094],
          [-120.88123, 35.86013],
          [-120.85407, 35.86438],
          [-120.82691, 35.86863],
          [-120.81266, 35.88569],
          [-120.80498, 35.89488],
          [-120.79364, 35.88866],
          [-120.77258, 35.87711],
          [-120.76125, 35.87089],
          [-120.76893, 35.8617],
          [-120.78318, 35.84464],
          [-120.77795, 35.82262],
          [-120.77273, 35.8006],
          [-120.75169, 35.78904],
          [-120.74036, 35.78282],
          [-120.71933, 35.77126],
          [-120.69219, 35.77548],
          [-120.66504, 35.7797],
          [-120.6379, 35.78392],
          [-120.61075, 35.78813],
          [-120.58359, 35.79234],
          [-120.55644, 35.79655],
          [-120.54216, 35.81359],
          [-120.53446, 35.82277],
          [-120.52017, 35.83981],
          [-120.51247, 35.84899],
          [-120.49817, 35.86603],
          [-120.50334, 35.88805],
          [-120.49564, 35.89722],
          [-120.46846, 35.90141],
          [-120.45415, 35.91844],
          [-120.44644, 35.92761],
          [-120.43212, 35.94464],
          [-120.42441, 35.95381],
          [-120.41008, 35.97084],
          [-120.40236, 35.98],
          [-120.38803, 35.99703],
          [-120.38031, 36.00619],
          [-120.36597, 36.02321],
          [-120.37112, 36.04522],
          [-120.3634, 36.05439],
          [-120.34905, 36.0714],
          [-120.34132, 36.08056],
          [-120.32697, 36.09757],
          [-120.33212, 36.11958],
          [-120.33727, 36.14158],
          [-120.32953, 36.15074],
          [-120.30228, 36.1549],
          [-120.27503, 36.15905],
          [-120.24777, 36.1632],
          [-120.23339, 36.1802],
          [-120.22564, 36.18935],
          [-120.19838, 36.19349],
          [-120.18398, 36.21048],
          [-120.17623, 36.21963],
          [-120.16183, 36.23662],
          [-120.15408, 36.24577],
          [-120.13967, 36.26275],
          [-120.13191, 36.27189],
          [-120.1175, 36.28888],
          [-120.10973, 36.29802],
          [-120.09531, 36.315],
          [-120.08755, 36.32414],
          [-120.06024, 36.32825],
          [-120.04581, 36.34522],
          [-120.03804, 36.35436],
          [-120.0236, 36.37133],
          [-120.01582, 36.38046],
          [-120.00137, 36.39743],
          [-119.99359, 36.40656],
          [-119.97914, 36.42352],
          [-119.98424, 36.44552],
          [-119.97645, 36.45465],
          [-119.96199, 36.4716],
          [-119.9542, 36.48073],
          [-119.93973, 36.49769],
          [-119.94482, 36.51967],
          [-119.94991, 36.54166],
          [-119.94212, 36.55078],
          [-119.92764, 36.56773],
          [-119.91984, 36.57686],
          [-119.89246, 36.58094],
          [-119.87797, 36.59788],
          [-119.87017, 36.607],
          [-119.84278, 36.61108],
          [-119.8154, 36.61515],
          [-119.80089, 36.63208],
          [-119.79308, 36.6412],
          [-119.76568, 36.64526],
          [-119.75116, 36.66219],
          [-119.74334, 36.6713],
          [-119.72881, 36.68822],
          [-119.72099, 36.69733],
          [-119.70645, 36.71425],
          [-119.69863, 36.72336],
          [-119.68409, 36.74028],
          [-119.68914, 36.76225],
          [-119.6813, 36.77136],
          [-119.66675, 36.78827],
          [-119.6718, 36.81024],
          [-119.67685, 36.83221],
          [-119.6819, 36.85418],
          [-119.70304, 36.86583],
          [-119.71442, 36.8721],
          [-119.73555, 36.88374],
          [-119.74694, 36.89001],
          [-119.76808, 36.90165],
          [-119.79554, 36.89759],
          [-119.823, 36.89352],
          [-119.85046, 36.88945],
          [-119.86185, 36.89571],
          [-119.88301, 36.90734],
          [-119.91046, 36.90326],
          [-119.93792, 36.89918],
          [-119.94932, 36.90543],
          [-119.97048, 36.91704],
          [-119.99794, 36.91295],
          [-120.00934, 36.9192],
          [-120.03052, 36.93081],
          [-120.04193, 36.93705],
          [-120.06311, 36.94865],
          [-120.09057, 36.94455],
          [-120.10199, 36.95079],
          [-120.12318, 36.96238],
          [-120.15064, 36.95826],
          [-120.1781, 36.95414],
          [-120.20556, 36.95002],
          [-120.21698, 36.95625],
          [-120.23819, 36.96783],
          [-120.26564, 36.9637],
          [-120.2931, 36.95956],
          [-120.30453, 36.96579],
          [-120.32574, 36.97735],
          [-120.33717, 36.98358],
          [-120.32938, 36.99271],
          [-120.3149, 37.00966],
          [-120.32009, 37.03159],
          [-120.32528, 37.05352],
          [-120.34652, 37.06508],
          [-120.374, 37.06093],
          [-120.40148, 37.05677],
          [-120.42895, 37.05261],
          [-120.44342, 37.03566],
          [-120.4382, 37.01373],
          [-120.44599, 37.00459],
          [-120.46045, 36.98763],
          [-120.43921, 36.97608],
          [-120.42778, 36.96986],
          [-120.43556, 36.96073],
          [-120.46301, 36.95656],
          [-120.49046, 36.95239],
          [-120.51791, 36.94822],
          [-120.54535, 36.94404],
          [-120.57279, 36.93985],
          [-120.58423, 36.94606],
          [-120.58947, 36.96799],
          [-120.5817, 36.97713],
          [-120.56726, 36.99411],
          [-120.55949, 37.00325],
          [-120.54504, 37.02022],
          [-120.55028, 37.04214],
          [-120.55552, 37.06407],
          [-120.56076, 37.08599],
          [-120.55298, 37.09512],
          [-120.53852, 37.11209],
          [-120.53073, 37.12122],
          [-120.50325, 37.12539],
          [-120.47575, 37.12956],
          [-120.44826, 37.13373],
          [-120.42077, 37.13789],
          [-120.39327, 37.14205],
          [-120.36577, 37.1462],
          [-120.35128, 37.16314],
          [-120.35648, 37.18506],
          [-120.36169, 37.20698],
          [-120.3669, 37.22889],
          [-120.37211, 37.2508],
          [-120.37732, 37.27271],
          [-120.38254, 37.29462],
          [-120.38776, 37.31653],
          [-120.39298, 37.33843],
          [-120.38516, 37.34755],
          [-120.37064, 37.36448],
          [-120.36283, 37.3736],
          [-120.3483, 37.39053],
          [-120.35352, 37.41243],
          [-120.35873, 37.43432],
          [-120.35091, 37.44344],
          [-120.33637, 37.46036],
          [-120.32854, 37.46947],
          [-120.314, 37.48639],
          [-120.30617, 37.4955],
          [-120.27858, 37.49963],
          [-120.26402, 37.51654],
          [-120.25618, 37.52565],
          [-120.24162, 37.54256],
          [-120.23378, 37.55166],
          [-120.21921, 37.56857],
          [-120.22441, 37.59046],
          [-120.21656, 37.59956],
          [-120.20198, 37.61646],
          [-120.19413, 37.62556],
          [-120.17954, 37.64245],
          [-120.18474, 37.66433],
          [-120.17688, 37.67343],
          [-120.16229, 37.69032],
          [-120.16748, 37.7122],
          [-120.17267, 37.73408],
          [-120.17787, 37.75595],
          [-120.18307, 37.77782],
          [-120.18827, 37.79969],
          [-120.1804, 37.80878],
          [-120.16579, 37.82566],
          [-120.15792, 37.83475],
          [-120.1523, 37.8503],
          [-120.14365, 37.87421],
          [-120.14062, 37.88258],
          [-120.135, 37.89812],
          [-120.13119, 37.92131],
          [-120.13638, 37.94317],
          [-120.13673, 37.96574],
          [-120.14678, 37.98688],
          [-120.15199, 38.00873],
          [-120.15719, 38.03058],
          [-120.1624, 38.05242],
          [-120.16761, 38.07427],
          [-120.15972, 38.08335],
          [-120.14507, 38.10021],
          [-120.15028, 38.12205],
          [-120.17171, 38.13358],
          [-120.18325, 38.13978],
          [-120.17536, 38.14886],
          [-120.1607, 38.16572],
          [-120.16592, 38.18755],
          [-120.18016, 38.20805],
          [-120.18538, 38.22988],
          [-120.18157, 38.25304],
          [-120.1868, 38.27486],
          [-120.20827, 38.28638],
          [-120.21983, 38.29258],
          [-120.22506, 38.3144],
          [-120.24654, 38.32591],
          [-120.25811, 38.3321],
          [-120.26335, 38.35392],
          [-120.25545, 38.36299],
          [-120.24077, 38.37984],
          [-120.23287, 38.38891],
          [-120.21818, 38.40576],
          [-120.21028, 38.41483],
          [-120.20463, 38.43034],
          [-120.20082, 38.45348],
          [-120.20606, 38.47528],
          [-120.2113, 38.49708],
          [-120.23281, 38.50858],
          [-120.23952, 38.5155],
          [-120.24965, 38.53657],
          [-120.2549, 38.55837],
          [-120.25527, 38.58088],
          [-120.25223, 38.58922],
          [-120.23753, 38.60606],
          [-120.2296, 38.61512],
          [-120.21489, 38.63195],
          [-120.20605, 38.63719],
          [-120.17907, 38.6451],
          [-120.16434, 38.66192],
          [-120.15641, 38.67098],
          [-120.15074, 38.68647],
          [-120.14691, 38.70958],
          [-120.16122, 38.73003],
          [-120.17371, 38.74286],
          [-120.18043, 38.74977],
          [-120.19056, 38.77083],
          [-120.21213, 38.78232],
          [-120.21886, 38.78922],
          [-120.22412, 38.81099],
          [-120.22938, 38.83276],
          [-120.23464, 38.85452],
          [-120.2399, 38.87629],
          [-120.23685, 38.88462],
          [-120.2221, 38.90143],
          [-120.21416, 38.91048],
          [-120.18619, 38.91457],
          [-120.17456, 38.90839],
          [-120.15468, 38.90397],
          [-120.12409, 38.89717],
          [-120.11339, 38.89479],
          [-120.09181, 38.88329],
          [-120.08508, 38.87639],
          [-120.06587, 38.85665],
          [-120.05339, 38.84383],
          [-120.04178, 38.83763],
          [-120.02022, 38.82612],
          [-119.99135, 38.82637],
          [-119.96601, 38.84132],
          [-119.95861, 38.84971],
          [-119.94325, 38.86715],
          [-119.91529, 38.87119],
          [-119.88732, 38.87524],
          [-119.86494, 38.86327],
          [-119.85417, 38.8575],
          [-119.83179, 38.84553],
          [-119.82662, 38.82375],
          [-119.82144, 38.80197],
          [-119.80899, 38.78912],
          [-119.7974, 38.78291],
          [-119.79223, 38.76112],
          [-119.77071, 38.74958],
          [-119.75913, 38.74336],
          [-119.73762, 38.73181],
          [-119.70968, 38.73583],
          [-119.68174, 38.73984],
          [-119.67017, 38.73362],
          [-119.64867, 38.72206],
          [-119.63709, 38.71583],
          [-119.6156, 38.70426],
          [-119.60403, 38.69804],
          [-119.58254, 38.68646],
          [-119.57098, 38.68023],
          [-119.56586, 38.65843],
          [-119.57384, 38.6494],
          [-119.58866, 38.63263],
          [-119.58354, 38.61082],
          [-119.59152, 38.60179],
          [-119.60633, 38.58501],
          [-119.60121, 38.5632],
          [-119.60098, 38.54068],
          [-119.58819, 38.51997],
          [-119.57681, 38.49905],
          [-119.56442, 38.48617],
          [-119.55288, 38.47993],
          [-119.5331, 38.47543],
          [-119.50268, 38.46851],
          [-119.4748, 38.4725],
          [-119.44693, 38.47648],
          [-119.41993, 38.48427],
          [-119.40511, 38.50104],
          [-119.39712, 38.51007],
          [-119.36923, 38.51404],
          [-119.34134, 38.518],
          [-119.32981, 38.51175],
          [-119.30839, 38.50013],
          [-119.29686, 38.49388],
          [-119.29181, 38.47205],
          [-119.2704, 38.46043],
          [-119.24252, 38.46438],
          [-119.22767, 38.48113],
          [-119.21967, 38.49015],
          [-119.20481, 38.5069],
          [-119.19681, 38.51592],
          [-119.18194, 38.53267],
          [-119.17394, 38.54169],
          [-119.15907, 38.55843],
          [-119.15106, 38.56744],
          [-119.13618, 38.58418],
          [-119.12816, 38.5932],
          [-119.11328, 38.60993],
          [-119.10526, 38.61894],
          [-119.09036, 38.63567],
          [-119.08234, 38.64468],
          [-119.06744, 38.66141],
          [-119.07245, 38.68323],
          [-119.06443, 38.69223],
          [-119.04952, 38.70896],
          [-119.04149, 38.71796],
          [-119.02657, 38.73468],
          [-119.03158, 38.75649],
          [-119.03659, 38.7783],
          [-119.0416, 38.8001],
          [-119.04662, 38.82191],
          [-119.05163, 38.84371],
          [-119.04359, 38.85271],
          [-119.02866, 38.86942],
          [-119.03367, 38.89122],
          [-119.03379, 38.91369],
          [-119.03064, 38.92201],
          [-119.01569, 38.93871],
          [-119.02071, 38.9605],
          [-119.02573, 38.98229],
          [-119.04721, 38.99391],
          [-119.05878, 39.00017],
          [-119.08027, 39.01179],
          [-119.09185, 39.01804],
          [-119.09688, 39.03982],
          [-119.10192, 39.0616],
          [-119.12343, 39.07321],
          [-119.13501, 39.07946],
          [-119.14006, 39.10124],
          [-119.14511, 39.12301],
          [-119.13706, 39.132],
          [-119.10899, 39.13591],
          [-119.09403, 39.15261],
          [-119.08597, 39.16159],
          [-119.07099, 39.17828],
          [-119.06293, 39.18727],
          [-119.04795, 39.20395],
          [-119.03988, 39.21293],
          [-119.01179, 39.21683],
          [-118.99679, 39.23351],
          [-118.98872, 39.24249],
          [-118.96062, 39.24638],
          [-118.94561, 39.26305],
          [-118.93753, 39.27202],
          [-118.90942, 39.2759],
          [-118.8944, 39.29257],
          [-118.88631, 39.30154],
          [-118.87129, 39.3182],
          [-118.86319, 39.32717],
          [-118.84816, 39.34382],
          [-118.84006, 39.35279],
          [-118.82502, 39.36944],
          [-118.81692, 39.37841],
          [-118.80187, 39.39506],
          [-118.79377, 39.40402],
          [-118.77871, 39.42066],
          [-118.77061, 39.42963],
          [-118.75554, 39.44627],
          [-118.74743, 39.45522],
          [-118.71926, 39.45907],
          [-118.70419, 39.4757],
          [-118.6952, 39.48085],
          [-118.66789, 39.4885],
          [-118.65281, 39.50512],
          [-118.64381, 39.51027],
          [-118.6165, 39.5179],
          [-118.58992, 39.52879],
          [-118.5732, 39.53835],
          [-118.5642, 39.54349],
          [-118.53848, 39.55817],
          [-118.52175, 39.56772],
          [-118.51361, 39.57666],
          [-118.49849, 39.59327],
          [-118.48948, 39.5984],
          [-118.46373, 39.61307],
          [-118.44699, 39.62261],
          [-118.43884, 39.63155],
          [-118.42369, 39.64814],
          [-118.41553, 39.65708],
          [-118.3873, 39.66086],
          [-118.37214, 39.67745],
          [-118.37706, 39.69919],
          [-118.3689, 39.70812],
          [-118.35373, 39.7247],
          [-118.34556, 39.73363],
          [-118.33039, 39.75021],
          [-118.3353, 39.77193],
          [-118.32713, 39.78086],
          [-118.31194, 39.79743],
          [-118.30377, 39.80635],
          [-118.28857, 39.82292],
          [-118.28039, 39.83184],
          [-118.26519, 39.84841],
          [-118.25701, 39.85733],
          [-118.22871, 39.86109],
          [-118.20042, 39.86484],
          [-118.18881, 39.85856],
          [-118.16724, 39.84687],
          [-118.13895, 39.85062],
          [-118.11065, 39.85436],
          [-118.09542, 39.87091],
          [-118.08722, 39.87982],
          [-118.07198, 39.89637],
          [-118.06378, 39.90527],
          [-118.04853, 39.92181],
          [-118.04032, 39.93072],
          [-118.02507, 39.94726],
          [-118.01686, 39.95616],
          [-117.98853, 39.95988],
          [-117.97326, 39.97641],
          [-117.96504, 39.98531],
          [-117.94977, 40.00183],
          [-117.94155, 40.01073],
          [-117.9132, 40.01444],
          [-117.89792, 40.03096],
          [-117.88969, 40.03985],
          [-117.87439, 40.05636],
          [-117.86531, 40.06146],
          [-117.83936, 40.076],
          [-117.83171, 40.08426],
          [-117.82731, 40.10716],
          [-117.81907, 40.11605],
          [-117.80376, 40.13255],
          [-117.80858, 40.15425],
          [-117.8134, 40.17594],
          [-117.80515, 40.18483],
          [-117.78982, 40.20132],
          [-117.78967, 40.22366],
          [-117.78639, 40.23189],
          [-117.77105, 40.24838],
          [-117.77587, 40.27007],
          [-117.76761, 40.27895],
          [-117.75226, 40.29543],
          [-117.744, 40.30431],
          [-117.72864, 40.32079],
          [-117.72037, 40.32966],
          [-117.70501, 40.34613],
          [-117.69674, 40.355],
          [-117.68137, 40.37148],
          [-117.67309, 40.38034],
          [-117.66697, 40.39562],
          [-117.66252, 40.41848],
          [-117.65424, 40.42735],
          [-117.6481, 40.44262],
          [-117.65291, 40.46429],
          [-117.65771, 40.48596],
          [-117.67009, 40.49885],
          [-117.68175, 40.50515],
          [-117.7034, 40.51686],
          [-117.71506, 40.52315],
          [-117.71988, 40.54481],
          [-117.74154, 40.55651],
          [-117.7532, 40.5628],
          [-117.75803, 40.58445],
          [-117.76287, 40.6061],
          [-117.7677, 40.62775],
          [-117.77254, 40.6494],
          [-117.79422, 40.66108],
          [-117.80962, 40.64462],
          [-117.81791, 40.63576],
          [-117.83329, 40.6193],
          [-117.84158, 40.61043],
          [-117.87009, 40.60675],
          [-117.88546, 40.59028],
          [-117.89374, 40.58141],
          [-117.92224, 40.57772],
          [-117.93392, 40.584],
          [-117.93879, 40.60565],
          [-117.94366, 40.62729],
          [-117.94853, 40.64893],
          [-117.94026, 40.6578],
          [-117.92488, 40.67427],
          [-117.9166, 40.68313],
          [-117.90122, 40.69959],
          [-117.90609, 40.72123],
          [-117.8978, 40.73009],
          [-117.86925, 40.73378],
          [-117.85386, 40.75023],
          [-117.84556, 40.75909],
          [-117.83016, 40.77554],
          [-117.83501, 40.79716],
          [-117.82671, 40.80602],
          [-117.8113, 40.82246],
          [-117.81615, 40.84408],
          [-117.82101, 40.8657],
          [-117.82087, 40.88796],
          [-117.81756, 40.89617],
          [-117.81143, 40.91141],
          [-117.80699, 40.93421],
          [-117.79868, 40.94306],
          [-117.79254, 40.9583],
          [-117.78809, 40.9811],
          [-117.77977, 40.98994],
          [-117.77363, 41.00517],
          [-117.76918, 41.02797],
          [-117.76085, 41.03681],
          [-117.74539, 41.05322],
          [-117.73707, 41.06206],
          [-117.7216, 41.07848],
          [-117.71242, 41.08353],
          [-117.68461, 41.09096],
          [-117.66913, 41.10737],
          [-117.66079, 41.1162],
          [-117.65462, 41.13142],
          [-117.65014, 41.15419],
          [-117.6418, 41.16302],
          [-117.6263, 41.17942],
          [-117.61795, 41.18825],
          [-117.61177, 41.20346],
          [-117.60225, 41.22686],
          [-117.59892, 41.23505],
          [-117.5834, 41.25143],
          [-117.57504, 41.26025],
          [-117.56885, 41.27546],
          [-117.55273, 41.29247],
          [-117.53563, 41.30183],
          [-117.52726, 41.31065],
          [-117.51172, 41.32702],
          [-117.50335, 41.33584],
          [-117.49714, 41.35103],
          [-117.48099, 41.36803],
          [-117.47322, 41.37621],
          [-117.46365, 41.39958],
          [-117.4603, 41.40776],
          [-117.45408, 41.42294],
          [-117.44451, 41.44631],
          [-117.44116, 41.45448],
          [-117.42558, 41.47083],
          [-117.41719, 41.47964],
          [-117.41096, 41.49482],
          [-117.40641, 41.51754],
          [-117.41121, 41.53909],
          [-117.40281, 41.54789],
          [-117.38722, 41.56423],
          [-117.39202, 41.58577],
          [-117.38362, 41.59457],
          [-117.37737, 41.60974],
          [-117.37281, 41.63245],
          [-117.3644, 41.64124],
          [-117.34878, 41.65757],
          [-117.34037, 41.66636],
          [-117.32475, 41.68268],
          [-117.31633, 41.69147],
          [-117.3007, 41.70779],
          [-117.30044, 41.72995],
          [-117.29707, 41.73811],
          [-117.28143, 41.75442],
          [-117.28621, 41.77595],
          [-117.291, 41.79747],
          [-117.31288, 41.80913],
          [-117.32466, 41.81541],
          [-117.32946, 41.83693],
          [-117.32103, 41.84571],
          [-117.30538, 41.86202],
          [-117.29695, 41.87079],
          [-117.28128, 41.8871],
          [-117.28608, 41.9086],
          [-117.27764, 41.91738],
          [-117.26197, 41.93368],
          [-117.26676, 41.95518],
          [-117.25831, 41.96395],
          [-117.24263, 41.98024],
          [-117.23418, 41.98901],
          [-117.21849, 42.0053],
          [-117.21004, 42.01406],
          [-117.19434, 42.03034],
          [-117.18588, 42.03911],
          [-117.17018, 42.05539],
          [-117.16172, 42.06415],
          [-117.15541, 42.07927],
          [-117.15077, 42.10191],
          [-117.15048, 42.12401],
          [-117.16974, 42.14372],
          [-117.168, 42.166],
          [-117.16481, 42.18845],
          [-117.16142, 42.19659],
          [-117.1551, 42.21169],
          [-117.14538, 42.23494],
          [-117.14198, 42.24307],
          [-117.13566, 42.25817],
          [-117.12594, 42.28141],
          [-117.12169, 42.28578],
          [-117.1017, 42.3064],
          [-117.09745, 42.31078],
          [-117.07081, 42.32503],
          [-117.05349, 42.3343],
          [-117.04389, 42.33803],
          [-117.01644, 42.3487],
          [-116.9951, 42.36341],
          [-116.99057, 42.36652],
          [-116.96911, 42.38858],
          [-116.96656, 42.39274],
          [-116.9465, 42.41333],
          [-116.94308, 42.42145],
          [-116.93672, 42.43653],
          [-116.91923, 42.44855],
          [-116.89786, 42.46323],
          [-116.89443, 42.47135],
          [-116.88805, 42.48642],
          [-116.87825, 42.50961],
          [-116.87482, 42.51772],
          [-116.85898, 42.53393],
          [-116.85045, 42.54265],
          [-116.83461, 42.55885],
          [-116.82608, 42.56757],
          [-116.81023, 42.58377],
          [-116.8017, 42.59249],
          [-116.7953, 42.60755],
          [-116.78546, 42.63071],
          [-116.78202, 42.63882],
          [-116.77562, 42.65388],
          [-116.76577, 42.67704],
          [-116.76232, 42.68514],
          [-116.74645, 42.70132],
          [-116.73789, 42.71003],
          [-116.72201, 42.7262],
          [-116.71345, 42.73491],
          [-116.69756, 42.75108],
          [-116.689, 42.75978],
          [-116.68258, 42.77482],
          [-116.66606, 42.79161],
          [-116.65811, 42.79969],
          [-116.64821, 42.82282],
          [-116.64475, 42.83091],
          [-116.62883, 42.84707],
          [-116.62842, 42.86907],
          [-116.63312, 42.89047],
          [-116.63612, 42.91207],
          [-116.63435, 42.91996],
          [-116.63108, 42.93461],
          [-116.63578, 42.956],
          [-116.63732, 42.97776],
          [-116.64203, 42.99915],
          [-116.63211, 43.02225],
          [-116.62864, 43.03034],
          [-116.6222, 43.04535],
          [-116.61739, 43.06785],
          [-116.6221, 43.08922],
          [-116.61268, 43.09416],
          [-116.58423, 43.10134],
          [-116.55496, 43.10477],
          [-116.53898, 43.12089],
          [-116.53038, 43.12956],
          [-116.50109, 43.13298],
          [-116.49462, 43.14798],
          [-116.48978, 43.17046],
          [-116.48117, 43.17913],
          [-116.46517, 43.19524],
          [-116.45655, 43.20391],
          [-116.45006, 43.2189],
          [-116.44521, 43.24136],
          [-116.44989, 43.26272],
          [-116.45457, 43.28407],
          [-116.45925, 43.30542],
          [-116.46393, 43.32677],
          [-116.4553, 43.33543],
          [-116.44881, 43.35041],
          [-116.45349, 43.37175],
          [-116.46608, 43.38451],
          [-116.47286, 43.39138],
          [-116.48269, 43.41212],
          [-116.48738, 43.43345],
          [-116.47874, 43.44211],
          [-116.4627, 43.45819],
          [-116.46739, 43.47951],
          [-116.47208, 43.50083],
          [-116.47678, 43.52215],
          [-116.48148, 43.54347],
          [-116.48618, 43.56478],
          [-116.49088, 43.58609],
          [-116.48223, 43.59474],
          [-116.46616, 43.61081],
          [-116.47086, 43.63211],
          [-116.47556, 43.65341],
          [-116.48026, 43.67471],
          [-116.50246, 43.68634],
          [-116.51442, 43.6926],
          [-116.51913, 43.71389],
          [-116.54134, 43.72551],
          [-116.55331, 43.73177],
          [-116.55803, 43.75306],
          [-116.56276, 43.77434],
          [-116.56749, 43.79562],
          [-116.57222, 43.81689],
          [-116.57695, 43.83817],
          [-116.58169, 43.85944],
          [-116.58642, 43.8807],
          [-116.59116, 43.90197],
          [-116.5959, 43.92323],
          [-116.60064, 43.94449],
          [-116.61499, 43.96463],
          [-116.61973, 43.98588],
          [-116.61489, 44.00824],
          [-116.61964, 44.02949],
          [-116.62439, 44.05073],
          [-116.62915, 44.07197],
          [-116.6339, 44.09321],
          [-116.63866, 44.11444],
          [-116.64342, 44.13567],
          [-116.64819, 44.1569],
          [-116.65295, 44.17812],
          [-116.67529, 44.18969],
          [-116.68214, 44.19652],
          [-116.68691, 44.21773],
          [-116.69687, 44.23835],
          [-116.69647, 44.26016],
          [-116.70643, 44.28077],
          [-116.71122, 44.30197],
          [-116.72564, 44.32206],
          [-116.72079, 44.34437],
          [-116.72558, 44.36557],
          [-116.71688, 44.37418],
          [-116.70483, 44.36796],
          [-116.68245, 44.35641],
          [-116.65281, 44.35983],
          [-116.62316, 44.36324],
          [-116.59351, 44.36665],
          [-116.57733, 44.38264],
          [-116.58209, 44.40383],
          [-116.58685, 44.42502],
          [-116.59162, 44.44621],
          [-116.59639, 44.46739],
          [-116.58767, 44.476],
          [-116.57147, 44.49197],
          [-116.57327, 44.5]
        ]
      }
    },
    {
      "type": "Feature",
      "id": "2026090606_f024_09000_010",
      "properties": {
        "product_id": "winter_storm_levels",
        "source_id": "nbm_snow_level",
        "parameter": "snow_level",
        "definition": "height of the wet-bulb 0.5 degree C surface",
        "level_ft_msl": 9000,
        "label": "9,000 ft MSL",
        "unit": "ft_msl",
        "cycle_time_utc": "2026-09-06T06:00:00Z",
        "valid_time_utc": "2026-09-07T06:00:00Z",
        "lead_hours": 24,
        "segment": 10,
        "length_m": 790052.5
      },
      "geometry": {
        "type": "LineString",
        "coordinates": [
          [-129.85973, 32.17466],
          [-129.83384, 32.18042],
          [-129.80795, 32.18618],
          [-129.79553, 32.20416],
          [-129.78885, 32.21384],
          [-129.76295, 32.21959],
          [-129.73704, 32.22533],
          [-129.71114, 32.23107],
          [-129.68523, 32.23681],
          [-129.67279, 32.25478],
          [-129.66609, 32.26446],
          [-129.64017, 32.27018],
          [-129.61425, 32.27591],
          [-129.58832, 32.28162],
          [-129.57587, 32.29959],
          [-129.56916, 32.30926],
          [-129.54322, 32.31497],
          [-129.53075, 32.33292],
          [-129.52404, 32.34259],
          [-129.49809, 32.3483],
          [-129.47215, 32.35399],
          [-129.45966, 32.37194],
          [-129.45294, 32.38161],
          [-129.42698, 32.3873],
          [-129.41449, 32.40524],
          [-129.40776, 32.41491],
          [-129.38179, 32.42059],
          [-129.36929, 32.43853],
          [-129.36255, 32.44819],
          [-129.33657, 32.45386],
          [-129.3106, 32.45954],
          [-129.28462, 32.4652],
          [-129.25863, 32.47087],
          [-129.2461, 32.48879],
          [-129.23935, 32.49845],
          [-129.21336, 32.5041],
          [-129.18736, 32.50975],
          [-129.16137, 32.5154],
          [-129.13536, 32.52104],
          [-129.12281, 32.53896],
          [-129.11605, 32.5486],
          [-129.09004, 32.55424],
          [-129.06402, 32.55987],
          [-129.05145, 32.57778],
          [-129.04468, 32.58742],
          [-129.01866, 32.59304],
          [-129.00608, 32.61095],
          [-128.9993, 32.62059],
          [-128.97327, 32.6262],
          [-128.94723, 32.63181],
          [-128.93463, 32.64971],
          [-128.92785, 32.65934],
          [-128.9018, 32.66495],
          [-128.87576, 32.67054],
          [-128.86314, 32.68843],
          [-128.85635, 32.69807],
          [-128.83029, 32.70366],
          [-128.81767, 32.72154],
          [-128.81087, 32.73117],
          [-128.7848, 32.73675],
          [-128.75873, 32.74233],
          [-128.73266, 32.74791],
          [-128.70659, 32.75348],
          [-128.69394, 32.77135],
          [-128.68713, 32.78097],
          [-128.66104, 32.78653],
          [-128.63495, 32.79209],
          [-128.62229, 32.80996],
          [-128.61547, 32.81958],
          [-128.58937, 32.82512],
          [-128.5767, 32.84299],
          [-128.56987, 32.8526],
          [-128.54376, 32.85814],
          [-128.51765, 32.86368],
          [-128.50496, 32.88153],
          [-128.49813, 32.89115],
          [-128.47201, 32.89668],
          [-128.44589, 32.9022],
          [-128.41976, 32.90772],
          [-128.40705, 32.92557],
          [-128.40021, 32.93517],
          [-128.37407, 32.94069],
          [-128.34794, 32.9462],
          [-128.33521, 32.96403],
          [-128.32836, 32.97363],
          [-128.30221, 32.97914],
          [-128.28947, 32.99697],
          [-128.28261, 33.00657],
          [-128.25646, 33.01206],
          [-128.2303, 33.01755],
          [-128.21755, 33.03537],
          [-128.21068, 33.04497],
          [-128.18451, 33.05045],
          [-128.15834, 33.05593],
          [-128.13216, 33.0614],
          [-128.11939, 33.07921],
          [-128.11251, 33.0888],
          [-128.08633, 33.09427],
          [-128.06014, 33.09973],
          [-128.04735, 33.11754],
          [-128.04047, 33.12712],
          [-128.01427, 33.13258],
          [-127.98807, 33.13802],
          [-127.97527, 33.15582],
          [-127.96837, 33.16541],
          [-127.94217, 33.17085],
          [-127.91595, 33.17628],
          [-127.88974, 33.18171],
          [-127.87692, 33.1995],
          [-127.87001, 33.20908],
          [-127.85718, 33.22687],
          [-127.85027, 33.23644],
          [-127.82404, 33.24186],
          [-127.79781, 33.24728],
          [-127.78496, 33.26506],
          [-127.77804, 33.27463],
          [-127.7518, 33.28004],
          [-127.72555, 33.28544],
          [-127.69931, 33.29084],
          [-127.67306, 33.29624],
          [-127.64681, 33.30163],
          [-127.62055, 33.30701],
          [-127.59429, 33.31239],
          [-127.56803, 33.31777],
          [-127.55514, 33.33553],
          [-127.5482, 33.34509],
          [-127.52193, 33.35046],
          [-127.49566, 33.35582],
          [-127.46938, 33.36119],
          [-127.44311, 33.36654],
          [-127.43019, 33.38429],
          [-127.42324, 33.39384],
          [-127.39695, 33.39919],
          [-127.37066, 33.40453],
          [-127.34437, 33.40987],
          [-127.31807, 33.41521],
          [-127.30513, 33.43294],
          [-127.29816, 33.44249],
          [-127.28522, 33.46022],
          [-127.27824, 33.46977],
          [-127.25193, 33.47509],
          [-127.22562, 33.48041],
          [-127.1993, 33.48573],
          [-127.17298, 33.49104],
          [-127.14666, 33.49634],
          [-127.12034, 33.50165],
          [-127.09401, 33.50694],
          [-127.06769, 33.51224],
          [-127.04135, 33.51753],
          [-127.02836, 33.53523],
          [-127.02136, 33.54477],
          [-127.00836, 33.56247],
          [-127.0147, 33.58442],
          [-127.02104, 33.60637],
          [-127.02738, 33.62832],
          [-127.03373, 33.65027],
          [-127.04008, 33.67221],
          [-127.04643, 33.69415],
          [-127.05278, 33.7161],
          [-127.04577, 33.72563],
          [-127.01939, 33.73091],
          [-127.00794, 33.72508],
          [-127.00159, 33.70313],
          [-126.98032, 33.6923],
          [-126.95395, 33.69757],
          [-126.92757, 33.70284],
          [-126.91612, 33.697],
          [-126.90979, 33.67505],
          [-126.88854, 33.66421],
          [-126.8771, 33.65836],
          [-126.87078, 33.63641],
          [-126.84954, 33.62556],
          [-126.82317, 33.63081],
          [-126.7968, 33.63606],
          [-126.78537, 33.63021],
          [-126.77907, 33.60825],
          [-126.75784, 33.59739],
          [-126.74641, 33.59153],
          [-126.74013, 33.56957],
          [-126.73384, 33.54761],
          [-126.74086, 33.53809],
          [-126.75391, 33.52041],
          [-126.76093, 33.51088],
          [-126.78727, 33.50564],
          [-126.8003, 33.48795],
          [-126.80731, 33.47843],
          [-126.83365, 33.47318],
          [-126.85998, 33.46792],
          [-126.8863, 33.46266],
          [-126.89931, 33.44496],
          [-126.90632, 33.43543],
          [-126.91932, 33.41773],
          [-126.91301, 33.39576],
          [-126.9067, 33.3738],
          [-126.90039, 33.35183],
          [-126.89409, 33.32986],
          [-126.88779, 33.30789],
          [-126.89478, 33.29836],
          [-126.90777, 33.28065],
          [-126.90147, 33.25868],
          [-126.90846, 33.24914],
          [-126.92145, 33.23143],
          [-126.91514, 33.20946],
          [-126.92213, 33.19992],
          [-126.93511, 33.18221],
          [-126.94209, 33.17267],
          [-126.95506, 33.15495],
          [-126.96204, 33.14541],
          [-126.98829, 33.14013],
          [-127.00124, 33.12241],
          [-127.00822, 33.11287],
          [-127.02117, 33.09514],
          [-127.02814, 33.0856],
          [-127.05437, 33.0803],
          [-127.06731, 33.06257],
          [-127.07428, 33.05303],
          [-127.08721, 33.0353],
          [-127.09417, 33.02575],
          [-127.12039, 33.02044],
          [-127.13331, 33.00271],
          [-127.14027, 32.99315],
          [-127.16647, 32.98784],
          [-127.17938, 32.9701],
          [-127.18633, 32.96054],
          [-127.21253, 32.95522],
          [-127.22543, 32.93748],
          [-127.23238, 32.92792],
          [-127.25856, 32.92259],
          [-127.28474, 32.91726],
          [-127.29763, 32.8995],
          [-127.30457, 32.88994],
          [-127.33074, 32.8846],
          [-127.34361, 32.86684],
          [-127.35054, 32.85728],
          [-127.37671, 32.85193],
          [-127.38957, 32.83416],
          [-127.3965, 32.8246],
          [-127.40935, 32.80683],
          [-127.41627, 32.79726],
          [-127.44242, 32.7919],
          [-127.45527, 32.77413],
          [-127.46218, 32.76456],
          [-127.48832, 32.75919],
          [-127.50116, 32.74141],
          [-127.50807, 32.73184],
          [-127.5209, 32.71406],
          [-127.5278, 32.70448],
          [-127.55392, 32.6991],
          [-127.56674, 32.68132],
          [-127.57364, 32.67174],
          [-127.58502, 32.67755],
          [-127.60616, 32.68833],
          [-127.63339, 32.68679],
          [-127.64365, 32.68874],
          [-127.66479, 32.69952],
          [-127.69091, 32.69412],
          [-127.7037, 32.67632],
          [-127.71059, 32.66674],
          [-127.7367, 32.66133],
          [-127.7628, 32.65591],
          [-127.77558, 32.63811],
          [-127.78246, 32.62852],
          [-127.80855, 32.6231],
          [-127.82132, 32.60529],
          [-127.82819, 32.5957],
          [-127.85427, 32.59027],
          [-127.86703, 32.57246],
          [-127.8739, 32.56286],
          [-127.89997, 32.55743],
          [-127.91272, 32.53961],
          [-127.91959, 32.53001],
          [-127.94565, 32.52457],
          [-127.95839, 32.50674],
          [-127.96524, 32.49714],
          [-127.9913, 32.49169],
          [-128.00402, 32.47386],
          [-128.01087, 32.46426],
          [-128.03692, 32.4588],
          [-128.04963, 32.44096],
          [-128.05648, 32.43136],
          [-128.08251, 32.42589],
          [-128.10854, 32.42042],
          [-128.12124, 32.40258],
          [-128.12808, 32.39297],
          [-128.1541, 32.38749],
          [-128.16679, 32.36964],
          [-128.17362, 32.36003],
          [-128.19964, 32.35454],
          [-128.21231, 32.33669],
          [-128.21914, 32.32708],
          [-128.24514, 32.32158],
          [-128.27114, 32.31608],
          [-128.2838, 32.29822],
          [-128.29062, 32.28861],
          [-128.31661, 32.2831],
          [-128.32926, 32.26523],
          [-128.33608, 32.25561],
          [-128.36206, 32.2501],
          [-128.3747, 32.23223],
          [-128.3815, 32.22261],
          [-128.40747, 32.21708],
          [-128.42011, 32.19921],
          [-128.42691, 32.18958],
          [-128.45287, 32.18405],
          [-128.46549, 32.16617],
          [-128.47228, 32.15655],
          [-128.49823, 32.15101],
          [-128.51084, 32.13312],
          [-128.51763, 32.12349],
          [-128.54357, 32.11794],
          [-128.55617, 32.10006],
          [-128.56296, 32.09042],
          [-128.58889, 32.08487],
          [-128.60148, 32.06698],
          [-128.60825, 32.05734],
          [-128.63418, 32.05178],
          [-128.66009, 32.04621],
          [-128.67267, 32.02831],
          [-128.67944, 32.01867],
          [-128.70535, 32.0131],
          [-128.71791, 31.99519],
          [-128.72467, 31.98555],
          [-128.75057, 31.97997],
          [-128.76313, 31.96206],
          [-128.76988, 31.95241],
          [-128.79577, 31.94682],
          [-128.81952, 31.93409],
          [-128.8342, 31.92331],
          [-128.84095, 31.91366],
          [-128.86683, 31.90806],
          [-128.89055, 31.89531],
          [-128.90522, 31.88453],
          [-128.91196, 31.87487],
          [-128.93568, 31.86212],
          [-128.95034, 31.85133],
          [-128.95708, 31.84168],
          [-128.98293, 31.83605],
          [-128.99543, 31.81812],
          [-129.00332, 31.81231],
          [-129.02801, 31.80283],
          [-129.0517, 31.79006],
          [-129.06634, 31.77926],
          [-129.07306, 31.7696],
          [-129.09889, 31.76396],
          [-129.11137, 31.74601],
          [-129.11808, 31.73635],
          [-129.14391, 31.7307],
          [-129.15637, 31.71275],
          [-129.16425, 31.70692],
          [-129.1889, 31.69742],
          [-129.21255, 31.68462],
          [-129.22716, 31.6738],
          [-129.23503, 31.66798],
          [-129.25966, 31.65846],
          [-129.2833, 31.64565],
          [-129.2979, 31.63483],
          [-129.30576, 31.629],
          [-129.33038, 31.61947],
          [-129.34281, 31.6015],
          [-129.35066, 31.59567],
          [-129.37527, 31.58614],
          [-129.39888, 31.57331],
          [-129.41346, 31.56247],
          [-129.42014, 31.55279],
          [-129.44591, 31.54709],
          [-129.45831, 31.52911],
          [-129.46498, 31.51942],
          [-129.49074, 31.51372],
          [-129.50313, 31.49573],
          [-129.50979, 31.48605],
          [-129.53336, 31.47319],
          [-129.54792, 31.46234],
          [-129.55576, 31.45649],
          [-129.58032, 31.44693],
          [-129.60388, 31.43406],
          [-129.62961, 31.42833]
        ]
      }
    },
    {
      "type": "Feature",
      "id": "2026090606_f024_10000_001",
      "properties": {
        "product_id": "winter_storm_levels",
        "source_id": "nbm_snow_level",
        "parameter": "snow_level",
        "definition": "height of the wet-bulb 0.5 degree C surface",
        "level_ft_msl": 10000,
        "label": "10,000 ft MSL",
        "unit": "ft_msl",
        "cycle_time_utc": "2026-09-06T06:00:00Z",
        "valid_time_utc": "2026-09-07T06:00:00Z",
        "lead_hours": 24,
        "segment": 1,
        "length_m": 2252299.8
      },
      "geometry": {
        "type": "LineString",
        "coordinates": [
          [-127.48828, 30.12431],
          [-127.48132, 30.12942],
          [-127.47571, 30.13353],
          [-127.45882, 30.15758],
          [-127.4564, 30.16102],
          [-127.43396, 30.17746],
          [-127.42671, 30.18777],
          [-127.41463, 30.20494],
          [-127.39779, 30.21727],
          [-127.39217, 30.22138],
          [-127.37524, 30.24542],
          [-127.37282, 30.24886],
          [-127.35036, 30.26528],
          [-127.3335, 30.2776],
          [-127.32788, 30.2817],
          [-127.31093, 30.30574],
          [-127.30851, 30.30917],
          [-127.28602, 30.32558],
          [-127.26914, 30.33789],
          [-127.26352, 30.342],
          [-127.24102, 30.3584],
          [-127.22414, 30.37071],
          [-127.21851, 30.37481],
          [-127.20152, 30.39883],
          [-127.19909, 30.40226],
          [-127.17657, 30.41865],
          [-127.15967, 30.43095],
          [-127.15404, 30.43505],
          [-127.13703, 30.45905],
          [-127.13434, 30.46156],
          [-127.11206, 30.47887],
          [-127.09515, 30.49116],
          [-127.08951, 30.49525],
          [-127.06695, 30.51163],
          [-127.05965, 30.52191],
          [-127.04619, 30.53445],
          [-127.02734, 30.552],
          [-127.02465, 30.5545],
          [-127.00233, 30.57179],
          [-126.98539, 30.58407],
          [-126.97975, 30.58816],
          [-126.95793, 30.60728],
          [-126.94984, 30.61479],
          [-126.93764, 30.63192],
          [-126.92069, 30.64419],
          [-126.91504, 30.64827],
          [-126.89243, 30.66462],
          [-126.87546, 30.67688],
          [-126.86955, 30.68005],
          [-126.84411, 30.68626],
          [-126.8202, 30.69799],
          [-126.80129, 30.71551],
          [-126.79859, 30.71801],
          [-126.77621, 30.73526],
          [-126.75922, 30.74751],
          [-126.75356, 30.75159],
          [-126.73167, 30.77067],
          [-126.72356, 30.77817],
          [-126.71004, 30.79068],
          [-126.68635, 30.80331],
          [-126.67823, 30.81081],
          [-126.6647, 30.8233],
          [-126.64574, 30.8408],
          [-126.64304, 30.84329],
          [-126.61933, 30.85591],
          [-126.60037, 30.8734],
          [-126.59766, 30.8759],
          [-126.57521, 30.89312],
          [-126.55818, 30.90534],
          [-126.5525, 30.90941],
          [-126.53056, 30.92846],
          [-126.52242, 30.93595],
          [-126.50885, 30.94843],
          [-126.48511, 30.96103],
          [-126.47697, 30.96851],
          [-126.46339, 30.98099],
          [-126.43964, 30.99358],
          [-126.43149, 31.00106],
          [-126.41791, 31.01353],
          [-126.39889, 31.03099],
          [-126.39617, 31.03349],
          [-126.3724, 31.04606],
          [-126.35337, 31.06351],
          [-126.35065, 31.06601],
          [-126.32687, 31.07858],
          [-126.30782, 31.09602],
          [-126.3051, 31.09851],
          [-126.28257, 31.11568],
          [-126.26548, 31.12787],
          [-126.25953, 31.13101],
          [-126.23774, 31.15093],
          [-126.21988, 31.16034],
          [-126.21393, 31.16348],
          [-126.19213, 31.1834],
          [-126.17426, 31.19281],
          [-126.1683, 31.19594],
          [-126.14649, 31.21585],
          [-126.1383, 31.22332],
          [-126.12466, 31.23576],
          [-126.10556, 31.25317],
          [-126.10284, 31.25566],
          [-126.07899, 31.26819],
          [-126.05987, 31.2856],
          [-126.05714, 31.28808],
          [-126.03529, 31.30797],
          [-126.01739, 31.31736],
          [-126.01142, 31.32049],
          [-125.98956, 31.34037],
          [-125.97165, 31.34976],
          [-125.96593, 31.35381],
          [-125.9438, 31.37276],
          [-125.92588, 31.38214],
          [-125.92016, 31.38618],
          [-125.89802, 31.40513],
          [-125.88981, 31.41258],
          [-125.87612, 31.42499],
          [-125.85221, 31.43748],
          [-125.84399, 31.44493],
          [-125.83029, 31.45734],
          [-125.81111, 31.47471],
          [-125.80837, 31.47719],
          [-125.78445, 31.48967],
          [-125.76525, 31.50704],
          [-125.76251, 31.50952],
          [-125.73982, 31.52659],
          [-125.72261, 31.53871],
          [-125.71687, 31.54275],
          [-125.69392, 31.5589],
          [-125.6767, 31.571],
          [-125.67096, 31.57504],
          [-125.64799, 31.59118],
          [-125.63076, 31.60328],
          [-125.62502, 31.60732],
          [-125.60278, 31.62622],
          [-125.59453, 31.63365],
          [-125.58079, 31.64603],
          [-125.56154, 31.66336],
          [-125.55879, 31.66584],
          [-125.53603, 31.68288],
          [-125.51878, 31.69497],
          [-125.51303, 31.699],
          [-125.49001, 31.71511],
          [-125.47275, 31.7272],
          [-125.46699, 31.73122],
          [-125.44471, 31.75009],
          [-125.43644, 31.75751],
          [-125.42267, 31.76988],
          [-125.40337, 31.78719],
          [-125.40061, 31.78966],
          [-125.37658, 31.80207],
          [-125.35727, 31.81938],
          [-125.35451, 31.82185],
          [-125.3317, 31.83886],
          [-125.3144, 31.85092],
          [-125.30839, 31.85402],
          [-125.28556, 31.87102],
          [-125.26825, 31.88308],
          [-125.26223, 31.88617],
          [-125.23939, 31.90317],
          [-125.22207, 31.91522],
          [-125.21606, 31.91831],
          [-125.1932, 31.9353],
          [-125.17587, 31.94734],
          [-125.16985, 31.95044],
          [-125.14698, 31.96741],
          [-125.12965, 31.97945],
          [-125.12362, 31.98254],
          [-125.10074, 31.99951],
          [-125.08339, 32.01154],
          [-125.07736, 32.01463],
          [-125.05325, 32.02699],
          [-125.03385, 32.04425],
          [-125.03108, 32.04671],
          [-125.00695, 32.05906],
          [-124.98755, 32.07631],
          [-124.98478, 32.07877],
          [-124.96063, 32.09111],
          [-124.93649, 32.10345],
          [-124.92817, 32.11083],
          [-124.91429, 32.12315],
          [-124.89013, 32.13547],
          [-124.8818, 32.14286],
          [-124.86792, 32.15517],
          [-124.84375, 32.16749],
          [-124.82562, 32.17672],
          [-124.81957, 32.1798],
          [-124.7954, 32.19211],
          [-124.77121, 32.20442],
          [-124.75307, 32.21365],
          [-124.74726, 32.21765],
          [-124.72477, 32.2364],
          [-124.70662, 32.24562],
          [-124.70056, 32.24869],
          [-124.67636, 32.26098],
          [-124.65687, 32.27818],
          [-124.65408, 32.28064],
          [-124.62986, 32.29292],
          [-124.60564, 32.3052],
          [-124.58747, 32.31441],
          [-124.58141, 32.31748],
          [-124.55911, 32.33712],
          [-124.54093, 32.34632],
          [-124.53487, 32.34939],
          [-124.51062, 32.36165],
          [-124.48637, 32.37391],
          [-124.46818, 32.38311],
          [-124.46212, 32.38617],
          [-124.4387, 32.40165],
          [-124.41831, 32.41559],
          [-124.41539, 32.41758],
          [-124.39124, 32.43028],
          [-124.36696, 32.44252],
          [-124.34875, 32.4517],
          [-124.34268, 32.45476],
          [-124.32031, 32.47436],
          [-124.30209, 32.48353],
          [-124.29601, 32.48659],
          [-124.27171, 32.49881],
          [-124.2474, 32.51103],
          [-124.22917, 32.5202],
          [-124.22333, 32.52417],
          [-124.20069, 32.54283],
          [-124.18245, 32.55199],
          [-124.17637, 32.55504],
          [-124.15323, 32.57185],
          [-124.1357, 32.58377],
          [-124.12962, 32.58681],
          [-124.10528, 32.59901],
          [-124.08564, 32.61613],
          [-124.08284, 32.61857],
          [-124.05849, 32.63076],
          [-124.03413, 32.64294],
          [-124.01586, 32.65208],
          [-124.01, 32.65605],
          [-123.98659, 32.67191],
          [-123.96902, 32.6838],
          [-123.96317, 32.68776],
          [-123.93855, 32.69901],
          [-123.91416, 32.71117],
          [-123.89587, 32.72029],
          [-123.89001, 32.72425],
          [-123.86657, 32.7401],
          [-123.84898, 32.75197],
          [-123.84311, 32.75593],
          [-123.81965, 32.77177],
          [-123.80205, 32.78364],
          [-123.79618, 32.7876],
          [-123.77271, 32.80342],
          [-123.74711, 32.81095],
          [-123.72879, 32.82005],
          [-123.72362, 32.82677],
          [-123.69942, 32.83981],
          [-123.6818, 32.85167],
          [-123.67593, 32.85562],
          [-123.65242, 32.87143],
          [-123.63479, 32.88328],
          [-123.62891, 32.88723],
          [-123.60539, 32.90303],
          [-123.58775, 32.91487],
          [-123.58187, 32.91882],
          [-123.55834, 32.93461],
          [-123.54069, 32.94645],
          [-123.5348, 32.95039],
          [-123.50845, 32.95512],
          [-123.4849, 32.97089],
          [-123.46723, 32.98272],
          [-123.46134, 32.98666],
          [-123.43778, 33.00243],
          [-123.42011, 33.01426],
          [-123.41422, 33.0182],
          [-123.39064, 33.03396],
          [-123.36496, 33.04142],
          [-123.34657, 33.05047],
          [-123.34067, 33.05441],
          [-123.31708, 33.07016],
          [-123.29938, 33.08196],
          [-123.29348, 33.0859],
          [-123.26988, 33.10164],
          [-123.25217, 33.11344],
          [-123.24627, 33.11738],
          [-123.22265, 33.13311],
          [-123.20493, 33.1449],
          [-123.19903, 33.14884],
          [-123.17539, 33.16456],
          [-123.14897, 33.16922],
          [-123.13124, 33.18101],
          [-123.12533, 33.18494],
          [-123.10168, 33.20065],
          [-123.07525, 33.2053],
          [-123.05751, 33.21707],
          [-123.05159, 33.221],
          [-123.02792, 33.2367],
          [-123.00148, 33.24134],
          [-122.98372, 33.2531],
          [-122.9778, 33.25703],
          [-122.95412, 33.27271],
          [-122.92766, 33.27734],
          [-122.90989, 33.2891],
          [-122.90397, 33.29302],
          [-122.88027, 33.30869],
          [-122.86249, 33.32044],
          [-122.85656, 33.32436],
          [-122.83078, 33.33173],
          [-122.80637, 33.34463],
          [-122.78857, 33.35638],
          [-122.78264, 33.36029],
          [-122.75616, 33.36489],
          [-122.73242, 33.38054],
          [-122.70662, 33.38789],
          [-122.68812, 33.39685],
          [-122.68218, 33.40076],
          [-122.65843, 33.4164],
          [-122.63261, 33.42374],
          [-122.6141, 33.4327],
          [-122.60816, 33.43661],
          [-122.58439, 33.45223],
          [-122.56655, 33.46395],
          [-122.56038, 33.46693],
          [-122.53568, 33.47886],
          [-122.51098, 33.49079],
          [-122.49245, 33.49973],
          [-122.4865, 33.50363],
          [-122.4627, 33.51924],
          [-122.44484, 33.53094],
          [-122.43889, 33.53484],
          [-122.41507, 33.55043],
          [-122.3972, 33.56213],
          [-122.39102, 33.5651],
          [-122.36629, 33.57701],
          [-122.34155, 33.5889],
          [-122.32299, 33.59782],
          [-122.31703, 33.60172],
          [-122.29386, 33.62006],
          [-122.27529, 33.62897],
          [-122.26932, 33.63287],
          [-122.24546, 33.64843],
          [-122.22756, 33.66011],
          [-122.22159, 33.664],
          [-122.1984, 33.68232],
          [-122.17981, 33.69122],
          [-122.17384, 33.69511],
          [-122.15063, 33.71343],
          [-122.13203, 33.72232],
          [-122.12606, 33.72621],
          [-122.10216, 33.74175],
          [-122.07623, 33.74899],
          [-122.05762, 33.75788],
          [-122.05165, 33.76176],
          [-122.02773, 33.77729],
          [-122.00978, 33.78894],
          [-122.0038, 33.79282],
          [-121.98054, 33.81111],
          [-121.9719, 33.81831],
          [-121.9575, 33.83031],
          [-121.93733, 33.84711],
          [-121.93445, 33.84951],
          [-121.9096, 33.86133],
          [-121.88942, 33.87812],
          [-121.88653, 33.88052],
          [-121.86167, 33.89234],
          [-121.84148, 33.90912],
          [-121.83859, 33.91152],
          [-121.81484, 33.92793],
          [-121.79685, 33.93955],
          [-121.79085, 33.94342],
          [-121.76752, 33.96167],
          [-121.75886, 33.96886],
          [-121.74441, 33.98084],
          [-121.72418, 33.9976],
          [-121.72129, 34],
          [-121.6975, 34.01639],
          [-121.67948, 34.02799],
          [-121.67326, 34.03093],
          [-121.64834, 34.04271],
          [-121.62809, 34.05946],
          [-121.62519, 34.06186],
          [-121.60027, 34.07362],
          [-121.57534, 34.08539],
          [-121.56665, 34.09256],
          [-121.55327, 34.10913],
          [-121.53523, 34.12071],
          [-121.52921, 34.12457],
          [-121.51047, 34.14775],
          [-121.50757, 34.15014],
          [-121.48261, 34.16189],
          [-121.46231, 34.17861],
          [-121.45941, 34.181],
          [-121.4362, 34.20011],
          [-121.42749, 34.20728],
          [-121.41298, 34.21922],
          [-121.388, 34.23095],
          [-121.37929, 34.23811],
          [-121.36477, 34.25004],
          [-121.33977, 34.26177],
          [-121.33106, 34.26893],
          [-121.31653, 34.28085],
          [-121.29618, 34.29755],
          [-121.29327, 34.29994],
          [-121.27001, 34.31902],
          [-121.26128, 34.32617],
          [-121.24674, 34.33809],
          [-121.22171, 34.34979],
          [-121.21298, 34.35694],
          [-121.19843, 34.36886],
          [-121.17339, 34.38055],
          [-121.15461, 34.38932],
          [-121.14856, 34.39316],
          [-121.12439, 34.40853],
          [-121.10625, 34.42006],
          [-121.09998, 34.42298],
          [-121.07601, 34.43926],
          [-121.05786, 34.45078],
          [-121.05159, 34.45369],
          [-121.02761, 34.46997],
          [-121.00945, 34.48148],
          [-121.0034, 34.48531],
          [-120.98448, 34.50841],
          [-120.98156, 34.51079],
          [-120.95755, 34.52705],
          [-120.93938, 34.53855],
          [-120.93332, 34.54238],
          [-120.90973, 34.56048],
          [-120.8909, 34.56921],
          [-120.88483, 34.57304],
          [-120.86058, 34.58836],
          [-120.84239, 34.59985],
          [-120.83632, 34.60368],
          [-120.81735, 34.62675],
          [-120.81464, 34.63004],
          [-120.79037, 34.64535],
          [-120.78223, 34.65524],
          [-120.76867, 34.67171],
          [-120.75045, 34.68318],
          [-120.74438, 34.68701],
          [-120.72008, 34.7023],
          [-120.70186, 34.71377],
          [-120.69578, 34.71759],
          [-120.67147, 34.73288],
          [-120.65323, 34.74434],
          [-120.64715, 34.74816],
          [-120.62812, 34.7712],
          [-120.6254, 34.77449],
          [-120.60107, 34.78976],
          [-120.58282, 34.80122],
          [-120.57673, 34.80503],
          [-120.55767, 34.82806],
          [-120.55495, 34.83135],
          [-120.53589, 34.85437],
          [-120.53316, 34.85766],
          [-120.5088, 34.87291],
          [-120.49052, 34.88435],
          [-120.48507, 34.89093],
          [-120.46871, 34.91065],
          [-120.46261, 34.91446],
          [-120.43823, 34.9297],
          [-120.41993, 34.94113],
          [-120.41447, 34.9477],
          [-120.39809, 34.96741],
          [-120.39199, 34.97122],
          [-120.37287, 34.99421],
          [-120.37077, 35.00026],
          [-120.35437, 35.01996],
          [-120.34891, 35.02653],
          [-120.3325, 35.04623],
          [-120.32639, 35.05003],
          [-120.30196, 35.06525],
          [-120.28363, 35.07666],
          [-120.27816, 35.08322],
          [-120.25307, 35.09567],
          [-120.23473, 35.10707],
          [-120.22925, 35.11363],
          [-120.20416, 35.12607],
          [-120.19593, 35.13591],
          [-120.18751, 35.16007],
          [-120.18477, 35.16335],
          [-120.16557, 35.1863],
          [-120.16346, 35.19234],
          [-120.14699, 35.21201],
          [-120.1415, 35.21857],
          [-120.12503, 35.23823],
          [-120.11954, 35.24479],
          [-120.10306, 35.26445],
          [-120.09757, 35.27101],
          [-120.08108, 35.29066],
          [-120.07558, 35.29722],
          [-120.05909, 35.31687],
          [-120.05359, 35.32342],
          [-120.03709, 35.34307],
          [-120.03095, 35.34686],
          [-120.00452, 35.35374],
          [-119.988, 35.37339],
          [-119.9825, 35.37993],
          [-119.97613, 35.39803],
          [-119.96763, 35.42216],
          [-119.96551, 35.42819],
          [-119.95913, 35.44629],
          [-119.95063, 35.47041],
          [-119.94787, 35.47368],
          [-119.92857, 35.49658],
          [-119.92581, 35.49985],
          [-119.9065, 35.52275],
          [-119.90437, 35.52878],
          [-119.89798, 35.54687],
          [-119.90302, 35.56893],
          [-119.8945, 35.59304],
          [-119.89236, 35.59907],
          [-119.86712, 35.61143],
          [-119.83998, 35.61552],
          [-119.81285, 35.61961],
          [-119.80455, 35.62941],
          [-119.796, 35.65351],
          [-119.80102, 35.67557],
          [-119.79889, 35.6816],
          [-119.77361, 35.69395],
          [-119.74645, 35.69802],
          [-119.72796, 35.70934],
          [-119.72179, 35.71312],
          [-119.7024, 35.73597],
          [-119.70026, 35.742],
          [-119.69382, 35.76006],
          [-119.67996, 35.77638],
          [-119.65278, 35.78044],
          [-119.62559, 35.78449],
          [-119.60707, 35.7958],
          [-119.60152, 35.80233],
          [-119.59507, 35.82038],
          [-119.58646, 35.84446],
          [-119.5843, 35.85047],
          [-119.56764, 35.87004],
          [-119.56125, 35.87289],
          [-119.53425, 35.87785],
          [-119.50952, 35.8929],
          [-119.50118, 35.90268],
          [-119.49254, 35.92674],
          [-119.49038, 35.93276],
          [-119.4839, 35.9508],
          [-119.46998, 35.9671],
          [-119.45141, 35.97838],
          [-119.44502, 35.98122],
          [-119.41778, 35.98524],
          [-119.39053, 35.98925],
          [-119.36349, 35.99418],
          [-119.33871, 36.0092],
          [-119.33035, 36.01897],
          [-119.3164, 36.03524],
          [-119.29781, 36.04651],
          [-119.29223, 36.05302],
          [-119.27548, 36.07254],
          [-119.26928, 36.07629],
          [-119.242, 36.08028],
          [-119.21719, 36.09528],
          [-119.18991, 36.09926],
          [-119.17129, 36.11051],
          [-119.16509, 36.11426],
          [-119.13841, 36.12098],
          [-119.11297, 36.13321],
          [-119.08567, 36.13717],
          [-119.06704, 36.1484],
          [-119.06083, 36.15215],
          [-119.03353, 36.1561],
          [-119.00622, 36.16005],
          [-118.97953, 36.16674],
          [-118.95222, 36.17068],
          [-118.92492, 36.17461],
          [-118.89761, 36.17854],
          [-118.87029, 36.18247],
          [-118.84298, 36.18639],
          [-118.81748, 36.19857],
          [-118.79881, 36.20977],
          [-118.79319, 36.21626],
          [-118.76768, 36.22843],
          [-118.749, 36.23963],
          [-118.74338, 36.24611],
          [-118.7265, 36.26557],
          [-118.72087, 36.27206],
          [-118.69353, 36.27595],
          [-118.67664, 36.2954],
          [-118.67101, 36.30188],
          [-118.66297, 36.29734],
          [-118.64065, 36.29199],
          [-118.61089, 36.28485],
          [-118.60687, 36.28258],
          [-118.57874, 36.26668],
          [-118.55139, 36.27055],
          [-118.54396, 36.26876],
          [-118.52165, 36.26339],
          [-118.50294, 36.27456],
          [-118.4967, 36.27828],
          [-118.46935, 36.28214],
          [-118.44179, 36.28507],
          [-118.43456, 36.2842],
          [-118.41285, 36.28157],
          [-118.38549, 36.28542],
          [-118.35724, 36.28512],
          [-118.32989, 36.28896],
          [-118.30134, 36.28727],
          [-118.27279, 36.28559],
          [-118.26566, 36.28516],
          [-118.24425, 36.28389],
          [-118.21659, 36.28633],
          [-118.18923, 36.29014],
          [-118.16186, 36.29395],
          [-118.14252, 36.30232],
          [-118.13607, 36.30511],
          [-118.11125, 36.32085],
          [-118.10275, 36.33055],
          [-118.09263, 36.35466],
          [-118.09153, 36.36049],
          [-118.08479, 36.37845],
          [-118.08379, 36.40129],
          [-118.0885, 36.42334],
          [-118.08522, 36.44649],
          [-118.08994, 36.46854],
          [-118.08769, 36.47452],
          [-118.06204, 36.48657],
          [-118.04324, 36.49768],
          [-118.03756, 36.50414],
          [-118.01014, 36.50792],
          [-118.00338, 36.52586],
          [-117.99779, 36.54932],
          [-117.9921, 36.55578],
          [-117.98534, 36.57372],
          [-117.99004, 36.59576],
          [-117.98101, 36.61968],
          [-117.98571, 36.64171],
          [-117.98345, 36.64769],
          [-117.97668, 36.66563],
          [-117.96245, 36.68176],
          [-117.95391, 36.69143],
          [-117.94486, 36.71534],
          [-117.9426, 36.72132],
          [-117.92551, 36.74066],
          [-117.91981, 36.74711],
          [-117.91302, 36.76503],
          [-117.9074, 36.78847],
          [-117.9017, 36.79491],
          [-117.8949, 36.81284],
          [-117.89959, 36.83486],
          [-117.90429, 36.85688],
          [-117.89866, 36.8803],
          [-117.91368, 36.90091],
          [-117.91838, 36.92292],
          [-117.93223, 36.93802],
          [-117.94029, 36.94258],
          [-117.94499, 36.96459],
          [-117.94626, 36.98706],
          [-117.94399, 36.99303],
          [-117.92686, 37.01235],
          [-117.92114, 37.01879],
          [-117.91434, 37.0367],
          [-117.9087, 37.06011],
          [-117.90996, 37.08258],
          [-117.91811, 37.10411],
          [-117.94233, 37.11779],
          [-117.9504, 37.12234],
          [-117.97463, 37.13602],
          [-117.98271, 37.14057],
          [-118.00694, 37.15424],
          [-118.01157, 37.15927],
          [-118.0301, 37.17937],
          [-118.044, 37.19444],
          [-118.04863, 37.19947],
          [-118.05682, 37.22098],
          [-118.06156, 37.24296],
          [-118.05584, 37.2494],
          [-118.03869, 37.26871],
          [-118.03297, 37.27515],
          [-118.02616, 37.29304],
          [-118.01709, 37.3169],
          [-118.02183, 37.33888],
          [-118.02656, 37.36085],
          [-118.03131, 37.38282],
          [-118.03605, 37.40478],
          [-118.04079, 37.42675],
          [-118.04439, 37.44887],
          [-118.04327, 37.45467],
          [-118.03992, 37.47208],
          [-118.04466, 37.49404],
          [-118.05515, 37.50957],
          [-118.05864, 37.51474],
          [-118.07839, 37.53465],
          [-118.09056, 37.54147],
          [-118.10507, 37.55362],
          [-118.1254, 37.57062],
          [-118.12772, 37.57312],
          [-118.14877, 37.59285],
          [-118.16264, 37.61073],
          [-118.16439, 37.61331],
          [-118.17841, 37.63399],
          [-118.19243, 37.65467],
          [-118.20184, 37.67597],
          [-118.2071, 37.68373],
          [-118.21587, 37.69664],
          [-118.22528, 37.71795],
          [-118.23933, 37.73861],
          [-118.25162, 37.75669],
          [-118.25337, 37.75927],
          [-118.27205, 37.7793],
          [-118.28611, 37.79996],
          [-118.29138, 37.8077],
          [-118.30133, 37.82045],
          [-118.31424, 37.84126],
          [-118.32207, 37.86277],
          [-118.32689, 37.88468],
          [-118.32061, 37.90812],
          [-118.31668, 37.92276],
          [-118.31433, 37.93155],
          [-118.30804, 37.95498],
          [-118.30615, 37.97781],
          [-118.30657, 38.00031],
          [-118.3114, 38.02222],
          [-118.32063, 38.04352],
          [-118.32662, 38.06525],
          [-118.34015, 38.08596],
          [-118.3502, 38.10714],
          [-118.36079, 38.12261],
          [-118.36374, 38.12784],
          [-118.36859, 38.14973],
          [-118.37343, 38.17162],
          [-118.3729, 38.17733],
          [-118.3661, 38.19517],
          [-118.35172, 38.21123],
          [-118.3431, 38.22086],
          [-118.3277, 38.23235],
          [-118.30146, 38.24345],
          [-118.29222, 38.25034],
          [-118.27682, 38.26183],
          [-118.26338, 38.27681],
          [-118.25892, 38.29995],
          [-118.2578, 38.30573],
          [-118.2562, 38.32285],
          [-118.26103, 38.34472],
          [-118.26412, 38.36683],
          [-118.25675, 38.39036],
          [-118.25461, 38.41317],
          [-118.25407, 38.41887],
          [-118.25072, 38.43622],
          [-118.23341, 38.45546],
          [-118.20597, 38.46142],
          [-118.17709, 38.46083],
          [-118.14754, 38.45722],
          [-118.11841, 38.45552],
          [-118.11113, 38.4551],
          [-118.08899, 38.45245],
          [-118.06107, 38.45621],
          [-118.04132, 38.46449],
          [-118.03494, 38.46816],
          [-118.00761, 38.47465],
          [-117.99025, 38.49385],
          [-117.98446, 38.50026],
          [-117.97757, 38.51806],
          [-117.96837, 38.54179],
          [-117.96548, 38.54499],
          [-117.93991, 38.55966],
          [-117.92074, 38.57066],
          [-117.91494, 38.57705],
          [-117.89754, 38.59624],
          [-117.89115, 38.59991],
          [-117.86377, 38.60636],
          [-117.84636, 38.62555],
          [-117.84056, 38.63194],
          [-117.82314, 38.65112],
          [-117.8279, 38.67297],
          [-117.82209, 38.67936],
          [-117.80466, 38.69854],
          [-117.80942, 38.72038],
          [-117.81417, 38.74223],
          [-117.81893, 38.76408],
          [-117.82369, 38.78592],
          [-117.84828, 38.79951],
          [-117.85648, 38.80404],
          [-117.88108, 38.81763],
          [-117.88928, 38.82216],
          [-117.91389, 38.83574],
          [-117.92209, 38.84027],
          [-117.94671, 38.85385],
          [-117.95491, 38.85837],
          [-117.97954, 38.87194],
          [-118.00757, 38.86821],
          [-118.01578, 38.87273],
          [-118.04042, 38.88629],
          [-118.04863, 38.89081],
          [-118.07327, 38.90437],
          [-118.08149, 38.90888],
          [-118.08631, 38.9307],
          [-118.08763, 38.95299],
          [-118.08533, 38.95891],
          [-118.05727, 38.96266],
          [-118.03984, 38.98183],
          [-118.03402, 38.98822],
          [-118.00596, 38.99196],
          [-117.97789, 38.9957],
          [-117.94982, 38.99943],
          [-117.92174, 39.00316],
          [-117.90428, 39.02231],
          [-117.89846, 39.0287],
          [-117.87037, 39.03241],
          [-117.84229, 39.03613],
          [-117.8142, 39.03983],
          [-117.80599, 39.03531],
          [-117.78135, 39.02172],
          [-117.77314, 39.01719],
          [-117.74851, 39.0036],
          [-117.73101, 39.02274],
          [-117.72518, 39.02911],
          [-117.70767, 39.04825],
          [-117.70184, 39.05462],
          [-117.68432, 39.07375],
          [-117.68907, 39.09556],
          [-117.68323, 39.10194],
          [-117.66571, 39.12106],
          [-117.65927, 39.12471],
          [-117.63882, 39.14701],
          [-117.63589, 39.15019],
          [-117.61543, 39.17249],
          [-117.6131, 39.1784],
          [-117.59555, 39.19751],
          [-117.58969, 39.20388],
          [-117.57214, 39.22298],
          [-117.56628, 39.22935],
          [-117.54871, 39.24845],
          [-117.54286, 39.25481],
          [-117.52528, 39.2739],
          [-117.51942, 39.28027],
          [-117.50184, 39.29936],
          [-117.49598, 39.30572],
          [-117.47838, 39.3248],
          [-117.47252, 39.33116],
          [-117.45492, 39.35024],
          [-117.44905, 39.3566],
          [-117.43144, 39.37568],
          [-117.43262, 39.39792],
          [-117.43028, 39.40382],
          [-117.41266, 39.42289],
          [-117.40678, 39.42925],
          [-117.38915, 39.44831],
          [-117.38327, 39.45466],
          [-117.36564, 39.47372],
          [-117.35975, 39.48008],
          [-117.34211, 39.49913],
          [-117.33622, 39.50548],
          [-117.31857, 39.52453],
          [-117.31268, 39.53088],
          [-117.29502, 39.54992],
          [-117.28913, 39.55627],
          [-117.27146, 39.57531],
          [-117.26557, 39.58166],
          [-117.24788, 39.60069],
          [-117.24199, 39.60704],
          [-117.2243, 39.62607],
          [-117.2184, 39.63241],
          [-117.2007, 39.65144],
          [-117.1948, 39.65778],
          [-117.16653, 39.66137],
          [-117.13825, 39.66496],
          [-117.12053, 39.68398],
          [-117.11462, 39.69031],
          [-117.08634, 39.69389],
          [-117.0781, 39.68935],
          [-117.0534, 39.6757],
          [-117.03567, 39.69471],
          [-117.02975, 39.70104],
          [-117.0032, 39.71277],
          [-116.99432, 39.72227],
          [-116.98834, 39.74537],
          [-116.98242, 39.7517],
          [-116.96466, 39.77069],
          [-116.95874, 39.77702],
          [-116.95159, 39.79468],
          [-116.94205, 39.81821],
          [-116.93967, 39.82409],
          [-116.93251, 39.84174],
          [-116.92297, 39.86527],
          [-116.92058, 39.87115],
          [-116.91342, 39.8888],
          [-116.90387, 39.91232],
          [-116.90148, 39.9182],
          [-116.89431, 39.93584],
          [-116.89302, 39.95832],
          [-116.88937, 39.9811],
          [-116.89399, 40.00284],
          [-116.8916, 40.00872],
          [-116.88442, 40.02635],
          [-116.8784, 40.04941],
          [-116.88302, 40.07114],
          [-116.88764, 40.09287],
          [-116.89227, 40.1146],
          [-116.8969, 40.13633],
          [-116.92169, 40.14996],
          [-116.9264, 40.15495],
          [-116.924, 40.16082],
          [-116.91682, 40.17844],
          [-116.92146, 40.20016],
          [-116.91069, 40.22379],
          [-116.90948, 40.22952],
          [-116.90229, 40.24713],
          [-116.89152, 40.27076],
          [-116.88973, 40.27376],
          [-116.86888, 40.29585],
          [-116.8659, 40.29901],
          [-116.85335, 40.32006],
          [-116.84438, 40.33509],
          [-116.839, 40.34411],
          [-116.83116, 40.36736],
          [-116.82515, 40.38202],
          [-116.81977, 40.39104],
          [-116.81489, 40.41391],
          [-116.81002, 40.43678],
          [-116.80822, 40.43978],
          [-116.79564, 40.46082],
          [-116.78665, 40.47584],
          [-116.767, 40.48661],
          [-116.76044, 40.4902],
          [-116.73423, 40.50455],
          [-116.71457, 40.51531],
          [-116.70859, 40.52161],
          [-116.70134, 40.53919],
          [-116.69049, 40.56276],
          [-116.68926, 40.56848],
          [-116.68201, 40.58605],
          [-116.68662, 40.60773],
          [-116.67695, 40.63115],
          [-116.67453, 40.63701],
          [-116.67084, 40.65413],
          [-116.67188, 40.67624],
          [-116.6622, 40.69966],
          [-116.65977, 40.70551],
          [-116.65251, 40.72307],
          [-116.64639, 40.74604],
          [-116.651, 40.7677],
          [-116.65561, 40.78936],
          [-116.65664, 40.81145],
          [-116.65422, 40.8173],
          [-116.63621, 40.83616],
          [-116.63021, 40.84244],
          [-116.61219, 40.86129],
          [-116.60619, 40.86757],
          [-116.58816, 40.88642],
          [-116.58215, 40.8927],
          [-116.56412, 40.91154],
          [-116.55811, 40.91782],
          [-116.55081, 40.93535],
          [-116.53577, 40.95104],
          [-116.52675, 40.96046],
          [-116.5117, 40.97615],
          [-116.50626, 40.98513],
          [-116.49293, 41.00893],
          [-116.49049, 41.01477],
          [-116.48317, 41.03229],
          [-116.47222, 41.0558],
          [-116.47097, 41.06149],
          [-116.46365, 41.07901],
          [-116.45388, 41.10236],
          [-116.45846, 41.12399],
          [-116.46663, 41.14518],
          [-116.47122, 41.1668],
          [-116.47581, 41.18841],
          [-116.4804, 41.21003],
          [-116.48499, 41.23164],
          [-116.48958, 41.25325],
          [-116.48354, 41.25951],
          [-116.46543, 41.2783],
          [-116.47002, 41.29991],
          [-116.46398, 41.30617],
          [-116.43522, 41.30962],
          [-116.41709, 41.3284],
          [-116.41104, 41.33466],
          [-116.3929, 41.35344],
          [-116.38685, 41.35969],
          [-116.35808, 41.36313],
          [-116.33992, 41.3819],
          [-116.34449, 41.40349],
          [-116.33844, 41.40974],
          [-116.33107, 41.42722],
          [-116.34529, 41.44213],
          [-116.35363, 41.44667],
          [-116.37867, 41.46029],
          [-116.38701, 41.46482],
          [-116.41206, 41.47844],
          [-116.42041, 41.48297],
          [-116.425, 41.50455],
          [-116.42959, 41.52613],
          [-116.43418, 41.5477],
          [-116.43878, 41.56927],
          [-116.44338, 41.59084],
          [-116.44798, 41.61241],
          [-116.45258, 41.63397],
          [-116.45719, 41.65553],
          [-116.47262, 41.6758],
          [-116.47723, 41.69736],
          [-116.49151, 41.71223],
          [-116.49627, 41.71719],
          [-116.49382, 41.72301],
          [-116.48645, 41.74046],
          [-116.48024, 41.7633],
          [-116.47417, 41.76954],
          [-116.4668, 41.78699],
          [-116.45696, 41.81025],
          [-116.4545, 41.81607],
          [-116.43628, 41.8348],
          [-116.43021, 41.84104],
          [-116.42282, 41.85848],
          [-116.41297, 41.88173],
          [-116.41051, 41.88754],
          [-116.39226, 41.90626],
          [-116.38618, 41.9125],
          [-116.37878, 41.92993],
          [-116.36357, 41.94552],
          [-116.35444, 41.95488],
          [-116.34456, 41.97811],
          [-116.34209, 41.98392],
          [-116.32382, 42.00262],
          [-116.31773, 42.00885],
          [-116.31031, 42.02627],
          [-116.29508, 42.04185],
          [-116.28593, 42.0512],
          [-116.27603, 42.07441],
          [-116.27298, 42.07753],
          [-116.25163, 42.09932],
          [-116.24858, 42.10244],
          [-116.22721, 42.12423],
          [-116.22473, 42.13003],
          [-116.20641, 42.14871],
          [-116.20031, 42.15493],
          [-116.18198, 42.1736],
          [-116.17587, 42.17982],
          [-116.15753, 42.19848],
          [-116.15141, 42.2047],
          [-116.13307, 42.22336],
          [-116.12695, 42.22958],
          [-116.10859, 42.24823],
          [-116.11315, 42.26973],
          [-116.10703, 42.27594],
          [-116.09956, 42.29333],
          [-116.09322, 42.31608],
          [-116.09778, 42.33756],
          [-116.10234, 42.35905],
          [-116.1069, 42.38052],
          [-116.11147, 42.402],
          [-116.10534, 42.40821],
          [-116.08694, 42.42684],
          [-116.09151, 42.44831],
          [-116.08537, 42.45452],
          [-116.06697, 42.47315],
          [-116.07153, 42.49461],
          [-116.06539, 42.50082],
          [-116.04697, 42.51944],
          [-116.04083, 42.52564],
          [-116.02241, 42.54425],
          [-116.01626, 42.55046],
          [-115.99783, 42.56906],
          [-115.99168, 42.57526],
          [-115.96254, 42.57861],
          [-115.94409, 42.59721],
          [-115.93794, 42.60341],
          [-115.91948, 42.622],
          [-115.91332, 42.6282],
          [-115.89486, 42.64679],
          [-115.8887, 42.65298],
          [-115.87022, 42.67156],
          [-115.86406, 42.67776],
          [-115.85651, 42.69509],
          [-115.85009, 42.71778],
          [-115.85097, 42.73963],
          [-115.84845, 42.7454],
          [-115.8409, 42.76273],
          [-115.83447, 42.78541],
          [-115.8283, 42.79159],
          [-115.82074, 42.80891],
          [-115.81065, 42.832],
          [-115.80813, 42.83777],
          [-115.7896, 42.85632],
          [-115.79412, 42.87774],
          [-115.79499, 42.89958],
          [-115.79246, 42.90535],
          [-115.77392, 42.92389],
          [-115.77844, 42.9453],
          [-115.78296, 42.96672],
          [-115.77677, 42.97289],
          [-115.75821, 42.99143],
          [-115.75202, 42.99761],
          [-115.72276, 43.00091],
          [-115.70418, 43.01943],
          [-115.70869, 43.04084],
          [-115.70249, 43.04701],
          [-115.68391, 43.06553],
          [-115.68841, 43.08693],
          [-115.68221, 43.0931],
          [-115.66362, 43.11161],
          [-115.65741, 43.11778],
          [-115.63881, 43.13629],
          [-115.63964, 43.15808],
          [-115.63654, 43.16117],
          [-115.61481, 43.18275],
          [-115.61171, 43.18583],
          [-115.58997, 43.20741],
          [-115.58743, 43.21316],
          [-115.56879, 43.23165],
          [-115.56257, 43.23781],
          [-115.54392, 43.2563],
          [-115.53771, 43.26246],
          [-115.51905, 43.28093],
          [-115.51283, 43.28709],
          [-115.49416, 43.30556],
          [-115.49864, 43.32693],
          [-115.50311, 43.3483],
          [-115.50759, 43.36966],
          [-115.50136, 43.37582],
          [-115.48268, 43.39428],
          [-115.48715, 43.41564],
          [-115.49163, 43.43699],
          [-115.49611, 43.45834],
          [-115.50059, 43.47969],
          [-115.50508, 43.50104],
          [-115.50588, 43.52279],
          [-115.50333, 43.52853],
          [-115.49565, 43.54576],
          [-115.48909, 43.56831],
          [-115.49358, 43.58965],
          [-115.48734, 43.59579],
          [-115.47965, 43.61301],
          [-115.48414, 43.63434],
          [-115.47266, 43.65742],
          [-115.47077, 43.66035],
          [-115.4489, 43.68185],
          [-115.44633, 43.68758],
          [-115.43863, 43.70479],
          [-115.42837, 43.72772],
          [-115.4258, 43.73346],
          [-115.40703, 43.75187],
          [-115.40077, 43.758],
          [-115.39306, 43.7752],
          [-115.38647, 43.79772],
          [-115.38725, 43.81943],
          [-115.38468, 43.82515],
          [-115.36588, 43.84355],
          [-115.37035, 43.86485],
          [-115.36409, 43.87098],
          [-115.35636, 43.88816],
          [-115.36083, 43.90945],
          [-115.35052, 43.93235],
          [-115.355, 43.95364],
          [-115.35947, 43.97492],
          [-115.36394, 43.99621],
          [-115.37705, 44.01654],
          [-115.38153, 44.03782],
          [-115.39218, 44.05842],
          [-115.40037, 44.07928],
          [-115.40116, 44.10095],
          [-115.39948, 44.12289],
          [-115.39533, 44.14508],
          [-115.39275, 44.1508],
          [-115.38501, 44.16795],
          [-115.3895, 44.1892],
          [-115.39399, 44.21045],
          [-115.38736, 44.23291],
          [-115.39186, 44.25415],
          [-115.39265, 44.2758],
          [-115.39006, 44.28151],
          [-115.38231, 44.29864],
          [-115.37196, 44.32148],
          [-115.36938, 44.32719],
          [-115.36162, 44.34432],
          [-115.36611, 44.36555],
          [-115.35575, 44.38838],
          [-115.35317, 44.39409],
          [-115.3454, 44.41121],
          [-115.34989, 44.43243],
          [-115.35438, 44.45365],
          [-115.3689, 44.46835],
          [-115.37746, 44.47285],
          [-115.38196, 44.49406],
          [-115.38322, 44.5]
        ]
      }
    },
    {
      "type": "Feature",
      "id": "2026090606_f024_11000_001",
      "properties": {
        "product_id": "winter_storm_levels",
        "source_id": "nbm_snow_level",
        "parameter": "snow_level",
        "definition": "height of the wet-bulb 0.5 degree C surface",
        "level_ft_msl": 11000,
        "label": "11,000 ft MSL",
        "unit": "ft_msl",
        "cycle_time_utc": "2026-09-06T06:00:00Z",
        "valid_time_utc": "2026-09-07T06:00:00Z",
        "lead_hours": 24,
        "segment": 1,
        "length_m": 62554.7
      },
      "geometry": {
        "type": "LineString",
        "coordinates": [
          [-114.7306, 41.32294],
          [-114.72979, 41.32635],
          [-114.72113, 41.34609],
          [-114.71094, 41.36931],
          [-114.7091, 41.37117],
          [-114.68237, 41.38515],
          [-114.65965, 41.39704],
          [-114.65596, 41.40075],
          [-114.63502, 41.42183],
          [-114.63132, 41.42554],
          [-114.61037, 41.44661],
          [-114.60667, 41.45033],
          [-114.60171, 41.44755],
          [-114.57362, 41.43184],
          [-114.54476, 41.43499],
          [-114.53981, 41.43221],
          [-114.53562, 41.41058],
          [-114.53144, 41.38894],
          [-114.53513, 41.38522],
          [-114.55609, 41.36416],
          [-114.5519, 41.34252],
          [-114.54771, 41.32087],
          [-114.55141, 41.31715],
          [-114.57235, 41.29608],
          [-114.56816, 41.27443],
          [-114.57185, 41.27071],
          [-114.60066, 41.26756],
          [-114.62946, 41.26441],
          [-114.65826, 41.26125],
          [-114.68707, 41.25808],
          [-114.69202, 41.26086],
          [-114.72008, 41.27656],
          [-114.72216, 41.27965],
          [-114.72638, 41.3013],
          [-114.7306, 41.32294]
        ]
      }
    },
    {
      "type": "Feature",
      "id": "2026090606_f024_11000_002",
      "properties": {
        "product_id": "winter_storm_levels",
        "source_id": "nbm_snow_level",
        "parameter": "snow_level",
        "definition": "height of the wet-bulb 0.5 degree C surface",
        "level_ft_msl": 11000,
        "label": "11,000 ft MSL",
        "unit": "ft_msl",
        "cycle_time_utc": "2026-09-06T06:00:00Z",
        "valid_time_utc": "2026-09-07T06:00:00Z",
        "lead_hours": 24,
        "segment": 2,
        "length_m": 2513906.4
      },
      "geometry": {
        "type": "LineString",
        "coordinates": [
          [-126.96585, 30.14508],
          [-126.96494, 30.14574],
          [-126.94696, 30.17111],
          [-126.94551, 30.17317],
          [-126.92299, 30.18954],
          [-126.91472, 30.20119],
          [-126.90354, 30.21696],
          [-126.88439, 30.23086],
          [-126.88101, 30.23332],
          [-126.85934, 30.25281],
          [-126.8502, 30.26132],
          [-126.839, 30.27708],
          [-126.81983, 30.29098],
          [-126.81645, 30.29343],
          [-126.79476, 30.31291],
          [-126.7856, 30.32142],
          [-126.77439, 30.33718],
          [-126.7552, 30.35106],
          [-126.75166, 30.35296],
          [-126.72807, 30.36561],
          [-126.70447, 30.37825],
          [-126.6844, 30.389],
          [-126.68102, 30.39144],
          [-126.65929, 30.4109],
          [-126.65011, 30.4194],
          [-126.63887, 30.43515],
          [-126.61965, 30.44901],
          [-126.61626, 30.45146],
          [-126.59816, 30.47678],
          [-126.59654, 30.47828],
          [-126.57407, 30.49514],
          [-126.55484, 30.509],
          [-126.55144, 30.51144],
          [-126.52967, 30.53088],
          [-126.52048, 30.53937],
          [-126.50804, 30.55086],
          [-126.48803, 30.56934],
          [-126.48641, 30.57084],
          [-126.46476, 30.59082],
          [-126.45556, 30.59931],
          [-126.44311, 30.61079],
          [-126.42308, 30.62926],
          [-126.42145, 30.63076],
          [-126.39979, 30.65072],
          [-126.39058, 30.65921],
          [-126.37811, 30.67069],
          [-126.35806, 30.68915],
          [-126.35643, 30.69064],
          [-126.33475, 30.7106],
          [-126.32553, 30.71908],
          [-126.31305, 30.73055],
          [-126.29298, 30.749],
          [-126.29135, 30.75049],
          [-126.26762, 30.76306],
          [-126.24753, 30.78151],
          [-126.24591, 30.783],
          [-126.22418, 30.80294],
          [-126.21495, 30.81141],
          [-126.20245, 30.82287],
          [-126.18234, 30.8413],
          [-126.18064, 30.84252],
          [-126.15695, 30.85535],
          [-126.13683, 30.87378],
          [-126.1352, 30.87527],
          [-126.11344, 30.89519],
          [-126.09323, 30.90584],
          [-126.08967, 30.90773],
          [-126.06789, 30.92763],
          [-126.05864, 30.9361],
          [-126.04611, 30.94754],
          [-126.02596, 30.96595],
          [-126.02432, 30.96744],
          [-126.00253, 30.98734],
          [-125.99326, 30.9958],
          [-125.98072, 31.00724],
          [-125.95734, 31.02132],
          [-125.94764, 31.0282],
          [-125.93509, 31.03964],
          [-125.91491, 31.05803],
          [-125.91327, 31.05952],
          [-125.89036, 31.07544],
          [-125.86924, 31.09041],
          [-125.8676, 31.0919],
          [-125.84575, 31.11178],
          [-125.82548, 31.1224],
          [-125.82206, 31.12482],
          [-125.80005, 31.14413],
          [-125.79075, 31.15257],
          [-125.77818, 31.16399],
          [-125.75473, 31.17804],
          [-125.74501, 31.18491],
          [-125.73243, 31.19633],
          [-125.70898, 31.21037],
          [-125.69925, 31.21724],
          [-125.68666, 31.22865],
          [-125.66277, 31.24112],
          [-125.65346, 31.24955],
          [-125.64086, 31.26096],
          [-125.61738, 31.27498],
          [-125.60764, 31.28184],
          [-125.59504, 31.29325],
          [-125.57475, 31.31158],
          [-125.5731, 31.31307],
          [-125.54919, 31.32552],
          [-125.52568, 31.33953],
          [-125.51593, 31.34639],
          [-125.50331, 31.35778],
          [-125.483, 31.3761],
          [-125.48135, 31.37759],
          [-125.45741, 31.39002],
          [-125.43388, 31.40402],
          [-125.42412, 31.41087],
          [-125.41148, 31.42225],
          [-125.38795, 31.43624],
          [-125.37818, 31.44308],
          [-125.36553, 31.45446],
          [-125.34518, 31.47277],
          [-125.34353, 31.47425],
          [-125.31956, 31.48666],
          [-125.29919, 31.50496],
          [-125.29754, 31.50644],
          [-125.27446, 31.52226],
          [-125.25318, 31.53713],
          [-125.25152, 31.53862],
          [-125.22752, 31.55101],
          [-125.20713, 31.56929],
          [-125.20548, 31.57078],
          [-125.18147, 31.58316],
          [-125.16107, 31.60144],
          [-125.15941, 31.60292],
          [-125.13539, 31.6153],
          [-125.11497, 31.63357],
          [-125.11332, 31.63505],
          [-125.08929, 31.64742],
          [-125.06886, 31.66568],
          [-125.0672, 31.66716],
          [-125.04315, 31.67952],
          [-125.01952, 31.69345],
          [-125.00971, 31.70027],
          [-124.997, 31.71161],
          [-124.97293, 31.72396],
          [-124.96353, 31.73235],
          [-124.95082, 31.74369],
          [-124.92674, 31.75603],
          [-124.90627, 31.76652],
          [-124.90266, 31.76837],
          [-124.87858, 31.7807],
          [-124.85449, 31.79304],
          [-124.83401, 31.80351],
          [-124.83054, 31.80592],
          [-124.80823, 31.82506],
          [-124.78774, 31.83553],
          [-124.78413, 31.83738],
          [-124.76001, 31.8497],
          [-124.7395, 31.86791],
          [-124.73783, 31.86939],
          [-124.71371, 31.88169],
          [-124.68958, 31.894],
          [-124.68015, 31.90236],
          [-124.66738, 31.91367],
          [-124.64324, 31.92597],
          [-124.62272, 31.93642],
          [-124.61924, 31.93881],
          [-124.59606, 31.95479],
          [-124.57634, 31.96837],
          [-124.57272, 31.97021],
          [-124.54856, 31.98249],
          [-124.52798, 32.00067],
          [-124.52631, 32.00214],
          [-124.50214, 32.01441],
          [-124.47796, 32.02668],
          [-124.45741, 32.03711],
          [-124.45392, 32.0395],
          [-124.43151, 32.05858],
          [-124.41094, 32.069],
          [-124.40746, 32.07139],
          [-124.38421, 32.08733],
          [-124.36445, 32.10088],
          [-124.36082, 32.10272],
          [-124.33661, 32.11496],
          [-124.31239, 32.1272],
          [-124.2918, 32.1376],
          [-124.28831, 32.13999],
          [-124.26585, 32.15905],
          [-124.24525, 32.16944],
          [-124.24176, 32.17183],
          [-124.21847, 32.18774],
          [-124.19868, 32.20127],
          [-124.19518, 32.20365],
          [-124.17079, 32.21532],
          [-124.14653, 32.22753],
          [-124.13703, 32.23585],
          [-124.12417, 32.24711],
          [-124.0999, 32.25932],
          [-124.07927, 32.26969],
          [-124.07577, 32.27207],
          [-124.05244, 32.28796],
          [-124.03261, 32.30146],
          [-124.02911, 32.30384],
          [-124.00577, 32.31972],
          [-123.98592, 32.33321],
          [-123.98228, 32.33504],
          [-123.95622, 32.34039],
          [-123.93286, 32.35626],
          [-123.913, 32.36974],
          [-123.9095, 32.37212],
          [-123.88612, 32.38798],
          [-123.86625, 32.40145],
          [-123.8626, 32.40328],
          [-123.83827, 32.41544],
          [-123.81314, 32.42446],
          [-123.79325, 32.43792],
          [-123.78974, 32.4403],
          [-123.76634, 32.45614],
          [-123.74644, 32.4696],
          [-123.74293, 32.47197],
          [-123.71951, 32.4878],
          [-123.69407, 32.4957],
          [-123.67336, 32.50601],
          [-123.66984, 32.50838],
          [-123.64641, 32.5242],
          [-123.62649, 32.53764],
          [-123.62283, 32.53946],
          [-123.59845, 32.55158],
          [-123.57406, 32.5637],
          [-123.55332, 32.57399],
          [-123.5498, 32.57636],
          [-123.52634, 32.59216],
          [-123.50639, 32.60558],
          [-123.50273, 32.6074],
          [-123.47832, 32.6195],
          [-123.4539, 32.63159],
          [-123.43315, 32.64187],
          [-123.42962, 32.64424],
          [-123.40613, 32.66002],
          [-123.38615, 32.67342],
          [-123.38249, 32.67524],
          [-123.35805, 32.68732],
          [-123.3336, 32.69939],
          [-123.31282, 32.70965],
          [-123.3093, 32.71202],
          [-123.28577, 32.72777],
          [-123.26024, 32.7356],
          [-123.23945, 32.74585],
          [-123.23592, 32.74821],
          [-123.21238, 32.76395],
          [-123.19236, 32.77733],
          [-123.18869, 32.77914],
          [-123.16421, 32.79119],
          [-123.13972, 32.80323],
          [-123.1189, 32.81346],
          [-123.11537, 32.81582],
          [-123.09179, 32.83155],
          [-123.07175, 32.84491],
          [-123.06808, 32.84672],
          [-123.04357, 32.85874],
          [-123.01906, 32.87077],
          [-122.99821, 32.88098],
          [-122.99454, 32.88278],
          [-122.97001, 32.8948],
          [-122.94548, 32.90681],
          [-122.92463, 32.91702],
          [-122.92095, 32.91882],
          [-122.89641, 32.93082],
          [-122.87187, 32.94282],
          [-122.86221, 32.95105],
          [-122.84915, 32.96219],
          [-122.82459, 32.97418],
          [-122.80372, 32.98437],
          [-122.80003, 32.98617],
          [-122.77547, 32.99815],
          [-122.75089, 33.01013],
          [-122.73, 33.02031],
          [-122.72645, 33.02266],
          [-122.70278, 33.03832],
          [-122.68266, 33.05162],
          [-122.67897, 33.05342],
          [-122.65438, 33.06538],
          [-122.62978, 33.07734],
          [-122.62009, 33.08555],
          [-122.60699, 33.09667],
          [-122.58238, 33.10862],
          [-122.56146, 33.11877],
          [-122.5579, 33.12112],
          [-122.53496, 33.13989],
          [-122.51403, 33.15003],
          [-122.51033, 33.15182],
          [-122.4857, 33.16376],
          [-122.46458, 33.18162],
          [-122.46287, 33.18306],
          [-122.43823, 33.19499],
          [-122.41358, 33.20691],
          [-122.39262, 33.21704],
          [-122.38892, 33.21883],
          [-122.36607, 33.23812],
          [-122.3451, 33.24824],
          [-122.3414, 33.25003],
          [-122.31853, 33.26931],
          [-122.29756, 33.27943],
          [-122.29385, 33.28121],
          [-122.26917, 33.29311],
          [-122.24448, 33.305],
          [-122.23475, 33.31319],
          [-122.22158, 33.32427],
          [-122.19688, 33.33615],
          [-122.17588, 33.34625],
          [-122.17218, 33.34803],
          [-122.14747, 33.3599],
          [-122.12626, 33.37771],
          [-122.12454, 33.37916],
          [-122.09982, 33.39102],
          [-122.07433, 33.39975],
          [-122.05407, 33.41297],
          [-122.05049, 33.4153],
          [-122.02562, 33.4266],
          [-122.00088, 33.43845],
          [-121.97984, 33.44852],
          [-121.97626, 33.45085],
          [-121.95137, 33.46214],
          [-121.92661, 33.47398],
          [-121.90557, 33.48404],
          [-121.90198, 33.48636],
          [-121.8781, 33.50188],
          [-121.85231, 33.50947],
          [-121.83124, 33.51951],
          [-121.82766, 33.52184],
          [-121.80451, 33.54049],
          [-121.78344, 33.55053],
          [-121.77986, 33.55285],
          [-121.75594, 33.56835],
          [-121.73561, 33.58152],
          [-121.73203, 33.58385],
          [-121.7081, 33.59934],
          [-121.68227, 33.60689],
          [-121.67247, 33.61504],
          [-121.65922, 33.62606],
          [-121.63439, 33.63785],
          [-121.61329, 33.64787],
          [-121.60969, 33.65019],
          [-121.58649, 33.66879],
          [-121.56537, 33.6788],
          [-121.56178, 33.68112],
          [-121.53855, 33.69972],
          [-121.51743, 33.70972],
          [-121.51383, 33.71204],
          [-121.48985, 33.7275],
          [-121.46946, 33.74063],
          [-121.46586, 33.74294],
          [-121.44187, 33.75839],
          [-121.42147, 33.77151],
          [-121.41787, 33.77383],
          [-121.39386, 33.78927],
          [-121.37345, 33.80238],
          [-121.36984, 33.8047],
          [-121.34582, 33.82013],
          [-121.3254, 33.83324],
          [-121.32179, 33.83555],
          [-121.29776, 33.85097],
          [-121.2711, 33.85532],
          [-121.25066, 33.86842],
          [-121.24745, 33.87239],
          [-121.22923, 33.89489],
          [-121.22562, 33.8972],
          [-121.20156, 33.91261],
          [-121.1811, 33.9257],
          [-121.17736, 33.92745],
          [-121.15242, 33.93916],
          [-121.12673, 33.94772],
          [-121.10626, 33.9608],
          [-121.10265, 33.96311],
          [-121.07855, 33.97849],
          [-121.05807, 33.99156],
          [-121.05433, 33.99331],
          [-121.02776, 33.99817],
          [-121.00365, 34.01354],
          [-120.97694, 34.01784],
          [-120.95644, 34.03089],
          [-120.95282, 34.0332],
          [-120.92611, 34.03749],
          [-120.90197, 34.05284],
          [-120.88146, 34.06588],
          [-120.87784, 34.06819],
          [-120.85369, 34.08353],
          [-120.84452, 34.09475],
          [-120.83113, 34.10569],
          [-120.80538, 34.1142],
          [-120.77937, 34.1216],
          [-120.7581, 34.1315],
          [-120.75435, 34.13324],
          [-120.72931, 34.14487],
          [-120.70355, 34.15337],
          [-120.68299, 34.16638],
          [-120.67936, 34.16868],
          [-120.65935, 34.19308],
          [-120.6576, 34.19451],
          [-120.63255, 34.20612],
          [-120.60749, 34.21774],
          [-120.58618, 34.2276],
          [-120.58236, 34.22907],
          [-120.55686, 34.23883],
          [-120.53136, 34.24858],
          [-120.50549, 34.25676],
          [-120.48417, 34.26662],
          [-120.4804, 34.26835],
          [-120.45531, 34.27994],
          [-120.43367, 34.29748],
          [-120.43191, 34.2989],
          [-120.40779, 34.31472],
          [-120.38716, 34.3277],
          [-120.3834, 34.32943],
          [-120.35828, 34.341],
          [-120.33316, 34.35257],
          [-120.31181, 34.3624],
          [-120.30797, 34.36385],
          [-120.28116, 34.36803],
          [-120.2544, 34.37248],
          [-120.22926, 34.38403],
          [-120.20756, 34.40154],
          [-120.2058, 34.40295],
          [-120.18065, 34.41449],
          [-120.15894, 34.43199],
          [-120.15718, 34.43341],
          [-120.13202, 34.44494],
          [-120.10685, 34.45647],
          [-120.08001, 34.46061],
          [-120.05861, 34.4704],
          [-120.05477, 34.47186],
          [-120.02798, 34.47627],
          [-120.00279, 34.48778],
          [-119.9769, 34.49615],
          [-119.95619, 34.50906],
          [-119.95241, 34.51079],
          [-119.92721, 34.52228],
          [-119.90544, 34.53974],
          [-119.90367, 34.54116],
          [-119.87846, 34.55264],
          [-119.85324, 34.56413],
          [-119.8318, 34.57389],
          [-119.82802, 34.57561],
          [-119.80279, 34.58709],
          [-119.77756, 34.59856],
          [-119.75611, 34.60831],
          [-119.75245, 34.61058],
          [-119.72873, 34.62887],
          [-119.70727, 34.63861],
          [-119.70361, 34.64088],
          [-119.67988, 34.65916],
          [-119.66985, 34.66716],
          [-119.65627, 34.67799],
          [-119.631, 34.68944],
          [-119.62096, 34.69743],
          [-119.60738, 34.70826],
          [-119.5821, 34.71969],
          [-119.5606, 34.72941],
          [-119.55681, 34.73113],
          [-119.52988, 34.73518],
          [-119.50623, 34.75398],
          [-119.48472, 34.76369],
          [-119.48093, 34.7654],
          [-119.45562, 34.77682],
          [-119.43372, 34.7942],
          [-119.43195, 34.79561],
          [-119.40663, 34.80701],
          [-119.3813, 34.81842],
          [-119.37124, 34.8264],
          [-119.35761, 34.83719],
          [-119.33568, 34.85456],
          [-119.33391, 34.85597],
          [-119.30856, 34.86736],
          [-119.28662, 34.88471],
          [-119.28497, 34.88667],
          [-119.26043, 34.90174],
          [-119.23956, 34.91455],
          [-119.23588, 34.91681],
          [-119.21133, 34.93187],
          [-119.19045, 34.94467],
          [-119.18713, 34.94859],
          [-119.16832, 34.97079],
          [-119.165, 34.97471],
          [-119.14006, 34.98809],
          [-119.11916, 35.00088],
          [-119.11584, 35.0048],
          [-119.097, 35.02698],
          [-119.09331, 35.02924],
          [-119.06872, 35.04428],
          [-119.0478, 35.05705],
          [-119.04448, 35.06097],
          [-119.02561, 35.08314],
          [-119.02192, 35.08539],
          [-118.9973, 35.10042],
          [-118.97637, 35.11318],
          [-118.97304, 35.11709],
          [-118.94804, 35.13045],
          [-118.9271, 35.1432],
          [-118.92377, 35.14711],
          [-118.90487, 35.16927],
          [-118.90153, 35.17318],
          [-118.88262, 35.19533],
          [-118.87928, 35.19924],
          [-118.85221, 35.20317],
          [-118.83329, 35.22532],
          [-118.8381, 35.24744],
          [-118.84291, 35.26955],
          [-118.83957, 35.27346],
          [-118.82063, 35.2956],
          [-118.81729, 35.2995],
          [-118.79834, 35.32163],
          [-118.795, 35.32554],
          [-118.76789, 35.32946],
          [-118.74893, 35.35158],
          [-118.74558, 35.35549],
          [-118.72661, 35.37761],
          [-118.72326, 35.38151],
          [-118.69614, 35.38542],
          [-118.66902, 35.38932],
          [-118.64189, 35.39322],
          [-118.6229, 35.41532],
          [-118.62767, 35.43743],
          [-118.62432, 35.44133],
          [-118.60531, 35.46343],
          [-118.60195, 35.46733],
          [-118.58293, 35.48943],
          [-118.57958, 35.49333],
          [-118.55242, 35.49721],
          [-118.52527, 35.50109],
          [-118.50623, 35.52317],
          [-118.50251, 35.52541],
          [-118.4757, 35.53094],
          [-118.44853, 35.5348],
          [-118.42338, 35.54806],
          [-118.4023, 35.56073],
          [-118.39893, 35.56462],
          [-118.37176, 35.56848],
          [-118.34458, 35.57232],
          [-118.33979, 35.56958],
          [-118.31267, 35.55406],
          [-118.2855, 35.55789],
          [-118.2664, 35.57995],
          [-118.26303, 35.58384],
          [-118.23584, 35.58767],
          [-118.21673, 35.60971],
          [-118.21335, 35.6136],
          [-118.19423, 35.63564],
          [-118.19086, 35.63953],
          [-118.16365, 35.64335],
          [-118.14451, 35.66538],
          [-118.14114, 35.66926],
          [-118.11392, 35.67307],
          [-118.08671, 35.67688],
          [-118.08193, 35.67413],
          [-118.05482, 35.65857],
          [-118.03566, 35.68059],
          [-118.03228, 35.68447],
          [-118.00506, 35.68826],
          [-117.98588, 35.71027],
          [-117.98215, 35.7125],
          [-117.95725, 35.72733],
          [-117.94765, 35.73833],
          [-117.93868, 35.76233],
          [-117.93734, 35.76593],
          [-117.91814, 35.78792],
          [-117.9144, 35.79015],
          [-117.88947, 35.80497],
          [-117.86828, 35.81756],
          [-117.86454, 35.81978],
          [-117.83728, 35.82355],
          [-117.81233, 35.83835],
          [-117.79112, 35.85094],
          [-117.78738, 35.85316],
          [-117.76242, 35.86796],
          [-117.7412, 35.88053],
          [-117.73746, 35.88275],
          [-117.71649, 35.90665],
          [-117.71479, 35.90859],
          [-117.68981, 35.92338],
          [-117.66857, 35.93594],
          [-117.66482, 35.93816],
          [-117.63895, 35.9487],
          [-117.61253, 35.95666],
          [-117.59127, 35.96921],
          [-117.58752, 35.97142],
          [-117.56251, 35.98619],
          [-117.5352, 35.9899],
          [-117.51393, 36.00244],
          [-117.51052, 36.00631],
          [-117.49119, 36.02824],
          [-117.48777, 36.03211],
          [-117.46843, 36.05403],
          [-117.46502, 36.0579],
          [-117.44567, 36.07982],
          [-117.44191, 36.08203],
          [-117.41492, 36.08737],
          [-117.39555, 36.10929],
          [-117.39179, 36.1115],
          [-117.36672, 36.12622],
          [-117.3454, 36.13874],
          [-117.34164, 36.14094],
          [-117.32054, 36.16477],
          [-117.31883, 36.16671],
          [-117.29374, 36.18142],
          [-117.28403, 36.19236],
          [-117.27091, 36.20717],
          [-117.2612, 36.21811],
          [-117.24806, 36.23292],
          [-117.23835, 36.24386],
          [-117.22521, 36.25866],
          [-117.20385, 36.27115],
          [-117.20008, 36.27335],
          [-117.17559, 36.29117],
          [-117.15358, 36.30052],
          [-117.14981, 36.30273],
          [-117.12466, 36.31741],
          [-117.10328, 36.32988],
          [-117.09985, 36.33374],
          [-117.08037, 36.35559],
          [-117.0766, 36.35779],
          [-117.05143, 36.37246],
          [-117.03003, 36.38492],
          [-117.02659, 36.38878],
          [-117.00709, 36.41062],
          [-117.00332, 36.41282],
          [-116.97812, 36.42747],
          [-116.9567, 36.43992],
          [-116.95326, 36.44377],
          [-116.93374, 36.4656],
          [-116.93029, 36.46945],
          [-116.91076, 36.49128],
          [-116.91524, 36.51335],
          [-116.91179, 36.5172],
          [-116.89225, 36.53902],
          [-116.89673, 36.56109],
          [-116.9012, 36.58316],
          [-116.90362, 36.6055],
          [-116.90223, 36.60908],
          [-116.88267, 36.63089],
          [-116.88715, 36.65295],
          [-116.8837, 36.6568],
          [-116.87581, 36.67708],
          [-116.86654, 36.70093],
          [-116.86514, 36.70451],
          [-116.84556, 36.72631],
          [-116.84177, 36.7285],
          [-116.81648, 36.74311],
          [-116.79498, 36.75552],
          [-116.79152, 36.75937],
          [-116.77191, 36.78115],
          [-116.76845, 36.785],
          [-116.74883, 36.80678],
          [-116.74537, 36.81062],
          [-116.73745, 36.83088],
          [-116.72416, 36.84561],
          [-116.71435, 36.85649],
          [-116.70106, 36.87122],
          [-116.69124, 36.8821],
          [-116.67709, 36.8926],
          [-116.65433, 36.90948],
          [-116.65293, 36.91305],
          [-116.64889, 36.9328],
          [-116.63563, 36.95712],
          [-116.63423, 36.96069],
          [-116.63019, 36.98043],
          [-116.62543, 37.00365],
          [-116.62136, 37.02679],
          [-116.6258, 37.04882],
          [-116.62439, 37.05239],
          [-116.61643, 37.07263],
          [-116.63195, 37.08985],
          [-116.63469, 37.09289],
          [-116.6412, 37.11465],
          [-116.66847, 37.13036],
          [-116.67328, 37.13313],
          [-116.70056, 37.14883],
          [-116.70537, 37.1516],
          [-116.70983, 37.17362],
          [-116.73712, 37.18932],
          [-116.74194, 37.19209],
          [-116.76924, 37.20777],
          [-116.77406, 37.21054],
          [-116.77854, 37.23256],
          [-116.77506, 37.23639],
          [-116.75536, 37.25813],
          [-116.75188, 37.26197],
          [-116.72422, 37.26553],
          [-116.69656, 37.26909],
          [-116.6689, 37.27264],
          [-116.64123, 37.27618],
          [-116.61546, 37.28908],
          [-116.59383, 37.30145],
          [-116.59034, 37.30528],
          [-116.56267, 37.30881],
          [-116.54291, 37.33052],
          [-116.54735, 37.35253],
          [-116.57466, 37.36824],
          [-116.60235, 37.36471],
          [-116.60717, 37.36748],
          [-116.6345, 37.38318],
          [-116.66219, 37.37963],
          [-116.68988, 37.37608],
          [-116.71791, 37.37418],
          [-116.72239, 37.3753],
          [-116.74974, 37.39097],
          [-116.77743, 37.38741],
          [-116.80512, 37.38385],
          [-116.80995, 37.38661],
          [-116.8373, 37.40227],
          [-116.84213, 37.40504],
          [-116.8695, 37.42069],
          [-116.87433, 37.42346],
          [-116.87884, 37.44545],
          [-116.87536, 37.44929],
          [-116.85564, 37.47102],
          [-116.85216, 37.47486],
          [-116.82445, 37.47843],
          [-116.80472, 37.50016],
          [-116.80123, 37.50399],
          [-116.78149, 37.52571],
          [-116.80888, 37.54137],
          [-116.81371, 37.54413],
          [-116.84111, 37.55979],
          [-116.84595, 37.56255],
          [-116.87144, 37.56885],
          [-116.90143, 37.57626],
          [-116.90593, 37.57737],
          [-116.93335, 37.59301],
          [-116.93819, 37.59577],
          [-116.96562, 37.6114],
          [-116.96839, 37.61442],
          [-116.96698, 37.61799],
          [-116.95905, 37.63819],
          [-116.9497, 37.66196],
          [-116.9483, 37.66553],
          [-116.94036, 37.68573],
          [-116.93309, 37.70922],
          [-116.93762, 37.73119],
          [-116.93414, 37.73502],
          [-116.90636, 37.7386],
          [-116.87858, 37.74218],
          [-116.87374, 37.73942],
          [-116.84629, 37.72379],
          [-116.81851, 37.72735],
          [-116.79873, 37.74906],
          [-116.80324, 37.77103],
          [-116.83069, 37.78666],
          [-116.83554, 37.78942],
          [-116.86108, 37.79572],
          [-116.8908, 37.80148],
          [-116.91859, 37.7979],
          [-116.94638, 37.79432],
          [-116.97417, 37.79073],
          [-117.00003, 37.7778],
          [-117.02974, 37.78354],
          [-117.05753, 37.77994],
          [-117.08565, 37.77798],
          [-117.11343, 37.77437],
          [-117.14121, 37.77075],
          [-117.16899, 37.76713],
          [-117.19676, 37.7635],
          [-117.20127, 37.76461],
          [-117.22683, 37.77085],
          [-117.2546, 37.76722],
          [-117.28468, 37.77456],
          [-117.28919, 37.77566],
          [-117.31672, 37.79122],
          [-117.34484, 37.78922],
          [-117.34935, 37.79031],
          [-117.37689, 37.80586],
          [-117.38175, 37.80861],
          [-117.40733, 37.81483],
          [-117.43708, 37.82049],
          [-117.44195, 37.82323],
          [-117.46753, 37.82944],
          [-117.49729, 37.83509],
          [-117.52399, 37.8263],
          [-117.55176, 37.82261],
          [-117.58098, 37.82569],
          [-117.58549, 37.82679],
          [-117.61308, 37.8423],
          [-117.61586, 37.84531],
          [-117.64589, 37.86218],
          [-117.64763, 37.86364],
          [-117.66691, 37.88363],
          [-117.6716, 37.90556],
          [-117.67629, 37.92749],
          [-117.6921, 37.94456],
          [-117.69489, 37.94757],
          [-117.69959, 37.96949],
          [-117.70429, 37.99141],
          [-117.70899, 38.01333],
          [-117.7137, 38.03525],
          [-117.7184, 38.05717],
          [-117.71667, 38.05909],
          [-117.69029, 38.06955],
          [-117.66245, 38.07325],
          [-117.63305, 38.06964],
          [-117.62864, 38.0691],
          [-117.60298, 38.06292],
          [-117.5738, 38.06031],
          [-117.55645, 38.05612],
          [-117.54362, 38.05303],
          [-117.51462, 38.05122],
          [-117.48451, 38.04421],
          [-117.4801, 38.04366],
          [-117.45512, 38.04057],
          [-117.42663, 38.04113],
          [-117.39879, 38.04478],
          [-117.37709, 38.05721],
          [-117.37326, 38.0594],
          [-117.34774, 38.07401],
          [-117.31989, 38.07765],
          [-117.29818, 38.09007],
          [-117.29469, 38.0939],
          [-117.28678, 38.11408],
          [-117.2914, 38.136],
          [-117.29069, 38.15861],
          [-117.28266, 38.17261],
          [-117.26093, 38.18501],
          [-117.25698, 38.18665],
          [-117.22909, 38.19028],
          [-117.20132, 38.19445],
          [-117.17574, 38.20903],
          [-117.16979, 38.21937],
          [-117.1558, 38.24369],
          [-117.15475, 38.24551],
          [-117.1461, 38.26745],
          [-117.13439, 38.28509],
          [-117.12383, 38.29283],
          [-117.11042, 38.3075],
          [-117.08864, 38.31988],
          [-117.0848, 38.32206],
          [-117.05916, 38.33661],
          [-117.04924, 38.34745],
          [-117.03986, 38.37115],
          [-117.04374, 38.39314],
          [-117.04269, 38.39496],
          [-117.02108, 38.41854],
          [-117.01915, 38.41963],
          [-116.99117, 38.42305],
          [-116.98684, 38.42294],
          [-116.9621, 38.42133],
          [-116.93252, 38.41707],
          [-116.90274, 38.41188],
          [-116.89841, 38.41176],
          [-116.87401, 38.41169],
          [-116.84605, 38.41525],
          [-116.82293, 38.42138],
          [-116.81897, 38.42301],
          [-116.79252, 38.43387],
          [-116.76543, 38.44161],
          [-116.7352, 38.43421],
          [-116.70723, 38.43775],
          [-116.68554, 38.46128],
          [-116.68378, 38.46318],
          [-116.66207, 38.48671],
          [-116.66031, 38.48862],
          [-116.64722, 38.51105],
          [-116.6424, 38.53413],
          [-116.64168, 38.53759],
          [-116.64075, 38.5568],
          [-116.63966, 38.5794],
          [-116.64158, 38.60162],
          [-116.65309, 38.62262],
          [-116.66288, 38.64048],
          [-116.66566, 38.6435],
          [-116.68816, 38.66312],
          [-116.69803, 38.67142],
          [-116.71137, 38.68264],
          [-116.73285, 38.7007],
          [-116.73459, 38.70217],
          [-116.7528, 38.72232],
          [-116.75733, 38.74419],
          [-116.75486, 38.76695],
          [-116.74941, 38.78055],
          [-116.74339, 38.79084],
          [-116.72922, 38.81507],
          [-116.72815, 38.81689],
          [-116.70639, 38.84038],
          [-116.70496, 38.84392],
          [-116.69688, 38.86401],
          [-116.68948, 38.88737],
          [-116.6919, 38.9095],
          [-116.69048, 38.91304],
          [-116.68239, 38.93312],
          [-116.67287, 38.95674],
          [-116.6711, 38.95864],
          [-116.6459, 38.97618],
          [-116.62329, 38.98536],
          [-116.61975, 38.98917],
          [-116.61164, 39.00924],
          [-116.6021, 39.03284],
          [-116.60033, 39.03475],
          [-116.57446, 39.04918],
          [-116.56442, 39.05995],
          [-116.55486, 39.08355],
          [-116.55343, 39.08709],
          [-116.53334, 39.10863],
          [-116.52979, 39.11243],
          [-116.50164, 39.11593],
          [-116.48154, 39.13746],
          [-116.47799, 39.14126],
          [-116.44982, 39.14475],
          [-116.42166, 39.14823],
          [-116.40153, 39.16975],
          [-116.39798, 39.17355],
          [-116.37171, 39.18631],
          [-116.34966, 39.19854],
          [-116.34577, 39.2007],
          [-116.31982, 39.21508],
          [-116.29776, 39.2273],
          [-116.29387, 39.22946],
          [-116.26601, 39.23455],
          [-116.23782, 39.238],
          [-116.20962, 39.24145],
          [-116.18143, 39.24489],
          [-116.16123, 39.26638],
          [-116.15766, 39.27017],
          [-116.13746, 39.29165],
          [-116.13389, 39.29544],
          [-116.11367, 39.31691],
          [-116.11011, 39.3207],
          [-116.08988, 39.34217],
          [-116.09431, 39.36399],
          [-116.09874, 39.38582],
          [-116.12651, 39.40146],
          [-116.15475, 39.39803],
          [-116.15965, 39.40079],
          [-116.1641, 39.42261],
          [-116.16053, 39.4264],
          [-116.13228, 39.42983],
          [-116.10403, 39.43325],
          [-116.08378, 39.45471],
          [-116.08021, 39.45849],
          [-116.05195, 39.46191],
          [-116.03168, 39.48336],
          [-116.02777, 39.48551],
          [-116.00171, 39.49982],
          [-115.97955, 39.51199],
          [-115.97564, 39.51414],
          [-115.95356, 39.53746],
          [-115.95177, 39.53935],
          [-115.92968, 39.56267],
          [-115.92822, 39.56619],
          [-115.91993, 39.58617],
          [-115.90619, 39.60066],
          [-115.884, 39.61281],
          [-115.88041, 39.61659],
          [-115.86008, 39.638],
          [-115.85616, 39.64014],
          [-115.82818, 39.64516],
          [-115.80783, 39.66656],
          [-115.80391, 39.6687],
          [-115.78176, 39.69198],
          [-115.77996, 39.69387],
          [-115.75381, 39.70814],
          [-115.74363, 39.71883],
          [-115.72984, 39.7333],
          [-115.71965, 39.74399],
          [-115.70586, 39.75845],
          [-115.69566, 39.76914],
          [-115.68797, 39.79236],
          [-115.69021, 39.8144],
          [-115.69457, 39.83619],
          [-115.70107, 39.85773],
          [-115.70331, 39.87976],
          [-115.70768, 39.90154],
          [-115.70588, 39.90343],
          [-115.68365, 39.92667],
          [-115.68218, 39.93019],
          [-115.66174, 39.95154],
          [-115.65814, 39.95531],
          [-115.63769, 39.97666],
          [-115.63376, 39.9788],
          [-115.60752, 39.99302],
          [-115.59729, 40.00369],
          [-115.58743, 40.02713],
          [-115.58595, 40.03064],
          [-115.57756, 40.05056],
          [-115.56769, 40.07399],
          [-115.56588, 40.07587],
          [-115.53961, 40.09008],
          [-115.51727, 40.10215],
          [-115.51333, 40.10428],
          [-115.48477, 40.10705],
          [-115.48028, 40.10646],
          [-115.45426, 40.10003],
          [-115.4258, 40.10333],
          [-115.39735, 40.10664],
          [-115.38709, 40.11729],
          [-115.37717, 40.1407],
          [-115.37535, 40.14258],
          [-115.36178, 40.16474],
          [-115.3566, 40.18759],
          [-115.35582, 40.19102],
          [-115.34738, 40.21091],
          [-115.33347, 40.22531],
          [-115.32319, 40.23596],
          [-115.30928, 40.25035],
          [-115.28688, 40.26239],
          [-115.28282, 40.26396],
          [-115.25657, 40.27866],
          [-115.24628, 40.28929],
          [-115.23235, 40.30368],
          [-115.22609, 40.31385],
          [-115.22634, 40.33606],
          [-115.21636, 40.35943],
          [-115.21486, 40.36294],
          [-115.19425, 40.38419],
          [-115.19061, 40.38794],
          [-115.16998, 40.40919],
          [-115.16634, 40.41294],
          [-115.14571, 40.43418],
          [-115.14998, 40.45592],
          [-115.14634, 40.45967],
          [-115.13784, 40.47952],
          [-115.12997, 40.50263],
          [-115.13424, 40.52436],
          [-115.1306, 40.5281],
          [-115.10993, 40.54933],
          [-115.1142, 40.57105],
          [-115.11056, 40.5748],
          [-115.08988, 40.59601],
          [-115.09415, 40.61773],
          [-115.0905, 40.62147],
          [-115.06981, 40.64269],
          [-115.07407, 40.6644],
          [-115.07042, 40.66814],
          [-115.04972, 40.68934],
          [-115.05398, 40.71105],
          [-115.05033, 40.71479],
          [-115.02961, 40.73599],
          [-115.03387, 40.75769],
          [-115.03021, 40.76143],
          [-115.00156, 40.76466],
          [-114.97291, 40.76788],
          [-114.94606, 40.78032],
          [-114.9235, 40.79227],
          [-114.91952, 40.79438],
          [-114.89298, 40.80844],
          [-114.88259, 40.81903],
          [-114.87464, 40.84208],
          [-114.87097, 40.84582],
          [-114.85019, 40.86698],
          [-114.84652, 40.87071],
          [-114.82573, 40.89187],
          [-114.82996, 40.91356],
          [-114.82629, 40.91729],
          [-114.80548, 40.93843],
          [-114.80181, 40.94217],
          [-114.7731, 40.94535],
          [-114.74439, 40.94854],
          [-114.73945, 40.94576],
          [-114.71326, 40.93925],
          [-114.68455, 40.94242],
          [-114.65406, 40.93637],
          [-114.62712, 40.94875],
          [-114.60449, 40.96066],
          [-114.60081, 40.96438],
          [-114.57387, 40.97675],
          [-114.55122, 40.98865],
          [-114.54754, 40.99237],
          [-114.51881, 40.99552],
          [-114.49792, 41.01662],
          [-114.49424, 41.02035],
          [-114.47334, 41.04144],
          [-114.4775, 41.06312],
          [-114.48166, 41.0848],
          [-114.48582, 41.10647],
          [-114.48998, 41.12815],
          [-114.49415, 41.14982],
          [-114.49832, 41.17148],
          [-114.50249, 41.19315],
          [-114.49879, 41.19687],
          [-114.47786, 41.21794],
          [-114.47417, 41.22166],
          [-114.44537, 41.22479],
          [-114.41657, 41.22792],
          [-114.39562, 41.24898],
          [-114.39192, 41.2527],
          [-114.37095, 41.27376],
          [-114.37294, 41.29564],
          [-114.3714, 41.29913],
          [-114.35042, 41.32018],
          [-114.34672, 41.32389],
          [-114.33799, 41.34361],
          [-114.32771, 41.36682],
          [-114.32585, 41.36867],
          [-114.303, 41.39156],
          [-114.30146, 41.39504],
          [-114.29271, 41.41476],
          [-114.27849, 41.42898],
          [-114.26798, 41.4395],
          [-114.25984, 41.46245],
          [-114.25613, 41.46616],
          [-114.23509, 41.48717],
          [-114.23922, 41.50881],
          [-114.26728, 41.52456],
          [-114.27224, 41.52734],
          [-114.30031, 41.54309],
          [-114.3292, 41.53999],
          [-114.33416, 41.54277],
          [-114.36225, 41.55851],
          [-114.39114, 41.5554],
          [-114.42003, 41.55228],
          [-114.42499, 41.55506],
          [-114.4531, 41.57078],
          [-114.48199, 41.56765],
          [-114.48696, 41.57043],
          [-114.51508, 41.58614],
          [-114.52004, 41.58891],
          [-114.54817, 41.60462],
          [-114.55313, 41.60739],
          [-114.55733, 41.629],
          [-114.55363, 41.63271],
          [-114.53262, 41.65374],
          [-114.53681, 41.67535],
          [-114.54101, 41.69695],
          [-114.54521, 41.71855],
          [-114.57338, 41.73424],
          [-114.57618, 41.73724],
          [-114.58256, 41.7586],
          [-114.58677, 41.78019],
          [-114.59099, 41.80178],
          [-114.61919, 41.81746],
          [-114.62416, 41.82022],
          [-114.62839, 41.8418],
          [-114.6566, 41.85747],
          [-114.66158, 41.86023],
          [-114.66582, 41.88181],
          [-114.67005, 41.90338],
          [-114.67211, 41.92519],
          [-114.67057, 41.92866],
          [-114.64953, 41.94967],
          [-114.65376, 41.97124],
          [-114.65005, 41.97495],
          [-114.62898, 41.99595],
          [-114.63322, 42.01751],
          [-114.63745, 42.03907],
          [-114.65402, 42.05929],
          [-114.66996, 42.07627],
          [-114.67278, 42.07926],
          [-114.67702, 42.10081],
          [-114.68127, 42.12236],
          [-114.68552, 42.1439],
          [-114.68397, 42.14737],
          [-114.67523, 42.16702],
          [-114.66495, 42.19013],
          [-114.66341, 42.19359],
          [-114.65466, 42.21324],
          [-114.64436, 42.23634],
          [-114.6425, 42.23819],
          [-114.61952, 42.26101],
          [-114.61797, 42.26447],
          [-114.60921, 42.28411],
          [-114.5989, 42.3072],
          [-114.59735, 42.31066],
          [-114.58858, 42.33028],
          [-114.57826, 42.35337],
          [-114.5764, 42.35522],
          [-114.56235, 42.37705],
          [-114.55362, 42.39062],
          [-114.54716, 42.40065],
          [-114.53197, 42.42424],
          [-114.53083, 42.42601],
          [-114.50778, 42.44879],
          [-114.50623, 42.45225],
          [-114.49743, 42.47185],
          [-114.48707, 42.49491],
          [-114.48551, 42.49837],
          [-114.47671, 42.51797],
          [-114.46634, 42.54102],
          [-114.46478, 42.54448],
          [-114.45597, 42.56407],
          [-114.44778, 42.58688],
          [-114.452, 42.60837],
          [-114.46863, 42.62854],
          [-114.48463, 42.64548],
          [-114.48964, 42.64823],
          [-114.49387, 42.66971],
          [-114.51052, 42.68987],
          [-114.52654, 42.7068],
          [-114.52937, 42.70979],
          [-114.53361, 42.73126],
          [-114.53785, 42.75273],
          [-114.53629, 42.75618],
          [-114.52747, 42.77575],
          [-114.51928, 42.79854],
          [-114.52133, 42.82023],
          [-114.51977, 42.82368],
          [-114.4985, 42.84456],
          [-114.49475, 42.84825],
          [-114.48591, 42.8678],
          [-114.47551, 42.89081],
          [-114.47395, 42.89426],
          [-114.46511, 42.91381],
          [-114.46373, 42.93585],
          [-114.45493, 42.94937],
          [-114.44843, 42.95936],
          [-114.43386, 42.98278],
          [-114.43229, 42.98623],
          [-114.42343, 43.00577],
          [-114.40901, 43.01987],
          [-114.38588, 43.03161],
          [-114.3818, 43.03368],
          [-114.35857, 43.05635],
          [-114.35669, 43.05819],
          [-114.33345, 43.08086],
          [-114.33157, 43.0827],
          [-114.30832, 43.10536],
          [-114.30643, 43.1072],
          [-114.29223, 43.12891],
          [-114.28339, 43.14241],
          [-114.2727, 43.15281],
          [-114.25823, 43.16689],
          [-114.23505, 43.1786],
          [-114.23096, 43.18066],
          [-114.20368, 43.19443],
          [-114.19298, 43.20483],
          [-114.17849, 43.21889],
          [-114.16778, 43.22929],
          [-114.15653, 43.2523],
          [-114.15569, 43.25566],
          [-114.14675, 43.27515],
          [-114.13622, 43.29808],
          [-114.13464, 43.30152],
          [-114.12986, 43.32057],
          [-114.12423, 43.34299],
          [-114.11536, 43.35645],
          [-114.10462, 43.36684],
          [-114.09408, 43.38975],
          [-114.0925, 43.39318],
          [-114.07102, 43.41394],
          [-114.06723, 43.4176],
          [-114.04574, 43.43836],
          [-114.0499, 43.45974],
          [-114.04611, 43.4634],
          [-114.0246, 43.48415],
          [-114.02877, 43.50553],
          [-114.03293, 43.5269],
          [-114.02913, 43.53056],
          [-114.00761, 43.5513],
          [-114.01177, 43.57267],
          [-114.01594, 43.59403],
          [-114.01789, 43.61563],
          [-114.0163, 43.61906],
          [-114.0073, 43.63849],
          [-113.99892, 43.66113],
          [-114.00309, 43.68249],
          [-114.00725, 43.70384],
          [-114.01142, 43.72519],
          [-114.02815, 43.74526],
          [-114.01977, 43.76788],
          [-114.02394, 43.78922],
          [-114.02013, 43.79288],
          [-113.99855, 43.81357],
          [-113.99474, 43.81723],
          [-113.97315, 43.83792],
          [-113.96933, 43.84157],
          [-113.94773, 43.86225],
          [-113.94392, 43.8659],
          [-113.9223, 43.88658],
          [-113.92646, 43.9079],
          [-113.93062, 43.92923],
          [-113.9268, 43.93288],
          [-113.90517, 43.95354],
          [-113.90933, 43.97486],
          [-113.91349, 43.99617],
          [-113.91765, 44.01748],
          [-113.94638, 44.03305],
          [-113.95145, 44.0358],
          [-113.95562, 44.0571],
          [-113.95979, 44.0784],
          [-113.96397, 44.0997],
          [-113.96814, 44.121],
          [-113.97232, 44.14229],
          [-113.9765, 44.16358],
          [-113.98068, 44.18486],
          [-113.98487, 44.20615],
          [-113.98905, 44.22743],
          [-113.99324, 44.2487],
          [-113.9952, 44.2702],
          [-113.99939, 44.29147],
          [-113.99779, 44.29489],
          [-113.97609, 44.31551],
          [-113.97805, 44.337],
          [-113.97645, 44.34042],
          [-113.95473, 44.36103],
          [-113.9509, 44.36467],
          [-113.94581, 44.36193],
          [-113.91699, 44.3464],
          [-113.88725, 44.34938],
          [-113.88217, 44.34664],
          [-113.85336, 44.3311],
          [-113.82362, 44.33407],
          [-113.81452, 44.35341],
          [-113.80603, 44.37593],
          [-113.80219, 44.37957],
          [-113.79308, 44.3989],
          [-113.78458, 44.42142],
          [-113.78074, 44.42505],
          [-113.77162, 44.44437],
          [-113.76311, 44.46688],
          [-113.76503, 44.48835],
          [-113.7673, 44.5]
        ]
      }
    },
    {
      "type": "Feature",
      "id": "2026090606_f024_12000_001",
      "properties": {
        "product_id": "winter_storm_levels",
        "source_id": "nbm_snow_level",
        "parameter": "snow_level",
        "definition": "height of the wet-bulb 0.5 degree C surface",
        "level_ft_msl": 12000,
        "label": "12,000 ft MSL",
        "unit": "ft_msl",
        "cycle_time_utc": "2026-09-06T06:00:00Z",
        "valid_time_utc": "2026-09-07T06:00:00Z",
        "lead_hours": 24,
        "segment": 1,
        "length_m": 30949.6
      },
      "geometry": {
        "type": "LineString",
        "coordinates": [
          [-113.65035, 38.63762],
          [-113.64914, 38.63887],
          [-113.64754, 38.63792],
          [-113.61714, 38.61995],
          [-113.61554, 38.619],
          [-113.58515, 38.60102],
          [-113.58425, 38.59999],
          [-113.57967, 38.5781],
          [-113.5758, 38.55613],
          [-113.57192, 38.53416],
          [-113.57314, 38.53291],
          [-113.60122, 38.52988],
          [-113.60282, 38.53083],
          [-113.63319, 38.54882],
          [-113.63479, 38.54976],
          [-113.63868, 38.57173],
          [-113.64257, 38.5937],
          [-113.64646, 38.61566],
          [-113.65035, 38.63762]
        ]
      }
    },
    {
      "type": "Feature",
      "id": "2026090606_f024_12000_002",
      "properties": {
        "product_id": "winter_storm_levels",
        "source_id": "nbm_snow_level",
        "parameter": "snow_level",
        "definition": "height of the wet-bulb 0.5 degree C surface",
        "level_ft_msl": 12000,
        "label": "12,000 ft MSL",
        "unit": "ft_msl",
        "cycle_time_utc": "2026-09-06T06:00:00Z",
        "valid_time_utc": "2026-09-07T06:00:00Z",
        "lead_hours": 24,
        "segment": 2,
        "length_m": 37481.7
      },
      "geometry": {
        "type": "LineString",
        "coordinates": [
          [-114.06892, 39.99809],
          [-114.06831, 39.99871],
          [-114.03994, 40.00234],
          [-114.01147, 40.00542],
          [-113.983, 40.0085],
          [-113.98137, 40.00756],
          [-113.95052, 39.98976],
          [-113.94984, 39.98872],
          [-113.9456, 39.96693],
          [-113.9416, 39.94511],
          [-113.9376, 39.9233],
          [-113.93811, 39.92213],
          [-113.96133, 39.89848],
          [-113.96255, 39.89724],
          [-113.96417, 39.89817],
          [-113.99501, 39.91598],
          [-113.99663, 39.91692],
          [-114.02747, 39.93472],
          [-114.0291, 39.93566],
          [-114.05995, 39.95345],
          [-114.06157, 39.95439],
          [-114.0656, 39.9762],
          [-114.06892, 39.99809]
        ]
      }
    },
    {
      "type": "Feature",
      "id": "2026090606_f024_12000_003",
      "properties": {
        "product_id": "winter_storm_levels",
        "source_id": "nbm_snow_level",
        "parameter": "snow_level",
        "definition": "height of the wet-bulb 0.5 degree C surface",
        "level_ft_msl": 12000,
        "label": "12,000 ft MSL",
        "unit": "ft_msl",
        "cycle_time_utc": "2026-09-06T06:00:00Z",
        "valid_time_utc": "2026-09-07T06:00:00Z",
        "lead_hours": 24,
        "segment": 3,
        "length_m": 48061
      },
      "geometry": {
        "type": "LineString",
        "coordinates": [
          [-114.12409, 39.74722],
          [-114.12006, 39.72538],
          [-114.11603, 39.70355],
          [-114.09852, 39.68318],
          [-114.0969, 39.68224],
          [-114.07959, 39.66296],
          [-114.06259, 39.65311],
          [-114.03373, 39.64567],
          [-114.03221, 39.64528],
          [-114.00383, 39.64837],
          [-114.00322, 39.64899],
          [-113.97946, 39.67329],
          [-113.97908, 39.67389],
          [-113.97362, 39.69676],
          [-113.96816, 39.71963],
          [-113.96296, 39.74135],
          [-113.96269, 39.74249],
          [-113.96645, 39.76436],
          [-113.96736, 39.76537],
          [-113.99816, 39.78319],
          [-113.99978, 39.78413],
          [-114.03009, 39.79142],
          [-114.05851, 39.78833],
          [-114.08692, 39.78524],
          [-114.11341, 39.77177],
          [-114.11463, 39.77053],
          [-114.12409, 39.74722]
        ]
      }
    },
    {
      "type": "Feature",
      "id": "2026090606_f024_12000_004",
      "properties": {
        "product_id": "winter_storm_levels",
        "source_id": "nbm_snow_level",
        "parameter": "snow_level",
        "definition": "height of the wet-bulb 0.5 degree C surface",
        "level_ft_msl": 12000,
        "label": "12,000 ft MSL",
        "unit": "ft_msl",
        "cycle_time_utc": "2026-09-06T06:00:00Z",
        "valid_time_utc": "2026-09-07T06:00:00Z",
        "lead_hours": 24,
        "segment": 4,
        "length_m": 14016.8
      },
      "geometry": {
        "type": "LineString",
        "coordinates": [
          [-114.30903, 39.25848],
          [-114.30782, 39.25974],
          [-114.28481, 39.2835],
          [-114.28886, 39.30538],
          [-114.28765, 39.30663],
          [-114.28674, 39.30561],
          [-114.28199, 39.28381],
          [-114.27794, 39.26193],
          [-114.27915, 39.26068],
          [-114.30741, 39.25755],
          [-114.30903, 39.25848]
        ]
      }
    },
    {
      "type": "Feature",
      "id": "2026090606_f024_12000_005",
      "properties": {
        "product_id": "winter_storm_levels",
        "source_id": "nbm_snow_level",
        "parameter": "snow_level",
        "definition": "height of the wet-bulb 0.5 degree C surface",
        "level_ft_msl": 12000,
        "label": "12,000 ft MSL",
        "unit": "ft_msl",
        "cycle_time_utc": "2026-09-06T06:00:00Z",
        "valid_time_utc": "2026-09-07T06:00:00Z",
        "lead_hours": 24,
        "segment": 5,
        "length_m": 67245.8
      },
      "geometry": {
        "type": "LineString",
        "coordinates": [
          [-114.39112, 38.98116],
          [-114.39072, 39.00357],
          [-114.38139, 39.02697],
          [-114.38018, 39.02823],
          [-114.35188, 39.03083],
          [-114.35143, 39.03032],
          [-114.32846, 39.01053],
          [-114.31825, 39.00458],
          [-114.30586, 38.99069],
          [-114.28862, 38.97025],
          [-114.27943, 38.95003],
          [-114.27899, 38.94896],
          [-114.27027, 38.92756],
          [-114.26624, 38.90565],
          [-114.25889, 38.8841],
          [-114.25349, 38.86233],
          [-114.24946, 38.8404],
          [-114.24914, 38.81806],
          [-114.25294, 38.80589],
          [-114.2644, 38.79398],
          [-114.27705, 38.78082],
          [-114.30519, 38.77768],
          [-114.33534, 38.7855],
          [-114.33614, 38.78597],
          [-114.35425, 38.80632],
          [-114.37146, 38.82565],
          [-114.37213, 38.8267],
          [-114.37618, 38.84862],
          [-114.38023, 38.87054],
          [-114.38417, 38.89247],
          [-114.38402, 38.89361],
          [-114.38118, 38.91518],
          [-114.38524, 38.93709],
          [-114.38706, 38.95925],
          [-114.39112, 38.98116]
        ]
      }
    },
    {
      "type": "Feature",
      "id": "2026090606_f024_12000_006",
      "properties": {
        "product_id": "winter_storm_levels",
        "source_id": "nbm_snow_level",
        "parameter": "snow_level",
        "definition": "height of the wet-bulb 0.5 degree C surface",
        "level_ft_msl": 12000,
        "label": "12,000 ft MSL",
        "unit": "ft_msl",
        "cycle_time_utc": "2026-09-06T06:00:00Z",
        "valid_time_utc": "2026-09-07T06:00:00Z",
        "lead_hours": 24,
        "segment": 6,
        "length_m": 27451.1
      },
      "geometry": {
        "type": "LineString",
        "coordinates": [
          [-114.40148, 39.44911],
          [-114.40098, 39.45029],
          [-114.37267, 39.45343],
          [-114.34425, 39.45603],
          [-114.34274, 39.45564],
          [-114.31391, 39.44824],
          [-114.28357, 39.44044],
          [-114.283, 39.43994],
          [-114.27906, 39.41807],
          [-114.27921, 39.41693],
          [-114.30225, 39.39318],
          [-114.30346, 39.39193],
          [-114.30508, 39.39287],
          [-114.33389, 39.40028],
          [-114.35088, 39.41011],
          [-114.36819, 39.42938],
          [-114.36981, 39.43032],
          [-114.40057, 39.4481],
          [-114.40148, 39.44911]
        ]
      }
    },
    {
      "type": "Feature",
      "id": "2026090606_f024_12000_007",
      "properties": {
        "product_id": "winter_storm_levels",
        "source_id": "nbm_snow_level",
        "parameter": "snow_level",
        "definition": "height of the wet-bulb 0.5 degree C surface",
        "level_ft_msl": 12000,
        "label": "12,000 ft MSL",
        "unit": "ft_msl",
        "cycle_time_utc": "2026-09-06T06:00:00Z",
        "valid_time_utc": "2026-09-07T06:00:00Z",
        "lead_hours": 24,
        "segment": 7,
        "length_m": 99334.2
      },
      "geometry": {
        "type": "LineString",
        "coordinates": [
          [-114.4998, 39.6612],
          [-114.49858, 39.66245],
          [-114.47554, 39.68619],
          [-114.47432, 39.68744],
          [-114.45126, 39.71118],
          [-114.45536, 39.73301],
          [-114.45947, 39.75484],
          [-114.46357, 39.77666],
          [-114.46697, 39.79856],
          [-114.47107, 39.82038],
          [-114.47057, 39.82155],
          [-114.44748, 39.84527],
          [-114.44626, 39.84652],
          [-114.42316, 39.87024],
          [-114.42195, 39.87149],
          [-114.39352, 39.87463],
          [-114.3919, 39.8737],
          [-114.3878, 39.85188],
          [-114.38442, 39.82998],
          [-114.38493, 39.82881],
          [-114.39454, 39.80659],
          [-114.40464, 39.7832],
          [-114.40515, 39.78203],
          [-114.42824, 39.7583],
          [-114.42414, 39.73648],
          [-114.39329, 39.71873],
          [-114.39166, 39.71779],
          [-114.36082, 39.70004],
          [-114.33244, 39.70317],
          [-114.30935, 39.72689],
          [-114.30813, 39.72814],
          [-114.27975, 39.73127],
          [-114.25136, 39.73439],
          [-114.24973, 39.73345],
          [-114.24568, 39.71162],
          [-114.24162, 39.68978],
          [-114.24284, 39.68854],
          [-114.27121, 39.68541],
          [-114.29959, 39.68229],
          [-114.32796, 39.67915],
          [-114.35104, 39.65543],
          [-114.35226, 39.65418],
          [-114.37533, 39.63045],
          [-114.37654, 39.6292],
          [-114.4049, 39.62605],
          [-114.42795, 39.60231],
          [-114.42927, 39.60161],
          [-114.45761, 39.59845],
          [-114.45913, 39.59884],
          [-114.48996, 39.61659],
          [-114.49158, 39.61752],
          [-114.49569, 39.63936],
          [-114.4998, 39.6612]
        ]
      }
    },
    {
      "type": "Feature",
      "id": "2026090606_f024_12000_008",
      "properties": {
        "product_id": "winter_storm_levels",
        "source_id": "nbm_snow_level",
        "parameter": "snow_level",
        "definition": "height of the wet-bulb 0.5 degree C surface",
        "level_ft_msl": 12000,
        "label": "12,000 ft MSL",
        "unit": "ft_msl",
        "cycle_time_utc": "2026-09-06T06:00:00Z",
        "valid_time_utc": "2026-09-07T06:00:00Z",
        "lead_hours": 24,
        "segment": 8,
        "length_m": 36595.7
      },
      "geometry": {
        "type": "LineString",
        "coordinates": [
          [-114.6247, 38.03573],
          [-114.62063, 38.01373],
          [-114.59025, 37.99588],
          [-114.58865, 37.99494],
          [-114.58459, 37.97294],
          [-114.55422, 37.95507],
          [-114.52631, 37.95827],
          [-114.50364, 37.9822],
          [-114.50768, 38.0042],
          [-114.51173, 38.0262],
          [-114.51578, 38.0482],
          [-114.54617, 38.06607],
          [-114.5741, 38.06287],
          [-114.60203, 38.05967],
          [-114.6247, 38.03573]
        ]
      }
    },
    {
      "type": "Feature",
      "id": "2026090606_f024_12000_009",
      "properties": {
        "product_id": "winter_storm_levels",
        "source_id": "nbm_snow_level",
        "parameter": "snow_level",
        "definition": "height of the wet-bulb 0.5 degree C surface",
        "level_ft_msl": 12000,
        "label": "12,000 ft MSL",
        "unit": "ft_msl",
        "cycle_time_utc": "2026-09-06T06:00:00Z",
        "valid_time_utc": "2026-09-07T06:00:00Z",
        "lead_hours": 24,
        "segment": 9,
        "length_m": 15982
      },
      "geometry": {
        "type": "LineString",
        "coordinates": [
          [-114.95554, 39.92186],
          [-114.95433, 39.92311],
          [-114.93132, 39.94688],
          [-114.93011, 39.94813],
          [-114.9071, 39.9719],
          [-114.90589, 39.97315],
          [-114.90426, 39.97222],
          [-114.90076, 39.95035],
          [-114.90126, 39.94918],
          [-114.92427, 39.92541],
          [-114.92548, 39.92416],
          [-114.9539, 39.92093],
          [-114.95554, 39.92186]
        ]
      }
    },
    {
      "type": "Feature",
      "id": "2026090606_f024_12000_010",
      "properties": {
        "product_id": "winter_storm_levels",
        "source_id": "nbm_snow_level",
        "parameter": "snow_level",
        "definition": "height of the wet-bulb 0.5 degree C surface",
        "level_ft_msl": 12000,
        "label": "12,000 ft MSL",
        "unit": "ft_msl",
        "cycle_time_utc": "2026-09-06T06:00:00Z",
        "valid_time_utc": "2026-09-07T06:00:00Z",
        "lead_hours": 24,
        "segment": 10,
        "length_m": 26325.5
      },
      "geometry": {
        "type": "LineString",
        "coordinates": [
          [-115.12992, 39.25474],
          [-115.12073, 39.27815],
          [-115.11953, 39.27941],
          [-115.09671, 39.30328],
          [-115.0954, 39.30399],
          [-115.06726, 39.3078],
          [-115.03901, 39.31106],
          [-115.03738, 39.31012],
          [-115.03318, 39.28826],
          [-115.03438, 39.28701],
          [-115.05721, 39.26315],
          [-115.05842, 39.26189],
          [-115.08124, 39.23802],
          [-115.08244, 39.23676],
          [-115.11078, 39.23405],
          [-115.11159, 39.23451],
          [-115.12992, 39.25474]
        ]
      }
    },
    {
      "type": "Feature",
      "id": "2026090606_f024_12000_011",
      "properties": {
        "product_id": "winter_storm_levels",
        "source_id": "nbm_snow_level",
        "parameter": "snow_level",
        "definition": "height of the wet-bulb 0.5 degree C surface",
        "level_ft_msl": 12000,
        "label": "12,000 ft MSL",
        "unit": "ft_msl",
        "cycle_time_utc": "2026-09-06T06:00:00Z",
        "valid_time_utc": "2026-09-07T06:00:00Z",
        "lead_hours": 24,
        "segment": 11,
        "length_m": 206301.7
      },
      "geometry": {
        "type": "LineString",
        "coordinates": [
          [-115.34196, 39.45352],
          [-115.33769, 39.43169],
          [-115.33342, 39.40985],
          [-115.31501, 39.38965],
          [-115.31409, 39.38864],
          [-115.28319, 39.37102],
          [-115.28167, 39.37064],
          [-115.28037, 39.37135],
          [-115.25554, 39.38485],
          [-115.2294, 39.39906],
          [-115.22809, 39.39977],
          [-115.20527, 39.42364],
          [-115.17699, 39.42692],
          [-115.14871, 39.43019],
          [-115.12043, 39.43346],
          [-115.10298, 39.41426],
          [-115.09875, 39.39241],
          [-115.0804, 39.37219],
          [-115.07948, 39.37118],
          [-115.04863, 39.35351],
          [-115.047, 39.35258],
          [-115.0458, 39.35384],
          [-115.02294, 39.37769],
          [-115.02245, 39.37886],
          [-115.01252, 39.40234],
          [-115.01672, 39.42419],
          [-115.03507, 39.44441],
          [-115.03585, 39.44469],
          [-115.06417, 39.44162],
          [-115.09256, 39.43891],
          [-115.12085, 39.43564],
          [-115.15174, 39.45329],
          [-115.14254, 39.47668],
          [-115.14677, 39.49852],
          [-115.15101, 39.52036],
          [-115.14159, 39.54265],
          [-115.14109, 39.54383],
          [-115.11762, 39.5683],
          [-115.11701, 39.56892],
          [-115.10708, 39.59238],
          [-115.09765, 39.61467],
          [-115.09644, 39.61592],
          [-115.07354, 39.63975],
          [-115.04531, 39.64355],
          [-115.01686, 39.64625],
          [-114.98593, 39.6286],
          [-114.98441, 39.62821],
          [-114.95596, 39.63091],
          [-114.92563, 39.62377],
          [-114.89672, 39.61647],
          [-114.89519, 39.61609],
          [-114.86685, 39.61931],
          [-114.83851, 39.62253],
          [-114.81017, 39.62575],
          [-114.80886, 39.62645],
          [-114.78589, 39.65024],
          [-114.78468, 39.65149],
          [-114.78884, 39.67332],
          [-114.79047, 39.67425],
          [-114.82138, 39.69194],
          [-114.823, 39.69287],
          [-114.85392, 39.71054],
          [-114.85555, 39.71147],
          [-114.88648, 39.72914],
          [-114.88811, 39.73007],
          [-114.91904, 39.74773],
          [-114.92057, 39.74812],
          [-114.94905, 39.74543],
          [-114.98, 39.76308],
          [-114.98163, 39.76401],
          [-114.99911, 39.78319],
          [-115.00333, 39.805],
          [-115.00755, 39.82681],
          [-114.99807, 39.84906],
          [-114.99757, 39.85023],
          [-115.00109, 39.87211],
          [-115.00272, 39.87304],
          [-115.03102, 39.86925],
          [-115.03233, 39.86855],
          [-115.0573, 39.85511],
          [-115.06999, 39.84196],
          [-115.07945, 39.8197],
          [-115.07995, 39.81853],
          [-115.10349, 39.79409],
          [-115.1041, 39.79346],
          [-115.12763, 39.76902],
          [-115.12799, 39.76842],
          [-115.14266, 39.74444],
          [-115.14761, 39.72268],
          [-115.14811, 39.72151],
          [-115.15804, 39.69806],
          [-115.16747, 39.67579],
          [-115.16868, 39.67453],
          [-115.19156, 39.65069],
          [-115.19277, 39.64944],
          [-115.18852, 39.62762],
          [-115.19772, 39.60424],
          [-115.20714, 39.58195],
          [-115.20763, 39.58078],
          [-115.20409, 39.55887],
          [-115.22896, 39.54538],
          [-115.25727, 39.5421],
          [-115.28483, 39.53499],
          [-115.2982, 39.52562],
          [-115.30961, 39.51369],
          [-115.32222, 39.50049],
          [-115.3316, 39.47818],
          [-115.3321, 39.47701],
          [-115.34196, 39.45352]
        ]
      }
    },
    {
      "type": "Feature",
      "id": "2026090606_f024_12000_012",
      "properties": {
        "product_id": "winter_storm_levels",
        "source_id": "nbm_snow_level",
        "parameter": "snow_level",
        "definition": "height of the wet-bulb 0.5 degree C surface",
        "level_ft_msl": 12000,
        "label": "12,000 ft MSL",
        "unit": "ft_msl",
        "cycle_time_utc": "2026-09-06T06:00:00Z",
        "valid_time_utc": "2026-09-07T06:00:00Z",
        "lead_hours": 24,
        "segment": 12,
        "length_m": 460413.6
      },
      "geometry": {
        "type": "LineString",
        "coordinates": [
          [-115.43557, 38.97292],
          [-115.43508, 38.97409],
          [-115.40693, 38.97741],
          [-115.37868, 38.98018],
          [-115.35052, 38.9835],
          [-115.32722, 39.00806],
          [-115.32662, 39.00869],
          [-115.31246, 39.03217],
          [-115.30483, 39.04482],
          [-115.29347, 39.05678],
          [-115.2809, 39.06999],
          [-115.26954, 39.08195],
          [-115.26039, 39.10539],
          [-115.25919, 39.10665],
          [-115.25757, 39.10572],
          [-115.22878, 39.09846],
          [-115.19858, 39.09135],
          [-115.19696, 39.09042],
          [-115.16616, 39.07275],
          [-115.16525, 39.07174],
          [-115.14694, 39.0515],
          [-115.12955, 39.03226],
          [-115.12793, 39.03133],
          [-115.09716, 39.01365],
          [-115.09555, 39.01272],
          [-115.06479, 38.99502],
          [-115.0554, 39.01737],
          [-115.04622, 39.04081],
          [-115.04971, 39.06277],
          [-115.05391, 39.08466],
          [-115.05882, 39.10646],
          [-115.07641, 39.12679],
          [-115.06722, 39.15021],
          [-115.06602, 39.15147],
          [-115.03981, 39.16512],
          [-115.01226, 39.17184],
          [-114.98404, 39.17509],
          [-114.95583, 39.17833],
          [-114.93034, 39.18834],
          [-114.92903, 39.18905],
          [-114.92752, 39.18866],
          [-114.89674, 39.17096],
          [-114.89512, 39.17002],
          [-114.86436, 39.15231],
          [-114.86274, 39.15138],
          [-114.85858, 39.12949],
          [-114.82783, 39.11177],
          [-114.80498, 39.13562],
          [-114.80377, 39.13688],
          [-114.79431, 39.15919],
          [-114.78506, 39.1826],
          [-114.78385, 39.18385],
          [-114.77885, 39.20566],
          [-114.79174, 39.22542],
          [-114.79336, 39.22635],
          [-114.82216, 39.23368],
          [-114.85237, 39.24085],
          [-114.88061, 39.23762],
          [-114.90885, 39.23439],
          [-114.91047, 39.23532],
          [-114.94126, 39.25302],
          [-114.94218, 39.25403],
          [-114.9738, 39.27219],
          [-114.97531, 39.27258],
          [-114.97951, 39.29444],
          [-114.9782, 39.29515],
          [-114.95204, 39.30932],
          [-114.94061, 39.32124],
          [-114.92724, 39.3306],
          [-114.9024, 39.34796],
          [-114.90176, 39.3484],
          [-114.87628, 39.3662],
          [-114.86417, 39.37466],
          [-114.85079, 39.384],
          [-114.82592, 39.40135],
          [-114.82532, 39.40197],
          [-114.8018, 39.42642],
          [-114.80116, 39.42686],
          [-114.77564, 39.44464],
          [-114.76351, 39.45309],
          [-114.75011, 39.46242],
          [-114.73441, 39.4787],
          [-114.72596, 39.48747],
          [-114.71025, 39.50375],
          [-114.70484, 39.52668],
          [-114.70459, 39.52726],
          [-114.69022, 39.55064],
          [-114.68515, 39.57352],
          [-114.6893, 39.59536],
          [-114.69415, 39.61711],
          [-114.6983, 39.63895],
          [-114.72918, 39.65665],
          [-114.7308, 39.65758],
          [-114.73496, 39.67941],
          [-114.73375, 39.68066],
          [-114.71075, 39.70443],
          [-114.71491, 39.72626],
          [-114.7137, 39.72751],
          [-114.71207, 39.72658],
          [-114.68117, 39.70888],
          [-114.6528, 39.71207],
          [-114.65117, 39.71114],
          [-114.62029, 39.69342],
          [-114.61867, 39.69249],
          [-114.61453, 39.67066],
          [-114.61574, 39.66941],
          [-114.63876, 39.64565],
          [-114.63462, 39.62381],
          [-114.6312, 39.60189],
          [-114.62706, 39.58005],
          [-114.60877, 39.5598],
          [-114.60464, 39.53796],
          [-114.60547, 39.51556],
          [-114.60135, 39.49371],
          [-114.58779, 39.47292],
          [-114.58367, 39.45106],
          [-114.5708, 39.4313],
          [-114.57013, 39.43026],
          [-114.57039, 39.42912],
          [-114.5732, 39.4076],
          [-114.5734, 39.38525],
          [-114.57205, 39.36308],
          [-114.56518, 39.34152],
          [-114.55015, 39.32144],
          [-114.5497, 39.32093],
          [-114.53605, 39.30013],
          [-114.53195, 39.27826],
          [-114.52785, 39.25638],
          [-114.53559, 39.24379],
          [-114.54706, 39.23189],
          [-114.55973, 39.21873],
          [-114.56673, 39.20733],
          [-114.58121, 39.18335],
          [-114.58171, 39.18218],
          [-114.58675, 39.16038],
          [-114.60323, 39.14325],
          [-114.61086, 39.13531],
          [-114.62733, 39.11817],
          [-114.63943, 39.10972],
          [-114.6528, 39.10039],
          [-114.67762, 39.08304],
          [-114.67822, 39.08241],
          [-114.70508, 39.07209],
          [-114.73256, 39.06506],
          [-114.75738, 39.05161],
          [-114.75858, 39.05035],
          [-114.78142, 39.0265],
          [-114.77799, 39.00452],
          [-114.77408, 38.9826],
          [-114.76995, 38.9607],
          [-114.77021, 38.95955],
          [-114.7752, 38.93772],
          [-114.77106, 38.91582],
          [-114.77631, 38.89284],
          [-114.78062, 38.86996],
          [-114.77648, 38.84805],
          [-114.77305, 38.82606],
          [-114.77355, 38.82488],
          [-114.78298, 38.80253],
          [-114.79291, 38.779],
          [-114.78878, 38.75708],
          [-114.77059, 38.73677],
          [-114.75332, 38.71747],
          [-114.75277, 38.71641],
          [-114.74853, 38.6945],
          [-114.7375, 38.67336],
          [-114.74029, 38.65063],
          [-114.74055, 38.64948],
          [-114.74997, 38.62712],
          [-114.76255, 38.61391],
          [-114.78726, 38.60043],
          [-114.78856, 38.59972],
          [-114.81456, 38.58552],
          [-114.84263, 38.58229],
          [-114.87266, 38.58948],
          [-114.90072, 38.58624],
          [-114.92878, 38.58299],
          [-114.95684, 38.57974],
          [-114.95846, 38.58067],
          [-114.98907, 38.59842],
          [-114.99068, 38.59935],
          [-115.01932, 38.60667],
          [-115.04739, 38.60341],
          [-115.07744, 38.61056],
          [-115.07905, 38.61149],
          [-115.10969, 38.62921],
          [-115.11037, 38.63025],
          [-115.11457, 38.65218],
          [-115.11431, 38.65333],
          [-115.10496, 38.67571],
          [-115.09511, 38.69927],
          [-115.09462, 38.70045],
          [-115.08526, 38.72282],
          [-115.07271, 38.73605],
          [-115.06135, 38.74801],
          [-115.0488, 38.76123],
          [-115.04189, 38.77267],
          [-115.02554, 38.78988],
          [-115.01796, 38.79785],
          [-115.00363, 38.8219],
          [-115.00303, 38.82253],
          [-114.98882, 38.84601],
          [-114.993, 38.86792],
          [-115.0021, 38.88925],
          [-115.00629, 38.91115],
          [-115.01047, 38.93305],
          [-115.01466, 38.95495],
          [-115.03201, 38.9742],
          [-115.06017, 38.97094],
          [-115.08293, 38.94704],
          [-115.08413, 38.94578],
          [-115.11239, 38.94306],
          [-115.1132, 38.94353],
          [-115.14475, 38.96168],
          [-115.14627, 38.96206],
          [-115.17435, 38.96588],
          [-115.19976, 38.95583],
          [-115.20106, 38.95512],
          [-115.2271, 38.94088],
          [-115.23845, 38.92892],
          [-115.24829, 38.90538],
          [-115.24406, 38.88348],
          [-115.24455, 38.8823],
          [-115.25389, 38.85993],
          [-115.26643, 38.8467],
          [-115.29113, 38.83317],
          [-115.29243, 38.83245],
          [-115.32055, 38.82915],
          [-115.34869, 38.82602],
          [-115.35017, 38.82622],
          [-115.36778, 38.84655],
          [-115.38518, 38.86577],
          [-115.38586, 38.86681],
          [-115.3995, 38.8876],
          [-115.41314, 38.90839],
          [-115.42611, 38.92813],
          [-115.42703, 38.92914],
          [-115.4313, 38.95103],
          [-115.43557, 38.97292]
        ]
      }
    },
    {
      "type": "Feature",
      "id": "2026090606_f024_12000_013",
      "properties": {
        "product_id": "winter_storm_levels",
        "source_id": "nbm_snow_level",
        "parameter": "snow_level",
        "definition": "height of the wet-bulb 0.5 degree C surface",
        "level_ft_msl": 12000,
        "label": "12,000 ft MSL",
        "unit": "ft_msl",
        "cycle_time_utc": "2026-09-06T06:00:00Z",
        "valid_time_utc": "2026-09-07T06:00:00Z",
        "lead_hours": 24,
        "segment": 13,
        "length_m": 99484.7
      },
      "geometry": {
        "type": "LineString",
        "coordinates": [
          [-115.70835, 39.18673],
          [-115.70786, 39.18791],
          [-115.68519, 39.21187],
          [-115.684, 39.21313],
          [-115.67919, 39.23495],
          [-115.66471, 39.25904],
          [-115.66435, 39.25964],
          [-115.64106, 39.28421],
          [-115.64046, 39.28484],
          [-115.61716, 39.30941],
          [-115.61652, 39.30986],
          [-115.59117, 39.32777],
          [-115.56571, 39.33786],
          [-115.56435, 39.3383],
          [-115.53611, 39.34163],
          [-115.50788, 39.34506],
          [-115.47963, 39.34839],
          [-115.47815, 39.34819],
          [-115.44927, 39.34097],
          [-115.43219, 39.33124],
          [-115.4147, 39.31206],
          [-115.41308, 39.31113],
          [-115.40879, 39.28928],
          [-115.40522, 39.26734],
          [-115.40023, 39.24557],
          [-115.36936, 39.22795],
          [-115.36773, 39.22702],
          [-115.33687, 39.2094],
          [-115.33525, 39.20847],
          [-115.33645, 39.20721],
          [-115.35919, 39.1833],
          [-115.36039, 39.18204],
          [-115.3886, 39.17873],
          [-115.41133, 39.15481],
          [-115.41252, 39.15355],
          [-115.42185, 39.1312],
          [-115.43096, 39.10775],
          [-115.42739, 39.0858],
          [-115.42788, 39.08462],
          [-115.45606, 39.0813],
          [-115.48423, 39.07797],
          [-115.51241, 39.07464],
          [-115.51403, 39.07556],
          [-115.54488, 39.09317],
          [-115.57306, 39.08983],
          [-115.57468, 39.09076],
          [-115.60555, 39.10835],
          [-115.60717, 39.10928],
          [-115.63805, 39.12686],
          [-115.63968, 39.12779],
          [-115.67056, 39.14537],
          [-115.69875, 39.14201],
          [-115.70038, 39.14293],
          [-115.70472, 39.16479],
          [-115.70835, 39.18673]
        ]
      }
    },
    {
      "type": "Feature",
      "id": "2026090606_f024_12000_014",
      "properties": {
        "product_id": "winter_storm_levels",
        "source_id": "nbm_snow_level",
        "parameter": "snow_level",
        "definition": "height of the wet-bulb 0.5 degree C surface",
        "level_ft_msl": 12000,
        "label": "12,000 ft MSL",
        "unit": "ft_msl",
        "cycle_time_utc": "2026-09-06T06:00:00Z",
        "valid_time_utc": "2026-09-07T06:00:00Z",
        "lead_hours": 24,
        "segment": 14,
        "length_m": 2576686.6
      },
      "geometry": {
        "type": "LineString",
        "coordinates": [
          [-126.48699, 30.16258],
          [-126.48365, 30.16563],
          [-126.47341, 30.17513],
          [-126.46314, 30.1895],
          [-126.44169, 30.20498],
          [-126.44056, 30.20579],
          [-126.42148, 30.23247],
          [-126.42094, 30.23297],
          [-126.39839, 30.24944],
          [-126.37692, 30.26491],
          [-126.37579, 30.26573],
          [-126.35668, 30.29239],
          [-126.35619, 30.29308],
          [-126.33357, 30.30936],
          [-126.31208, 30.32482],
          [-126.31095, 30.32563],
          [-126.29182, 30.35229],
          [-126.29128, 30.35278],
          [-126.26869, 30.36924],
          [-126.24717, 30.38469],
          [-126.24604, 30.3855],
          [-126.22689, 30.41215],
          [-126.22635, 30.41264],
          [-126.20373, 30.42908],
          [-126.1822, 30.44452],
          [-126.18107, 30.44534],
          [-126.15839, 30.46159],
          [-126.14905, 30.47456],
          [-126.13872, 30.4889],
          [-126.11716, 30.50433],
          [-126.11603, 30.50514],
          [-126.09333, 30.52138],
          [-126.08398, 30.53435],
          [-126.07363, 30.54868],
          [-126.05206, 30.5641],
          [-126.05092, 30.56491],
          [-126.02821, 30.58114],
          [-126.00662, 30.59655],
          [-126.00549, 30.59736],
          [-125.98276, 30.61358],
          [-125.96116, 30.62899],
          [-125.96002, 30.6298],
          [-125.94077, 30.6564],
          [-125.94027, 30.65708],
          [-125.91752, 30.67329],
          [-125.89591, 30.68868],
          [-125.89477, 30.68949],
          [-125.87295, 30.7092],
          [-125.86261, 30.71864],
          [-125.85118, 30.72908],
          [-125.82741, 30.74159],
          [-125.81706, 30.75103],
          [-125.80562, 30.76147],
          [-125.78184, 30.77396],
          [-125.77149, 30.7834],
          [-125.76004, 30.79384],
          [-125.73878, 30.81321],
          [-125.73823, 30.8137],
          [-125.71547, 30.83006],
          [-125.6938, 30.84543],
          [-125.69266, 30.84623],
          [-125.67078, 30.86591],
          [-125.66041, 30.87534],
          [-125.64894, 30.88576],
          [-125.62764, 30.90511],
          [-125.6271, 30.90561],
          [-125.60327, 30.91807],
          [-125.58196, 30.93742],
          [-125.58141, 30.93792],
          [-125.55861, 30.95425],
          [-125.53689, 30.96959],
          [-125.5357, 30.97021],
          [-125.51288, 30.98653],
          [-125.49115, 31.00186],
          [-125.49001, 31.00267],
          [-125.46713, 31.0188],
          [-125.44539, 31.03413],
          [-125.44424, 31.03493],
          [-125.42229, 31.05456],
          [-125.3996, 31.06637],
          [-125.39845, 31.06718],
          [-125.37648, 31.0868],
          [-125.36607, 31.09621],
          [-125.35455, 31.10661],
          [-125.33065, 31.11903],
          [-125.30795, 31.13082],
          [-125.3068, 31.13163],
          [-125.2848, 31.15124],
          [-125.26208, 31.16303],
          [-125.26093, 31.16383],
          [-125.23799, 31.17993],
          [-125.21619, 31.19521],
          [-125.21504, 31.19602],
          [-125.19209, 31.2121],
          [-125.17027, 31.22738],
          [-125.16908, 31.228],
          [-125.14616, 31.24427],
          [-125.12433, 31.25954],
          [-125.12314, 31.26016],
          [-125.09918, 31.27254],
          [-125.07772, 31.2918],
          [-125.07717, 31.2923],
          [-125.0532, 31.30467],
          [-125.02923, 31.31704],
          [-125.00645, 31.32879],
          [-125.0053, 31.32959],
          [-124.98229, 31.34564],
          [-124.95728, 31.35413],
          [-124.93449, 31.36586],
          [-124.93334, 31.36667],
          [-124.91123, 31.38621],
          [-124.88843, 31.39794],
          [-124.88728, 31.39874],
          [-124.86424, 31.41478],
          [-124.84234, 31.43001],
          [-124.84119, 31.43081],
          [-124.81814, 31.44683],
          [-124.79623, 31.46205],
          [-124.79503, 31.46267],
          [-124.771, 31.475],
          [-124.74696, 31.48732],
          [-124.72412, 31.49902],
          [-124.72296, 31.49982],
          [-124.69988, 31.51583],
          [-124.67794, 31.53103],
          [-124.67679, 31.53183],
          [-124.65369, 31.54783],
          [-124.63175, 31.56302],
          [-124.63054, 31.56364],
          [-124.60647, 31.57594],
          [-124.5824, 31.58823],
          [-124.55952, 31.59991],
          [-124.55836, 31.60071],
          [-124.53524, 31.61669],
          [-124.51326, 31.63187],
          [-124.51205, 31.63248],
          [-124.48796, 31.64476],
          [-124.46385, 31.65704],
          [-124.44095, 31.66869],
          [-124.43979, 31.66949],
          [-124.41664, 31.68545],
          [-124.39463, 31.70061],
          [-124.39347, 31.70141],
          [-124.3703, 31.71736],
          [-124.34829, 31.73251],
          [-124.34708, 31.73312],
          [-124.32294, 31.74537],
          [-124.2988, 31.75762],
          [-124.27586, 31.76925],
          [-124.2747, 31.77005],
          [-124.25241, 31.78949],
          [-124.22946, 31.80111],
          [-124.2283, 31.80191],
          [-124.20509, 31.81784],
          [-124.18303, 31.83296],
          [-124.18187, 31.83376],
          [-124.15864, 31.84967],
          [-124.13657, 31.86479],
          [-124.13536, 31.8654],
          [-124.11117, 31.87762],
          [-124.08698, 31.88983],
          [-124.064, 31.90143],
          [-124.06283, 31.90222],
          [-124.03958, 31.91812],
          [-124.01748, 31.93322],
          [-124.01627, 31.93383],
          [-123.99305, 31.9499],
          [-123.97094, 31.96499],
          [-123.96972, 31.9656],
          [-123.9455, 31.97779],
          [-123.92127, 31.98997],
          [-123.89825, 32.00155],
          [-123.89703, 32.00216],
          [-123.87378, 32.01821],
          [-123.85164, 32.03328],
          [-123.85043, 32.03389],
          [-123.82618, 32.04606],
          [-123.80192, 32.05822],
          [-123.77887, 32.06978],
          [-123.77766, 32.07038],
          [-123.75339, 32.08254],
          [-123.73155, 32.10159],
          [-123.73099, 32.10208],
          [-123.70671, 32.11423],
          [-123.68243, 32.12637],
          [-123.65935, 32.13791],
          [-123.65814, 32.13851],
          [-123.63483, 32.15453],
          [-123.61263, 32.16956],
          [-123.61141, 32.17017],
          [-123.58711, 32.1823],
          [-123.5628, 32.19442],
          [-123.55213, 32.20369],
          [-123.54034, 32.21393],
          [-123.51602, 32.22604],
          [-123.49291, 32.23755],
          [-123.49174, 32.23834],
          [-123.46922, 32.25765],
          [-123.4461, 32.26915],
          [-123.44488, 32.26976],
          [-123.42151, 32.28573],
          [-123.39926, 32.30073],
          [-123.39804, 32.30134],
          [-123.37369, 32.31343],
          [-123.34932, 32.32552],
          [-123.32618, 32.337],
          [-123.325, 32.33779],
          [-123.30244, 32.35707],
          [-123.27928, 32.36855],
          [-123.27806, 32.36915],
          [-123.25465, 32.3851],
          [-123.23235, 32.40007],
          [-123.23113, 32.40068],
          [-123.20674, 32.41274],
          [-123.18234, 32.4248],
          [-123.15915, 32.43626],
          [-123.15798, 32.43704],
          [-123.13449, 32.45279],
          [-123.11217, 32.46774],
          [-123.11095, 32.46835],
          [-123.08652, 32.48039],
          [-123.0621, 32.49243],
          [-123.03889, 32.50387],
          [-123.03766, 32.50447],
          [-123.01419, 32.52038],
          [-122.99184, 32.53531],
          [-122.99062, 32.53591],
          [-122.96617, 32.54794],
          [-122.94171, 32.55996],
          [-122.93097, 32.56917],
          [-122.91908, 32.57936],
          [-122.89462, 32.59137],
          [-122.87137, 32.60278],
          [-122.87015, 32.60338],
          [-122.84567, 32.61538],
          [-122.82119, 32.62738],
          [-122.79792, 32.63878],
          [-122.7967, 32.63938],
          [-122.77043, 32.64417],
          [-122.74685, 32.65985],
          [-122.72443, 32.67475],
          [-122.72325, 32.67553],
          [-122.69966, 32.6912],
          [-122.67723, 32.70609],
          [-122.67601, 32.70669],
          [-122.65149, 32.71866],
          [-122.6261, 32.72712],
          [-122.59976, 32.73169],
          [-122.57427, 32.73977],
          [-122.55096, 32.75113],
          [-122.54978, 32.75191],
          [-122.52357, 32.75703],
          [-122.49979, 32.77212],
          [-122.47732, 32.78697],
          [-122.47614, 32.78775],
          [-122.45248, 32.80339],
          [-122.43001, 32.81823],
          [-122.42882, 32.81902],
          [-122.40245, 32.82356],
          [-122.37878, 32.83918],
          [-122.35326, 32.84722],
          [-122.3299, 32.85855],
          [-122.32867, 32.85914],
          [-122.30408, 32.87106],
          [-122.27949, 32.88297],
          [-122.25612, 32.89428],
          [-122.25494, 32.89506],
          [-122.23123, 32.91065],
          [-122.2087, 32.92546],
          [-122.20747, 32.92606],
          [-122.18285, 32.93795],
          [-122.15823, 32.94984],
          [-122.13484, 32.96113],
          [-122.13365, 32.96191],
          [-122.10991, 32.97749],
          [-122.08735, 32.99228],
          [-122.08612, 32.99287],
          [-122.06148, 33.00475],
          [-122.03598, 33.01311],
          [-122.01341, 33.02789],
          [-122.01218, 33.02848],
          [-121.98579, 33.03314],
          [-121.96201, 33.04869],
          [-121.93942, 33.06346],
          [-121.93819, 33.06405],
          [-121.91351, 33.0759],
          [-121.88883, 33.08774],
          [-121.86538, 33.09899],
          [-121.86419, 33.09977],
          [-121.84039, 33.1153],
          [-121.81777, 33.13005],
          [-121.81658, 33.13083],
          [-121.79276, 33.14635],
          [-121.77013, 33.16109],
          [-121.76889, 33.16168],
          [-121.74418, 33.1735],
          [-121.71863, 33.18181],
          [-121.69598, 33.19654],
          [-121.69474, 33.19713],
          [-121.6683, 33.20173],
          [-121.64444, 33.21723],
          [-121.63436, 33.22985],
          [-121.6223, 33.23992],
          [-121.59755, 33.25172],
          [-121.57404, 33.26292],
          [-121.57285, 33.26369],
          [-121.54897, 33.27918],
          [-121.52246, 33.28357],
          [-121.49976, 33.29827],
          [-121.49852, 33.29886],
          [-121.47205, 33.30343],
          [-121.44815, 33.31889],
          [-121.42543, 33.33358],
          [-121.42424, 33.33435],
          [-121.39784, 33.33928],
          [-121.37379, 33.35418],
          [-121.35106, 33.36885],
          [-121.34986, 33.36963],
          [-121.32345, 33.37454],
          [-121.29939, 33.38943],
          [-121.27664, 33.40409],
          [-121.27544, 33.40486],
          [-121.2515, 33.42029],
          [-121.22494, 33.42464],
          [-121.20218, 33.43929],
          [-121.20098, 33.44006],
          [-121.17441, 33.44439],
          [-121.15044, 33.45981],
          [-121.12387, 33.46414],
          [-121.10109, 33.47877],
          [-121.09989, 33.47954],
          [-121.07344, 33.48441],
          [-121.05311, 33.50957],
          [-121.05204, 33.5109],
          [-121.0279, 33.52574],
          [-121.0051, 33.54036],
          [-121.0039, 33.54112],
          [-120.9773, 33.54543],
          [-120.95328, 33.56081],
          [-120.92668, 33.5651],
          [-120.90385, 33.57971],
          [-120.90265, 33.58047],
          [-120.87617, 33.58531],
          [-120.84956, 33.5896],
          [-120.82538, 33.6044],
          [-120.80253, 33.61899],
          [-120.80146, 33.62031],
          [-120.78104, 33.64543],
          [-120.77983, 33.64619],
          [-120.75333, 33.65101],
          [-120.72913, 33.6658],
          [-120.70626, 33.68037],
          [-120.70506, 33.68114],
          [-120.67854, 33.68595],
          [-120.65433, 33.70072],
          [-120.62768, 33.70497],
          [-120.60478, 33.71952],
          [-120.60358, 33.72029],
          [-120.57693, 33.72452],
          [-120.55281, 33.73984],
          [-120.5299, 33.75438],
          [-120.52882, 33.7557],
          [-120.50457, 33.77045],
          [-120.48165, 33.78499],
          [-120.48057, 33.78631],
          [-120.4563, 33.80105],
          [-120.43336, 33.81558],
          [-120.43228, 33.8169],
          [-120.408, 33.83164],
          [-120.38505, 33.84616],
          [-120.38385, 33.84692],
          [-120.35968, 33.8622],
          [-120.33672, 33.87671],
          [-120.33547, 33.87729],
          [-120.30881, 33.88167],
          [-120.28463, 33.89693],
          [-120.26165, 33.91144],
          [-120.26044, 33.9122],
          [-120.23624, 33.92746],
          [-120.21325, 33.94195],
          [-120.21204, 33.94271],
          [-120.18783, 33.95796],
          [-120.16483, 33.97245],
          [-120.16362, 33.97321],
          [-120.1394, 33.98845],
          [-120.11638, 34.00293],
          [-120.11513, 34.00351],
          [-120.09006, 34.01505],
          [-120.06498, 34.02658],
          [-120.04116, 34.03754],
          [-120.03994, 34.0383],
          [-120.01569, 34.05352],
          [-119.99265, 34.06798],
          [-119.99143, 34.06874],
          [-119.96717, 34.08395],
          [-119.94411, 34.0984],
          [-119.9429, 34.09916],
          [-119.91862, 34.11436],
          [-119.89555, 34.1288],
          [-119.89429, 34.12938],
          [-119.86917, 34.14088],
          [-119.84405, 34.15238],
          [-119.82017, 34.1633],
          [-119.81896, 34.16406],
          [-119.79465, 34.17924],
          [-119.77155, 34.19366],
          [-119.77029, 34.19423],
          [-119.74514, 34.20571],
          [-119.71999, 34.21719],
          [-119.69609, 34.22809],
          [-119.69487, 34.22885],
          [-119.67053, 34.24401],
          [-119.6474, 34.25841],
          [-119.64619, 34.25916],
          [-119.62183, 34.27432],
          [-119.59869, 34.28871],
          [-119.59743, 34.28928],
          [-119.57065, 34.29353],
          [-119.54628, 34.30867],
          [-119.51944, 34.31273],
          [-119.49628, 34.3271],
          [-119.49506, 34.32786],
          [-119.46835, 34.33246],
          [-119.44383, 34.34703],
          [-119.42065, 34.36139],
          [-119.41955, 34.3627],
          [-119.39502, 34.37726],
          [-119.37183, 34.39162],
          [-119.37073, 34.39292],
          [-119.34387, 34.39695],
          [-119.31933, 34.4115],
          [-119.29612, 34.42584],
          [-119.2949, 34.4266],
          [-119.26815, 34.43116],
          [-119.24128, 34.43517],
          [-119.22036, 34.46003],
          [-119.21926, 34.46134],
          [-119.19833, 34.48619],
          [-119.19723, 34.4875],
          [-119.17034, 34.49149],
          [-119.1494, 34.51634],
          [-119.14817, 34.51709],
          [-119.1214, 34.52163],
          [-119.0945, 34.52561],
          [-119.07353, 34.55045],
          [-119.07243, 34.55175],
          [-119.05145, 34.57658],
          [-119.05035, 34.57789],
          [-119.02343, 34.58186],
          [-119.00244, 34.60668],
          [-119.00133, 34.60798],
          [-118.97441, 34.61194],
          [-118.9534, 34.63676],
          [-118.95229, 34.63806],
          [-118.92536, 34.64201],
          [-118.9007, 34.65649],
          [-118.87739, 34.67076],
          [-118.87616, 34.67151],
          [-118.84934, 34.67601],
          [-118.82467, 34.69047],
          [-118.80134, 34.70473],
          [-118.80011, 34.70548],
          [-118.77328, 34.70996],
          [-118.7522, 34.73474],
          [-118.75097, 34.73549],
          [-118.72413, 34.73996],
          [-118.69943, 34.7544],
          [-118.67607, 34.76864],
          [-118.67496, 34.76995],
          [-118.65385, 34.79471],
          [-118.65262, 34.79546],
          [-118.62576, 34.79991],
          [-118.60103, 34.81433],
          [-118.57764, 34.82856],
          [-118.57637, 34.82912],
          [-118.54942, 34.8332],
          [-118.52243, 34.83708],
          [-118.49555, 34.84152],
          [-118.47079, 34.85592],
          [-118.44738, 34.87012],
          [-118.44627, 34.87142],
          [-118.4215, 34.88582],
          [-118.39808, 34.90001],
          [-118.39696, 34.90131],
          [-118.37218, 34.91569],
          [-118.34875, 34.92988],
          [-118.34763, 34.93118],
          [-118.32061, 34.93503],
          [-118.29939, 34.95973],
          [-118.29827, 34.96103],
          [-118.27124, 34.96488],
          [-118.25, 34.98957],
          [-118.24889, 34.99087],
          [-118.22184, 34.9947],
          [-118.20059, 35.01939],
          [-118.19947, 35.02069],
          [-118.17242, 35.02451],
          [-118.15115, 35.04919],
          [-118.15003, 35.05049],
          [-118.12297, 35.0543],
          [-118.10169, 35.07897],
          [-118.10057, 35.08027],
          [-118.07927, 35.10493],
          [-118.07815, 35.10623],
          [-118.05685, 35.13089],
          [-118.05573, 35.13218],
          [-118.02864, 35.13598],
          [-118.00732, 35.16063],
          [-118.0062, 35.16193],
          [-117.98487, 35.18657],
          [-117.98375, 35.18787],
          [-117.9624, 35.21251],
          [-117.96128, 35.2138],
          [-117.93993, 35.23844],
          [-117.9388, 35.23973],
          [-117.91744, 35.26436],
          [-117.91632, 35.26566],
          [-117.89495, 35.29028],
          [-117.89382, 35.29158],
          [-117.86669, 35.29535],
          [-117.83957, 35.29912],
          [-117.81817, 35.32373],
          [-117.81704, 35.32502],
          [-117.78991, 35.32878],
          [-117.76849, 35.35339],
          [-117.76737, 35.35468],
          [-117.74022, 35.35843],
          [-117.71879, 35.38302],
          [-117.71766, 35.38432],
          [-117.69269, 35.39858],
          [-117.66906, 35.41265],
          [-117.66793, 35.41394],
          [-117.64294, 35.42819],
          [-117.6193, 35.44225],
          [-117.61817, 35.44354],
          [-117.59317, 35.45778],
          [-117.56952, 35.47183],
          [-117.56828, 35.47257],
          [-117.54121, 35.47684],
          [-117.51971, 35.5014],
          [-117.51846, 35.50214],
          [-117.49355, 35.51692],
          [-117.46987, 35.53095],
          [-117.46863, 35.53169],
          [-117.4437, 35.54646],
          [-117.42001, 35.56048],
          [-117.41876, 35.56122],
          [-117.39382, 35.57598],
          [-117.37012, 35.59],
          [-117.36887, 35.59073],
          [-117.34392, 35.60548],
          [-117.3202, 35.61949],
          [-117.31907, 35.62078],
          [-117.2975, 35.6453],
          [-117.29625, 35.64604],
          [-117.27127, 35.66077],
          [-117.24753, 35.67477],
          [-117.2464, 35.67606],
          [-117.21915, 35.67972],
          [-117.19191, 35.68338],
          [-117.16466, 35.68703],
          [-117.14304, 35.71152],
          [-117.1419, 35.71281],
          [-117.11464, 35.71646],
          [-117.09301, 35.74094],
          [-117.09187, 35.74223],
          [-117.07022, 35.7667],
          [-117.06897, 35.76744],
          [-117.04393, 35.78213],
          [-117.02014, 35.79609],
          [-117.01889, 35.79683],
          [-116.99172, 35.801],
          [-116.96655, 35.81513],
          [-116.94275, 35.82908],
          [-116.94149, 35.82981],
          [-116.9142, 35.83342],
          [-116.88702, 35.83758],
          [-116.86183, 35.85169],
          [-116.838, 35.86562],
          [-116.83686, 35.8669],
          [-116.81513, 35.89134],
          [-116.81399, 35.89262],
          [-116.79225, 35.91705],
          [-116.7911, 35.91834],
          [-116.76935, 35.94276],
          [-116.76821, 35.94405],
          [-116.74645, 35.96846],
          [-116.74519, 35.9692],
          [-116.72285, 35.99425],
          [-116.72228, 35.99489],
          [-116.69992, 36.01994],
          [-116.69935, 36.02058],
          [-116.67421, 36.03521],
          [-116.65032, 36.0491],
          [-116.64906, 36.04983],
          [-116.62181, 36.05395],
          [-116.59654, 36.06801],
          [-116.57263, 36.08189],
          [-116.57137, 36.08262],
          [-116.54401, 36.08617],
          [-116.51883, 36.10077],
          [-116.4949, 36.11463],
          [-116.49375, 36.11592],
          [-116.4719, 36.14028],
          [-116.47064, 36.14101],
          [-116.44544, 36.1556],
          [-116.42149, 36.16945],
          [-116.42034, 36.17073],
          [-116.39846, 36.19509],
          [-116.3973, 36.19637],
          [-116.37541, 36.22072],
          [-116.37426, 36.222],
          [-116.34685, 36.22551],
          [-116.32494, 36.24985],
          [-116.32379, 36.25113],
          [-116.30187, 36.27546],
          [-116.30071, 36.27674],
          [-116.27878, 36.30107],
          [-116.27763, 36.30235],
          [-116.25569, 36.32667],
          [-116.25443, 36.3274],
          [-116.22709, 36.33144],
          [-116.20514, 36.35576],
          [-116.20398, 36.35704],
          [-116.18201, 36.38134],
          [-116.18075, 36.38207],
          [-116.1534, 36.3861],
          [-116.13142, 36.4104],
          [-116.13026, 36.41168],
          [-116.10826, 36.43597],
          [-116.10711, 36.43725],
          [-116.07964, 36.44072],
          [-116.05762, 36.465],
          [-116.05646, 36.46628],
          [-116.03444, 36.49056],
          [-116.03874, 36.51265],
          [-116.04304, 36.53475],
          [-116.04735, 36.55684],
          [-116.05165, 36.57893],
          [-116.05049, 36.58021],
          [-116.02844, 36.60448],
          [-116.02728, 36.60575],
          [-116.00523, 36.63002],
          [-116.00953, 36.6521],
          [-116.01383, 36.67419],
          [-116.01813, 36.69627],
          [-116.01697, 36.69754],
          [-115.99489, 36.7218],
          [-115.99919, 36.74388],
          [-115.99803, 36.74515],
          [-115.97594, 36.7694],
          [-115.98024, 36.79147],
          [-115.97907, 36.79275],
          [-115.95697, 36.81699],
          [-115.96126, 36.83906],
          [-115.96556, 36.86113],
          [-115.96986, 36.88319],
          [-115.9687, 36.88447],
          [-115.94657, 36.9087],
          [-115.95087, 36.93076],
          [-115.95448, 36.95291],
          [-115.954, 36.9541],
          [-115.93186, 36.97832],
          [-115.93547, 37.00046],
          [-115.93499, 37.00165],
          [-115.91283, 37.02586],
          [-115.91167, 37.02714],
          [-115.8895, 37.05134],
          [-115.8931, 37.07348],
          [-115.89252, 37.07412],
          [-115.86498, 37.07809],
          [-115.84279, 37.10229],
          [-115.84163, 37.10356],
          [-115.83256, 37.12613],
          [-115.82371, 37.1498],
          [-115.82254, 37.15108],
          [-115.80032, 37.17526],
          [-115.8046, 37.1973],
          [-115.80343, 37.19858],
          [-115.7812, 37.22275],
          [-115.78548, 37.24479],
          [-115.78431, 37.24607],
          [-115.76207, 37.27024],
          [-115.7609, 37.27151],
          [-115.73864, 37.29567],
          [-115.73747, 37.29695],
          [-115.71521, 37.3211],
          [-115.71393, 37.32182],
          [-115.68633, 37.32577],
          [-115.65862, 37.32915],
          [-115.63292, 37.343],
          [-115.60861, 37.35668],
          [-115.60733, 37.3574],
          [-115.57972, 37.36132],
          [-115.554, 37.37515],
          [-115.52967, 37.38882],
          [-115.52839, 37.38953],
          [-115.50277, 37.40391],
          [-115.47843, 37.41756],
          [-115.47715, 37.41828],
          [-115.45152, 37.43265],
          [-115.42716, 37.44629],
          [-115.42588, 37.44701],
          [-115.39813, 37.45035],
          [-115.37248, 37.46471],
          [-115.34472, 37.46804],
          [-115.32034, 37.48167],
          [-115.31906, 37.48238],
          [-115.2913, 37.48571],
          [-115.26353, 37.48903],
          [-115.23577, 37.49234],
          [-115.208, 37.49565],
          [-115.18033, 37.49951],
          [-115.1579, 37.52358],
          [-115.15662, 37.52429],
          [-115.13092, 37.5386],
          [-115.1065, 37.5522],
          [-115.10531, 37.55346],
          [-115.08286, 37.57751],
          [-115.08157, 37.57823],
          [-115.05585, 37.59253],
          [-115.0314, 37.60611],
          [-115.03012, 37.60682],
          [-115.00438, 37.62111],
          [-114.97657, 37.62438],
          [-114.95211, 37.63795],
          [-114.95082, 37.63866],
          [-114.92311, 37.64247],
          [-114.89725, 37.65619],
          [-114.87277, 37.66974],
          [-114.87159, 37.67101],
          [-114.84905, 37.69502],
          [-114.84786, 37.69628],
          [-114.82532, 37.72028],
          [-114.82942, 37.7423],
          [-114.82823, 37.74356],
          [-114.80567, 37.76756],
          [-114.80448, 37.76882],
          [-114.78191, 37.79281],
          [-114.78601, 37.81483],
          [-114.78482, 37.81609],
          [-114.75695, 37.81932],
          [-114.73436, 37.8433],
          [-114.73317, 37.84456],
          [-114.71057, 37.86854],
          [-114.70938, 37.8698],
          [-114.68677, 37.89376],
          [-114.69085, 37.91577],
          [-114.68965, 37.91703],
          [-114.66703, 37.94099],
          [-114.66584, 37.94225],
          [-114.6432, 37.96621],
          [-114.64727, 37.98821],
          [-114.65134, 38.01021],
          [-114.68174, 38.02805],
          [-114.68334, 38.02899],
          [-114.68743, 38.05098],
          [-114.71785, 38.06882],
          [-114.71945, 38.06975],
          [-114.72354, 38.09174],
          [-114.72763, 38.11373],
          [-114.72644, 38.11499],
          [-114.70378, 38.13893],
          [-114.70259, 38.14019],
          [-114.67463, 38.14341],
          [-114.65195, 38.16734],
          [-114.65076, 38.1686],
          [-114.6228, 38.17181],
          [-114.59484, 38.17501],
          [-114.56687, 38.17821],
          [-114.54416, 38.20213],
          [-114.54297, 38.20338],
          [-114.51499, 38.20657],
          [-114.48702, 38.20976],
          [-114.46428, 38.23366],
          [-114.46308, 38.23492],
          [-114.4351, 38.23809],
          [-114.40711, 38.24126],
          [-114.37903, 38.24388],
          [-114.37753, 38.24349],
          [-114.34712, 38.22561],
          [-114.34551, 38.22467],
          [-114.3415, 38.20268],
          [-114.3111, 38.18479],
          [-114.3095, 38.18385],
          [-114.27912, 38.16595],
          [-114.25115, 38.1691],
          [-114.22837, 38.19297],
          [-114.22717, 38.19423],
          [-114.20438, 38.2181],
          [-114.20308, 38.21881],
          [-114.17509, 38.22194],
          [-114.17359, 38.22155],
          [-114.14511, 38.21407],
          [-114.11524, 38.20675],
          [-114.11364, 38.20581],
          [-114.08517, 38.19833],
          [-114.0552, 38.19044],
          [-114.05371, 38.19005],
          [-114.02337, 38.17211],
          [-114.00053, 38.19595],
          [-113.99923, 38.19666],
          [-113.97322, 38.21076],
          [-113.9485, 38.22414],
          [-113.94729, 38.2254],
          [-113.92116, 38.23894],
          [-113.89316, 38.24202],
          [-113.8632, 38.23411],
          [-113.8617, 38.23371],
          [-113.83324, 38.22619],
          [-113.80338, 38.21881],
          [-113.77724, 38.23233],
          [-113.76579, 38.24424],
          [-113.75568, 38.26776],
          [-113.75508, 38.26839],
          [-113.73157, 38.29281],
          [-113.73106, 38.29399],
          [-113.72145, 38.31633],
          [-113.70878, 38.32948],
          [-113.684, 38.34283],
          [-113.68279, 38.34408],
          [-113.6566, 38.35757],
          [-113.62856, 38.36061],
          [-113.59868, 38.3532],
          [-113.59708, 38.35226],
          [-113.56677, 38.33425],
          [-113.56518, 38.3333],
          [-113.53671, 38.32573],
          [-113.51191, 38.33905],
          [-113.5107, 38.3403],
          [-113.48772, 38.36406],
          [-113.49086, 38.38612],
          [-113.49035, 38.3873],
          [-113.48069, 38.40962],
          [-113.48898, 38.43113],
          [-113.49283, 38.45311],
          [-113.49668, 38.47509],
          [-113.49609, 38.49755],
          [-113.49995, 38.51952],
          [-113.49046, 38.54293],
          [-113.48925, 38.54418],
          [-113.46622, 38.56791],
          [-113.46501, 38.56916],
          [-113.44196, 38.59289],
          [-113.44075, 38.59414],
          [-113.43105, 38.61644],
          [-113.42084, 38.63991],
          [-113.42033, 38.64108],
          [-113.39726, 38.6648],
          [-113.4011, 38.68676],
          [-113.39989, 38.68801],
          [-113.3768, 38.71171],
          [-113.37994, 38.73375],
          [-113.37943, 38.73492],
          [-113.35633, 38.75862],
          [-113.35946, 38.78065],
          [-113.35895, 38.78182],
          [-113.33584, 38.80551],
          [-113.33462, 38.80676],
          [-113.3115, 38.83045],
          [-113.31028, 38.83169],
          [-113.30053, 38.85396],
          [-113.28774, 38.86704],
          [-113.27617, 38.87888],
          [-113.2659, 38.90231],
          [-113.26529, 38.90294],
          [-113.24152, 38.92723],
          [-113.24101, 38.9284],
          [-113.21784, 38.95206],
          [-113.21662, 38.9533],
          [-113.19343, 38.97696],
          [-113.19221, 38.9782],
          [-113.18243, 39.00045],
          [-113.17212, 39.02386],
          [-113.17161, 39.02503],
          [-113.16181, 39.04727],
          [-113.1522, 39.0706],
          [-113.1553, 39.0926],
          [-113.15478, 39.09377],
          [-113.13156, 39.1174],
          [-113.13033, 39.11865],
          [-113.1071, 39.14227],
          [-113.10587, 39.14351],
          [-113.07761, 39.14646],
          [-113.05435, 39.17007],
          [-113.05313, 39.17132],
          [-113.02986, 39.19492],
          [-113.02864, 39.19617],
          [-113.0188, 39.21838],
          [-113.02258, 39.24029],
          [-113.02636, 39.2622],
          [-113.03015, 39.28411],
          [-113.03394, 39.30602],
          [-113.03772, 39.32792],
          [-113.04151, 39.34983],
          [-113.04531, 39.37173],
          [-113.03493, 39.39509],
          [-113.03442, 39.39626],
          [-113.02456, 39.41845],
          [-113.01167, 39.43148],
          [-113, 39.44327],
          [-112.98961, 39.46662],
          [-112.98909, 39.46779],
          [-112.97921, 39.48997],
          [-112.96631, 39.50299],
          [-112.95463, 39.51477],
          [-112.94422, 39.53811],
          [-112.9437, 39.53928],
          [-112.93381, 39.56145],
          [-112.93759, 39.58333],
          [-112.9364, 39.60572],
          [-112.94964, 39.62662],
          [-112.95343, 39.64849],
          [-112.94774, 39.67133],
          [-112.94229, 39.69415],
          [-112.94177, 39.69531],
          [-112.93636, 39.71701],
          [-112.92119, 39.74081],
          [-112.92091, 39.74195],
          [-112.91549, 39.76364],
          [-112.90031, 39.78743],
          [-112.89993, 39.78803],
          [-112.88512, 39.81122],
          [-112.87941, 39.83404],
          [-112.87913, 39.83519],
          [-112.8737, 39.85686],
          [-112.86799, 39.87968],
          [-112.86227, 39.90249],
          [-112.86198, 39.90363],
          [-112.85204, 39.92576],
          [-112.84228, 39.94897],
          [-112.84534, 39.97088],
          [-112.84482, 39.97205],
          [-112.83486, 39.99417],
          [-112.83863, 40.016],
          [-112.82886, 40.03921],
          [-112.83192, 40.06111],
          [-112.8357, 40.08294],
          [-112.84019, 40.10469],
          [-112.87089, 40.12267],
          [-112.8725, 40.12362],
          [-112.90141, 40.13124],
          [-112.92995, 40.12833],
          [-112.96029, 40.13579],
          [-112.98883, 40.13288],
          [-113.01736, 40.12997],
          [-113.01898, 40.13091],
          [-113.04972, 40.14887],
          [-113.07826, 40.14594],
          [-113.07988, 40.14689],
          [-113.11063, 40.16483],
          [-113.13917, 40.16189],
          [-113.16771, 40.15896],
          [-113.19625, 40.15601],
          [-113.22295, 40.1427],
          [-113.24822, 40.12954],
          [-113.24946, 40.1283],
          [-113.27798, 40.12535],
          [-113.3014, 40.10181],
          [-113.30263, 40.10057],
          [-113.32931, 40.08724],
          [-113.35455, 40.07406],
          [-113.35588, 40.07337],
          [-113.38439, 40.07039],
          [-113.38591, 40.07079],
          [-113.41484, 40.07832],
          [-113.44335, 40.07534],
          [-113.47186, 40.07235],
          [-113.50037, 40.06936],
          [-113.53073, 40.07672],
          [-113.53235, 40.07766],
          [-113.5613, 40.08517],
          [-113.59167, 40.09252],
          [-113.59329, 40.09346],
          [-113.59723, 40.11527],
          [-113.62806, 40.13312],
          [-113.62897, 40.13413],
          [-113.63363, 40.15586],
          [-113.63758, 40.17766],
          [-113.65508, 40.19803],
          [-113.67239, 40.2173],
          [-113.67402, 40.21823],
          [-113.69153, 40.23859],
          [-113.70886, 40.25785],
          [-113.70977, 40.25887],
          [-113.71374, 40.28065],
          [-113.7177, 40.30244],
          [-113.72239, 40.32414],
          [-113.73993, 40.34449],
          [-113.75728, 40.36373],
          [-113.7582, 40.36475],
          [-113.78995, 40.38302],
          [-113.79076, 40.38349],
          [-113.80904, 40.40374],
          [-113.82642, 40.42297],
          [-113.82733, 40.42398],
          [-113.84563, 40.44423],
          [-113.84963, 40.46599],
          [-113.86702, 40.48522],
          [-113.86865, 40.48615],
          [-113.89964, 40.50392],
          [-113.90056, 40.50493],
          [-113.90529, 40.52661],
          [-113.90931, 40.54836],
          [-113.90808, 40.54961],
          [-113.8847, 40.57317],
          [-113.88337, 40.57386],
          [-113.85936, 40.59804],
          [-113.85874, 40.59866],
          [-113.83472, 40.62282],
          [-113.83411, 40.62344],
          [-113.80746, 40.63735],
          [-113.78213, 40.65056],
          [-113.7809, 40.6518],
          [-113.75747, 40.67533],
          [-113.75623, 40.67657],
          [-113.73279, 40.7001],
          [-113.73677, 40.72183],
          [-113.73554, 40.72307],
          [-113.72571, 40.74515],
          [-113.71606, 40.76832],
          [-113.72005, 40.79005],
          [-113.71882, 40.79129],
          [-113.69534, 40.81479],
          [-113.6941, 40.81603],
          [-113.67061, 40.83953],
          [-113.67387, 40.86133],
          [-113.67335, 40.86249],
          [-113.64984, 40.88598],
          [-113.6531, 40.90777],
          [-113.65258, 40.90893],
          [-113.64271, 40.93099],
          [-113.63232, 40.9542],
          [-113.6363, 40.97591],
          [-113.64027, 40.99761],
          [-113.64425, 41.01932],
          [-113.64824, 41.04102],
          [-113.64772, 41.04218],
          [-113.62416, 41.06564],
          [-113.62814, 41.08734],
          [-113.63212, 41.10903],
          [-113.6361, 41.13072],
          [-113.63937, 41.15249],
          [-113.63885, 41.15365],
          [-113.61527, 41.1771],
          [-113.61402, 41.17833],
          [-113.59043, 41.20177],
          [-113.58919, 41.20301],
          [-113.56037, 41.206],
          [-113.53676, 41.22943],
          [-113.53551, 41.23066],
          [-113.51189, 41.25409],
          [-113.51065, 41.25532],
          [-113.48369, 41.26859],
          [-113.45817, 41.28171],
          [-113.45683, 41.2824],
          [-113.42808, 41.28591],
          [-113.40442, 41.30932],
          [-113.40307, 41.31001],
          [-113.37878, 41.33402],
          [-113.37825, 41.33518],
          [-113.36828, 41.35717],
          [-113.35778, 41.38031],
          [-113.35726, 41.38147],
          [-113.34728, 41.40345],
          [-113.33677, 41.42659],
          [-113.33614, 41.4272],
          [-113.3118, 41.45119],
          [-113.31128, 41.45235],
          [-113.28755, 41.47572],
          [-113.2863, 41.47695],
          [-113.26256, 41.50031],
          [-113.26131, 41.50154],
          [-113.2324, 41.50447],
          [-113.20864, 41.52782],
          [-113.20739, 41.52905],
          [-113.18362, 41.5524],
          [-113.18753, 41.57404],
          [-113.18628, 41.57527],
          [-113.15734, 41.57819],
          [-113.13355, 41.60152],
          [-113.13744, 41.62316],
          [-113.14134, 41.6448],
          [-113.14524, 41.66644],
          [-113.14914, 41.68808],
          [-113.18037, 41.70586],
          [-113.18202, 41.70679],
          [-113.21326, 41.72456],
          [-113.24224, 41.72164],
          [-113.24388, 41.72257],
          [-113.27514, 41.74033],
          [-113.30412, 41.7374],
          [-113.30576, 41.73833],
          [-113.33704, 41.75608],
          [-113.33796, 41.75709],
          [-113.34263, 41.77863],
          [-113.36035, 41.79885],
          [-113.37788, 41.81798],
          [-113.37953, 41.81892],
          [-113.41084, 41.83665],
          [-113.41176, 41.83765],
          [-113.41645, 41.85919],
          [-113.4152, 41.86041],
          [-113.38807, 41.87363],
          [-113.35718, 41.86631],
          [-113.32806, 41.86871],
          [-113.32651, 41.86832],
          [-113.29521, 41.85058],
          [-113.26619, 41.85351],
          [-113.23718, 41.85644],
          [-113.21334, 41.87974],
          [-113.24465, 41.89749],
          [-113.24629, 41.89843],
          [-113.27761, 41.91617],
          [-113.27926, 41.9171],
          [-113.278, 41.91833],
          [-113.24897, 41.92126],
          [-113.22512, 41.94455],
          [-113.22386, 41.94578],
          [-113.2138, 41.96769],
          [-113.22232, 41.98882],
          [-113.23526, 42.00841],
          [-113.23618, 42.00941],
          [-113.25465, 42.02954],
          [-113.25858, 42.05113],
          [-113.26252, 42.07271],
          [-113.26647, 42.09429],
          [-113.28403, 42.1134],
          [-113.28495, 42.11441],
          [-113.28963, 42.13591],
          [-113.29358, 42.15749],
          [-113.29753, 42.17906],
          [-113.30148, 42.20062],
          [-113.3329, 42.21832],
          [-113.33455, 42.21926],
          [-113.36598, 42.23695],
          [-113.36764, 42.23788],
          [-113.39908, 42.25557],
          [-113.40073, 42.2565],
          [-113.43219, 42.27418],
          [-113.43384, 42.27511],
          [-113.43783, 42.29666],
          [-113.4693, 42.31433],
          [-113.47096, 42.31526],
          [-113.50244, 42.33292],
          [-113.5041, 42.33384],
          [-113.53559, 42.3515],
          [-113.53725, 42.35243],
          [-113.54126, 42.37397],
          [-113.54528, 42.3955],
          [-113.54856, 42.41711],
          [-113.54803, 42.41826],
          [-113.52413, 42.44153],
          [-113.52288, 42.44276],
          [-113.51283, 42.46461],
          [-113.50297, 42.48755],
          [-113.50625, 42.50914],
          [-113.50572, 42.51029],
          [-113.48179, 42.53354],
          [-113.48053, 42.53477],
          [-113.45659, 42.55801],
          [-113.45523, 42.5587],
          [-113.42611, 42.56218],
          [-113.40215, 42.58541],
          [-113.40089, 42.58664],
          [-113.37691, 42.60986],
          [-113.37565, 42.61108],
          [-113.34642, 42.61402],
          [-113.32243, 42.63723],
          [-113.32117, 42.63845],
          [-113.29193, 42.64137],
          [-113.26791, 42.66458],
          [-113.26665, 42.6658],
          [-113.24262, 42.689],
          [-113.24136, 42.69022],
          [-113.21732, 42.71341],
          [-113.22128, 42.73491],
          [-113.22001, 42.73613],
          [-113.19596, 42.75931],
          [-113.22754, 42.77697],
          [-113.2292, 42.7779],
          [-113.23316, 42.79939],
          [-113.23712, 42.82088],
          [-113.23586, 42.8221],
          [-113.21179, 42.84527],
          [-113.21575, 42.86676],
          [-113.21448, 42.86798],
          [-113.19039, 42.89114],
          [-113.18913, 42.89236],
          [-113.16503, 42.91551],
          [-113.16898, 42.93699],
          [-113.17294, 42.95846],
          [-113.1769, 42.97993],
          [-113.20854, 42.99757],
          [-113.2102, 42.9985],
          [-113.21417, 43.01996],
          [-113.2129, 43.02118],
          [-113.18354, 43.02408],
          [-113.15941, 43.04721],
          [-113.15814, 43.04843],
          [-113.134, 43.07156],
          [-113.13795, 43.09301],
          [-113.13668, 43.09423],
          [-113.1073, 43.09712],
          [-113.07979, 43.11019],
          [-113.04854, 43.10287],
          [-113.01906, 43.10521],
          [-113.01749, 43.10481],
          [-112.98771, 43.09734],
          [-112.95832, 43.10021],
          [-112.92894, 43.10306],
          [-112.89955, 43.10591],
          [-112.87348, 43.11881],
          [-112.87211, 43.11949],
          [-112.84281, 43.12287],
          [-112.83254, 43.1446],
          [-112.82173, 43.16747],
          [-112.82119, 43.16861],
          [-112.81091, 43.19033],
          [-112.8148, 43.21178],
          [-112.81869, 43.23322],
          [-112.8086, 43.25601],
          [-112.81249, 43.27745],
          [-112.84416, 43.29511],
          [-112.84583, 43.29604],
          [-112.84973, 43.31747],
          [-112.85363, 43.3389],
          [-112.85235, 43.34012],
          [-112.82806, 43.36316],
          [-112.83196, 43.38458],
          [-112.83586, 43.406],
          [-112.83976, 43.42742],
          [-112.87149, 43.44507],
          [-112.87316, 43.446],
          [-112.9049, 43.46364],
          [-112.90657, 43.46456],
          [-112.91049, 43.48597],
          [-112.90921, 43.48718],
          [-112.8849, 43.51022],
          [-112.91666, 43.52785],
          [-112.94617, 43.525],
          [-112.97568, 43.52215],
          [-113.00519, 43.51929],
          [-113.0347, 43.51643],
          [-113.03638, 43.51736],
          [-113.06817, 43.53496],
          [-113.09768, 43.53209],
          [-113.09935, 43.53302],
          [-113.10331, 43.55441],
          [-113.10728, 43.5758],
          [-113.106, 43.57701],
          [-113.07648, 43.57988],
          [-113.05219, 43.60292],
          [-113.05091, 43.60414],
          [-113.02137, 43.607],
          [-112.99184, 43.60986],
          [-112.9623, 43.61271],
          [-112.93797, 43.63573],
          [-112.93669, 43.63694],
          [-112.91235, 43.65996],
          [-112.91107, 43.66117],
          [-112.88672, 43.68418],
          [-112.8899, 43.70562],
          [-112.88936, 43.70676],
          [-112.87904, 43.72841],
          [-112.86891, 43.75113],
          [-112.87284, 43.7725],
          [-112.87676, 43.79386],
          [-112.87548, 43.79507],
          [-112.85108, 43.81806],
          [-112.8498, 43.81927],
          [-112.82019, 43.82209],
          [-112.79578, 43.84506],
          [-112.7945, 43.84627],
          [-112.77007, 43.86924],
          [-112.77398, 43.89059],
          [-112.77269, 43.8918],
          [-112.74825, 43.91476],
          [-112.74696, 43.91596],
          [-112.72251, 43.93891],
          [-112.72641, 43.96026],
          [-112.72512, 43.96146],
          [-112.71474, 43.98307],
          [-112.71863, 44.00441],
          [-112.72253, 44.02574],
          [-112.72644, 44.04708],
          [-112.7155, 44.06981],
          [-112.71495, 44.07094],
          [-112.69045, 44.09387],
          [-112.68916, 44.09507],
          [-112.67876, 44.11666],
          [-112.68265, 44.13798],
          [-112.69125, 44.15885],
          [-112.70437, 44.17821],
          [-112.70506, 44.17923],
          [-112.71887, 44.19961],
          [-112.72798, 44.22043],
          [-112.73189, 44.24173],
          [-112.72168, 44.26437],
          [-112.72029, 44.26504],
          [-112.69509, 44.28853],
          [-112.69445, 44.28913],
          [-112.66665, 44.30258],
          [-112.65436, 44.31402],
          [-112.64078, 44.32666],
          [-112.62849, 44.33809],
          [-112.61491, 44.35073],
          [-112.60733, 44.36173],
          [-112.59161, 44.38484],
          [-112.59106, 44.38598],
          [-112.56645, 44.40883],
          [-112.56515, 44.41004],
          [-112.54053, 44.43288],
          [-112.53924, 44.43409],
          [-112.51127, 44.44696],
          [-112.48147, 44.44972],
          [-112.45166, 44.45248],
          [-112.42185, 44.45523],
          [-112.39535, 44.46795],
          [-112.39406, 44.46915],
          [-112.38355, 44.49066],
          [-112.37898, 44.5]
        ]
      }
    },
    {
      "type": "Feature",
      "id": "2026090606_f024_13000_001",
      "properties": {
        "product_id": "winter_storm_levels",
        "source_id": "nbm_snow_level",
        "parameter": "snow_level",
        "definition": "height of the wet-bulb 0.5 degree C surface",
        "level_ft_msl": 13000,
        "label": "13,000 ft MSL",
        "unit": "ft_msl",
        "cycle_time_utc": "2026-09-06T06:00:00Z",
        "valid_time_utc": "2026-09-07T06:00:00Z",
        "lead_hours": 24,
        "segment": 1,
        "length_m": 1753424.1
      },
      "geometry": {
        "type": "LineString",
        "coordinates": [
          [-125.70681, 30.18795],
          [-125.70633, 30.18861],
          [-125.68084, 30.19427],
          [-125.6797, 30.19507],
          [-125.66095, 30.22098],
          [-125.65996, 30.22234],
          [-125.64119, 30.24824],
          [-125.61568, 30.25389],
          [-125.61455, 30.2547],
          [-125.59577, 30.28059],
          [-125.59478, 30.28195],
          [-125.57319, 30.29731],
          [-125.55031, 30.31292],
          [-125.54932, 30.31428],
          [-125.52773, 30.32964],
          [-125.50484, 30.34524],
          [-125.50385, 30.3466],
          [-125.48503, 30.37248],
          [-125.45948, 30.3781],
          [-125.45834, 30.37891],
          [-125.43951, 30.40478],
          [-125.41395, 30.41039],
          [-125.41282, 30.4112],
          [-125.39396, 30.43706],
          [-125.39297, 30.43842],
          [-125.37133, 30.45375],
          [-125.3484, 30.46933],
          [-125.3474, 30.47069],
          [-125.32575, 30.48601],
          [-125.3028, 30.50158],
          [-125.27722, 30.50717],
          [-125.27608, 30.50797],
          [-125.25718, 30.53382],
          [-125.23159, 30.5394],
          [-125.23045, 30.5402],
          [-125.21154, 30.56604],
          [-125.21054, 30.5674],
          [-125.18885, 30.5827],
          [-125.16587, 30.59824],
          [-125.14026, 30.60381],
          [-125.13912, 30.60462],
          [-125.12017, 30.63044],
          [-125.09456, 30.636],
          [-125.09341, 30.6368],
          [-125.07446, 30.66261],
          [-125.04883, 30.66817],
          [-125.04768, 30.66897],
          [-125.02595, 30.68425],
          [-125.00307, 30.70032],
          [-125.00193, 30.70112],
          [-124.98019, 30.71639],
          [-124.95729, 30.73246],
          [-124.95615, 30.73326],
          [-124.93439, 30.74852],
          [-124.91149, 30.76458],
          [-124.91034, 30.76539],
          [-124.88858, 30.78064],
          [-124.86566, 30.79669],
          [-124.86451, 30.79749],
          [-124.84273, 30.81274],
          [-124.8198, 30.82879],
          [-124.81866, 30.82959],
          [-124.79687, 30.84483],
          [-124.77378, 30.86031],
          [-124.74809, 30.86581],
          [-124.74694, 30.86661],
          [-124.72787, 30.89237],
          [-124.70218, 30.89787],
          [-124.70103, 30.89867],
          [-124.67921, 30.91389],
          [-124.65624, 30.92991],
          [-124.65509, 30.93071],
          [-124.63326, 30.94592],
          [-124.61027, 30.96193],
          [-124.60912, 30.96273],
          [-124.58728, 30.97794],
          [-124.56428, 30.99394],
          [-124.56313, 30.99474],
          [-124.54127, 31.00994],
          [-124.51826, 31.02594],
          [-124.51711, 31.02674],
          [-124.49525, 31.04193],
          [-124.47208, 31.05736],
          [-124.44633, 31.06281],
          [-124.44518, 31.06361],
          [-124.42601, 31.08932],
          [-124.40026, 31.09477],
          [-124.39911, 31.09556],
          [-124.37992, 31.12127],
          [-124.37891, 31.12262],
          [-124.35701, 31.13779],
          [-124.33394, 31.15376],
          [-124.33279, 31.15456],
          [-124.31088, 31.16972],
          [-124.28766, 31.18512],
          [-124.26188, 31.19054],
          [-124.26072, 31.19134],
          [-124.23879, 31.20649],
          [-124.2157, 31.22244],
          [-124.21455, 31.22323],
          [-124.1926, 31.23838],
          [-124.1695, 31.25431],
          [-124.16834, 31.25511],
          [-124.14639, 31.27025],
          [-124.12327, 31.28618],
          [-124.12211, 31.28697],
          [-124.10014, 31.3021],
          [-124.07701, 31.31802],
          [-124.07586, 31.31882],
          [-124.05388, 31.33394],
          [-124.03074, 31.34986],
          [-124.02958, 31.35065],
          [-124.00759, 31.36577],
          [-123.98443, 31.38167],
          [-123.95845, 31.38649],
          [-123.95729, 31.38728],
          [-123.93528, 31.40239],
          [-123.91211, 31.41828],
          [-123.91095, 31.41907],
          [-123.88893, 31.43417],
          [-123.86575, 31.45006],
          [-123.86459, 31.45085],
          [-123.84255, 31.46594],
          [-123.81936, 31.48182],
          [-123.8182, 31.48261],
          [-123.79615, 31.4977],
          [-123.77294, 31.51357],
          [-123.77178, 31.51436],
          [-123.74972, 31.52943],
          [-123.7237, 31.53421],
          [-123.70047, 31.55007],
          [-123.69931, 31.55086],
          [-123.67724, 31.56592],
          [-123.654, 31.58177],
          [-123.65283, 31.58257],
          [-123.63075, 31.59762],
          [-123.60749, 31.61347],
          [-123.60633, 31.61426],
          [-123.58423, 31.62931],
          [-123.55818, 31.63405],
          [-123.53491, 31.64988],
          [-123.53375, 31.65067],
          [-123.51163, 31.66571],
          [-123.48835, 31.68154],
          [-123.48719, 31.68233],
          [-123.46506, 31.69736],
          [-123.44176, 31.71317],
          [-123.41569, 31.71789],
          [-123.41452, 31.71868],
          [-123.39238, 31.7337],
          [-123.36906, 31.74951],
          [-123.3679, 31.7503],
          [-123.34574, 31.76531],
          [-123.32242, 31.7811],
          [-123.29632, 31.7858],
          [-123.29515, 31.78659],
          [-123.27298, 31.80159],
          [-123.24964, 31.81738],
          [-123.22353, 31.82207],
          [-123.22236, 31.82286],
          [-123.20017, 31.83784],
          [-123.17681, 31.85362],
          [-123.17564, 31.8544],
          [-123.15345, 31.86939],
          [-123.13007, 31.88515],
          [-123.10394, 31.88982],
          [-123.10277, 31.89061],
          [-123.08056, 31.90558],
          [-123.05717, 31.92133],
          [-123.056, 31.92212],
          [-123.03377, 31.93708],
          [-123.01036, 31.95282],
          [-123.00919, 31.95361],
          [-122.98695, 31.96856],
          [-122.96354, 31.9843],
          [-122.96236, 31.98509],
          [-122.94011, 32.00003],
          [-122.91668, 32.01576],
          [-122.89051, 32.0204],
          [-122.88934, 32.02118],
          [-122.86707, 32.03612],
          [-122.84363, 32.05183],
          [-122.84245, 32.05262],
          [-122.82017, 32.06755],
          [-122.79658, 32.0827],
          [-122.77053, 32.08787],
          [-122.76935, 32.08865],
          [-122.74705, 32.10357],
          [-122.72358, 32.11927],
          [-122.7224, 32.12005],
          [-122.70009, 32.13496],
          [-122.67647, 32.15009],
          [-122.6504, 32.15524],
          [-122.64922, 32.15602],
          [-122.62689, 32.17092],
          [-122.60339, 32.1866],
          [-122.57717, 32.19118],
          [-122.57599, 32.19196],
          [-122.55365, 32.20685],
          [-122.53012, 32.22251],
          [-122.52895, 32.2233],
          [-122.50659, 32.23817],
          [-122.48292, 32.25328],
          [-122.45682, 32.25839],
          [-122.45564, 32.25917],
          [-122.43327, 32.27404],
          [-122.40958, 32.28913],
          [-122.38346, 32.29423],
          [-122.38228, 32.29501],
          [-122.3599, 32.30987],
          [-122.33632, 32.3255],
          [-122.31006, 32.33003],
          [-122.30888, 32.33082],
          [-122.28648, 32.34566],
          [-122.26275, 32.36073],
          [-122.23662, 32.3658],
          [-122.23544, 32.36658],
          [-122.21301, 32.38141],
          [-122.18941, 32.39702],
          [-122.18823, 32.3978],
          [-122.16579, 32.41263],
          [-122.14204, 32.42767],
          [-122.11588, 32.43273],
          [-122.1147, 32.43351],
          [-122.09225, 32.44832],
          [-122.06848, 32.46336],
          [-122.04231, 32.4684],
          [-122.04113, 32.46918],
          [-122.01866, 32.48398],
          [-121.99235, 32.48846],
          [-121.96856, 32.50348],
          [-121.94237, 32.5085],
          [-121.94119, 32.50928],
          [-121.9187, 32.52407],
          [-121.89489, 32.53907],
          [-121.8687, 32.54409],
          [-121.86751, 32.54487],
          [-121.84501, 32.55964],
          [-121.82118, 32.57463],
          [-121.79485, 32.57908],
          [-121.76864, 32.58408],
          [-121.76745, 32.58486],
          [-121.74493, 32.59961],
          [-121.72108, 32.61459],
          [-121.72002, 32.61592],
          [-121.69749, 32.63067],
          [-121.67363, 32.64564],
          [-121.6474, 32.65062],
          [-121.64621, 32.6514],
          [-121.62366, 32.66614],
          [-121.59978, 32.68109],
          [-121.57341, 32.6855],
          [-121.57235, 32.68683],
          [-121.55227, 32.7121],
          [-121.52589, 32.7165],
          [-121.52483, 32.71783],
          [-121.50225, 32.73255],
          [-121.47834, 32.74749],
          [-121.45195, 32.75188],
          [-121.42555, 32.75626],
          [-121.39916, 32.76064],
          [-121.3981, 32.76197],
          [-121.37796, 32.78722],
          [-121.35156, 32.79159],
          [-121.32515, 32.79596],
          [-121.29874, 32.80032],
          [-121.27233, 32.80468],
          [-121.27127, 32.80601],
          [-121.2511, 32.83123],
          [-121.22468, 32.83558],
          [-121.19826, 32.83993],
          [-121.16825, 32.82296],
          [-121.16667, 32.82207],
          [-121.14025, 32.82641],
          [-121.11025, 32.80943],
          [-121.13045, 32.78422],
          [-121.13151, 32.78289],
          [-121.12636, 32.76069],
          [-121.14655, 32.73547],
          [-121.14761, 32.73415],
          [-121.14245, 32.71194],
          [-121.1373, 32.68973],
          [-121.15747, 32.66451],
          [-121.15854, 32.66318],
          [-121.15338, 32.64097],
          [-121.14823, 32.61875],
          [-121.14308, 32.59654],
          [-121.13793, 32.57432],
          [-121.13279, 32.55211],
          [-121.13121, 32.55121],
          [-121.10485, 32.55555],
          [-121.07849, 32.55988],
          [-121.05213, 32.5642],
          [-121.02576, 32.56852],
          [-120.99939, 32.57284],
          [-120.97302, 32.57715],
          [-120.94665, 32.58146],
          [-120.92028, 32.58576],
          [-120.8939, 32.59006],
          [-120.89284, 32.59139],
          [-120.87262, 32.61658],
          [-120.84624, 32.62087],
          [-120.81985, 32.62516],
          [-120.79346, 32.62944],
          [-120.7924, 32.63077],
          [-120.77215, 32.65594],
          [-120.74575, 32.66022],
          [-120.71586, 32.64316],
          [-120.71429, 32.64226],
          [-120.68789, 32.64653],
          [-120.66149, 32.65079],
          [-120.63509, 32.65504],
          [-120.60869, 32.65929],
          [-120.58229, 32.66354],
          [-120.55588, 32.66778],
          [-120.55481, 32.66911],
          [-120.53451, 32.69425],
          [-120.53344, 32.69558],
          [-120.51312, 32.72072],
          [-120.4867, 32.72495],
          [-120.46028, 32.72917],
          [-120.43385, 32.7334],
          [-120.43278, 32.73472],
          [-120.41244, 32.75984],
          [-120.386, 32.76406],
          [-120.35956, 32.76827],
          [-120.35849, 32.76959],
          [-120.33813, 32.7947],
          [-120.31168, 32.7989],
          [-120.28523, 32.8031],
          [-120.25878, 32.80729],
          [-120.25771, 32.80862],
          [-120.23731, 32.83371],
          [-120.21086, 32.8379],
          [-120.20978, 32.83922],
          [-120.18937, 32.86431],
          [-120.18829, 32.86563],
          [-120.16787, 32.89072],
          [-120.1668, 32.89204],
          [-120.14637, 32.91712],
          [-120.14529, 32.91844],
          [-120.12485, 32.94352],
          [-120.09836, 32.94768],
          [-120.09729, 32.949],
          [-120.07683, 32.97407],
          [-120.05033, 32.97823],
          [-120.04925, 32.97955],
          [-120.05421, 33.00177],
          [-120.03373, 33.02683],
          [-120.03265, 33.02815],
          [-120.01217, 33.05321],
          [-119.98565, 33.05736],
          [-119.98457, 33.05867],
          [-119.96407, 33.08372],
          [-119.93754, 33.08786],
          [-119.93647, 33.08918],
          [-119.91595, 33.11422],
          [-119.91487, 33.11553],
          [-119.89434, 33.14057],
          [-119.89326, 33.14189],
          [-119.87272, 33.16692],
          [-119.84617, 33.17104],
          [-119.84509, 33.17236],
          [-119.82454, 33.19738],
          [-119.82346, 33.1987],
          [-119.8029, 33.22372],
          [-119.80181, 33.22503],
          [-119.78124, 33.25005],
          [-119.78016, 33.25136],
          [-119.75958, 33.27637],
          [-119.733, 33.28048],
          [-119.73191, 33.28179],
          [-119.71132, 33.30679],
          [-119.71023, 33.30811],
          [-119.68963, 33.33311],
          [-119.66303, 33.3372],
          [-119.66195, 33.33851],
          [-119.64132, 33.3635],
          [-119.61472, 33.36758],
          [-119.61363, 33.3689],
          [-119.59299, 33.39388],
          [-119.5665, 33.39851],
          [-119.56529, 33.39926],
          [-119.54464, 33.42424],
          [-119.54355, 33.42555],
          [-119.52288, 33.45052],
          [-119.5218, 33.45183],
          [-119.50112, 33.4768],
          [-119.50003, 33.47811],
          [-119.47935, 33.50307],
          [-119.47826, 33.50438],
          [-119.45757, 33.52934],
          [-119.45648, 33.53065],
          [-119.46134, 33.55286],
          [-119.44063, 33.57781],
          [-119.43954, 33.57913],
          [-119.41882, 33.60407],
          [-119.41773, 33.60538],
          [-119.39701, 33.63032],
          [-119.39592, 33.63164],
          [-119.37518, 33.65657],
          [-119.37409, 33.65788],
          [-119.35334, 33.68281],
          [-119.32678, 33.6874],
          [-119.32556, 33.68816],
          [-119.3048, 33.71308],
          [-119.30371, 33.71439],
          [-119.28294, 33.73931],
          [-119.28184, 33.74062],
          [-119.26106, 33.76553],
          [-119.23435, 33.76955],
          [-119.23326, 33.77086],
          [-119.21246, 33.79576],
          [-119.18574, 33.79977],
          [-119.18464, 33.80108],
          [-119.16383, 33.82598],
          [-119.1371, 33.82998],
          [-119.136, 33.83129],
          [-119.11517, 33.85617],
          [-119.11408, 33.85748],
          [-119.09324, 33.88237],
          [-119.09214, 33.88368],
          [-119.07129, 33.90856],
          [-119.04454, 33.91254],
          [-119.04344, 33.91385],
          [-119.02257, 33.93872],
          [-119.02147, 33.94003],
          [-119.0006, 33.96489],
          [-118.97383, 33.96886],
          [-118.97273, 33.97017],
          [-118.95184, 33.99503],
          [-118.92518, 33.99954],
          [-118.92396, 34.0003],
          [-118.90305, 34.02515],
          [-118.90195, 34.02645],
          [-118.88104, 34.0513],
          [-118.87993, 34.05261],
          [-118.85901, 34.07745],
          [-118.8579, 34.07875],
          [-118.83697, 34.10359],
          [-118.81028, 34.10808],
          [-118.80906, 34.10884],
          [-118.7881, 34.13366],
          [-118.76129, 34.1376],
          [-118.76018, 34.1389],
          [-118.73921, 34.16372],
          [-118.71251, 34.1682],
          [-118.71128, 34.16895],
          [-118.6903, 34.19376],
          [-118.66358, 34.19823],
          [-118.66236, 34.19898],
          [-118.63911, 34.21324],
          [-118.61451, 34.22769],
          [-118.58778, 34.23215],
          [-118.58656, 34.2329],
          [-118.56553, 34.25769],
          [-118.53868, 34.26158],
          [-118.51194, 34.26603],
          [-118.51072, 34.26678],
          [-118.48743, 34.28101],
          [-118.46057, 34.2849],
          [-118.43594, 34.29932],
          [-118.40907, 34.30319],
          [-118.3822, 34.30706],
          [-118.38109, 34.30836],
          [-118.36, 34.33312],
          [-118.35889, 34.33442],
          [-118.3378, 34.35917],
          [-118.31091, 34.36303],
          [-118.28402, 34.36688],
          [-118.28291, 34.36818],
          [-118.26179, 34.39292],
          [-118.23489, 34.39677],
          [-118.23378, 34.39807],
          [-118.21265, 34.4228],
          [-118.18574, 34.42664],
          [-118.15883, 34.43047],
          [-118.13192, 34.43429],
          [-118.13081, 34.4356],
          [-118.10965, 34.46031],
          [-118.08273, 34.46413],
          [-118.05581, 34.46794],
          [-118.05469, 34.46924],
          [-118.03131, 34.4834],
          [-118.00657, 34.49775],
          [-117.97964, 34.50155],
          [-117.95271, 34.50535],
          [-117.92589, 34.5097],
          [-117.89895, 34.51348],
          [-117.89772, 34.51423],
          [-117.87431, 34.52836],
          [-117.84955, 34.54269],
          [-117.8226, 34.54646],
          [-117.79576, 34.55078],
          [-117.79453, 34.55153],
          [-117.77327, 34.57619],
          [-117.74631, 34.57995],
          [-117.74519, 34.58125],
          [-117.72391, 34.60591],
          [-117.69706, 34.61021],
          [-117.69583, 34.61096],
          [-117.67237, 34.62506],
          [-117.64756, 34.63935],
          [-117.62069, 34.64364],
          [-117.61946, 34.64438],
          [-117.59598, 34.65848],
          [-117.57115, 34.67275],
          [-117.54428, 34.67703],
          [-117.54304, 34.67777],
          [-117.51955, 34.69185],
          [-117.49471, 34.70611],
          [-117.49358, 34.70741],
          [-117.47008, 34.72148],
          [-117.44308, 34.72519],
          [-117.41821, 34.73944],
          [-117.3912, 34.74314],
          [-117.3643, 34.74739],
          [-117.36307, 34.74813],
          [-117.33954, 34.76218],
          [-117.31465, 34.77641],
          [-117.28774, 34.78065],
          [-117.2865, 34.78139],
          [-117.26296, 34.79543],
          [-117.23806, 34.80965],
          [-117.23693, 34.81094],
          [-117.21337, 34.82497],
          [-117.18845, 34.83918],
          [-117.16152, 34.8434],
          [-117.16028, 34.84413],
          [-117.13671, 34.85815],
          [-117.11189, 34.8729],
          [-117.11065, 34.87364],
          [-117.08706, 34.88765],
          [-117.06, 34.89129],
          [-117.03505, 34.90548],
          [-117.00799, 34.90911],
          [-116.98104, 34.9133],
          [-116.9798, 34.91404],
          [-116.95618, 34.92803],
          [-116.93121, 34.94219],
          [-116.90414, 34.94581],
          [-116.90301, 34.9471],
          [-116.88147, 34.97162],
          [-116.85439, 34.97523],
          [-116.85325, 34.97652],
          [-116.8317, 35.00103],
          [-116.80461, 35.00463],
          [-116.80348, 35.00592],
          [-116.78191, 35.03042],
          [-116.75481, 35.03402],
          [-116.75367, 35.0353],
          [-116.73001, 35.04926],
          [-116.70498, 35.06338],
          [-116.67787, 35.06696],
          [-116.67673, 35.06825],
          [-116.65305, 35.08219],
          [-116.628, 35.0963],
          [-116.60099, 35.10042],
          [-116.59974, 35.10116],
          [-116.57604, 35.11508],
          [-116.55098, 35.12918],
          [-116.52396, 35.13329],
          [-116.52271, 35.13402],
          [-116.50105, 35.15848],
          [-116.49991, 35.15976],
          [-116.47825, 35.18421],
          [-116.47711, 35.1855],
          [-116.45543, 35.20994],
          [-116.45429, 35.21123],
          [-116.43261, 35.23567],
          [-116.40545, 35.2392],
          [-116.4043, 35.24049],
          [-116.3826, 35.26492],
          [-116.35543, 35.26844],
          [-116.32826, 35.27196],
          [-116.30119, 35.27604],
          [-116.29994, 35.27677],
          [-116.27821, 35.30118],
          [-116.25103, 35.30469],
          [-116.24988, 35.30597],
          [-116.22609, 35.31984],
          [-116.20094, 35.33387],
          [-116.17385, 35.33792],
          [-116.1726, 35.33865],
          [-116.15083, 35.36304],
          [-116.12363, 35.36653],
          [-116.12248, 35.36781],
          [-116.10069, 35.3922],
          [-116.09954, 35.39348],
          [-116.07775, 35.41786],
          [-116.0766, 35.41914],
          [-116.05479, 35.44351],
          [-116.05364, 35.44479],
          [-116.03182, 35.46916],
          [-116.00459, 35.47263],
          [-115.97735, 35.47609],
          [-115.97621, 35.47737],
          [-115.95436, 35.50172],
          [-115.92712, 35.50518],
          [-115.92597, 35.50646],
          [-115.90411, 35.5308],
          [-115.90296, 35.53208],
          [-115.9072, 35.55426],
          [-115.88532, 35.5786],
          [-115.88417, 35.57988],
          [-115.86229, 35.60421],
          [-115.86114, 35.60549],
          [-115.83924, 35.62982],
          [-115.83809, 35.6311],
          [-115.81619, 35.65542],
          [-115.81503, 35.6567],
          [-115.79312, 35.68102],
          [-115.76583, 35.68445],
          [-115.76467, 35.68572],
          [-115.74274, 35.71003],
          [-115.74159, 35.71131],
          [-115.71965, 35.73562],
          [-115.69234, 35.73903],
          [-115.66503, 35.74244],
          [-115.66387, 35.74371],
          [-115.64191, 35.768],
          [-115.61459, 35.7714],
          [-115.61343, 35.77268],
          [-115.59145, 35.79696],
          [-115.59029, 35.79824],
          [-115.5683, 35.82252],
          [-115.54097, 35.8259],
          [-115.53981, 35.82718],
          [-115.5178, 35.85145],
          [-115.49046, 35.85482],
          [-115.4893, 35.8561],
          [-115.46727, 35.88036],
          [-115.46611, 35.88164],
          [-115.44408, 35.90589],
          [-115.44292, 35.90717],
          [-115.42087, 35.93141],
          [-115.41971, 35.93269],
          [-115.39766, 35.95693],
          [-115.37028, 35.96029],
          [-115.34301, 35.96419],
          [-115.31563, 35.96754],
          [-115.28826, 35.97088],
          [-115.26088, 35.97422],
          [-115.25961, 35.97494],
          [-115.23555, 35.98864],
          [-115.21012, 36.00249],
          [-115.20896, 36.00377],
          [-115.18489, 36.01745],
          [-115.15955, 36.03185],
          [-115.15828, 36.03257],
          [-115.13615, 36.05677],
          [-115.13498, 36.05804],
          [-115.11284, 36.08224],
          [-115.11167, 36.08351],
          [-115.08757, 36.09717],
          [-115.0622, 36.11156],
          [-115.06093, 36.11227],
          [-115.03876, 36.13645],
          [-115.03759, 36.13773],
          [-115.01347, 36.15138],
          [-114.98797, 36.16519],
          [-114.9868, 36.16646],
          [-114.96267, 36.18011],
          [-114.93716, 36.19391],
          [-114.93599, 36.19518],
          [-114.91377, 36.21934],
          [-114.91261, 36.22061],
          [-114.89038, 36.24476],
          [-114.88921, 36.24603],
          [-114.86697, 36.27018],
          [-114.8658, 36.27145],
          [-114.84163, 36.28507],
          [-114.81618, 36.2994],
          [-114.81491, 36.30012],
          [-114.79072, 36.31373],
          [-114.76516, 36.3275],
          [-114.73778, 36.3313],
          [-114.7365, 36.33202],
          [-114.7123, 36.34562],
          [-114.68672, 36.35938],
          [-114.65933, 36.36317],
          [-114.65805, 36.36388],
          [-114.63383, 36.37747],
          [-114.60834, 36.39177],
          [-114.58083, 36.39499],
          [-114.57955, 36.3957],
          [-114.55532, 36.40928],
          [-114.5297, 36.42301],
          [-114.50229, 36.42677],
          [-114.50101, 36.42748],
          [-114.47865, 36.45156],
          [-114.45123, 36.45532],
          [-114.44995, 36.45603],
          [-114.42757, 36.4801],
          [-114.4264, 36.48136],
          [-114.40401, 36.50543],
          [-114.37647, 36.50861],
          [-114.37529, 36.50988],
          [-114.35288, 36.53393],
          [-114.35171, 36.5352],
          [-114.32929, 36.55925],
          [-114.30173, 36.56242],
          [-114.30055, 36.56369],
          [-114.27812, 36.58773],
          [-114.27694, 36.58899],
          [-114.28089, 36.61112],
          [-114.25844, 36.63515],
          [-114.23086, 36.63832],
          [-114.22968, 36.63958],
          [-114.20722, 36.6636],
          [-114.20604, 36.66487],
          [-114.20997, 36.68699],
          [-114.18749, 36.71101],
          [-114.18631, 36.71227],
          [-114.16382, 36.73628],
          [-114.16264, 36.73755],
          [-114.14014, 36.76155],
          [-114.13896, 36.76281],
          [-114.11645, 36.78681],
          [-114.11526, 36.78808],
          [-114.09274, 36.81207],
          [-114.06512, 36.8152],
          [-114.06393, 36.81646],
          [-114.04139, 36.84045],
          [-114.01376, 36.84357],
          [-114.01257, 36.84484],
          [-113.98817, 36.8583],
          [-113.96237, 36.87193],
          [-113.93473, 36.87504],
          [-113.90708, 36.87814],
          [-113.90589, 36.8794],
          [-113.88331, 36.90336],
          [-113.85565, 36.90646],
          [-113.82799, 36.90955],
          [-113.8268, 36.91081],
          [-113.80419, 36.93476],
          [-113.77653, 36.93784],
          [-113.74886, 36.94092],
          [-113.72119, 36.944],
          [-113.72, 36.94526],
          [-113.69736, 36.96918],
          [-113.66968, 36.97225],
          [-113.642, 36.97531],
          [-113.64081, 36.97657],
          [-113.61814, 37.00048],
          [-113.61695, 37.00174],
          [-113.59428, 37.02565],
          [-113.59308, 37.02691],
          [-113.5704, 37.05081],
          [-113.5427, 37.05385],
          [-113.5415, 37.05511],
          [-113.5188, 37.079],
          [-113.5176, 37.08026],
          [-113.49489, 37.10415],
          [-113.4937, 37.1054],
          [-113.47097, 37.12928],
          [-113.46978, 37.13054],
          [-113.44704, 37.15442],
          [-113.44585, 37.15567],
          [-113.4231, 37.17954],
          [-113.42191, 37.1808],
          [-113.4257, 37.2029],
          [-113.42949, 37.225],
          [-113.40673, 37.24886],
          [-113.40553, 37.25011],
          [-113.40933, 37.27221],
          [-113.41312, 37.2943],
          [-113.39034, 37.31815],
          [-113.38914, 37.31941],
          [-113.36635, 37.34325],
          [-113.36515, 37.34451],
          [-113.34235, 37.36835],
          [-113.34115, 37.3696],
          [-113.31833, 37.39344],
          [-113.31713, 37.39469],
          [-113.32091, 37.41678],
          [-113.29809, 37.4406],
          [-113.29688, 37.44186],
          [-113.30066, 37.46394],
          [-113.27782, 37.48776],
          [-113.27662, 37.48901],
          [-113.28039, 37.51109],
          [-113.25754, 37.5349],
          [-113.25633, 37.53615],
          [-113.23347, 37.55996],
          [-113.23226, 37.56122],
          [-113.23603, 37.58329],
          [-113.2398, 37.60535],
          [-113.24138, 37.60631],
          [-113.27143, 37.62443],
          [-113.27521, 37.64649],
          [-113.27899, 37.66856],
          [-113.2561, 37.69235],
          [-113.25489, 37.69361],
          [-113.25867, 37.71566],
          [-113.23577, 37.73945],
          [-113.23456, 37.74071],
          [-113.23834, 37.76276],
          [-113.21542, 37.78654],
          [-113.21421, 37.78779],
          [-113.19128, 37.81157],
          [-113.19007, 37.81282],
          [-113.19384, 37.83487],
          [-113.1709, 37.85864],
          [-113.16969, 37.85989],
          [-113.14673, 37.88365],
          [-113.14553, 37.8849],
          [-113.12256, 37.90866],
          [-113.12135, 37.90991],
          [-113.09838, 37.93367],
          [-113.07043, 37.93662],
          [-113.06922, 37.93787],
          [-113.04623, 37.96162],
          [-113.04502, 37.96286],
          [-113.02201, 37.9866],
          [-112.99405, 37.98955],
          [-112.99284, 37.99079],
          [-112.96982, 38.01452],
          [-112.94185, 38.01746],
          [-112.91388, 38.02039],
          [-112.88591, 38.02332],
          [-112.88469, 38.02456],
          [-112.86164, 38.04827],
          [-112.83366, 38.05119],
          [-112.83244, 38.05244],
          [-112.80937, 38.07614],
          [-112.78138, 38.07905],
          [-112.78017, 38.08029],
          [-112.75708, 38.10398],
          [-112.75586, 38.10523],
          [-112.73276, 38.12891],
          [-112.73155, 38.13016],
          [-112.73523, 38.15219],
          [-112.73892, 38.17421],
          [-112.74261, 38.19624],
          [-112.7463, 38.21826],
          [-112.72317, 38.24193],
          [-112.69513, 38.24482],
          [-112.69392, 38.24607],
          [-112.66903, 38.25927],
          [-112.64273, 38.27261],
          [-112.64151, 38.27386],
          [-112.61835, 38.29751],
          [-112.61713, 38.29875],
          [-112.59395, 38.3224],
          [-112.56589, 38.32527],
          [-112.56467, 38.32651],
          [-112.54148, 38.35015],
          [-112.51341, 38.35301],
          [-112.51219, 38.35425],
          [-112.48726, 38.36742],
          [-112.45918, 38.37027],
          [-112.43078, 38.36252],
          [-112.42929, 38.36212],
          [-112.3994, 38.35395],
          [-112.37101, 38.34619],
          [-112.36943, 38.34523],
          [-112.33933, 38.32701],
          [-112.33784, 38.3266],
          [-112.30977, 38.32943],
          [-112.30846, 38.33012],
          [-112.28293, 38.33978],
          [-112.25542, 38.34608],
          [-112.24257, 38.35912],
          [-112.23094, 38.37092],
          [-112.21808, 38.38395],
          [-112.20814, 38.4062],
          [-112.20785, 38.40735],
          [-112.20207, 38.4303],
          [-112.1873, 38.45358],
          [-112.18669, 38.4542],
          [-112.16277, 38.47839],
          [-112.16145, 38.47908],
          [-112.13814, 38.50265],
          [-112.11011, 38.50599],
          [-112.10879, 38.50668],
          [-112.08377, 38.51978],
          [-112.05733, 38.53302],
          [-112.0561, 38.53426],
          [-112.03276, 38.55781],
          [-112.03153, 38.55905],
          [-112.03508, 38.58105],
          [-112.03864, 38.60305],
          [-112.04219, 38.62504],
          [-112.01882, 38.64858],
          [-112, 38.65043]
        ]
      }
    },
    {
      "type": "Feature",
      "id": "2026090606_f024_14000_001",
      "properties": {
        "product_id": "winter_storm_levels",
        "source_id": "nbm_snow_level",
        "parameter": "snow_level",
        "definition": "height of the wet-bulb 0.5 degree C surface",
        "level_ft_msl": 14000,
        "label": "14,000 ft MSL",
        "unit": "ft_msl",
        "cycle_time_utc": "2026-09-06T06:00:00Z",
        "valid_time_utc": "2026-09-07T06:00:00Z",
        "lead_hours": 24,
        "segment": 1,
        "length_m": 17032.4
      },
      "geometry": {
        "type": "LineString",
        "coordinates": [
          [-115.76106, 34.20732],
          [-115.7417, 34.22917],
          [-115.71476, 34.2326],
          [-115.68834, 34.21658],
          [-115.70771, 34.19474],
          [-115.73464, 34.19131],
          [-115.76106, 34.20732]
        ]
      }
    },
    {
      "type": "Feature",
      "id": "2026090606_f024_14000_002",
      "properties": {
        "product_id": "winter_storm_levels",
        "source_id": "nbm_snow_level",
        "parameter": "snow_level",
        "definition": "height of the wet-bulb 0.5 degree C surface",
        "level_ft_msl": 14000,
        "label": "14,000 ft MSL",
        "unit": "ft_msl",
        "cycle_time_utc": "2026-09-06T06:00:00Z",
        "valid_time_utc": "2026-09-07T06:00:00Z",
        "lead_hours": 24,
        "segment": 2,
        "length_m": 10706.7
      },
      "geometry": {
        "type": "LineString",
        "coordinates": [
          [-117.09266, 33.50565],
          [-117.08931, 33.50954],
          [-117.07033, 33.53159],
          [-117.06697, 33.53548],
          [-117.06231, 33.53269],
          [-117.05792, 33.5104],
          [-117.06127, 33.50651],
          [-117.08799, 33.50285],
          [-117.09266, 33.50565]
        ]
      }
    },
    {
      "type": "Feature",
      "id": "2026090606_f024_14000_003",
      "properties": {
        "product_id": "winter_storm_levels",
        "source_id": "nbm_snow_level",
        "parameter": "snow_level",
        "definition": "height of the wet-bulb 0.5 degree C surface",
        "level_ft_msl": 14000,
        "label": "14,000 ft MSL",
        "unit": "ft_msl",
        "cycle_time_utc": "2026-09-06T06:00:00Z",
        "valid_time_utc": "2026-09-07T06:00:00Z",
        "lead_hours": 24,
        "segment": 3,
        "length_m": 1438014.7
      },
      "geometry": {
        "type": "LineString",
        "coordinates": [
          [-120.39356, 30.25739],
          [-120.39627, 30.26973],
          [-120.37844, 30.29232],
          [-120.3753, 30.29631],
          [-120.35746, 30.3189],
          [-120.35431, 30.32288],
          [-120.35921, 30.34523],
          [-120.36383, 30.34794],
          [-120.38972, 30.34371],
          [-120.4159, 30.3591],
          [-120.42052, 30.36182],
          [-120.4467, 30.3772],
          [-120.45162, 30.39954],
          [-120.43379, 30.42213],
          [-120.43064, 30.42611],
          [-120.4128, 30.4487],
          [-120.38689, 30.45294],
          [-120.38374, 30.45692],
          [-120.38865, 30.47926],
          [-120.39356, 30.50159],
          [-120.39818, 30.50431],
          [-120.41338, 30.52149],
          [-120.42932, 30.54203],
          [-120.41146, 30.56461],
          [-120.40831, 30.5686],
          [-120.39044, 30.59118],
          [-120.38728, 30.59516],
          [-120.36941, 30.61774],
          [-120.34346, 30.62196],
          [-120.3403, 30.62595],
          [-120.34521, 30.64828],
          [-120.35012, 30.67061],
          [-120.35475, 30.67332],
          [-120.381, 30.68871],
          [-120.38592, 30.71104],
          [-120.39084, 30.73336],
          [-120.39576, 30.75569],
          [-120.37786, 30.77826],
          [-120.35188, 30.78249],
          [-120.34872, 30.78647],
          [-120.3308, 30.80903],
          [-120.30518, 30.81493],
          [-120.30164, 30.81723],
          [-120.28372, 30.83979],
          [-120.28055, 30.84377],
          [-120.28546, 30.8661],
          [-120.2901, 30.86881],
          [-120.31638, 30.8842],
          [-120.32065, 30.88525],
          [-120.34926, 30.90199],
          [-120.35158, 30.90335],
          [-120.38006, 30.91028],
          [-120.39321, 30.91797],
          [-120.41115, 30.93817],
          [-120.41384, 30.9412],
          [-120.44015, 30.95657],
          [-120.44705, 30.97857],
          [-120.45199, 31.00088],
          [-120.45499, 31.02351],
          [-120.43706, 31.04608],
          [-120.43389, 31.05006],
          [-120.41595, 31.07262],
          [-120.41279, 31.0766],
          [-120.39274, 31.08968],
          [-120.36669, 31.09391],
          [-120.34245, 31.08802],
          [-120.33829, 31.08753],
          [-120.31211, 31.09119],
          [-120.28569, 31.09373],
          [-120.25963, 31.09794],
          [-120.25645, 31.10192],
          [-120.26137, 31.12423],
          [-120.26601, 31.12695],
          [-120.29235, 31.14234],
          [-120.29727, 31.16465],
          [-120.27929, 31.18719],
          [-120.27612, 31.19117],
          [-120.25813, 31.21371],
          [-120.25691, 31.21737],
          [-120.25987, 31.23999],
          [-120.2537, 31.26409],
          [-120.2447, 31.27536],
          [-120.22068, 31.28904],
          [-120.2175, 31.29301],
          [-120.19949, 31.31554],
          [-120.19631, 31.31952],
          [-120.17828, 31.34204],
          [-120.15253, 31.3479],
          [-120.14898, 31.35021],
          [-120.13094, 31.37272],
          [-120.12775, 31.3767],
          [-120.10971, 31.39921],
          [-120.10652, 31.40318],
          [-120.08846, 31.42569],
          [-120.06232, 31.42987],
          [-120.05913, 31.43384],
          [-120.04106, 31.45634],
          [-120.03787, 31.46031],
          [-120.0198, 31.48282],
          [-120.01661, 31.48679],
          [-119.99852, 31.50928],
          [-119.99729, 31.51294],
          [-120.00021, 31.53556],
          [-120.00509, 31.55786],
          [-119.98699, 31.58035],
          [-119.98379, 31.58432],
          [-119.96568, 31.60681],
          [-119.96249, 31.61078],
          [-119.94437, 31.63326],
          [-119.94117, 31.63723],
          [-119.92305, 31.65971],
          [-119.89721, 31.66553],
          [-119.89365, 31.66782],
          [-119.87551, 31.69029],
          [-119.84966, 31.6961],
          [-119.8461, 31.6984],
          [-119.82794, 31.72086],
          [-119.82474, 31.72483],
          [-119.80658, 31.74729],
          [-119.78035, 31.75142],
          [-119.77715, 31.75538],
          [-119.75897, 31.77784],
          [-119.75576, 31.7818],
          [-119.73758, 31.80425],
          [-119.73437, 31.80821],
          [-119.73903, 31.81094],
          [-119.76527, 31.80682],
          [-119.7917, 31.82227],
          [-119.79655, 31.84457],
          [-119.77836, 31.86702],
          [-119.77515, 31.87099],
          [-119.75696, 31.89344],
          [-119.7307, 31.89755],
          [-119.72749, 31.90151],
          [-119.70928, 31.92396],
          [-119.70607, 31.92792],
          [-119.68785, 31.95036],
          [-119.68463, 31.95432],
          [-119.66641, 31.97675],
          [-119.64049, 31.98253],
          [-119.63691, 31.98481],
          [-119.61867, 32.00724],
          [-119.61545, 32.0112],
          [-119.62028, 32.03349],
          [-119.60203, 32.05592],
          [-119.59881, 32.05987],
          [-119.60363, 32.08216],
          [-119.6083, 32.08489],
          [-119.63477, 32.10036],
          [-119.63961, 32.12265],
          [-119.62135, 32.14507],
          [-119.61812, 32.14903],
          [-119.62296, 32.17131],
          [-119.6166, 32.19534],
          [-119.60952, 32.21601],
          [-119.60629, 32.21997],
          [-119.58801, 32.24238],
          [-119.58478, 32.24634],
          [-119.56649, 32.26875],
          [-119.56326, 32.2727],
          [-119.54291, 32.28564],
          [-119.51897, 32.30086],
          [-119.51537, 32.30314],
          [-119.49706, 32.32554],
          [-119.49383, 32.32949],
          [-119.47551, 32.35189],
          [-119.47227, 32.35584],
          [-119.45394, 32.37823],
          [-119.45071, 32.38218],
          [-119.43237, 32.40457],
          [-119.42913, 32.40852],
          [-119.41078, 32.43091],
          [-119.40754, 32.43486],
          [-119.41235, 32.45713],
          [-119.39399, 32.47951],
          [-119.39075, 32.48346],
          [-119.37238, 32.50584],
          [-119.36914, 32.50979],
          [-119.35076, 32.53216],
          [-119.32434, 32.5362],
          [-119.3211, 32.54015],
          [-119.32589, 32.56242],
          [-119.3075, 32.58479],
          [-119.30425, 32.58873],
          [-119.28585, 32.61109],
          [-119.2826, 32.61504],
          [-119.2642, 32.63739],
          [-119.26095, 32.64134],
          [-119.24253, 32.66369],
          [-119.23928, 32.66764],
          [-119.22085, 32.68998],
          [-119.2176, 32.69393],
          [-119.19916, 32.71627],
          [-119.19591, 32.72022],
          [-119.17544, 32.73309],
          [-119.15099, 32.74657],
          [-119.14773, 32.75051],
          [-119.12928, 32.77284],
          [-119.12602, 32.77678],
          [-119.10755, 32.79911],
          [-119.10429, 32.80305],
          [-119.08582, 32.82538],
          [-119.05932, 32.82938],
          [-119.05606, 32.83332],
          [-119.03757, 32.85563],
          [-119.03431, 32.85957],
          [-119.01581, 32.88189],
          [-119.01254, 32.88582],
          [-118.99404, 32.90814],
          [-118.99077, 32.91207],
          [-118.97226, 32.93438],
          [-118.96899, 32.93831],
          [-118.94845, 32.95116],
          [-118.92393, 32.96459],
          [-118.92066, 32.96852],
          [-118.90212, 32.99082],
          [-118.87594, 32.99645],
          [-118.87231, 32.99872],
          [-118.85175, 33.01154],
          [-118.8272, 33.02496],
          [-118.82393, 33.02889],
          [-118.80536, 33.05118],
          [-118.77916, 33.05679],
          [-118.77552, 33.05905],
          [-118.75694, 33.08133],
          [-118.73037, 33.08527],
          [-118.72709, 33.0892],
          [-118.7065, 33.102],
          [-118.68192, 33.11539],
          [-118.67864, 33.11932],
          [-118.65804, 33.13212],
          [-118.63344, 33.1455],
          [-118.60685, 33.14942],
          [-118.60357, 33.15335],
          [-118.58494, 33.1756],
          [-118.58165, 33.17952],
          [-118.56103, 33.19231],
          [-118.53641, 33.20567],
          [-118.53312, 33.2096],
          [-118.51446, 33.23184],
          [-118.51117, 33.23576],
          [-118.49251, 33.25799],
          [-118.48921, 33.26192],
          [-118.46857, 33.27468],
          [-118.44392, 33.28803],
          [-118.44062, 33.29196],
          [-118.41996, 33.30472],
          [-118.3953, 33.31806],
          [-118.36867, 33.32194],
          [-118.36536, 33.32586],
          [-118.34469, 33.33861],
          [-118.32001, 33.35194],
          [-118.29337, 33.3558],
          [-118.29006, 33.35972],
          [-118.26937, 33.37246],
          [-118.24468, 33.38578],
          [-118.24138, 33.38969],
          [-118.22068, 33.40243],
          [-118.19597, 33.41573],
          [-118.1693, 33.41958],
          [-118.16599, 33.42349],
          [-118.14723, 33.44568],
          [-118.12056, 33.44951],
          [-118.09388, 33.45334],
          [-118.09057, 33.45725],
          [-118.07179, 33.47943],
          [-118.0451, 33.48325],
          [-118.01841, 33.48707],
          [-118.0151, 33.49098],
          [-117.9963, 33.51314],
          [-117.9696, 33.51695],
          [-117.9429, 33.52075],
          [-117.9162, 33.52455],
          [-117.8895, 33.52835],
          [-117.86294, 33.51265],
          [-117.85839, 33.49039],
          [-117.85371, 33.48762],
          [-117.82716, 33.47191],
          [-117.82262, 33.44965],
          [-117.81794, 33.44688],
          [-117.79141, 33.43116],
          [-117.78673, 33.42839],
          [-117.76004, 33.43217],
          [-117.73336, 33.43594],
          [-117.70667, 33.43971],
          [-117.68015, 33.42397],
          [-117.67548, 33.4212],
          [-117.64879, 33.42496],
          [-117.6221, 33.42871],
          [-117.59541, 33.43246],
          [-117.56872, 33.4362],
          [-117.54203, 33.43994],
          [-117.51534, 33.44368],
          [-117.48864, 33.44741],
          [-117.48531, 33.45131],
          [-117.46641, 33.47341],
          [-117.46307, 33.47731],
          [-117.44417, 33.49941],
          [-117.41745, 33.50313],
          [-117.39074, 33.50684],
          [-117.36403, 33.51056],
          [-117.36069, 33.51445],
          [-117.34175, 33.53654],
          [-117.31503, 33.54024],
          [-117.31169, 33.54413],
          [-117.29274, 33.56621],
          [-117.26601, 33.5699],
          [-117.23927, 33.57359],
          [-117.21254, 33.57728],
          [-117.1858, 33.58096],
          [-117.15906, 33.58463],
          [-117.15571, 33.58853],
          [-117.13673, 33.61058],
          [-117.13337, 33.61447],
          [-117.11438, 33.63652],
          [-117.08763, 33.64019],
          [-117.06087, 33.64385],
          [-117.0344, 33.62802],
          [-117.02972, 33.62523],
          [-117.00326, 33.60939],
          [-116.99859, 33.6066],
          [-116.97184, 33.61024],
          [-116.94509, 33.61388],
          [-116.91833, 33.61752],
          [-116.89157, 33.62115],
          [-116.86482, 33.62478],
          [-116.83806, 33.6284],
          [-116.83469, 33.63229],
          [-116.81564, 33.6543],
          [-116.81227, 33.65819],
          [-116.79321, 33.6802],
          [-116.78985, 33.68408],
          [-116.79451, 33.68688],
          [-116.82097, 33.70274],
          [-116.82564, 33.70554],
          [-116.85241, 33.70192],
          [-116.87919, 33.6983],
          [-116.90566, 33.71415],
          [-116.91033, 33.71695],
          [-116.93681, 33.73279],
          [-116.94118, 33.75506],
          [-116.94556, 33.77733],
          [-116.9265, 33.79935],
          [-116.8997, 33.80298],
          [-116.8729, 33.80661],
          [-116.84641, 33.79076],
          [-116.84174, 33.78796],
          [-116.81526, 33.7721],
          [-116.81059, 33.76931],
          [-116.78379, 33.77292],
          [-116.75733, 33.75705],
          [-116.75266, 33.75425],
          [-116.72587, 33.75785],
          [-116.69907, 33.76145],
          [-116.67227, 33.76505],
          [-116.6689, 33.76893],
          [-116.67322, 33.7912],
          [-116.65411, 33.81319],
          [-116.65073, 33.81707],
          [-116.63161, 33.83905],
          [-116.62823, 33.84293],
          [-116.60727, 33.85544],
          [-116.5826, 33.87016],
          [-116.5789, 33.87236],
          [-116.55793, 33.88487],
          [-116.53292, 33.8979],
          [-116.50608, 33.90147],
          [-116.47925, 33.90503],
          [-116.45241, 33.90859],
          [-116.44903, 33.91246],
          [-116.42985, 33.93441],
          [-116.403, 33.93796],
          [-116.39961, 33.94184],
          [-116.38042, 33.96378],
          [-116.35356, 33.96732],
          [-116.32671, 33.97086],
          [-116.29985, 33.97439],
          [-116.27299, 33.97791],
          [-116.26959, 33.98178],
          [-116.25037, 34.00371],
          [-116.2235, 34.00723],
          [-116.19663, 34.01074],
          [-116.16976, 34.01425],
          [-116.16636, 34.01812],
          [-116.14531, 34.03056],
          [-116.12023, 34.04353],
          [-116.09334, 34.04703],
          [-116.08994, 34.05089],
          [-116.06888, 34.06333],
          [-116.04378, 34.07628],
          [-116.01689, 34.07977],
          [-115.98999, 34.08324],
          [-115.96309, 34.08672],
          [-115.9362, 34.09019],
          [-115.9093, 34.09365],
          [-115.88288, 34.07766],
          [-115.87822, 34.07484],
          [-115.85181, 34.05884],
          [-115.84715, 34.05601],
          [-115.82026, 34.05946],
          [-115.79336, 34.06291],
          [-115.76646, 34.06635],
          [-115.73956, 34.06979],
          [-115.71266, 34.07322],
          [-115.68576, 34.07665],
          [-115.65885, 34.08008],
          [-115.63226, 34.08517],
          [-115.62853, 34.08735],
          [-115.60916, 34.1092],
          [-115.60574, 34.11305],
          [-115.58637, 34.13489],
          [-115.58295, 34.13875],
          [-115.56356, 34.16058],
          [-115.56014, 34.16444],
          [-115.56425, 34.18672],
          [-115.54486, 34.20855],
          [-115.54143, 34.2124],
          [-115.54555, 34.23468],
          [-115.54966, 34.25695],
          [-115.53025, 34.27878],
          [-115.52682, 34.28263],
          [-115.5074, 34.30445],
          [-115.50397, 34.3083],
          [-115.48454, 34.33012],
          [-115.45757, 34.3335],
          [-115.45414, 34.33735],
          [-115.43469, 34.35916],
          [-115.43126, 34.36301],
          [-115.41181, 34.38481],
          [-115.38482, 34.38819],
          [-115.38139, 34.39204],
          [-115.38547, 34.41431],
          [-115.366, 34.4361],
          [-115.36257, 34.43995],
          [-115.34308, 34.46174],
          [-115.33965, 34.46558],
          [-115.32016, 34.48737],
          [-115.29314, 34.49073],
          [-115.2897, 34.49457],
          [-115.27019, 34.51635],
          [-115.26675, 34.52019],
          [-115.24724, 34.54197],
          [-115.22021, 34.54532],
          [-115.21676, 34.54916],
          [-115.19551, 34.56146],
          [-115.1702, 34.57426],
          [-115.16675, 34.5781],
          [-115.14548, 34.5904],
          [-115.12016, 34.60319],
          [-115.11671, 34.60703],
          [-115.09543, 34.61932],
          [-115.0704, 34.63377],
          [-115.06664, 34.63594],
          [-115.04707, 34.65768],
          [-115.04361, 34.66152],
          [-115.02403, 34.68326],
          [-115.02057, 34.68709],
          [-115.00098, 34.70882],
          [-114.97421, 34.7138],
          [-114.97044, 34.71596],
          [-114.95084, 34.73769],
          [-114.92405, 34.74266],
          [-114.92029, 34.74482],
          [-114.90067, 34.76654],
          [-114.89721, 34.77037],
          [-114.87758, 34.79208],
          [-114.87411, 34.79591],
          [-114.85447, 34.81762],
          [-114.85101, 34.82145],
          [-114.83136, 34.84316],
          [-114.82789, 34.84699],
          [-114.83189, 34.86924],
          [-114.81223, 34.89094],
          [-114.80876, 34.89477],
          [-114.78909, 34.91646],
          [-114.78561, 34.92029],
          [-114.7896, 34.94254],
          [-114.79359, 34.96478],
          [-114.77391, 34.98647],
          [-114.77044, 34.9903],
          [-114.77442, 35.01254],
          [-114.77841, 35.03478],
          [-114.75871, 35.05646],
          [-114.75524, 35.06029],
          [-114.75923, 35.08253],
          [-114.76322, 35.10476],
          [-114.7435, 35.12644],
          [-114.74002, 35.13026],
          [-114.74401, 35.1525],
          [-114.72428, 35.17417],
          [-114.7208, 35.17799],
          [-114.70106, 35.19965],
          [-114.69758, 35.20348],
          [-114.70156, 35.22571],
          [-114.68181, 35.24736],
          [-114.67832, 35.25118],
          [-114.65857, 35.27284],
          [-114.65508, 35.27666],
          [-114.63362, 35.28886],
          [-114.60808, 35.30155],
          [-114.58085, 35.30478],
          [-114.55193, 35.29857],
          [-114.52469, 35.30179],
          [-114.49987, 35.29508],
          [-114.49549, 35.2939],
          [-114.46825, 35.29711],
          [-114.44101, 35.30033],
          [-114.41387, 35.30409],
          [-114.41203, 35.30544],
          [-114.39046, 35.32897],
          [-114.38666, 35.33111],
          [-114.36684, 35.35273],
          [-114.36334, 35.35654],
          [-114.35567, 35.38013],
          [-114.34741, 35.40037],
          [-114.34391, 35.40419],
          [-114.34783, 35.42641],
          [-114.32798, 35.44801],
          [-114.32447, 35.45182],
          [-114.30461, 35.47342],
          [-114.27732, 35.4766],
          [-114.27382, 35.48041],
          [-114.25394, 35.502],
          [-114.25043, 35.50581],
          [-114.23054, 35.5274],
          [-114.22703, 35.5312],
          [-114.23093, 35.55342],
          [-114.21103, 35.575],
          [-114.20752, 35.57881],
          [-114.21141, 35.60102],
          [-114.1915, 35.62259],
          [-114.18799, 35.6264],
          [-114.19188, 35.64861],
          [-114.17196, 35.67018],
          [-114.16844, 35.67398],
          [-114.17233, 35.69619],
          [-114.17623, 35.71839],
          [-114.18012, 35.7406],
          [-114.18402, 35.7628],
          [-114.16407, 35.78436],
          [-114.16055, 35.78816],
          [-114.14059, 35.80971],
          [-114.13707, 35.81351],
          [-114.11711, 35.83506],
          [-114.08973, 35.83821],
          [-114.0862, 35.84201],
          [-114.09008, 35.86421],
          [-114.0701, 35.88575],
          [-114.0427, 35.88889],
          [-114.03918, 35.89269],
          [-114.01918, 35.91422],
          [-113.99177, 35.91735],
          [-113.96437, 35.92048],
          [-113.93696, 35.9236],
          [-113.93343, 35.92739],
          [-113.9134, 35.94891],
          [-113.88599, 35.95202],
          [-113.85857, 35.95513],
          [-113.85504, 35.95893],
          [-113.83499, 35.98043],
          [-113.80757, 35.98353],
          [-113.80403, 35.98733],
          [-113.78396, 36.00882],
          [-113.78042, 36.01261],
          [-113.76035, 36.0341],
          [-113.73291, 36.03719],
          [-113.72937, 36.04098],
          [-113.70928, 36.06246],
          [-113.68183, 36.06554],
          [-113.67829, 36.06933],
          [-113.65657, 36.08138],
          [-113.63073, 36.09388],
          [-113.60327, 36.09694],
          [-113.59972, 36.10073],
          [-113.57959, 36.12219],
          [-113.55213, 36.12525],
          [-113.54857, 36.12903],
          [-113.52844, 36.15049],
          [-113.50096, 36.15354],
          [-113.4974, 36.15732],
          [-113.47725, 36.17877],
          [-113.47369, 36.18255],
          [-113.45353, 36.20399],
          [-113.42604, 36.20703],
          [-113.42248, 36.21081],
          [-113.4023, 36.23224],
          [-113.39874, 36.23602],
          [-113.37855, 36.25745],
          [-113.37499, 36.26123],
          [-113.35479, 36.28265],
          [-113.32728, 36.28567],
          [-113.29976, 36.28868],
          [-113.2962, 36.29246],
          [-113.27598, 36.31387],
          [-113.24845, 36.31688],
          [-113.22093, 36.31988],
          [-113.21736, 36.32366],
          [-113.19712, 36.34505],
          [-113.19355, 36.34883],
          [-113.1733, 36.37022],
          [-113.16972, 36.374],
          [-113.14947, 36.39538],
          [-113.12192, 36.39837],
          [-113.11834, 36.40214],
          [-113.09807, 36.42352],
          [-113.09449, 36.42729],
          [-113.07421, 36.44867],
          [-113.07063, 36.45244],
          [-113.05034, 36.47381],
          [-113.04675, 36.47758],
          [-113.02645, 36.49895],
          [-112.99888, 36.50191],
          [-112.99529, 36.50568],
          [-112.97498, 36.52704],
          [-112.94739, 36.52999],
          [-112.9438, 36.53376],
          [-112.92347, 36.55511],
          [-112.91988, 36.55887],
          [-112.89954, 36.58022],
          [-112.89595, 36.58398],
          [-112.8756, 36.60532],
          [-112.87201, 36.60909],
          [-112.87567, 36.63125],
          [-112.85531, 36.65258],
          [-112.85171, 36.65634],
          [-112.85537, 36.6785],
          [-112.85903, 36.70066],
          [-112.83865, 36.72198],
          [-112.83505, 36.72575],
          [-112.81467, 36.74706],
          [-112.81107, 36.75083],
          [-112.78912, 36.76273],
          [-112.76301, 36.77506],
          [-112.75941, 36.77882],
          [-112.739, 36.80013],
          [-112.71134, 36.80304],
          [-112.68367, 36.80595],
          [-112.65601, 36.80885],
          [-112.62942, 36.79249],
          [-112.6258, 36.77034],
          [-112.64623, 36.74904],
          [-112.64984, 36.74528],
          [-112.67026, 36.72398],
          [-112.67386, 36.72022],
          [-112.69427, 36.69892],
          [-112.72191, 36.69601],
          [-112.72551, 36.69225],
          [-112.7459, 36.67093],
          [-112.7495, 36.66717],
          [-112.74587, 36.64501],
          [-112.76625, 36.62369],
          [-112.76984, 36.61993],
          [-112.76621, 36.59776],
          [-112.76257, 36.5756],
          [-112.75788, 36.57271],
          [-112.73133, 36.55635],
          [-112.72665, 36.55346],
          [-112.70011, 36.53709],
          [-112.69543, 36.5342],
          [-112.69183, 36.53796],
          [-112.67145, 36.55928],
          [-112.64385, 36.56219],
          [-112.64025, 36.56595],
          [-112.61985, 36.58726],
          [-112.61625, 36.59102],
          [-112.59584, 36.61232],
          [-112.59224, 36.61608],
          [-112.59585, 36.63825],
          [-112.57543, 36.65954],
          [-112.57182, 36.6633],
          [-112.55139, 36.68459],
          [-112.54779, 36.68835],
          [-112.55138, 36.71051],
          [-112.53094, 36.7318],
          [-112.52733, 36.73556],
          [-112.53093, 36.75771],
          [-112.51048, 36.77899],
          [-112.50687, 36.78275],
          [-112.51046, 36.8049],
          [-112.48999, 36.82618],
          [-112.48638, 36.82993],
          [-112.4659, 36.8512],
          [-112.46229, 36.85495],
          [-112.4418, 36.87622],
          [-112.43818, 36.87997],
          [-112.41769, 36.90123],
          [-112.41407, 36.90498],
          [-112.39357, 36.92623],
          [-112.38995, 36.92998],
          [-112.39352, 36.95213],
          [-112.373, 36.97338],
          [-112.36938, 36.97713],
          [-112.37295, 36.99927],
          [-112.35242, 37.02051],
          [-112.3488, 37.02426],
          [-112.35236, 37.04639],
          [-112.33182, 37.06763],
          [-112.32819, 37.07137],
          [-112.33176, 37.09351],
          [-112.33533, 37.11564],
          [-112.31477, 37.13687],
          [-112.31114, 37.14061],
          [-112.29057, 37.16183],
          [-112.28694, 37.16558],
          [-112.26636, 37.1868],
          [-112.26272, 37.19054],
          [-112.24213, 37.21175],
          [-112.2385, 37.21549],
          [-112.2179, 37.2367],
          [-112.21427, 37.24044],
          [-112.19366, 37.26165],
          [-112.19002, 37.26539],
          [-112.1694, 37.28658],
          [-112.1416, 37.2894],
          [-112.13796, 37.29314],
          [-112.11733, 37.31432],
          [-112.08952, 37.31713],
          [-112.0617, 37.31993],
          [-112.05806, 37.32367],
          [-112.03741, 37.34484],
          [-112.03376, 37.34858],
          [-112.03727, 37.3707],
          [-112.01661, 37.39186],
          [-112.01296, 37.3956],
          [-112, 37.40886]
        ]
      }
    },
    {
      "type": "Feature",
      "id": "2026090606_f024_14000_004",
      "properties": {
        "product_id": "winter_storm_levels",
        "source_id": "nbm_snow_level",
        "parameter": "snow_level",
        "definition": "height of the wet-bulb 0.5 degree C surface",
        "level_ft_msl": 14000,
        "label": "14,000 ft MSL",
        "unit": "ft_msl",
        "cycle_time_utc": "2026-09-06T06:00:00Z",
        "valid_time_utc": "2026-09-07T06:00:00Z",
        "lead_hours": 24,
        "segment": 4,
        "length_m": 428298.4
      },
      "geometry": {
        "type": "LineString",
        "coordinates": [
          [-124.15616, 30.22682],
          [-124.15296, 30.23114],
          [-124.12724, 30.23599],
          [-124.10152, 30.24083],
          [-124.0758, 30.24567],
          [-124.05008, 30.25051],
          [-124.04706, 30.25457],
          [-124.02995, 30.27757],
          [-124.00421, 30.2824],
          [-123.97759, 30.26761],
          [-123.97289, 30.265],
          [-123.94716, 30.26982],
          [-123.92143, 30.27464],
          [-123.89569, 30.27945],
          [-123.86995, 30.28426],
          [-123.86692, 30.28831],
          [-123.84977, 30.31129],
          [-123.82402, 30.31609],
          [-123.79827, 30.32089],
          [-123.77252, 30.32568],
          [-123.74677, 30.33047],
          [-123.72101, 30.33525],
          [-123.69525, 30.34003],
          [-123.66949, 30.3448],
          [-123.64373, 30.34958],
          [-123.61797, 30.35434],
          [-123.5922, 30.3591],
          [-123.56561, 30.34425],
          [-123.56092, 30.34163],
          [-123.53434, 30.32676],
          [-123.52965, 30.32414],
          [-123.50308, 30.30927],
          [-123.49839, 30.30665],
          [-123.47263, 30.31139],
          [-123.44687, 30.31613],
          [-123.41877, 30.31141],
          [-123.39301, 30.31614],
          [-123.36724, 30.32087],
          [-123.34147, 30.32559],
          [-123.31802, 30.33976],
          [-123.29265, 30.34614],
          [-123.2892, 30.34852],
          [-123.2696, 30.36197],
          [-123.24655, 30.3778],
          [-123.24309, 30.38018],
          [-123.22348, 30.39363],
          [-123.20041, 30.40945],
          [-123.19889, 30.41147],
          [-123.18006, 30.43639],
          [-123.1766, 30.43876],
          [-123.15698, 30.4522],
          [-123.14526, 30.46768],
          [-123.1366, 30.47913],
          [-123.1135, 30.49493],
          [-123.11004, 30.49731],
          [-123.09271, 30.52019],
          [-123.08965, 30.52423],
          [-123.07, 30.53766],
          [-123.04648, 30.55178],
          [-123.02105, 30.55812],
          [-123.01758, 30.56049],
          [-123.00022, 30.58336],
          [-122.97479, 30.58969],
          [-122.97131, 30.59205],
          [-122.95394, 30.61492],
          [-122.92809, 30.61957],
          [-122.90224, 30.62422],
          [-122.87638, 30.62886],
          [-122.85053, 30.6335],
          [-122.82397, 30.61852],
          [-122.81928, 30.61588],
          [-122.79343, 30.62051],
          [-122.76757, 30.62513],
          [-122.7645, 30.62917],
          [-122.74708, 30.65201],
          [-122.72121, 30.65662],
          [-122.69574, 30.66291],
          [-122.69226, 30.66527],
          [-122.67482, 30.6881],
          [-122.67175, 30.69213],
          [-122.65202, 30.7055],
          [-122.62882, 30.72123],
          [-122.62533, 30.72359],
          [-122.60787, 30.74641],
          [-122.60479, 30.75044],
          [-122.58732, 30.77325],
          [-122.56142, 30.77784],
          [-122.55834, 30.78187],
          [-122.54086, 30.80468],
          [-122.53777, 30.80871],
          [-122.52028, 30.83152],
          [-122.49436, 30.8361],
          [-122.49127, 30.84012],
          [-122.47377, 30.86292],
          [-122.47068, 30.86695],
          [-122.45317, 30.88975],
          [-122.42724, 30.89431],
          [-122.42414, 30.89834],
          [-122.40662, 30.92113],
          [-122.38068, 30.92569],
          [-122.35473, 30.93024],
          [-122.32879, 30.93479],
          [-122.30284, 30.93934],
          [-122.29975, 30.94336],
          [-122.28219, 30.96614],
          [-122.25623, 30.97067],
          [-122.23028, 30.97521],
          [-122.20432, 30.97974],
          [-122.20121, 30.98375],
          [-122.18363, 31.00652],
          [-122.15766, 31.01104],
          [-122.13169, 31.01556],
          [-122.10572, 31.02007],
          [-122.07975, 31.02458],
          [-122.05377, 31.02908],
          [-122.02779, 31.03358],
          [-122.00181, 31.03808],
          [-121.97583, 31.04257],
          [-121.94984, 31.04706],
          [-121.92386, 31.05154],
          [-121.89733, 31.03642],
          [-121.89264, 31.03375],
          [-121.86612, 31.01863],
          [-121.8609, 30.99636],
          [-121.85623, 30.99369],
          [-121.82972, 30.97856],
          [-121.82451, 30.95629],
          [-121.8193, 30.93402],
          [-121.8141, 30.91175],
          [-121.80943, 30.90907],
          [-121.78294, 30.89393],
          [-121.77827, 30.89126],
          [-121.75231, 30.89572],
          [-121.72635, 30.90017],
          [-121.72323, 30.90418],
          [-121.70557, 30.92689],
          [-121.67909, 30.91173],
          [-121.67442, 30.90906],
          [-121.64846, 30.9135],
          [-121.62199, 30.89833],
          [-121.61732, 30.89565],
          [-121.59136, 30.90008],
          [-121.5632, 30.89503],
          [-121.53942, 30.90892],
          [-121.51345, 30.91334],
          [-121.48748, 30.91775],
          [-121.46103, 30.90256],
          [-121.45637, 30.89988],
          [-121.4304, 30.90428],
          [-121.40442, 30.90868],
          [-121.37844, 30.91307],
          [-121.35247, 30.91746],
          [-121.32649, 30.92185],
          [-121.3005, 30.92623],
          [-121.27452, 30.9306],
          [-121.2481, 30.91537],
          [-121.24382, 30.91436],
          [-121.21746, 30.91705],
          [-121.19147, 30.92142],
          [-121.16506, 30.90617],
          [-121.16041, 30.90348],
          [-121.13401, 30.88823],
          [-121.12935, 30.88554],
          [-121.10296, 30.87028],
          [-121.0983, 30.86759],
          [-121.07192, 30.85233],
          [-121.06727, 30.84964],
          [-121.04089, 30.83437],
          [-121.05867, 30.81173],
          [-121.06181, 30.80773],
          [-121.05676, 30.78543],
          [-121.07453, 30.76278],
          [-121.07571, 30.75911],
          [-121.07261, 30.73648],
          [-121.09037, 30.71383],
          [-121.0935, 30.70983],
          [-121.11125, 30.68717],
          [-121.11438, 30.68318],
          [-121.13212, 30.66052],
          [-121.13525, 30.65652],
          [-121.15299, 30.63386],
          [-121.15612, 30.62986],
          [-121.17384, 30.60719],
          [-121.17697, 30.60319],
          [-121.19469, 30.58052],
          [-121.19782, 30.57652],
          [-121.21553, 30.55385],
          [-121.21671, 30.55018],
          [-121.22458, 30.52568],
          [-121.23343, 30.51435],
          [-121.2454, 30.499],
          [-121.25209, 30.47818],
          [-121.25262, 30.47462],
          [-121.26114, 30.45001],
          [-121.26782, 30.42919],
          [-121.26835, 30.42562],
          [-121.26942, 30.40227],
          [-121.26434, 30.37996],
          [-121.26573, 30.35656],
          [-121.26713, 30.33315],
          [-121.26831, 30.31325],
          [-121.26852, 30.30974],
          [-121.26842, 30.28658],
          [-121.26852, 30.26339],
          [-121.26794, 30.25833]
        ]
      }
    },
    {
      "type": "Feature",
      "id": "2026090606_f024_15000_001",
      "properties": {
        "product_id": "winter_storm_levels",
        "source_id": "nbm_snow_level",
        "parameter": "snow_level",
        "definition": "height of the wet-bulb 0.5 degree C surface",
        "level_ft_msl": 15000,
        "label": "15,000 ft MSL",
        "unit": "ft_msl",
        "cycle_time_utc": "2026-09-06T06:00:00Z",
        "valid_time_utc": "2026-09-07T06:00:00Z",
        "lead_hours": 24,
        "segment": 1,
        "length_m": 633928.1
      },
      "geometry": {
        "type": "LineString",
        "coordinates": [
          [-115.12401, 30.14848],
          [-115.11965, 30.16002],
          [-115.11412, 30.16648],
          [-115.09752, 30.18587],
          [-115.09199, 30.19234],
          [-115.07538, 30.21173],
          [-115.04935, 30.21508],
          [-115.04381, 30.22154],
          [-115.02719, 30.24092],
          [-115.02165, 30.24738],
          [-115.02913, 30.25217],
          [-115.05157, 30.26653],
          [-115.05545, 30.28902],
          [-115.05933, 30.31151],
          [-115.06321, 30.334],
          [-115.0671, 30.35649],
          [-115.07099, 30.37898],
          [-115.07487, 30.40147],
          [-115.05823, 30.42085],
          [-115.05269, 30.42731],
          [-115.05657, 30.4498],
          [-115.03992, 30.46918],
          [-115.01383, 30.47252],
          [-114.98774, 30.47586],
          [-114.98219, 30.48232],
          [-114.96552, 30.50169],
          [-114.95996, 30.50814],
          [-114.94329, 30.52751],
          [-114.93773, 30.53396],
          [-114.92105, 30.55332],
          [-114.91549, 30.55978],
          [-114.8988, 30.57913],
          [-114.87268, 30.58246],
          [-114.86711, 30.58891],
          [-114.85041, 30.60826],
          [-114.84484, 30.61471],
          [-114.82813, 30.63406],
          [-114.82256, 30.64051],
          [-114.80585, 30.65985],
          [-114.80027, 30.6663],
          [-114.78355, 30.68564],
          [-114.7574, 30.68895],
          [-114.73126, 30.69224],
          [-114.70511, 30.69554],
          [-114.69953, 30.70198],
          [-114.68278, 30.72131],
          [-114.6772, 30.72775],
          [-114.66045, 30.74708],
          [-114.65486, 30.75352],
          [-114.6381, 30.77285],
          [-114.63251, 30.77929],
          [-114.61574, 30.79861],
          [-114.61015, 30.80505],
          [-114.59338, 30.82437],
          [-114.58779, 30.8308],
          [-114.5916, 30.85329],
          [-114.57481, 30.8726],
          [-114.56921, 30.87904],
          [-114.57302, 30.90152],
          [-114.57683, 30.924],
          [-114.58064, 30.94648],
          [-114.58446, 30.96895],
          [-114.58827, 30.99143],
          [-114.59209, 31.0139],
          [-114.5996, 31.01871],
          [-114.62213, 31.03311],
          [-114.62595, 31.05558],
          [-114.62978, 31.07805],
          [-114.63361, 31.10052],
          [-114.63743, 31.12299],
          [-114.64126, 31.14546],
          [-114.64509, 31.16793],
          [-114.62827, 31.18723],
          [-114.62266, 31.19367],
          [-114.62649, 31.21614],
          [-114.63032, 31.2386],
          [-114.63415, 31.26106],
          [-114.63799, 31.28353],
          [-114.64182, 31.30599],
          [-114.62498, 31.32529],
          [-114.61936, 31.33172],
          [-114.6232, 31.35418],
          [-114.62703, 31.37664],
          [-114.61018, 31.39594],
          [-114.60456, 31.40237],
          [-114.60839, 31.42483],
          [-114.61222, 31.44728],
          [-114.59535, 31.46658],
          [-114.58973, 31.47301],
          [-114.59356, 31.49546],
          [-114.5974, 31.51792],
          [-114.58051, 31.53721],
          [-114.57489, 31.54363],
          [-114.57872, 31.56609],
          [-114.56183, 31.58537],
          [-114.5562, 31.5918],
          [-114.56002, 31.61425],
          [-114.56385, 31.6367],
          [-114.56769, 31.65914],
          [-114.57152, 31.68159],
          [-114.55461, 31.70087],
          [-114.54897, 31.7073],
          [-114.55281, 31.72974],
          [-114.55664, 31.75218],
          [-114.53972, 31.77146],
          [-114.53407, 31.77788],
          [-114.53791, 31.80032],
          [-114.54174, 31.82276],
          [-114.5248, 31.84203],
          [-114.51916, 31.84846],
          [-114.52299, 31.8709],
          [-114.52682, 31.89333],
          [-114.50987, 31.9126],
          [-114.50422, 31.91902],
          [-114.50805, 31.94146],
          [-114.49109, 31.96072],
          [-114.48544, 31.96714],
          [-114.46847, 31.9864],
          [-114.46282, 31.99282],
          [-114.44584, 32.01207],
          [-114.44019, 32.01849],
          [-114.44401, 32.04092],
          [-114.42702, 32.06017],
          [-114.42136, 32.06659],
          [-114.40437, 32.08584],
          [-114.39871, 32.09225],
          [-114.38171, 32.1115],
          [-114.37604, 32.11791],
          [-114.35903, 32.13715],
          [-114.33255, 32.14037],
          [-114.32687, 32.14679],
          [-114.30986, 32.16602],
          [-114.30418, 32.17243],
          [-114.28716, 32.19166],
          [-114.28148, 32.19807],
          [-114.26445, 32.2173],
          [-114.25877, 32.22371],
          [-114.26256, 32.24613],
          [-114.24551, 32.26536],
          [-114.23983, 32.27176],
          [-114.22278, 32.29098],
          [-114.21709, 32.29739],
          [-114.20004, 32.31661],
          [-114.19435, 32.32301],
          [-114.17728, 32.34222],
          [-114.17159, 32.34863],
          [-114.15452, 32.36784],
          [-114.14882, 32.37424],
          [-114.13174, 32.39344],
          [-114.12605, 32.39985],
          [-114.10896, 32.41905],
          [-114.10326, 32.42545],
          [-114.08616, 32.44465],
          [-114.08046, 32.45104],
          [-114.06335, 32.47024],
          [-114.05765, 32.47664],
          [-114.04054, 32.49583],
          [-114.01396, 32.49899],
          [-114.00825, 32.50539],
          [-113.99113, 32.52457],
          [-113.96454, 32.52773],
          [-113.95883, 32.53413],
          [-113.94169, 32.5533],
          [-113.93598, 32.5597],
          [-113.91883, 32.57887],
          [-113.91311, 32.58526],
          [-113.91685, 32.60768],
          [-113.89969, 32.62685],
          [-113.89397, 32.63324],
          [-113.87681, 32.6524],
          [-113.87109, 32.65879],
          [-113.85392, 32.67795],
          [-113.84819, 32.68434],
          [-113.84193, 32.70793],
          [-113.83474, 32.72591],
          [-113.82901, 32.7323],
          [-113.81182, 32.75145],
          [-113.80609, 32.75783],
          [-113.78889, 32.77699],
          [-113.78316, 32.78337],
          [-113.76595, 32.80252],
          [-113.76021, 32.8089],
          [-113.743, 32.82804],
          [-113.71634, 32.83116],
          [-113.7106, 32.83754],
          [-113.69337, 32.85667],
          [-113.6667, 32.85978],
          [-113.66095, 32.86616],
          [-113.64371, 32.88529],
          [-113.63797, 32.89167],
          [-113.62072, 32.91079],
          [-113.59403, 32.91389],
          [-113.58828, 32.92026],
          [-113.57102, 32.93938],
          [-113.56527, 32.94575],
          [-113.548, 32.96487],
          [-113.54225, 32.97124],
          [-113.52497, 32.99036],
          [-113.49826, 32.99343],
          [-113.47155, 32.99651],
          [-113.46579, 33.00288],
          [-113.4485, 33.02198],
          [-113.42178, 33.02504],
          [-113.39506, 33.0281],
          [-113.36834, 33.03116],
          [-113.34162, 33.03421],
          [-113.33585, 33.04058],
          [-113.31853, 33.05966],
          [-113.2918, 33.06271],
          [-113.28602, 33.06907],
          [-113.26869, 33.08815],
          [-113.26291, 33.09451],
          [-113.24557, 33.11358],
          [-113.23979, 33.11994],
          [-113.22244, 33.13902],
          [-113.21666, 33.14537],
          [-113.1993, 33.16444],
          [-113.19351, 33.1708],
          [-113.17615, 33.18986],
          [-113.17036, 33.19622],
          [-113.15299, 33.21528],
          [-113.1472, 33.22163],
          [-113.12982, 33.24069],
          [-113.12403, 33.24705],
          [-113.10664, 33.2661],
          [-113.10084, 33.27245],
          [-113.08345, 33.2915],
          [-113.07765, 33.29785],
          [-113.06025, 33.3169],
          [-113.03345, 33.3199],
          [-113.02765, 33.32624],
          [-113.00889, 33.33689],
          [-112.98343, 33.34827],
          [-112.95662, 33.35126],
          [-112.95081, 33.3576],
          [-112.93338, 33.37663],
          [-112.90656, 33.37961],
          [-112.88378, 33.36505],
          [-112.87619, 33.36019],
          [-112.85341, 33.34562],
          [-112.84582, 33.34076],
          [-112.81901, 33.34373],
          [-112.79625, 33.32915],
          [-112.78866, 33.32429],
          [-112.76186, 33.32724],
          [-112.75604, 33.33358],
          [-112.73858, 33.35259],
          [-112.71176, 33.35553],
          [-112.68494, 33.35847],
          [-112.65813, 33.36141],
          [-112.63131, 33.36434],
          [-112.62548, 33.37067],
          [-112.60799, 33.38967],
          [-112.58116, 33.39259],
          [-112.57533, 33.39892],
          [-112.55783, 33.41791],
          [-112.53099, 33.42083],
          [-112.52516, 33.42715],
          [-112.50764, 33.44613],
          [-112.5018, 33.45246],
          [-112.48428, 33.47144],
          [-112.47844, 33.47776],
          [-112.48192, 33.50016],
          [-112.4895, 33.50503],
          [-112.51226, 33.51965],
          [-112.51575, 33.54204],
          [-112.52334, 33.54691],
          [-112.54611, 33.56152],
          [-112.54961, 33.58391],
          [-112.53208, 33.60288],
          [-112.52623, 33.60921],
          [-112.50869, 33.62818],
          [-112.50284, 33.6345],
          [-112.48529, 33.65347],
          [-112.45839, 33.65637],
          [-112.45254, 33.66269],
          [-112.43498, 33.68165],
          [-112.40808, 33.68455],
          [-112.40222, 33.69086],
          [-112.38464, 33.70982],
          [-112.38215, 33.71577],
          [-112.38225, 33.73852],
          [-112.36466, 33.75747],
          [-112.3588, 33.76378],
          [-112.34121, 33.78273],
          [-112.33871, 33.78868],
          [-112.31817, 33.81078],
          [-112.31187, 33.8143],
          [-112.29426, 33.83324],
          [-112.29175, 33.83919],
          [-112.28174, 33.863],
          [-112.27422, 33.88086],
          [-112.26834, 33.88717],
          [-112.26169, 33.91062],
          [-112.25416, 33.92847],
          [-112.24829, 33.93478],
          [-112.25174, 33.95715],
          [-112.24507, 33.9806],
          [-112.23754, 33.99845],
          [-112.23166, 34.00475],
          [-112.22499, 34.02819],
          [-112.21745, 34.04604],
          [-112.21156, 34.05235],
          [-112.1939, 34.07126],
          [-112.18801, 34.07756],
          [-112.16904, 34.08809],
          [-112.15431, 34.10384],
          [-112.14547, 34.1133],
          [-112.13074, 34.12905],
          [-112.12189, 34.1385],
          [-112.10715, 34.15425],
          [-112.09958, 34.17209],
          [-112.09368, 34.17838],
          [-112.07598, 34.19728],
          [-112.07008, 34.20358],
          [-112.0735, 34.22593],
          [-112.05578, 34.24482],
          [-112.04988, 34.25112],
          [-112.03215, 34.27001],
          [-112.0051, 34.27283],
          [-112, 34.27826]
        ]
      }
    }
  ]
}

