{
  "type": "FeatureCollection",
  "contract_version": "1.0.0",
  "bbox": [-130, 30.78904, -112, 44.5],
  "features": [
    {
      "type": "Feature",
      "id": "2026100118_f216_09000_001",
      "properties": {
        "product_id": "winter_storm_levels",
        "source_id": "nbm_snow_level",
        "parameter": "snow_level",
        "definition": "height of the wet-bulb 0.5 degree C surface",
        "level_ft_msl": 9000,
        "label": "9,000 ft MSL",
        "unit": "ft_msl",
        "cycle_time_utc": "2026-10-01T18:00:00Z",
        "valid_time_utc": "2026-10-10T18:00:00Z",
        "lead_hours": 216,
        "segment": 1,
        "length_m": 136148.5
      },
      "geometry": {
        "type": "LineString",
        "coordinates": [
          [-129.59096, 41.5153],
          [-129.5836, 41.49416],
          [-129.57624, 41.47301],
          [-129.56888, 41.45187],
          [-129.54754, 41.44248],
          [-129.51932, 41.44799],
          [-129.4911, 41.45349],
          [-129.46287, 41.45899],
          [-129.45033, 41.47498],
          [-129.44197, 41.48564],
          [-129.41374, 41.49113],
          [-129.40119, 41.50711],
          [-129.39282, 41.51776],
          [-129.38026, 41.53374],
          [-129.38759, 41.55489],
          [-129.37921, 41.56554],
          [-129.36665, 41.58152],
          [-129.35827, 41.59216],
          [-129.3457, 41.60813],
          [-129.33732, 41.61878],
          [-129.32474, 41.63474],
          [-129.33206, 41.65588],
          [-129.32367, 41.66652],
          [-129.31108, 41.68248],
          [-129.30269, 41.69312],
          [-129.2901, 41.70908],
          [-129.2817, 41.71972],
          [-129.26911, 41.73567],
          [-129.27642, 41.7568],
          [-129.26802, 41.76743],
          [-129.25541, 41.78338],
          [-129.26273, 41.8045],
          [-129.27005, 41.82562],
          [-129.26164, 41.83625],
          [-129.24902, 41.85219],
          [-129.25634, 41.8733],
          [-129.26366, 41.89442],
          [-129.27099, 41.91552],
          [-129.2924, 41.92492],
          [-129.30669, 41.93117],
          [-129.32811, 41.94056],
          [-129.34072, 41.92462],
          [-129.34913, 41.914],
          [-129.37749, 41.90853],
          [-129.39009, 41.89258],
          [-129.39849, 41.88195],
          [-129.41109, 41.866],
          [-129.41948, 41.85537],
          [-129.43207, 41.83942],
          [-129.44047, 41.82878],
          [-129.45305, 41.81283],
          [-129.46143, 41.80219],
          [-129.47401, 41.78623],
          [-129.48239, 41.77558],
          [-129.49496, 41.75962],
          [-129.50334, 41.74898],
          [-129.5159, 41.73301],
          [-129.52428, 41.72236],
          [-129.53683, 41.70639],
          [-129.5452, 41.69574],
          [-129.55775, 41.67976],
          [-129.56612, 41.66911],
          [-129.57866, 41.65313],
          [-129.57129, 41.63201],
          [-129.56392, 41.61088],
          [-129.55656, 41.58974],
          [-129.56492, 41.57908],
          [-129.57745, 41.5631],
          [-129.57008, 41.54196],
          [-129.57844, 41.5313],
          [-129.59096, 41.5153]
        ]
      }
    },
    {
      "type": "Feature",
      "id": "2026100118_f216_09000_002",
      "properties": {
        "product_id": "winter_storm_levels",
        "source_id": "nbm_snow_level",
        "parameter": "snow_level",
        "definition": "height of the wet-bulb 0.5 degree C surface",
        "level_ft_msl": 9000,
        "label": "9,000 ft MSL",
        "unit": "ft_msl",
        "cycle_time_utc": "2026-10-01T18:00:00Z",
        "valid_time_utc": "2026-10-10T18:00:00Z",
        "lead_hours": 216,
        "segment": 2,
        "length_m": 1023563.4
      },
      "geometry": {
        "type": "LineString",
        "coordinates": [
          [-130, 41.23262],
          [-129.9979, 41.2317],
          [-129.99047, 41.21054],
          [-129.98305, 41.18938],
          [-129.97563, 41.16821],
          [-129.96141, 41.16198],
          [-129.9401, 41.15262],
          [-129.92589, 41.14639],
          [-129.90457, 41.13703],
          [-129.89717, 41.11586],
          [-129.88297, 41.10961],
          [-129.86167, 41.10025],
          [-129.84747, 41.094],
          [-129.81937, 41.09957],
          [-129.81108, 41.11027],
          [-129.79864, 41.12631],
          [-129.77052, 41.13187],
          [-129.76222, 41.14256],
          [-129.74977, 41.1586],
          [-129.72164, 41.16415],
          [-129.71333, 41.17484],
          [-129.70087, 41.19087],
          [-129.69256, 41.20155],
          [-129.69992, 41.22273],
          [-129.68745, 41.23875],
          [-129.67913, 41.24944],
          [-129.6865, 41.2706],
          [-129.67402, 41.28663],
          [-129.6657, 41.29731],
          [-129.65321, 41.31332],
          [-129.63189, 41.30394],
          [-129.61768, 41.29769],
          [-129.59636, 41.2883],
          [-129.58901, 41.26713],
          [-129.58167, 41.24596],
          [-129.59416, 41.22994],
          [-129.60248, 41.21926],
          [-129.61496, 41.20324],
          [-129.62328, 41.19255],
          [-129.61594, 41.17137],
          [-129.62841, 41.15535],
          [-129.63673, 41.14466],
          [-129.62938, 41.12347],
          [-129.62204, 41.10229],
          [-129.6345, 41.08625],
          [-129.64281, 41.07556],
          [-129.65527, 41.05952],
          [-129.66357, 41.04883],
          [-129.65623, 41.02764],
          [-129.64889, 41.00644],
          [-129.64155, 40.98524],
          [-129.62738, 40.97897],
          [-129.60613, 40.96957],
          [-129.59196, 40.9633],
          [-129.57072, 40.9539],
          [-129.5634, 40.93269],
          [-129.55609, 40.91147],
          [-129.54878, 40.89026],
          [-129.54147, 40.86904],
          [-129.53416, 40.84782],
          [-129.52686, 40.8266],
          [-129.51956, 40.80537],
          [-129.50542, 40.79909],
          [-129.48422, 40.78966],
          [-129.47693, 40.76843],
          [-129.4628, 40.76215],
          [-129.44161, 40.75271],
          [-129.43433, 40.73148],
          [-129.42021, 40.72519],
          [-129.39904, 40.71575],
          [-129.39177, 40.6945],
          [-129.37766, 40.68821],
          [-129.35649, 40.67876],
          [-129.34238, 40.67246],
          [-129.31436, 40.67796],
          [-129.28634, 40.68346],
          [-129.27803, 40.69415],
          [-129.26555, 40.7102],
          [-129.23752, 40.71568],
          [-129.20949, 40.72116],
          [-129.20116, 40.73185],
          [-129.18867, 40.74789],
          [-129.16063, 40.75336],
          [-129.13257, 40.75883],
          [-129.12424, 40.76951],
          [-129.11173, 40.78554],
          [-129.10339, 40.79622],
          [-129.09088, 40.81224],
          [-129.08254, 40.82292],
          [-129.07002, 40.83894],
          [-129.06167, 40.84962],
          [-129.04914, 40.86563],
          [-129.02106, 40.87108],
          [-129.0127, 40.88175],
          [-129.00016, 40.89776],
          [-128.9918, 40.90843],
          [-128.999, 40.92967],
          [-128.98646, 40.94567],
          [-128.97809, 40.95634],
          [-128.98529, 40.97757],
          [-128.99249, 40.9988],
          [-128.97994, 41.01479],
          [-128.97156, 41.02546],
          [-128.97877, 41.04668],
          [-128.9929, 41.05299],
          [-129.01411, 41.06246],
          [-129.02133, 41.08368],
          [-129.02855, 41.10489],
          [-129.01598, 41.12088],
          [-129.00761, 41.13154],
          [-128.99504, 41.14753],
          [-128.98666, 41.15819],
          [-128.97408, 41.17417],
          [-128.9459, 41.17959],
          [-128.93752, 41.19025],
          [-128.92493, 41.20622],
          [-128.91653, 41.21687],
          [-128.92374, 41.23808],
          [-128.93095, 41.25928],
          [-128.91835, 41.27525],
          [-128.90995, 41.28589],
          [-128.89735, 41.30186],
          [-128.88894, 41.3125],
          [-128.87633, 41.32846],
          [-128.86792, 41.3391],
          [-128.85531, 41.35506],
          [-128.84689, 41.3657],
          [-128.8541, 41.38689],
          [-128.84147, 41.40284],
          [-128.83305, 41.41347],
          [-128.84025, 41.43466],
          [-128.84746, 41.45584],
          [-128.85466, 41.47701],
          [-128.86187, 41.49819],
          [-128.86909, 41.51936],
          [-128.8763, 41.54053],
          [-128.8905, 41.54684],
          [-128.91181, 41.55629],
          [-128.91904, 41.57746],
          [-128.9064, 41.5934],
          [-128.89797, 41.60402],
          [-128.88533, 41.61996],
          [-128.87689, 41.63058],
          [-128.86424, 41.64651],
          [-128.85581, 41.65714],
          [-128.84315, 41.67306],
          [-128.83471, 41.68368],
          [-128.82204, 41.69961],
          [-128.8136, 41.71022],
          [-128.80093, 41.72614],
          [-128.79248, 41.73676],
          [-128.79969, 41.7579],
          [-128.80691, 41.77905],
          [-128.81413, 41.80019],
          [-128.82136, 41.82133],
          [-128.80867, 41.83724],
          [-128.80021, 41.84784],
          [-128.78752, 41.86375],
          [-128.77906, 41.87436],
          [-128.76636, 41.89026],
          [-128.7579, 41.90086],
          [-128.74519, 41.91676],
          [-128.73672, 41.92736],
          [-128.74394, 41.94849],
          [-128.73123, 41.96438],
          [-128.72275, 41.97498],
          [-128.72997, 41.9961],
          [-128.71725, 42.01199],
          [-128.70877, 42.02258],
          [-128.69604, 42.03846],
          [-128.68755, 42.04905],
          [-128.69477, 42.07016],
          [-128.68203, 42.08604],
          [-128.65359, 42.0914],
          [-128.64509, 42.10198],
          [-128.63234, 42.11786],
          [-128.60389, 42.1232],
          [-128.58249, 42.11374],
          [-128.59525, 42.09787],
          [-128.60375, 42.08729],
          [-128.58949, 42.08098],
          [-128.56104, 42.08632],
          [-128.53259, 42.09165],
          [-128.50413, 42.09698],
          [-128.47567, 42.1023],
          [-128.44721, 42.10762],
          [-128.43869, 42.1182],
          [-128.42591, 42.13406],
          [-128.41739, 42.14463],
          [-128.4046, 42.16048],
          [-128.37612, 42.16579],
          [-128.36759, 42.17635],
          [-128.35479, 42.1922],
          [-128.34625, 42.20276],
          [-128.33344, 42.21861],
          [-128.3249, 42.22917],
          [-128.31209, 42.24501],
          [-128.30354, 42.25557],
          [-128.31069, 42.27667],
          [-128.29787, 42.2925],
          [-128.28932, 42.30306],
          [-128.29647, 42.32415],
          [-128.28364, 42.33998],
          [-128.27509, 42.35053],
          [-128.28224, 42.37163],
          [-128.28939, 42.39271],
          [-128.27655, 42.40854],
          [-128.26799, 42.41908],
          [-128.25514, 42.4349],
          [-128.24657, 42.44544],
          [-128.25373, 42.46653],
          [-128.24087, 42.48234],
          [-128.2323, 42.49288],
          [-128.21944, 42.50869],
          [-128.21086, 42.51922],
          [-128.19799, 42.53503],
          [-128.16939, 42.54029],
          [-128.16081, 42.55082],
          [-128.14792, 42.56662],
          [-128.13933, 42.57715],
          [-128.12645, 42.59295],
          [-128.09783, 42.5982],
          [-128.0692, 42.60344],
          [-128.0606, 42.61397],
          [-128.0477, 42.62975],
          [-128.01906, 42.63499],
          [-127.99043, 42.64022],
          [-127.98181, 42.65074],
          [-127.96889, 42.66652],
          [-127.94024, 42.67174],
          [-127.91159, 42.67696],
          [-127.88294, 42.68217],
          [-127.86149, 42.67266],
          [-127.84719, 42.66631],
          [-127.81854, 42.67152],
          [-127.78988, 42.67672],
          [-127.76844, 42.66719],
          [-127.75416, 42.66084],
          [-127.73273, 42.65131],
          [-127.71844, 42.64496],
          [-127.68979, 42.65014],
          [-127.66113, 42.65532],
          [-127.65248, 42.66583],
          [-127.6395, 42.68158],
          [-127.61083, 42.68675],
          [-127.60218, 42.69725],
          [-127.58919, 42.71299],
          [-127.58053, 42.72349],
          [-127.56753, 42.73923],
          [-127.53884, 42.74439],
          [-127.53017, 42.75488],
          [-127.51717, 42.77061],
          [-127.50849, 42.7811],
          [-127.49548, 42.79683],
          [-127.4868, 42.80731],
          [-127.47378, 42.82304],
          [-127.4651, 42.83352],
          [-127.45207, 42.84925],
          [-127.44338, 42.85972],
          [-127.43035, 42.87544],
          [-127.42165, 42.88592],
          [-127.40861, 42.90163],
          [-127.39992, 42.91211],
          [-127.40692, 42.93316],
          [-127.39387, 42.94887],
          [-127.38517, 42.95934],
          [-127.37211, 42.97504],
          [-127.3634, 42.98551],
          [-127.35034, 43.00121],
          [-127.34163, 43.01168],
          [-127.32856, 43.02737],
          [-127.29977, 43.03249],
          [-127.27098, 43.0376],
          [-127.24219, 43.0427],
          [-127.21339, 43.0478],
          [-127.19193, 43.03823],
          [-127.17763, 43.03185],
          [-127.15618, 43.02227],
          [-127.14922, 43.00122],
          [-127.14226, 42.98016],
          [-127.12797, 42.97378],
          [-127.10653, 42.96419],
          [-127.09959, 42.94313],
          [-127.0853, 42.93674],
          [-127.05653, 42.94182],
          [-127.02775, 42.94689],
          [-126.99897, 42.95196],
          [-126.97756, 42.94236],
          [-126.96328, 42.93596],
          [-126.9345, 42.94101],
          [-126.90572, 42.94607],
          [-126.88431, 42.93646],
          [-126.87004, 42.93005],
          [-126.84126, 42.93509],
          [-126.81247, 42.94013],
          [-126.78368, 42.94517],
          [-126.75489, 42.9502],
          [-126.7261, 42.95522],
          [-126.6973, 42.96025],
          [-126.67591, 42.95061],
          [-126.66165, 42.94419],
          [-126.64027, 42.93455],
          [-126.62601, 42.92812],
          [-126.59722, 42.93312],
          [-126.56842, 42.93813],
          [-126.53962, 42.94312],
          [-126.51082, 42.94812],
          [-126.48202, 42.9531],
          [-126.45321, 42.95809],
          [-126.43184, 42.94842],
          [-126.4176, 42.94198],
          [-126.39624, 42.93231],
          [-126.382, 42.92587],
          [-126.35319, 42.93083],
          [-126.32439, 42.9358],
          [-126.29558, 42.94076],
          [-126.26676, 42.94571],
          [-126.23794, 42.95066],
          [-126.20912, 42.95561],
          [-126.1803, 42.96055],
          [-126.15148, 42.96549],
          [-126.12265, 42.97042],
          [-126.09382, 42.97535],
          [-126.06498, 42.98027],
          [-126.03615, 42.98519],
          [-126.00731, 42.9901],
          [-125.97846, 42.99501],
          [-125.95714, 42.98529],
          [-125.94292, 42.97881],
          [-125.91408, 42.98371],
          [-125.88523, 42.98861],
          [-125.85638, 42.9935],
          [-125.82753, 42.99838],
          [-125.79868, 43.00326],
          [-125.76982, 43.00814],
          [-125.74096, 43.01301],
          [-125.7121, 43.01788],
          [-125.68456, 43.02696],
          [-125.67435, 43.03312],
          [-125.65902, 43.04237],
          [-125.63213, 43.05355],
          [-125.60325, 43.0584],
          [-125.59435, 43.06878],
          [-125.581, 43.08434],
          [-125.55211, 43.08918],
          [-125.5432, 43.09956],
          [-125.52983, 43.11512],
          [-125.50093, 43.11995],
          [-125.49201, 43.13032],
          [-125.47864, 43.14587],
          [-125.46971, 43.15624],
          [-125.45633, 43.17178],
          [-125.42741, 43.1766],
          [-125.41848, 43.18696],
          [-125.40508, 43.20251],
          [-125.39614, 43.21287],
          [-125.38274, 43.2284],
          [-125.3738, 43.23876],
          [-125.36039, 43.25429],
          [-125.35145, 43.26465],
          [-125.33803, 43.28018],
          [-125.32908, 43.29053],
          [-125.31565, 43.30605],
          [-125.3067, 43.3164],
          [-125.29327, 43.33192],
          [-125.28431, 43.34227],
          [-125.27087, 43.35779],
          [-125.26191, 43.36813],
          [-125.24846, 43.38364],
          [-125.21947, 43.38842],
          [-125.2105, 43.39876],
          [-125.19704, 43.41427],
          [-125.18806, 43.4246],
          [-125.1746, 43.44011],
          [-125.14558, 43.44487],
          [-125.1366, 43.4552],
          [-125.12312, 43.4707],
          [-125.11413, 43.48103],
          [-125.10064, 43.49652],
          [-125.07161, 43.50127],
          [-125.06261, 43.51159],
          [-125.04912, 43.52708],
          [-125.02007, 43.53182],
          [-124.99102, 43.53656],
          [-124.96197, 43.54129],
          [-124.93291, 43.54602],
          [-124.9239, 43.55634],
          [-124.91037, 43.57181],
          [-124.8813, 43.57653],
          [-124.85223, 43.58124],
          [-124.82316, 43.58595],
          [-124.79409, 43.59066],
          [-124.76501, 43.59536],
          [-124.73593, 43.60006],
          [-124.70684, 43.60475],
          [-124.67776, 43.60944],
          [-124.64867, 43.61412],
          [-124.61958, 43.6188],
          [-124.61052, 43.6291],
          [-124.59694, 43.64454],
          [-124.56783, 43.64921],
          [-124.55877, 43.6595],
          [-124.54517, 43.67493],
          [-124.53611, 43.68522],
          [-124.5225, 43.70065],
          [-124.49338, 43.7053],
          [-124.4843, 43.71558],
          [-124.47069, 43.73101],
          [-124.44155, 43.73565],
          [-124.41241, 43.7403],
          [-124.40333, 43.75057],
          [-124.38969, 43.76599],
          [-124.36054, 43.77062],
          [-124.35145, 43.78089],
          [-124.3378, 43.7963],
          [-124.3287, 43.80657],
          [-124.31504, 43.82197],
          [-124.28587, 43.82659],
          [-124.2567, 43.8312],
          [-124.22753, 43.83582],
          [-124.19835, 43.84042],
          [-124.18923, 43.85068],
          [-124.17555, 43.86607],
          [-124.14636, 43.87067],
          [-124.12502, 43.8608],
          [-124.1108, 43.85421],
          [-124.08161, 43.8588],
          [-124.05242, 43.86338],
          [-124.02323, 43.86796],
          [-123.99403, 43.87254],
          [-123.96483, 43.8771],
          [-123.93563, 43.88167],
          [-123.90642, 43.88623],
          [-123.87721, 43.89078],
          [-123.848, 43.89533],
          [-123.83884, 43.90557],
          [-123.8251, 43.92093],
          [-123.79588, 43.92547],
          [-123.76665, 43.93001],
          [-123.73742, 43.93454],
          [-123.70819, 43.93907],
          [-123.67896, 43.94359],
          [-123.64973, 43.94811],
          [-123.62049, 43.95262],
          [-123.59125, 43.95713],
          [-123.562, 43.96163],
          [-123.55281, 43.97185],
          [-123.53901, 43.98718],
          [-123.50975, 43.99168],
          [-123.48049, 43.99617],
          [-123.45123, 44.00065],
          [-123.42197, 44.00513],
          [-123.3927, 44.00961],
          [-123.36344, 44.01408],
          [-123.33417, 44.01855],
          [-123.30489, 44.02301],
          [-123.29566, 44.03321],
          [-123.28181, 44.04852],
          [-123.25253, 44.05297],
          [-123.22324, 44.05742],
          [-123.19395, 44.06186],
          [-123.16466, 44.0663],
          [-123.13536, 44.07074],
          [-123.12611, 44.08093],
          [-123.11223, 44.09622],
          [-123.08292, 44.10064],
          [-123.05361, 44.10506],
          [-123.04434, 44.11525],
          [-123.03044, 44.13052],
          [-123.00112, 44.13494],
          [-122.9718, 44.13934],
          [-122.96252, 44.14952],
          [-122.94861, 44.16479],
          [-122.91927, 44.16919],
          [-122.88993, 44.17358],
          [-122.88064, 44.18375],
          [-122.86671, 44.19901],
          [-122.83736, 44.2034],
          [-122.80801, 44.20778],
          [-122.79871, 44.21794],
          [-122.78475, 44.23319],
          [-122.75539, 44.23756],
          [-122.72603, 44.24193],
          [-122.71671, 44.25209],
          [-122.70274, 44.26733],
          [-122.67337, 44.27168],
          [-122.64399, 44.27604],
          [-122.63466, 44.28619],
          [-122.62067, 44.30142],
          [-122.59128, 44.30576],
          [-122.58195, 44.31591],
          [-122.56795, 44.33113],
          [-122.53855, 44.33547],
          [-122.50914, 44.3398],
          [-122.4998, 44.34994],
          [-122.48578, 44.36515],
          [-122.45636, 44.36947],
          [-122.44701, 44.37961],
          [-122.43298, 44.39482],
          [-122.40355, 44.39913],
          [-122.39419, 44.40926],
          [-122.38015, 44.42446],
          [-122.35071, 44.42876],
          [-122.34134, 44.43889],
          [-122.32728, 44.45408],
          [-122.29783, 44.45838],
          [-122.26838, 44.46266],
          [-122.259, 44.47279],
          [-122.24492, 44.48797],
          [-122.21546, 44.49225],
          [-122.18599, 44.49652],
          [-122.18276, 44.5]
        ]
      }
    },
    {
      "type": "Feature",
      "id": "2026100118_f216_10000_001",
      "properties": {
        "product_id": "winter_storm_levels",
        "source_id": "nbm_snow_level",
        "parameter": "snow_level",
        "definition": "height of the wet-bulb 0.5 degree C surface",
        "level_ft_msl": 10000,
        "label": "10,000 ft MSL",
        "unit": "ft_msl",
        "cycle_time_utc": "2026-10-01T18:00:00Z",
        "valid_time_utc": "2026-10-10T18:00:00Z",
        "lead_hours": 216,
        "segment": 1,
        "length_m": 25140.7
      },
      "geometry": {
        "type": "LineString",
        "coordinates": [
          [-114.11975, 44.5],
          [-114.1136, 44.49671],
          [-114.10938, 44.47547],
          [-114.09238, 44.46636],
          [-114.06262, 44.46936],
          [-114.04563, 44.46025],
          [-114.02865, 44.45113],
          [-113.99888, 44.45412],
          [-113.96912, 44.45712],
          [-113.93935, 44.46011],
          [-113.92656, 44.47222],
          [-113.91377, 44.48434],
          [-113.88399, 44.48732],
          [-113.87119, 44.49943],
          [-113.87058, 44.5]
        ]
      }
    },
    {
      "type": "Feature",
      "id": "2026100118_f216_10000_002",
      "properties": {
        "product_id": "winter_storm_levels",
        "source_id": "nbm_snow_level",
        "parameter": "snow_level",
        "definition": "height of the wet-bulb 0.5 degree C surface",
        "level_ft_msl": 10000,
        "label": "10,000 ft MSL",
        "unit": "ft_msl",
        "cycle_time_utc": "2026-10-01T18:00:00Z",
        "valid_time_utc": "2026-10-10T18:00:00Z",
        "lead_hours": 216,
        "segment": 2,
        "length_m": 1987212.7
      },
      "geometry": {
        "type": "LineString",
        "coordinates": [
          [-130, 34.71632],
          [-129.99115, 34.71824],
          [-129.96468, 34.72399],
          [-129.94795, 34.71597],
          [-129.93123, 34.70796],
          [-129.90476, 34.71369],
          [-129.87828, 34.71942],
          [-129.85181, 34.72515],
          [-129.82533, 34.73086],
          [-129.79884, 34.73658],
          [-129.77236, 34.74229],
          [-129.74587, 34.748],
          [-129.7361, 34.76173],
          [-129.72632, 34.77546],
          [-129.69982, 34.78116],
          [-129.67332, 34.78685],
          [-129.64682, 34.79254],
          [-129.62031, 34.79823],
          [-129.61051, 34.81195],
          [-129.60072, 34.82567],
          [-129.5742, 34.83135],
          [-129.5644, 34.84507],
          [-129.55459, 34.85879],
          [-129.54478, 34.87251],
          [-129.53497, 34.88622],
          [-129.50844, 34.89189],
          [-129.49862, 34.9056],
          [-129.4888, 34.91932],
          [-129.46226, 34.92497],
          [-129.45243, 34.93868],
          [-129.4426, 34.95239],
          [-129.41605, 34.95804],
          [-129.40621, 34.97175],
          [-129.39638, 34.98545],
          [-129.36981, 34.99109],
          [-129.34324, 34.99673],
          [-129.3334, 35.01043],
          [-129.32355, 35.02412],
          [-129.3137, 35.03782],
          [-129.30384, 35.05152],
          [-129.27726, 35.05714],
          [-129.2674, 35.07083],
          [-129.25753, 35.08453],
          [-129.24767, 35.09822],
          [-129.2378, 35.1119],
          [-129.22793, 35.12559],
          [-129.21806, 35.13928],
          [-129.19145, 35.14489],
          [-129.16483, 35.15049],
          [-129.13822, 35.1561],
          [-129.1116, 35.16169],
          [-129.08498, 35.16728],
          [-129.05835, 35.17287],
          [-129.03173, 35.17845],
          [-129.02182, 35.19213],
          [-129.01192, 35.2058],
          [-129.00201, 35.21947],
          [-128.99211, 35.23314],
          [-128.96546, 35.23871],
          [-128.95555, 35.25238],
          [-128.94563, 35.26604],
          [-128.93571, 35.2797],
          [-128.92579, 35.29337],
          [-128.89912, 35.29893],
          [-128.87246, 35.30448],
          [-128.84579, 35.31003],
          [-128.81912, 35.31558],
          [-128.80918, 35.32923],
          [-128.79924, 35.34289],
          [-128.77256, 35.34842],
          [-128.76261, 35.36207],
          [-128.75266, 35.37572],
          [-128.72597, 35.38125],
          [-128.69927, 35.38678],
          [-128.68931, 35.40042],
          [-128.67935, 35.41406],
          [-128.65264, 35.41958],
          [-128.63591, 35.41146],
          [-128.61917, 35.40333],
          [-128.6092, 35.41697],
          [-128.59923, 35.4306],
          [-128.57251, 35.43611],
          [-128.56253, 35.44974],
          [-128.55255, 35.46338],
          [-128.54256, 35.47701],
          [-128.53257, 35.49064],
          [-128.52258, 35.50426],
          [-128.51259, 35.51789],
          [-128.48585, 35.52338],
          [-128.47585, 35.53701],
          [-128.46585, 35.55063],
          [-128.4391, 35.55611],
          [-128.41235, 35.56159],
          [-128.3856, 35.56706],
          [-128.37558, 35.58067],
          [-128.36556, 35.59429],
          [-128.35554, 35.6079],
          [-128.34552, 35.62152],
          [-128.33549, 35.63513],
          [-128.32546, 35.64874],
          [-128.31543, 35.66235],
          [-128.3054, 35.67595],
          [-128.27861, 35.68141],
          [-128.25183, 35.68686],
          [-128.24178, 35.70046],
          [-128.23174, 35.71406],
          [-128.20494, 35.7195],
          [-128.19488, 35.7331],
          [-128.18483, 35.74669],
          [-128.15802, 35.75213],
          [-128.13121, 35.75755],
          [-128.10439, 35.76298],
          [-128.09432, 35.77657],
          [-128.08425, 35.79016],
          [-128.05743, 35.79557],
          [-128.04735, 35.80916],
          [-128.05402, 35.83092],
          [-128.0607, 35.85267],
          [-128.05062, 35.86625],
          [-128.04053, 35.87984],
          [-128.04721, 35.90159],
          [-128.03712, 35.91517],
          [-128.02703, 35.92875],
          [-128.03371, 35.9505],
          [-128.04039, 35.97224],
          [-128.03029, 35.98582],
          [-128.00342, 35.99122],
          [-127.99332, 36.0048],
          [-127.98321, 36.01837],
          [-127.9731, 36.03194],
          [-127.96299, 36.04551],
          [-127.9361, 36.0509],
          [-127.92599, 36.06447],
          [-127.91587, 36.07803],
          [-127.90575, 36.09159],
          [-127.89562, 36.10516],
          [-127.8855, 36.11872],
          [-127.87537, 36.13228],
          [-127.86524, 36.14583],
          [-127.8551, 36.15939],
          [-127.82818, 36.16476],
          [-127.81804, 36.17832],
          [-127.80789, 36.19187],
          [-127.79775, 36.20542],
          [-127.7876, 36.21897],
          [-127.77745, 36.23252],
          [-127.7673, 36.24607],
          [-127.75714, 36.25961],
          [-127.74699, 36.27316],
          [-127.73683, 36.2867],
          [-127.72666, 36.30025],
          [-127.7165, 36.31379],
          [-127.70633, 36.32733],
          [-127.69616, 36.34086],
          [-127.68599, 36.3544],
          [-127.67581, 36.36794],
          [-127.66564, 36.38147],
          [-127.65546, 36.39501],
          [-127.64527, 36.40854],
          [-127.61828, 36.41387],
          [-127.60809, 36.4274],
          [-127.5979, 36.44093],
          [-127.5877, 36.45445],
          [-127.5775, 36.46798],
          [-127.56731, 36.4815],
          [-127.5571, 36.49503],
          [-127.5469, 36.50855],
          [-127.53669, 36.52207],
          [-127.50966, 36.52738],
          [-127.49945, 36.5409],
          [-127.48923, 36.55441],
          [-127.47901, 36.56793],
          [-127.46879, 36.58144],
          [-127.45857, 36.59495],
          [-127.44834, 36.60846],
          [-127.43812, 36.62197],
          [-127.42788, 36.63548],
          [-127.41765, 36.64898],
          [-127.40742, 36.66249],
          [-127.39718, 36.67599],
          [-127.38694, 36.68949],
          [-127.35985, 36.69478],
          [-127.34961, 36.70828],
          [-127.33936, 36.72178],
          [-127.31227, 36.72705],
          [-127.30201, 36.74055],
          [-127.29175, 36.75404],
          [-127.26465, 36.75931],
          [-127.23754, 36.76458],
          [-127.21044, 36.76984],
          [-127.20016, 36.78332],
          [-127.18989, 36.79681],
          [-127.16277, 36.80206],
          [-127.13565, 36.80731],
          [-127.12537, 36.82079],
          [-127.11508, 36.83427],
          [-127.10479, 36.84774],
          [-127.09449, 36.86122],
          [-127.06736, 36.86645],
          [-127.05706, 36.87993],
          [-127.04675, 36.8934],
          [-127.0196, 36.89862],
          [-126.99245, 36.90385],
          [-126.98214, 36.91731],
          [-126.97182, 36.93078],
          [-126.94466, 36.93599],
          [-126.93434, 36.94945],
          [-126.92402, 36.96291],
          [-126.89685, 36.96812],
          [-126.86967, 36.97332],
          [-126.85934, 36.98678],
          [-126.849, 37.00023],
          [-126.82181, 37.00542],
          [-126.79463, 37.01061],
          [-126.78428, 37.02406],
          [-126.77231, 37.03208],
          [-126.74673, 37.04269],
          [-126.71953, 37.04787],
          [-126.69233, 37.05304],
          [-126.66512, 37.05821],
          [-126.63792, 37.06337],
          [-126.62754, 37.0768],
          [-126.61717, 37.09024],
          [-126.58995, 37.09539],
          [-126.56273, 37.10054],
          [-126.55234, 37.11397],
          [-126.54196, 37.1274],
          [-126.51473, 37.13254],
          [-126.48749, 37.13768],
          [-126.46026, 37.14281],
          [-126.43302, 37.14794],
          [-126.40578, 37.15307],
          [-126.39537, 37.16648],
          [-126.38495, 37.1799],
          [-126.3577, 37.18501],
          [-126.33045, 37.19013],
          [-126.32002, 37.20354],
          [-126.3096, 37.21695],
          [-126.28233, 37.22205],
          [-126.25507, 37.22715],
          [-126.2278, 37.23224],
          [-126.21736, 37.24564],
          [-126.20692, 37.25904],
          [-126.17964, 37.26413],
          [-126.15235, 37.26921],
          [-126.12507, 37.27429],
          [-126.11461, 37.28768],
          [-126.10415, 37.30107],
          [-126.07686, 37.30614],
          [-126.04956, 37.3112],
          [-126.02226, 37.31626],
          [-126.01178, 37.32965],
          [-126.00131, 37.34303],
          [-125.974, 37.34808],
          [-125.96351, 37.36146],
          [-125.95303, 37.37484],
          [-125.92571, 37.37988],
          [-125.91522, 37.39326],
          [-125.90472, 37.40663],
          [-125.87739, 37.41167],
          [-125.86689, 37.42504],
          [-125.85639, 37.43841],
          [-125.82905, 37.44343],
          [-125.81854, 37.4568],
          [-125.80802, 37.47016],
          [-125.78067, 37.47518],
          [-125.77015, 37.48854],
          [-125.75963, 37.5019],
          [-125.73227, 37.50691],
          [-125.72174, 37.52027],
          [-125.71121, 37.53362],
          [-125.68384, 37.53862],
          [-125.6733, 37.55197],
          [-125.66276, 37.56532],
          [-125.65222, 37.57867],
          [-125.64168, 37.59202],
          [-125.61428, 37.59701],
          [-125.60373, 37.61035],
          [-125.59318, 37.62369],
          [-125.58262, 37.63704],
          [-125.57206, 37.65038],
          [-125.5615, 37.66371],
          [-125.55094, 37.67705],
          [-125.54037, 37.69039],
          [-125.5298, 37.70372],
          [-125.50238, 37.70869],
          [-125.4918, 37.72202],
          [-125.48122, 37.73535],
          [-125.47064, 37.74868],
          [-125.46006, 37.76201],
          [-125.44947, 37.77533],
          [-125.43888, 37.78866],
          [-125.42829, 37.80198],
          [-125.4177, 37.8153],
          [-125.4071, 37.82862],
          [-125.3965, 37.84194],
          [-125.3859, 37.85526],
          [-125.39216, 37.87694],
          [-125.38155, 37.89026],
          [-125.37094, 37.90357],
          [-125.37721, 37.92525],
          [-125.36659, 37.93857],
          [-125.35598, 37.95188],
          [-125.34536, 37.96518],
          [-125.33474, 37.97849],
          [-125.341, 38.00017],
          [-125.33037, 38.01347],
          [-125.31975, 38.02678],
          [-125.30912, 38.04008],
          [-125.29848, 38.05338],
          [-125.30474, 38.07505],
          [-125.2941, 38.08835],
          [-125.28346, 38.10165],
          [-125.27282, 38.11494],
          [-125.26218, 38.12824],
          [-125.25153, 38.14153],
          [-125.24088, 38.15482],
          [-125.23023, 38.16811],
          [-125.21957, 38.1814],
          [-125.22582, 38.20306],
          [-125.21516, 38.21635],
          [-125.2045, 38.22963],
          [-125.19383, 38.24292],
          [-125.18316, 38.2562],
          [-125.17249, 38.26948],
          [-125.16182, 38.28276],
          [-125.16806, 38.30441],
          [-125.15739, 38.31769],
          [-125.14671, 38.33096],
          [-125.13602, 38.34424],
          [-125.12534, 38.35751],
          [-125.13158, 38.37916],
          [-125.12089, 38.39243],
          [-125.1102, 38.4057],
          [-125.0995, 38.41896],
          [-125.08881, 38.43223],
          [-125.07811, 38.44549],
          [-125.06741, 38.45876],
          [-125.07364, 38.4804],
          [-125.06293, 38.49366],
          [-125.05222, 38.50692],
          [-125.04151, 38.52018],
          [-125.0308, 38.53343],
          [-125.02008, 38.54669],
          [-125.00936, 38.55994],
          [-125.01559, 38.58157],
          [-125.00486, 38.59483],
          [-124.99414, 38.60807],
          [-125.00037, 38.62971],
          [-124.98963, 38.64295],
          [-124.9789, 38.6562],
          [-124.98513, 38.67782],
          [-124.97439, 38.69107],
          [-124.96365, 38.70431],
          [-124.96988, 38.72593],
          [-124.95913, 38.73917],
          [-124.94839, 38.75241],
          [-124.95461, 38.77403],
          [-124.94386, 38.78726],
          [-124.93311, 38.8005],
          [-124.92235, 38.81373],
          [-124.91159, 38.82696],
          [-124.90083, 38.84019],
          [-124.89007, 38.85342],
          [-124.89629, 38.87503],
          [-124.90251, 38.89664],
          [-124.91951, 38.90502],
          [-124.9365, 38.91339],
          [-124.9535, 38.92177],
          [-124.97051, 38.93014],
          [-124.97675, 38.95174],
          [-124.98299, 38.97334],
          [-125, 38.98171],
          [-125.01702, 38.99008],
          [-125.03404, 38.99844],
          [-125.05106, 39.00681],
          [-125.06809, 39.01517],
          [-125.08511, 39.02353],
          [-125.10214, 39.03188],
          [-125.11917, 39.04024],
          [-125.13621, 39.04859],
          [-125.15325, 39.05694],
          [-125.17029, 39.06529],
          [-125.18733, 39.07364],
          [-125.20438, 39.08199],
          [-125.22143, 39.09033],
          [-125.23848, 39.09867],
          [-125.25553, 39.10701],
          [-125.27259, 39.11535],
          [-125.28965, 39.12368],
          [-125.30671, 39.13202],
          [-125.33451, 39.12711],
          [-125.35158, 39.13544],
          [-125.35791, 39.15701],
          [-125.37498, 39.16533],
          [-125.39206, 39.17366],
          [-125.3984, 39.19522],
          [-125.40475, 39.21677],
          [-125.39401, 39.23001],
          [-125.38327, 39.24324],
          [-125.38961, 39.2648],
          [-125.39596, 39.28635],
          [-125.38521, 39.29958],
          [-125.37446, 39.31281],
          [-125.38081, 39.33436],
          [-125.37005, 39.34758],
          [-125.3593, 39.36081],
          [-125.34853, 39.37403],
          [-125.33777, 39.38725],
          [-125.34412, 39.40879],
          [-125.33335, 39.42201],
          [-125.32258, 39.43523],
          [-125.32892, 39.45677],
          [-125.31815, 39.46999],
          [-125.30737, 39.4832],
          [-125.31372, 39.50473],
          [-125.30294, 39.51794],
          [-125.29215, 39.53115],
          [-125.28137, 39.54436],
          [-125.27058, 39.55757],
          [-125.27692, 39.5791],
          [-125.26613, 39.5923],
          [-125.25533, 39.6055],
          [-125.24453, 39.61871],
          [-125.23373, 39.63191],
          [-125.24007, 39.65343],
          [-125.22926, 39.66662],
          [-125.21846, 39.67982],
          [-125.20764, 39.69302],
          [-125.19683, 39.70621],
          [-125.18601, 39.7194],
          [-125.1752, 39.73259],
          [-125.16437, 39.74578],
          [-125.15355, 39.75897],
          [-125.14272, 39.77215],
          [-125.13189, 39.78534],
          [-125.12106, 39.79852],
          [-125.11022, 39.8117],
          [-125.09938, 39.82488],
          [-125.08854, 39.83806],
          [-125.0777, 39.85124],
          [-125.06685, 39.86441],
          [-125.056, 39.87759],
          [-125.04515, 39.89076],
          [-125.0343, 39.90393],
          [-125.02344, 39.9171],
          [-125.01258, 39.93027],
          [-125.00172, 39.94343],
          [-124.99085, 39.9566],
          [-124.97998, 39.96976],
          [-124.96911, 39.98292],
          [-124.95824, 39.99608],
          [-124.94736, 40.00924],
          [-124.93648, 40.0224],
          [-124.94278, 40.04389],
          [-124.9319, 40.05704],
          [-124.92101, 40.07019],
          [-124.91012, 40.08334],
          [-124.89923, 40.09649],
          [-124.88834, 40.10964],
          [-124.87744, 40.12279],
          [-124.86654, 40.13593],
          [-124.85563, 40.14908],
          [-124.84473, 40.16222],
          [-124.83382, 40.17536],
          [-124.84011, 40.19683],
          [-124.8292, 40.20997],
          [-124.81828, 40.22311],
          [-124.80736, 40.23624],
          [-124.79644, 40.24938],
          [-124.78552, 40.26251],
          [-124.77459, 40.27564],
          [-124.78087, 40.2971],
          [-124.76994, 40.31023],
          [-124.75901, 40.32336],
          [-124.74807, 40.33648],
          [-124.73713, 40.3496],
          [-124.72619, 40.36273],
          [-124.71524, 40.37585],
          [-124.7043, 40.38896],
          [-124.69335, 40.40208],
          [-124.68239, 40.4152],
          [-124.67144, 40.42831],
          [-124.66048, 40.44142],
          [-124.64952, 40.45453],
          [-124.63855, 40.46764],
          [-124.62759, 40.48075],
          [-124.61662, 40.49385],
          [-124.60564, 40.50696],
          [-124.59467, 40.52006],
          [-124.58369, 40.53316],
          [-124.57271, 40.54626],
          [-124.56172, 40.55936],
          [-124.55074, 40.57245],
          [-124.53975, 40.58555],
          [-124.52876, 40.59864],
          [-124.51776, 40.61173],
          [-124.50676, 40.62482],
          [-124.49576, 40.63791],
          [-124.48476, 40.651],
          [-124.47375, 40.66408],
          [-124.46274, 40.67717],
          [-124.45173, 40.69025],
          [-124.44072, 40.70333],
          [-124.41245, 40.70805],
          [-124.40143, 40.72113],
          [-124.3904, 40.73421],
          [-124.37937, 40.74728],
          [-124.36834, 40.76035],
          [-124.35731, 40.77342],
          [-124.34628, 40.78649],
          [-124.31798, 40.7912],
          [-124.30694, 40.80427],
          [-124.29589, 40.81733],
          [-124.28484, 40.83039],
          [-124.27379, 40.84345],
          [-124.26274, 40.85651],
          [-124.25168, 40.86957],
          [-124.24062, 40.88262],
          [-124.22956, 40.89568],
          [-124.21849, 40.90873],
          [-124.20743, 40.92178],
          [-124.19636, 40.93483],
          [-124.18528, 40.94788],
          [-124.17421, 40.96092],
          [-124.16313, 40.97397],
          [-124.15205, 40.98701],
          [-124.14096, 41.00005],
          [-124.11259, 41.00472],
          [-124.1015, 41.01776],
          [-124.09041, 41.0308],
          [-124.07931, 41.04383],
          [-124.06821, 41.05686],
          [-124.05711, 41.0699],
          [-124.046, 41.08292],
          [-124.03489, 41.09595],
          [-124.02378, 41.10898],
          [-124.01267, 41.122],
          [-124.00155, 41.13503],
          [-123.97314, 41.13967],
          [-123.96202, 41.15269],
          [-123.95089, 41.16571],
          [-123.93976, 41.17873],
          [-123.92863, 41.19174],
          [-123.91749, 41.20475],
          [-123.90635, 41.21777],
          [-123.89521, 41.23077],
          [-123.88407, 41.24378],
          [-123.87292, 41.25679],
          [-123.86177, 41.26979],
          [-123.85062, 41.2828],
          [-123.83946, 41.2958],
          [-123.8283, 41.3088],
          [-123.81714, 41.3218],
          [-123.80598, 41.33479],
          [-123.79481, 41.34779],
          [-123.78364, 41.36078],
          [-123.77247, 41.37377],
          [-123.74398, 41.37838],
          [-123.7328, 41.39137],
          [-123.72162, 41.40435],
          [-123.71044, 41.41734],
          [-123.69925, 41.43032],
          [-123.68806, 41.4433],
          [-123.67686, 41.45628],
          [-123.66567, 41.46926],
          [-123.65447, 41.48224],
          [-123.64326, 41.49521],
          [-123.63206, 41.50819],
          [-123.60353, 41.51276],
          [-123.59232, 41.52573],
          [-123.5811, 41.5387],
          [-123.56988, 41.55167],
          [-123.55866, 41.56463],
          [-123.54744, 41.5776],
          [-123.53621, 41.59056],
          [-123.52498, 41.60352],
          [-123.51375, 41.61648],
          [-123.48518, 41.62103],
          [-123.47394, 41.63399],
          [-123.4627, 41.64694],
          [-123.45146, 41.65989],
          [-123.44021, 41.67284],
          [-123.41162, 41.67739],
          [-123.40037, 41.69033],
          [-123.38911, 41.70328],
          [-123.37785, 41.71622],
          [-123.36658, 41.72916],
          [-123.33798, 41.73369],
          [-123.32671, 41.74663],
          [-123.31543, 41.75956],
          [-123.30416, 41.7725],
          [-123.29288, 41.78543],
          [-123.2816, 41.79836],
          [-123.27031, 41.81129],
          [-123.24168, 41.8158],
          [-123.23039, 41.82873],
          [-123.21909, 41.84165],
          [-123.19045, 41.84615],
          [-123.17914, 41.85907],
          [-123.16784, 41.87199],
          [-123.15653, 41.88491],
          [-123.14522, 41.89782],
          [-123.11656, 41.90231],
          [-123.10524, 41.91522],
          [-123.09392, 41.92813],
          [-123.0826, 41.94104],
          [-123.07127, 41.95395],
          [-123.04259, 41.95843],
          [-123.03125, 41.97133],
          [-123.01992, 41.98423],
          [-123.00858, 41.99713],
          [-122.99723, 42.01002],
          [-122.96853, 42.01449],
          [-122.93983, 42.01895],
          [-122.92848, 42.03184],
          [-122.91712, 42.04473],
          [-122.8884, 42.04918],
          [-122.87704, 42.06207],
          [-122.86567, 42.07495],
          [-122.83695, 42.0794],
          [-122.82557, 42.09228],
          [-122.8142, 42.10515],
          [-122.78546, 42.10959],
          [-122.75672, 42.11402],
          [-122.73937, 42.10557],
          [-122.72202, 42.09712],
          [-122.69328, 42.10154],
          [-122.67594, 42.09309],
          [-122.65859, 42.08463],
          [-122.62986, 42.08904],
          [-122.60111, 42.09345],
          [-122.57237, 42.09785],
          [-122.54363, 42.10224],
          [-122.52629, 42.09377],
          [-122.50896, 42.0853],
          [-122.49755, 42.09816],
          [-122.48613, 42.11102],
          [-122.45738, 42.1154],
          [-122.44595, 42.12826],
          [-122.43452, 42.14111],
          [-122.40576, 42.14548],
          [-122.39432, 42.15833],
          [-122.38288, 42.17118],
          [-122.37144, 42.18402],
          [-122.35999, 42.19687],
          [-122.34855, 42.20971],
          [-122.3371, 42.22255],
          [-122.32564, 42.23539],
          [-122.31418, 42.24822],
          [-122.30272, 42.26106],
          [-122.29126, 42.27389],
          [-122.2798, 42.28672],
          [-122.26833, 42.29955],
          [-122.25686, 42.31238],
          [-122.24538, 42.32521],
          [-122.2339, 42.33803],
          [-122.22242, 42.35085],
          [-122.19359, 42.35519],
          [-122.1821, 42.36801],
          [-122.17061, 42.38083],
          [-122.14177, 42.38515],
          [-122.13027, 42.39797],
          [-122.11877, 42.41078],
          [-122.08992, 42.41509],
          [-122.07841, 42.4279],
          [-122.0669, 42.44071],
          [-122.03803, 42.44502],
          [-122.00917, 42.44932],
          [-121.99764, 42.46212],
          [-121.98612, 42.47492],
          [-121.95724, 42.47921],
          [-121.92836, 42.4835],
          [-121.89947, 42.48779],
          [-121.87059, 42.49207],
          [-121.8417, 42.49634],
          [-121.81281, 42.50062],
          [-121.78391, 42.50488],
          [-121.75502, 42.50914],
          [-121.72612, 42.5134],
          [-121.69722, 42.51765],
          [-121.68565, 42.53043],
          [-121.67408, 42.5432],
          [-121.64516, 42.54745],
          [-121.61625, 42.55169],
          [-121.58733, 42.55592],
          [-121.55841, 42.56015],
          [-121.54682, 42.57291],
          [-121.53522, 42.58568],
          [-121.50629, 42.5899],
          [-121.47736, 42.59411],
          [-121.44843, 42.59832],
          [-121.41949, 42.60253],
          [-121.40787, 42.61528],
          [-121.39626, 42.62803],
          [-121.36731, 42.63223],
          [-121.33836, 42.63642],
          [-121.3094, 42.64061],
          [-121.28045, 42.64479],
          [-121.25149, 42.64897],
          [-121.22253, 42.65315],
          [-121.19357, 42.65732],
          [-121.18192, 42.67005],
          [-121.17026, 42.68278],
          [-121.14129, 42.68694],
          [-121.11231, 42.6911],
          [-121.08333, 42.69525],
          [-121.07167, 42.70797],
          [-121.05999, 42.7207],
          [-121.031, 42.72484],
          [-121.00201, 42.72898],
          [-120.99033, 42.74169],
          [-120.97864, 42.75441],
          [-120.94964, 42.75853],
          [-120.92064, 42.76266],
          [-120.89163, 42.76678],
          [-120.86262, 42.77089],
          [-120.83361, 42.775],
          [-120.80459, 42.77911],
          [-120.77558, 42.78321],
          [-120.74656, 42.78731],
          [-120.71753, 42.7914],
          [-120.70024, 42.78279],
          [-120.68294, 42.77419],
          [-120.65392, 42.77827],
          [-120.6249, 42.78234],
          [-120.60761, 42.77373],
          [-120.59033, 42.76511],
          [-120.56131, 42.76918],
          [-120.54403, 42.76056],
          [-120.52675, 42.75194],
          [-120.49773, 42.75599],
          [-120.48046, 42.74737],
          [-120.4632, 42.73874],
          [-120.43418, 42.74278],
          [-120.40515, 42.74683],
          [-120.38789, 42.73819],
          [-120.37063, 42.72955],
          [-120.34161, 42.73359],
          [-120.31259, 42.73762],
          [-120.28357, 42.74164],
          [-120.25454, 42.74566],
          [-120.23729, 42.73701],
          [-120.22005, 42.72836],
          [-120.19102, 42.73237],
          [-120.16199, 42.73637],
          [-120.13296, 42.74037],
          [-120.10393, 42.74437],
          [-120.08669, 42.7357],
          [-120.06946, 42.72704],
          [-120.04043, 42.73102],
          [-120.0114, 42.73501],
          [-119.98236, 42.73898],
          [-119.95332, 42.74296],
          [-119.9361, 42.73428],
          [-119.91888, 42.72559],
          [-119.88984, 42.72956],
          [-119.8608, 42.73352],
          [-119.83176, 42.73747],
          [-119.80272, 42.74142],
          [-119.77367, 42.74536],
          [-119.74462, 42.7493],
          [-119.71557, 42.75324],
          [-119.68652, 42.75717],
          [-119.67466, 42.7698],
          [-119.66281, 42.78243],
          [-119.63374, 42.78635],
          [-119.60468, 42.79026],
          [-119.57561, 42.79418],
          [-119.54654, 42.79808],
          [-119.51747, 42.80199],
          [-119.48839, 42.80588],
          [-119.45931, 42.80978],
          [-119.43023, 42.81367],
          [-119.40115, 42.81755],
          [-119.37207, 42.82143],
          [-119.34298, 42.8253],
          [-119.31389, 42.82917],
          [-119.2848, 42.83304],
          [-119.25571, 42.8369],
          [-119.22661, 42.84076],
          [-119.19751, 42.84461],
          [-119.16841, 42.84845],
          [-119.13931, 42.8523],
          [-119.1102, 42.85613],
          [-119.0811, 42.85997],
          [-119.05199, 42.86379],
          [-119.02288, 42.86762],
          [-118.99376, 42.87144],
          [-118.96465, 42.87525],
          [-118.93553, 42.87906],
          [-118.90641, 42.88286],
          [-118.87728, 42.88666],
          [-118.84816, 42.89046],
          [-118.83618, 42.90302],
          [-118.8242, 42.91559],
          [-118.79507, 42.91937],
          [-118.76593, 42.92316],
          [-118.73679, 42.92693],
          [-118.7248, 42.93949],
          [-118.7128, 42.95204],
          [-118.68365, 42.95581],
          [-118.6545, 42.95957],
          [-118.62534, 42.96333],
          [-118.59618, 42.96708],
          [-118.56703, 42.97083],
          [-118.53786, 42.97458],
          [-118.52584, 42.98712],
          [-118.51381, 42.99965],
          [-118.48464, 43.00339],
          [-118.4675, 42.99459],
          [-118.45037, 42.98578],
          [-118.4212, 42.98951],
          [-118.39202, 42.99323],
          [-118.36285, 42.99695],
          [-118.33367, 43.00066],
          [-118.30449, 43.00437],
          [-118.27531, 43.00807],
          [-118.24613, 43.01177],
          [-118.21694, 43.01546],
          [-118.18776, 43.01915],
          [-118.15857, 43.02283],
          [-118.12937, 43.02651],
          [-118.10018, 43.03018],
          [-118.07098, 43.03385],
          [-118.04179, 43.03752],
          [-118.01259, 43.04118],
          [-117.98338, 43.04483],
          [-117.95418, 43.04848],
          [-117.92497, 43.05213],
          [-117.90787, 43.04328],
          [-117.89078, 43.03443],
          [-117.86158, 43.03806],
          [-117.83237, 43.0417],
          [-117.80316, 43.04532],
          [-117.77395, 43.04895],
          [-117.74473, 43.05256],
          [-117.71552, 43.05618],
          [-117.6863, 43.05979],
          [-117.65708, 43.06339],
          [-117.62786, 43.06699],
          [-117.61571, 43.07946],
          [-117.60355, 43.09193],
          [-117.57432, 43.09552],
          [-117.54508, 43.09911],
          [-117.51585, 43.10269],
          [-117.50368, 43.11515],
          [-117.4915, 43.12761],
          [-117.46226, 43.13118],
          [-117.45008, 43.14364],
          [-117.43789, 43.15609],
          [-117.40863, 43.15965],
          [-117.37937, 43.16321],
          [-117.36718, 43.17566],
          [-117.35498, 43.18811],
          [-117.32571, 43.19166],
          [-117.29644, 43.1952],
          [-117.28423, 43.20764],
          [-117.27202, 43.22008],
          [-117.24274, 43.22361],
          [-117.21345, 43.22714],
          [-117.18416, 43.23067],
          [-117.15488, 43.23419],
          [-117.12558, 43.23771],
          [-117.09629, 43.24122],
          [-117.067, 43.24473],
          [-117.0377, 43.24823],
          [-117.0084, 43.25173],
          [-116.9791, 43.25522],
          [-116.9498, 43.25871],
          [-116.92049, 43.26219],
          [-116.89118, 43.26567],
          [-116.86187, 43.26914],
          [-116.83256, 43.27261],
          [-116.80325, 43.27608],
          [-116.77393, 43.27954],
          [-116.74461, 43.28299],
          [-116.71529, 43.28644],
          [-116.69827, 43.27749],
          [-116.68124, 43.26854],
          [-116.65192, 43.27198],
          [-116.6226, 43.27542],
          [-116.60559, 43.26646],
          [-116.58857, 43.2575],
          [-116.55926, 43.26093],
          [-116.52994, 43.26435],
          [-116.50061, 43.26777],
          [-116.47129, 43.27118],
          [-116.44196, 43.27459],
          [-116.41264, 43.27799],
          [-116.38331, 43.28139],
          [-116.35397, 43.28478],
          [-116.32464, 43.28817],
          [-116.30765, 43.27919],
          [-116.29066, 43.2702],
          [-116.26133, 43.27358],
          [-116.23199, 43.27696],
          [-116.20266, 43.28033],
          [-116.17332, 43.28369],
          [-116.14398, 43.28705],
          [-116.11464, 43.29041],
          [-116.10227, 43.30276],
          [-116.0899, 43.31512],
          [-116.06055, 43.31846],
          [-116.03119, 43.3218],
          [-116.01881, 43.33415],
          [-116.00642, 43.3465],
          [-115.97706, 43.34983],
          [-115.94769, 43.35316],
          [-115.93529, 43.3655],
          [-115.92289, 43.37783],
          [-115.89351, 43.38115],
          [-115.86414, 43.38447],
          [-115.83476, 43.38778],
          [-115.82234, 43.40011],
          [-115.80992, 43.41243],
          [-115.78053, 43.41573],
          [-115.7681, 43.42806],
          [-115.75567, 43.44038],
          [-115.72627, 43.44367],
          [-115.71383, 43.45599],
          [-115.70139, 43.4683],
          [-115.68895, 43.48062],
          [-115.69348, 43.50196],
          [-115.68103, 43.51427],
          [-115.6516, 43.51755],
          [-115.63915, 43.52985],
          [-115.62669, 43.54216],
          [-115.61423, 43.55446],
          [-115.60176, 43.56676],
          [-115.58929, 43.57906],
          [-115.57682, 43.59136],
          [-115.56435, 43.60365],
          [-115.55187, 43.61595],
          [-115.53939, 43.62824],
          [-115.5269, 43.64053],
          [-115.49743, 43.64378],
          [-115.48494, 43.65607],
          [-115.47245, 43.66835],
          [-115.45995, 43.68063],
          [-115.44745, 43.69291],
          [-115.41796, 43.69615],
          [-115.40546, 43.70843],
          [-115.39295, 43.7207],
          [-115.38043, 43.73298],
          [-115.36791, 43.74525],
          [-115.35539, 43.75752],
          [-115.34287, 43.76978],
          [-115.33034, 43.78205],
          [-115.3348, 43.80336],
          [-115.32227, 43.81562],
          [-115.30974, 43.82788],
          [-115.31419, 43.84918],
          [-115.30165, 43.86144],
          [-115.28911, 43.8737],
          [-115.29357, 43.89499],
          [-115.28102, 43.90725],
          [-115.26847, 43.9195],
          [-115.27292, 43.94079],
          [-115.26036, 43.95304],
          [-115.2478, 43.96528],
          [-115.25225, 43.98657],
          [-115.23969, 43.99881],
          [-115.22712, 44.01105],
          [-115.23157, 44.03233],
          [-115.21899, 44.04457],
          [-115.20641, 44.0568],
          [-115.19383, 44.06904],
          [-115.18125, 44.08127],
          [-115.18569, 44.10254],
          [-115.1731, 44.11477],
          [-115.16051, 44.12699],
          [-115.14791, 44.13922],
          [-115.13531, 44.15144],
          [-115.12271, 44.16366],
          [-115.11011, 44.17588],
          [-115.0975, 44.1881],
          [-115.08489, 44.20031],
          [-115.07227, 44.21253],
          [-115.05966, 44.22474],
          [-115.04704, 44.23695],
          [-115.03441, 44.24916],
          [-115.02178, 44.26136],
          [-115.00915, 44.27357],
          [-114.99652, 44.28577],
          [-114.98388, 44.29797],
          [-114.97124, 44.31017],
          [-114.9586, 44.32237],
          [-114.963, 44.34361],
          [-114.95036, 44.3558],
          [-114.9377, 44.368],
          [-114.92505, 44.38019],
          [-114.91239, 44.39238],
          [-114.91679, 44.41361],
          [-114.90412, 44.42579],
          [-114.89146, 44.43798],
          [-114.87879, 44.45016],
          [-114.86611, 44.46234],
          [-114.85344, 44.47451],
          [-114.84076, 44.48669],
          [-114.82808, 44.49886],
          [-114.82689, 44.5]
        ]
      }
    },
    {
      "type": "Feature",
      "id": "2026100118_f216_11000_001",
      "properties": {
        "product_id": "winter_storm_levels",
        "source_id": "nbm_snow_level",
        "parameter": "snow_level",
        "definition": "height of the wet-bulb 0.5 degree C surface",
        "level_ft_msl": 11000,
        "label": "11,000 ft MSL",
        "unit": "ft_msl",
        "cycle_time_utc": "2026-10-01T18:00:00Z",
        "valid_time_utc": "2026-10-10T18:00:00Z",
        "lead_hours": 216,
        "segment": 1,
        "length_m": 211352.5
      },
      "geometry": {
        "type": "LineString",
        "coordinates": [
          [-123.73261, 34.94211],
          [-123.72684, 34.92012],
          [-123.70729, 34.90977],
          [-123.68048, 34.91449],
          [-123.65366, 34.91921],
          [-123.62685, 34.92393],
          [-123.60003, 34.92864],
          [-123.58738, 34.94465],
          [-123.57895, 34.95533],
          [-123.55212, 34.96003],
          [-123.52529, 34.96473],
          [-123.51262, 34.98074],
          [-123.50418, 34.99142],
          [-123.47734, 34.99611],
          [-123.4505, 35.00079],
          [-123.43782, 35.01679],
          [-123.42937, 35.02746],
          [-123.40251, 35.03214],
          [-123.38982, 35.04814],
          [-123.38136, 35.0588],
          [-123.36867, 35.07479],
          [-123.3602, 35.08546],
          [-123.3475, 35.10145],
          [-123.33904, 35.11211],
          [-123.32633, 35.1281],
          [-123.31786, 35.13875],
          [-123.29097, 35.14341],
          [-123.27825, 35.15939],
          [-123.26977, 35.17005],
          [-123.25705, 35.18603],
          [-123.24857, 35.19668],
          [-123.23584, 35.21266],
          [-123.24152, 35.23464],
          [-123.23304, 35.24529],
          [-123.20612, 35.24993],
          [-123.19338, 35.2659],
          [-123.18488, 35.27655],
          [-123.15796, 35.28118],
          [-123.14521, 35.29715],
          [-123.13671, 35.30779],
          [-123.12395, 35.32375],
          [-123.11544, 35.33439],
          [-123.10268, 35.35035],
          [-123.10834, 35.37233],
          [-123.09983, 35.38296],
          [-123.08706, 35.39892],
          [-123.07854, 35.40956],
          [-123.06576, 35.42551],
          [-123.05724, 35.43614],
          [-123.04446, 35.45209],
          [-123.05012, 35.47406],
          [-123.04159, 35.48469],
          [-123.0288, 35.50064],
          [-123.03446, 35.5226],
          [-123.02593, 35.53323],
          [-123.01313, 35.54918],
          [-123.03272, 35.55959],
          [-123.05972, 35.55498],
          [-123.08671, 35.55037],
          [-123.0995, 35.53442],
          [-123.10803, 35.52379],
          [-123.12081, 35.50784],
          [-123.12933, 35.4972],
          [-123.15631, 35.49258],
          [-123.16908, 35.47662],
          [-123.1776, 35.46598],
          [-123.19036, 35.45002],
          [-123.19887, 35.43938],
          [-123.21163, 35.42342],
          [-123.22014, 35.41278],
          [-123.23289, 35.39681],
          [-123.24139, 35.38617],
          [-123.25414, 35.3702],
          [-123.26264, 35.35955],
          [-123.27538, 35.34358],
          [-123.28387, 35.33293],
          [-123.29661, 35.31696],
          [-123.3051, 35.30631],
          [-123.31783, 35.29033],
          [-123.32631, 35.27968],
          [-123.33904, 35.2637],
          [-123.34752, 35.25304],
          [-123.37443, 35.24838],
          [-123.38714, 35.23239],
          [-123.39561, 35.22174],
          [-123.42251, 35.21706],
          [-123.43521, 35.20107],
          [-123.44368, 35.19041],
          [-123.45638, 35.17442],
          [-123.46484, 35.16375],
          [-123.47753, 35.14776],
          [-123.48599, 35.13709],
          [-123.51286, 35.1324],
          [-123.52554, 35.1164],
          [-123.53399, 35.10573],
          [-123.54667, 35.08972],
          [-123.55512, 35.07905],
          [-123.56778, 35.06304],
          [-123.57623, 35.05237],
          [-123.60308, 35.04767],
          [-123.61573, 35.03165],
          [-123.62417, 35.02098],
          [-123.63682, 35.00496],
          [-123.64525, 34.99428],
          [-123.67209, 34.98956],
          [-123.68473, 34.97354],
          [-123.69315, 34.96286],
          [-123.71998, 34.95813],
          [-123.73261, 34.94211]
        ]
      }
    },
    {
      "type": "Feature",
      "id": "2026100118_f216_11000_002",
      "properties": {
        "product_id": "winter_storm_levels",
        "source_id": "nbm_snow_level",
        "parameter": "snow_level",
        "definition": "height of the wet-bulb 0.5 degree C surface",
        "level_ft_msl": 11000,
        "label": "11,000 ft MSL",
        "unit": "ft_msl",
        "cycle_time_utc": "2026-10-01T18:00:00Z",
        "valid_time_utc": "2026-10-10T18:00:00Z",
        "lead_hours": 216,
        "segment": 2,
        "length_m": 20688.5
      },
      "geometry": {
        "type": "LineString",
        "coordinates": [
          [-125.53831, 34.08106],
          [-125.53223, 34.05908],
          [-125.51919, 34.0523],
          [-125.49266, 34.05733],
          [-125.46613, 34.06236],
          [-125.45794, 34.07316],
          [-125.46401, 34.09514],
          [-125.47705, 34.10192],
          [-125.50359, 34.09689],
          [-125.53013, 34.09186],
          [-125.53831, 34.08106]
        ]
      }
    },
    {
      "type": "Feature",
      "id": "2026100118_f216_11000_003",
      "properties": {
        "product_id": "winter_storm_levels",
        "source_id": "nbm_snow_level",
        "parameter": "snow_level",
        "definition": "height of the wet-bulb 0.5 degree C surface",
        "level_ft_msl": 11000,
        "label": "11,000 ft MSL",
        "unit": "ft_msl",
        "cycle_time_utc": "2026-10-01T18:00:00Z",
        "valid_time_utc": "2026-10-10T18:00:00Z",
        "lead_hours": 216,
        "segment": 3,
        "length_m": 5675.4
      },
      "geometry": {
        "type": "LineString",
        "coordinates": [
          [-125.5957, 33.88504],
          [-125.58754, 33.89586],
          [-125.57451, 33.88908],
          [-125.58268, 33.87827],
          [-125.5957, 33.88504]
        ]
      }
    },
    {
      "type": "Feature",
      "id": "2026100118_f216_11000_004",
      "properties": {
        "product_id": "winter_storm_levels",
        "source_id": "nbm_snow_level",
        "parameter": "snow_level",
        "definition": "height of the wet-bulb 0.5 degree C surface",
        "level_ft_msl": 11000,
        "label": "11,000 ft MSL",
        "unit": "ft_msl",
        "cycle_time_utc": "2026-10-01T18:00:00Z",
        "valid_time_utc": "2026-10-10T18:00:00Z",
        "lead_hours": 216,
        "segment": 4,
        "length_m": 86200
      },
      "geometry": {
        "type": "LineString",
        "coordinates": [
          [-125.88496, 33.92225],
          [-125.87883, 33.90028],
          [-125.87269, 33.8783],
          [-125.85965, 33.87155],
          [-125.84009, 33.86141],
          [-125.83397, 33.83944],
          [-125.82093, 33.83268],
          [-125.79447, 33.83776],
          [-125.768, 33.84284],
          [-125.75986, 33.85366],
          [-125.74764, 33.8699],
          [-125.7395, 33.88072],
          [-125.72727, 33.89695],
          [-125.71912, 33.90777],
          [-125.70689, 33.92399],
          [-125.69874, 33.93481],
          [-125.68651, 33.95104],
          [-125.66001, 33.9561],
          [-125.65185, 33.96691],
          [-125.6396, 33.98313],
          [-125.61309, 33.98818],
          [-125.58659, 33.99323],
          [-125.57841, 34.00404],
          [-125.56615, 34.02025],
          [-125.55798, 34.03106],
          [-125.57102, 34.03783],
          [-125.59754, 34.03279],
          [-125.62406, 34.02774],
          [-125.64363, 34.0379],
          [-125.65668, 34.04466],
          [-125.68319, 34.03961],
          [-125.70971, 34.03454],
          [-125.73622, 34.02948],
          [-125.74438, 34.01866],
          [-125.75661, 34.00244],
          [-125.78312, 33.99736],
          [-125.80962, 33.99228],
          [-125.83612, 33.9872],
          [-125.86261, 33.98211],
          [-125.87076, 33.97129],
          [-125.86462, 33.94932],
          [-125.87683, 33.93308],
          [-125.88496, 33.92225]
        ]
      }
    },
    {
      "type": "Feature",
      "id": "2026100118_f216_11000_005",
      "properties": {
        "product_id": "winter_storm_levels",
        "source_id": "nbm_snow_level",
        "parameter": "snow_level",
        "definition": "height of the wet-bulb 0.5 degree C surface",
        "level_ft_msl": 11000,
        "label": "11,000 ft MSL",
        "unit": "ft_msl",
        "cycle_time_utc": "2026-10-01T18:00:00Z",
        "valid_time_utc": "2026-10-10T18:00:00Z",
        "lead_hours": 216,
        "segment": 5,
        "length_m": 2611345.8
      },
      "geometry": {
        "type": "LineString",
        "coordinates": [
          [-129.77179, 31.89079],
          [-129.74596, 31.89654],
          [-129.73452, 31.91314],
          [-129.7269, 31.92421],
          [-129.70106, 31.92995],
          [-129.67522, 31.93569],
          [-129.66376, 31.95229],
          [-129.65613, 31.96336],
          [-129.64467, 31.97995],
          [-129.63703, 31.99102],
          [-129.61117, 31.99674],
          [-129.5997, 32.01333],
          [-129.59205, 32.0244],
          [-129.56618, 32.03011],
          [-129.54031, 32.03583],
          [-129.51444, 32.04154],
          [-129.48856, 32.04724],
          [-129.46269, 32.05294],
          [-129.44964, 32.04645],
          [-129.43009, 32.0367],
          [-129.40421, 32.0424],
          [-129.37832, 32.04808],
          [-129.35244, 32.05377],
          [-129.32655, 32.05945],
          [-129.31504, 32.07602],
          [-129.30736, 32.08706],
          [-129.28146, 32.09273],
          [-129.26994, 32.1093],
          [-129.26225, 32.12034],
          [-129.25072, 32.1369],
          [-129.24303, 32.14795],
          [-129.21712, 32.15361],
          [-129.1912, 32.15926],
          [-129.17966, 32.17582],
          [-129.17196, 32.18685],
          [-129.14603, 32.1925],
          [-129.1201, 32.19815],
          [-129.09417, 32.20379],
          [-129.06824, 32.20942],
          [-129.0423, 32.21505],
          [-129.01636, 32.22068],
          [-129.00333, 32.21415],
          [-128.98378, 32.20436],
          [-128.95784, 32.20997],
          [-128.9319, 32.21559],
          [-128.91887, 32.20905],
          [-128.89933, 32.19924],
          [-128.8863, 32.19271],
          [-128.86677, 32.1829],
          [-128.84083, 32.18849],
          [-128.82781, 32.18195],
          [-128.80828, 32.17213],
          [-128.79526, 32.16559],
          [-128.78866, 32.14363],
          [-128.78206, 32.12167],
          [-128.78979, 32.11065],
          [-128.80139, 32.09412],
          [-128.79479, 32.07216],
          [-128.78819, 32.0502],
          [-128.7816, 32.02823],
          [-128.78932, 32.01721],
          [-128.80091, 32.00068],
          [-128.78141, 31.99085],
          [-128.76842, 31.9843],
          [-128.74893, 31.97447],
          [-128.73594, 31.96792],
          [-128.71842, 31.96468],
          [-128.69253, 31.97025],
          [-128.66663, 31.97583],
          [-128.63875, 31.97481],
          [-128.62577, 31.96824],
          [-128.61144, 31.94794],
          [-128.59974, 31.93642],
          [-128.59194, 31.92874],
          [-128.58539, 31.90676],
          [-128.58795, 31.89686],
          [-128.59179, 31.882],
          [-128.593, 31.85836],
          [-128.60074, 31.84734],
          [-128.61233, 31.83081],
          [-128.60578, 31.80883],
          [-128.61351, 31.79781],
          [-128.6251, 31.78129],
          [-128.63282, 31.77027],
          [-128.64441, 31.75373],
          [-128.65213, 31.74271],
          [-128.6637, 31.72618],
          [-128.65715, 31.70419],
          [-128.6506, 31.68221],
          [-128.64406, 31.66022],
          [-128.62463, 31.65037],
          [-128.61168, 31.6438],
          [-128.60515, 31.62181],
          [-128.58573, 31.61196],
          [-128.55991, 31.61752],
          [-128.54696, 31.61094],
          [-128.52756, 31.60108],
          [-128.50173, 31.60663],
          [-128.4759, 31.61217],
          [-128.46297, 31.60559],
          [-128.44357, 31.59572],
          [-128.41774, 31.60126],
          [-128.39191, 31.60679],
          [-128.3803, 31.62331],
          [-128.37257, 31.63432],
          [-128.34673, 31.63984],
          [-128.32088, 31.64537],
          [-128.30926, 31.66188],
          [-128.30152, 31.67288],
          [-128.27566, 31.6784],
          [-128.24981, 31.68391],
          [-128.23818, 31.70041],
          [-128.23042, 31.71141],
          [-128.20456, 31.71692],
          [-128.17869, 31.72241],
          [-128.15282, 31.72791],
          [-128.12695, 31.73339],
          [-128.10107, 31.73888],
          [-128.0752, 31.74436],
          [-128.04932, 31.74983],
          [-128.02344, 31.75531],
          [-128.01176, 31.77179],
          [-128.00398, 31.78278],
          [-127.97809, 31.78825],
          [-127.9522, 31.79371],
          [-127.9263, 31.79916],
          [-127.91338, 31.79254],
          [-127.89399, 31.7826],
          [-127.86809, 31.78805],
          [-127.8422, 31.79349],
          [-127.81629, 31.79893],
          [-127.79039, 31.80436],
          [-127.77747, 31.79772],
          [-127.7581, 31.78777],
          [-127.7322, 31.79319],
          [-127.70629, 31.79861],
          [-127.69457, 31.81508],
          [-127.68675, 31.82605],
          [-127.66084, 31.83146],
          [-127.63492, 31.83687],
          [-127.609, 31.84227],
          [-127.58307, 31.84767],
          [-127.55715, 31.85307],
          [-127.5454, 31.86951],
          [-127.53756, 31.88048],
          [-127.51163, 31.88587],
          [-127.48569, 31.89125],
          [-127.45975, 31.89663],
          [-127.43381, 31.902],
          [-127.40786, 31.90737],
          [-127.39609, 31.92381],
          [-127.38824, 31.93476],
          [-127.36228, 31.94012],
          [-127.33633, 31.94548],
          [-127.31037, 31.95084],
          [-127.2844, 31.95618],
          [-127.27261, 31.97261],
          [-127.26474, 31.98356],
          [-127.23877, 31.9889],
          [-127.21279, 31.99424],
          [-127.18682, 31.99957],
          [-127.16084, 32.0049],
          [-127.13486, 32.01022],
          [-127.10888, 32.01554],
          [-127.08289, 32.02086],
          [-127.0569, 32.02617],
          [-127.03091, 32.03148],
          [-127.00492, 32.03678],
          [-126.99307, 32.05318],
          [-126.98517, 32.06411],
          [-126.95917, 32.06941],
          [-126.93317, 32.0747],
          [-126.90716, 32.07999],
          [-126.88115, 32.08527],
          [-126.86825, 32.07856],
          [-126.84891, 32.06851],
          [-126.8229, 32.07378],
          [-126.79689, 32.07905],
          [-126.77088, 32.08431],
          [-126.75899, 32.10069],
          [-126.75107, 32.11161],
          [-126.72504, 32.11687],
          [-126.69902, 32.12212],
          [-126.67299, 32.12737],
          [-126.64696, 32.13261],
          [-126.63505, 32.14899],
          [-126.62711, 32.1599],
          [-126.60107, 32.16513],
          [-126.57503, 32.17037],
          [-126.54898, 32.17559],
          [-126.53706, 32.19195],
          [-126.5291, 32.20286],
          [-126.51717, 32.21922],
          [-126.50922, 32.23013],
          [-126.48315, 32.23534],
          [-126.45709, 32.24055],
          [-126.43102, 32.24576],
          [-126.41814, 32.23902],
          [-126.39881, 32.22892],
          [-126.37274, 32.23411],
          [-126.34667, 32.23931],
          [-126.33379, 32.23256],
          [-126.31447, 32.22244],
          [-126.2884, 32.22763],
          [-126.27552, 32.22088],
          [-126.2694, 32.19882],
          [-126.25009, 32.1887],
          [-126.23722, 32.18194],
          [-126.23111, 32.15988],
          [-126.21181, 32.14975],
          [-126.19984, 32.16609],
          [-126.20594, 32.18815],
          [-126.19796, 32.19904],
          [-126.18509, 32.19228],
          [-126.16579, 32.18215],
          [-126.15381, 32.19848],
          [-126.15991, 32.22054],
          [-126.15192, 32.23143],
          [-126.13905, 32.22467],
          [-126.11975, 32.21452],
          [-126.10688, 32.20776],
          [-126.11487, 32.19687],
          [-126.12686, 32.18054],
          [-126.12077, 32.15848],
          [-126.11468, 32.13642],
          [-126.0954, 32.12627],
          [-126.06934, 32.13142],
          [-126.04328, 32.13656],
          [-126.03043, 32.12979],
          [-126.01115, 32.11964],
          [-125.98509, 32.12477],
          [-125.97224, 32.118],
          [-125.95297, 32.10783],
          [-125.92692, 32.11296],
          [-125.91407, 32.10618],
          [-125.89481, 32.09601],
          [-125.86875, 32.10113],
          [-125.85591, 32.09434],
          [-125.83666, 32.08416],
          [-125.82382, 32.07737],
          [-125.80457, 32.06719],
          [-125.77852, 32.07229],
          [-125.76569, 32.0655],
          [-125.74644, 32.05531],
          [-125.73362, 32.04851],
          [-125.71438, 32.03832],
          [-125.70156, 32.03152],
          [-125.68233, 32.02132],
          [-125.65628, 32.0264],
          [-125.64346, 32.0196],
          [-125.62424, 32.0094],
          [-125.59818, 32.01447],
          [-125.58537, 32.00766],
          [-125.56615, 31.99745],
          [-125.5401, 32.00251],
          [-125.51405, 32.00757],
          [-125.50124, 32.00076],
          [-125.48204, 31.99053],
          [-125.45598, 31.99559],
          [-125.42993, 32.00063],
          [-125.41786, 32.01692],
          [-125.40981, 32.02777],
          [-125.39774, 32.04405],
          [-125.38969, 32.05491],
          [-125.36362, 32.05994],
          [-125.35154, 32.07622],
          [-125.34348, 32.08707],
          [-125.3174, 32.0921],
          [-125.30531, 32.10837],
          [-125.29724, 32.11922],
          [-125.28515, 32.13549],
          [-125.27708, 32.14634],
          [-125.26498, 32.1626],
          [-125.25691, 32.17345],
          [-125.2448, 32.18971],
          [-125.23672, 32.20055],
          [-125.22461, 32.21682],
          [-125.21653, 32.22766],
          [-125.20441, 32.24392],
          [-125.19632, 32.25476],
          [-125.1842, 32.27101],
          [-125.17611, 32.28185],
          [-125.14998, 32.28685],
          [-125.13784, 32.3031],
          [-125.12975, 32.31394],
          [-125.11761, 32.33019],
          [-125.10951, 32.34102],
          [-125.09736, 32.35727],
          [-125.08926, 32.3681],
          [-125.06311, 32.37308],
          [-125.05095, 32.38932],
          [-125.04284, 32.40015],
          [-125.01668, 32.40513],
          [-125.00451, 32.42137],
          [-124.9964, 32.43219],
          [-124.97022, 32.43716],
          [-124.95804, 32.45339],
          [-124.94992, 32.46421],
          [-124.93774, 32.48044],
          [-124.92961, 32.49126],
          [-124.91742, 32.50749],
          [-124.9093, 32.51831],
          [-124.8971, 32.53453],
          [-124.88897, 32.54535],
          [-124.87677, 32.56157],
          [-124.88264, 32.58366],
          [-124.88852, 32.60575],
          [-124.88038, 32.61656],
          [-124.86817, 32.63278],
          [-124.87404, 32.65487],
          [-124.87992, 32.67695],
          [-124.8858, 32.69903],
          [-124.87765, 32.70985],
          [-124.86543, 32.72606],
          [-124.87131, 32.74814],
          [-124.87719, 32.77022],
          [-124.86904, 32.78103],
          [-124.85681, 32.79724],
          [-124.86269, 32.81932],
          [-124.86858, 32.84139],
          [-124.87446, 32.86347],
          [-124.88035, 32.88554],
          [-124.88624, 32.90761],
          [-124.89213, 32.92968],
          [-124.89802, 32.95175],
          [-124.88986, 32.96255],
          [-124.87762, 32.97876],
          [-124.88351, 33.00082],
          [-124.88941, 33.02289],
          [-124.8953, 33.04495],
          [-124.90121, 33.06701],
          [-124.90711, 33.08907],
          [-124.91301, 33.11113],
          [-124.90484, 33.12193],
          [-124.89258, 33.13813],
          [-124.89849, 33.16019],
          [-124.89031, 33.17099],
          [-124.87804, 33.18719],
          [-124.86986, 33.19798],
          [-124.85759, 33.21418],
          [-124.86349, 33.23623],
          [-124.8553, 33.24703],
          [-124.84302, 33.26322],
          [-124.84893, 33.28527],
          [-124.84073, 33.29606],
          [-124.82845, 33.31225],
          [-124.82025, 33.32304],
          [-124.80796, 33.33923],
          [-124.81386, 33.36128],
          [-124.81976, 33.38332],
          [-124.81156, 33.39411],
          [-124.79925, 33.41029],
          [-124.80516, 33.43234],
          [-124.79695, 33.44313],
          [-124.78464, 33.4593],
          [-124.77643, 33.47009],
          [-124.76411, 33.48627],
          [-124.7559, 33.49705],
          [-124.74358, 33.51322],
          [-124.74947, 33.53526],
          [-124.74126, 33.54604],
          [-124.72893, 33.56221],
          [-124.7207, 33.57299],
          [-124.70837, 33.58916],
          [-124.71426, 33.6112],
          [-124.70603, 33.62198],
          [-124.69369, 33.63814],
          [-124.69958, 33.66017],
          [-124.69135, 33.67095],
          [-124.679, 33.68711],
          [-124.68489, 33.70914],
          [-124.69079, 33.73117],
          [-124.69668, 33.7532],
          [-124.68844, 33.76397],
          [-124.67608, 33.78013],
          [-124.68198, 33.80215],
          [-124.67374, 33.81292],
          [-124.64723, 33.81782],
          [-124.63485, 33.83397],
          [-124.6266, 33.84474],
          [-124.61422, 33.86089],
          [-124.62011, 33.88291],
          [-124.61186, 33.89367],
          [-124.59947, 33.90982],
          [-124.59121, 33.92058],
          [-124.57882, 33.93672],
          [-124.5847, 33.95874],
          [-124.57644, 33.9695],
          [-124.56404, 33.98564],
          [-124.55577, 33.9964],
          [-124.54336, 34.01254],
          [-124.53509, 34.02329],
          [-124.52268, 34.03943],
          [-124.5144, 34.05018],
          [-124.48783, 34.05505],
          [-124.47541, 34.07118],
          [-124.46712, 34.08193],
          [-124.4547, 34.09805],
          [-124.44641, 34.1088],
          [-124.43398, 34.12492],
          [-124.42568, 34.13567],
          [-124.41324, 34.15179],
          [-124.40495, 34.16254],
          [-124.37834, 34.16739],
          [-124.36589, 34.1835],
          [-124.35759, 34.19424],
          [-124.33098, 34.19908],
          [-124.31852, 34.21519],
          [-124.31021, 34.22593],
          [-124.28359, 34.23076],
          [-124.27112, 34.24687],
          [-124.2628, 34.2576],
          [-124.25032, 34.2737],
          [-124.242, 34.28444],
          [-124.22952, 34.30054],
          [-124.2212, 34.31127],
          [-124.19455, 34.31608],
          [-124.1679, 34.3209],
          [-124.1554, 34.33699],
          [-124.14707, 34.34771],
          [-124.12041, 34.35252],
          [-124.09375, 34.35732],
          [-124.08124, 34.3734],
          [-124.07289, 34.38412],
          [-124.04622, 34.38891],
          [-124.0337, 34.40499],
          [-124.0395, 34.427],
          [-124.05899, 34.43733],
          [-124.07199, 34.44422],
          [-124.09149, 34.45454],
          [-124.11817, 34.44975],
          [-124.14486, 34.44494],
          [-124.15786, 34.45182],
          [-124.17737, 34.46214],
          [-124.20405, 34.45733],
          [-124.21656, 34.44124],
          [-124.22489, 34.43051],
          [-124.25156, 34.42569],
          [-124.26406, 34.4096],
          [-124.27238, 34.39887],
          [-124.29905, 34.39404],
          [-124.32571, 34.38921],
          [-124.35237, 34.38437],
          [-124.37902, 34.37953],
          [-124.39149, 34.36342],
          [-124.3998, 34.35268],
          [-124.42645, 34.34784],
          [-124.4531, 34.34298],
          [-124.47974, 34.33812],
          [-124.49219, 34.32201],
          [-124.50049, 34.31126],
          [-124.52712, 34.3064],
          [-124.55375, 34.30153],
          [-124.56619, 34.2854],
          [-124.57448, 34.27465],
          [-124.6011, 34.26977],
          [-124.62771, 34.26489],
          [-124.65256, 34.25341],
          [-124.66675, 34.24387],
          [-124.67502, 34.23312],
          [-124.70163, 34.22822],
          [-124.72823, 34.22332],
          [-124.74064, 34.20718],
          [-124.7489, 34.19642],
          [-124.7755, 34.19151],
          [-124.80209, 34.1866],
          [-124.82868, 34.18168],
          [-124.85527, 34.17676],
          [-124.88185, 34.17183],
          [-124.90843, 34.1669],
          [-124.93501, 34.16197],
          [-124.96159, 34.15703],
          [-124.98817, 34.15209],
          [-125.01474, 34.14714],
          [-125.04131, 34.14219],
          [-125.06788, 34.13723],
          [-125.09445, 34.13227],
          [-125.12101, 34.12731],
          [-125.14757, 34.12234],
          [-125.1606, 34.12914],
          [-125.18014, 34.13935],
          [-125.20671, 34.13437],
          [-125.23327, 34.12939],
          [-125.2463, 34.13619],
          [-125.25233, 34.15817],
          [-125.24411, 34.16896],
          [-125.23178, 34.18514],
          [-125.22357, 34.19592],
          [-125.21123, 34.2121],
          [-125.21726, 34.23408],
          [-125.20903, 34.24486],
          [-125.19669, 34.26103],
          [-125.18847, 34.27182],
          [-125.17612, 34.28799],
          [-125.16789, 34.29877],
          [-125.15554, 34.31493],
          [-125.1473, 34.32571],
          [-125.13494, 34.34188],
          [-125.1267, 34.35265],
          [-125.11434, 34.36882],
          [-125.1061, 34.37959],
          [-125.09373, 34.39575],
          [-125.08548, 34.40652],
          [-125.0731, 34.42268],
          [-125.06485, 34.43345],
          [-125.05247, 34.4496],
          [-125.05848, 34.47157],
          [-125.05022, 34.48234],
          [-125.02357, 34.48729],
          [-124.99692, 34.49223],
          [-124.98452, 34.50838],
          [-124.97625, 34.51914],
          [-124.94959, 34.52407],
          [-124.93718, 34.54021],
          [-124.92891, 34.55097],
          [-124.91649, 34.56711],
          [-124.90821, 34.57787],
          [-124.88153, 34.58279],
          [-124.86911, 34.59893],
          [-124.86083, 34.60968],
          [-124.83414, 34.6146],
          [-124.8217, 34.63072],
          [-124.81341, 34.64147],
          [-124.78671, 34.64638],
          [-124.77426, 34.6625],
          [-124.76597, 34.67325],
          [-124.73926, 34.67815],
          [-124.7268, 34.69427],
          [-124.7185, 34.70501],
          [-124.69178, 34.7099],
          [-124.67931, 34.72601],
          [-124.671, 34.73675],
          [-124.65853, 34.75286],
          [-124.65021, 34.7636],
          [-124.63773, 34.77971],
          [-124.62941, 34.79044],
          [-124.60267, 34.79532],
          [-124.59018, 34.81142],
          [-124.58185, 34.82215],
          [-124.56936, 34.83825],
          [-124.56103, 34.84898],
          [-124.54853, 34.86508],
          [-124.54019, 34.87581],
          [-124.51342, 34.88067],
          [-124.50091, 34.89675],
          [-124.49257, 34.90748],
          [-124.48005, 34.92357],
          [-124.47171, 34.93429],
          [-124.45918, 34.95037],
          [-124.45083, 34.9611],
          [-124.42404, 34.96594],
          [-124.41151, 34.98202],
          [-124.40315, 34.99274],
          [-124.39061, 35.00881],
          [-124.38225, 35.01953],
          [-124.36971, 35.0356],
          [-124.36134, 35.04631],
          [-124.34879, 35.06238],
          [-124.34042, 35.0731],
          [-124.32786, 35.08916],
          [-124.31949, 35.09987],
          [-124.30692, 35.11594],
          [-124.29855, 35.12664],
          [-124.28598, 35.14271],
          [-124.2776, 35.15341],
          [-124.26502, 35.16947],
          [-124.27091, 35.19142],
          [-124.26252, 35.20212],
          [-124.24994, 35.21817],
          [-124.25583, 35.24012],
          [-124.26172, 35.26206],
          [-124.25332, 35.27276],
          [-124.24073, 35.28881],
          [-124.23233, 35.29951],
          [-124.21974, 35.31556],
          [-124.22562, 35.3375],
          [-124.21722, 35.34819],
          [-124.20461, 35.36423],
          [-124.2105, 35.38617],
          [-124.21639, 35.4081],
          [-124.20798, 35.4188],
          [-124.19537, 35.43484],
          [-124.20126, 35.45677],
          [-124.20715, 35.4787],
          [-124.19873, 35.48939],
          [-124.18611, 35.50542],
          [-124.17769, 35.51611],
          [-124.16506, 35.53214],
          [-124.15663, 35.54282],
          [-124.144, 35.55885],
          [-124.13557, 35.56954],
          [-124.12293, 35.58556],
          [-124.11449, 35.59624],
          [-124.10185, 35.61226],
          [-124.09341, 35.62294],
          [-124.08075, 35.63896],
          [-124.07231, 35.64964],
          [-124.05965, 35.66566],
          [-124.05121, 35.67633],
          [-124.03854, 35.69234],
          [-124.03009, 35.70302],
          [-124.01742, 35.71903],
          [-124.00897, 35.7297],
          [-123.99629, 35.74571],
          [-123.98783, 35.75637],
          [-123.97515, 35.77238],
          [-123.96669, 35.78305],
          [-123.93967, 35.7878],
          [-123.92697, 35.8038],
          [-123.91851, 35.81446],
          [-123.9058, 35.83045],
          [-123.89733, 35.84112],
          [-123.88462, 35.85711],
          [-123.87615, 35.86777],
          [-123.86343, 35.88376],
          [-123.85495, 35.89441],
          [-123.84223, 35.9104],
          [-123.83375, 35.92105],
          [-123.80669, 35.92578],
          [-123.79396, 35.94176],
          [-123.78547, 35.95242],
          [-123.77273, 35.96839],
          [-123.76424, 35.97904],
          [-123.75149, 35.99502],
          [-123.743, 36.00566],
          [-123.73024, 36.02163],
          [-123.72174, 36.03228],
          [-123.70898, 36.04825],
          [-123.70048, 36.05889],
          [-123.68771, 36.07485],
          [-123.6792, 36.0855],
          [-123.66643, 36.10146],
          [-123.65792, 36.1121],
          [-123.63081, 36.11679],
          [-123.61803, 36.13275],
          [-123.60951, 36.14339],
          [-123.59672, 36.15934],
          [-123.58819, 36.16997],
          [-123.56107, 36.17466],
          [-123.54827, 36.1906],
          [-123.53974, 36.20123],
          [-123.52693, 36.21718],
          [-123.5184, 36.22781],
          [-123.50559, 36.24375],
          [-123.49704, 36.25437],
          [-123.48423, 36.27031],
          [-123.47568, 36.28093],
          [-123.46286, 36.29687],
          [-123.45431, 36.30749],
          [-123.44148, 36.32342],
          [-123.43293, 36.33404],
          [-123.42009, 36.34997],
          [-123.41153, 36.36058],
          [-123.39869, 36.37651],
          [-123.39013, 36.38712],
          [-123.36294, 36.39177],
          [-123.35009, 36.40769],
          [-123.34152, 36.4183],
          [-123.32866, 36.43422],
          [-123.32009, 36.44483],
          [-123.30722, 36.46074],
          [-123.29865, 36.47135],
          [-123.28578, 36.48726],
          [-123.27719, 36.49786],
          [-123.24997, 36.50249],
          [-123.23709, 36.5184],
          [-123.2285, 36.529],
          [-123.21561, 36.5449],
          [-123.20702, 36.5555],
          [-123.17978, 36.56012],
          [-123.16689, 36.57601],
          [-123.15828, 36.58661],
          [-123.14538, 36.6025],
          [-123.13677, 36.61309],
          [-123.10952, 36.6177],
          [-123.0966, 36.63358],
          [-123.08799, 36.64417],
          [-123.07507, 36.66005],
          [-123.06645, 36.67064],
          [-123.03918, 36.67523],
          [-123.02625, 36.69111],
          [-123.01762, 36.7017],
          [-122.99034, 36.70628],
          [-122.9774, 36.72215],
          [-122.96877, 36.73273],
          [-122.94148, 36.73731],
          [-122.92852, 36.75317],
          [-122.91988, 36.76375],
          [-122.89258, 36.76831],
          [-122.87962, 36.78418],
          [-122.87097, 36.79475],
          [-122.858, 36.81061],
          [-122.84935, 36.82118],
          [-122.82203, 36.82573],
          [-122.80905, 36.84158],
          [-122.80039, 36.85215],
          [-122.7874, 36.868],
          [-122.77874, 36.87856],
          [-122.76575, 36.89441],
          [-122.75708, 36.90497],
          [-122.74408, 36.92081],
          [-122.73541, 36.93137],
          [-122.7224, 36.94721],
          [-122.71373, 36.95777],
          [-122.70072, 36.9736],
          [-122.69204, 36.98416],
          [-122.67902, 36.99999],
          [-122.67034, 37.01054],
          [-122.65731, 37.02637],
          [-122.64862, 37.03692],
          [-122.63559, 37.05275],
          [-122.6269, 37.0633],
          [-122.61386, 37.07912],
          [-122.60517, 37.08967],
          [-122.59212, 37.10548],
          [-122.58342, 37.11603],
          [-122.57037, 37.13185],
          [-122.56167, 37.14239],
          [-122.54861, 37.1582],
          [-122.5399, 37.16874],
          [-122.52683, 37.18455],
          [-122.51812, 37.19509],
          [-122.50505, 37.21089],
          [-122.49634, 37.22143],
          [-122.48326, 37.23723],
          [-122.4889, 37.25907],
          [-122.48018, 37.26961],
          [-122.46709, 37.2854],
          [-122.45837, 37.29594],
          [-122.44527, 37.31173],
          [-122.43654, 37.32226],
          [-122.42344, 37.33805],
          [-122.41471, 37.34858],
          [-122.40161, 37.36436],
          [-122.40724, 37.3862],
          [-122.3985, 37.39672],
          [-122.38538, 37.41251],
          [-122.37664, 37.42303],
          [-122.36352, 37.43881],
          [-122.35477, 37.44933],
          [-122.34165, 37.4651],
          [-122.33289, 37.47562],
          [-122.31976, 37.49139],
          [-122.311, 37.50191],
          [-122.29786, 37.51768],
          [-122.2891, 37.52819],
          [-122.27596, 37.54395],
          [-122.26719, 37.55446],
          [-122.25404, 37.57023],
          [-122.24527, 37.58074],
          [-122.23211, 37.59649],
          [-122.22334, 37.607],
          [-122.21017, 37.62276],
          [-122.2014, 37.63326],
          [-122.17384, 37.63769],
          [-122.16067, 37.65345],
          [-122.15188, 37.66394],
          [-122.1387, 37.67969],
          [-122.12991, 37.69019],
          [-122.11672, 37.70593],
          [-122.10793, 37.71643],
          [-122.09473, 37.73217],
          [-122.08593, 37.74266],
          [-122.07273, 37.7584],
          [-122.06393, 37.76889],
          [-122.03634, 37.7733],
          [-122.02312, 37.78903],
          [-122.01431, 37.79951],
          [-122.0011, 37.81524],
          [-121.99228, 37.82573],
          [-121.97906, 37.84145],
          [-121.97024, 37.85193],
          [-121.957, 37.86765],
          [-121.94818, 37.87813],
          [-121.93494, 37.89385],
          [-121.94051, 37.91565],
          [-121.93168, 37.92613],
          [-121.91843, 37.94184],
          [-121.9096, 37.95232],
          [-121.89634, 37.96802],
          [-121.88751, 37.9785],
          [-121.87425, 37.9942],
          [-121.8798, 38.016],
          [-121.87096, 38.02647],
          [-121.85769, 38.04217],
          [-121.84885, 38.05263],
          [-121.83557, 38.06833],
          [-121.84112, 38.09012],
          [-121.84668, 38.11191],
          [-121.83782, 38.12237],
          [-121.82454, 38.13806],
          [-121.83009, 38.15985],
          [-121.82123, 38.17031],
          [-121.80794, 38.186],
          [-121.81349, 38.20778],
          [-121.80463, 38.21823],
          [-121.79133, 38.23392],
          [-121.79688, 38.25569],
          [-121.78801, 38.26614],
          [-121.7747, 38.28182],
          [-121.78025, 38.30359],
          [-121.77137, 38.31405],
          [-121.75805, 38.32972],
          [-121.7636, 38.35149],
          [-121.75472, 38.36193],
          [-121.74139, 38.3776],
          [-121.74694, 38.39937],
          [-121.73806, 38.40981],
          [-121.72472, 38.42548],
          [-121.71583, 38.43592],
          [-121.70249, 38.45158],
          [-121.69359, 38.46202],
          [-121.68024, 38.47768],
          [-121.67134, 38.48812],
          [-121.65798, 38.50377],
          [-121.66352, 38.52552],
          [-121.65462, 38.53596],
          [-121.64125, 38.55161],
          [-121.63234, 38.56204],
          [-121.60452, 38.56637],
          [-121.59115, 38.58201],
          [-121.58223, 38.59244],
          [-121.56885, 38.60808],
          [-121.55993, 38.6185],
          [-121.54654, 38.63414],
          [-121.53761, 38.64456],
          [-121.50977, 38.64887],
          [-121.49637, 38.6645],
          [-121.48743, 38.67492],
          [-121.47403, 38.69055],
          [-121.46509, 38.70097],
          [-121.43723, 38.70526],
          [-121.42381, 38.72088],
          [-121.41486, 38.7313],
          [-121.40144, 38.74691],
          [-121.39249, 38.75732],
          [-121.36461, 38.76161],
          [-121.35118, 38.77722],
          [-121.34222, 38.78763],
          [-121.32877, 38.80323],
          [-121.31981, 38.81364],
          [-121.30636, 38.82924],
          [-121.2974, 38.83964],
          [-121.28394, 38.85524],
          [-121.27497, 38.86564],
          [-121.26151, 38.88124],
          [-121.25253, 38.89164],
          [-121.23906, 38.90723],
          [-121.23008, 38.91763],
          [-121.21661, 38.93322],
          [-121.20762, 38.94361],
          [-121.19414, 38.95919],
          [-121.18515, 38.96958],
          [-121.17166, 38.98517],
          [-121.16267, 38.99555],
          [-121.14917, 39.01113],
          [-121.15463, 39.03285],
          [-121.14563, 39.04324],
          [-121.13213, 39.05881],
          [-121.12313, 39.06919],
          [-121.10962, 39.08476],
          [-121.11507, 39.10648],
          [-121.10606, 39.11685],
          [-121.09254, 39.13242],
          [-121.098, 39.15413],
          [-121.08898, 39.16451],
          [-121.07546, 39.18007],
          [-121.06644, 39.19044],
          [-121.0529, 39.206],
          [-121.05835, 39.2277],
          [-121.04933, 39.23807],
          [-121.03578, 39.25362],
          [-121.02675, 39.26399],
          [-121.0132, 39.27954],
          [-121.00417, 39.2899],
          [-120.99061, 39.30545],
          [-120.98157, 39.31581],
          [-120.96801, 39.33135],
          [-120.95897, 39.34171],
          [-120.9454, 39.35725],
          [-120.93635, 39.36761],
          [-120.92277, 39.38314],
          [-120.91372, 39.3935],
          [-120.90014, 39.40903],
          [-120.90557, 39.43071],
          [-120.89651, 39.44106],
          [-120.88292, 39.45659],
          [-120.87385, 39.46694],
          [-120.86025, 39.48246],
          [-120.86568, 39.50414],
          [-120.85661, 39.51449],
          [-120.843, 39.53],
          [-120.83393, 39.54035],
          [-120.82032, 39.55586],
          [-120.82574, 39.57754],
          [-120.81666, 39.58788],
          [-120.80304, 39.60338],
          [-120.79395, 39.61372],
          [-120.78032, 39.62923],
          [-120.78574, 39.65089],
          [-120.77665, 39.66123],
          [-120.76301, 39.67673],
          [-120.75392, 39.68706],
          [-120.74027, 39.70256],
          [-120.73117, 39.71289],
          [-120.70301, 39.71704],
          [-120.68936, 39.73253],
          [-120.69476, 39.75419],
          [-120.68565, 39.76452],
          [-120.67199, 39.78],
          [-120.66288, 39.79033],
          [-120.6492, 39.80581],
          [-120.64009, 39.81613],
          [-120.62641, 39.8316],
          [-120.61729, 39.84192],
          [-120.58909, 39.84606],
          [-120.5754, 39.86153],
          [-120.56627, 39.87184],
          [-120.55257, 39.88731],
          [-120.54344, 39.89762],
          [-120.51522, 39.90175],
          [-120.50151, 39.91721],
          [-120.49237, 39.92751],
          [-120.46414, 39.93163],
          [-120.45042, 39.94708],
          [-120.44127, 39.95739],
          [-120.41304, 39.96149],
          [-120.39931, 39.97694],
          [-120.39015, 39.98724],
          [-120.3619, 39.99134],
          [-120.33365, 39.99543],
          [-120.3054, 39.99952],
          [-120.27715, 40.00361],
          [-120.24889, 40.00769],
          [-120.22063, 40.01177],
          [-120.19237, 40.01584],
          [-120.16411, 40.0199],
          [-120.13584, 40.02397],
          [-120.10757, 40.02802],
          [-120.0793, 40.03208],
          [-120.05103, 40.03612],
          [-120.02276, 40.04017],
          [-119.99448, 40.04421],
          [-119.98068, 40.05962],
          [-119.97147, 40.06989],
          [-119.94318, 40.07392],
          [-119.91489, 40.07794],
          [-119.90107, 40.09335],
          [-119.89186, 40.10361],
          [-119.86356, 40.10763],
          [-119.83526, 40.11164],
          [-119.82142, 40.12703],
          [-119.81219, 40.13729],
          [-119.78388, 40.1413],
          [-119.77003, 40.15668],
          [-119.7608, 40.16694],
          [-119.73248, 40.17093],
          [-119.70415, 40.17492],
          [-119.69029, 40.1903],
          [-119.68104, 40.20055],
          [-119.65271, 40.20453],
          [-119.62437, 40.20851],
          [-119.59604, 40.21248],
          [-119.58215, 40.22785],
          [-119.57289, 40.23809],
          [-119.54454, 40.24205],
          [-119.51619, 40.24601],
          [-119.48784, 40.24996],
          [-119.45949, 40.25391],
          [-119.44557, 40.26927],
          [-119.4363, 40.2795],
          [-119.40793, 40.28344],
          [-119.39401, 40.29878],
          [-119.38472, 40.30901],
          [-119.35635, 40.31294],
          [-119.32797, 40.31687],
          [-119.29959, 40.32079],
          [-119.28565, 40.33613],
          [-119.27635, 40.34635],
          [-119.24796, 40.35026],
          [-119.21957, 40.35417],
          [-119.19118, 40.35808],
          [-119.17721, 40.3734],
          [-119.1679, 40.38361],
          [-119.13949, 40.38751],
          [-119.11109, 40.3914],
          [-119.08268, 40.39529],
          [-119.06869, 40.4106],
          [-119.05937, 40.4208],
          [-119.03095, 40.42468],
          [-119.00253, 40.42855],
          [-118.97411, 40.43242],
          [-118.94568, 40.43629],
          [-118.93167, 40.45158],
          [-118.92233, 40.46178],
          [-118.89389, 40.46563],
          [-118.86546, 40.46948],
          [-118.83702, 40.47333],
          [-118.82298, 40.48862],
          [-118.81363, 40.4988],
          [-118.78518, 40.50264],
          [-118.75673, 40.50647],
          [-118.72828, 40.5103],
          [-118.69982, 40.51412],
          [-118.67136, 40.51794],
          [-118.6573, 40.53321],
          [-118.64792, 40.54339],
          [-118.61945, 40.5472],
          [-118.59098, 40.551],
          [-118.56251, 40.5548],
          [-118.54843, 40.57006],
          [-118.53904, 40.58023],
          [-118.51055, 40.58402],
          [-118.48207, 40.58781],
          [-118.45359, 40.59159],
          [-118.4251, 40.59537],
          [-118.39661, 40.59914],
          [-118.36812, 40.60291],
          [-118.33963, 40.60668],
          [-118.31113, 40.61043],
          [-118.297, 40.62567],
          [-118.28758, 40.63582],
          [-118.25907, 40.63957],
          [-118.23056, 40.64332],
          [-118.20205, 40.64706],
          [-118.17354, 40.65079],
          [-118.14503, 40.65453],
          [-118.11651, 40.65825],
          [-118.08799, 40.66198],
          [-118.05947, 40.66569],
          [-118.03095, 40.66941],
          [-118.00243, 40.67312],
          [-117.9739, 40.67682],
          [-117.95971, 40.69202],
          [-117.95025, 40.70215],
          [-117.92171, 40.70585],
          [-117.89318, 40.70954],
          [-117.86464, 40.71322],
          [-117.83609, 40.71691],
          [-117.80755, 40.72058],
          [-117.79333, 40.73577],
          [-117.78385, 40.74589],
          [-117.75529, 40.74956],
          [-117.72674, 40.75322],
          [-117.7125, 40.76839],
          [-117.70301, 40.77851],
          [-117.67444, 40.78216],
          [-117.66019, 40.79733],
          [-117.65069, 40.80744],
          [-117.62211, 40.81109],
          [-117.60785, 40.82625],
          [-117.59834, 40.83636],
          [-117.56976, 40.83999],
          [-117.54117, 40.84362],
          [-117.52689, 40.85878],
          [-117.51737, 40.86888],
          [-117.48877, 40.8725],
          [-117.46017, 40.87612],
          [-117.44588, 40.89126],
          [-117.43635, 40.90136],
          [-117.40774, 40.90497],
          [-117.37913, 40.90857],
          [-117.35051, 40.91217],
          [-117.3219, 40.91577],
          [-117.29328, 40.91936],
          [-117.26466, 40.92294],
          [-117.23604, 40.92653],
          [-117.20741, 40.9301],
          [-117.17879, 40.93367],
          [-117.15016, 40.93724],
          [-117.12153, 40.9408],
          [-117.0929, 40.94436],
          [-117.06427, 40.94792],
          [-117.03563, 40.95147],
          [-117.00699, 40.95501],
          [-116.97835, 40.95855],
          [-116.94971, 40.96208],
          [-116.92107, 40.96562],
          [-116.89242, 40.96914],
          [-116.86377, 40.97266],
          [-116.83512, 40.97618],
          [-116.80647, 40.97969],
          [-116.77782, 40.9832],
          [-116.74916, 40.9867],
          [-116.72051, 40.9902],
          [-116.69185, 40.99369],
          [-116.66318, 40.99718],
          [-116.63452, 41.00066],
          [-116.60586, 41.00414],
          [-116.57719, 41.00762],
          [-116.54852, 41.01109],
          [-116.51985, 41.01455],
          [-116.49118, 41.01802],
          [-116.4625, 41.02147],
          [-116.43382, 41.02492],
          [-116.40514, 41.02837],
          [-116.37646, 41.03181],
          [-116.34778, 41.03525],
          [-116.3333, 41.05029],
          [-116.32365, 41.06032],
          [-116.29495, 41.06375],
          [-116.26626, 41.06717],
          [-116.23756, 41.07059],
          [-116.20886, 41.07401],
          [-116.18016, 41.07742],
          [-116.15146, 41.08082],
          [-116.12276, 41.08422],
          [-116.09405, 41.08762],
          [-116.06534, 41.09101],
          [-116.03663, 41.0944],
          [-116.00792, 41.09778],
          [-115.97921, 41.10116],
          [-115.95049, 41.10453],
          [-115.92178, 41.1079],
          [-115.89306, 41.11126],
          [-115.86434, 41.11462],
          [-115.83561, 41.11798],
          [-115.80689, 41.12133],
          [-115.77816, 41.12467],
          [-115.74943, 41.12801],
          [-115.7207, 41.13135],
          [-115.69197, 41.13468],
          [-115.66323, 41.138],
          [-115.6345, 41.14133],
          [-115.60576, 41.14464],
          [-115.5925, 41.13731],
          [-115.57263, 41.12631],
          [-115.54389, 41.12962],
          [-115.51515, 41.13292],
          [-115.48641, 41.13622],
          [-115.45767, 41.13952],
          [-115.42893, 41.1428],
          [-115.40018, 41.14609],
          [-115.37144, 41.14937],
          [-115.34269, 41.15264],
          [-115.32945, 41.14529],
          [-115.3096, 41.13426],
          [-115.28085, 41.13753],
          [-115.26762, 41.13017],
          [-115.24778, 41.11914],
          [-115.21903, 41.12239],
          [-115.20581, 41.11503],
          [-115.18597, 41.10399],
          [-115.15723, 41.10724],
          [-115.12849, 41.11048],
          [-115.09974, 41.11372],
          [-115.07099, 41.11695],
          [-115.04224, 41.12018],
          [-115.01349, 41.1234],
          [-114.98474, 41.12662],
          [-114.95599, 41.12983],
          [-114.92723, 41.13304],
          [-114.89847, 41.13624],
          [-114.86971, 41.13944],
          [-114.84095, 41.14264],
          [-114.81219, 41.14583],
          [-114.78342, 41.14902],
          [-114.75465, 41.1522],
          [-114.72588, 41.15537],
          [-114.69711, 41.15855],
          [-114.66834, 41.16171],
          [-114.63957, 41.16487],
          [-114.61079, 41.16803],
          [-114.59604, 41.18292],
          [-114.5862, 41.19285],
          [-114.55741, 41.196],
          [-114.52863, 41.19914],
          [-114.49984, 41.20228],
          [-114.47105, 41.20542],
          [-114.45627, 41.22029],
          [-114.44641, 41.23021],
          [-114.41761, 41.23333],
          [-114.38881, 41.23645],
          [-114.36, 41.23957],
          [-114.3312, 41.24268],
          [-114.30239, 41.24579],
          [-114.27358, 41.24889],
          [-114.24477, 41.25199],
          [-114.21596, 41.25508],
          [-114.18714, 41.25817],
          [-114.17397, 41.25074],
          [-114.15423, 41.23959],
          [-114.12541, 41.24267],
          [-114.0966, 41.24575],
          [-114.08344, 41.23831],
          [-114.06371, 41.22715],
          [-114.0349, 41.23021],
          [-114.00608, 41.23327],
          [-113.97727, 41.23633],
          [-113.96412, 41.22888],
          [-113.9444, 41.21771],
          [-113.91559, 41.22076],
          [-113.88677, 41.2238],
          [-113.85796, 41.22683],
          [-113.82914, 41.22987],
          [-113.80032, 41.23289],
          [-113.7715, 41.23592],
          [-113.74268, 41.23893],
          [-113.71385, 41.24195],
          [-113.68503, 41.24496],
          [-113.6719, 41.23749],
          [-113.65221, 41.22628],
          [-113.62338, 41.22928],
          [-113.61026, 41.22181],
          [-113.59058, 41.2106],
          [-113.57746, 41.20312],
          [-113.55779, 41.1919],
          [-113.52897, 41.19489],
          [-113.51586, 41.18741],
          [-113.4962, 41.17618],
          [-113.46738, 41.17916],
          [-113.43857, 41.18213],
          [-113.40975, 41.18509],
          [-113.38093, 41.18805],
          [-113.35211, 41.19101],
          [-113.32329, 41.19396],
          [-113.29447, 41.19691],
          [-113.26564, 41.19985],
          [-113.23681, 41.20279],
          [-113.20799, 41.20572],
          [-113.17916, 41.20865],
          [-113.15032, 41.21157],
          [-113.12149, 41.21449],
          [-113.10651, 41.22926],
          [-113.09653, 41.2391],
          [-113.06768, 41.24201],
          [-113.03884, 41.24491],
          [-113.00999, 41.24781],
          [-112.98114, 41.25071],
          [-112.95229, 41.2536],
          [-112.93729, 41.26835],
          [-112.92728, 41.27818],
          [-112.89842, 41.28106],
          [-112.86956, 41.28394],
          [-112.8407, 41.28681],
          [-112.81184, 41.28968],
          [-112.78297, 41.29254],
          [-112.7541, 41.2954],
          [-112.72523, 41.29825],
          [-112.69636, 41.3011],
          [-112.66749, 41.30395],
          [-112.63862, 41.30679],
          [-112.60974, 41.30962],
          [-112.58087, 41.31245],
          [-112.5658, 41.32717],
          [-112.55575, 41.33697],
          [-112.52686, 41.33979],
          [-112.49798, 41.34261],
          [-112.46909, 41.34542],
          [-112.4402, 41.34823],
          [-112.4113, 41.35103],
          [-112.38241, 41.35383],
          [-112.35351, 41.35663],
          [-112.34047, 41.34907],
          [-112.3209, 41.33772],
          [-112.29201, 41.34051],
          [-112.26312, 41.34329],
          [-112.25008, 41.33572],
          [-112.23053, 41.32437],
          [-112.20164, 41.32714],
          [-112.17275, 41.3299],
          [-112.14385, 41.33266],
          [-112.11495, 41.33542],
          [-112.08606, 41.33817],
          [-112.07091, 41.35284],
          [-112.06081, 41.36261],
          [-112.03191, 41.36536],
          [-112.01675, 41.38002],
          [-112.00664, 41.38979],
          [-112, 41.39042]
        ]
      }
    },
    {
      "type": "Feature",
      "id": "2026100118_f216_12000_001",
      "properties": {
        "product_id": "winter_storm_levels",
        "source_id": "nbm_snow_level",
        "parameter": "snow_level",
        "definition": "height of the wet-bulb 0.5 degree C surface",
        "level_ft_msl": 12000,
        "label": "12,000 ft MSL",
        "unit": "ft_msl",
        "cycle_time_utc": "2026-10-01T18:00:00Z",
        "valid_time_utc": "2026-10-10T18:00:00Z",
        "lead_hours": 216,
        "segment": 1,
        "length_m": 52444.9
      },
      "geometry": {
        "type": "LineString",
        "coordinates": [
          [-115.6401, 30.9485],
          [-115.63609, 30.92604],
          [-115.63207, 30.90359],
          [-115.62806, 30.88114],
          [-115.62405, 30.85868],
          [-115.62004, 30.83622],
          [-115.61603, 30.81377],
          [-115.60698, 30.80806],
          [-115.58588, 30.79475],
          [-115.57684, 30.78904],
          [-115.55069, 30.79247],
          [-115.54404, 30.80024],
          [-115.52853, 30.81836],
          [-115.52188, 30.82613],
          [-115.52587, 30.84859],
          [-115.52987, 30.87105],
          [-115.53386, 30.8935],
          [-115.53785, 30.91596],
          [-115.54185, 30.93841],
          [-115.5509, 30.94412],
          [-115.57203, 30.95744],
          [-115.58109, 30.96314],
          [-115.60222, 30.97645],
          [-115.61128, 30.98216],
          [-115.61793, 30.97439],
          [-115.63345, 30.95626],
          [-115.6401, 30.9485]
        ]
      }
    },
    {
      "type": "Feature",
      "id": "2026100118_f216_12000_002",
      "properties": {
        "product_id": "winter_storm_levels",
        "source_id": "nbm_snow_level",
        "parameter": "snow_level",
        "definition": "height of the wet-bulb 0.5 degree C surface",
        "level_ft_msl": 12000,
        "label": "12,000 ft MSL",
        "unit": "ft_msl",
        "cycle_time_utc": "2026-10-01T18:00:00Z",
        "valid_time_utc": "2026-10-10T18:00:00Z",
        "lead_hours": 216,
        "segment": 2,
        "length_m": 41408.5
      },
      "geometry": {
        "type": "LineString",
        "coordinates": [
          [-116.96482, 34.23172],
          [-116.96042, 34.20947],
          [-116.95603, 34.18723],
          [-116.95164, 34.16499],
          [-116.94225, 34.1594],
          [-116.91537, 34.16303],
          [-116.88848, 34.16666],
          [-116.86159, 34.17028],
          [-116.8347, 34.1739],
          [-116.82795, 34.18165],
          [-116.83231, 34.2039],
          [-116.83668, 34.22615],
          [-116.84106, 34.24839],
          [-116.85044, 34.25398],
          [-116.87234, 34.26701],
          [-116.88173, 34.2726],
          [-116.90864, 34.26898],
          [-116.93555, 34.26535],
          [-116.94231, 34.25759],
          [-116.95807, 34.23948],
          [-116.96482, 34.23172]
        ]
      }
    }
  ]
}

