{
  "type": "FeatureCollection",
  "contract_version": "1.0.0",
  "bbox": [-130, 30.05077, -112, 44.5],
  "features": [
    {
      "type": "Feature",
      "id": "2026092312_f198_06000_001",
      "properties": {
        "product_id": "winter_storm_levels",
        "source_id": "nbm_snow_level",
        "parameter": "snow_level",
        "definition": "height of the wet-bulb 0.5 degree C surface",
        "level_ft_msl": 6000,
        "label": "6,000 ft MSL",
        "unit": "ft_msl",
        "cycle_time_utc": "2026-09-23T12:00:00Z",
        "valid_time_utc": "2026-10-01T18:00:00Z",
        "lead_hours": 198,
        "segment": 1,
        "length_m": 188394.2
      },
      "geometry": {
        "type": "LineString",
        "coordinates": [
          [-128.34656, 44.5],
          [-128.34575, 44.49771],
          [-128.33843, 44.47691],
          [-128.33111, 44.4561],
          [-128.3238, 44.43529],
          [-128.3298, 44.42813],
          [-128.33507, 44.41114],
          [-128.33832, 44.38843],
          [-128.33101, 44.36761],
          [-128.31314, 44.34868],
          [-128.29729, 44.33547],
          [-128.28728, 44.33118],
          [-128.27998, 44.31035],
          [-128.27269, 44.28951],
          [-128.2654, 44.26868],
          [-128.25811, 44.24784],
          [-128.26411, 44.24067],
          [-128.27992, 44.22177],
          [-128.27263, 44.20092],
          [-128.26535, 44.18007],
          [-128.25807, 44.15922],
          [-128.2508, 44.13836],
          [-128.24352, 44.11751],
          [-128.23625, 44.09664],
          [-128.22899, 44.07578],
          [-128.22172, 44.05491],
          [-128.21446, 44.03404],
          [-128.2072, 44.01316],
          [-128.1809, 44.00181],
          [-128.17092, 43.9975],
          [-128.16368, 43.97662],
          [-128.13739, 43.96525],
          [-128.12742, 43.96094],
          [-128.12019, 43.94005],
          [-128.11296, 43.91916],
          [-128.08669, 43.90778],
          [-128.07673, 43.90347],
          [-128.06951, 43.88257],
          [-128.04326, 43.87119],
          [-128.0333, 43.86687],
          [-128.02609, 43.84596],
          [-127.99986, 43.83457],
          [-127.98991, 43.83025],
          [-127.98271, 43.80933],
          [-127.95649, 43.79793],
          [-127.92751, 43.80312],
          [-127.9117, 43.82204],
          [-127.9057, 43.82921],
          [-127.88989, 43.84813],
          [-127.88389, 43.8553],
          [-127.86806, 43.87421],
          [-127.86206, 43.88138],
          [-127.84622, 43.90029],
          [-127.84021, 43.90746],
          [-127.82437, 43.92636],
          [-127.81836, 43.93353],
          [-127.80251, 43.95242],
          [-127.7965, 43.95959],
          [-127.78064, 43.97848],
          [-127.7878, 43.99937],
          [-127.78178, 44.00654],
          [-127.75273, 44.01169],
          [-127.73686, 44.03057],
          [-127.73083, 44.03773],
          [-127.71495, 44.0566],
          [-127.7221, 44.07749],
          [-127.71607, 44.08465],
          [-127.687, 44.08978],
          [-127.65792, 44.09492],
          [-127.64201, 44.11378],
          [-127.63597, 44.12093],
          [-127.62006, 44.13979],
          [-127.61402, 44.14694],
          [-127.59809, 44.16579],
          [-127.60523, 44.18667],
          [-127.59919, 44.19381],
          [-127.58325, 44.21266],
          [-127.5772, 44.2198],
          [-127.56126, 44.23864],
          [-127.55521, 44.24579],
          [-127.53926, 44.26462],
          [-127.5332, 44.27176],
          [-127.51724, 44.29059],
          [-127.51119, 44.29773],
          [-127.49522, 44.31655],
          [-127.48916, 44.32369],
          [-127.47318, 44.34251],
          [-127.46712, 44.34965],
          [-127.45113, 44.36846],
          [-127.44506, 44.3756],
          [-127.42907, 44.3944],
          [-127.423, 44.40154],
          [-127.407, 44.42034],
          [-127.41411, 44.44119],
          [-127.40804, 44.44832],
          [-127.39202, 44.46711],
          [-127.38595, 44.47424],
          [-127.36992, 44.49303],
          [-127.36398, 44.5]
        ]
      }
    },
    {
      "type": "Feature",
      "id": "2026092312_f198_07000_001",
      "properties": {
        "product_id": "winter_storm_levels",
        "source_id": "nbm_snow_level",
        "parameter": "snow_level",
        "definition": "height of the wet-bulb 0.5 degree C surface",
        "level_ft_msl": 7000,
        "label": "7,000 ft MSL",
        "unit": "ft_msl",
        "cycle_time_utc": "2026-09-23T12:00:00Z",
        "valid_time_utc": "2026-10-01T18:00:00Z",
        "lead_hours": 198,
        "segment": 1,
        "length_m": 61793.2
      },
      "geometry": {
        "type": "LineString",
        "coordinates": [
          [-129.34449, 39.52138],
          [-129.34089, 39.52609],
          [-129.32395, 39.54829],
          [-129.33112, 39.56966],
          [-129.32752, 39.57436],
          [-129.31057, 39.59655],
          [-129.30697, 39.60126],
          [-129.29, 39.62344],
          [-129.2864, 39.62815],
          [-129.26943, 39.65033],
          [-129.26583, 39.65503],
          [-129.24885, 39.6772],
          [-129.24524, 39.68191],
          [-129.21749, 39.68742],
          [-129.20049, 39.70958],
          [-129.19688, 39.71428],
          [-129.16911, 39.71979],
          [-129.163, 39.71701],
          [-129.15585, 39.69565],
          [-129.14871, 39.67429],
          [-129.15232, 39.66959],
          [-129.16932, 39.64742],
          [-129.17292, 39.64272],
          [-129.20067, 39.63721],
          [-129.21766, 39.61504],
          [-129.22126, 39.61033],
          [-129.23824, 39.58816],
          [-129.23108, 39.56678],
          [-129.23468, 39.56208],
          [-129.25165, 39.53989],
          [-129.25525, 39.53519],
          [-129.28296, 39.52967],
          [-129.31067, 39.52414],
          [-129.33838, 39.51861],
          [-129.34449, 39.52138]
        ]
      }
    },
    {
      "type": "Feature",
      "id": "2026092312_f198_07000_002",
      "properties": {
        "product_id": "winter_storm_levels",
        "source_id": "nbm_snow_level",
        "parameter": "snow_level",
        "definition": "height of the wet-bulb 0.5 degree C surface",
        "level_ft_msl": 7000,
        "label": "7,000 ft MSL",
        "unit": "ft_msl",
        "cycle_time_utc": "2026-09-23T12:00:00Z",
        "valid_time_utc": "2026-10-01T18:00:00Z",
        "lead_hours": 198,
        "segment": 2,
        "length_m": 1016031.6
      },
      "geometry": {
        "type": "LineString",
        "coordinates": [
          [-130, 39.14155],
          [-129.98011, 39.14563],
          [-129.95253, 39.15127],
          [-129.94643, 39.14851],
          [-129.91769, 39.13552],
          [-129.89011, 39.14115],
          [-129.86253, 39.14678],
          [-129.85643, 39.14402],
          [-129.8277, 39.13101],
          [-129.80012, 39.13663],
          [-129.79403, 39.13386],
          [-129.7653, 39.12084],
          [-129.73772, 39.12645],
          [-129.71014, 39.13206],
          [-129.68255, 39.13765],
          [-129.67646, 39.13489],
          [-129.64775, 39.12185],
          [-129.64166, 39.11908],
          [-129.64523, 39.11436],
          [-129.66204, 39.09209],
          [-129.65483, 39.07068],
          [-129.65839, 39.06596],
          [-129.67519, 39.04368],
          [-129.64651, 39.03063],
          [-129.64043, 39.02786],
          [-129.61175, 39.01481],
          [-129.59494, 39.03709],
          [-129.59138, 39.04181],
          [-129.56381, 39.04739],
          [-129.53624, 39.05297],
          [-129.51941, 39.07523],
          [-129.51584, 39.07996],
          [-129.48825, 39.08553],
          [-129.46067, 39.09109],
          [-129.43308, 39.09665],
          [-129.40549, 39.10221],
          [-129.37789, 39.10776],
          [-129.35029, 39.11331],
          [-129.33341, 39.13555],
          [-129.32983, 39.14026],
          [-129.30222, 39.1458],
          [-129.27461, 39.15134],
          [-129.25771, 39.17357],
          [-129.25413, 39.17828],
          [-129.2265, 39.18381],
          [-129.20959, 39.20603],
          [-129.206, 39.21074],
          [-129.18908, 39.23296],
          [-129.18549, 39.23767],
          [-129.16855, 39.25988],
          [-129.17567, 39.28128],
          [-129.17208, 39.28599],
          [-129.15514, 39.3082],
          [-129.15154, 39.31291],
          [-129.13459, 39.33511],
          [-129.13099, 39.33982],
          [-129.11403, 39.36201],
          [-129.11044, 39.36672],
          [-129.08276, 39.37222],
          [-129.06578, 39.3944],
          [-129.06218, 39.39911],
          [-129.03449, 39.4046],
          [-129.0284, 39.40181],
          [-128.9997, 39.38868],
          [-128.99361, 39.3859],
          [-128.96492, 39.37276],
          [-128.93723, 39.37824],
          [-128.93114, 39.37545],
          [-128.90246, 39.3623],
          [-128.87477, 39.36777],
          [-128.86869, 39.36498],
          [-128.84002, 39.35182],
          [-128.81233, 39.35727],
          [-128.78463, 39.36272],
          [-128.77855, 39.35993],
          [-128.7499, 39.34676],
          [-128.74382, 39.34396],
          [-128.73678, 39.32255],
          [-128.70814, 39.30936],
          [-128.70206, 39.30657],
          [-128.67343, 39.29338],
          [-128.66736, 39.29058],
          [-128.63873, 39.27738],
          [-128.61105, 39.28281],
          [-128.58337, 39.28823],
          [-128.55568, 39.29365],
          [-128.53861, 39.31579],
          [-128.53498, 39.32049],
          [-128.50729, 39.3259],
          [-128.47958, 39.3313],
          [-128.45188, 39.3367],
          [-128.42417, 39.34209],
          [-128.39646, 39.34748],
          [-128.37935, 39.36961],
          [-128.37572, 39.3743],
          [-128.348, 39.37968],
          [-128.33086, 39.4018],
          [-128.32723, 39.40649],
          [-128.2995, 39.41186],
          [-128.28235, 39.43397],
          [-128.27871, 39.43865],
          [-128.25097, 39.44402],
          [-128.2338, 39.46612],
          [-128.23016, 39.4708],
          [-128.20241, 39.47616],
          [-128.17465, 39.48151],
          [-128.15747, 39.5036],
          [-128.15382, 39.50828],
          [-128.12605, 39.51363],
          [-128.09828, 39.51897],
          [-128.07051, 39.5243],
          [-128.0533, 39.54637],
          [-128.04964, 39.55105],
          [-128.02186, 39.55638],
          [-128.00463, 39.57844],
          [-128.00097, 39.58312],
          [-127.97318, 39.58844],
          [-127.94538, 39.59375],
          [-127.92813, 39.61581],
          [-127.92447, 39.62048],
          [-127.89666, 39.62579],
          [-127.87939, 39.64783],
          [-127.87573, 39.65251],
          [-127.84791, 39.6578],
          [-127.83062, 39.67984],
          [-127.82696, 39.68451],
          [-127.79912, 39.6898],
          [-127.78182, 39.71183],
          [-127.77815, 39.7165],
          [-127.75031, 39.72178],
          [-127.733, 39.7438],
          [-127.72932, 39.74847],
          [-127.70147, 39.75374],
          [-127.67361, 39.759],
          [-127.65628, 39.78101],
          [-127.6526, 39.78568],
          [-127.63525, 39.80768],
          [-127.63157, 39.81235],
          [-127.6255, 39.80952],
          [-127.59686, 39.79619],
          [-127.56899, 39.80143],
          [-127.54112, 39.80668],
          [-127.51324, 39.81192],
          [-127.48536, 39.81715],
          [-127.46797, 39.83913],
          [-127.46428, 39.8438],
          [-127.43639, 39.84902],
          [-127.40849, 39.85424],
          [-127.3806, 39.85946],
          [-127.36318, 39.88143],
          [-127.35949, 39.88609],
          [-127.33158, 39.8913],
          [-127.30367, 39.8965],
          [-127.28623, 39.91846],
          [-127.28253, 39.92311],
          [-127.26508, 39.94506],
          [-127.26138, 39.94972],
          [-127.23345, 39.95491],
          [-127.21599, 39.97685],
          [-127.21228, 39.98151],
          [-127.19481, 40.00345],
          [-127.1911, 40.0081],
          [-127.17362, 40.03003],
          [-127.16991, 40.03468],
          [-127.15242, 40.05661],
          [-127.14871, 40.06126],
          [-127.13121, 40.08318],
          [-127.1275, 40.08783],
          [-127.09952, 40.093],
          [-127.07155, 40.09816],
          [-127.05403, 40.12007],
          [-127.05031, 40.12472],
          [-127.02232, 40.12987],
          [-127.00478, 40.15178],
          [-127.00106, 40.15642],
          [-126.98352, 40.17832],
          [-126.97979, 40.18296],
          [-126.95179, 40.1881],
          [-126.93422, 40.20999],
          [-126.9305, 40.21464],
          [-126.90248, 40.21977],
          [-126.87446, 40.2249],
          [-126.85687, 40.24677],
          [-126.85314, 40.25141],
          [-126.83555, 40.27329],
          [-126.83182, 40.27792],
          [-126.81421, 40.29979],
          [-126.81048, 40.30443],
          [-126.79287, 40.32629],
          [-126.78913, 40.33093],
          [-126.76107, 40.33604],
          [-126.74345, 40.35789],
          [-126.73971, 40.36252],
          [-126.72207, 40.38437],
          [-126.71833, 40.38901],
          [-126.69025, 40.3941],
          [-126.66217, 40.39919],
          [-126.64451, 40.42103],
          [-126.64077, 40.42566],
          [-126.61268, 40.43074],
          [-126.58458, 40.43582],
          [-126.5669, 40.45764],
          [-126.56315, 40.46227],
          [-126.53505, 40.46734],
          [-126.51735, 40.48915],
          [-126.5136, 40.49378],
          [-126.48548, 40.49884],
          [-126.46777, 40.52065],
          [-126.46401, 40.52527],
          [-126.43588, 40.53032],
          [-126.41815, 40.55212],
          [-126.41439, 40.55675],
          [-126.39665, 40.57854],
          [-126.39289, 40.58316],
          [-126.36474, 40.5882],
          [-126.3366, 40.59323],
          [-126.31884, 40.61502],
          [-126.31507, 40.61964],
          [-126.28691, 40.62466],
          [-126.25875, 40.62968],
          [-126.23058, 40.63469],
          [-126.20242, 40.6397],
          [-126.17425, 40.64471],
          [-126.14607, 40.64971],
          [-126.12826, 40.67147],
          [-126.12448, 40.67608],
          [-126.0963, 40.68108],
          [-126.06811, 40.68606],
          [-126.05028, 40.70781],
          [-126.04649, 40.71242],
          [-126.0183, 40.7174],
          [-126.00045, 40.73914],
          [-125.99666, 40.74375],
          [-125.96845, 40.74872],
          [-125.95059, 40.77045],
          [-125.94679, 40.77505],
          [-125.91858, 40.78002],
          [-125.90069, 40.80174],
          [-125.8969, 40.80634],
          [-125.86867, 40.8113],
          [-125.85077, 40.83301],
          [-125.84697, 40.83761],
          [-125.82907, 40.85932],
          [-125.82527, 40.86392],
          [-125.79702, 40.86886],
          [-125.77909, 40.89056],
          [-125.77529, 40.89516],
          [-125.75736, 40.91685],
          [-125.75355, 40.92145],
          [-125.73561, 40.94314],
          [-125.7318, 40.94774],
          [-125.70353, 40.95266],
          [-125.68557, 40.97434],
          [-125.68176, 40.97894],
          [-125.65347, 40.98385],
          [-125.62518, 40.98876],
          [-125.6072, 41.01043],
          [-125.60338, 41.01502],
          [-125.57508, 41.01992],
          [-125.55708, 41.04158],
          [-125.55327, 41.04617],
          [-125.52495, 41.05107],
          [-125.50694, 41.07272],
          [-125.50312, 41.07731],
          [-125.4851, 41.09895],
          [-125.48127, 41.10354],
          [-125.45294, 41.10842],
          [-125.4349, 41.13006],
          [-125.43107, 41.13464],
          [-125.41303, 41.15627],
          [-125.4092, 41.16086],
          [-125.38085, 41.16573],
          [-125.36278, 41.18735],
          [-125.35895, 41.19193],
          [-125.34088, 41.21355],
          [-125.33704, 41.21813],
          [-125.30867, 41.22299],
          [-125.29058, 41.24459],
          [-125.28674, 41.24918],
          [-125.25836, 41.25402],
          [-125.24026, 41.27562],
          [-125.23641, 41.2802],
          [-125.2183, 41.30179],
          [-125.21446, 41.30637],
          [-125.18605, 41.31121],
          [-125.16792, 41.33279],
          [-125.16408, 41.33737],
          [-125.14594, 41.35895],
          [-125.14209, 41.36352],
          [-125.12394, 41.38509],
          [-125.12009, 41.38967],
          [-125.10193, 41.41124],
          [-125.09808, 41.41581],
          [-125.07991, 41.43737],
          [-125.07605, 41.44195],
          [-125.05787, 41.4635],
          [-125.05402, 41.46808],
          [-125.03583, 41.48963],
          [-125.03197, 41.4942],
          [-125.01378, 41.51575],
          [-125.00991, 41.52032],
          [-124.99171, 41.54186],
          [-124.98785, 41.54642],
          [-124.96963, 41.56796],
          [-124.96577, 41.57253],
          [-124.94754, 41.59406],
          [-124.94368, 41.59862],
          [-124.92544, 41.62015],
          [-124.93184, 41.64145],
          [-124.92797, 41.64602],
          [-124.90972, 41.66754],
          [-124.90585, 41.6721],
          [-124.8876, 41.69361],
          [-124.89399, 41.71491],
          [-124.89012, 41.71947],
          [-124.87185, 41.74098],
          [-124.87824, 41.76227],
          [-124.87437, 41.76683],
          [-124.85609, 41.78833],
          [-124.86248, 41.80962],
          [-124.8586, 41.81417],
          [-124.84031, 41.83566],
          [-124.83643, 41.84022],
          [-124.81813, 41.86171],
          [-124.82452, 41.88299],
          [-124.82064, 41.88754],
          [-124.80232, 41.90902],
          [-124.79844, 41.91357],
          [-124.78012, 41.93505],
          [-124.7865, 41.95632],
          [-124.78262, 41.96087],
          [-124.76428, 41.98234],
          [-124.76039, 41.98689],
          [-124.74205, 42.00835],
          [-124.73816, 42.0129],
          [-124.7198, 42.03435],
          [-124.72618, 42.05561],
          [-124.72229, 42.06016],
          [-124.70393, 42.08161],
          [-124.70003, 42.08616],
          [-124.68165, 42.1076],
          [-124.67776, 42.11214],
          [-124.65937, 42.13358],
          [-124.65547, 42.13813],
          [-124.63708, 42.15955],
          [-124.63318, 42.1641],
          [-124.61477, 42.18552],
          [-124.61087, 42.19007],
          [-124.59246, 42.21149],
          [-124.58855, 42.21603],
          [-124.57013, 42.23744],
          [-124.56622, 42.24198],
          [-124.54779, 42.26339],
          [-124.54388, 42.26793],
          [-124.52544, 42.28933],
          [-124.52153, 42.29387],
          [-124.50308, 42.31527],
          [-124.50943, 42.3365],
          [-124.50551, 42.34104],
          [-124.48705, 42.36243],
          [-124.48313, 42.36696],
          [-124.46466, 42.38835],
          [-124.46074, 42.39288],
          [-124.44226, 42.41426],
          [-124.43834, 42.41879],
          [-124.41985, 42.44017],
          [-124.41593, 42.4447],
          [-124.39742, 42.46606],
          [-124.40376, 42.48728],
          [-124.39984, 42.49181],
          [-124.38132, 42.51317],
          [-124.3774, 42.5177],
          [-124.35887, 42.53906],
          [-124.35494, 42.54359],
          [-124.33641, 42.56493],
          [-124.33248, 42.56946],
          [-124.31394, 42.5908],
          [-124.31001, 42.59533],
          [-124.29145, 42.61667],
          [-124.28752, 42.62119],
          [-124.2587, 42.62584],
          [-124.24013, 42.64717],
          [-124.23619, 42.65169],
          [-124.20736, 42.65633],
          [-124.18878, 42.67765],
          [-124.18484, 42.68217],
          [-124.16624, 42.70349],
          [-124.1623, 42.70801],
          [-124.13345, 42.71264],
          [-124.11484, 42.73394],
          [-124.11089, 42.73846],
          [-124.09227, 42.75976],
          [-124.08832, 42.76427],
          [-124.05945, 42.76889],
          [-124.04081, 42.79018],
          [-124.03686, 42.79469],
          [-124.01821, 42.81598],
          [-124.01425, 42.82049],
          [-123.98536, 42.82509],
          [-123.9667, 42.84637],
          [-123.96274, 42.85088],
          [-123.94407, 42.87215],
          [-123.94011, 42.87666],
          [-123.92142, 42.89792],
          [-123.91746, 42.90243],
          [-123.89877, 42.92369],
          [-123.8948, 42.92819],
          [-123.8761, 42.94945],
          [-123.87213, 42.95395],
          [-123.8432, 42.95853],
          [-123.82448, 42.97977],
          [-123.82051, 42.98428],
          [-123.80178, 43.00551],
          [-123.7978, 43.01002],
          [-123.77906, 43.03125],
          [-123.77509, 43.03575],
          [-123.74613, 43.04031],
          [-123.72737, 43.06153],
          [-123.72339, 43.06603],
          [-123.69442, 43.07058],
          [-123.67565, 43.0918],
          [-123.67166, 43.09629],
          [-123.64268, 43.10084],
          [-123.61369, 43.10537],
          [-123.5847, 43.10991],
          [-123.55571, 43.11443],
          [-123.52671, 43.11896],
          [-123.50789, 43.14014],
          [-123.5039, 43.14464],
          [-123.4749, 43.14915],
          [-123.44589, 43.15366],
          [-123.42705, 43.17484],
          [-123.42305, 43.17933],
          [-123.39403, 43.18383],
          [-123.37517, 43.205],
          [-123.37117, 43.20949],
          [-123.34214, 43.21398],
          [-123.32326, 43.23513],
          [-123.32942, 43.25629],
          [-123.32541, 43.26078],
          [-123.30653, 43.28193],
          [-123.30252, 43.28641],
          [-123.28362, 43.30756],
          [-123.27961, 43.31204],
          [-123.26071, 43.33318],
          [-123.26686, 43.35432],
          [-123.26284, 43.35881],
          [-123.24392, 43.37994],
          [-123.23991, 43.38442],
          [-123.22098, 43.40554],
          [-123.22713, 43.42668],
          [-123.22311, 43.43116],
          [-123.20417, 43.45228],
          [-123.20015, 43.45675],
          [-123.1812, 43.47786],
          [-123.17718, 43.48234],
          [-123.15822, 43.50345],
          [-123.15419, 43.50792],
          [-123.13522, 43.52902],
          [-123.1312, 43.5335],
          [-123.11221, 43.55459],
          [-123.10819, 43.55906],
          [-123.0892, 43.58015],
          [-123.08517, 43.58462],
          [-123.06616, 43.60571],
          [-123.06213, 43.61018],
          [-123.04312, 43.63125],
          [-123.03909, 43.63572],
          [-123.02007, 43.65679],
          [-123.01603, 43.66126],
          [-122.997, 43.68233],
          [-122.99296, 43.68679],
          [-122.96377, 43.69121],
          [-122.94472, 43.71227],
          [-122.94068, 43.71673],
          [-122.92163, 43.73778],
          [-122.91758, 43.74225],
          [-122.89851, 43.76329],
          [-122.89447, 43.76775],
          [-122.86525, 43.77215],
          [-122.84616, 43.79319],
          [-122.84212, 43.79765],
          [-122.82302, 43.81868],
          [-122.81897, 43.82314],
          [-122.79986, 43.84416],
          [-122.79581, 43.84862],
          [-122.7767, 43.86963],
          [-122.77264, 43.87409],
          [-122.75352, 43.8951],
          [-122.74946, 43.89956],
          [-122.72019, 43.90393],
          [-122.70105, 43.92493],
          [-122.70712, 43.94602],
          [-122.70306, 43.95047],
          [-122.6839, 43.97146],
          [-122.67984, 43.97592],
          [-122.66067, 43.9969],
          [-122.65661, 44.00135],
          [-122.63743, 44.02233],
          [-122.63336, 44.02678],
          [-122.61418, 44.04776],
          [-122.61011, 44.05221],
          [-122.59091, 44.07318],
          [-122.58684, 44.07762],
          [-122.56764, 44.09859],
          [-122.56356, 44.10303],
          [-122.54435, 44.12399],
          [-122.55039, 44.14505],
          [-122.54632, 44.1495],
          [-122.52709, 44.17045],
          [-122.52301, 44.17489],
          [-122.50377, 44.19583],
          [-122.50981, 44.21688],
          [-122.50573, 44.22132],
          [-122.48648, 44.24226],
          [-122.48239, 44.2467],
          [-122.46313, 44.26763],
          [-122.45905, 44.27207],
          [-122.43978, 44.29299],
          [-122.44581, 44.31403],
          [-122.44172, 44.31847],
          [-122.42244, 44.33938],
          [-122.41835, 44.34382],
          [-122.39905, 44.36473],
          [-122.39496, 44.36916],
          [-122.37565, 44.39006],
          [-122.37156, 44.3945],
          [-122.35225, 44.41539],
          [-122.35827, 44.43642],
          [-122.35417, 44.44085],
          [-122.33484, 44.46174],
          [-122.33074, 44.46617],
          [-122.3114, 44.48705],
          [-122.31511, 44.5]
        ]
      }
    },
    {
      "type": "Feature",
      "id": "2026092312_f198_08000_001",
      "properties": {
        "product_id": "winter_storm_levels",
        "source_id": "nbm_snow_level",
        "parameter": "snow_level",
        "definition": "height of the wet-bulb 0.5 degree C surface",
        "level_ft_msl": 8000,
        "label": "8,000 ft MSL",
        "unit": "ft_msl",
        "cycle_time_utc": "2026-09-23T12:00:00Z",
        "valid_time_utc": "2026-10-01T18:00:00Z",
        "lead_hours": 198,
        "segment": 1,
        "length_m": 1500736.9
      },
      "geometry": {
        "type": "LineString",
        "coordinates": [
          [-130, 36.51639],
          [-129.97712, 36.52124],
          [-129.95022, 36.52695],
          [-129.94767, 36.52575],
          [-129.91622, 36.51102],
          [-129.88931, 36.51671],
          [-129.86239, 36.5224],
          [-129.83548, 36.52809],
          [-129.80856, 36.53377],
          [-129.78164, 36.53945],
          [-129.75472, 36.54512],
          [-129.72779, 36.55079],
          [-129.70086, 36.55645],
          [-129.67393, 36.56211],
          [-129.647, 36.56776],
          [-129.62006, 36.57341],
          [-129.59312, 36.57906],
          [-129.56618, 36.5847],
          [-129.54775, 36.60993],
          [-129.54625, 36.61197],
          [-129.5193, 36.61761],
          [-129.49234, 36.62323],
          [-129.46538, 36.62886],
          [-129.43842, 36.63448],
          [-129.41995, 36.65969],
          [-129.41845, 36.66173],
          [-129.39148, 36.66734],
          [-129.36451, 36.67295],
          [-129.34601, 36.69814],
          [-129.34451, 36.70019],
          [-129.31753, 36.70579],
          [-129.29054, 36.71138],
          [-129.26355, 36.71697],
          [-129.24502, 36.74215],
          [-129.24352, 36.74419],
          [-129.21652, 36.74977],
          [-129.18952, 36.75535],
          [-129.16251, 36.76093],
          [-129.1355, 36.76649],
          [-129.10849, 36.77206],
          [-129.08147, 36.77762],
          [-129.05445, 36.78317],
          [-129.03587, 36.80832],
          [-129.03436, 36.81036],
          [-129.00733, 36.81591],
          [-128.9803, 36.82145],
          [-128.95327, 36.82699],
          [-128.92623, 36.83253],
          [-128.89919, 36.83805],
          [-128.87215, 36.84358],
          [-128.8696, 36.84237],
          [-128.83821, 36.82746],
          [-128.81116, 36.83297],
          [-128.78412, 36.83848],
          [-128.75707, 36.84399],
          [-128.73002, 36.84949],
          [-128.70296, 36.85499],
          [-128.67591, 36.86048],
          [-128.64885, 36.86597],
          [-128.62178, 36.87145],
          [-128.59472, 36.87693],
          [-128.59218, 36.87572],
          [-128.56081, 36.86076],
          [-128.53374, 36.86623],
          [-128.50668, 36.87169],
          [-128.47961, 36.87715],
          [-128.47706, 36.87594],
          [-128.44571, 36.86095],
          [-128.41864, 36.86641],
          [-128.39157, 36.87185],
          [-128.36449, 36.8773],
          [-128.36195, 36.87608],
          [-128.33376, 36.87109],
          [-128.30354, 36.86651],
          [-128.27646, 36.87194],
          [-128.24938, 36.87736],
          [-128.24684, 36.87614],
          [-128.21865, 36.87114],
          [-128.18844, 36.86653],
          [-128.16135, 36.87194],
          [-128.13426, 36.87735],
          [-128.10692, 36.88194],
          [-128.10463, 36.88153],
          [-128.07645, 36.8765],
          [-128.04624, 36.87187],
          [-128.01915, 36.87725],
          [-127.99205, 36.88264],
          [-127.9647, 36.8872],
          [-127.9376, 36.89258],
          [-127.93531, 36.89217],
          [-127.90714, 36.88711],
          [-127.88003, 36.89248],
          [-127.85293, 36.89784],
          [-127.82582, 36.90319],
          [-127.79561, 36.89852],
          [-127.7685, 36.90387],
          [-127.74138, 36.90921],
          [-127.71426, 36.91455],
          [-127.68714, 36.91988],
          [-127.65977, 36.9244],
          [-127.63264, 36.92972],
          [-127.60551, 36.93504],
          [-127.57838, 36.94036],
          [-127.55125, 36.94567],
          [-127.52411, 36.95098],
          [-127.49697, 36.95628],
          [-127.46983, 36.96158],
          [-127.44599, 36.97772],
          [-127.41884, 36.98301],
          [-127.39169, 36.98829],
          [-127.36454, 36.99357],
          [-127.33738, 36.99885],
          [-127.31022, 37.00412],
          [-127.28305, 37.00939],
          [-127.26097, 37.02429],
          [-127.25918, 37.0255],
          [-127.23226, 37.03157],
          [-127.20813, 37.04686],
          [-127.18603, 37.06175],
          [-127.18424, 37.06295],
          [-127.1573, 37.06901],
          [-127.13315, 37.08429],
          [-127.11103, 37.09916],
          [-127.10924, 37.10037],
          [-127.08229, 37.10642],
          [-127.05812, 37.12168],
          [-127.03599, 37.13654],
          [-127.03444, 37.13856],
          [-127.01025, 37.15381],
          [-126.98811, 37.16867],
          [-126.98656, 37.17069],
          [-126.96236, 37.18593],
          [-126.9402, 37.20078],
          [-126.9384, 37.20199],
          [-126.91141, 37.208],
          [-126.8872, 37.22323],
          [-126.86502, 37.23807],
          [-126.86347, 37.24009],
          [-126.83622, 37.24528],
          [-126.81704, 37.27014],
          [-126.81525, 37.27134],
          [-126.78823, 37.27734],
          [-126.76399, 37.29254],
          [-126.74178, 37.30736],
          [-126.74022, 37.30938],
          [-126.71596, 37.32458],
          [-126.69373, 37.33938],
          [-126.69193, 37.34058],
          [-126.6649, 37.34656],
          [-126.64062, 37.36175],
          [-126.61837, 37.37654],
          [-126.61657, 37.37774],
          [-126.58952, 37.3837],
          [-126.56522, 37.39888],
          [-126.54296, 37.41366],
          [-126.5414, 37.41567],
          [-126.51709, 37.43084],
          [-126.49481, 37.44562],
          [-126.49325, 37.44763],
          [-126.46892, 37.46278],
          [-126.44664, 37.47755],
          [-126.44483, 37.47875],
          [-126.41775, 37.48468],
          [-126.39843, 37.50947],
          [-126.39662, 37.51067],
          [-126.36953, 37.51659],
          [-126.35019, 37.54137],
          [-126.34863, 37.54338],
          [-126.32928, 37.56815],
          [-126.32747, 37.56935],
          [-126.30036, 37.57526],
          [-126.281, 37.60003],
          [-126.27919, 37.60122],
          [-126.25207, 37.60712],
          [-126.23269, 37.63188],
          [-126.23088, 37.63308],
          [-126.20671, 37.649],
          [-126.18435, 37.66372],
          [-126.18278, 37.66573],
          [-126.16337, 37.69047],
          [-126.1618, 37.69247],
          [-126.13737, 37.70757],
          [-126.11499, 37.72228],
          [-126.11341, 37.72428],
          [-126.09398, 37.74901],
          [-126.09241, 37.75102],
          [-126.07297, 37.77574],
          [-126.07139, 37.77775],
          [-126.04397, 37.7828],
          [-126.02452, 37.80751],
          [-126.02294, 37.80952],
          [-126.00347, 37.83423],
          [-126.00189, 37.83623],
          [-125.97446, 37.84127],
          [-125.95497, 37.86597],
          [-125.95339, 37.86798],
          [-125.92595, 37.87301],
          [-125.90645, 37.8977],
          [-125.90486, 37.8997],
          [-125.87741, 37.90473],
          [-125.85789, 37.92941],
          [-125.85631, 37.93141],
          [-125.82884, 37.93643],
          [-125.8093, 37.9611],
          [-125.80772, 37.9631],
          [-125.78818, 37.98777],
          [-125.78659, 37.98977],
          [-125.76704, 38.01444],
          [-125.76545, 38.01644],
          [-125.73796, 38.02144],
          [-125.71839, 38.04609],
          [-125.7168, 38.04809],
          [-125.69722, 38.07274],
          [-125.69563, 38.07474],
          [-125.66812, 38.07973],
          [-125.64852, 38.10437],
          [-125.64693, 38.10637],
          [-125.61941, 38.11134],
          [-125.59979, 38.13598],
          [-125.5982, 38.13797],
          [-125.57067, 38.14294],
          [-125.55104, 38.16757],
          [-125.54945, 38.16956],
          [-125.5219, 38.17453],
          [-125.50225, 38.19914],
          [-125.50066, 38.20114],
          [-125.481, 38.22574],
          [-125.47941, 38.22774],
          [-125.45185, 38.23269],
          [-125.43217, 38.25729],
          [-125.43057, 38.25928],
          [-125.41089, 38.28388],
          [-125.40929, 38.28587],
          [-125.38171, 38.29081],
          [-125.36201, 38.3154],
          [-125.36041, 38.31739],
          [-125.3407, 38.34197],
          [-125.3391, 38.34396],
          [-125.31938, 38.36854],
          [-125.31778, 38.37053],
          [-125.29017, 38.37545],
          [-125.27043, 38.40002],
          [-125.26883, 38.40201],
          [-125.24908, 38.42657],
          [-125.24748, 38.42856],
          [-125.22772, 38.45312],
          [-125.22612, 38.45511],
          [-125.20635, 38.47966],
          [-125.20475, 38.48165],
          [-125.18497, 38.5062],
          [-125.18336, 38.50819],
          [-125.16358, 38.53273],
          [-125.16197, 38.53472],
          [-125.14217, 38.55925],
          [-125.14057, 38.56124],
          [-125.12076, 38.58577],
          [-125.11915, 38.58776],
          [-125.09148, 38.59264],
          [-125.07165, 38.61716],
          [-125.07004, 38.61915],
          [-125.05021, 38.64366],
          [-125.0486, 38.64565],
          [-125.02875, 38.67016],
          [-125.02714, 38.67215],
          [-125.00729, 38.69665],
          [-125.00568, 38.69864],
          [-124.98581, 38.72314],
          [-124.9842, 38.72512],
          [-124.96433, 38.74962],
          [-124.96271, 38.7516],
          [-124.94283, 38.77609],
          [-124.94122, 38.77808],
          [-124.92132, 38.80256],
          [-124.91971, 38.80454],
          [-124.8998, 38.82902],
          [-124.89819, 38.831],
          [-124.87827, 38.85548],
          [-124.87666, 38.85746],
          [-124.85673, 38.88193],
          [-124.85512, 38.88391],
          [-124.83518, 38.90837],
          [-124.83356, 38.91035],
          [-124.81362, 38.93481],
          [-124.812, 38.93679],
          [-124.79204, 38.96124],
          [-124.79043, 38.96322],
          [-124.77046, 38.98767],
          [-124.76884, 38.98965],
          [-124.74887, 39.01409],
          [-124.74725, 39.01607],
          [-124.72726, 39.0405],
          [-124.72564, 39.04248],
          [-124.70564, 39.06691],
          [-124.71184, 39.08851],
          [-124.71022, 39.09049],
          [-124.69021, 39.11491],
          [-124.68859, 39.11689],
          [-124.66857, 39.1413],
          [-124.66695, 39.14328],
          [-124.64692, 39.16769],
          [-124.64529, 39.16967],
          [-124.62525, 39.19408],
          [-124.62363, 39.19605],
          [-124.60358, 39.22045],
          [-124.60196, 39.22243],
          [-124.5819, 39.24682],
          [-124.58027, 39.2488],
          [-124.5524, 39.25358],
          [-124.53232, 39.27797],
          [-124.53069, 39.27995],
          [-124.51061, 39.30432],
          [-124.50898, 39.3063],
          [-124.48888, 39.33067],
          [-124.48725, 39.33265],
          [-124.46715, 39.35702],
          [-124.46552, 39.35899],
          [-124.4454, 39.38335],
          [-124.44377, 39.38533],
          [-124.42364, 39.40968],
          [-124.42201, 39.41166],
          [-124.40187, 39.43601],
          [-124.40024, 39.43798],
          [-124.38009, 39.46233],
          [-124.38625, 39.4839],
          [-124.38461, 39.48587],
          [-124.36445, 39.51021],
          [-124.36282, 39.51218],
          [-124.34265, 39.53651],
          [-124.34101, 39.53848],
          [-124.32083, 39.56281],
          [-124.3192, 39.56478],
          [-124.29901, 39.5891],
          [-124.30515, 39.61066],
          [-124.30351, 39.61263],
          [-124.28331, 39.63694],
          [-124.28167, 39.63892],
          [-124.25368, 39.64364],
          [-124.23346, 39.66795],
          [-124.23182, 39.66992],
          [-124.21159, 39.69421],
          [-124.20995, 39.69618],
          [-124.18971, 39.72048],
          [-124.18807, 39.72245],
          [-124.16781, 39.74673],
          [-124.16617, 39.7487],
          [-124.14591, 39.77298],
          [-124.15203, 39.79453],
          [-124.15039, 39.79649],
          [-124.13012, 39.82077],
          [-124.13624, 39.84231],
          [-124.13459, 39.84427],
          [-124.1143, 39.86854],
          [-124.12043, 39.89007],
          [-124.11878, 39.89204],
          [-124.09848, 39.9163],
          [-124.1046, 39.93783],
          [-124.10295, 39.93979],
          [-124.08264, 39.96404],
          [-124.08876, 39.98557],
          [-124.08711, 39.98753],
          [-124.06679, 40.01178],
          [-124.07291, 40.0333],
          [-124.07126, 40.03526],
          [-124.05092, 40.0595],
          [-124.05704, 40.08101],
          [-124.05539, 40.08298],
          [-124.03503, 40.1072],
          [-124.03338, 40.10917],
          [-124.01302, 40.13339],
          [-124.01137, 40.13536],
          [-123.991, 40.15957],
          [-123.98934, 40.16154],
          [-123.96896, 40.18575],
          [-123.96731, 40.18771],
          [-123.94691, 40.21191],
          [-123.94526, 40.21388],
          [-123.92486, 40.23808],
          [-123.9232, 40.24004],
          [-123.90279, 40.26423],
          [-123.90889, 40.28573],
          [-123.90723, 40.28769],
          [-123.8868, 40.31188],
          [-123.88515, 40.31384],
          [-123.86471, 40.33802],
          [-123.87081, 40.35951],
          [-123.86915, 40.36147],
          [-123.8487, 40.38564],
          [-123.85479, 40.40713],
          [-123.85983, 40.42878],
          [-123.85923, 40.43057],
          [-123.83877, 40.45473],
          [-123.84487, 40.47621],
          [-123.84991, 40.49786],
          [-123.84931, 40.49964],
          [-123.82882, 40.5238],
          [-123.83492, 40.54527],
          [-123.83326, 40.54722],
          [-123.82584, 40.56923],
          [-123.81886, 40.59284],
          [-123.82497, 40.6143],
          [-123.8233, 40.61626],
          [-123.81587, 40.63825],
          [-123.80889, 40.66185],
          [-123.81394, 40.68348],
          [-123.81333, 40.68526],
          [-123.79281, 40.70939],
          [-123.79891, 40.73084],
          [-123.79724, 40.73279],
          [-123.7767, 40.75691],
          [-123.78281, 40.77836],
          [-123.78114, 40.78031],
          [-123.76058, 40.80442],
          [-123.76669, 40.82586],
          [-123.76502, 40.82782],
          [-123.74445, 40.85192],
          [-123.75055, 40.87336],
          [-123.74889, 40.87531],
          [-123.7283, 40.8994],
          [-123.73441, 40.92083],
          [-123.74051, 40.94226],
          [-123.73884, 40.94422],
          [-123.71824, 40.9683],
          [-123.72435, 40.98972],
          [-123.72267, 40.99168],
          [-123.70206, 41.01575],
          [-123.70817, 41.03717],
          [-123.71427, 41.05859],
          [-123.7126, 41.06054],
          [-123.69197, 41.0846],
          [-123.69808, 41.10601],
          [-123.6964, 41.10797],
          [-123.67576, 41.13202],
          [-123.68187, 41.15343],
          [-123.68798, 41.17483],
          [-123.6863, 41.17678],
          [-123.66564, 41.20083],
          [-123.67175, 41.22223],
          [-123.67786, 41.24362],
          [-123.68397, 41.26502],
          [-123.68229, 41.26697],
          [-123.66162, 41.291],
          [-123.66773, 41.31239],
          [-123.67384, 41.33378],
          [-123.67217, 41.33572],
          [-123.65147, 41.35975],
          [-123.65759, 41.38113],
          [-123.6637, 41.40251],
          [-123.66202, 41.40445],
          [-123.64131, 41.42847],
          [-123.64743, 41.44984],
          [-123.65355, 41.47121],
          [-123.65187, 41.47316],
          [-123.63114, 41.49716],
          [-123.63726, 41.51853],
          [-123.64338, 41.53989],
          [-123.6417, 41.54183],
          [-123.62095, 41.56583],
          [-123.62707, 41.58718],
          [-123.62539, 41.58913],
          [-123.60463, 41.61311],
          [-123.61075, 41.63446],
          [-123.60907, 41.63641],
          [-123.5883, 41.66039],
          [-123.59442, 41.68173],
          [-123.59273, 41.68368],
          [-123.57195, 41.70764],
          [-123.57027, 41.70959],
          [-123.54947, 41.73355],
          [-123.55559, 41.75489],
          [-123.5539, 41.75683],
          [-123.53309, 41.78079],
          [-123.53141, 41.78273],
          [-123.51059, 41.80668],
          [-123.5089, 41.80862],
          [-123.48807, 41.83256],
          [-123.48638, 41.8345],
          [-123.46554, 41.85844],
          [-123.46385, 41.86038],
          [-123.443, 41.88431],
          [-123.44131, 41.88625],
          [-123.42045, 41.91017],
          [-123.41876, 41.91211],
          [-123.39789, 41.93603],
          [-123.3962, 41.93796],
          [-123.37532, 41.96188],
          [-123.37362, 41.96381],
          [-123.35273, 41.98772],
          [-123.35104, 41.98966],
          [-123.32236, 41.99418],
          [-123.29367, 41.9987],
          [-123.26499, 42.00321],
          [-123.24406, 42.02709],
          [-123.24237, 42.02903],
          [-123.21367, 42.03353],
          [-123.18497, 42.03803],
          [-123.15627, 42.04253],
          [-123.12757, 42.04702],
          [-123.1066, 42.07088],
          [-123.1049, 42.07282],
          [-123.07618, 42.0773],
          [-123.04747, 42.08177],
          [-123.01875, 42.08624],
          [-122.99002, 42.09071],
          [-122.96901, 42.11455],
          [-122.96731, 42.11649],
          [-122.93858, 42.12094],
          [-122.90984, 42.1254],
          [-122.88881, 42.14923],
          [-122.8871, 42.15116],
          [-122.85835, 42.1556],
          [-122.8373, 42.17942],
          [-122.83559, 42.18135],
          [-122.80683, 42.18579],
          [-122.78576, 42.2096],
          [-122.78405, 42.21153],
          [-122.75528, 42.21595],
          [-122.72651, 42.22038],
          [-122.70541, 42.24417],
          [-122.7037, 42.2461],
          [-122.67492, 42.25051],
          [-122.6538, 42.2743],
          [-122.65209, 42.27623],
          [-122.63096, 42.3],
          [-122.62925, 42.30193],
          [-122.60044, 42.30633],
          [-122.5793, 42.3301],
          [-122.57758, 42.33203],
          [-122.55642, 42.35579],
          [-122.55471, 42.35772],
          [-122.53354, 42.38147],
          [-122.53182, 42.3834],
          [-122.51064, 42.40715],
          [-122.50893, 42.40907],
          [-122.48773, 42.43281],
          [-122.48602, 42.43474],
          [-122.46481, 42.45848],
          [-122.46309, 42.4604],
          [-122.44188, 42.48413],
          [-122.44016, 42.48606],
          [-122.41894, 42.50978],
          [-122.41722, 42.5117],
          [-122.39598, 42.53542],
          [-122.39426, 42.53734],
          [-122.37302, 42.56106],
          [-122.37129, 42.56298],
          [-122.35004, 42.58668],
          [-122.35595, 42.60796],
          [-122.35422, 42.60988],
          [-122.33295, 42.63357],
          [-122.33123, 42.6355],
          [-122.30995, 42.65919],
          [-122.30822, 42.66111],
          [-122.28693, 42.68479],
          [-122.2852, 42.68671],
          [-122.2639, 42.71039],
          [-122.26217, 42.71231],
          [-122.24086, 42.73598],
          [-122.23913, 42.7379],
          [-122.21019, 42.74223],
          [-122.18124, 42.74655],
          [-122.1599, 42.77021],
          [-122.15817, 42.77212],
          [-122.13682, 42.79577],
          [-122.13508, 42.79769],
          [-122.10612, 42.802],
          [-122.07715, 42.80631],
          [-122.05577, 42.82994],
          [-122.05404, 42.83186],
          [-122.02506, 42.83615],
          [-122.00366, 42.85978],
          [-122.00193, 42.8617],
          [-121.97294, 42.86598],
          [-121.94394, 42.87026],
          [-121.91495, 42.87454],
          [-121.89352, 42.89815],
          [-121.89178, 42.90006],
          [-121.86277, 42.90433],
          [-121.83376, 42.9086],
          [-121.80475, 42.91285],
          [-121.77574, 42.91711],
          [-121.74672, 42.92136],
          [-121.7177, 42.9256],
          [-121.69621, 42.94918],
          [-121.69447, 42.95109],
          [-121.66544, 42.95533],
          [-121.64393, 42.9789],
          [-121.64219, 42.98081],
          [-121.61315, 42.98503],
          [-121.5841, 42.98926],
          [-121.56257, 43.01281],
          [-121.56082, 43.01472],
          [-121.53928, 43.03827],
          [-121.53753, 43.04017],
          [-121.51597, 43.06371],
          [-121.51422, 43.06562],
          [-121.49266, 43.08916],
          [-121.49091, 43.09106],
          [-121.46933, 43.11459],
          [-121.46758, 43.1165],
          [-121.44599, 43.14002],
          [-121.44424, 43.14193],
          [-121.42264, 43.16544],
          [-121.42088, 43.16735],
          [-121.39927, 43.19085],
          [-121.39752, 43.19276],
          [-121.3759, 43.21626],
          [-121.37414, 43.21817],
          [-121.35251, 43.24166],
          [-121.35075, 43.24357],
          [-121.32162, 43.24774],
          [-121.29997, 43.27123],
          [-121.29821, 43.27313],
          [-121.26907, 43.2773],
          [-121.23993, 43.28146],
          [-121.21825, 43.30493],
          [-121.21649, 43.30683],
          [-121.18733, 43.31098],
          [-121.15818, 43.31513],
          [-121.12902, 43.31927],
          [-121.1073, 43.34272],
          [-121.10554, 43.34462],
          [-121.07637, 43.34876],
          [-121.0472, 43.35289],
          [-121.01802, 43.35701],
          [-120.99627, 43.38044],
          [-120.99451, 43.38234],
          [-120.96532, 43.38646],
          [-120.94355, 43.40988],
          [-120.94179, 43.41178],
          [-120.91259, 43.41589],
          [-120.88339, 43.41999],
          [-120.8616, 43.44339],
          [-120.85983, 43.44529],
          [-120.83062, 43.44938],
          [-120.8088, 43.47278],
          [-120.80703, 43.47468],
          [-120.78521, 43.49807],
          [-120.78344, 43.49997],
          [-120.75421, 43.50404],
          [-120.73236, 43.52742],
          [-120.73059, 43.52932],
          [-120.70135, 43.53339],
          [-120.67949, 43.55676],
          [-120.67771, 43.55865],
          [-120.64846, 43.56272],
          [-120.61921, 43.56677],
          [-120.58995, 43.57082],
          [-120.56069, 43.57487],
          [-120.53143, 43.57891],
          [-120.50951, 43.60226],
          [-120.50774, 43.60415],
          [-120.48581, 43.62748],
          [-120.48403, 43.62938],
          [-120.45475, 43.63341],
          [-120.42547, 43.63743],
          [-120.39618, 43.64145],
          [-120.37422, 43.66477],
          [-120.37244, 43.66666],
          [-120.34314, 43.67067],
          [-120.32116, 43.69397],
          [-120.31938, 43.69586],
          [-120.29007, 43.69987],
          [-120.26076, 43.70386],
          [-120.23145, 43.70785],
          [-120.20214, 43.71184],
          [-120.18011, 43.73513],
          [-120.17833, 43.73701],
          [-120.149, 43.74099],
          [-120.11967, 43.74497],
          [-120.09034, 43.74894],
          [-120.06101, 43.7529],
          [-120.03895, 43.77616],
          [-120.03716, 43.77805],
          [-120.00781, 43.782],
          [-119.97847, 43.78595],
          [-119.94912, 43.7899],
          [-119.92702, 43.81314],
          [-119.92523, 43.81503],
          [-119.89587, 43.81896],
          [-119.8665, 43.82289],
          [-119.84438, 43.84612],
          [-119.84258, 43.84801],
          [-119.81321, 43.85193],
          [-119.78383, 43.85585],
          [-119.76168, 43.87906],
          [-119.75988, 43.88094],
          [-119.7305, 43.88485],
          [-119.70832, 43.90805],
          [-119.70653, 43.90994],
          [-119.67713, 43.91384],
          [-119.64773, 43.91773],
          [-119.62553, 43.94092],
          [-119.62373, 43.9428],
          [-119.60152, 43.96598],
          [-119.59971, 43.96786],
          [-119.5703, 43.97174],
          [-119.54807, 43.99491],
          [-119.54626, 43.99679],
          [-119.51683, 44.00066],
          [-119.4874, 44.00453],
          [-119.46514, 44.02769],
          [-119.46334, 44.02956],
          [-119.4339, 44.03342],
          [-119.40445, 44.03728],
          [-119.375, 44.04113],
          [-119.35271, 44.06426],
          [-119.3509, 44.06614],
          [-119.32144, 44.06998],
          [-119.29198, 44.07382],
          [-119.26966, 44.09694],
          [-119.26785, 44.09881],
          [-119.23838, 44.10264],
          [-119.21604, 44.12575],
          [-119.21423, 44.12762],
          [-119.18475, 44.13144],
          [-119.15526, 44.13526],
          [-119.1329, 44.15835],
          [-119.13108, 44.16022],
          [-119.10159, 44.16403],
          [-119.07209, 44.16783],
          [-119.04259, 44.17162],
          [-119.02019, 44.1947],
          [-119.01837, 44.19657],
          [-118.98886, 44.20036],
          [-118.95935, 44.20414],
          [-118.92983, 44.20791],
          [-118.90032, 44.21168],
          [-118.8708, 44.21545],
          [-118.84834, 44.2385],
          [-118.84652, 44.24037],
          [-118.81699, 44.24413],
          [-118.79452, 44.26717],
          [-118.7927, 44.26903],
          [-118.76315, 44.27278],
          [-118.74066, 44.29581],
          [-118.73884, 44.29768],
          [-118.70929, 44.30142],
          [-118.68677, 44.32443],
          [-118.68495, 44.3263],
          [-118.66243, 44.34931],
          [-118.6606, 44.35118],
          [-118.63103, 44.3549],
          [-118.60848, 44.3779],
          [-118.60666, 44.37977],
          [-118.57707, 44.38348],
          [-118.55451, 44.40647],
          [-118.55268, 44.40834],
          [-118.53011, 44.43132],
          [-118.52828, 44.43318],
          [-118.49868, 44.43689],
          [-118.47608, 44.45986],
          [-118.47425, 44.46172],
          [-118.44464, 44.46541],
          [-118.42203, 44.48837],
          [-118.42019, 44.49024],
          [-118.39057, 44.49392],
          [-118.36094, 44.4976],
          [-118.3416, 44.5]
        ]
      }
    },
    {
      "type": "Feature",
      "id": "2026092312_f198_09000_001",
      "properties": {
        "product_id": "winter_storm_levels",
        "source_id": "nbm_snow_level",
        "parameter": "snow_level",
        "definition": "height of the wet-bulb 0.5 degree C surface",
        "level_ft_msl": 9000,
        "label": "9,000 ft MSL",
        "unit": "ft_msl",
        "cycle_time_utc": "2026-09-23T12:00:00Z",
        "valid_time_utc": "2026-10-01T18:00:00Z",
        "lead_hours": 198,
        "segment": 1,
        "length_m": 81447.4
      },
      "geometry": {
        "type": "LineString",
        "coordinates": [
          [-112.8951, 44.5],
          [-112.91161, 44.48462],
          [-112.91225, 44.48401],
          [-112.93745, 44.46052],
          [-112.93809, 44.45992],
          [-112.96327, 44.43642],
          [-112.9593, 44.41515],
          [-112.95533, 44.39387],
          [-112.95598, 44.39327],
          [-112.98114, 44.36976],
          [-112.97717, 44.34848],
          [-112.9732, 44.32719],
          [-112.96923, 44.30591],
          [-112.93637, 44.28791],
          [-112.93552, 44.28745],
          [-112.93157, 44.26616],
          [-112.89872, 44.24815],
          [-112.86899, 44.25098],
          [-112.86814, 44.25052],
          [-112.83531, 44.2325],
          [-112.80558, 44.23532],
          [-112.77585, 44.23813],
          [-112.75068, 44.26163],
          [-112.75003, 44.26224],
          [-112.72029, 44.26504],
          [-112.69509, 44.28853],
          [-112.69445, 44.28913],
          [-112.66924, 44.31262],
          [-112.6686, 44.31322],
          [-112.64338, 44.3367],
          [-112.64273, 44.3373],
          [-112.6175, 44.36078],
          [-112.61685, 44.36138],
          [-112.59161, 44.38484],
          [-112.59549, 44.40613],
          [-112.59485, 44.40673],
          [-112.56959, 44.43018],
          [-112.56894, 44.43078],
          [-112.54366, 44.45423],
          [-112.54754, 44.47551],
          [-112.5469, 44.47611],
          [-112.52161, 44.49955],
          [-112.52111, 44.5]
        ]
      }
    },
    {
      "type": "Feature",
      "id": "2026092312_f198_09000_002",
      "properties": {
        "product_id": "winter_storm_levels",
        "source_id": "nbm_snow_level",
        "parameter": "snow_level",
        "definition": "height of the wet-bulb 0.5 degree C surface",
        "level_ft_msl": 9000,
        "label": "9,000 ft MSL",
        "unit": "ft_msl",
        "cycle_time_utc": "2026-09-23T12:00:00Z",
        "valid_time_utc": "2026-10-01T18:00:00Z",
        "lead_hours": 198,
        "segment": 2,
        "length_m": 144809
      },
      "geometry": {
        "type": "LineString",
        "coordinates": [
          [-113.98465, 43.92375],
          [-113.98047, 43.90243],
          [-113.9763, 43.8811],
          [-113.97214, 43.85977],
          [-113.96797, 43.83844],
          [-113.96381, 43.81711],
          [-113.95964, 43.79577],
          [-113.95548, 43.77443],
          [-113.95132, 43.75308],
          [-113.91846, 43.7352],
          [-113.91762, 43.73474],
          [-113.88477, 43.71684],
          [-113.88393, 43.71638],
          [-113.85109, 43.69848],
          [-113.85025, 43.69802],
          [-113.81743, 43.68011],
          [-113.78789, 43.68309],
          [-113.78705, 43.68263],
          [-113.75425, 43.6647],
          [-113.72471, 43.66768],
          [-113.69518, 43.67064],
          [-113.67038, 43.69436],
          [-113.66974, 43.69497],
          [-113.64492, 43.71868],
          [-113.64428, 43.71928],
          [-113.61945, 43.74299],
          [-113.61882, 43.74359],
          [-113.59398, 43.76729],
          [-113.59806, 43.78864],
          [-113.59742, 43.78925],
          [-113.57256, 43.81293],
          [-113.57664, 43.83427],
          [-113.576, 43.83488],
          [-113.55112, 43.85856],
          [-113.5552, 43.87989],
          [-113.55456, 43.8805],
          [-113.52967, 43.90417],
          [-113.53374, 43.9255],
          [-113.5331, 43.9261],
          [-113.50819, 43.94976],
          [-113.51227, 43.97109],
          [-113.51634, 43.99241],
          [-113.52041, 44.01373],
          [-113.52449, 44.03505],
          [-113.52856, 44.05636],
          [-113.53264, 44.07767],
          [-113.53673, 44.09898],
          [-113.56964, 44.11689],
          [-113.57048, 44.11735],
          [-113.60341, 44.13525],
          [-113.62834, 44.11162],
          [-113.62898, 44.11101],
          [-113.65865, 44.10806],
          [-113.68832, 44.10511],
          [-113.71322, 44.08145],
          [-113.71386, 44.08085],
          [-113.74352, 44.07789],
          [-113.7684, 44.05422],
          [-113.76904, 44.05361],
          [-113.79869, 44.05064],
          [-113.82355, 44.02696],
          [-113.82419, 44.02636],
          [-113.85383, 44.02338],
          [-113.87867, 43.99969],
          [-113.87931, 43.99908],
          [-113.90414, 43.97538],
          [-113.90478, 43.97478],
          [-113.9344, 43.97178],
          [-113.95921, 43.94807],
          [-113.95985, 43.94747],
          [-113.98465, 43.92375]
        ]
      }
    },
    {
      "type": "Feature",
      "id": "2026092312_f198_09000_003",
      "properties": {
        "product_id": "winter_storm_levels",
        "source_id": "nbm_snow_level",
        "parameter": "snow_level",
        "definition": "height of the wet-bulb 0.5 degree C surface",
        "level_ft_msl": 9000,
        "label": "9,000 ft MSL",
        "unit": "ft_msl",
        "cycle_time_utc": "2026-09-23T12:00:00Z",
        "valid_time_utc": "2026-10-01T18:00:00Z",
        "lead_hours": 198,
        "segment": 3,
        "length_m": 137636.3
      },
      "geometry": {
        "type": "LineString",
        "coordinates": [
          [-122.96693, 39.76379],
          [-122.96105, 39.7422],
          [-122.95518, 39.72062],
          [-122.94931, 39.69903],
          [-122.94344, 39.67743],
          [-122.944, 39.67678],
          [-122.96563, 39.65132],
          [-122.95976, 39.62972],
          [-122.95389, 39.60812],
          [-122.94803, 39.58652],
          [-122.94217, 39.56492],
          [-122.93631, 39.54331],
          [-122.90329, 39.52664],
          [-122.90244, 39.52621],
          [-122.89659, 39.5046],
          [-122.86358, 39.48792],
          [-122.86274, 39.48749],
          [-122.82974, 39.47081],
          [-122.82889, 39.47038],
          [-122.79591, 39.45368],
          [-122.7679, 39.45818],
          [-122.74626, 39.48364],
          [-122.74571, 39.48429],
          [-122.72406, 39.50974],
          [-122.7235, 39.5104],
          [-122.70184, 39.53584],
          [-122.70765, 39.55746],
          [-122.71347, 39.57907],
          [-122.71291, 39.57972],
          [-122.69123, 39.60516],
          [-122.69704, 39.62677],
          [-122.70286, 39.64838],
          [-122.7023, 39.64903],
          [-122.68061, 39.67446],
          [-122.68642, 39.69606],
          [-122.69223, 39.71766],
          [-122.69805, 39.73926],
          [-122.70387, 39.76085],
          [-122.7097, 39.78244],
          [-122.71552, 39.80403],
          [-122.72135, 39.82562],
          [-122.72718, 39.8472],
          [-122.73301, 39.86879],
          [-122.76612, 39.88546],
          [-122.76697, 39.88588],
          [-122.77281, 39.90746],
          [-122.77865, 39.92904],
          [-122.81179, 39.94569],
          [-122.81264, 39.94612],
          [-122.84578, 39.96277],
          [-122.87392, 39.95828],
          [-122.90205, 39.95378],
          [-122.92375, 39.92836],
          [-122.91788, 39.90679],
          [-122.91843, 39.90614],
          [-122.94012, 39.88071],
          [-122.93424, 39.85913],
          [-122.92837, 39.83756],
          [-122.92893, 39.83691],
          [-122.95059, 39.81147],
          [-122.94472, 39.78989],
          [-122.94527, 39.78924],
          [-122.96693, 39.76379]
        ]
      }
    },
    {
      "type": "Feature",
      "id": "2026092312_f198_09000_004",
      "properties": {
        "product_id": "winter_storm_levels",
        "source_id": "nbm_snow_level",
        "parameter": "snow_level",
        "definition": "height of the wet-bulb 0.5 degree C surface",
        "level_ft_msl": 9000,
        "label": "9,000 ft MSL",
        "unit": "ft_msl",
        "cycle_time_utc": "2026-09-23T12:00:00Z",
        "valid_time_utc": "2026-10-01T18:00:00Z",
        "lead_hours": 198,
        "segment": 4,
        "length_m": 2260911.2
      },
      "geometry": {
        "type": "LineString",
        "coordinates": [
          [-130, 32.97743],
          [-129.99966, 32.97751],
          [-129.99918, 32.9782],
          [-129.98047, 33.00514],
          [-129.9544, 33.01091],
          [-129.92833, 33.01667],
          [-129.90225, 33.02243],
          [-129.87617, 33.02819],
          [-129.87569, 33.02888],
          [-129.85695, 33.0558],
          [-129.83086, 33.06155],
          [-129.80477, 33.06729],
          [-129.77867, 33.07303],
          [-129.75257, 33.07877],
          [-129.72647, 33.0845],
          [-129.70037, 33.09022],
          [-129.69989, 33.09091],
          [-129.68109, 33.11781],
          [-129.65498, 33.12353],
          [-129.62886, 33.12924],
          [-129.60275, 33.13495],
          [-129.57663, 33.14066],
          [-129.5505, 33.14636],
          [-129.52438, 33.15205],
          [-129.49825, 33.15775],
          [-129.47212, 33.16343],
          [-129.44598, 33.16912],
          [-129.41985, 33.1748],
          [-129.39371, 33.18047],
          [-129.36757, 33.18614],
          [-129.34142, 33.19181],
          [-129.31528, 33.19747],
          [-129.28913, 33.20313],
          [-129.26297, 33.20878],
          [-129.23682, 33.21443],
          [-129.21066, 33.22007],
          [-129.1845, 33.22571],
          [-129.18402, 33.2264],
          [-129.16508, 33.25323],
          [-129.13891, 33.25886],
          [-129.11273, 33.26449],
          [-129.08656, 33.27012],
          [-129.06038, 33.27574],
          [-129.0342, 33.28135],
          [-129.00802, 33.28696],
          [-129.00753, 33.28765],
          [-128.98854, 33.31446],
          [-128.96235, 33.32006],
          [-128.93615, 33.32566],
          [-128.90995, 33.33125],
          [-128.88375, 33.33684],
          [-128.88327, 33.33753],
          [-128.86424, 33.36432],
          [-128.83803, 33.3699],
          [-128.81181, 33.37548],
          [-128.7856, 33.38105],
          [-128.78511, 33.38174],
          [-128.76605, 33.40851],
          [-128.73982, 33.41408],
          [-128.73933, 33.41476],
          [-128.72026, 33.44153],
          [-128.69402, 33.44709],
          [-128.66778, 33.45264],
          [-128.64154, 33.45819],
          [-128.6153, 33.46374],
          [-128.58905, 33.46928],
          [-128.56281, 33.47481],
          [-128.56232, 33.4755],
          [-128.54319, 33.50224],
          [-128.51693, 33.50777],
          [-128.49067, 33.51329],
          [-128.4644, 33.51881],
          [-128.43814, 33.52433],
          [-128.41187, 33.52984],
          [-128.3856, 33.53535],
          [-128.35933, 33.54085],
          [-128.33305, 33.54635],
          [-128.33256, 33.54703],
          [-128.31336, 33.57374],
          [-128.28708, 33.57923],
          [-128.26079, 33.58472],
          [-128.26029, 33.5854],
          [-128.24108, 33.6121],
          [-128.21478, 33.61758],
          [-128.18848, 33.62305],
          [-128.16217, 33.62852],
          [-128.13587, 33.63398],
          [-128.13537, 33.63467],
          [-128.11612, 33.66135],
          [-128.0898, 33.6668],
          [-128.06348, 33.67226],
          [-128.03716, 33.6777],
          [-128.01084, 33.68315],
          [-127.98451, 33.68859],
          [-127.95818, 33.69402],
          [-127.93185, 33.69945],
          [-127.90552, 33.70488],
          [-127.87918, 33.7103],
          [-127.85284, 33.71572],
          [-127.8265, 33.72113],
          [-127.80016, 33.72654],
          [-127.77381, 33.73195],
          [-127.74746, 33.73735],
          [-127.72111, 33.74274],
          [-127.69476, 33.74814],
          [-127.6684, 33.75352],
          [-127.64204, 33.75891],
          [-127.61568, 33.76429],
          [-127.58932, 33.76966],
          [-127.56295, 33.77503],
          [-127.53658, 33.7804],
          [-127.51021, 33.78576],
          [-127.48384, 33.79111],
          [-127.45184, 33.77496],
          [-127.45102, 33.77455],
          [-127.42465, 33.77989],
          [-127.39827, 33.78524],
          [-127.37189, 33.79058],
          [-127.34551, 33.79591],
          [-127.31913, 33.80124],
          [-127.29274, 33.80657],
          [-127.26635, 33.81189],
          [-127.23996, 33.81721],
          [-127.21357, 33.82252],
          [-127.18717, 33.82783],
          [-127.16077, 33.83313],
          [-127.13437, 33.83843],
          [-127.10796, 33.84373],
          [-127.08156, 33.84902],
          [-127.08106, 33.8497],
          [-127.06151, 33.87624],
          [-127.0351, 33.88152],
          [-127.00868, 33.8868],
          [-126.98226, 33.89207],
          [-126.98176, 33.89275],
          [-126.96218, 33.91928],
          [-126.93575, 33.92454],
          [-126.90932, 33.9298],
          [-126.88288, 33.93506],
          [-126.85644, 33.94032],
          [-126.83, 33.94556],
          [-126.8295, 33.94624],
          [-126.80988, 33.97274],
          [-126.78343, 33.97799],
          [-126.75697, 33.98322],
          [-126.73052, 33.98845],
          [-126.73001, 33.98913],
          [-126.71036, 34.01562],
          [-126.6839, 34.02084],
          [-126.65743, 34.02606],
          [-126.65693, 34.02674],
          [-126.63725, 34.05322],
          [-126.61077, 34.05843],
          [-126.61027, 34.05911],
          [-126.59058, 34.08557],
          [-126.56409, 34.09078],
          [-126.5376, 34.09597],
          [-126.51111, 34.10117],
          [-126.48461, 34.10636],
          [-126.48411, 34.10704],
          [-126.46438, 34.13349],
          [-126.43787, 34.13867],
          [-126.43737, 34.13935],
          [-126.41762, 34.16578],
          [-126.39111, 34.17096],
          [-126.36459, 34.17613],
          [-126.36408, 34.17681],
          [-126.34432, 34.20323],
          [-126.31779, 34.2084],
          [-126.31728, 34.20907],
          [-126.29749, 34.23549],
          [-126.27096, 34.24065],
          [-126.27045, 34.24132],
          [-126.25065, 34.26773],
          [-126.2241, 34.27288],
          [-126.19755, 34.27802],
          [-126.171, 34.28316],
          [-126.17049, 34.28384],
          [-126.15066, 34.31023],
          [-126.1241, 34.31536],
          [-126.09753, 34.32049],
          [-126.07097, 34.32561],
          [-126.07046, 34.32628],
          [-126.05059, 34.35266],
          [-126.02402, 34.35777],
          [-126.02351, 34.35845],
          [-126.00363, 34.38482],
          [-125.97704, 34.38993],
          [-125.95045, 34.39503],
          [-125.94994, 34.3957],
          [-125.93004, 34.42206],
          [-125.90344, 34.42715],
          [-125.87684, 34.43224],
          [-125.87633, 34.43292],
          [-125.8564, 34.45926],
          [-125.82979, 34.46434],
          [-125.82928, 34.46502],
          [-125.80933, 34.49136],
          [-125.78271, 34.49643],
          [-125.7822, 34.49711],
          [-125.76224, 34.52344],
          [-125.76172, 34.52411],
          [-125.74175, 34.55044],
          [-125.74124, 34.55111],
          [-125.72126, 34.57743],
          [-125.69461, 34.58249],
          [-125.6941, 34.58317],
          [-125.6741, 34.60948],
          [-125.64745, 34.61453],
          [-125.64693, 34.6152],
          [-125.62692, 34.64151],
          [-125.60025, 34.64655],
          [-125.59974, 34.64722],
          [-125.57971, 34.67352],
          [-125.55303, 34.67855],
          [-125.55252, 34.67922],
          [-125.53247, 34.70551],
          [-125.53195, 34.70618],
          [-125.51189, 34.73247],
          [-125.51138, 34.73314],
          [-125.49131, 34.75942],
          [-125.49079, 34.7601],
          [-125.47072, 34.78637],
          [-125.4702, 34.78704],
          [-125.45011, 34.81331],
          [-125.4496, 34.81399],
          [-125.4295, 34.84025],
          [-125.40278, 34.84526],
          [-125.40226, 34.84593],
          [-125.38215, 34.87219],
          [-125.38163, 34.87286],
          [-125.3615, 34.89911],
          [-125.33477, 34.9041],
          [-125.33425, 34.90478],
          [-125.31411, 34.93102],
          [-125.31359, 34.93169],
          [-125.29344, 34.95793],
          [-125.29292, 34.9586],
          [-125.27276, 34.98484],
          [-125.27224, 34.98551],
          [-125.25207, 35.01174],
          [-125.25155, 35.01241],
          [-125.25763, 35.03433],
          [-125.23744, 35.06056],
          [-125.23693, 35.06123],
          [-125.21673, 35.08745],
          [-125.21621, 35.08812],
          [-125.19601, 35.11433],
          [-125.19549, 35.11501],
          [-125.17528, 35.14121],
          [-125.14848, 35.14617],
          [-125.12167, 35.15113],
          [-125.12115, 35.1518],
          [-125.12721, 35.17372],
          [-125.13327, 35.19563],
          [-125.13933, 35.21755],
          [-125.11908, 35.24374],
          [-125.11856, 35.24441],
          [-125.12463, 35.26632],
          [-125.10437, 35.29251],
          [-125.10385, 35.29318],
          [-125.10991, 35.31509],
          [-125.08964, 35.34127],
          [-125.06278, 35.34621],
          [-125.06226, 35.34688],
          [-125.04198, 35.37306],
          [-125.01511, 35.37799],
          [-125.01459, 35.37866],
          [-124.99428, 35.40482],
          [-124.99376, 35.40549],
          [-124.97345, 35.43165],
          [-124.97293, 35.43232],
          [-124.9526, 35.45848],
          [-124.95208, 35.45915],
          [-124.93175, 35.4853],
          [-124.93123, 35.48597],
          [-124.91088, 35.51211],
          [-124.91036, 35.51278],
          [-124.9164, 35.53468],
          [-124.89604, 35.56082],
          [-124.89552, 35.56149],
          [-124.90155, 35.58338],
          [-124.88118, 35.60952],
          [-124.88066, 35.61019],
          [-124.86028, 35.63631],
          [-124.83334, 35.64121],
          [-124.83282, 35.64188],
          [-124.81242, 35.668],
          [-124.8119, 35.66867],
          [-124.79149, 35.69478],
          [-124.76454, 35.69967],
          [-124.76402, 35.70034],
          [-124.74359, 35.72644],
          [-124.71663, 35.73132],
          [-124.7161, 35.73199],
          [-124.69566, 35.75809],
          [-124.66869, 35.76296],
          [-124.66816, 35.76363],
          [-124.6477, 35.78971],
          [-124.62072, 35.79458],
          [-124.62019, 35.79525],
          [-124.59972, 35.82132],
          [-124.57272, 35.82618],
          [-124.5722, 35.82685],
          [-124.55171, 35.85292],
          [-124.5247, 35.85776],
          [-124.52417, 35.85843],
          [-124.50366, 35.88449],
          [-124.47665, 35.88933],
          [-124.47612, 35.89],
          [-124.45269, 35.90538],
          [-124.42857, 35.92088],
          [-124.40162, 35.92598],
          [-124.40102, 35.92637],
          [-124.38047, 35.95241],
          [-124.3535, 35.9575],
          [-124.3529, 35.95789],
          [-124.33233, 35.98392],
          [-124.3318, 35.98459],
          [-124.30833, 35.99995],
          [-124.28417, 36.01542],
          [-124.28364, 36.01609],
          [-124.26305, 36.0421],
          [-124.26252, 36.04277],
          [-124.24191, 36.06878],
          [-124.21484, 36.07357],
          [-124.21431, 36.07424],
          [-124.19369, 36.10024],
          [-124.16661, 36.10503],
          [-124.16608, 36.10569],
          [-124.14544, 36.13169],
          [-124.11834, 36.13646],
          [-124.11781, 36.13713],
          [-124.09716, 36.16312],
          [-124.09663, 36.16378],
          [-124.07596, 36.18976],
          [-124.04885, 36.19452],
          [-124.04832, 36.19519],
          [-124.02763, 36.22116],
          [-124.0271, 36.22183],
          [-124.00641, 36.24779],
          [-124.00587, 36.24846],
          [-123.98517, 36.27442],
          [-123.98464, 36.27508],
          [-123.99053, 36.29696],
          [-123.96981, 36.32291],
          [-123.96928, 36.32358],
          [-123.94855, 36.34953],
          [-123.94802, 36.35019],
          [-123.95391, 36.37206],
          [-123.93317, 36.398],
          [-123.93263, 36.39867],
          [-123.93852, 36.42053],
          [-123.94441, 36.4424],
          [-123.92365, 36.46833],
          [-123.92312, 36.469],
          [-123.92901, 36.49086],
          [-123.90824, 36.51678],
          [-123.90771, 36.51745],
          [-123.9136, 36.53931],
          [-123.89282, 36.56523],
          [-123.89228, 36.56589],
          [-123.89817, 36.58774],
          [-123.87738, 36.61366],
          [-123.87684, 36.61432],
          [-123.88273, 36.63617],
          [-123.88862, 36.65802],
          [-123.89452, 36.67987],
          [-123.8737, 36.70577],
          [-123.87317, 36.70643],
          [-123.85234, 36.73233],
          [-123.85181, 36.733],
          [-123.83097, 36.75889],
          [-123.83044, 36.75956],
          [-123.83633, 36.7814],
          [-123.81548, 36.80728],
          [-123.81494, 36.80795],
          [-123.79409, 36.83383],
          [-123.79355, 36.83449],
          [-123.79943, 36.85633],
          [-123.77856, 36.8822],
          [-123.77803, 36.88287],
          [-123.75715, 36.90874],
          [-123.75661, 36.9094],
          [-123.73572, 36.93527],
          [-123.73518, 36.93593],
          [-123.71428, 36.96179],
          [-123.71375, 36.96245],
          [-123.71962, 36.98428],
          [-123.69871, 37.01013],
          [-123.69817, 37.0108],
          [-123.67724, 37.03664],
          [-123.67671, 37.03731],
          [-123.68258, 37.05913],
          [-123.66164, 37.08497],
          [-123.6611, 37.08563],
          [-123.66697, 37.10745],
          [-123.64602, 37.13328],
          [-123.64549, 37.13394],
          [-123.62452, 37.15977],
          [-123.62399, 37.16044],
          [-123.60301, 37.18626],
          [-123.60248, 37.18692],
          [-123.58149, 37.21274],
          [-123.58096, 37.2134],
          [-123.58682, 37.23521],
          [-123.56582, 37.26102],
          [-123.56528, 37.26168],
          [-123.54428, 37.28749],
          [-123.54374, 37.28815],
          [-123.52272, 37.31395],
          [-123.52218, 37.31461],
          [-123.50116, 37.34041],
          [-123.47374, 37.34506],
          [-123.4732, 37.34572],
          [-123.45215, 37.3715],
          [-123.45161, 37.37216],
          [-123.43056, 37.39794],
          [-123.43002, 37.39861],
          [-123.40895, 37.42438],
          [-123.40841, 37.42504],
          [-123.38734, 37.45081],
          [-123.3868, 37.45147],
          [-123.36571, 37.47724],
          [-123.36517, 37.4779],
          [-123.34407, 37.50365],
          [-123.34353, 37.50431],
          [-123.32243, 37.53007],
          [-123.32189, 37.53073],
          [-123.30077, 37.55648],
          [-123.30023, 37.55714],
          [-123.2791, 37.58288],
          [-123.25161, 37.58749],
          [-123.25106, 37.58815],
          [-123.22992, 37.61388],
          [-123.22938, 37.61454],
          [-123.20822, 37.64027],
          [-123.20768, 37.64093],
          [-123.18651, 37.66665],
          [-123.18597, 37.66731],
          [-123.1648, 37.69302],
          [-123.16425, 37.69368],
          [-123.14307, 37.71939],
          [-123.14252, 37.72005],
          [-123.12133, 37.74576],
          [-123.12078, 37.74642],
          [-123.09957, 37.77212],
          [-123.09903, 37.77278],
          [-123.07781, 37.79847],
          [-123.07727, 37.79913],
          [-123.05604, 37.82482],
          [-123.0555, 37.82548],
          [-123.03426, 37.85116],
          [-123.00668, 37.85572],
          [-123.00614, 37.85638],
          [-123.01192, 37.87815],
          [-122.99066, 37.90383],
          [-122.99011, 37.90448],
          [-122.96884, 37.93015],
          [-122.9683, 37.93081],
          [-122.94702, 37.95647],
          [-122.94647, 37.95713],
          [-122.92518, 37.98278],
          [-122.92464, 37.98344],
          [-122.90333, 38.00909],
          [-122.90279, 38.00975],
          [-122.88148, 38.03539],
          [-122.88093, 38.03605],
          [-122.85961, 38.06169],
          [-122.85906, 38.06234],
          [-122.83773, 38.08798],
          [-122.83718, 38.08863],
          [-122.81584, 38.11426],
          [-122.81529, 38.11492],
          [-122.79393, 38.14054],
          [-122.79339, 38.1412],
          [-122.77202, 38.16681],
          [-122.74436, 38.17133],
          [-122.74381, 38.17199],
          [-122.72243, 38.19759],
          [-122.72188, 38.19825],
          [-122.70048, 38.22385],
          [-122.69994, 38.22451],
          [-122.67853, 38.2501],
          [-122.67798, 38.25076],
          [-122.65657, 38.27635],
          [-122.65602, 38.277],
          [-122.63459, 38.30259],
          [-122.63405, 38.30324],
          [-122.61261, 38.32882],
          [-122.58489, 38.33331],
          [-122.58434, 38.33396],
          [-122.56289, 38.35953],
          [-122.56234, 38.36019],
          [-122.54088, 38.38575],
          [-122.54033, 38.38641],
          [-122.51885, 38.41196],
          [-122.5183, 38.41262],
          [-122.49682, 38.43817],
          [-122.49626, 38.43883],
          [-122.47477, 38.46437],
          [-122.47422, 38.46503],
          [-122.47992, 38.48676],
          [-122.45841, 38.5123],
          [-122.45786, 38.51295],
          [-122.43634, 38.53848],
          [-122.43579, 38.53914],
          [-122.41426, 38.56467],
          [-122.4137, 38.56532],
          [-122.39216, 38.59084],
          [-122.39161, 38.59149],
          [-122.37006, 38.61701],
          [-122.36951, 38.61766],
          [-122.34794, 38.64317],
          [-122.32013, 38.64761],
          [-122.31958, 38.64827],
          [-122.298, 38.67377],
          [-122.27018, 38.6782],
          [-122.24236, 38.68262],
          [-122.21454, 38.68705],
          [-122.18671, 38.69146],
          [-122.18616, 38.69212],
          [-122.16453, 38.71759],
          [-122.16398, 38.71825],
          [-122.14235, 38.74372],
          [-122.14179, 38.74437],
          [-122.14744, 38.76609],
          [-122.1258, 38.79155],
          [-122.12524, 38.79221],
          [-122.10358, 38.81766],
          [-122.10303, 38.81832],
          [-122.10868, 38.84003],
          [-122.087, 38.86548],
          [-122.08645, 38.86613],
          [-122.0921, 38.88783],
          [-122.07041, 38.91328],
          [-122.06985, 38.91393],
          [-122.0755, 38.93563],
          [-122.0538, 38.96107],
          [-122.05324, 38.96172],
          [-122.05889, 38.98341],
          [-122.03718, 39.00884],
          [-122.03662, 39.00949],
          [-122.0149, 39.03492],
          [-122.01434, 39.03557],
          [-121.9926, 39.06099],
          [-121.99205, 39.06164],
          [-121.9703, 39.08705],
          [-121.96974, 39.0877],
          [-121.94799, 39.1131],
          [-121.94743, 39.11376],
          [-121.92566, 39.13915],
          [-121.92511, 39.13981],
          [-121.90333, 39.1652],
          [-121.90277, 39.16585],
          [-121.88098, 39.19124],
          [-121.88042, 39.19189],
          [-121.85863, 39.21727],
          [-121.85807, 39.21792],
          [-121.83626, 39.2433],
          [-121.8357, 39.24395],
          [-121.81388, 39.26932],
          [-121.81332, 39.26997],
          [-121.79149, 39.29533],
          [-121.79093, 39.29598],
          [-121.76908, 39.32134],
          [-121.76852, 39.32199],
          [-121.77413, 39.34366],
          [-121.77974, 39.36532],
          [-121.75788, 39.39067],
          [-121.75732, 39.39132],
          [-121.73545, 39.41666],
          [-121.70741, 39.42099],
          [-121.67937, 39.42531],
          [-121.65132, 39.42963],
          [-121.62328, 39.43394],
          [-121.59049, 39.41701],
          [-121.58492, 39.39535],
          [-121.57935, 39.37368],
          [-121.57379, 39.35201],
          [-121.56822, 39.33033],
          [-121.56266, 39.30866],
          [-121.5571, 39.28698],
          [-121.55626, 39.28654],
          [-121.52354, 39.2696],
          [-121.51799, 39.24791],
          [-121.51244, 39.22622],
          [-121.5069, 39.20454],
          [-121.50606, 39.2041],
          [-121.47337, 39.18714],
          [-121.46784, 39.16544],
          [-121.467, 39.16501],
          [-121.43433, 39.14803],
          [-121.43349, 39.1476],
          [-121.40551, 39.15188],
          [-121.40495, 39.15253],
          [-121.38304, 39.17786],
          [-121.38248, 39.17851],
          [-121.388, 39.2002],
          [-121.36608, 39.22552],
          [-121.36552, 39.22617],
          [-121.34358, 39.25148],
          [-121.34302, 39.25213],
          [-121.34854, 39.27382],
          [-121.32659, 39.29913],
          [-121.32603, 39.29978],
          [-121.33154, 39.32146],
          [-121.30958, 39.34676],
          [-121.30902, 39.34741],
          [-121.31453, 39.36909],
          [-121.29256, 39.39438],
          [-121.292, 39.39502],
          [-121.29751, 39.4167],
          [-121.30302, 39.43837],
          [-121.28103, 39.46365],
          [-121.28046, 39.4643],
          [-121.28598, 39.48597],
          [-121.26397, 39.51124],
          [-121.26341, 39.51189],
          [-121.26892, 39.53355],
          [-121.27443, 39.55522],
          [-121.27995, 39.57688],
          [-121.25792, 39.60214],
          [-121.25736, 39.60278],
          [-121.26287, 39.62444],
          [-121.24083, 39.64969],
          [-121.24027, 39.65034],
          [-121.24578, 39.67199],
          [-121.22373, 39.69723],
          [-121.22316, 39.69788],
          [-121.22867, 39.71953],
          [-121.23419, 39.74117],
          [-121.21212, 39.7664],
          [-121.21155, 39.76705],
          [-121.21707, 39.78869],
          [-121.22258, 39.81033],
          [-121.20049, 39.83555],
          [-121.19993, 39.8362],
          [-121.20544, 39.85783],
          [-121.21096, 39.87946],
          [-121.18885, 39.90467],
          [-121.16066, 39.9089],
          [-121.16009, 39.90955],
          [-121.13797, 39.93475],
          [-121.10976, 39.93897],
          [-121.08156, 39.94318],
          [-121.05335, 39.94739],
          [-121.05278, 39.94804],
          [-121.03062, 39.97323],
          [-121.00241, 39.97743],
          [-121.00184, 39.97807],
          [-120.97966, 40.00325],
          [-120.95143, 40.00744],
          [-120.95086, 40.00809],
          [-120.92867, 40.03325],
          [-120.90043, 40.03743],
          [-120.87219, 40.04161],
          [-120.84395, 40.04579],
          [-120.84338, 40.04643],
          [-120.82115, 40.07158],
          [-120.79289, 40.07574],
          [-120.76464, 40.07991],
          [-120.73638, 40.08406],
          [-120.73581, 40.08471],
          [-120.71354, 40.10984],
          [-120.68528, 40.11398],
          [-120.657, 40.11813],
          [-120.65643, 40.11877],
          [-120.63414, 40.14388],
          [-120.60586, 40.14802],
          [-120.57758, 40.15215],
          [-120.57701, 40.15279],
          [-120.55469, 40.17789],
          [-120.5264, 40.18201],
          [-120.4981, 40.18613],
          [-120.49753, 40.18677],
          [-120.47518, 40.21186],
          [-120.44688, 40.21597],
          [-120.41857, 40.22007],
          [-120.418, 40.22071],
          [-120.39563, 40.24578],
          [-120.36731, 40.24988],
          [-120.33899, 40.25397],
          [-120.31067, 40.25805],
          [-120.28234, 40.26213],
          [-120.28177, 40.26277],
          [-120.25936, 40.28782],
          [-120.23102, 40.29189],
          [-120.20268, 40.29596],
          [-120.20211, 40.2966],
          [-120.17967, 40.32164],
          [-120.15132, 40.3257],
          [-120.12297, 40.32975],
          [-120.1224, 40.33039],
          [-120.09993, 40.35541],
          [-120.07157, 40.35946],
          [-120.04321, 40.3635],
          [-120.04263, 40.36414],
          [-120.02014, 40.38914],
          [-119.99177, 40.39317],
          [-119.96339, 40.3972],
          [-119.96282, 40.39784],
          [-119.9403, 40.42283],
          [-119.91191, 40.42685],
          [-119.88353, 40.43086],
          [-119.85514, 40.43487],
          [-119.82675, 40.43888],
          [-119.79835, 40.44288],
          [-119.79777, 40.44352],
          [-119.77521, 40.46848],
          [-119.7468, 40.47247],
          [-119.7184, 40.47646],
          [-119.71782, 40.4771],
          [-119.69522, 40.50205],
          [-119.66681, 40.50602],
          [-119.66623, 40.50666],
          [-119.64361, 40.5316],
          [-119.61519, 40.53557],
          [-119.61461, 40.53621],
          [-119.59197, 40.56114],
          [-119.56354, 40.5651],
          [-119.56295, 40.56574],
          [-119.5403, 40.59065],
          [-119.51186, 40.59461],
          [-119.51127, 40.59524],
          [-119.4886, 40.62015],
          [-119.48802, 40.62079],
          [-119.46534, 40.64569],
          [-119.43687, 40.64963],
          [-119.43629, 40.65027],
          [-119.41359, 40.67516],
          [-119.38512, 40.67909],
          [-119.38453, 40.67973],
          [-119.36181, 40.70461],
          [-119.33333, 40.70853],
          [-119.33275, 40.70916],
          [-119.31001, 40.73403],
          [-119.28151, 40.73794],
          [-119.25301, 40.74185],
          [-119.22451, 40.74575],
          [-119.22393, 40.74639],
          [-119.20116, 40.77124],
          [-119.17265, 40.77513],
          [-119.14414, 40.77902],
          [-119.11562, 40.78291],
          [-119.08711, 40.78679],
          [-119.08652, 40.78742],
          [-119.06371, 40.81225],
          [-119.03518, 40.81612],
          [-119.03459, 40.81676],
          [-119.01176, 40.84158],
          [-118.98322, 40.84544],
          [-118.98264, 40.84607],
          [-118.95978, 40.87088],
          [-118.93124, 40.87473],
          [-118.90269, 40.87858],
          [-118.9021, 40.87922],
          [-118.87922, 40.90401],
          [-118.85066, 40.90785],
          [-118.85007, 40.90848],
          [-118.82717, 40.93327],
          [-118.7986, 40.9371],
          [-118.79802, 40.93773],
          [-118.7751, 40.9625],
          [-118.74652, 40.96633],
          [-118.74593, 40.96696],
          [-118.72299, 40.99172],
          [-118.7224, 40.99236],
          [-118.69945, 41.01711],
          [-118.69886, 41.01775],
          [-118.6759, 41.04249],
          [-118.67531, 41.04313],
          [-118.65234, 41.06787],
          [-118.65175, 41.0685],
          [-118.62876, 41.09324],
          [-118.60014, 41.09703],
          [-118.59955, 41.09767],
          [-118.57655, 41.12239],
          [-118.54792, 41.12618],
          [-118.51929, 41.12996],
          [-118.5187, 41.1306],
          [-118.49566, 41.15531],
          [-118.46702, 41.15908],
          [-118.43838, 41.16285],
          [-118.40973, 41.16661],
          [-118.38108, 41.17037],
          [-118.35243, 41.17412],
          [-118.32378, 41.17787],
          [-118.29512, 41.18162],
          [-118.26646, 41.18536],
          [-118.2378, 41.18909],
          [-118.20914, 41.19283],
          [-118.20855, 41.19346],
          [-118.18543, 41.21812],
          [-118.18484, 41.21875],
          [-118.1617, 41.24341],
          [-118.13302, 41.24713],
          [-118.13243, 41.24776],
          [-118.10928, 41.2724],
          [-118.10869, 41.27303],
          [-118.08552, 41.29767],
          [-118.05683, 41.30138],
          [-118.05623, 41.30201],
          [-118.03305, 41.32664],
          [-118.00434, 41.33033],
          [-118.00375, 41.33096],
          [-117.98055, 41.35558],
          [-117.95183, 41.35927],
          [-117.95123, 41.3599],
          [-117.92801, 41.3845],
          [-117.92742, 41.38513],
          [-117.90418, 41.40973],
          [-117.87545, 41.41341],
          [-117.87485, 41.41404],
          [-117.8516, 41.43863],
          [-117.851, 41.43926],
          [-117.82774, 41.46384],
          [-117.82714, 41.46447],
          [-117.80387, 41.48905],
          [-117.80327, 41.48968],
          [-117.77999, 41.51425],
          [-117.77939, 41.51488],
          [-117.75609, 41.53944],
          [-117.75549, 41.54007],
          [-117.76037, 41.56161],
          [-117.73706, 41.58616],
          [-117.73646, 41.58679],
          [-117.71314, 41.61134],
          [-117.71254, 41.61197],
          [-117.6892, 41.63651],
          [-117.6886, 41.63714],
          [-117.66525, 41.66167],
          [-117.66466, 41.6623],
          [-117.6413, 41.68683],
          [-117.6407, 41.68746],
          [-117.61733, 41.71198],
          [-117.61673, 41.71261],
          [-117.59334, 41.73712],
          [-117.5645, 41.74074],
          [-117.5639, 41.74137],
          [-117.5405, 41.76587],
          [-117.5399, 41.7665],
          [-117.51649, 41.79099],
          [-117.48763, 41.7946],
          [-117.48703, 41.79523],
          [-117.4636, 41.81971],
          [-117.463, 41.82034],
          [-117.43955, 41.84482],
          [-117.41067, 41.84841],
          [-117.41007, 41.84904],
          [-117.38661, 41.87351],
          [-117.35772, 41.87709],
          [-117.35712, 41.87772],
          [-117.33364, 41.90217],
          [-117.30474, 41.90575],
          [-117.27584, 41.90932],
          [-117.27524, 41.90994],
          [-117.25173, 41.93439],
          [-117.22282, 41.93794],
          [-117.22222, 41.93857],
          [-117.19869, 41.963],
          [-117.16977, 41.96655],
          [-117.16916, 41.96718],
          [-117.14561, 41.9916],
          [-117.11668, 41.99514],
          [-117.08775, 41.99868],
          [-117.08715, 41.9993],
          [-117.06357, 42.02371],
          [-117.03463, 42.02724],
          [-117.03403, 42.02786],
          [-117.01043, 42.05226],
          [-117.00982, 42.05288],
          [-116.98621, 42.07727],
          [-116.98561, 42.0779],
          [-116.96199, 42.10228],
          [-116.93302, 42.10579],
          [-116.93242, 42.10641],
          [-116.90878, 42.13078],
          [-116.8798, 42.13429],
          [-116.87919, 42.13491],
          [-116.85553, 42.15927],
          [-116.85493, 42.15989],
          [-116.83125, 42.18425],
          [-116.83065, 42.18487],
          [-116.80696, 42.20922],
          [-116.77796, 42.2127],
          [-116.77735, 42.21333],
          [-116.75365, 42.23766],
          [-116.72464, 42.24113],
          [-116.72403, 42.24176],
          [-116.70031, 42.26608],
          [-116.6997, 42.26671],
          [-116.67596, 42.29102],
          [-116.67535, 42.29165],
          [-116.65161, 42.31596],
          [-116.62257, 42.31942],
          [-116.59353, 42.32287],
          [-116.59292, 42.32349],
          [-116.56914, 42.34779],
          [-116.54009, 42.35123],
          [-116.51104, 42.35467],
          [-116.51043, 42.35529],
          [-116.48663, 42.37957],
          [-116.45756, 42.383],
          [-116.4285, 42.38642],
          [-116.42789, 42.38704],
          [-116.40406, 42.41131],
          [-116.37498, 42.41472],
          [-116.37437, 42.41535],
          [-116.35052, 42.4396],
          [-116.32144, 42.44301],
          [-116.29235, 42.44641],
          [-116.29174, 42.44703],
          [-116.26786, 42.47127],
          [-116.23876, 42.47466],
          [-116.20966, 42.47805],
          [-116.20905, 42.47867],
          [-116.18515, 42.50289],
          [-116.15604, 42.50627],
          [-116.12693, 42.50965],
          [-116.12631, 42.51027],
          [-116.10238, 42.53448],
          [-116.07326, 42.53784],
          [-116.04414, 42.5412],
          [-116.01501, 42.54456],
          [-115.98588, 42.54791],
          [-115.95675, 42.55125],
          [-115.95614, 42.55187],
          [-115.93216, 42.57605],
          [-115.90302, 42.57939],
          [-115.87388, 42.58272],
          [-115.84473, 42.58605],
          [-115.81559, 42.58937],
          [-115.78644, 42.59269],
          [-115.75729, 42.59601],
          [-115.72814, 42.59931],
          [-115.69899, 42.60262],
          [-115.66983, 42.60592],
          [-115.64067, 42.60921],
          [-115.61152, 42.6125],
          [-115.6109, 42.61312],
          [-115.58682, 42.63725],
          [-115.55765, 42.64053],
          [-115.52848, 42.64381],
          [-115.4993, 42.64708],
          [-115.47013, 42.65035],
          [-115.46951, 42.65096],
          [-115.44539, 42.67507],
          [-115.4162, 42.67832],
          [-115.38702, 42.68158],
          [-115.35783, 42.68483],
          [-115.32864, 42.68807],
          [-115.32802, 42.68869],
          [-115.3017, 42.70231],
          [-115.27251, 42.70554],
          [-115.24545, 42.71923],
          [-115.21411, 42.712],
          [-115.1849, 42.71522],
          [-115.1543, 42.70789],
          [-115.15351, 42.7077],
          [-115.12431, 42.71092],
          [-115.0951, 42.71412],
          [-115.06446, 42.71026],
          [-115.03451, 42.70979],
          [-115.0053, 42.71298],
          [-114.97471, 42.70563],
          [-114.97393, 42.70544],
          [-114.94185, 42.6944],
          [-114.92621, 42.68898],
          [-114.90903, 42.6796],
          [-114.87845, 42.67223],
          [-114.87767, 42.67204],
          [-114.84705, 42.66814],
          [-114.81785, 42.67131],
          [-114.79006, 42.68153],
          [-114.76087, 42.68478],
          [-114.73166, 42.68792],
          [-114.70245, 42.69107],
          [-114.67323, 42.69421],
          [-114.644, 42.69726],
          [-114.61266, 42.68965],
          [-114.58344, 42.69278],
          [-114.55422, 42.6959],
          [-114.52367, 42.68847],
          [-114.52288, 42.68828],
          [-114.49361, 42.69112],
          [-114.46234, 42.68376],
          [-114.43179, 42.67631],
          [-114.43101, 42.67612],
          [-114.40179, 42.67922],
          [-114.37257, 42.68231],
          [-114.34335, 42.6854],
          [-114.34267, 42.68574],
          [-114.31827, 42.70969],
          [-114.28904, 42.71277],
          [-114.25981, 42.71585],
          [-114.23057, 42.71892],
          [-114.20134, 42.72198],
          [-114.1721, 42.72504],
          [-114.14286, 42.7281],
          [-114.11367, 42.73142],
          [-114.11299, 42.73176],
          [-114.08852, 42.75567],
          [-114.05927, 42.75871],
          [-114.05864, 42.75933],
          [-114.03415, 42.78323],
          [-114.00489, 42.78626],
          [-113.97563, 42.78929],
          [-113.94636, 42.79231],
          [-113.9171, 42.79533],
          [-113.88783, 42.79834],
          [-113.8872, 42.79895],
          [-113.86266, 42.82283],
          [-113.83338, 42.82583],
          [-113.8041, 42.82883],
          [-113.77482, 42.83183],
          [-113.74554, 42.83482],
          [-113.74491, 42.83543],
          [-113.72032, 42.85928],
          [-113.69103, 42.86226],
          [-113.66174, 42.86523],
          [-113.6611, 42.86585],
          [-113.63649, 42.88968],
          [-113.60719, 42.89265],
          [-113.57788, 42.89561],
          [-113.54857, 42.89857],
          [-113.51926, 42.90152],
          [-113.51863, 42.90213],
          [-113.49398, 42.92594],
          [-113.46466, 42.92888],
          [-113.43534, 42.93182],
          [-113.4347, 42.93243],
          [-113.41002, 42.95622],
          [-113.38069, 42.95916],
          [-113.35136, 42.96208],
          [-113.35073, 42.96269],
          [-113.32601, 42.98647],
          [-113.29667, 42.98938],
          [-113.26733, 42.9923],
          [-113.23798, 42.9952],
          [-113.20864, 42.99811],
          [-113.208, 42.99871],
          [-113.18325, 43.02247],
          [-113.18261, 43.02308],
          [-113.15785, 43.04682],
          [-113.12848, 43.04971],
          [-113.12785, 43.05032],
          [-113.10306, 43.07405],
          [-113.10242, 43.07466],
          [-113.07763, 43.09839],
          [-113.07699, 43.099],
          [-113.08093, 43.12045],
          [-113.05612, 43.14417],
          [-113.05548, 43.14477],
          [-113.05942, 43.16622],
          [-113.03459, 43.18993],
          [-113.03395, 43.19053],
          [-113.00911, 43.21424],
          [-113.00847, 43.21484],
          [-112.98361, 43.23854],
          [-112.98298, 43.23914],
          [-112.9869, 43.26058],
          [-112.96203, 43.28426],
          [-112.96139, 43.28487],
          [-112.93651, 43.30855],
          [-112.93587, 43.30915],
          [-112.91097, 43.33282],
          [-112.91033, 43.33343],
          [-112.88542, 43.35709],
          [-112.88479, 43.3577],
          [-112.85986, 43.38135],
          [-112.83039, 43.38419],
          [-112.80092, 43.38702],
          [-112.77144, 43.38985],
          [-112.74196, 43.39267],
          [-112.71248, 43.39549],
          [-112.71184, 43.39609],
          [-112.68687, 43.41972],
          [-112.65738, 43.42253],
          [-112.62789, 43.42533],
          [-112.5984, 43.42813],
          [-112.5689, 43.43092],
          [-112.53941, 43.43371],
          [-112.53876, 43.43432],
          [-112.51374, 43.45791],
          [-112.48423, 43.46069],
          [-112.48359, 43.4613],
          [-112.45855, 43.48489],
          [-112.42903, 43.48766],
          [-112.42839, 43.48826],
          [-112.40333, 43.51184],
          [-112.3738, 43.5146],
          [-112.34427, 43.51735],
          [-112.34363, 43.51796],
          [-112.31854, 43.54152],
          [-112.289, 43.54426],
          [-112.25946, 43.54701],
          [-112.25882, 43.54761],
          [-112.2337, 43.57115],
          [-112.20122, 43.55295],
          [-112.20038, 43.55248],
          [-112.17084, 43.55521],
          [-112.1702, 43.55581],
          [-112.14505, 43.57934],
          [-112.14441, 43.57994],
          [-112.14817, 43.60135],
          [-112.15192, 43.62275],
          [-112.12676, 43.64627],
          [-112.12611, 43.64687],
          [-112.10094, 43.67038],
          [-112.10029, 43.67099],
          [-112.0751, 43.69449],
          [-112.07446, 43.69509],
          [-112.04925, 43.71859],
          [-112.04861, 43.71919],
          [-112.02339, 43.74268],
          [-112, 43.74481]
        ]
      }
    },
    {
      "type": "Feature",
      "id": "2026092312_f198_10000_001",
      "properties": {
        "product_id": "winter_storm_levels",
        "source_id": "nbm_snow_level",
        "parameter": "snow_level",
        "definition": "height of the wet-bulb 0.5 degree C surface",
        "level_ft_msl": 10000,
        "label": "10,000 ft MSL",
        "unit": "ft_msl",
        "cycle_time_utc": "2026-09-23T12:00:00Z",
        "valid_time_utc": "2026-10-01T18:00:00Z",
        "lead_hours": 198,
        "segment": 1,
        "length_m": 2266709.6
      },
      "geometry": {
        "type": "LineString",
        "coordinates": [
          [-128.48441, 30.07986],
          [-128.46916, 30.10195],
          [-128.44366, 30.1075],
          [-128.41816, 30.11306],
          [-128.39266, 30.11861],
          [-128.39027, 30.12206],
          [-128.37356, 30.14621],
          [-128.34805, 30.15175],
          [-128.32254, 30.15729],
          [-128.32015, 30.16074],
          [-128.30342, 30.18488],
          [-128.30103, 30.18833],
          [-128.28429, 30.21247],
          [-128.25876, 30.218],
          [-128.23323, 30.22352],
          [-128.23083, 30.22697],
          [-128.21408, 30.2511],
          [-128.18853, 30.25662],
          [-128.16299, 30.26213],
          [-128.16059, 30.26557],
          [-128.14381, 30.2897],
          [-128.11826, 30.2952],
          [-128.0927, 30.3007],
          [-128.06715, 30.30619],
          [-128.04158, 30.31168],
          [-128.01602, 30.31716],
          [-127.99045, 30.32265],
          [-127.96489, 30.32812],
          [-127.93932, 30.3336],
          [-127.93691, 30.33704],
          [-127.92008, 30.36113],
          [-127.8945, 30.3666],
          [-127.89209, 30.37004],
          [-127.87524, 30.39413],
          [-127.84965, 30.39959],
          [-127.82406, 30.40504],
          [-127.82165, 30.40848],
          [-127.80478, 30.43257],
          [-127.77918, 30.43801],
          [-127.77677, 30.44145],
          [-127.75989, 30.46553],
          [-127.75748, 30.46897],
          [-127.74059, 30.49304],
          [-127.71497, 30.49847],
          [-127.68935, 30.5039],
          [-127.68694, 30.50734],
          [-127.67003, 30.53141],
          [-127.6444, 30.53683],
          [-127.64198, 30.54026],
          [-127.62506, 30.56432],
          [-127.59942, 30.56974],
          [-127.597, 30.57317],
          [-127.58006, 30.59722],
          [-127.55441, 30.60263],
          [-127.52876, 30.60803],
          [-127.50311, 30.61343],
          [-127.50069, 30.61687],
          [-127.48372, 30.64091],
          [-127.45806, 30.6463],
          [-127.4324, 30.65169],
          [-127.42997, 30.65512],
          [-127.41299, 30.67915],
          [-127.38731, 30.68453],
          [-127.38489, 30.68796],
          [-127.36789, 30.71198],
          [-127.3422, 30.71735],
          [-127.33977, 30.72079],
          [-127.32276, 30.7448],
          [-127.32033, 30.74823],
          [-127.30331, 30.77225],
          [-127.27761, 30.77761],
          [-127.25191, 30.78296],
          [-127.24948, 30.78639],
          [-127.23244, 30.8104],
          [-127.20672, 30.81575],
          [-127.18101, 30.82109],
          [-127.1553, 30.82643],
          [-127.12958, 30.83177],
          [-127.10386, 30.8371],
          [-127.07814, 30.84243],
          [-127.0757, 30.84585],
          [-127.05861, 30.86984],
          [-127.03288, 30.87516],
          [-127.00714, 30.88047],
          [-126.98141, 30.88578],
          [-126.95567, 30.89109],
          [-126.95322, 30.89452],
          [-126.93611, 30.91848],
          [-126.91036, 30.92378],
          [-126.88461, 30.92908],
          [-126.85886, 30.93437],
          [-126.85641, 30.93779],
          [-126.83926, 30.96175],
          [-126.83681, 30.96517],
          [-126.81966, 30.98912],
          [-126.79389, 30.9944],
          [-126.76812, 30.99968],
          [-126.74235, 31.00495],
          [-126.71657, 31.01021],
          [-126.71412, 31.01363],
          [-126.69693, 31.03757],
          [-126.67115, 31.04283],
          [-126.64536, 31.04808],
          [-126.61957, 31.05334],
          [-126.61711, 31.05675],
          [-126.5999, 31.08068],
          [-126.5741, 31.08592],
          [-126.57164, 31.08934],
          [-126.55441, 31.11325],
          [-126.52861, 31.11849],
          [-126.52614, 31.12191],
          [-126.5089, 31.14582],
          [-126.50644, 31.14923],
          [-126.48919, 31.17314],
          [-126.46337, 31.17836],
          [-126.4609, 31.18178],
          [-126.44364, 31.20568],
          [-126.41781, 31.2109],
          [-126.41534, 31.21431],
          [-126.39806, 31.2382],
          [-126.3956, 31.24162],
          [-126.37831, 31.26551],
          [-126.35246, 31.27071],
          [-126.34999, 31.27413],
          [-126.33269, 31.29801],
          [-126.30683, 31.30321],
          [-126.30436, 31.30662],
          [-126.28705, 31.3305],
          [-126.26118, 31.33569],
          [-126.2587, 31.3391],
          [-126.24138, 31.36297],
          [-126.2389, 31.36638],
          [-126.22157, 31.39025],
          [-126.19568, 31.39543],
          [-126.1932, 31.39884],
          [-126.17585, 31.4227],
          [-126.17337, 31.42611],
          [-126.15602, 31.44996],
          [-126.15354, 31.45337],
          [-126.13617, 31.47723],
          [-126.13369, 31.48063],
          [-126.11632, 31.50449],
          [-126.0904, 31.50965],
          [-126.08792, 31.51305],
          [-126.07053, 31.5369],
          [-126.0446, 31.54205],
          [-126.04212, 31.54545],
          [-126.02471, 31.56929],
          [-125.99878, 31.57444],
          [-125.99629, 31.57784],
          [-125.97888, 31.60167],
          [-125.97639, 31.60508],
          [-125.95896, 31.6289],
          [-125.93301, 31.63404],
          [-125.93052, 31.63744],
          [-125.91308, 31.66126],
          [-125.88712, 31.66639],
          [-125.88463, 31.66979],
          [-125.86718, 31.6936],
          [-125.84121, 31.69872],
          [-125.81523, 31.70383],
          [-125.81274, 31.70724],
          [-125.79526, 31.73104],
          [-125.79277, 31.73444],
          [-125.77528, 31.75824],
          [-125.7493, 31.76334],
          [-125.7468, 31.76674],
          [-125.7293, 31.79054],
          [-125.7033, 31.79563],
          [-125.7008, 31.79903],
          [-125.68329, 31.82282],
          [-125.65729, 31.8279],
          [-125.63128, 31.83298],
          [-125.62877, 31.83638],
          [-125.61124, 31.86016],
          [-125.58522, 31.86523],
          [-125.58272, 31.86863],
          [-125.56517, 31.8924],
          [-125.53914, 31.89747],
          [-125.53663, 31.90086],
          [-125.51907, 31.92463],
          [-125.49304, 31.92968],
          [-125.49053, 31.93308],
          [-125.47295, 31.95684],
          [-125.44691, 31.96189],
          [-125.44439, 31.96528],
          [-125.4268, 31.98903],
          [-125.40075, 31.99407],
          [-125.37469, 31.99911],
          [-125.37218, 32.0025],
          [-125.35457, 32.02624],
          [-125.3285, 32.03127],
          [-125.32598, 32.03467],
          [-125.30836, 32.0584],
          [-125.28228, 32.06342],
          [-125.27976, 32.06681],
          [-125.26212, 32.09054],
          [-125.23604, 32.09555],
          [-125.20995, 32.10056],
          [-125.18386, 32.10557],
          [-125.15777, 32.11057],
          [-125.13167, 32.11557],
          [-125.12915, 32.11896],
          [-125.11147, 32.14266],
          [-125.08536, 32.14765],
          [-125.05926, 32.15264],
          [-125.03315, 32.15762],
          [-125.00704, 32.16259],
          [-125.00451, 32.16598],
          [-124.9868, 32.18967],
          [-124.96068, 32.19464],
          [-124.93455, 32.1996],
          [-124.90843, 32.20456],
          [-124.9059, 32.20795],
          [-124.88816, 32.23162],
          [-124.86202, 32.23658],
          [-124.85949, 32.23996],
          [-124.84174, 32.26363],
          [-124.81559, 32.26857],
          [-124.81306, 32.27195],
          [-124.79529, 32.29562],
          [-124.76914, 32.30056],
          [-124.74298, 32.30549],
          [-124.74044, 32.30887],
          [-124.72265, 32.33252],
          [-124.69649, 32.33744],
          [-124.67032, 32.34236],
          [-124.64415, 32.34728],
          [-124.64161, 32.35066],
          [-124.62379, 32.3743],
          [-124.59762, 32.37921],
          [-124.57144, 32.38411],
          [-124.56889, 32.38748],
          [-124.55105, 32.41112],
          [-124.52486, 32.41601],
          [-124.52231, 32.41939],
          [-124.50446, 32.44301],
          [-124.47827, 32.4479],
          [-124.47571, 32.45127],
          [-124.45785, 32.47489],
          [-124.43164, 32.47977],
          [-124.42909, 32.48314],
          [-124.41121, 32.50675],
          [-124.38499, 32.51162],
          [-124.38244, 32.51499],
          [-124.36454, 32.5386],
          [-124.36198, 32.54197],
          [-124.34408, 32.56557],
          [-124.34152, 32.56894],
          [-124.32361, 32.59254],
          [-124.29737, 32.59739],
          [-124.27113, 32.60224],
          [-124.26857, 32.60561],
          [-124.25064, 32.6292],
          [-124.24807, 32.63257],
          [-124.23013, 32.65615],
          [-124.20387, 32.66099],
          [-124.20131, 32.66436],
          [-124.18336, 32.68793],
          [-124.15709, 32.69276],
          [-124.15452, 32.69613],
          [-124.13655, 32.7197],
          [-124.11027, 32.72452],
          [-124.1077, 32.72789],
          [-124.08972, 32.75145],
          [-124.06343, 32.75627],
          [-124.06086, 32.75963],
          [-124.04286, 32.78319],
          [-124.01657, 32.78799],
          [-124.01399, 32.79136],
          [-123.99598, 32.8149],
          [-123.96967, 32.8197],
          [-123.9671, 32.82307],
          [-123.94907, 32.84661],
          [-123.92276, 32.8514],
          [-123.92018, 32.85476],
          [-123.90214, 32.87829],
          [-123.87581, 32.88308],
          [-123.87323, 32.88644],
          [-123.85517, 32.90996],
          [-123.82884, 32.91474],
          [-123.82626, 32.9181],
          [-123.80819, 32.94162],
          [-123.80561, 32.94498],
          [-123.78752, 32.96849],
          [-123.76117, 32.97325],
          [-123.73482, 32.97801],
          [-123.73224, 32.98137],
          [-123.71413, 33.00487],
          [-123.68777, 33.00963],
          [-123.68519, 33.01298],
          [-123.66707, 33.03648],
          [-123.66448, 33.03984],
          [-123.64635, 33.06333],
          [-123.64376, 33.06669],
          [-123.62563, 33.09017],
          [-123.62304, 33.09353],
          [-123.6049, 33.11701],
          [-123.6023, 33.12037],
          [-123.58415, 33.14385],
          [-123.58156, 33.1472],
          [-123.5634, 33.17068],
          [-123.56081, 33.17404],
          [-123.54264, 33.19751],
          [-123.51622, 33.20223],
          [-123.51363, 33.20558],
          [-123.49544, 33.22905],
          [-123.46902, 33.23376],
          [-123.4426, 33.23847],
          [-123.44, 33.24182],
          [-123.42179, 33.26528],
          [-123.39536, 33.26998],
          [-123.39276, 33.27333],
          [-123.37454, 33.29677],
          [-123.34809, 33.30147],
          [-123.34549, 33.30482],
          [-123.32726, 33.32826],
          [-123.3008, 33.33294],
          [-123.2982, 33.33629],
          [-123.27995, 33.35972],
          [-123.25349, 33.3644],
          [-123.25088, 33.36775],
          [-123.23261, 33.39117],
          [-123.20614, 33.39584],
          [-123.20353, 33.39919],
          [-123.18525, 33.42261],
          [-123.15877, 33.42727],
          [-123.13229, 33.43192],
          [-123.12968, 33.43527],
          [-123.11138, 33.45867],
          [-123.08488, 33.46332],
          [-123.08227, 33.46666],
          [-123.06395, 33.49007],
          [-123.03745, 33.4947],
          [-123.03483, 33.49805],
          [-123.0165, 33.52144],
          [-123.01389, 33.52478],
          [-122.99555, 33.54817],
          [-122.96903, 33.5528],
          [-122.96641, 33.55614],
          [-122.94806, 33.57952],
          [-122.94543, 33.58286],
          [-122.92707, 33.60624],
          [-122.90054, 33.61086],
          [-122.89791, 33.6142],
          [-122.87954, 33.63757],
          [-122.87691, 33.64091],
          [-122.85853, 33.66427],
          [-122.8559, 33.66761],
          [-122.8375, 33.69097],
          [-122.81095, 33.69557],
          [-122.80832, 33.69891],
          [-122.78991, 33.72227],
          [-122.78728, 33.7256],
          [-122.76886, 33.74895],
          [-122.74229, 33.75354],
          [-122.73965, 33.75688],
          [-122.72122, 33.78022],
          [-122.69464, 33.7848],
          [-122.692, 33.78813],
          [-122.67355, 33.81147],
          [-122.64696, 33.81604],
          [-122.64432, 33.81937],
          [-122.62586, 33.8427],
          [-122.62322, 33.84604],
          [-122.60475, 33.86936],
          [-122.60211, 33.87269],
          [-122.58363, 33.89601],
          [-122.55702, 33.90057],
          [-122.55437, 33.9039],
          [-122.53588, 33.92721],
          [-122.53324, 33.93054],
          [-122.51473, 33.95385],
          [-122.4881, 33.9584],
          [-122.48545, 33.96173],
          [-122.46694, 33.98503],
          [-122.44029, 33.98956],
          [-122.43765, 33.99289],
          [-122.41911, 34.01619],
          [-122.39246, 34.02071],
          [-122.38981, 34.02404],
          [-122.37126, 34.04733],
          [-122.3446, 34.05185],
          [-122.34195, 34.05517],
          [-122.32339, 34.07845],
          [-122.29672, 34.08296],
          [-122.29406, 34.08629],
          [-122.27548, 34.10956],
          [-122.2488, 34.11406],
          [-122.24615, 34.11738],
          [-122.22755, 34.14065],
          [-122.20086, 34.14514],
          [-122.19821, 34.14847],
          [-122.1796, 34.17172],
          [-122.17694, 34.17504],
          [-122.15832, 34.1983],
          [-122.13161, 34.20278],
          [-122.12895, 34.2061],
          [-122.11032, 34.22934],
          [-122.10766, 34.23267],
          [-122.08902, 34.25591],
          [-122.06229, 34.26038],
          [-122.05963, 34.2637],
          [-122.04097, 34.28693],
          [-122.01424, 34.29139],
          [-122.01157, 34.29471],
          [-121.9929, 34.31793],
          [-121.96616, 34.32239],
          [-121.96349, 34.3257],
          [-121.9448, 34.34892],
          [-121.94213, 34.35224],
          [-121.92344, 34.37545],
          [-121.89668, 34.37989],
          [-121.89401, 34.38321],
          [-121.8753, 34.40642],
          [-121.87262, 34.40973],
          [-121.8539, 34.43293],
          [-121.82713, 34.43736],
          [-121.82445, 34.44068],
          [-121.80572, 34.46387],
          [-121.80304, 34.46718],
          [-121.7843, 34.49037],
          [-121.78162, 34.49368],
          [-121.76286, 34.51687],
          [-121.76018, 34.52018],
          [-121.74142, 34.54336],
          [-121.71462, 34.54777],
          [-121.71194, 34.55108],
          [-121.69316, 34.57426],
          [-121.69047, 34.57757],
          [-121.67169, 34.60073],
          [-121.669, 34.60404],
          [-121.65021, 34.62721],
          [-121.62338, 34.6316],
          [-121.59655, 34.63599],
          [-121.56972, 34.64038],
          [-121.56703, 34.64368],
          [-121.54821, 34.66683],
          [-121.52136, 34.67121],
          [-121.49452, 34.67558],
          [-121.49183, 34.67889],
          [-121.47298, 34.70203],
          [-121.44613, 34.70639],
          [-121.44344, 34.7097],
          [-121.42458, 34.73283],
          [-121.39771, 34.73718],
          [-121.39502, 34.74049],
          [-121.37614, 34.76361],
          [-121.37345, 34.76691],
          [-121.35456, 34.79003],
          [-121.32768, 34.79438],
          [-121.32498, 34.79768],
          [-121.30608, 34.82079],
          [-121.30338, 34.82409],
          [-121.28448, 34.8472],
          [-121.28177, 34.8505],
          [-121.26286, 34.8736],
          [-121.26015, 34.8769],
          [-121.24123, 34.9],
          [-121.21432, 34.90432],
          [-121.21161, 34.90762],
          [-121.19267, 34.93071],
          [-121.18996, 34.93401],
          [-121.17101, 34.9571],
          [-121.1683, 34.96039],
          [-121.14934, 34.98347],
          [-121.12241, 34.98778],
          [-121.1197, 34.99108],
          [-121.10073, 35.01415],
          [-121.09801, 35.01745],
          [-121.07903, 35.04052],
          [-121.07632, 35.04381],
          [-121.05732, 35.06688],
          [-121.03037, 35.07117],
          [-121.02765, 35.07446],
          [-121.00864, 35.09752],
          [-121.00593, 35.10081],
          [-120.98691, 35.12386],
          [-120.98419, 35.12716],
          [-120.96517, 35.1502],
          [-120.93818, 35.15448],
          [-120.93547, 35.15777],
          [-120.91642, 35.18081],
          [-120.9137, 35.1841],
          [-120.89465, 35.20714],
          [-120.89193, 35.21043],
          [-120.87287, 35.23346],
          [-120.84586, 35.23772],
          [-120.84314, 35.24101],
          [-120.82406, 35.26403],
          [-120.82134, 35.26732],
          [-120.80225, 35.29034],
          [-120.79953, 35.29363],
          [-120.78043, 35.31664],
          [-120.7777, 35.31993],
          [-120.7586, 35.34294],
          [-120.75587, 35.34622],
          [-120.73676, 35.36923],
          [-120.73403, 35.37251],
          [-120.71491, 35.39551],
          [-120.68786, 35.39975],
          [-120.68513, 35.40303],
          [-120.66599, 35.42602],
          [-120.66325, 35.42931],
          [-120.64411, 35.45229],
          [-120.61704, 35.45651],
          [-120.6143, 35.4598],
          [-120.59514, 35.48278],
          [-120.59241, 35.48606],
          [-120.57324, 35.50903],
          [-120.54615, 35.51324],
          [-120.54341, 35.51652],
          [-120.52423, 35.53949],
          [-120.52148, 35.54277],
          [-120.50229, 35.56573],
          [-120.47519, 35.56993],
          [-120.47245, 35.57321],
          [-120.45324, 35.59616],
          [-120.45049, 35.59944],
          [-120.43127, 35.62239],
          [-120.42853, 35.62567],
          [-120.4093, 35.64861],
          [-120.40655, 35.65189],
          [-120.38731, 35.67483],
          [-120.38456, 35.67811],
          [-120.3897, 35.70015],
          [-120.37045, 35.72308],
          [-120.34331, 35.72725],
          [-120.34056, 35.73053],
          [-120.32129, 35.75345],
          [-120.31854, 35.75673],
          [-120.29927, 35.77965],
          [-120.29651, 35.78293],
          [-120.27723, 35.80584],
          [-120.27447, 35.80912],
          [-120.25518, 35.83203],
          [-120.22801, 35.83618],
          [-120.22525, 35.83945],
          [-120.20594, 35.86236],
          [-120.17875, 35.8665],
          [-120.17599, 35.86977],
          [-120.15667, 35.89267],
          [-120.12948, 35.8968],
          [-120.10228, 35.90093],
          [-120.09952, 35.9042],
          [-120.08017, 35.92708],
          [-120.05296, 35.9312],
          [-120.0502, 35.93447],
          [-120.03084, 35.95735],
          [-120.00362, 35.96146],
          [-120.00085, 35.96473],
          [-119.98148, 35.9876],
          [-119.97871, 35.99086],
          [-119.95932, 36.01373],
          [-119.93209, 36.01783],
          [-119.92932, 36.02109],
          [-119.90992, 36.04395],
          [-119.90715, 36.04721],
          [-119.88773, 36.07007],
          [-119.88496, 36.07333],
          [-119.86554, 36.09618],
          [-119.86277, 36.09944],
          [-119.86782, 36.12146],
          [-119.84839, 36.1443],
          [-119.84561, 36.14756],
          [-119.82617, 36.1704],
          [-119.82339, 36.17366],
          [-119.82844, 36.19568],
          [-119.80899, 36.21851],
          [-119.80621, 36.22177],
          [-119.81126, 36.24378],
          [-119.7918, 36.26661],
          [-119.78901, 36.26987],
          [-119.79406, 36.29188],
          [-119.77458, 36.3147],
          [-119.7718, 36.31796],
          [-119.77685, 36.33996],
          [-119.75736, 36.36277],
          [-119.75457, 36.36603],
          [-119.75962, 36.38804],
          [-119.76467, 36.41004],
          [-119.74516, 36.43284],
          [-119.74238, 36.4361],
          [-119.74742, 36.4581],
          [-119.75247, 36.48009],
          [-119.73295, 36.50289],
          [-119.73016, 36.50615],
          [-119.73521, 36.52814],
          [-119.74026, 36.55013],
          [-119.72073, 36.57292],
          [-119.71794, 36.57618],
          [-119.72299, 36.59816],
          [-119.72804, 36.62015],
          [-119.70849, 36.64293],
          [-119.70569, 36.64619],
          [-119.71074, 36.66817],
          [-119.71579, 36.69015],
          [-119.72085, 36.71213],
          [-119.7259, 36.7341],
          [-119.70633, 36.75687],
          [-119.70354, 36.76013],
          [-119.70859, 36.7821],
          [-119.71365, 36.80407],
          [-119.71871, 36.82604],
          [-119.69912, 36.8488],
          [-119.69632, 36.85205],
          [-119.70137, 36.87402],
          [-119.70643, 36.89598],
          [-119.7115, 36.91794],
          [-119.71656, 36.9399],
          [-119.72163, 36.96186],
          [-119.72669, 36.98381],
          [-119.73176, 37.00577],
          [-119.73684, 37.02772],
          [-119.74191, 37.04967],
          [-119.74699, 37.07161],
          [-119.75206, 37.09356],
          [-119.75714, 37.1155],
          [-119.76223, 37.13744],
          [-119.74259, 37.16018],
          [-119.73978, 37.16343],
          [-119.74486, 37.18537],
          [-119.74995, 37.2073],
          [-119.75503, 37.22923],
          [-119.76012, 37.25116],
          [-119.76521, 37.27309],
          [-119.7703, 37.29502],
          [-119.77539, 37.31694],
          [-119.78049, 37.33886],
          [-119.78559, 37.36078],
          [-119.79069, 37.3827],
          [-119.79579, 37.40462],
          [-119.80089, 37.42653],
          [-119.78121, 37.44925],
          [-119.7784, 37.4525],
          [-119.7835, 37.47441],
          [-119.7886, 37.49631],
          [-119.79371, 37.51822],
          [-119.79882, 37.54012],
          [-119.80393, 37.56203],
          [-119.80904, 37.58393],
          [-119.81416, 37.60582],
          [-119.81928, 37.62772],
          [-119.8244, 37.64961],
          [-119.82952, 37.6715],
          [-119.83464, 37.69339],
          [-119.83977, 37.71528],
          [-119.84489, 37.73716],
          [-119.82516, 37.75986],
          [-119.82407, 37.76285],
          [-119.82747, 37.78498],
          [-119.8326, 37.80686],
          [-119.83773, 37.82873],
          [-119.84286, 37.85061],
          [-119.848, 37.87248],
          [-119.85313, 37.89435],
          [-119.85827, 37.91622],
          [-119.86341, 37.93808],
          [-119.86856, 37.95995],
          [-119.8737, 37.98181],
          [-119.87885, 38.00367],
          [-119.85908, 38.02634],
          [-119.85625, 38.02958],
          [-119.8614, 38.05143],
          [-119.86655, 38.07329],
          [-119.8717, 38.09514],
          [-119.87685, 38.11698],
          [-119.882, 38.13883],
          [-119.88716, 38.16067],
          [-119.89232, 38.18252],
          [-119.89748, 38.20436],
          [-119.90264, 38.22619],
          [-119.90781, 38.24803],
          [-119.91297, 38.26986],
          [-119.91814, 38.29169],
          [-119.92331, 38.31352],
          [-119.92849, 38.33535],
          [-119.93366, 38.35717],
          [-119.93884, 38.37899],
          [-119.94402, 38.40081],
          [-119.92419, 38.42345],
          [-119.92136, 38.42669],
          [-119.92654, 38.4485],
          [-119.93172, 38.47031],
          [-119.9369, 38.49212],
          [-119.94208, 38.51393],
          [-119.94727, 38.53574],
          [-119.92741, 38.55837],
          [-119.92458, 38.5616],
          [-119.92976, 38.5834],
          [-119.93495, 38.6052],
          [-119.91508, 38.62782],
          [-119.91224, 38.63105],
          [-119.91743, 38.65285],
          [-119.89754, 38.67546],
          [-119.8947, 38.67869],
          [-119.87481, 38.7013],
          [-119.87197, 38.70453],
          [-119.85206, 38.72713],
          [-119.84922, 38.73036],
          [-119.8293, 38.75295],
          [-119.80137, 38.75699],
          [-119.79852, 38.76021],
          [-119.77859, 38.7828],
          [-119.75064, 38.78683],
          [-119.72269, 38.79085],
          [-119.69474, 38.79486],
          [-119.66678, 38.79887],
          [-119.63883, 38.80288],
          [-119.63597, 38.8061],
          [-119.616, 38.82867],
          [-119.58803, 38.83266],
          [-119.58518, 38.83589],
          [-119.56519, 38.85844],
          [-119.53721, 38.86243],
          [-119.50923, 38.86642],
          [-119.48125, 38.87039],
          [-119.45327, 38.87437],
          [-119.42529, 38.87834],
          [-119.3973, 38.88231],
          [-119.36931, 38.88627],
          [-119.34132, 38.89022],
          [-119.31238, 38.87462],
          [-119.30825, 38.87239],
          [-119.28026, 38.87633],
          [-119.25227, 38.88028],
          [-119.22335, 38.86465],
          [-119.21922, 38.86242],
          [-119.19123, 38.86635],
          [-119.16232, 38.85072],
          [-119.1582, 38.84849],
          [-119.13021, 38.85241],
          [-119.10131, 38.83677],
          [-119.09719, 38.83453],
          [-119.0692, 38.83844],
          [-119.04032, 38.82279],
          [-119.03619, 38.82055],
          [-119.00732, 38.80489],
          [-119.0032, 38.80265],
          [-118.97522, 38.80655],
          [-118.94723, 38.81044],
          [-118.91838, 38.79477],
          [-118.91426, 38.79253],
          [-118.88627, 38.79641],
          [-118.85829, 38.80029],
          [-118.8303, 38.80417],
          [-118.80231, 38.80804],
          [-118.79943, 38.81125],
          [-118.77928, 38.83372],
          [-118.75128, 38.83758],
          [-118.72328, 38.84144],
          [-118.69528, 38.84529],
          [-118.66727, 38.84914],
          [-118.63927, 38.85299],
          [-118.63638, 38.85619],
          [-118.61619, 38.87864],
          [-118.58817, 38.88247],
          [-118.56015, 38.8863],
          [-118.53213, 38.89013],
          [-118.50411, 38.89395],
          [-118.47608, 38.89777],
          [-118.44805, 38.90158],
          [-118.42002, 38.90539],
          [-118.41713, 38.90859],
          [-118.39688, 38.93101],
          [-118.36884, 38.93481],
          [-118.36595, 38.93801],
          [-118.34568, 38.96041],
          [-118.34278, 38.96361],
          [-118.3225, 38.98601],
          [-118.3196, 38.98921],
          [-118.29932, 39.0116],
          [-118.29642, 39.0148],
          [-118.30129, 39.03661],
          [-118.28099, 39.05899],
          [-118.27809, 39.06219],
          [-118.25777, 39.08457],
          [-118.25487, 39.08777],
          [-118.23455, 39.11014],
          [-118.20646, 39.11391],
          [-118.20355, 39.11711],
          [-118.18321, 39.13948],
          [-118.18031, 39.14267],
          [-118.15996, 39.16503],
          [-118.15705, 39.16823],
          [-118.1367, 39.19058],
          [-118.13379, 39.19378],
          [-118.11342, 39.21613],
          [-118.11051, 39.21932],
          [-118.09013, 39.24166],
          [-118.08722, 39.24486],
          [-118.06683, 39.2672],
          [-118.06392, 39.27039],
          [-118.04352, 39.29272],
          [-118.04061, 39.29591],
          [-118.0202, 39.31824],
          [-118.01728, 39.32143],
          [-117.99687, 39.34375],
          [-117.99395, 39.34694],
          [-117.97352, 39.36926],
          [-117.9706, 39.37245],
          [-117.95017, 39.39476],
          [-117.94724, 39.39795],
          [-117.9268, 39.42026],
          [-117.92388, 39.42344],
          [-117.90342, 39.44574],
          [-117.9005, 39.44893],
          [-117.88003, 39.47123],
          [-117.85183, 39.47493],
          [-117.8489, 39.47812],
          [-117.82842, 39.5004],
          [-117.80021, 39.5041],
          [-117.79728, 39.50728],
          [-117.77678, 39.52956],
          [-117.74856, 39.53325],
          [-117.74563, 39.53643],
          [-117.72511, 39.5587],
          [-117.69688, 39.56238],
          [-117.66865, 39.56606],
          [-117.66571, 39.56924],
          [-117.64517, 39.59149],
          [-117.61693, 39.59516],
          [-117.61399, 39.59834],
          [-117.59343, 39.62059],
          [-117.56518, 39.62424],
          [-117.53693, 39.6279],
          [-117.50867, 39.63155],
          [-117.50573, 39.63472],
          [-117.48514, 39.65695],
          [-117.45688, 39.66059],
          [-117.42861, 39.66423],
          [-117.42567, 39.6674],
          [-117.40506, 39.68962],
          [-117.37678, 39.69325],
          [-117.3485, 39.69687],
          [-117.32022, 39.70049],
          [-117.31727, 39.70366],
          [-117.29663, 39.72586],
          [-117.26834, 39.72947],
          [-117.24004, 39.73307],
          [-117.23709, 39.73624],
          [-117.21643, 39.75843],
          [-117.18812, 39.76203],
          [-117.18517, 39.76519],
          [-117.16449, 39.78737],
          [-117.13618, 39.79096],
          [-117.10786, 39.79454],
          [-117.1049, 39.79771],
          [-117.0842, 39.81987],
          [-117.05588, 39.82345],
          [-117.05292, 39.82661],
          [-117.03219, 39.84877],
          [-117.00386, 39.85233],
          [-116.97552, 39.85589],
          [-116.97256, 39.85906],
          [-116.95182, 39.8812],
          [-116.92347, 39.88475],
          [-116.89512, 39.8883],
          [-116.86677, 39.89184],
          [-116.83842, 39.89537],
          [-116.81007, 39.89891],
          [-116.78172, 39.90243],
          [-116.75336, 39.90596],
          [-116.725, 39.90947],
          [-116.69664, 39.91299],
          [-116.69367, 39.91615],
          [-116.67285, 39.93825],
          [-116.64448, 39.94176],
          [-116.61611, 39.94526],
          [-116.61313, 39.94841],
          [-116.59229, 39.9705],
          [-116.56391, 39.97399],
          [-116.56093, 39.97715],
          [-116.54007, 39.99923],
          [-116.51168, 40.00271],
          [-116.48329, 40.00619],
          [-116.45489, 40.00966],
          [-116.45191, 40.01282],
          [-116.43102, 40.03488],
          [-116.40262, 40.03835],
          [-116.37421, 40.04181],
          [-116.3458, 40.04526],
          [-116.34282, 40.04841],
          [-116.3219, 40.07046],
          [-116.29348, 40.07391],
          [-116.26506, 40.07735],
          [-116.23664, 40.08078],
          [-116.23365, 40.08393],
          [-116.2127, 40.10596],
          [-116.18427, 40.10939],
          [-116.15583, 40.11281],
          [-116.1274, 40.11623],
          [-116.09896, 40.11965],
          [-116.07052, 40.12306],
          [-116.06753, 40.1262],
          [-116.04653, 40.14821],
          [-116.01809, 40.15161],
          [-115.98963, 40.15501],
          [-115.98663, 40.15815],
          [-115.96562, 40.18014],
          [-115.93716, 40.18353],
          [-115.93415, 40.18667],
          [-115.91312, 40.20865],
          [-115.88465, 40.21203],
          [-115.85618, 40.21541],
          [-115.82771, 40.21877],
          [-115.79923, 40.22214],
          [-115.79622, 40.22528],
          [-115.77515, 40.24724],
          [-115.74667, 40.2506],
          [-115.74366, 40.25373],
          [-115.72257, 40.27569],
          [-115.69408, 40.27903],
          [-115.66558, 40.28238],
          [-115.66257, 40.28551],
          [-115.64146, 40.30745],
          [-115.61295, 40.31078],
          [-115.60993, 40.31392],
          [-115.58881, 40.33585],
          [-115.58579, 40.33898],
          [-115.56465, 40.36091],
          [-115.53613, 40.36423],
          [-115.53311, 40.36736],
          [-115.51195, 40.38928],
          [-115.50893, 40.39241],
          [-115.51328, 40.41414],
          [-115.49211, 40.43604],
          [-115.48909, 40.43917],
          [-115.46791, 40.46108],
          [-115.46488, 40.46421],
          [-115.46923, 40.48593],
          [-115.44803, 40.50782],
          [-115.44501, 40.51095],
          [-115.44935, 40.53267],
          [-115.42814, 40.55456],
          [-115.42511, 40.55768],
          [-115.4039, 40.57956],
          [-115.37531, 40.58285],
          [-115.37228, 40.58598],
          [-115.35104, 40.60785],
          [-115.34801, 40.61098],
          [-115.32676, 40.63284],
          [-115.29816, 40.63612],
          [-115.26955, 40.63939],
          [-115.24094, 40.64266],
          [-115.21215, 40.62652],
          [-115.20803, 40.62421],
          [-115.17943, 40.62747],
          [-115.15082, 40.63072],
          [-115.12221, 40.63397],
          [-115.09359, 40.63722],
          [-115.06498, 40.64046],
          [-115.03636, 40.64369],
          [-115.00775, 40.64692],
          [-115.0047, 40.65004],
          [-114.98338, 40.67186],
          [-114.95475, 40.67508],
          [-114.92612, 40.6783],
          [-114.92307, 40.68141],
          [-114.90172, 40.70322],
          [-114.87308, 40.70643],
          [-114.84444, 40.70963],
          [-114.8158, 40.71283],
          [-114.81275, 40.71595],
          [-114.79137, 40.73774],
          [-114.76272, 40.74093],
          [-114.73406, 40.74411],
          [-114.73101, 40.74722],
          [-114.7096, 40.769],
          [-114.70655, 40.77211],
          [-114.68513, 40.79388],
          [-114.65646, 40.79705],
          [-114.62779, 40.80022],
          [-114.62473, 40.80333],
          [-114.60329, 40.82509],
          [-114.57461, 40.82824],
          [-114.54592, 40.8314],
          [-114.51724, 40.83455],
          [-114.48855, 40.83769],
          [-114.48548, 40.8408],
          [-114.46401, 40.86253],
          [-114.43531, 40.86567],
          [-114.40661, 40.8688],
          [-114.40354, 40.8719],
          [-114.38205, 40.89363],
          [-114.35334, 40.89675],
          [-114.32463, 40.89986],
          [-114.32155, 40.90297],
          [-114.30003, 40.92468],
          [-114.27131, 40.92778],
          [-114.24259, 40.93089],
          [-114.21387, 40.93398],
          [-114.21079, 40.93708],
          [-114.18924, 40.95878],
          [-114.16051, 40.96187],
          [-114.15743, 40.96496],
          [-114.13586, 40.98665],
          [-114.10711, 40.98973],
          [-114.07837, 40.9928],
          [-114.04963, 40.99588],
          [-114.04654, 40.99897],
          [-114.02494, 41.02064],
          [-113.99619, 41.0237],
          [-113.96743, 41.02676],
          [-113.96434, 41.02985],
          [-113.94272, 41.0515],
          [-113.91395, 41.05455],
          [-113.88518, 41.05759],
          [-113.88209, 41.06069],
          [-113.86044, 41.08232],
          [-113.83167, 41.08536],
          [-113.80289, 41.08839],
          [-113.77411, 41.09142],
          [-113.74533, 41.09444],
          [-113.71654, 41.09745],
          [-113.68776, 41.10046],
          [-113.65897, 41.10347],
          [-113.63018, 41.10647],
          [-113.60139, 41.10947],
          [-113.5726, 41.11246],
          [-113.5695, 41.11555],
          [-113.54777, 41.13714],
          [-113.51897, 41.14013],
          [-113.51587, 41.14321],
          [-113.49412, 41.1648],
          [-113.46531, 41.16777],
          [-113.4365, 41.17074],
          [-113.43339, 41.17382],
          [-113.41162, 41.19539],
          [-113.3828, 41.19836],
          [-113.35398, 41.20131],
          [-113.35087, 41.20439],
          [-113.32907, 41.22595],
          [-113.30024, 41.2289],
          [-113.29713, 41.23198],
          [-113.27532, 41.25352],
          [-113.2722, 41.2566],
          [-113.25038, 41.27814],
          [-113.24726, 41.28122],
          [-113.22543, 41.30276],
          [-113.22232, 41.30583],
          [-113.20047, 41.32736],
          [-113.17161, 41.33029],
          [-113.14274, 41.33321],
          [-113.11387, 41.33613],
          [-113.085, 41.33904],
          [-113.08188, 41.34211],
          [-113.06, 41.36362],
          [-113.03112, 41.36652],
          [-113.00224, 41.36942],
          [-112.99911, 41.37249],
          [-112.97721, 41.39398],
          [-112.94832, 41.39687],
          [-112.94519, 41.39994],
          [-112.92327, 41.42143],
          [-112.89437, 41.42431],
          [-112.86547, 41.42718],
          [-112.83657, 41.43005],
          [-112.83343, 41.43312],
          [-112.81148, 41.45459],
          [-112.78257, 41.45745],
          [-112.77943, 41.46051],
          [-112.75747, 41.48197],
          [-112.75433, 41.48504],
          [-112.73235, 41.50649],
          [-112.72921, 41.50955],
          [-112.70722, 41.531],
          [-112.70408, 41.53406],
          [-112.68208, 41.5555],
          [-112.65313, 41.55834],
          [-112.64999, 41.5614],
          [-112.62797, 41.58283],
          [-112.59902, 41.58566],
          [-112.57006, 41.58849],
          [-112.56691, 41.59155],
          [-112.54487, 41.61297],
          [-112.51591, 41.61578],
          [-112.48694, 41.61859],
          [-112.45797, 41.6214],
          [-112.45482, 41.62446],
          [-112.43275, 41.64586],
          [-112.40377, 41.64865],
          [-112.37479, 41.65145],
          [-112.34581, 41.65423],
          [-112.34266, 41.65729],
          [-112.32055, 41.67867],
          [-112.29156, 41.68145],
          [-112.26257, 41.68422],
          [-112.25941, 41.68728],
          [-112.23729, 41.70864],
          [-112.20829, 41.71141],
          [-112.17928, 41.71417],
          [-112.15028, 41.71693],
          [-112.14712, 41.71998],
          [-112.12496, 41.74133],
          [-112.09594, 41.74407],
          [-112.06693, 41.74681],
          [-112.06376, 41.74986],
          [-112.04158, 41.7712],
          [-112.01256, 41.77393],
          [-112, 41.77511]
        ]
      }
    },
    {
      "type": "Feature",
      "id": "2026092312_f198_11000_001",
      "properties": {
        "product_id": "winter_storm_levels",
        "source_id": "nbm_snow_level",
        "parameter": "snow_level",
        "definition": "height of the wet-bulb 0.5 degree C surface",
        "level_ft_msl": 11000,
        "label": "11,000 ft MSL",
        "unit": "ft_msl",
        "cycle_time_utc": "2026-09-23T12:00:00Z",
        "valid_time_utc": "2026-10-01T18:00:00Z",
        "lead_hours": 198,
        "segment": 1,
        "length_m": 131894.3
      },
      "geometry": {
        "type": "LineString",
        "coordinates": [
          [-115.36254, 36.55102],
          [-115.35838, 36.52891],
          [-115.33383, 36.51436],
          [-115.3267, 36.51014],
          [-115.32255, 36.48802],
          [-115.29801, 36.47347],
          [-115.29089, 36.46924],
          [-115.26637, 36.45468],
          [-115.23886, 36.45801],
          [-115.21136, 36.46134],
          [-115.18386, 36.46466],
          [-115.15635, 36.46797],
          [-115.13822, 36.48768],
          [-115.13296, 36.49341],
          [-115.10544, 36.49671],
          [-115.0873, 36.51642],
          [-115.08203, 36.52213],
          [-115.06388, 36.54183],
          [-115.05861, 36.54755],
          [-115.04045, 36.56724],
          [-115.03517, 36.57296],
          [-115.01701, 36.59265],
          [-115.01173, 36.59837],
          [-114.99355, 36.61805],
          [-114.99765, 36.64016],
          [-115.00174, 36.66227],
          [-114.99646, 36.66799],
          [-114.97827, 36.68766],
          [-114.98237, 36.70977],
          [-114.98646, 36.73188],
          [-114.99056, 36.75398],
          [-114.98527, 36.75969],
          [-114.96706, 36.77936],
          [-114.97116, 36.80146],
          [-114.97525, 36.82356],
          [-114.99982, 36.83814],
          [-115.02743, 36.83485],
          [-115.03456, 36.83908],
          [-115.05915, 36.85365],
          [-115.08675, 36.85036],
          [-115.11436, 36.84706],
          [-115.14196, 36.84375],
          [-115.16957, 36.84045],
          [-115.18775, 36.82076],
          [-115.19303, 36.81504],
          [-115.22062, 36.81173],
          [-115.24821, 36.8084],
          [-115.26637, 36.78871],
          [-115.26222, 36.76661],
          [-115.26749, 36.76089],
          [-115.28564, 36.74119],
          [-115.29091, 36.73547],
          [-115.30905, 36.71576],
          [-115.30489, 36.69366],
          [-115.31016, 36.68794],
          [-115.32829, 36.66823],
          [-115.33355, 36.6625],
          [-115.35167, 36.64278],
          [-115.34751, 36.62068],
          [-115.34334, 36.59858],
          [-115.33918, 36.57647],
          [-115.34444, 36.57074],
          [-115.36254, 36.55102]
        ]
      }
    },
    {
      "type": "Feature",
      "id": "2026092312_f198_11000_002",
      "properties": {
        "product_id": "winter_storm_levels",
        "source_id": "nbm_snow_level",
        "parameter": "snow_level",
        "definition": "height of the wet-bulb 0.5 degree C surface",
        "level_ft_msl": 11000,
        "label": "11,000 ft MSL",
        "unit": "ft_msl",
        "cycle_time_utc": "2026-09-23T12:00:00Z",
        "valid_time_utc": "2026-10-01T18:00:00Z",
        "lead_hours": 198,
        "segment": 2,
        "length_m": 151970.2
      },
      "geometry": {
        "type": "LineString",
        "coordinates": [
          [-115.80891, 36.38294],
          [-115.80466, 36.36083],
          [-115.80041, 36.33872],
          [-115.79617, 36.3166],
          [-115.79193, 36.29448],
          [-115.76737, 36.27999],
          [-115.76024, 36.27578],
          [-115.75601, 36.25365],
          [-115.75178, 36.23153],
          [-115.74755, 36.2094],
          [-115.74332, 36.18727],
          [-115.71879, 36.17277],
          [-115.71168, 36.16855],
          [-115.70746, 36.14642],
          [-115.68295, 36.1319],
          [-115.67583, 36.12769],
          [-115.65133, 36.11317],
          [-115.64422, 36.10895],
          [-115.61973, 36.09443],
          [-115.59233, 36.09782],
          [-115.56492, 36.1012],
          [-115.53752, 36.10459],
          [-115.53041, 36.10037],
          [-115.50594, 36.08582],
          [-115.47854, 36.08919],
          [-115.46053, 36.10897],
          [-115.4647, 36.13111],
          [-115.45947, 36.13685],
          [-115.44145, 36.15661],
          [-115.44561, 36.17875],
          [-115.44038, 36.18449],
          [-115.42235, 36.20425],
          [-115.42652, 36.22639],
          [-115.42128, 36.23212],
          [-115.40324, 36.25188],
          [-115.4074, 36.27401],
          [-115.41156, 36.29614],
          [-115.40632, 36.30188],
          [-115.38827, 36.32163],
          [-115.39243, 36.34375],
          [-115.38719, 36.34948],
          [-115.36912, 36.36923],
          [-115.37328, 36.39135],
          [-115.37744, 36.41347],
          [-115.37219, 36.4192],
          [-115.35411, 36.43894],
          [-115.35827, 36.46106],
          [-115.36243, 36.48317],
          [-115.38698, 36.49772],
          [-115.41449, 36.49436],
          [-115.44199, 36.49101],
          [-115.44912, 36.49523],
          [-115.47368, 36.50976],
          [-115.50119, 36.50639],
          [-115.50832, 36.51061],
          [-115.53289, 36.52513],
          [-115.5604, 36.52175],
          [-115.58791, 36.51837],
          [-115.61542, 36.51498],
          [-115.64292, 36.51159],
          [-115.67042, 36.5082],
          [-115.69792, 36.5048],
          [-115.71595, 36.48503],
          [-115.72119, 36.47929],
          [-115.74868, 36.47588],
          [-115.7667, 36.45611],
          [-115.77192, 36.45037],
          [-115.78993, 36.43058],
          [-115.78569, 36.40847],
          [-115.79091, 36.40273],
          [-115.80891, 36.38294]
        ]
      }
    },
    {
      "type": "Feature",
      "id": "2026092312_f198_11000_003",
      "properties": {
        "product_id": "winter_storm_levels",
        "source_id": "nbm_snow_level",
        "parameter": "snow_level",
        "definition": "height of the wet-bulb 0.5 degree C surface",
        "level_ft_msl": 11000,
        "label": "11,000 ft MSL",
        "unit": "ft_msl",
        "cycle_time_utc": "2026-09-23T12:00:00Z",
        "valid_time_utc": "2026-10-01T18:00:00Z",
        "lead_hours": 198,
        "segment": 3,
        "length_m": 118532.7
      },
      "geometry": {
        "type": "LineString",
        "coordinates": [
          [-118.5331, 36.47475],
          [-118.5283, 36.45272],
          [-118.5235, 36.43069],
          [-118.5187, 36.40865],
          [-118.5139, 36.38661],
          [-118.50911, 36.36457],
          [-118.48418, 36.35048],
          [-118.47695, 36.34639],
          [-118.47216, 36.32434],
          [-118.44725, 36.31024],
          [-118.41989, 36.31409],
          [-118.41266, 36.31],
          [-118.38776, 36.29589],
          [-118.38053, 36.29179],
          [-118.35564, 36.27768],
          [-118.34841, 36.27358],
          [-118.32353, 36.25946],
          [-118.29618, 36.26329],
          [-118.28895, 36.25919],
          [-118.26408, 36.24506],
          [-118.23673, 36.24888],
          [-118.2192, 36.26893],
          [-118.21411, 36.27475],
          [-118.19657, 36.2948],
          [-118.19147, 36.30062],
          [-118.17393, 36.32066],
          [-118.16883, 36.32648],
          [-118.15127, 36.34652],
          [-118.156, 36.36857],
          [-118.16072, 36.39062],
          [-118.16545, 36.41267],
          [-118.17017, 36.43472],
          [-118.1749, 36.45676],
          [-118.19981, 36.47089],
          [-118.20705, 36.47499],
          [-118.21179, 36.49703],
          [-118.23671, 36.51116],
          [-118.24395, 36.51526],
          [-118.24869, 36.53729],
          [-118.25344, 36.55933],
          [-118.27839, 36.57344],
          [-118.28563, 36.57754],
          [-118.31058, 36.59165],
          [-118.31783, 36.59574],
          [-118.34279, 36.60985],
          [-118.37023, 36.60602],
          [-118.39766, 36.60218],
          [-118.4251, 36.59834],
          [-118.45253, 36.59449],
          [-118.47007, 36.57444],
          [-118.47516, 36.56862],
          [-118.49269, 36.54856],
          [-118.49778, 36.54274],
          [-118.51531, 36.52267],
          [-118.5105, 36.50065],
          [-118.51559, 36.49482],
          [-118.5331, 36.47475]
        ]
      }
    },
    {
      "type": "Feature",
      "id": "2026092312_f198_11000_004",
      "properties": {
        "product_id": "winter_storm_levels",
        "source_id": "nbm_snow_level",
        "parameter": "snow_level",
        "definition": "height of the wet-bulb 0.5 degree C surface",
        "level_ft_msl": 11000,
        "label": "11,000 ft MSL",
        "unit": "ft_msl",
        "cycle_time_utc": "2026-09-23T12:00:00Z",
        "valid_time_utc": "2026-10-01T18:00:00Z",
        "lead_hours": 198,
        "segment": 4,
        "length_m": 1746078.8
      },
      "geometry": {
        "type": "LineString",
        "coordinates": [
          [-122.64884, 30.2499],
          [-122.62458, 30.25423],
          [-122.61998, 30.26028],
          [-122.60412, 30.2811],
          [-122.59952, 30.28715],
          [-122.58365, 30.30797],
          [-122.57904, 30.31402],
          [-122.56317, 30.33484],
          [-122.55856, 30.34088],
          [-122.54268, 30.3617],
          [-122.53807, 30.36774],
          [-122.52219, 30.38855],
          [-122.49637, 30.39313],
          [-122.49175, 30.39917],
          [-122.47585, 30.41998],
          [-122.45003, 30.42456],
          [-122.4242, 30.42913],
          [-122.39837, 30.43369],
          [-122.39375, 30.43973],
          [-122.37782, 30.46053],
          [-122.35198, 30.46508],
          [-122.32614, 30.46964],
          [-122.3003, 30.47419],
          [-122.27445, 30.47873],
          [-122.26982, 30.48476],
          [-122.2751, 30.50704],
          [-122.25914, 30.52782],
          [-122.23328, 30.53236],
          [-122.20742, 30.53689],
          [-122.18156, 30.54142],
          [-122.15745, 30.52766],
          [-122.15045, 30.52367],
          [-122.12458, 30.52819],
          [-122.09872, 30.5327],
          [-122.07285, 30.53721],
          [-122.06821, 30.54324],
          [-122.05222, 30.564],
          [-122.04757, 30.57003],
          [-122.03157, 30.59078],
          [-122.00569, 30.59528],
          [-122.00104, 30.60131],
          [-121.98503, 30.62206],
          [-121.95914, 30.62655],
          [-121.95448, 30.63257],
          [-121.93846, 30.65332],
          [-121.9338, 30.65934],
          [-121.91777, 30.68008],
          [-121.91311, 30.6861],
          [-121.89707, 30.70684],
          [-121.89241, 30.71286],
          [-121.87636, 30.7336],
          [-121.85044, 30.73807],
          [-121.84578, 30.74409],
          [-121.82972, 30.76482],
          [-121.82506, 30.77083],
          [-121.80899, 30.79156],
          [-121.80432, 30.79758],
          [-121.78825, 30.8183],
          [-121.78358, 30.82432],
          [-121.76749, 30.84504],
          [-121.76282, 30.85105],
          [-121.76801, 30.87333],
          [-121.75192, 30.89404],
          [-121.72596, 30.8985],
          [-121.72129, 30.90451],
          [-121.70518, 30.92522],
          [-121.7005, 30.93123],
          [-121.68439, 30.95194],
          [-121.67971, 30.95795],
          [-121.68489, 30.98023],
          [-121.66877, 31.00093],
          [-121.66409, 31.00694],
          [-121.66927, 31.02921],
          [-121.67445, 31.05149],
          [-121.65831, 31.07219],
          [-121.65363, 31.07819],
          [-121.65881, 31.10047],
          [-121.66399, 31.12274],
          [-121.66917, 31.145],
          [-121.67436, 31.16727],
          [-121.65821, 31.18797],
          [-121.65352, 31.19397],
          [-121.63736, 31.21467],
          [-121.63267, 31.22067],
          [-121.63785, 31.24294],
          [-121.62168, 31.26363],
          [-121.61699, 31.26963],
          [-121.60081, 31.29032],
          [-121.59612, 31.29632],
          [-121.6013, 31.31859],
          [-121.58511, 31.33927],
          [-121.58041, 31.34527],
          [-121.56422, 31.36595],
          [-121.55952, 31.37195],
          [-121.56469, 31.39422],
          [-121.54849, 31.41489],
          [-121.54378, 31.42089],
          [-121.54896, 31.44315],
          [-121.55414, 31.46541],
          [-121.55931, 31.48767],
          [-121.56449, 31.50992],
          [-121.54828, 31.53059],
          [-121.54357, 31.53659],
          [-121.54875, 31.55885],
          [-121.55393, 31.5811],
          [-121.55911, 31.60335],
          [-121.5643, 31.6256],
          [-121.56948, 31.64785],
          [-121.57467, 31.6701],
          [-121.57987, 31.69235],
          [-121.58506, 31.71459],
          [-121.59026, 31.73684],
          [-121.59545, 31.75908],
          [-121.60065, 31.78132],
          [-121.60585, 31.80356],
          [-121.5896, 31.82422],
          [-121.58488, 31.83022],
          [-121.56862, 31.85088],
          [-121.5639, 31.85688],
          [-121.5691, 31.87912],
          [-121.5743, 31.90135],
          [-121.55803, 31.92201],
          [-121.5533, 31.928],
          [-121.53702, 31.94865],
          [-121.5323, 31.95465],
          [-121.51601, 31.9753],
          [-121.51128, 31.98129],
          [-121.51647, 32.00352],
          [-121.50018, 32.02417],
          [-121.49544, 32.03016],
          [-121.50064, 32.05239],
          [-121.48433, 32.07303],
          [-121.4796, 32.07902],
          [-121.46328, 32.09966],
          [-121.45854, 32.10565],
          [-121.44222, 32.12628],
          [-121.43748, 32.13227],
          [-121.42115, 32.1529],
          [-121.41641, 32.15889],
          [-121.4216, 32.18112],
          [-121.40526, 32.20174],
          [-121.40051, 32.20773],
          [-121.38417, 32.22835],
          [-121.37942, 32.23434],
          [-121.36307, 32.25496],
          [-121.35832, 32.26094],
          [-121.34196, 32.28156],
          [-121.3372, 32.28754],
          [-121.32084, 32.30816],
          [-121.31608, 32.31414],
          [-121.29971, 32.33475],
          [-121.29495, 32.34073],
          [-121.27857, 32.36134],
          [-121.27381, 32.36732],
          [-121.25742, 32.38792],
          [-121.2311, 32.39228],
          [-121.22634, 32.39826],
          [-121.20993, 32.41885],
          [-121.20517, 32.42483],
          [-121.18876, 32.44542],
          [-121.18399, 32.4514],
          [-121.16757, 32.47199],
          [-121.1628, 32.47796],
          [-121.14637, 32.49855],
          [-121.1416, 32.50453],
          [-121.12517, 32.52511],
          [-121.09881, 32.52944],
          [-121.09404, 32.53541],
          [-121.07759, 32.55599],
          [-121.05123, 32.56031],
          [-121.04645, 32.56629],
          [-121.02999, 32.58685],
          [-121.02521, 32.59283],
          [-121.00874, 32.61339],
          [-121.00396, 32.61936],
          [-120.98748, 32.63992],
          [-120.9611, 32.64423],
          [-120.95631, 32.6502],
          [-120.93982, 32.67076],
          [-120.93503, 32.67672],
          [-120.91853, 32.69727],
          [-120.91374, 32.70324],
          [-120.89724, 32.72379],
          [-120.87083, 32.72808],
          [-120.86604, 32.73405],
          [-120.84952, 32.75459],
          [-120.8231, 32.75887],
          [-120.8183, 32.76484],
          [-120.80177, 32.78537],
          [-120.79697, 32.79133],
          [-120.78043, 32.81187],
          [-120.754, 32.81614],
          [-120.7492, 32.8221],
          [-120.73264, 32.84262],
          [-120.72784, 32.84858],
          [-120.71128, 32.8691],
          [-120.68483, 32.87337],
          [-120.68002, 32.87932],
          [-120.66345, 32.89984],
          [-120.63699, 32.90409],
          [-120.63217, 32.91005],
          [-120.61559, 32.93056],
          [-120.58912, 32.9348],
          [-120.5843, 32.94075],
          [-120.5677, 32.96126],
          [-120.54123, 32.96549],
          [-120.53641, 32.97144],
          [-120.51979, 32.99194],
          [-120.49331, 32.99617],
          [-120.48848, 33.00212],
          [-120.47186, 33.02261],
          [-120.44537, 33.02683],
          [-120.41887, 33.03105],
          [-120.41404, 33.03699],
          [-120.3974, 33.05747],
          [-120.37089, 33.06168],
          [-120.36606, 33.06762],
          [-120.3494, 33.0881],
          [-120.32289, 33.0923],
          [-120.31805, 33.09824],
          [-120.30138, 33.11871],
          [-120.27486, 33.1229],
          [-120.27001, 33.12884],
          [-120.25333, 33.1493],
          [-120.2268, 33.15348],
          [-120.22195, 33.15942],
          [-120.20526, 33.17988],
          [-120.17872, 33.18405],
          [-120.17387, 33.18999],
          [-120.15716, 33.21044],
          [-120.13061, 33.2146],
          [-120.12575, 33.22054],
          [-120.10903, 33.24098],
          [-120.08247, 33.24514],
          [-120.07762, 33.25107],
          [-120.06088, 33.2715],
          [-120.03431, 33.27566],
          [-120.02945, 33.28159],
          [-120.0127, 33.30201],
          [-119.98613, 33.30616],
          [-119.95955, 33.31029],
          [-119.95468, 33.31622],
          [-119.93792, 33.33664],
          [-119.93305, 33.34257],
          [-119.91627, 33.36298],
          [-119.88968, 33.36711],
          [-119.86308, 33.37123],
          [-119.85821, 33.37715],
          [-119.84141, 33.39756],
          [-119.81481, 33.40167],
          [-119.7882, 33.40578],
          [-119.78332, 33.4117],
          [-119.76651, 33.4321],
          [-119.73989, 33.4362],
          [-119.71328, 33.4403],
          [-119.70839, 33.44621],
          [-119.69156, 33.4666],
          [-119.66493, 33.47069],
          [-119.66005, 33.4766],
          [-119.6432, 33.49698],
          [-119.63831, 33.5029],
          [-119.62146, 33.52327],
          [-119.59482, 33.52735],
          [-119.58992, 33.53326],
          [-119.57305, 33.55363],
          [-119.56816, 33.55954],
          [-119.55128, 33.57991],
          [-119.52463, 33.58397],
          [-119.51972, 33.58988],
          [-119.50284, 33.61024],
          [-119.47617, 33.6143],
          [-119.47127, 33.6202],
          [-119.45437, 33.64056],
          [-119.44946, 33.64646],
          [-119.43255, 33.66681],
          [-119.42764, 33.67272],
          [-119.4325, 33.69492],
          [-119.41558, 33.71527],
          [-119.41067, 33.72117],
          [-119.39374, 33.74151],
          [-119.36704, 33.74555],
          [-119.36213, 33.75145],
          [-119.36698, 33.77365],
          [-119.35004, 33.79398],
          [-119.34512, 33.79989],
          [-119.34997, 33.82209],
          [-119.33301, 33.84241],
          [-119.32809, 33.84831],
          [-119.31113, 33.86864],
          [-119.30621, 33.87454],
          [-119.31105, 33.89673],
          [-119.29408, 33.91705],
          [-119.28915, 33.92295],
          [-119.294, 33.94514],
          [-119.27702, 33.96546],
          [-119.27209, 33.97135],
          [-119.2551, 33.99166],
          [-119.25017, 33.99756],
          [-119.23317, 34.01787],
          [-119.2064, 34.02187],
          [-119.17962, 34.02588],
          [-119.15284, 34.02987],
          [-119.12607, 34.03387],
          [-119.09928, 34.03786],
          [-119.09434, 34.04375],
          [-119.07731, 34.06403],
          [-119.07236, 34.06992],
          [-119.05532, 34.09021],
          [-119.05038, 34.0961],
          [-119.03333, 34.11638],
          [-119.02838, 34.12226],
          [-119.01132, 34.14254],
          [-119.00637, 34.14842],
          [-118.98931, 34.1687],
          [-118.98435, 34.17458],
          [-118.96728, 34.19485],
          [-118.96232, 34.20073],
          [-118.94524, 34.221],
          [-118.91841, 34.22496],
          [-118.91345, 34.23084],
          [-118.89636, 34.25109],
          [-118.89139, 34.25697],
          [-118.87429, 34.27723],
          [-118.84744, 34.28117],
          [-118.84248, 34.28705],
          [-118.82536, 34.3073],
          [-118.7985, 34.31124],
          [-118.77165, 34.31517],
          [-118.76667, 34.32104],
          [-118.74954, 34.34128],
          [-118.72267, 34.3452],
          [-118.7177, 34.35108],
          [-118.70055, 34.37131],
          [-118.67367, 34.37522],
          [-118.66869, 34.3811],
          [-118.65153, 34.40132],
          [-118.62465, 34.40523],
          [-118.61966, 34.4111],
          [-118.60249, 34.43131],
          [-118.57559, 34.43521],
          [-118.5487, 34.4391],
          [-118.54371, 34.44497],
          [-118.52651, 34.46518],
          [-118.49961, 34.46906],
          [-118.49461, 34.47493],
          [-118.47558, 34.48653],
          [-118.45049, 34.499],
          [-118.42358, 34.50288],
          [-118.41858, 34.50874],
          [-118.40135, 34.52893],
          [-118.37443, 34.53279],
          [-118.3475, 34.53665],
          [-118.3425, 34.54251],
          [-118.32525, 34.56269],
          [-118.29832, 34.56654],
          [-118.27138, 34.57039],
          [-118.24444, 34.57423],
          [-118.23943, 34.58009],
          [-118.22216, 34.60026],
          [-118.19521, 34.60409],
          [-118.1902, 34.60994],
          [-118.17291, 34.6301],
          [-118.14596, 34.63393],
          [-118.119, 34.63775],
          [-118.11398, 34.6436],
          [-118.09668, 34.66375],
          [-118.06971, 34.66756],
          [-118.06468, 34.67341],
          [-118.04737, 34.69355],
          [-118.02039, 34.69736],
          [-118.01536, 34.7032],
          [-117.99803, 34.72334],
          [-117.97105, 34.72713],
          [-117.96601, 34.73298],
          [-117.94867, 34.75311],
          [-117.92168, 34.75689],
          [-117.91664, 34.76274],
          [-117.89929, 34.78286],
          [-117.89425, 34.7887],
          [-117.87688, 34.80881],
          [-117.84987, 34.81259],
          [-117.84483, 34.81843],
          [-117.82745, 34.83854],
          [-117.82241, 34.84437],
          [-117.80502, 34.86448],
          [-117.79997, 34.87032],
          [-117.78258, 34.89042],
          [-117.77753, 34.89625],
          [-117.76013, 34.91635],
          [-117.73309, 34.92011],
          [-117.72803, 34.92594],
          [-117.71062, 34.94603],
          [-117.68357, 34.94978],
          [-117.67851, 34.95561],
          [-117.66108, 34.97569],
          [-117.63402, 34.97943],
          [-117.62896, 34.98526],
          [-117.61152, 35.00533],
          [-117.60645, 35.01116],
          [-117.61101, 35.03333],
          [-117.59356, 35.0534],
          [-117.58849, 35.05923],
          [-117.57103, 35.07929],
          [-117.56596, 35.08512],
          [-117.54849, 35.10518],
          [-117.5214, 35.1089],
          [-117.51632, 35.11472],
          [-117.49884, 35.13478],
          [-117.47174, 35.13849],
          [-117.44463, 35.14219],
          [-117.43955, 35.14801],
          [-117.42205, 35.16806],
          [-117.39494, 35.17176],
          [-117.36782, 35.17545],
          [-117.3407, 35.17914],
          [-117.31359, 35.18282],
          [-117.28647, 35.1865],
          [-117.25934, 35.19018],
          [-117.25425, 35.19599],
          [-117.23671, 35.21601],
          [-117.20958, 35.21968],
          [-117.18508, 35.20534],
          [-117.17797, 35.20117],
          [-117.15084, 35.20483],
          [-117.1237, 35.20848],
          [-117.09922, 35.19413],
          [-117.09211, 35.18996],
          [-117.06498, 35.1936],
          [-117.03785, 35.19724],
          [-117.01072, 35.20087],
          [-116.98358, 35.2045],
          [-116.95644, 35.20813],
          [-116.93198, 35.19375],
          [-116.92488, 35.18958],
          [-116.89774, 35.19319],
          [-116.87329, 35.1788],
          [-116.86619, 35.17462],
          [-116.83906, 35.17823],
          [-116.81462, 35.16383],
          [-116.81021, 35.14165],
          [-116.80312, 35.13747],
          [-116.77599, 35.14107],
          [-116.75157, 35.12666],
          [-116.74448, 35.12247],
          [-116.72006, 35.10806],
          [-116.71297, 35.10388],
          [-116.68856, 35.08946],
          [-116.68147, 35.08527],
          [-116.65707, 35.07084],
          [-116.64999, 35.06666],
          [-116.62288, 35.07023],
          [-116.59576, 35.07379],
          [-116.57137, 35.05936],
          [-116.56429, 35.05516],
          [-116.53718, 35.05872],
          [-116.51006, 35.06228],
          [-116.48295, 35.06582],
          [-116.45583, 35.06937],
          [-116.42871, 35.07291],
          [-116.40158, 35.07645],
          [-116.37446, 35.07998],
          [-116.34733, 35.0835],
          [-116.32021, 35.08703],
          [-116.29308, 35.09054],
          [-116.26595, 35.09406],
          [-116.2416, 35.07957],
          [-116.23453, 35.07536],
          [-116.2074, 35.07887],
          [-116.18027, 35.08237],
          [-116.15314, 35.08586],
          [-116.126, 35.08935],
          [-116.10167, 35.07485],
          [-116.09461, 35.07063],
          [-116.06748, 35.07412],
          [-116.06233, 35.07989],
          [-116.04459, 35.0998],
          [-116.03944, 35.10558],
          [-116.02169, 35.12547],
          [-116.01654, 35.13125],
          [-115.99878, 35.15115],
          [-115.99362, 35.15692],
          [-115.97586, 35.17681],
          [-115.9487, 35.18027],
          [-115.92154, 35.18373],
          [-115.91637, 35.1895],
          [-115.89859, 35.20938],
          [-115.89343, 35.21515],
          [-115.89765, 35.23735],
          [-115.90187, 35.25955],
          [-115.88408, 35.27942],
          [-115.87891, 35.28519],
          [-115.88313, 35.30739],
          [-115.86532, 35.32726],
          [-115.86015, 35.33303],
          [-115.84233, 35.35289],
          [-115.83716, 35.35866],
          [-115.84138, 35.38085],
          [-115.82355, 35.40071],
          [-115.81837, 35.40647],
          [-115.80054, 35.42633],
          [-115.79536, 35.43209],
          [-115.79957, 35.45428],
          [-115.78172, 35.47413],
          [-115.77654, 35.47989],
          [-115.75869, 35.49974],
          [-115.7535, 35.5055],
          [-115.73564, 35.52534],
          [-115.73045, 35.5311],
          [-115.71258, 35.55094],
          [-115.68532, 35.55435],
          [-115.68013, 35.56011],
          [-115.66224, 35.57994],
          [-115.65705, 35.5857],
          [-115.63915, 35.60552],
          [-115.63396, 35.61128],
          [-115.61606, 35.6311],
          [-115.58877, 35.6345],
          [-115.58357, 35.64025],
          [-115.56566, 35.66006],
          [-115.56045, 35.66582],
          [-115.54253, 35.68563],
          [-115.53732, 35.69138],
          [-115.51939, 35.71118],
          [-115.51419, 35.71693],
          [-115.49625, 35.73674],
          [-115.49104, 35.74248],
          [-115.47309, 35.76228],
          [-115.46787, 35.76803],
          [-115.44992, 35.78782],
          [-115.42259, 35.79119],
          [-115.39526, 35.79455],
          [-115.36792, 35.79791],
          [-115.34059, 35.80126],
          [-115.31325, 35.80461],
          [-115.28592, 35.80796],
          [-115.26154, 35.79336],
          [-115.25446, 35.78913],
          [-115.22713, 35.79246],
          [-115.19979, 35.79579],
          [-115.17245, 35.79912],
          [-115.16722, 35.80486],
          [-115.1492, 35.82461],
          [-115.12186, 35.82793],
          [-115.09451, 35.83124],
          [-115.06716, 35.83455],
          [-115.03981, 35.83786],
          [-115.03457, 35.84359],
          [-115.01652, 35.86333],
          [-114.98916, 35.86663],
          [-114.9618, 35.86992],
          [-114.95655, 35.87565],
          [-114.93849, 35.89538],
          [-114.91111, 35.89866],
          [-114.88374, 35.90194],
          [-114.87849, 35.90766],
          [-114.86041, 35.92738],
          [-114.83302, 35.93065],
          [-114.82777, 35.93638],
          [-114.80967, 35.95609],
          [-114.80441, 35.96181],
          [-114.80845, 35.98398],
          [-114.79033, 36.00369],
          [-114.78507, 36.00941],
          [-114.76696, 36.02911],
          [-114.76169, 36.03483],
          [-114.76572, 36.057],
          [-114.76974, 36.07916],
          [-114.75161, 36.09886],
          [-114.72418, 36.10211],
          [-114.71892, 36.10782],
          [-114.70077, 36.12751],
          [-114.6955, 36.13323],
          [-114.67734, 36.15291],
          [-114.67207, 36.15863],
          [-114.67608, 36.18078],
          [-114.68009, 36.20294],
          [-114.66192, 36.22262],
          [-114.65665, 36.22833],
          [-114.63847, 36.248],
          [-114.63319, 36.25371],
          [-114.6372, 36.27587],
          [-114.61901, 36.29553],
          [-114.61372, 36.30124],
          [-114.61773, 36.32339],
          [-114.62173, 36.34554],
          [-114.60353, 36.3652],
          [-114.57603, 36.36842],
          [-114.54853, 36.37164],
          [-114.54324, 36.37734],
          [-114.52502, 36.39699],
          [-114.51972, 36.4027],
          [-114.50149, 36.42234],
          [-114.4962, 36.42805],
          [-114.50018, 36.45019],
          [-114.50417, 36.47232],
          [-114.50816, 36.49446],
          [-114.51525, 36.49872],
          [-114.53969, 36.51338],
          [-114.54368, 36.53551],
          [-114.54768, 36.55764],
          [-114.52943, 36.57728],
          [-114.52413, 36.58298],
          [-114.52813, 36.60511],
          [-114.50986, 36.62474],
          [-114.48229, 36.62794],
          [-114.45472, 36.63114],
          [-114.44942, 36.63684],
          [-114.4534, 36.65896],
          [-114.43511, 36.67858],
          [-114.4298, 36.68428],
          [-114.43378, 36.7064],
          [-114.43777, 36.72852],
          [-114.44175, 36.75063],
          [-114.44574, 36.77275],
          [-114.45285, 36.777],
          [-114.47734, 36.79166],
          [-114.48445, 36.79592],
          [-114.50895, 36.81057],
          [-114.49064, 36.83019],
          [-114.48533, 36.83588],
          [-114.46702, 36.85549],
          [-114.4617, 36.86118],
          [-114.44338, 36.88079],
          [-114.41574, 36.88398],
          [-114.41042, 36.88967],
          [-114.39209, 36.90927],
          [-114.38676, 36.91496],
          [-114.39075, 36.93706],
          [-114.39473, 36.95916],
          [-114.39871, 36.98125],
          [-114.4027, 37.00335],
          [-114.40669, 37.02544],
          [-114.38833, 37.04503],
          [-114.383, 37.05071],
          [-114.36463, 37.0703],
          [-114.3593, 37.07598],
          [-114.36328, 37.09807],
          [-114.3449, 37.11765],
          [-114.33956, 37.12333],
          [-114.34354, 37.14541],
          [-114.32515, 37.16499],
          [-114.31981, 37.17067],
          [-114.32379, 37.19275],
          [-114.32777, 37.21483],
          [-114.33175, 37.2369],
          [-114.31334, 37.25646],
          [-114.308, 37.26214],
          [-114.31197, 37.28422],
          [-114.31595, 37.30629],
          [-114.29753, 37.32584],
          [-114.29218, 37.33152],
          [-114.29616, 37.35359],
          [-114.30014, 37.37565],
          [-114.2817, 37.3952],
          [-114.27635, 37.40087],
          [-114.28032, 37.42294],
          [-114.26187, 37.44248],
          [-114.25652, 37.44815],
          [-114.26366, 37.4524],
          [-114.28828, 37.46705],
          [-114.26983, 37.48659],
          [-114.26447, 37.49226],
          [-114.26844, 37.51432],
          [-114.24998, 37.53385],
          [-114.24461, 37.53952],
          [-114.24859, 37.56157],
          [-114.25257, 37.58362],
          [-114.25654, 37.60566],
          [-114.26052, 37.62771],
          [-114.26451, 37.64975],
          [-114.26849, 37.67179],
          [-114.27247, 37.69382],
          [-114.25398, 37.71334],
          [-114.24861, 37.71901],
          [-114.25259, 37.74104],
          [-114.25657, 37.76307],
          [-114.23806, 37.78258],
          [-114.23269, 37.78825],
          [-114.23667, 37.81028],
          [-114.24384, 37.81452],
          [-114.26853, 37.82915],
          [-114.25001, 37.84866],
          [-114.24464, 37.85432],
          [-114.24862, 37.87634],
          [-114.25261, 37.89836],
          [-114.23407, 37.91786],
          [-114.22869, 37.92352],
          [-114.23268, 37.94554],
          [-114.23667, 37.96755],
          [-114.21812, 37.98704],
          [-114.21273, 37.9927],
          [-114.21671, 38.01471],
          [-114.2207, 38.03672],
          [-114.20214, 38.0562],
          [-114.19674, 38.06186],
          [-114.20073, 38.08386],
          [-114.20471, 38.10586],
          [-114.2087, 38.12786],
          [-114.19012, 38.14734],
          [-114.18472, 38.15299],
          [-114.18871, 38.17498],
          [-114.17011, 38.19445],
          [-114.16471, 38.20011],
          [-114.14611, 38.21957],
          [-114.14071, 38.22522],
          [-114.12209, 38.24468],
          [-114.11669, 38.25033],
          [-114.09807, 38.26979],
          [-114.07006, 38.27291],
          [-114.06465, 38.27855],
          [-114.04602, 38.298],
          [-114.04061, 38.30365],
          [-114.02196, 38.32309],
          [-113.99394, 38.32619],
          [-113.96592, 38.32929],
          [-113.9379, 38.33239],
          [-113.90987, 38.33547],
          [-113.88184, 38.33856],
          [-113.85381, 38.34164],
          [-113.82578, 38.34471],
          [-113.79775, 38.34778],
          [-113.76972, 38.35085],
          [-113.74168, 38.35391],
          [-113.71365, 38.35697],
          [-113.68561, 38.36002],
          [-113.66087, 38.34534],
          [-113.65369, 38.34108],
          [-113.62895, 38.32639],
          [-113.62178, 38.32213],
          [-113.59705, 38.30744],
          [-113.59318, 38.28545],
          [-113.58932, 38.26345],
          [-113.58545, 38.24145],
          [-113.58159, 38.21945],
          [-113.57773, 38.19745],
          [-113.57387, 38.17544],
          [-113.59257, 38.15603],
          [-113.598, 38.1504],
          [-113.61669, 38.13098],
          [-113.62211, 38.12535],
          [-113.61825, 38.10334],
          [-113.63693, 38.08392],
          [-113.64235, 38.07828],
          [-113.63848, 38.05626],
          [-113.63461, 38.03425],
          [-113.63075, 38.01223],
          [-113.64941, 37.9928],
          [-113.65482, 37.98716],
          [-113.65096, 37.96513],
          [-113.64709, 37.94311],
          [-113.64322, 37.92108],
          [-113.63936, 37.89905],
          [-113.63221, 37.89478],
          [-113.60758, 37.88006],
          [-113.60043, 37.87579],
          [-113.57252, 37.87883],
          [-113.5446, 37.88187],
          [-113.53918, 37.88751],
          [-113.52052, 37.90693],
          [-113.4926, 37.90996],
          [-113.48717, 37.9156],
          [-113.4685, 37.93501],
          [-113.44056, 37.93803],
          [-113.43514, 37.94367],
          [-113.41644, 37.96307],
          [-113.3885, 37.96608],
          [-113.36056, 37.96909],
          [-113.33261, 37.97209],
          [-113.30466, 37.97508],
          [-113.27671, 37.97807],
          [-113.24876, 37.98106],
          [-113.22081, 37.98404],
          [-113.19285, 37.98702],
          [-113.1649, 37.98999],
          [-113.13694, 37.99296],
          [-113.1315, 37.99858],
          [-113.11274, 38.01795],
          [-113.08477, 38.02091],
          [-113.07933, 38.02653],
          [-113.06055, 38.0459],
          [-113.0551, 38.05152],
          [-113.03632, 38.07088],
          [-113.03087, 38.07649],
          [-113.01208, 38.09585],
          [-113.00663, 38.10147],
          [-112.98783, 38.12082],
          [-112.98237, 38.12643],
          [-112.96356, 38.14578],
          [-112.9581, 38.15139],
          [-112.93929, 38.17073],
          [-112.93382, 38.17635],
          [-112.915, 38.19568],
          [-112.90953, 38.20129],
          [-112.91326, 38.22331],
          [-112.89442, 38.24264],
          [-112.86639, 38.24556],
          [-112.86092, 38.25117],
          [-112.84207, 38.27049],
          [-112.83659, 38.2761],
          [-112.81773, 38.29541],
          [-112.81226, 38.30102],
          [-112.79339, 38.32033],
          [-112.78791, 38.32594],
          [-112.76903, 38.34524],
          [-112.76355, 38.35085],
          [-112.76725, 38.37285],
          [-112.74836, 38.39215],
          [-112.74288, 38.39776],
          [-112.74657, 38.41976],
          [-112.72767, 38.43905],
          [-112.72218, 38.44465],
          [-112.72588, 38.46665],
          [-112.70696, 38.48594],
          [-112.70147, 38.49154],
          [-112.68255, 38.51082],
          [-112.67705, 38.51642],
          [-112.68074, 38.53841],
          [-112.66181, 38.55769],
          [-112.65631, 38.56328],
          [-112.63736, 38.58255],
          [-112.63186, 38.58815],
          [-112.61291, 38.60741],
          [-112.60741, 38.61301],
          [-112.58845, 38.63227],
          [-112.58294, 38.63786],
          [-112.56397, 38.65712],
          [-112.55846, 38.66271],
          [-112.53948, 38.68196],
          [-112.53397, 38.68755],
          [-112.51498, 38.7068],
          [-112.50947, 38.71238],
          [-112.49047, 38.73163],
          [-112.48496, 38.73721],
          [-112.46595, 38.75645],
          [-112.43777, 38.75929],
          [-112.43225, 38.76488],
          [-112.41323, 38.78411],
          [-112.40771, 38.78969],
          [-112.38868, 38.80891],
          [-112.38315, 38.81449],
          [-112.36412, 38.83371],
          [-112.33591, 38.83654],
          [-112.33038, 38.84212],
          [-112.31133, 38.86133],
          [-112.3058, 38.86691],
          [-112.28674, 38.88611],
          [-112.2812, 38.89169],
          [-112.26213, 38.91089],
          [-112.25659, 38.91646],
          [-112.23751, 38.93566],
          [-112.23197, 38.94123],
          [-112.21289, 38.96043],
          [-112.18465, 38.96323],
          [-112.1564, 38.96602],
          [-112.15086, 38.97159],
          [-112.13175, 38.99077],
          [-112.10708, 38.97591],
          [-112.09992, 38.9716],
          [-112.07167, 38.97438],
          [-112.04342, 38.97716],
          [-112.01877, 38.96229],
          [-112.01161, 38.95797],
          [-112, 38.95097]
        ]
      }
    },
    {
      "type": "Feature",
      "id": "2026092312_f198_12000_001",
      "properties": {
        "product_id": "winter_storm_levels",
        "source_id": "nbm_snow_level",
        "parameter": "snow_level",
        "definition": "height of the wet-bulb 0.5 degree C surface",
        "level_ft_msl": 12000,
        "label": "12,000 ft MSL",
        "unit": "ft_msl",
        "cycle_time_utc": "2026-09-23T12:00:00Z",
        "valid_time_utc": "2026-10-01T18:00:00Z",
        "lead_hours": 198,
        "segment": 1,
        "length_m": 872927.8
      },
      "geometry": {
        "type": "LineString",
        "coordinates": [
          [-118.22383, 30.234],
          [-118.21819, 30.24091],
          [-118.20371, 30.25865],
          [-118.19673, 30.26719],
          [-118.20122, 30.2896],
          [-118.18673, 30.30734],
          [-118.17975, 30.31588],
          [-118.18423, 30.33829],
          [-118.16973, 30.35603],
          [-118.16275, 30.36457],
          [-118.16723, 30.38697],
          [-118.17171, 30.40938],
          [-118.1762, 30.43178],
          [-118.18068, 30.45418],
          [-118.16617, 30.47192],
          [-118.15918, 30.48045],
          [-118.16366, 30.50286],
          [-118.14914, 30.52058],
          [-118.14214, 30.52912],
          [-118.14663, 30.55152],
          [-118.13209, 30.56925],
          [-118.1251, 30.57778],
          [-118.12958, 30.60018],
          [-118.13406, 30.62258],
          [-118.11952, 30.6403],
          [-118.11251, 30.64883],
          [-118.117, 30.67123],
          [-118.12148, 30.69363],
          [-118.12597, 30.71602],
          [-118.13046, 30.73841],
          [-118.13494, 30.76081],
          [-118.13944, 30.7832],
          [-118.14393, 30.80559],
          [-118.12936, 30.82331],
          [-118.12235, 30.83184],
          [-118.12684, 30.85423],
          [-118.11227, 30.87194],
          [-118.10525, 30.88047],
          [-118.09067, 30.89818],
          [-118.08365, 30.90671],
          [-118.08813, 30.92909],
          [-118.07355, 30.9468],
          [-118.06652, 30.95533],
          [-118.05193, 30.97303],
          [-118.0449, 30.98156],
          [-118.03029, 30.99926],
          [-118.00418, 31.0031],
          [-117.99714, 31.01162],
          [-117.98253, 31.02932],
          [-117.97549, 31.03784],
          [-117.96087, 31.05553],
          [-117.95383, 31.06405],
          [-117.93921, 31.08174],
          [-117.91307, 31.08557],
          [-117.90602, 31.09408],
          [-117.89139, 31.11177],
          [-117.86524, 31.11558],
          [-117.85819, 31.1241],
          [-117.84354, 31.14178],
          [-117.83649, 31.15029],
          [-117.82183, 31.16797],
          [-117.79567, 31.17177],
          [-117.76951, 31.17557],
          [-117.76245, 31.18407],
          [-117.74778, 31.20174],
          [-117.7216, 31.20553],
          [-117.69543, 31.20932],
          [-117.68836, 31.21782],
          [-117.67368, 31.23548],
          [-117.6475, 31.23926],
          [-117.62131, 31.24303],
          [-117.61424, 31.25153],
          [-117.59953, 31.26919],
          [-117.57334, 31.27295],
          [-117.54715, 31.27671],
          [-117.54007, 31.28521],
          [-117.52535, 31.30286],
          [-117.49915, 31.30661],
          [-117.47295, 31.31035],
          [-117.46585, 31.31885],
          [-117.45112, 31.33649],
          [-117.42491, 31.34022],
          [-117.3987, 31.34396],
          [-117.3916, 31.35245],
          [-117.37685, 31.37008],
          [-117.35063, 31.3738],
          [-117.34352, 31.38229],
          [-117.34789, 31.40468],
          [-117.33312, 31.4223],
          [-117.32601, 31.43079],
          [-117.33038, 31.45317],
          [-117.33474, 31.47556],
          [-117.3391, 31.49794],
          [-117.34347, 31.52032],
          [-117.34784, 31.5427],
          [-117.3522, 31.56508],
          [-117.35658, 31.58746],
          [-117.36095, 31.60984],
          [-117.34616, 31.62746],
          [-117.33904, 31.63594],
          [-117.34341, 31.65831],
          [-117.34779, 31.68069],
          [-117.33299, 31.6983],
          [-117.32586, 31.70678],
          [-117.33023, 31.72915],
          [-117.31543, 31.74676],
          [-117.3083, 31.75524],
          [-117.29348, 31.77285],
          [-117.28635, 31.78133],
          [-117.27153, 31.79893],
          [-117.26439, 31.80741],
          [-117.26876, 31.82978],
          [-117.25393, 31.84738],
          [-117.24679, 31.85585],
          [-117.23195, 31.87345],
          [-117.20561, 31.87715],
          [-117.19847, 31.88562],
          [-117.18362, 31.90321],
          [-117.17647, 31.91168],
          [-117.16162, 31.92927],
          [-117.13526, 31.93296],
          [-117.10891, 31.93664],
          [-117.10175, 31.9451],
          [-117.08688, 31.96268],
          [-117.07972, 31.97115],
          [-117.08405, 31.99352],
          [-117.06917, 32.01109],
          [-117.06201, 32.01955],
          [-117.06634, 32.04192],
          [-117.07068, 32.06428],
          [-117.07501, 32.08665],
          [-117.07935, 32.10901],
          [-117.06445, 32.12658],
          [-117.05728, 32.13504],
          [-117.06162, 32.1574],
          [-117.04671, 32.17497],
          [-117.03954, 32.18342],
          [-117.02463, 32.20099],
          [-117.01745, 32.20945],
          [-117.00253, 32.22701],
          [-116.9761, 32.23067],
          [-116.96892, 32.23912],
          [-116.95399, 32.25668],
          [-116.92755, 32.26033],
          [-116.90112, 32.26397],
          [-116.89392, 32.27242],
          [-116.87898, 32.28997],
          [-116.85253, 32.29361],
          [-116.82608, 32.29724],
          [-116.79963, 32.30087],
          [-116.79243, 32.30932],
          [-116.77747, 32.32685],
          [-116.75101, 32.33047],
          [-116.72455, 32.33409],
          [-116.69808, 32.3377],
          [-116.67162, 32.34131],
          [-116.64515, 32.34491],
          [-116.61869, 32.34851],
          [-116.59222, 32.3521],
          [-116.56575, 32.35569],
          [-116.54502, 32.34302],
          [-116.53503, 32.33692],
          [-116.50857, 32.3405],
          [-116.4821, 32.34407],
          [-116.45562, 32.34764],
          [-116.42915, 32.35121],
          [-116.40267, 32.35477],
          [-116.3762, 32.35833],
          [-116.36896, 32.36676],
          [-116.35392, 32.38425],
          [-116.32744, 32.3878],
          [-116.30095, 32.39135],
          [-116.29371, 32.39977],
          [-116.27865, 32.41726],
          [-116.25216, 32.42079],
          [-116.22566, 32.42433],
          [-116.19916, 32.42785],
          [-116.19191, 32.43627],
          [-116.17684, 32.45375],
          [-116.15033, 32.45727],
          [-116.14307, 32.46568],
          [-116.12798, 32.48315],
          [-116.10147, 32.48666],
          [-116.07495, 32.49017],
          [-116.06768, 32.49858],
          [-116.05259, 32.51604],
          [-116.02606, 32.51954],
          [-115.99953, 32.52303],
          [-115.973, 32.52652],
          [-115.94647, 32.53001],
          [-115.91994, 32.53349],
          [-115.89341, 32.53697],
          [-115.86687, 32.54044],
          [-115.84034, 32.54391],
          [-115.8138, 32.54737],
          [-115.78726, 32.55083],
          [-115.77997, 32.55923],
          [-115.76482, 32.57666],
          [-115.73827, 32.58011],
          [-115.71172, 32.58356],
          [-115.68517, 32.587],
          [-115.65861, 32.59044],
          [-115.65131, 32.59882],
          [-115.63613, 32.61624],
          [-115.60957, 32.61967],
          [-115.60226, 32.62806],
          [-115.58707, 32.64547],
          [-115.5605, 32.64889],
          [-115.53393, 32.65231],
          [-115.50736, 32.65572],
          [-115.48079, 32.65913],
          [-115.45421, 32.66253],
          [-115.42763, 32.66593],
          [-115.40105, 32.66933],
          [-115.37447, 32.67272],
          [-115.34789, 32.6761],
          [-115.32131, 32.67948],
          [-115.29472, 32.68286],
          [-115.26813, 32.68623],
          [-115.24155, 32.6896],
          [-115.2209, 32.67677],
          [-115.21096, 32.67059],
          [-115.18438, 32.67395],
          [-115.16374, 32.6611],
          [-115.15381, 32.65492],
          [-115.12722, 32.65827],
          [-115.1066, 32.64542],
          [-115.09667, 32.63923],
          [-115.07008, 32.64257],
          [-115.04947, 32.62971],
          [-115.03954, 32.62352],
          [-115.01893, 32.61066],
          [-115.01498, 32.58827],
          [-115.00506, 32.58208],
          [-114.98446, 32.56921],
          [-114.98051, 32.54682],
          [-114.9706, 32.54062],
          [-114.95898, 32.52663],
          [-114.94608, 32.50535],
          [-114.93617, 32.49915],
          [-114.92455, 32.48515],
          [-114.92062, 32.46276],
          [-114.90342, 32.44202],
          [-114.89784, 32.43527],
          [-114.88922, 32.4209],
          [-114.88231, 32.39887],
          [-114.87839, 32.37647],
          [-114.86121, 32.35572],
          [-114.8573, 32.33331],
          [-114.85172, 32.32657],
          [-114.84312, 32.31218],
          [-114.82297, 32.2918],
          [-114.8174, 32.28505],
          [-114.8088, 32.27067],
          [-114.78867, 32.25027],
          [-114.7831, 32.24353],
          [-114.77451, 32.22914],
          [-114.75295, 32.20892],
          [-114.74945, 32.20563],
          [-114.73511, 32.18823],
          [-114.7187, 32.16737],
          [-114.7152, 32.16408],
          [-114.69717, 32.14714],
          [-114.68291, 32.13373],
          [-114.67564, 32.12691],
          [-114.65213, 32.11207],
          [-114.6453, 32.10776],
          [-114.6218, 32.09291],
          [-114.61498, 32.0886],
          [-114.59348, 32.06836],
          [-114.5903, 32.06689],
          [-114.56191, 32.05893],
          [-114.53814, 32.05227],
          [-114.53353, 32.05098],
          [-114.50611, 32.04862],
          [-114.47869, 32.04626],
          [-114.45492, 32.03958],
          [-114.45031, 32.03829],
          [-114.4229, 32.03592],
          [-114.39474, 32.0292],
          [-114.37602, 32.02633],
          [-114.36718, 32.02592],
          [-114.34065, 32.02878],
          [-114.31409, 32.03139],
          [-114.28636, 32.02713],
          [-114.25863, 32.02286],
          [-114.23992, 32.01998],
          [-114.23091, 32.01859],
          [-114.20319, 32.01431],
          [-114.17892, 32.00446],
          [-114.17432, 32.00316],
          [-114.14755, 32.00453],
          [-114.11921, 31.9965],
          [-114.10008, 31.99107],
          [-114.09087, 31.98846],
          [-114.0638, 31.98799],
          [-114.04341, 31.97499],
          [-114.03421, 31.97237],
          [-114.00714, 31.97189],
          [-113.98677, 31.95888],
          [-113.97696, 31.95261],
          [-113.9505, 31.95577],
          [-113.94311, 31.96409],
          [-113.92776, 31.98138],
          [-113.92037, 31.9897],
          [-113.90501, 32.00697],
          [-113.87854, 32.01012],
          [-113.87115, 32.01844],
          [-113.85578, 32.03571],
          [-113.8293, 32.03885],
          [-113.8219, 32.04717],
          [-113.80652, 32.06443],
          [-113.78003, 32.06756],
          [-113.75354, 32.07069],
          [-113.72706, 32.07381],
          [-113.70057, 32.07693],
          [-113.67407, 32.08005],
          [-113.64758, 32.08315],
          [-113.62109, 32.08626],
          [-113.59459, 32.08936],
          [-113.57424, 32.0763],
          [-113.56444, 32.07001],
          [-113.53795, 32.0731],
          [-113.51145, 32.07619],
          [-113.49111, 32.06311],
          [-113.48132, 32.05682],
          [-113.45483, 32.05989],
          [-113.42833, 32.06297],
          [-113.40184, 32.06604],
          [-113.38151, 32.05295],
          [-113.37173, 32.04664],
          [-113.34524, 32.0497],
          [-113.31874, 32.05276],
          [-113.29224, 32.05581],
          [-113.26575, 32.05886],
          [-113.23925, 32.0619],
          [-113.21275, 32.06494],
          [-113.18625, 32.06797],
          [-113.15974, 32.071],
          [-113.15229, 32.07928],
          [-113.13681, 32.09648],
          [-113.11029, 32.0995],
          [-113.08378, 32.10252],
          [-113.05727, 32.10553],
          [-113.0498, 32.11381],
          [-113.0343, 32.131],
          [-113.00778, 32.134],
          [-113.00031, 32.14227],
          [-112.9848, 32.15946],
          [-112.97732, 32.16773],
          [-112.9618, 32.18491],
          [-112.95433, 32.19318],
          [-112.9388, 32.21036],
          [-112.93132, 32.21863],
          [-112.91578, 32.2358],
          [-112.88923, 32.23878],
          [-112.88175, 32.24705],
          [-112.8662, 32.26422],
          [-112.85872, 32.27248],
          [-112.84316, 32.28965],
          [-112.83567, 32.29791],
          [-112.82011, 32.31507],
          [-112.81262, 32.32334],
          [-112.79705, 32.34049],
          [-112.78955, 32.34875],
          [-112.77398, 32.36591],
          [-112.76647, 32.37417],
          [-112.75089, 32.39132],
          [-112.74339, 32.39958],
          [-112.7278, 32.41673],
          [-112.72029, 32.42498],
          [-112.7047, 32.44213],
          [-112.69719, 32.45038],
          [-112.70068, 32.47283],
          [-112.68508, 32.48997],
          [-112.67756, 32.49823],
          [-112.66195, 32.51536],
          [-112.63533, 32.5183],
          [-112.60871, 32.52124],
          [-112.58208, 32.52417],
          [-112.55546, 32.52709],
          [-112.52883, 32.53001],
          [-112.5022, 32.53293],
          [-112.47558, 32.53584],
          [-112.44895, 32.53875],
          [-112.42231, 32.54165],
          [-112.41478, 32.54989],
          [-112.39912, 32.567],
          [-112.37248, 32.5699],
          [-112.34584, 32.57279],
          [-112.32554, 32.55958],
          [-112.31578, 32.55322],
          [-112.28914, 32.5561],
          [-112.28159, 32.56434],
          [-112.26591, 32.58143],
          [-112.23926, 32.5843],
          [-112.21262, 32.58717],
          [-112.20506, 32.5954],
          [-112.18936, 32.61249],
          [-112.1818, 32.62072],
          [-112.1661, 32.6378],
          [-112.13944, 32.64066],
          [-112.13188, 32.64888],
          [-112.11616, 32.66596],
          [-112.10859, 32.67418],
          [-112.11198, 32.69663],
          [-112.09625, 32.71371],
          [-112.08868, 32.72193],
          [-112.07295, 32.739],
          [-112.06538, 32.74722],
          [-112.04964, 32.76429],
          [-112.04206, 32.7725],
          [-112.02631, 32.78957],
          [-112.01873, 32.79778],
          [-112.0221, 32.82023],
          [-112.00635, 32.83729],
          [-112, 32.84416]
        ]
      }
    },
    {
      "type": "Feature",
      "id": "2026092312_f198_13000_001",
      "properties": {
        "product_id": "winter_storm_levels",
        "source_id": "nbm_snow_level",
        "parameter": "snow_level",
        "definition": "height of the wet-bulb 0.5 degree C surface",
        "level_ft_msl": 13000,
        "label": "13,000 ft MSL",
        "unit": "ft_msl",
        "cycle_time_utc": "2026-09-23T12:00:00Z",
        "valid_time_utc": "2026-10-01T18:00:00Z",
        "lead_hours": 198,
        "segment": 1,
        "length_m": 104365.1
      },
      "geometry": {
        "type": "LineString",
        "coordinates": [
          [-112.93025, 30.05077],
          [-112.92514, 30.05655],
          [-112.91554, 30.06741],
          [-112.90254, 30.0821],
          [-112.87648, 30.08509],
          [-112.86687, 30.09595],
          [-112.85387, 30.11063],
          [-112.84426, 30.12149],
          [-112.83125, 30.13617],
          [-112.80518, 30.13915],
          [-112.79556, 30.15],
          [-112.78254, 30.16468],
          [-112.75646, 30.16765],
          [-112.74683, 30.17849],
          [-112.73381, 30.19317],
          [-112.70772, 30.19613],
          [-112.69808, 30.20697],
          [-112.68505, 30.22164],
          [-112.67541, 30.23248],
          [-112.66237, 30.24715],
          [-112.63627, 30.2501],
          [-112.61016, 30.25305],
          [-112.60051, 30.26388],
          [-112.58746, 30.27854],
          [-112.56135, 30.28148],
          [-112.53523, 30.28442],
          [-112.50912, 30.28735],
          [-112.483, 30.29027],
          [-112.45688, 30.2932],
          [-112.43992, 30.28191],
          [-112.42739, 30.27356],
          [-112.40127, 30.27647],
          [-112.37515, 30.27938],
          [-112.34904, 30.28229],
          [-112.32292, 30.28519],
          [-112.30597, 30.27388],
          [-112.29345, 30.26553],
          [-112.26733, 30.26842],
          [-112.24121, 30.2713],
          [-112.22427, 30.25999],
          [-112.21176, 30.25163],
          [-112.18564, 30.25451],
          [-112.15952, 30.25738],
          [-112.1426, 30.24606],
          [-112.13009, 30.23769],
          [-112.10397, 30.24055],
          [-112.07786, 30.24341],
          [-112.05174, 30.24626],
          [-112.02562, 30.24911],
          [-112, 30.25191]
        ]
      }
    }
  ]
}

