{
  "type": "FeatureCollection",
  "contract_version": "1.0.0",
  "bbox": [-130, 30.06814, -112, 44.5],
  "features": [
    {
      "type": "Feature",
      "id": "2026101018_f054_05000_001",
      "properties": {
        "product_id": "winter_storm_levels",
        "source_id": "nbm_snow_level",
        "parameter": "snow_level",
        "definition": "height of the wet-bulb 0.5 degree C surface",
        "level_ft_msl": 5000,
        "label": "5,000 ft MSL",
        "unit": "ft_msl",
        "cycle_time_utc": "2026-10-10T18:00:00Z",
        "valid_time_utc": "2026-10-13T00:00:00Z",
        "lead_hours": 54,
        "segment": 1,
        "length_m": 8888.4
      },
      "geometry": {
        "type": "LineString",
        "coordinates": [
          [-121.37426, 44.5],
          [-121.37157, 44.49029],
          [-121.35392, 44.48184],
          [-121.32442, 44.48598],
          [-121.29491, 44.49011],
          [-121.2856, 44.5]
        ]
      }
    },
    {
      "type": "Feature",
      "id": "2026101018_f054_05000_002",
      "properties": {
        "product_id": "winter_storm_levels",
        "source_id": "nbm_snow_level",
        "parameter": "snow_level",
        "definition": "height of the wet-bulb 0.5 degree C surface",
        "level_ft_msl": 5000,
        "label": "5,000 ft MSL",
        "unit": "ft_msl",
        "cycle_time_utc": "2026-10-10T18:00:00Z",
        "valid_time_utc": "2026-10-13T00:00:00Z",
        "lead_hours": 54,
        "segment": 2,
        "length_m": 42486.8
      },
      "geometry": {
        "type": "LineString",
        "coordinates": [
          [-123.52324, 44.5],
          [-123.51802, 44.48257],
          [-123.52958, 44.46984],
          [-123.54114, 44.45711],
          [-123.5527, 44.44437],
          [-123.56425, 44.43164],
          [-123.5758, 44.4189],
          [-123.60518, 44.41441],
          [-123.61672, 44.40167],
          [-123.61043, 44.38068],
          [-123.5926, 44.37243],
          [-123.57477, 44.36418],
          [-123.55695, 44.35593],
          [-123.54541, 44.36867],
          [-123.53386, 44.38141],
          [-123.50448, 44.38589],
          [-123.49293, 44.39863],
          [-123.48137, 44.41136],
          [-123.46981, 44.42409],
          [-123.45825, 44.43682],
          [-123.44668, 44.44955],
          [-123.43511, 44.46228],
          [-123.42354, 44.475],
          [-123.42979, 44.49599],
          [-123.42614, 44.5]
        ]
      }
    },
    {
      "type": "Feature",
      "id": "2026101018_f054_05000_003",
      "properties": {
        "product_id": "winter_storm_levels",
        "source_id": "nbm_snow_level",
        "parameter": "snow_level",
        "definition": "height of the wet-bulb 0.5 degree C surface",
        "level_ft_msl": 5000,
        "label": "5,000 ft MSL",
        "unit": "ft_msl",
        "cycle_time_utc": "2026-10-10T18:00:00Z",
        "valid_time_utc": "2026-10-13T00:00:00Z",
        "lead_hours": 54,
        "segment": 3,
        "length_m": 384457.7
      },
      "geometry": {
        "type": "LineString",
        "coordinates": [
          [-124.87212, 37.67326],
          [-124.86597, 37.65153],
          [-124.85983, 37.62981],
          [-124.85369, 37.60808],
          [-124.84755, 37.58634],
          [-124.83077, 37.57791],
          [-124.80334, 37.58277],
          [-124.77592, 37.58762],
          [-124.76526, 37.60091],
          [-124.75461, 37.61421],
          [-124.74395, 37.6275],
          [-124.73328, 37.64078],
          [-124.72262, 37.65407],
          [-124.71195, 37.66736],
          [-124.70128, 37.68064],
          [-124.7074, 37.70237],
          [-124.69672, 37.71565],
          [-124.68605, 37.72893],
          [-124.69216, 37.75066],
          [-124.68148, 37.76394],
          [-124.6708, 37.77721],
          [-124.67691, 37.79893],
          [-124.66622, 37.81221],
          [-124.65553, 37.82548],
          [-124.64484, 37.83875],
          [-124.63414, 37.85202],
          [-124.64025, 37.87374],
          [-124.62956, 37.88701],
          [-124.61885, 37.90028],
          [-124.62496, 37.92199],
          [-124.61426, 37.93525],
          [-124.60355, 37.94851],
          [-124.59284, 37.96178],
          [-124.58212, 37.97504],
          [-124.57141, 37.9883],
          [-124.56069, 38.00155],
          [-124.56679, 38.02326],
          [-124.55607, 38.03651],
          [-124.54534, 38.04977],
          [-124.55144, 38.07147],
          [-124.54071, 38.08472],
          [-124.52998, 38.09797],
          [-124.53608, 38.11966],
          [-124.52535, 38.13291],
          [-124.51461, 38.14616],
          [-124.50387, 38.1594],
          [-124.49312, 38.17265],
          [-124.49922, 38.19434],
          [-124.48847, 38.20758],
          [-124.47772, 38.22082],
          [-124.46697, 38.23406],
          [-124.45621, 38.24729],
          [-124.4623, 38.26898],
          [-124.45154, 38.28221],
          [-124.44078, 38.29545],
          [-124.43001, 38.30868],
          [-124.41924, 38.32191],
          [-124.42534, 38.34359],
          [-124.41456, 38.35682],
          [-124.40379, 38.37004],
          [-124.40988, 38.39172],
          [-124.3991, 38.40494],
          [-124.38832, 38.41817],
          [-124.39441, 38.43984],
          [-124.38362, 38.45306],
          [-124.37283, 38.46628],
          [-124.37893, 38.48794],
          [-124.38502, 38.50961],
          [-124.39112, 38.53127],
          [-124.39722, 38.55293],
          [-124.38642, 38.56614],
          [-124.37562, 38.57935],
          [-124.38172, 38.60101],
          [-124.38782, 38.62266],
          [-124.37701, 38.63587],
          [-124.36621, 38.64908],
          [-124.37231, 38.67073],
          [-124.36149, 38.68393],
          [-124.35068, 38.69714],
          [-124.35678, 38.71878],
          [-124.36288, 38.74043],
          [-124.35206, 38.75363],
          [-124.34124, 38.76683],
          [-124.34734, 38.78846],
          [-124.35345, 38.8101],
          [-124.35955, 38.83173],
          [-124.36566, 38.85336],
          [-124.37178, 38.87499],
          [-124.37789, 38.89662],
          [-124.38401, 38.91824],
          [-124.39013, 38.93987],
          [-124.37929, 38.95306],
          [-124.36845, 38.96624],
          [-124.37457, 38.98786],
          [-124.36373, 39.00105],
          [-124.35288, 39.01423],
          [-124.359, 39.03585],
          [-124.34815, 39.04903],
          [-124.33729, 39.06221],
          [-124.34341, 39.08382],
          [-124.36039, 39.09225],
          [-124.37737, 39.10067],
          [-124.39436, 39.10909],
          [-124.40521, 39.09591],
          [-124.41606, 39.08273],
          [-124.42691, 39.06955],
          [-124.43776, 39.05636],
          [-124.4486, 39.04317],
          [-124.45944, 39.02998],
          [-124.47027, 39.01679],
          [-124.46413, 38.99518],
          [-124.47496, 38.98199],
          [-124.48579, 38.96879],
          [-124.47965, 38.94718],
          [-124.47351, 38.92556],
          [-124.48434, 38.91236],
          [-124.48821, 38.90036],
          [-124.48902, 38.87754],
          [-124.48288, 38.85592],
          [-124.4937, 38.84271],
          [-124.50451, 38.82951],
          [-124.49837, 38.80788],
          [-124.49224, 38.78625],
          [-124.4861, 38.76462],
          [-124.49691, 38.75141],
          [-124.50771, 38.7382],
          [-124.51851, 38.72499],
          [-124.52931, 38.71177],
          [-124.52317, 38.69013],
          [-124.53397, 38.67692],
          [-124.54476, 38.6637],
          [-124.53862, 38.64206],
          [-124.54941, 38.62884],
          [-124.56019, 38.61562],
          [-124.55406, 38.59397],
          [-124.54792, 38.57232],
          [-124.5587, 38.5591],
          [-124.56948, 38.54587],
          [-124.56334, 38.52422],
          [-124.57412, 38.51099],
          [-124.58488, 38.49776],
          [-124.59565, 38.48453],
          [-124.60641, 38.4713],
          [-124.60028, 38.44964],
          [-124.61104, 38.4364],
          [-124.62179, 38.42317],
          [-124.63255, 38.40993],
          [-124.6433, 38.39669],
          [-124.63716, 38.37503],
          [-124.64791, 38.36179],
          [-124.65865, 38.34854],
          [-124.65942, 38.32567],
          [-124.66325, 38.31363],
          [-124.67399, 38.30038],
          [-124.66785, 38.27871],
          [-124.67858, 38.26546],
          [-124.68241, 38.25342],
          [-124.68317, 38.23053],
          [-124.6939, 38.21728],
          [-124.69772, 38.20523],
          [-124.69848, 38.18234],
          [-124.7092, 38.16909],
          [-124.71992, 38.15583],
          [-124.71377, 38.13415],
          [-124.72449, 38.12089],
          [-124.7352, 38.10763],
          [-124.74591, 38.09436],
          [-124.75661, 38.0811],
          [-124.75047, 38.05941],
          [-124.76117, 38.04614],
          [-124.76498, 38.03408],
          [-124.76572, 38.01118],
          [-124.76646, 37.98827],
          [-124.77027, 37.97621],
          [-124.78096, 37.96294],
          [-124.77482, 37.94124],
          [-124.78551, 37.92796],
          [-124.79619, 37.91469],
          [-124.79005, 37.89298],
          [-124.80073, 37.8797],
          [-124.8114, 37.86642],
          [-124.80526, 37.84471],
          [-124.81593, 37.83143],
          [-124.8266, 37.81815],
          [-124.83727, 37.80486],
          [-124.84794, 37.79158],
          [-124.84179, 37.76986],
          [-124.85245, 37.75657],
          [-124.86311, 37.74328],
          [-124.85696, 37.72157],
          [-124.85081, 37.69984],
          [-124.86147, 37.68655],
          [-124.87212, 37.67326]
        ]
      }
    },
    {
      "type": "Feature",
      "id": "2026101018_f054_05000_004",
      "properties": {
        "product_id": "winter_storm_levels",
        "source_id": "nbm_snow_level",
        "parameter": "snow_level",
        "definition": "height of the wet-bulb 0.5 degree C surface",
        "level_ft_msl": 5000,
        "label": "5,000 ft MSL",
        "unit": "ft_msl",
        "cycle_time_utc": "2026-10-10T18:00:00Z",
        "valid_time_utc": "2026-10-13T00:00:00Z",
        "lead_hours": 54,
        "segment": 4,
        "length_m": 6812.1
      },
      "geometry": {
        "type": "LineString",
        "coordinates": [
          [-126.24475, 43.11409],
          [-126.23371, 43.1271],
          [-126.21589, 43.11903],
          [-126.22694, 43.10603],
          [-126.24475, 43.11409]
        ]
      }
    },
    {
      "type": "Feature",
      "id": "2026101018_f054_05000_005",
      "properties": {
        "product_id": "winter_storm_levels",
        "source_id": "nbm_snow_level",
        "parameter": "snow_level",
        "definition": "height of the wet-bulb 0.5 degree C surface",
        "level_ft_msl": 5000,
        "label": "5,000 ft MSL",
        "unit": "ft_msl",
        "cycle_time_utc": "2026-10-10T18:00:00Z",
        "valid_time_utc": "2026-10-13T00:00:00Z",
        "lead_hours": 54,
        "segment": 5,
        "length_m": 2678413.5
      },
      "geometry": {
        "type": "LineString",
        "coordinates": [
          [-126.26614, 44.5],
          [-126.26077, 44.48371],
          [-126.27197, 44.47081],
          [-126.28317, 44.45792],
          [-126.27629, 44.43703],
          [-126.28748, 44.42413],
          [-126.29867, 44.41123],
          [-126.30986, 44.39832],
          [-126.32104, 44.38542],
          [-126.33222, 44.37251],
          [-126.34339, 44.35961],
          [-126.33651, 44.33871],
          [-126.34769, 44.32579],
          [-126.35885, 44.31288],
          [-126.35198, 44.29198],
          [-126.36314, 44.27906],
          [-126.3743, 44.26614],
          [-126.36742, 44.24523],
          [-126.37858, 44.23231],
          [-126.38973, 44.21939],
          [-126.38285, 44.19847],
          [-126.394, 44.18554],
          [-126.42145, 44.17538],
          [-126.42459, 44.16932],
          [-126.42014, 44.14799],
          [-126.42784, 44.12459],
          [-126.41367, 44.1049],
          [-126.40679, 44.08396],
          [-126.41793, 44.07103],
          [-126.42906, 44.05809],
          [-126.42218, 44.03715],
          [-126.43331, 44.02421],
          [-126.44443, 44.01126],
          [-126.43755, 43.99032],
          [-126.44867, 43.97737],
          [-126.45979, 43.96442],
          [-126.45291, 43.94347],
          [-126.46402, 43.93052],
          [-126.47513, 43.91756],
          [-126.46825, 43.89661],
          [-126.47936, 43.88365],
          [-126.49046, 43.87069],
          [-126.48358, 43.84973],
          [-126.49468, 43.83677],
          [-126.50577, 43.8238],
          [-126.49889, 43.80283],
          [-126.49202, 43.78186],
          [-126.48515, 43.76089],
          [-126.47828, 43.73991],
          [-126.48937, 43.72694],
          [-126.50045, 43.71397],
          [-126.49358, 43.69298],
          [-126.50466, 43.68001],
          [-126.51573, 43.66703],
          [-126.50886, 43.64604],
          [-126.51993, 43.63306],
          [-126.531, 43.62008],
          [-126.52413, 43.59908],
          [-126.5352, 43.5861],
          [-126.54626, 43.57311],
          [-126.53939, 43.55211],
          [-126.55044, 43.53912],
          [-126.5615, 43.52613],
          [-126.55463, 43.50512],
          [-126.54776, 43.48411],
          [-126.5409, 43.4631],
          [-126.53404, 43.44208],
          [-126.54509, 43.42908],
          [-126.55613, 43.41608],
          [-126.56717, 43.40308],
          [-126.5782, 43.39008],
          [-126.57134, 43.36905],
          [-126.56448, 43.34802],
          [-126.55762, 43.32699],
          [-126.55077, 43.30596],
          [-126.54392, 43.28492],
          [-126.55495, 43.27191],
          [-126.56597, 43.2589],
          [-126.55912, 43.23785],
          [-126.55227, 43.21681],
          [-126.53441, 43.20878],
          [-126.51655, 43.20075],
          [-126.50972, 43.1797],
          [-126.50288, 43.15864],
          [-126.49606, 43.13758],
          [-126.48923, 43.11652],
          [-126.50024, 43.1035],
          [-126.51125, 43.09047],
          [-126.50443, 43.06941],
          [-126.4976, 43.04834],
          [-126.49078, 43.02727],
          [-126.50178, 43.01424],
          [-126.51278, 43.0012],
          [-126.51317, 42.97888],
          [-126.51696, 42.96709],
          [-126.52795, 42.95405],
          [-126.52113, 42.93297],
          [-126.51431, 42.91188],
          [-126.5253, 42.89884],
          [-126.53628, 42.8858],
          [-126.54727, 42.87276],
          [-126.55824, 42.85971],
          [-126.55142, 42.83861],
          [-126.54461, 42.81752],
          [-126.53779, 42.79642],
          [-126.53098, 42.77531],
          [-126.52417, 42.75421],
          [-126.53514, 42.74115],
          [-126.5461, 42.7281],
          [-126.5393, 42.70698],
          [-126.55026, 42.69392],
          [-126.56121, 42.68086],
          [-126.55441, 42.65975],
          [-126.5476, 42.63863],
          [-126.55855, 42.62556],
          [-126.5695, 42.61249],
          [-126.5627, 42.59137],
          [-126.57364, 42.5783],
          [-126.58458, 42.56523],
          [-126.57778, 42.5441],
          [-126.58872, 42.53102],
          [-126.59965, 42.51795],
          [-126.59285, 42.49681],
          [-126.60378, 42.48373],
          [-126.6147, 42.47065],
          [-126.6079, 42.44951],
          [-126.61882, 42.43643],
          [-126.62974, 42.42334],
          [-126.62294, 42.40219],
          [-126.61613, 42.38104],
          [-126.60933, 42.35989],
          [-126.62025, 42.3468],
          [-126.63116, 42.33371],
          [-126.63151, 42.31129],
          [-126.63527, 42.29945],
          [-126.64617, 42.28636],
          [-126.64652, 42.26393],
          [-126.65027, 42.25209],
          [-126.66117, 42.23899],
          [-126.67206, 42.22589],
          [-126.68295, 42.21278],
          [-126.69384, 42.19968],
          [-126.69758, 42.18783],
          [-126.69792, 42.1654],
          [-126.7088, 42.15229],
          [-126.71968, 42.13917],
          [-126.71287, 42.11799],
          [-126.72375, 42.10488],
          [-126.73462, 42.09176],
          [-126.73495, 42.06931],
          [-126.73868, 42.05746],
          [-126.74955, 42.04434],
          [-126.74987, 42.02188],
          [-126.7536, 42.01002],
          [-126.76446, 41.9969],
          [-126.77531, 41.98377],
          [-126.77904, 41.97191],
          [-126.78648, 41.94818],
          [-126.7902, 41.93631],
          [-126.79392, 41.92444],
          [-126.80136, 41.90071],
          [-126.80508, 41.88884],
          [-126.8088, 41.87697],
          [-126.8186, 41.8528],
          [-126.82164, 41.84665],
          [-126.83789, 41.82694],
          [-126.8416, 41.81506],
          [-126.84531, 41.80319],
          [-126.8551, 41.77901],
          [-126.85814, 41.77286],
          [-126.86725, 41.7544],
          [-126.86992, 41.73149],
          [-126.87126, 41.72003],
          [-126.87496, 41.70814],
          [-126.88473, 41.68395],
          [-126.88777, 41.6778],
          [-126.90397, 41.65806],
          [-126.90767, 41.64617],
          [-126.90781, 41.63492],
          [-126.9152, 41.61114],
          [-126.92245, 41.59861],
          [-126.92614, 41.58672],
          [-126.9413, 41.56378],
          [-126.9422, 41.56137],
          [-126.948, 41.53786],
          [-126.95741, 41.52044],
          [-126.96069, 41.51311],
          [-126.97741, 41.48923],
          [-126.97821, 41.48748],
          [-126.98834, 41.46318],
          [-126.9942, 41.44808],
          [-126.99551, 41.43941],
          [-127.00078, 41.41598],
          [-127.0084, 41.39886],
          [-127.0099, 41.39184],
          [-127.01902, 41.36771],
          [-127.02503, 41.35725],
          [-127.03097, 41.34306],
          [-127.04304, 41.31998],
          [-127.04364, 41.31827],
          [-127.0513, 41.29438],
          [-127.0579, 41.27293],
          [-127.05823, 41.27062],
          [-127.06337, 41.24718],
          [-127.07236, 41.22465],
          [-127.07289, 41.22295],
          [-127.08177, 41.19882],
          [-127.0895, 41.18475],
          [-127.09358, 41.17416],
          [-127.10154, 41.15019],
          [-127.10455, 41.13839],
          [-127.10585, 41.12689],
          [-127.11063, 41.10349],
          [-127.11722, 41.08459],
          [-127.11841, 41.07955],
          [-127.1274, 41.05538],
          [-127.13377, 41.04295],
          [-127.13883, 41.03076],
          [-127.15059, 41.00607],
          [-127.15134, 41.00453],
          [-127.15905, 40.98199],
          [-127.16676, 40.95944],
          [-127.16708, 40.95797],
          [-127.17362, 40.93423],
          [-127.1826, 40.91567],
          [-127.1853, 40.90954],
          [-127.19467, 40.88527],
          [-127.19928, 40.87456],
          [-127.20337, 40.86112],
          [-127.21327, 40.83674],
          [-127.21566, 40.83254],
          [-127.22506, 40.81202],
          [-127.2341, 40.79702],
          [-127.24036, 40.78664],
          [-127.25357, 40.76472],
          [-127.25528, 40.76133],
          [-127.2629, 40.73735],
          [-127.26389, 40.71459],
          [-127.26509, 40.70759],
          [-127.2661, 40.6916],
          [-127.26454, 40.6693],
          [-127.27351, 40.64506],
          [-127.2743, 40.6433],
          [-127.28319, 40.62068],
          [-127.29232, 40.60658],
          [-127.29768, 40.59542],
          [-127.30296, 40.57185],
          [-127.30654, 40.558],
          [-127.30809, 40.5483],
          [-127.31443, 40.52452],
          [-127.32155, 40.5119],
          [-127.32716, 40.49956],
          [-127.33556, 40.4754],
          [-127.33683, 40.46669],
          [-127.33695, 40.45253],
          [-127.33476, 40.43032],
          [-127.3406, 40.40662],
          [-127.34413, 40.39654],
          [-127.34833, 40.38256],
          [-127.35319, 40.35904],
          [-127.3554, 40.33883],
          [-127.35543, 40.33599],
          [-127.3524, 40.31392],
          [-127.36193, 40.28952],
          [-127.3665, 40.28059],
          [-127.37472, 40.26451],
          [-127.38637, 40.24989],
          [-127.393, 40.23847],
          [-127.40028, 40.21447],
          [-127.40244, 40.20728],
          [-127.4052, 40.19091],
          [-127.40833, 40.16768],
          [-127.41269, 40.14648],
          [-127.41288, 40.14418],
          [-127.41272, 40.12155],
          [-127.41352, 40.09874],
          [-127.41317, 40.07615],
          [-127.41384, 40.05714],
          [-127.41364, 40.0534],
          [-127.41637, 40.03022],
          [-127.42563, 40.00582],
          [-127.42646, 40.00378],
          [-127.43301, 39.98177],
          [-127.44182, 39.95907],
          [-127.4424, 39.95734],
          [-127.45778, 39.93179],
          [-127.4613, 39.92735],
          [-127.48475, 39.9081],
          [-127.50678, 39.89992],
          [-127.51109, 39.89798],
          [-127.51841, 39.89774],
          [-127.54007, 39.89611],
          [-127.57099, 39.90034],
          [-127.58976, 39.90703],
          [-127.60539, 39.91543],
          [-127.62509, 39.92307],
          [-127.64014, 39.93158],
          [-127.67062, 39.93435],
          [-127.68415, 39.91194],
          [-127.68908, 39.89967],
          [-127.69402, 39.88739],
          [-127.70389, 39.86283],
          [-127.70554, 39.85873],
          [-127.70978, 39.83901],
          [-127.72153, 39.81636],
          [-127.72258, 39.81389],
          [-127.73023, 39.78974],
          [-127.73755, 39.77416],
          [-127.74195, 39.76481],
          [-127.75666, 39.74159],
          [-127.75737, 39.73918],
          [-127.76164, 39.71565],
          [-127.76545, 39.69221],
          [-127.76752, 39.6833],
          [-127.76787, 39.66903],
          [-127.77281, 39.64537],
          [-127.77978, 39.62944],
          [-127.78197, 39.62091],
          [-127.78786, 39.59706],
          [-127.78988, 39.57394],
          [-127.78971, 39.56829],
          [-127.78777, 39.5516],
          [-127.78234, 39.5299],
          [-127.78475, 39.5067],
          [-127.79265, 39.4853],
          [-127.79266, 39.48245],
          [-127.79386, 39.45948],
          [-127.79614, 39.4363],
          [-127.79986, 39.41568],
          [-127.79993, 39.41282],
          [-127.80256, 39.38957],
          [-127.81152, 39.3651],
          [-127.81237, 39.36267],
          [-127.81661, 39.34137],
          [-127.82294, 39.3174],
          [-127.82453, 39.30856],
          [-127.8252, 39.29421],
          [-127.82611, 39.27126],
          [-127.82798, 39.24814],
          [-127.82857, 39.22905],
          [-127.8283, 39.2253],
          [-127.82751, 39.20268],
          [-127.82644, 39.18011],
          [-127.83045, 39.15656],
          [-127.83289, 39.1504],
          [-127.83666, 39.13259],
          [-127.84445, 39.10831],
          [-127.84604, 39.09946],
          [-127.84671, 39.08509],
          [-127.84992, 39.06168],
          [-127.85722, 39.04237],
          [-127.85852, 39.03724],
          [-127.86777, 39.01266],
          [-127.87315, 39.00023],
          [-127.87618, 38.98825],
          [-127.87787, 38.96512],
          [-127.88232, 38.94146],
          [-127.88284, 38.93851],
          [-127.88377, 38.91837],
          [-127.88729, 38.89489],
          [-127.89252, 38.87677],
          [-127.8934, 38.8709],
          [-127.89778, 38.84724],
          [-127.899, 38.82418],
          [-127.90048, 38.80964],
          [-127.90036, 38.8011],
          [-127.89713, 38.7789],
          [-127.89438, 38.75661],
          [-127.89335, 38.73398],
          [-127.89876, 38.71201],
          [-127.899, 38.71006],
          [-127.90091, 38.68686],
          [-127.90334, 38.66355],
          [-127.90375, 38.64064],
          [-127.90187, 38.62958],
          [-127.89927, 38.61866],
          [-127.89656, 38.59635],
          [-127.89648, 38.57352],
          [-127.90142, 38.54972],
          [-127.90214, 38.53815],
          [-127.90149, 38.52685],
          [-127.90145, 38.50401],
          [-127.90137, 38.48117],
          [-127.90649, 38.45961],
          [-127.90667, 38.45729],
          [-127.90641, 38.43448],
          [-127.90844, 38.41123],
          [-127.91136, 38.3878],
          [-127.91203, 38.38481],
          [-127.91409, 38.3644],
          [-127.91713, 38.34094],
          [-127.92079, 38.32022],
          [-127.92092, 38.31734],
          [-127.92188, 38.29428],
          [-127.92617, 38.27057],
          [-127.92954, 38.25561],
          [-127.93016, 38.24691],
          [-127.93803, 38.2225],
          [-127.94423, 38.20985],
          [-127.94884, 38.19751],
          [-127.95994, 38.17246],
          [-127.9609, 38.17037],
          [-127.96723, 38.14815],
          [-127.97375, 38.12398],
          [-127.9746, 38.12153],
          [-127.97796, 38.10027],
          [-127.98946, 38.0764],
          [-127.98999, 38.07502],
          [-127.99387, 38.05136],
          [-127.99665, 38.02792],
          [-127.99947, 38.01591],
          [-128.00096, 38.00417],
          [-128.00545, 37.98038],
          [-128.01155, 37.96201],
          [-128.01258, 37.95607],
          [-128.01252, 37.93317],
          [-128.01677, 37.90943],
          [-128.02021, 37.89729],
          [-128.02251, 37.88538],
          [-128.03281, 37.86044],
          [-128.03533, 37.85307],
          [-128.03793, 37.83652],
          [-128.03744, 37.81369],
          [-128.03748, 37.79075],
          [-128.04148, 37.78041],
          [-128.04548, 37.76625],
          [-128.05841, 37.74205],
          [-128.05928, 37.7406],
          [-128.07343, 37.71488],
          [-128.07685, 37.70847],
          [-128.08404, 37.68985],
          [-128.09282, 37.66709],
          [-128.0933, 37.66509],
          [-128.095, 37.6418],
          [-128.10643, 37.61824],
          [-128.10718, 37.61646],
          [-128.1196, 37.59105],
          [-128.12472, 37.58431],
          [-128.14007, 37.56406],
          [-128.14518, 37.55731],
          [-128.1576, 37.53763],
          [-128.1645, 37.5267],
          [-128.17416, 37.51139],
          [-128.18302, 37.49357],
          [-128.18552, 37.48618],
          [-128.19869, 37.46061],
          [-128.20056, 37.45736],
          [-128.20822, 37.43575],
          [-128.21786, 37.42043],
          [-128.22475, 37.40949],
          [-128.23611, 37.38656],
          [-128.23679, 37.38412],
          [-128.24223, 37.36007],
          [-128.2463, 37.33628],
          [-128.24789, 37.33213],
          [-128.25581, 37.3114],
          [-128.26515, 37.29518],
          [-128.2694, 37.28571],
          [-128.28366, 37.26218],
          [-128.28569, 37.25948],
          [-128.30504, 37.23837],
          [-128.31013, 37.23161],
          [-128.3254, 37.21132],
          [-128.33388, 37.20387],
          [-128.34744, 37.18966],
          [-128.37153, 37.17449],
          [-128.37313, 37.17302],
          [-128.392, 37.14788],
          [-128.39287, 37.14606],
          [-128.40052, 37.12152],
          [-128.40756, 37.10573],
          [-128.41082, 37.09645],
          [-128.42587, 37.07234],
          [-128.42681, 37.07023],
          [-128.43204, 37.04617],
          [-128.43538, 37.02248],
          [-128.43536, 37.01097],
          [-128.43646, 36.99924],
          [-128.4319, 36.97714],
          [-128.42282, 36.95594],
          [-128.416, 36.93429],
          [-128.40808, 36.92437],
          [-128.40016, 36.91445],
          [-128.3911, 36.89325],
          [-128.38429, 36.87159],
          [-128.36395, 36.85265],
          [-128.35378, 36.84318],
          [-128.34362, 36.83371],
          [-128.33682, 36.81204],
          [-128.33003, 36.79037],
          [-128.3255, 36.76825],
          [-128.31871, 36.74658],
          [-128.30968, 36.72536],
          [-128.29614, 36.70504],
          [-128.2826, 36.68472],
          [-128.27583, 36.66304],
          [-128.26681, 36.64181],
          [-128.25892, 36.63187],
          [-128.24878, 36.62238],
          [-128.22851, 36.60341],
          [-128.21951, 36.58217],
          [-128.21275, 36.56048],
          [-128.206, 36.53879],
          [-128.19813, 36.52884],
          [-128.18126, 36.52071],
          [-128.17452, 36.49901],
          [-128.15765, 36.49087],
          [-128.14079, 36.48272],
          [-128.13406, 36.46102],
          [-128.1172, 36.45287],
          [-128.10034, 36.44472],
          [-128.08349, 36.43657],
          [-128.06664, 36.42842],
          [-128.05993, 36.40671],
          [-128.05322, 36.385],
          [-128.03638, 36.37684],
          [-128.01954, 36.36868],
          [-128.01284, 36.34697],
          [-127.99601, 36.3388],
          [-127.97919, 36.33064],
          [-127.9725, 36.30892],
          [-127.95568, 36.30075],
          [-127.93886, 36.29258],
          [-127.93218, 36.27086],
          [-127.91537, 36.26268],
          [-127.89856, 36.25451],
          [-127.88175, 36.24633],
          [-127.86494, 36.23815],
          [-127.85828, 36.21642],
          [-127.85162, 36.19468],
          [-127.83483, 36.1865],
          [-127.81804, 36.17832],
          [-127.82818, 36.16476],
          [-127.83831, 36.15121],
          [-127.83166, 36.12947],
          [-127.82501, 36.10772],
          [-127.81837, 36.08598],
          [-127.8285, 36.07242],
          [-127.8554, 36.06705],
          [-127.86553, 36.05348],
          [-127.87565, 36.03992],
          [-127.88577, 36.02636],
          [-127.87912, 36.00461],
          [-127.88924, 35.99104],
          [-127.91612, 35.98566],
          [-127.92623, 35.97209],
          [-127.93633, 35.95852],
          [-127.94644, 35.94495],
          [-127.95654, 35.93137],
          [-127.95993, 35.91915],
          [-127.95103, 35.89784],
          [-127.94322, 35.88786],
          [-127.92647, 35.87968],
          [-127.9131, 35.85927],
          [-127.90646, 35.83751],
          [-127.89642, 35.82797],
          [-127.87968, 35.81978],
          [-127.86294, 35.81159],
          [-127.8361, 35.81697],
          [-127.80926, 35.82235],
          [-127.79914, 35.83592],
          [-127.78903, 35.84949],
          [-127.76218, 35.85485],
          [-127.73532, 35.86022],
          [-127.71859, 35.85201],
          [-127.70185, 35.8438],
          [-127.675, 35.84916],
          [-127.65827, 35.84095],
          [-127.64154, 35.83273],
          [-127.62482, 35.82452],
          [-127.61823, 35.80275],
          [-127.60151, 35.79453],
          [-127.59151, 35.78497],
          [-127.57822, 35.76453],
          [-127.57164, 35.74275],
          [-127.55836, 35.7223],
          [-127.54837, 35.71274],
          [-127.53167, 35.70451],
          [-127.52511, 35.68272],
          [-127.51855, 35.66093],
          [-127.51199, 35.63914],
          [-127.50543, 35.61735],
          [-127.49888, 35.59555],
          [-127.49233, 35.57376],
          [-127.48578, 35.55196],
          [-127.46911, 35.54372],
          [-127.45245, 35.53548],
          [-127.44591, 35.51368],
          [-127.43937, 35.49187],
          [-127.43284, 35.47006],
          [-127.44296, 35.4565],
          [-127.45308, 35.44293],
          [-127.4632, 35.42937],
          [-127.47332, 35.4158],
          [-127.46678, 35.39399],
          [-127.47689, 35.38042],
          [-127.487, 35.36685],
          [-127.48047, 35.34503],
          [-127.47393, 35.32322],
          [-127.4674, 35.3014],
          [-127.45077, 35.29315],
          [-127.43415, 35.2849],
          [-127.42763, 35.26308],
          [-127.41101, 35.25483],
          [-127.39439, 35.24657],
          [-127.38788, 35.22475],
          [-127.38137, 35.20292],
          [-127.37487, 35.18109],
          [-127.36837, 35.15925],
          [-127.35177, 35.15099],
          [-127.33517, 35.14273],
          [-127.31857, 35.13447],
          [-127.29187, 35.13977],
          [-127.26516, 35.14507],
          [-127.23845, 35.15037],
          [-127.22833, 35.16393],
          [-127.21821, 35.1775],
          [-127.19149, 35.18278],
          [-127.16477, 35.18807],
          [-127.13805, 35.19335],
          [-127.11132, 35.19862],
          [-127.08459, 35.20389],
          [-127.07445, 35.21744],
          [-127.0643, 35.231],
          [-127.05416, 35.24455],
          [-127.07075, 35.25284],
          [-127.08735, 35.26112],
          [-127.10394, 35.26941],
          [-127.12055, 35.27769],
          [-127.13715, 35.28597],
          [-127.15375, 35.29425],
          [-127.17036, 35.30252],
          [-127.18697, 35.3108],
          [-127.20359, 35.31907],
          [-127.2202, 35.32734],
          [-127.22668, 35.34917],
          [-127.24331, 35.35743],
          [-127.25993, 35.3657],
          [-127.26642, 35.38752],
          [-127.28305, 35.39578],
          [-127.29969, 35.40405],
          [-127.30619, 35.42586],
          [-127.32283, 35.43412],
          [-127.33947, 35.44238],
          [-127.34598, 35.46419],
          [-127.3525, 35.486],
          [-127.34236, 35.49956],
          [-127.33222, 35.51311],
          [-127.33874, 35.53492],
          [-127.34526, 35.55673],
          [-127.33511, 35.57028],
          [-127.32497, 35.58383],
          [-127.31482, 35.59738],
          [-127.30467, 35.61093],
          [-127.31118, 35.63274],
          [-127.30103, 35.64628],
          [-127.29087, 35.65983],
          [-127.29739, 35.68163],
          [-127.28723, 35.69518],
          [-127.27706, 35.70872],
          [-127.2669, 35.72226],
          [-127.25673, 35.7358],
          [-127.26324, 35.7576],
          [-127.25307, 35.77114],
          [-127.2429, 35.78467],
          [-127.24941, 35.80647],
          [-127.25592, 35.82825],
          [-127.26244, 35.85004],
          [-127.26896, 35.87183],
          [-127.27549, 35.89361],
          [-127.2922, 35.90186],
          [-127.30891, 35.9101],
          [-127.31544, 35.93188],
          [-127.32198, 35.95366],
          [-127.3387, 35.9619],
          [-127.35542, 35.97014],
          [-127.37215, 35.97838],
          [-127.38887, 35.98661],
          [-127.39543, 36.00838],
          [-127.40199, 36.03015],
          [-127.40855, 36.05192],
          [-127.39836, 36.06545],
          [-127.38818, 36.07898],
          [-127.39474, 36.10075],
          [-127.38455, 36.11428],
          [-127.37436, 36.12781],
          [-127.38092, 36.14957],
          [-127.38748, 36.17132],
          [-127.37729, 36.18485],
          [-127.36709, 36.19838],
          [-127.37365, 36.22013],
          [-127.36345, 36.23365],
          [-127.35325, 36.24718],
          [-127.34304, 36.2607],
          [-127.33283, 36.27422],
          [-127.32262, 36.28774],
          [-127.29564, 36.29302],
          [-127.27887, 36.28478],
          [-127.26211, 36.27655],
          [-127.23512, 36.28182],
          [-127.20813, 36.28709],
          [-127.19137, 36.27885],
          [-127.18484, 36.25709],
          [-127.16809, 36.24884],
          [-127.14111, 36.2541],
          [-127.12436, 36.24585],
          [-127.10761, 36.2376],
          [-127.09086, 36.22934],
          [-127.07412, 36.22108],
          [-127.05738, 36.21282],
          [-127.04064, 36.20456],
          [-127.02391, 36.1963],
          [-127.00718, 36.18803],
          [-126.99044, 36.17977],
          [-126.98396, 36.15799],
          [-126.96724, 36.14972],
          [-126.95052, 36.14145],
          [-126.94404, 36.11967],
          [-126.93757, 36.09789],
          [-126.92086, 36.08962],
          [-126.90415, 36.08134],
          [-126.89769, 36.05956],
          [-126.89123, 36.03777],
          [-126.88478, 36.01598],
          [-126.87832, 35.99419],
          [-126.87187, 35.9724],
          [-126.86542, 35.95061],
          [-126.87566, 35.9371],
          [-126.88589, 35.92359],
          [-126.87945, 35.9018],
          [-126.873, 35.88],
          [-126.85633, 35.87171],
          [-126.83966, 35.86342],
          [-126.82299, 35.85512],
          [-126.80632, 35.84683],
          [-126.78966, 35.83853],
          [-126.76276, 35.84374],
          [-126.7461, 35.83544],
          [-126.72944, 35.82713],
          [-126.70254, 35.83233],
          [-126.67564, 35.83752],
          [-126.64874, 35.84271],
          [-126.63209, 35.8344],
          [-126.61544, 35.82608],
          [-126.58853, 35.83126],
          [-126.57189, 35.82294],
          [-126.55525, 35.81462],
          [-126.53861, 35.8063],
          [-126.52197, 35.79797],
          [-126.50534, 35.78964],
          [-126.48871, 35.78132],
          [-126.47208, 35.77298],
          [-126.45545, 35.76465],
          [-126.43883, 35.75632],
          [-126.42221, 35.74798],
          [-126.40559, 35.73964],
          [-126.38897, 35.7313],
          [-126.37236, 35.72296],
          [-126.35574, 35.71462],
          [-126.33914, 35.70627],
          [-126.32253, 35.69792],
          [-126.30593, 35.68957],
          [-126.29961, 35.66773],
          [-126.28657, 35.64718],
          [-126.2767, 35.63754],
          [-126.2601, 35.62919],
          [-126.2538, 35.60734],
          [-126.23721, 35.59898],
          [-126.22063, 35.59062],
          [-126.21433, 35.56878],
          [-126.19776, 35.56041],
          [-126.18118, 35.55205],
          [-126.1749, 35.53019],
          [-126.15833, 35.52183],
          [-126.13148, 35.52694],
          [-126.10462, 35.53204],
          [-126.07777, 35.53714],
          [-126.05091, 35.54224],
          [-126.03435, 35.53386],
          [-126.01779, 35.52548],
          [-125.99093, 35.53056],
          [-125.96407, 35.53565],
          [-125.94752, 35.52726],
          [-125.93097, 35.51887],
          [-125.90411, 35.52394],
          [-125.87724, 35.52901],
          [-125.85037, 35.53407],
          [-125.82351, 35.53914],
          [-125.80696, 35.53073],
          [-125.79042, 35.52233],
          [-125.77389, 35.51392],
          [-125.76768, 35.49205],
          [-125.75115, 35.48364],
          [-125.73462, 35.47522],
          [-125.7181, 35.46681],
          [-125.69124, 35.47185],
          [-125.6809, 35.48531],
          [-125.68709, 35.50718],
          [-125.67675, 35.52063],
          [-125.6664, 35.53409],
          [-125.67259, 35.55596],
          [-125.67878, 35.57782],
          [-125.69532, 35.58624],
          [-125.7222, 35.5812],
          [-125.73875, 35.58961],
          [-125.74495, 35.61147],
          [-125.75116, 35.63334],
          [-125.76771, 35.64174],
          [-125.78427, 35.65015],
          [-125.79048, 35.672],
          [-125.7967, 35.69386],
          [-125.80292, 35.71571],
          [-125.80915, 35.73756],
          [-125.81537, 35.75941],
          [-125.80502, 35.77286],
          [-125.79467, 35.78631],
          [-125.8009, 35.80816],
          [-125.80712, 35.83],
          [-125.79677, 35.84345],
          [-125.78641, 35.85689],
          [-125.79264, 35.87874],
          [-125.78227, 35.89218],
          [-125.77191, 35.90562],
          [-125.77813, 35.92746],
          [-125.78436, 35.94929],
          [-125.7906, 35.97113],
          [-125.78023, 35.98457],
          [-125.76985, 35.99801],
          [-125.77608, 36.01984],
          [-125.78232, 36.04166],
          [-125.77194, 36.0551],
          [-125.76156, 36.06853],
          [-125.75117, 36.08197],
          [-125.72416, 36.087],
          [-125.71377, 36.10043],
          [-125.72, 36.12225],
          [-125.7096, 36.13568],
          [-125.6992, 36.14911],
          [-125.70543, 36.17093],
          [-125.69503, 36.18435],
          [-125.68463, 36.19778],
          [-125.69085, 36.21959],
          [-125.69708, 36.24141],
          [-125.68667, 36.25483],
          [-125.67626, 36.26825],
          [-125.68249, 36.29006],
          [-125.68872, 36.31187],
          [-125.69496, 36.33368],
          [-125.68454, 36.3471],
          [-125.67412, 36.36051],
          [-125.68035, 36.38232],
          [-125.66993, 36.39573],
          [-125.6595, 36.40914],
          [-125.64907, 36.42255],
          [-125.63864, 36.43596],
          [-125.64487, 36.45776],
          [-125.63443, 36.47116],
          [-125.62399, 36.48457],
          [-125.61355, 36.49797],
          [-125.6031, 36.51137],
          [-125.59266, 36.52477],
          [-125.58221, 36.53817],
          [-125.58843, 36.55997],
          [-125.59466, 36.58176],
          [-125.58421, 36.59516],
          [-125.57375, 36.60855],
          [-125.57998, 36.63034],
          [-125.58621, 36.65213],
          [-125.57575, 36.66552],
          [-125.56528, 36.67891],
          [-125.57151, 36.7007],
          [-125.56104, 36.71408],
          [-125.55057, 36.72747],
          [-125.5568, 36.74925],
          [-125.56304, 36.77103],
          [-125.55256, 36.78442],
          [-125.54208, 36.7978],
          [-125.5316, 36.81118],
          [-125.52111, 36.82456],
          [-125.52734, 36.84634],
          [-125.51686, 36.85972],
          [-125.50636, 36.87309],
          [-125.51259, 36.89486],
          [-125.51883, 36.91663],
          [-125.50833, 36.93],
          [-125.49783, 36.94338],
          [-125.50406, 36.96514],
          [-125.5103, 36.9869],
          [-125.51654, 37.00866],
          [-125.50603, 37.02203],
          [-125.49552, 37.0354],
          [-125.50176, 37.05716],
          [-125.49125, 37.07052],
          [-125.48073, 37.08389],
          [-125.47022, 37.09725],
          [-125.4597, 37.11062],
          [-125.46593, 37.13237],
          [-125.47217, 37.15412],
          [-125.47841, 37.17586],
          [-125.48465, 37.19761],
          [-125.4909, 37.21935],
          [-125.49714, 37.24109],
          [-125.50339, 37.26283],
          [-125.50964, 37.28456],
          [-125.5159, 37.3063],
          [-125.50536, 37.31965],
          [-125.49483, 37.33301],
          [-125.48429, 37.34636],
          [-125.47374, 37.35971],
          [-125.48, 37.38144],
          [-125.48625, 37.40316],
          [-125.49251, 37.42489],
          [-125.49877, 37.44661],
          [-125.50503, 37.46833],
          [-125.49448, 37.48167],
          [-125.48392, 37.49502],
          [-125.49019, 37.51673],
          [-125.49645, 37.53845],
          [-125.48589, 37.55179],
          [-125.47533, 37.56513],
          [-125.48159, 37.58684],
          [-125.48786, 37.60855],
          [-125.49413, 37.63025],
          [-125.48356, 37.64359],
          [-125.47299, 37.65692],
          [-125.47926, 37.67862],
          [-125.46868, 37.69195],
          [-125.4581, 37.70528],
          [-125.46437, 37.72698],
          [-125.45379, 37.74031],
          [-125.4432, 37.75364],
          [-125.43261, 37.76696],
          [-125.42202, 37.78029],
          [-125.42829, 37.80198],
          [-125.4177, 37.8153],
          [-125.4071, 37.82862],
          [-125.3965, 37.84194],
          [-125.3859, 37.85526],
          [-125.39216, 37.87694],
          [-125.38155, 37.89026],
          [-125.37094, 37.90357],
          [-125.36033, 37.91688],
          [-125.34972, 37.93019],
          [-125.3391, 37.9435],
          [-125.31161, 37.94844],
          [-125.28411, 37.95336],
          [-125.27348, 37.96667],
          [-125.26285, 37.97997],
          [-125.25222, 37.99327],
          [-125.25846, 38.01495],
          [-125.26471, 38.03663],
          [-125.27096, 38.0583],
          [-125.26032, 38.0716],
          [-125.24968, 38.0849],
          [-125.25592, 38.10657],
          [-125.26218, 38.12824],
          [-125.26843, 38.1499],
          [-125.27469, 38.17157],
          [-125.26404, 38.18486],
          [-125.25338, 38.19815],
          [-125.25964, 38.21981],
          [-125.2659, 38.24147],
          [-125.27216, 38.26312],
          [-125.27842, 38.28478],
          [-125.26776, 38.29806],
          [-125.2571, 38.31134],
          [-125.26336, 38.33299],
          [-125.26963, 38.35464],
          [-125.2759, 38.37629],
          [-125.28217, 38.39793],
          [-125.28844, 38.41957],
          [-125.29472, 38.44121],
          [-125.301, 38.46284],
          [-125.29032, 38.47612],
          [-125.27964, 38.48939],
          [-125.28592, 38.51102],
          [-125.27524, 38.5243],
          [-125.26455, 38.53757],
          [-125.27083, 38.55919],
          [-125.27711, 38.58082],
          [-125.2834, 38.60244],
          [-125.28968, 38.62406],
          [-125.29597, 38.64568],
          [-125.30226, 38.6673],
          [-125.30856, 38.68891],
          [-125.29786, 38.70217],
          [-125.28716, 38.71544],
          [-125.29345, 38.73704],
          [-125.29975, 38.75865],
          [-125.30605, 38.78026],
          [-125.31235, 38.80186],
          [-125.30164, 38.81512],
          [-125.29093, 38.82837],
          [-125.29723, 38.84997],
          [-125.28651, 38.86322],
          [-125.2758, 38.87647],
          [-125.2821, 38.89806],
          [-125.27137, 38.91131],
          [-125.26065, 38.92456],
          [-125.24992, 38.9378],
          [-125.23919, 38.95105],
          [-125.24549, 38.97264],
          [-125.25179, 38.99422],
          [-125.24105, 39.00746],
          [-125.23031, 39.0207],
          [-125.23661, 39.04228],
          [-125.22587, 39.05552],
          [-125.21513, 39.06875],
          [-125.22143, 39.09033],
          [-125.22773, 39.11191],
          [-125.23403, 39.13348],
          [-125.24034, 39.15505],
          [-125.24665, 39.17661],
          [-125.2359, 39.18984],
          [-125.22514, 39.20307],
          [-125.23145, 39.22463],
          [-125.22069, 39.23786],
          [-125.20992, 39.25108],
          [-125.21623, 39.27264],
          [-125.22254, 39.2942],
          [-125.21177, 39.30742],
          [-125.201, 39.32064],
          [-125.20731, 39.34219],
          [-125.19653, 39.3554],
          [-125.18575, 39.36862],
          [-125.19207, 39.39017],
          [-125.18128, 39.40338],
          [-125.1705, 39.41659],
          [-125.17681, 39.43813],
          [-125.18312, 39.45967],
          [-125.18944, 39.48121],
          [-125.19576, 39.50275],
          [-125.20208, 39.52428],
          [-125.20841, 39.54581],
          [-125.19761, 39.55901],
          [-125.18681, 39.57221],
          [-125.19313, 39.59374],
          [-125.18233, 39.60694],
          [-125.17152, 39.62014],
          [-125.17784, 39.64166],
          [-125.16703, 39.65485],
          [-125.15621, 39.66805],
          [-125.17336, 39.67637],
          [-125.1905, 39.6847],
          [-125.19683, 39.70621],
          [-125.20317, 39.72772],
          [-125.2095, 39.74923],
          [-125.21584, 39.77074],
          [-125.20502, 39.78393],
          [-125.1942, 39.79711],
          [-125.20054, 39.81862],
          [-125.20688, 39.84012],
          [-125.19605, 39.8533],
          [-125.18522, 39.86648],
          [-125.19156, 39.88798],
          [-125.19791, 39.90947],
          [-125.20425, 39.93096],
          [-125.19342, 39.94414],
          [-125.18257, 39.95732],
          [-125.18892, 39.9788],
          [-125.19527, 40.00028],
          [-125.18442, 40.01346],
          [-125.17357, 40.02663],
          [-125.17992, 40.04811],
          [-125.18628, 40.06958],
          [-125.17542, 40.08275],
          [-125.16456, 40.09592],
          [-125.17091, 40.11739],
          [-125.18813, 40.12569],
          [-125.20535, 40.13399],
          [-125.19449, 40.14716],
          [-125.18363, 40.16032],
          [-125.18999, 40.18179],
          [-125.19635, 40.20325],
          [-125.18548, 40.21641],
          [-125.17461, 40.22956],
          [-125.18097, 40.25102],
          [-125.1701, 40.26418],
          [-125.15922, 40.27733],
          [-125.16558, 40.29878],
          [-125.17194, 40.32023],
          [-125.17831, 40.34168],
          [-125.18468, 40.36312],
          [-125.19105, 40.38456],
          [-125.18017, 40.39771],
          [-125.16928, 40.41085],
          [-125.17565, 40.43229],
          [-125.18202, 40.45372],
          [-125.17113, 40.46687],
          [-125.16023, 40.48001],
          [-125.1666, 40.50143],
          [-125.17298, 40.52286],
          [-125.17936, 40.54429],
          [-125.16845, 40.55742],
          [-125.15754, 40.57055],
          [-125.16392, 40.59197],
          [-125.1703, 40.61339],
          [-125.17669, 40.6348],
          [-125.16577, 40.64793],
          [-125.15485, 40.66106],
          [-125.16124, 40.68247],
          [-125.16763, 40.70387],
          [-125.17402, 40.72528],
          [-125.18041, 40.74668],
          [-125.1868, 40.76808],
          [-125.17588, 40.7812],
          [-125.16494, 40.79432],
          [-125.17134, 40.81571],
          [-125.17774, 40.8371],
          [-125.18414, 40.85849],
          [-125.19054, 40.87988],
          [-125.1796, 40.89299],
          [-125.16866, 40.9061],
          [-125.17506, 40.92748],
          [-125.18146, 40.94886],
          [-125.17052, 40.96196],
          [-125.15956, 40.97507],
          [-125.16597, 40.99644],
          [-125.17238, 41.01781],
          [-125.17879, 41.03918],
          [-125.16783, 41.05228],
          [-125.15687, 41.06538],
          [-125.16328, 41.08674],
          [-125.16969, 41.1081],
          [-125.17611, 41.12946],
          [-125.16514, 41.14255],
          [-125.15416, 41.15565],
          [-125.16058, 41.177],
          [-125.167, 41.19835],
          [-125.17342, 41.2197],
          [-125.16244, 41.23278],
          [-125.15146, 41.24587],
          [-125.15788, 41.26721],
          [-125.1643, 41.28855],
          [-125.17073, 41.30989],
          [-125.17716, 41.33122],
          [-125.16617, 41.3443],
          [-125.15517, 41.35738],
          [-125.1616, 41.37871],
          [-125.16803, 41.40003],
          [-125.17447, 41.42136],
          [-125.1809, 41.44268],
          [-125.1699, 41.45575],
          [-125.15889, 41.46882],
          [-125.16533, 41.49013],
          [-125.15432, 41.5032],
          [-125.14331, 41.51627],
          [-125.14974, 41.53758],
          [-125.13873, 41.55064],
          [-125.12771, 41.5637],
          [-125.13414, 41.585],
          [-125.12312, 41.59806],
          [-125.11209, 41.61112],
          [-125.11853, 41.63242],
          [-125.1075, 41.64547],
          [-125.09646, 41.65853],
          [-125.1029, 41.67982],
          [-125.09186, 41.69287],
          [-125.08082, 41.70592],
          [-125.08726, 41.72721],
          [-125.09369, 41.74849],
          [-125.08265, 41.76154],
          [-125.0716, 41.77458],
          [-125.07803, 41.79586],
          [-125.06698, 41.8089],
          [-125.05592, 41.82194],
          [-125.06236, 41.84322],
          [-125.0513, 41.85625],
          [-125.04023, 41.86928],
          [-125.04667, 41.89055],
          [-125.0356, 41.90359],
          [-125.02453, 41.91661],
          [-125.01346, 41.92964],
          [-125.00238, 41.94267],
          [-125.00881, 41.96393],
          [-124.99773, 41.97695],
          [-124.98665, 41.98997],
          [-124.99308, 42.01123],
          [-124.98199, 42.02425],
          [-124.9709, 42.03727],
          [-124.97733, 42.05852],
          [-124.96624, 42.07153],
          [-124.95514, 42.08455],
          [-124.94404, 42.09756],
          [-124.93293, 42.11056],
          [-124.93936, 42.13181],
          [-124.92825, 42.14481],
          [-124.91714, 42.15782],
          [-124.92357, 42.17906],
          [-124.91245, 42.19206],
          [-124.90134, 42.20506],
          [-124.89021, 42.21806],
          [-124.87909, 42.23105],
          [-124.86796, 42.24405],
          [-124.85683, 42.25704],
          [-124.8457, 42.27003],
          [-124.84173, 42.28183],
          [-124.84098, 42.30425],
          [-124.82984, 42.31723],
          [-124.8187, 42.33022],
          [-124.80755, 42.3432],
          [-124.7964, 42.35618],
          [-124.78525, 42.36916],
          [-124.78127, 42.38096],
          [-124.77332, 42.40454],
          [-124.76935, 42.41633],
          [-124.75818, 42.42931],
          [-124.74702, 42.44228],
          [-124.73585, 42.45525],
          [-124.72468, 42.46822],
          [-124.72069, 42.48],
          [-124.71991, 42.50239],
          [-124.70873, 42.51536],
          [-124.69755, 42.52832],
          [-124.69676, 42.5507],
          [-124.69277, 42.56248],
          [-124.68158, 42.57544],
          [-124.67039, 42.58839],
          [-124.6592, 42.60135],
          [-124.648, 42.6143],
          [-124.644, 42.62607],
          [-124.6432, 42.64844],
          [-124.63199, 42.66139],
          [-124.62079, 42.67433],
          [-124.60958, 42.68728],
          [-124.59836, 42.70022],
          [-124.58715, 42.71316],
          [-124.57593, 42.7261],
          [-124.5647, 42.73904],
          [-124.56069, 42.7508],
          [-124.54385, 42.7702],
          [-124.53823, 42.77667],
          [-124.52138, 42.79607],
          [-124.51576, 42.80253],
          [-124.4989, 42.82192],
          [-124.49328, 42.82838],
          [-124.47641, 42.84777],
          [-124.46357, 42.8554],
          [-124.45232, 42.86832],
          [-124.44107, 42.88124],
          [-124.42821, 42.88887],
          [-124.40251, 42.90411],
          [-124.38965, 42.91174],
          [-124.37838, 42.92465],
          [-124.36711, 42.93756],
          [-124.35584, 42.95047],
          [-124.34456, 42.96337],
          [-124.33329, 42.97628],
          [-124.322, 42.98918],
          [-124.31072, 43.00208],
          [-124.29943, 43.01498],
          [-124.28814, 43.02788],
          [-124.27684, 43.04077],
          [-124.26555, 43.05367],
          [-124.25425, 43.06656],
          [-124.24295, 43.07945],
          [-124.23888, 43.09118],
          [-124.23074, 43.11464],
          [-124.22667, 43.12637],
          [-124.21536, 43.13926],
          [-124.21446, 43.16155],
          [-124.21038, 43.17328],
          [-124.19906, 43.18616],
          [-124.18774, 43.19903],
          [-124.18366, 43.21076],
          [-124.18275, 43.23304],
          [-124.17142, 43.24591],
          [-124.16734, 43.25763],
          [-124.16643, 43.27991],
          [-124.17277, 43.30103],
          [-124.17911, 43.32215],
          [-124.18546, 43.34327],
          [-124.17412, 43.35613],
          [-124.17003, 43.36784],
          [-124.16912, 43.3901],
          [-124.17546, 43.41121],
          [-124.16411, 43.42407],
          [-124.15276, 43.43692],
          [-124.15911, 43.45802],
          [-124.16546, 43.47912],
          [-124.15409, 43.49197],
          [-124.14273, 43.50482],
          [-124.14908, 43.52592],
          [-124.15543, 43.54701],
          [-124.14406, 43.55985],
          [-124.13269, 43.5727],
          [-124.13904, 43.59378],
          [-124.1454, 43.61486],
          [-124.13402, 43.6277],
          [-124.12264, 43.64054],
          [-124.12899, 43.66161],
          [-124.12807, 43.68383],
          [-124.12396, 43.69552],
          [-124.11257, 43.70835],
          [-124.11164, 43.73056],
          [-124.10753, 43.74224],
          [-124.09613, 43.75507],
          [-124.08473, 43.76789],
          [-124.08061, 43.77957],
          [-124.07967, 43.80177],
          [-124.07874, 43.82397],
          [-124.07462, 43.83565],
          [-124.0705, 43.84732],
          [-124.07686, 43.86837],
          [-124.08322, 43.88941],
          [-124.08228, 43.9116],
          [-124.08134, 43.93378],
          [-124.07722, 43.94545],
          [-124.0731, 43.95711],
          [-124.07216, 43.97929],
          [-124.07121, 44.00146],
          [-124.06709, 44.01312],
          [-124.05565, 44.02592],
          [-124.04421, 44.03872],
          [-124.04008, 44.05038],
          [-124.03182, 44.07368],
          [-124.02768, 44.08534],
          [-124.01623, 44.09813],
          [-124.00478, 44.11092],
          [-123.99332, 44.12371],
          [-123.98186, 44.1365],
          [-123.9704, 44.14928],
          [-123.95894, 44.16207],
          [-123.94747, 44.17485],
          [-123.95382, 44.19586],
          [-123.96018, 44.21686],
          [-123.96653, 44.23786],
          [-123.97289, 44.25886],
          [-123.97926, 44.27985],
          [-123.9971, 44.28807],
          [-124.00762, 44.29742],
          [-124.01399, 44.31841],
          [-124.00985, 44.33004],
          [-124.0057, 44.34167],
          [-124.00474, 44.36379],
          [-124.00378, 44.38591],
          [-123.99963, 44.39754],
          [-123.99548, 44.40916],
          [-123.99451, 44.43127],
          [-124.00824, 44.4511],
          [-124.01462, 44.47207],
          [-124.02101, 44.49303],
          [-124.02887, 44.5]
        ]
      }
    },
    {
      "type": "Feature",
      "id": "2026101018_f054_05000_006",
      "properties": {
        "product_id": "winter_storm_levels",
        "source_id": "nbm_snow_level",
        "parameter": "snow_level",
        "definition": "height of the wet-bulb 0.5 degree C surface",
        "level_ft_msl": 5000,
        "label": "5,000 ft MSL",
        "unit": "ft_msl",
        "cycle_time_utc": "2026-10-10T18:00:00Z",
        "valid_time_utc": "2026-10-13T00:00:00Z",
        "lead_hours": 54,
        "segment": 6,
        "length_m": 11649.1
      },
      "geometry": {
        "type": "LineString",
        "coordinates": [
          [-126.26684, 43.08807],
          [-126.26007, 43.067],
          [-126.24226, 43.05893],
          [-126.23121, 43.07194],
          [-126.23798, 43.09302],
          [-126.2558, 43.10108],
          [-126.26684, 43.08807]
        ]
      }
    },
    {
      "type": "Feature",
      "id": "2026101018_f054_05000_007",
      "properties": {
        "product_id": "winter_storm_levels",
        "source_id": "nbm_snow_level",
        "parameter": "snow_level",
        "definition": "height of the wet-bulb 0.5 degree C surface",
        "level_ft_msl": 5000,
        "label": "5,000 ft MSL",
        "unit": "ft_msl",
        "cycle_time_utc": "2026-10-10T18:00:00Z",
        "valid_time_utc": "2026-10-13T00:00:00Z",
        "lead_hours": 54,
        "segment": 7,
        "length_m": 11652
      },
      "geometry": {
        "type": "LineString",
        "coordinates": [
          [-126.28214, 43.04097],
          [-126.27536, 43.01989],
          [-126.25756, 43.01182],
          [-126.24653, 43.02484],
          [-126.25329, 43.04592],
          [-126.2711, 43.05398],
          [-126.28214, 43.04097]
        ]
      }
    },
    {
      "type": "Feature",
      "id": "2026101018_f054_05000_008",
      "properties": {
        "product_id": "winter_storm_levels",
        "source_id": "nbm_snow_level",
        "parameter": "snow_level",
        "definition": "height of the wet-bulb 0.5 degree C surface",
        "level_ft_msl": 5000,
        "label": "5,000 ft MSL",
        "unit": "ft_msl",
        "cycle_time_utc": "2026-10-10T18:00:00Z",
        "valid_time_utc": "2026-10-13T00:00:00Z",
        "lead_hours": 54,
        "segment": 8,
        "length_m": 71804.8
      },
      "geometry": {
        "type": "LineString",
        "coordinates": [
          [-126.52799, 35.18555],
          [-126.52166, 35.16368],
          [-126.51533, 35.14182],
          [-126.49879, 35.13347],
          [-126.48226, 35.12512],
          [-126.47594, 35.10325],
          [-126.45941, 35.0949],
          [-126.44289, 35.08655],
          [-126.42637, 35.07819],
          [-126.40985, 35.06983],
          [-126.40354, 35.04796],
          [-126.38703, 35.0396],
          [-126.37052, 35.03124],
          [-126.35401, 35.02287],
          [-126.33751, 35.01451],
          [-126.321, 35.00614],
          [-126.29428, 35.01128],
          [-126.28406, 35.0248],
          [-126.29034, 35.04668],
          [-126.29662, 35.06856],
          [-126.30291, 35.09044],
          [-126.3092, 35.11232],
          [-126.31549, 35.1342],
          [-126.32178, 35.15607],
          [-126.32807, 35.17795],
          [-126.3446, 35.18631],
          [-126.36113, 35.19467],
          [-126.37767, 35.20303],
          [-126.3942, 35.21138],
          [-126.41074, 35.21974],
          [-126.43751, 35.21458],
          [-126.46427, 35.20941],
          [-126.49103, 35.20424],
          [-126.51778, 35.19907],
          [-126.52799, 35.18555]
        ]
      }
    },
    {
      "type": "Feature",
      "id": "2026101018_f054_05000_009",
      "properties": {
        "product_id": "winter_storm_levels",
        "source_id": "nbm_snow_level",
        "parameter": "snow_level",
        "definition": "height of the wet-bulb 0.5 degree C surface",
        "level_ft_msl": 5000,
        "label": "5,000 ft MSL",
        "unit": "ft_msl",
        "cycle_time_utc": "2026-10-10T18:00:00Z",
        "valid_time_utc": "2026-10-13T00:00:00Z",
        "lead_hours": 54,
        "segment": 9,
        "length_m": 112463
      },
      "geometry": {
        "type": "LineString",
        "coordinates": [
          [-128.13366, 37.01381],
          [-128.12689, 36.99215],
          [-128.12013, 36.97049],
          [-128.11338, 36.94883],
          [-128.10662, 36.92716],
          [-128.09987, 36.90549],
          [-128.09312, 36.88382],
          [-128.08637, 36.86215],
          [-128.07963, 36.84048],
          [-128.07289, 36.8188],
          [-128.05598, 36.81066],
          [-128.03907, 36.80252],
          [-128.03234, 36.78084],
          [-128.02562, 36.75915],
          [-128.00872, 36.751],
          [-127.98165, 36.75639],
          [-127.96476, 36.74824],
          [-127.94788, 36.74008],
          [-127.93099, 36.73192],
          [-127.91411, 36.72377],
          [-127.88704, 36.72914],
          [-127.85998, 36.7345],
          [-127.84979, 36.74803],
          [-127.8396, 36.76155],
          [-127.81252, 36.76691],
          [-127.80232, 36.78043],
          [-127.79212, 36.79396],
          [-127.78192, 36.80748],
          [-127.7886, 36.82916],
          [-127.79528, 36.85085],
          [-127.80197, 36.87253],
          [-127.80866, 36.89422],
          [-127.81536, 36.9159],
          [-127.82205, 36.93757],
          [-127.82875, 36.95925],
          [-127.83545, 36.98092],
          [-127.85237, 36.98908],
          [-127.86929, 36.99724],
          [-127.88621, 37.00539],
          [-127.90314, 37.01355],
          [-127.92006, 37.0217],
          [-127.937, 37.02985],
          [-127.95393, 37.03799],
          [-127.97086, 37.04614],
          [-127.9878, 37.05428],
          [-128.00474, 37.06242],
          [-128.02169, 37.07056],
          [-128.04883, 37.06517],
          [-128.06578, 37.07331],
          [-128.08272, 37.08144],
          [-128.09292, 37.06792],
          [-128.1031, 37.05439],
          [-128.11329, 37.04087],
          [-128.12347, 37.02734],
          [-128.13366, 37.01381]
        ]
      }
    },
    {
      "type": "Feature",
      "id": "2026101018_f054_06000_001",
      "properties": {
        "product_id": "winter_storm_levels",
        "source_id": "nbm_snow_level",
        "parameter": "snow_level",
        "definition": "height of the wet-bulb 0.5 degree C surface",
        "level_ft_msl": 6000,
        "label": "6,000 ft MSL",
        "unit": "ft_msl",
        "cycle_time_utc": "2026-10-10T18:00:00Z",
        "valid_time_utc": "2026-10-13T00:00:00Z",
        "lead_hours": 54,
        "segment": 1,
        "length_m": 12906.9
      },
      "geometry": {
        "type": "LineString",
        "coordinates": [
          [-117.429, 44.08676],
          [-117.41423, 44.10161],
          [-117.38469, 44.10515],
          [-117.36401, 44.09454],
          [-117.37878, 44.07969],
          [-117.40832, 44.07615],
          [-117.429, 44.08676]
        ]
      }
    },
    {
      "type": "Feature",
      "id": "2026101018_f054_06000_002",
      "properties": {
        "product_id": "winter_storm_levels",
        "source_id": "nbm_snow_level",
        "parameter": "snow_level",
        "definition": "height of the wet-bulb 0.5 degree C surface",
        "level_ft_msl": 6000,
        "label": "6,000 ft MSL",
        "unit": "ft_msl",
        "cycle_time_utc": "2026-10-10T18:00:00Z",
        "valid_time_utc": "2026-10-13T00:00:00Z",
        "lead_hours": 54,
        "segment": 2,
        "length_m": 421171.4
      },
      "geometry": {
        "type": "LineString",
        "coordinates": [
          [-117.64958, 43.73257],
          [-117.6349, 43.74747],
          [-117.62512, 43.75741],
          [-117.61043, 43.77231],
          [-117.60064, 43.78224],
          [-117.58595, 43.79714],
          [-117.57615, 43.80707],
          [-117.5811, 43.82832],
          [-117.5664, 43.84321],
          [-117.55659, 43.85313],
          [-117.54188, 43.86802],
          [-117.53207, 43.87794],
          [-117.51735, 43.89282],
          [-117.48788, 43.89638],
          [-117.46724, 43.88577],
          [-117.45348, 43.87869],
          [-117.424, 43.88224],
          [-117.39453, 43.88578],
          [-117.36505, 43.88932],
          [-117.33557, 43.89286],
          [-117.31494, 43.88223],
          [-117.3012, 43.87514],
          [-117.28058, 43.86451],
          [-117.26683, 43.85741],
          [-117.24622, 43.84678],
          [-117.23248, 43.83968],
          [-117.21188, 43.82904],
          [-117.19912, 43.82619],
          [-117.16868, 43.82545],
          [-117.14808, 43.8148],
          [-117.13436, 43.80769],
          [-117.10489, 43.81119],
          [-117.08431, 43.80053],
          [-117.07059, 43.79343],
          [-117.05001, 43.78276],
          [-117.0363, 43.77565],
          [-117.01573, 43.76498],
          [-117.00202, 43.75786],
          [-116.98145, 43.74719],
          [-116.97664, 43.72591],
          [-116.96294, 43.71879],
          [-116.94239, 43.70811],
          [-116.93758, 43.68683],
          [-116.92389, 43.67971],
          [-116.90335, 43.66902],
          [-116.88966, 43.66189],
          [-116.86913, 43.65119],
          [-116.86434, 43.6299],
          [-116.85066, 43.62277],
          [-116.83015, 43.61207],
          [-116.81647, 43.60493],
          [-116.79596, 43.59423],
          [-116.78229, 43.58709],
          [-116.75288, 43.59054],
          [-116.73238, 43.57983],
          [-116.71872, 43.57268],
          [-116.68931, 43.57612],
          [-116.6599, 43.57956],
          [-116.63941, 43.56883],
          [-116.62576, 43.56168],
          [-116.60528, 43.55095],
          [-116.59163, 43.5438],
          [-116.57115, 43.53306],
          [-116.56644, 43.51175],
          [-116.5528, 43.50459],
          [-116.53234, 43.49384],
          [-116.52763, 43.47252],
          [-116.52292, 43.4512],
          [-116.51822, 43.42987],
          [-116.53302, 43.41502],
          [-116.54289, 43.40512],
          [-116.52926, 43.39796],
          [-116.50882, 43.38721],
          [-116.50413, 43.36587],
          [-116.49051, 43.3587],
          [-116.47009, 43.34794],
          [-116.4654, 43.3266],
          [-116.45179, 43.31942],
          [-116.43138, 43.30866],
          [-116.41778, 43.30148],
          [-116.39737, 43.29071],
          [-116.38377, 43.28352],
          [-116.36338, 43.27275],
          [-116.35872, 43.25139],
          [-116.3482, 43.23071],
          [-116.34354, 43.20935],
          [-116.33582, 43.20148],
          [-116.32424, 43.18968],
          [-116.31959, 43.16831],
          [-116.3003, 43.14864],
          [-116.29259, 43.14076],
          [-116.28102, 43.12895],
          [-116.26174, 43.10927],
          [-116.25403, 43.10139],
          [-116.23369, 43.09059],
          [-116.22013, 43.08339],
          [-116.19979, 43.07258],
          [-116.18624, 43.06537],
          [-116.17469, 43.05355],
          [-116.15097, 43.04094],
          [-116.14081, 43.03553],
          [-116.12158, 43.01581],
          [-116.11389, 43.00793],
          [-116.10236, 42.9961],
          [-116.089, 42.97571],
          [-116.07546, 42.96849],
          [-116.06394, 42.95665],
          [-116.04474, 42.93692],
          [-116.03706, 42.92903],
          [-116.02555, 42.91719],
          [-116.01221, 42.89678],
          [-116.00764, 42.87536],
          [-116.00308, 42.85395],
          [-116.01787, 42.83909],
          [-116.02773, 42.82918],
          [-116.02316, 42.80776],
          [-116.03794, 42.79289],
          [-116.04779, 42.78298],
          [-116.06256, 42.76811],
          [-116.08282, 42.77895],
          [-116.09633, 42.78618],
          [-116.1166, 42.79701],
          [-116.13011, 42.80424],
          [-116.15039, 42.81507],
          [-116.16391, 42.82229],
          [-116.18419, 42.83312],
          [-116.19771, 42.84033],
          [-116.218, 42.85116],
          [-116.23153, 42.85837],
          [-116.25183, 42.86919],
          [-116.26536, 42.8764],
          [-116.29457, 42.87301],
          [-116.31488, 42.88382],
          [-116.31951, 42.90523],
          [-116.32415, 42.92663],
          [-116.33769, 42.93383],
          [-116.35802, 42.94463],
          [-116.37157, 42.95183],
          [-116.3919, 42.96263],
          [-116.40545, 42.96982],
          [-116.43469, 42.96641],
          [-116.46393, 42.963],
          [-116.48427, 42.97379],
          [-116.48894, 42.99518],
          [-116.50251, 43.00236],
          [-116.52286, 43.01314],
          [-116.52755, 43.03452],
          [-116.54112, 43.04171],
          [-116.56149, 43.05248],
          [-116.56619, 43.07386],
          [-116.57088, 43.09523],
          [-116.57558, 43.1166],
          [-116.58028, 43.13797],
          [-116.58498, 43.15934],
          [-116.59858, 43.16651],
          [-116.61898, 43.17726],
          [-116.62369, 43.19862],
          [-116.63729, 43.20579],
          [-116.65771, 43.21654],
          [-116.66243, 43.2379],
          [-116.67604, 43.24506],
          [-116.69647, 43.2558],
          [-116.7012, 43.27715],
          [-116.71482, 43.28431],
          [-116.73526, 43.29504],
          [-116.74, 43.31638],
          [-116.74474, 43.33772],
          [-116.75838, 43.34487],
          [-116.77883, 43.3556],
          [-116.78359, 43.37693],
          [-116.79723, 43.38408],
          [-116.81769, 43.3948],
          [-116.83134, 43.40195],
          [-116.86069, 43.39848],
          [-116.89004, 43.39501],
          [-116.91939, 43.39153],
          [-116.94873, 43.38805],
          [-116.97807, 43.38457],
          [-117.00741, 43.38108],
          [-117.0279, 43.39178],
          [-117.04156, 43.39891],
          [-117.0709, 43.39541],
          [-117.09928, 43.38764],
          [-117.11005, 43.38197],
          [-117.12475, 43.36707],
          [-117.15408, 43.36356],
          [-117.18341, 43.36004],
          [-117.21273, 43.35652],
          [-117.24205, 43.35299],
          [-117.26256, 43.36366],
          [-117.26742, 43.38498],
          [-117.27229, 43.4063],
          [-117.28597, 43.41341],
          [-117.30649, 43.42407],
          [-117.31136, 43.44538],
          [-117.32505, 43.45249],
          [-117.34559, 43.46315],
          [-117.35047, 43.48445],
          [-117.36417, 43.49155],
          [-117.38472, 43.5022],
          [-117.39842, 43.5093],
          [-117.41898, 43.51994],
          [-117.42388, 43.54124],
          [-117.42879, 43.56253],
          [-117.43369, 43.58381],
          [-117.4386, 43.6051],
          [-117.45232, 43.61219],
          [-117.47291, 43.62282],
          [-117.47783, 43.6441],
          [-117.48275, 43.66537],
          [-117.49648, 43.67245],
          [-117.51708, 43.68308],
          [-117.53082, 43.69016],
          [-117.55143, 43.70078],
          [-117.56517, 43.70785],
          [-117.58579, 43.71847],
          [-117.59954, 43.72554],
          [-117.62895, 43.72196],
          [-117.64958, 43.73257]
        ]
      }
    },
    {
      "type": "Feature",
      "id": "2026101018_f054_06000_003",
      "properties": {
        "product_id": "winter_storm_levels",
        "source_id": "nbm_snow_level",
        "parameter": "snow_level",
        "definition": "height of the wet-bulb 0.5 degree C surface",
        "level_ft_msl": 6000,
        "label": "6,000 ft MSL",
        "unit": "ft_msl",
        "cycle_time_utc": "2026-10-10T18:00:00Z",
        "valid_time_utc": "2026-10-13T00:00:00Z",
        "lead_hours": 54,
        "segment": 3,
        "length_m": 44111.7
      },
      "geometry": {
        "type": "LineString",
        "coordinates": [
          [-117.9663, 32.21285],
          [-117.96179, 32.19051],
          [-117.94325, 32.17941],
          [-117.93089, 32.172],
          [-117.92638, 32.14966],
          [-117.92188, 32.12733],
          [-117.90336, 32.11621],
          [-117.87698, 32.12002],
          [-117.86385, 32.13571],
          [-117.8551, 32.14616],
          [-117.84987, 32.1607],
          [-117.85437, 32.18304],
          [-117.85886, 32.20538],
          [-117.85543, 32.22885],
          [-117.85993, 32.25118],
          [-117.87847, 32.2623],
          [-117.90487, 32.25849],
          [-117.91801, 32.24281],
          [-117.92677, 32.23235],
          [-117.95317, 32.22854],
          [-117.9663, 32.21285]
        ]
      }
    },
    {
      "type": "Feature",
      "id": "2026101018_f054_06000_004",
      "properties": {
        "product_id": "winter_storm_levels",
        "source_id": "nbm_snow_level",
        "parameter": "snow_level",
        "definition": "height of the wet-bulb 0.5 degree C surface",
        "level_ft_msl": 6000,
        "label": "6,000 ft MSL",
        "unit": "ft_msl",
        "cycle_time_utc": "2026-10-10T18:00:00Z",
        "valid_time_utc": "2026-10-13T00:00:00Z",
        "lead_hours": 54,
        "segment": 4,
        "length_m": 8512.5
      },
      "geometry": {
        "type": "LineString",
        "coordinates": [
          [-118.38553, 33.85001],
          [-118.37227, 33.86567],
          [-118.35342, 33.85466],
          [-118.36668, 33.839],
          [-118.38553, 33.85001]
        ]
      }
    },
    {
      "type": "Feature",
      "id": "2026101018_f054_06000_005",
      "properties": {
        "product_id": "winter_storm_levels",
        "source_id": "nbm_snow_level",
        "parameter": "snow_level",
        "definition": "height of the wet-bulb 0.5 degree C surface",
        "level_ft_msl": 6000,
        "label": "6,000 ft MSL",
        "unit": "ft_msl",
        "cycle_time_utc": "2026-10-10T18:00:00Z",
        "valid_time_utc": "2026-10-13T00:00:00Z",
        "lead_hours": 54,
        "segment": 5,
        "length_m": 36410.3
      },
      "geometry": {
        "type": "LineString",
        "coordinates": [
          [-118.39063, 31.80571],
          [-118.38605, 31.78337],
          [-118.37542, 31.77114],
          [-118.3624, 31.78688],
          [-118.35372, 31.79737],
          [-118.34069, 31.8131],
          [-118.332, 31.82359],
          [-118.32685, 31.83816],
          [-118.32353, 31.86166],
          [-118.3281, 31.884],
          [-118.33268, 31.90634],
          [-118.35121, 31.91741],
          [-118.36425, 31.90167],
          [-118.37294, 31.89119],
          [-118.37808, 31.87662],
          [-118.38139, 31.85311],
          [-118.37681, 31.83078],
          [-118.3855, 31.82028],
          [-118.39063, 31.80571]
        ]
      }
    },
    {
      "type": "Feature",
      "id": "2026101018_f054_06000_006",
      "properties": {
        "product_id": "winter_storm_levels",
        "source_id": "nbm_snow_level",
        "parameter": "snow_level",
        "definition": "height of the wet-bulb 0.5 degree C surface",
        "level_ft_msl": 6000,
        "label": "6,000 ft MSL",
        "unit": "ft_msl",
        "cycle_time_utc": "2026-10-10T18:00:00Z",
        "valid_time_utc": "2026-10-13T00:00:00Z",
        "lead_hours": 54,
        "segment": 6,
        "length_m": 51180.8
      },
      "geometry": {
        "type": "LineString",
        "coordinates": [
          [-118.5607, 33.6871],
          [-118.55817, 33.70122],
          [-118.54935, 33.71167],
          [-118.53426, 33.71846],
          [-118.51728, 33.71635],
          [-118.50472, 33.70901],
          [-118.47659, 33.70624],
          [-118.45127, 33.71679],
          [-118.42454, 33.72067],
          [-118.39781, 33.72455],
          [-118.37898, 33.71354],
          [-118.37432, 33.6913],
          [-118.36177, 33.68396],
          [-118.34295, 33.67293],
          [-118.35619, 33.65727],
          [-118.36502, 33.64683],
          [-118.37825, 33.63116],
          [-118.40496, 33.62728],
          [-118.43167, 33.6234],
          [-118.45049, 33.63442],
          [-118.46305, 33.64176],
          [-118.49116, 33.64454],
          [-118.50859, 33.64887],
          [-118.52021, 33.65176],
          [-118.54532, 33.66643],
          [-118.55254, 33.67454],
          [-118.5607, 33.6871]
        ]
      }
    },
    {
      "type": "Feature",
      "id": "2026101018_f054_06000_007",
      "properties": {
        "product_id": "winter_storm_levels",
        "source_id": "nbm_snow_level",
        "parameter": "snow_level",
        "definition": "height of the wet-bulb 0.5 degree C surface",
        "level_ft_msl": 6000,
        "label": "6,000 ft MSL",
        "unit": "ft_msl",
        "cycle_time_utc": "2026-10-10T18:00:00Z",
        "valid_time_utc": "2026-10-13T00:00:00Z",
        "lead_hours": 54,
        "segment": 7,
        "length_m": 5465.4
      },
      "geometry": {
        "type": "LineString",
        "coordinates": [
          [-118.57299, 42.6949],
          [-118.5634, 42.70495],
          [-118.54972, 42.6979],
          [-118.55931, 42.68785],
          [-118.57299, 42.6949]
        ]
      }
    },
    {
      "type": "Feature",
      "id": "2026101018_f054_06000_008",
      "properties": {
        "product_id": "winter_storm_levels",
        "source_id": "nbm_snow_level",
        "parameter": "snow_level",
        "definition": "height of the wet-bulb 0.5 degree C surface",
        "level_ft_msl": 6000,
        "label": "6,000 ft MSL",
        "unit": "ft_msl",
        "cycle_time_utc": "2026-10-10T18:00:00Z",
        "valid_time_utc": "2026-10-13T00:00:00Z",
        "lead_hours": 54,
        "segment": 8,
        "length_m": 26965.5
      },
      "geometry": {
        "type": "LineString",
        "coordinates": [
          [-118.84538, 32.03702],
          [-118.84029, 32.0516],
          [-118.83163, 32.06211],
          [-118.81864, 32.07787],
          [-118.80997, 32.08838],
          [-118.79697, 32.10415],
          [-118.77837, 32.09313],
          [-118.7737, 32.07082],
          [-118.76904, 32.0485],
          [-118.78203, 32.03274],
          [-118.7907, 32.02223],
          [-118.80369, 32.00647],
          [-118.82228, 32.01748],
          [-118.83468, 32.02482],
          [-118.84538, 32.03702]
        ]
      }
    },
    {
      "type": "Feature",
      "id": "2026101018_f054_06000_009",
      "properties": {
        "product_id": "winter_storm_levels",
        "source_id": "nbm_snow_level",
        "parameter": "snow_level",
        "definition": "height of the wet-bulb 0.5 degree C surface",
        "level_ft_msl": 6000,
        "label": "6,000 ft MSL",
        "unit": "ft_msl",
        "cycle_time_utc": "2026-10-10T18:00:00Z",
        "valid_time_utc": "2026-10-13T00:00:00Z",
        "lead_hours": 54,
        "segment": 9,
        "length_m": 297773.3
      },
      "geometry": {
        "type": "LineString",
        "coordinates": [
          [-119.28809, 34.24388],
          [-119.28564, 34.25799],
          [-119.27685, 34.26846],
          [-119.26173, 34.2753],
          [-119.23489, 34.27931],
          [-119.21782, 34.27728],
          [-119.20644, 34.27592],
          [-119.17735, 34.26958],
          [-119.15051, 34.27357],
          [-119.12368, 34.27756],
          [-119.09748, 34.2845],
          [-119.07344, 34.27586],
          [-119.06711, 34.27222],
          [-119.04894, 34.2566],
          [-119.0343, 34.23588],
          [-119.03065, 34.23184],
          [-119.01608, 34.21568],
          [-118.99876, 34.19535],
          [-118.99422, 34.19144],
          [-118.97608, 34.1758],
          [-118.96235, 34.15494],
          [-118.95686, 34.14659],
          [-118.94594, 34.13446],
          [-118.92776, 34.11425],
          [-118.92048, 34.10616],
          [-118.91226, 34.09364],
          [-118.90748, 34.07144],
          [-118.89735, 34.05004],
          [-118.87918, 34.02981],
          [-118.87587, 34.02725],
          [-118.85433, 34.01058],
          [-118.84329, 34.00419],
          [-118.81699, 33.99317],
          [-118.81294, 33.99148],
          [-118.78341, 33.98254],
          [-118.75558, 33.98158],
          [-118.7288, 33.98551],
          [-118.70211, 33.98988],
          [-118.67627, 33.99824],
          [-118.64986, 34.00394],
          [-118.62496, 34.01673],
          [-118.61518, 34.02274],
          [-118.60052, 34.03174],
          [-118.58506, 34.05002],
          [-118.58977, 34.07223],
          [-118.59448, 34.09443],
          [-118.5992, 34.11664],
          [-118.60391, 34.13884],
          [-118.5987, 34.15333],
          [-118.59522, 34.16299],
          [-118.59994, 34.18519],
          [-118.60719, 34.19329],
          [-118.61808, 34.20543],
          [-118.6228, 34.22763],
          [-118.61616, 34.23546],
          [-118.59168, 34.25046],
          [-118.56357, 34.24844],
          [-118.53672, 34.25234],
          [-118.5083, 34.24883],
          [-118.49124, 34.24672],
          [-118.47956, 34.24383],
          [-118.45036, 34.23662],
          [-118.4409, 34.23112],
          [-118.42279, 34.21086],
          [-118.41648, 34.20719],
          [-118.3873, 34.19996],
          [-118.36979, 34.19562],
          [-118.35811, 34.19273],
          [-118.32847, 34.18326],
          [-118.32217, 34.17959],
          [-118.29961, 34.15996],
          [-118.29417, 34.15159],
          [-118.28601, 34.13903],
          [-118.27867, 34.11721],
          [-118.27402, 34.095],
          [-118.26937, 34.07278],
          [-118.27463, 34.0583],
          [-118.27813, 34.04864],
          [-118.27884, 34.02565],
          [-118.26626, 34.01831],
          [-118.25543, 34.00613],
          [-118.24275, 33.98506],
          [-118.23811, 33.96284],
          [-118.2514, 33.9472],
          [-118.26026, 33.93677],
          [-118.27494, 33.92779],
          [-118.30033, 33.91727],
          [-118.32711, 33.91341],
          [-118.34597, 33.92442],
          [-118.35063, 33.94665],
          [-118.36321, 33.95399],
          [-118.39, 33.95012],
          [-118.41678, 33.94624],
          [-118.42562, 33.9358],
          [-118.42095, 33.91358],
          [-118.43421, 33.89792],
          [-118.46098, 33.89404],
          [-118.48681, 33.88571],
          [-118.51593, 33.89293],
          [-118.54269, 33.88904],
          [-118.56016, 33.89336],
          [-118.57181, 33.89625],
          [-118.59857, 33.89234],
          [-118.60834, 33.88633],
          [-118.62157, 33.87066],
          [-118.64833, 33.86675],
          [-118.6765, 33.86949],
          [-118.69397, 33.8738],
          [-118.7053, 33.8752],
          [-118.73308, 33.87608],
          [-118.7614, 33.87948],
          [-118.78816, 33.87555],
          [-118.81516, 33.87279],
          [-118.8421, 33.86969],
          [-118.86458, 33.87161],
          [-118.87031, 33.8726],
          [-118.89897, 33.87753],
          [-118.91884, 33.8865],
          [-118.92987, 33.89289],
          [-118.94457, 33.90561],
          [-118.95826, 33.92649],
          [-118.96674, 33.93593],
          [-118.97642, 33.94671],
          [-118.99334, 33.96711],
          [-119.00349, 33.98852],
          [-119.00774, 34.0108],
          [-119.00236, 34.0345],
          [-119.00179, 34.05749],
          [-119.00873, 34.07937],
          [-119.02865, 34.09474],
          [-119.03497, 34.09838],
          [-119.05833, 34.10408],
          [-119.08645, 34.1062],
          [-119.11445, 34.10776],
          [-119.12285, 34.10822],
          [-119.14273, 34.11061],
          [-119.1713, 34.11475],
          [-119.18753, 34.12149],
          [-119.20219, 34.14221],
          [-119.20583, 34.14624],
          [-119.224, 34.16185],
          [-119.2399, 34.17551],
          [-119.24672, 34.18136],
          [-119.26944, 34.20086],
          [-119.27496, 34.2092],
          [-119.2819, 34.2219],
          [-119.28809, 34.24388]
        ]
      }
    },
    {
      "type": "Feature",
      "id": "2026101018_f054_06000_010",
      "properties": {
        "product_id": "winter_storm_levels",
        "source_id": "nbm_snow_level",
        "parameter": "snow_level",
        "definition": "height of the wet-bulb 0.5 degree C surface",
        "level_ft_msl": 6000,
        "label": "6,000 ft MSL",
        "unit": "ft_msl",
        "cycle_time_utc": "2026-10-10T18:00:00Z",
        "valid_time_utc": "2026-10-13T00:00:00Z",
        "lead_hours": 54,
        "segment": 10,
        "length_m": 50975.7
      },
      "geometry": {
        "type": "LineString",
        "coordinates": [
          [-119.35807, 30.96721],
          [-119.34528, 30.98305],
          [-119.33674, 30.99362],
          [-119.32394, 31.00946],
          [-119.3154, 31.02002],
          [-119.30259, 31.03585],
          [-119.29404, 31.04641],
          [-119.28123, 31.06225],
          [-119.27268, 31.0728],
          [-119.25986, 31.08864],
          [-119.25131, 31.09919],
          [-119.23848, 31.11502],
          [-119.21238, 31.11906],
          [-119.19389, 31.10807],
          [-119.19701, 31.08451],
          [-119.20202, 31.0699],
          [-119.21057, 31.05934],
          [-119.21369, 31.03578],
          [-119.2201, 31.02787],
          [-119.23506, 31.0094],
          [-119.24146, 31.00148],
          [-119.26518, 30.98626],
          [-119.27466, 30.98018],
          [-119.28747, 30.96434],
          [-119.31354, 30.96029],
          [-119.3396, 30.95624],
          [-119.35807, 30.96721]
        ]
      }
    },
    {
      "type": "Feature",
      "id": "2026101018_f054_06000_011",
      "properties": {
        "product_id": "winter_storm_levels",
        "source_id": "nbm_snow_level",
        "parameter": "snow_level",
        "definition": "height of the wet-bulb 0.5 degree C surface",
        "level_ft_msl": 6000,
        "label": "6,000 ft MSL",
        "unit": "ft_msl",
        "cycle_time_utc": "2026-10-10T18:00:00Z",
        "valid_time_utc": "2026-10-13T00:00:00Z",
        "lead_hours": 54,
        "segment": 11,
        "length_m": 34677.6
      },
      "geometry": {
        "type": "LineString",
        "coordinates": [
          [-119.91224, 32.05692],
          [-119.91186, 32.08002],
          [-119.90758, 32.08531],
          [-119.88373, 32.10059],
          [-119.85742, 32.10472],
          [-119.8431, 32.11388],
          [-119.83323, 32.1185],
          [-119.82206, 32.11718],
          [-119.80481, 32.11297],
          [-119.77705, 32.11041],
          [-119.76458, 32.10314],
          [-119.77316, 32.09258],
          [-119.78602, 32.07674],
          [-119.79589, 32.07212],
          [-119.82219, 32.068],
          [-119.84816, 32.06238],
          [-119.87201, 32.04711],
          [-119.89977, 32.04966],
          [-119.91224, 32.05692]
        ]
      }
    },
    {
      "type": "Feature",
      "id": "2026101018_f054_06000_012",
      "properties": {
        "product_id": "winter_storm_levels",
        "source_id": "nbm_snow_level",
        "parameter": "snow_level",
        "definition": "height of the wet-bulb 0.5 degree C surface",
        "level_ft_msl": 6000,
        "label": "6,000 ft MSL",
        "unit": "ft_msl",
        "cycle_time_utc": "2026-10-10T18:00:00Z",
        "valid_time_utc": "2026-10-13T00:00:00Z",
        "lead_hours": 54,
        "segment": 12,
        "length_m": 30028.3
      },
      "geometry": {
        "type": "LineString",
        "coordinates": [
          [-120.06413, 34.19452],
          [-120.05913, 34.17236],
          [-120.04609, 34.15145],
          [-120.03506, 34.1394],
          [-120.02235, 34.13219],
          [-120.01735, 34.11003],
          [-119.9983, 34.09921],
          [-119.98523, 34.11499],
          [-119.99022, 34.13715],
          [-120.00325, 34.15807],
          [-120.01428, 34.17012],
          [-120.02699, 34.17733],
          [-120.03199, 34.19949],
          [-120.05107, 34.2103],
          [-120.06413, 34.19452]
        ]
      }
    },
    {
      "type": "Feature",
      "id": "2026101018_f054_06000_013",
      "properties": {
        "product_id": "winter_storm_levels",
        "source_id": "nbm_snow_level",
        "parameter": "snow_level",
        "definition": "height of the wet-bulb 0.5 degree C surface",
        "level_ft_msl": 6000,
        "label": "6,000 ft MSL",
        "unit": "ft_msl",
        "cycle_time_utc": "2026-10-10T18:00:00Z",
        "valid_time_utc": "2026-10-13T00:00:00Z",
        "lead_hours": 54,
        "segment": 13,
        "length_m": 1822976.6
      },
      "geometry": {
        "type": "LineString",
        "coordinates": [
          [-120.45943, 31.43874],
          [-120.45655, 31.4623],
          [-120.45169, 31.47695],
          [-120.44322, 31.48756],
          [-120.43051, 31.50347],
          [-120.42204, 31.51408],
          [-120.41916, 31.53764],
          [-120.41429, 31.55228],
          [-120.40581, 31.56289],
          [-120.39309, 31.5788],
          [-120.3846, 31.5894],
          [-120.38171, 31.61296],
          [-120.37534, 31.62091],
          [-120.3666, 31.63848],
          [-120.36283, 31.66218],
          [-120.36056, 31.67639],
          [-120.35731, 31.68615],
          [-120.34917, 31.71054],
          [-120.34428, 31.72518],
          [-120.34103, 31.73494],
          [-120.33288, 31.75933],
          [-120.32799, 31.77396],
          [-120.32473, 31.78371],
          [-120.32968, 31.806],
          [-120.33464, 31.82828],
          [-120.33261, 31.85168],
          [-120.32258, 31.87175],
          [-120.31833, 31.87704],
          [-120.3013, 31.89823],
          [-120.2918, 31.90437],
          [-120.27704, 31.91135],
          [-120.25129, 31.91778],
          [-120.23638, 31.93631],
          [-120.22999, 31.94425],
          [-120.21507, 31.96278],
          [-120.20867, 31.97072],
          [-120.19375, 31.98924],
          [-120.18735, 31.99718],
          [-120.16388, 32.01399],
          [-120.15928, 32.0178],
          [-120.1422, 32.03896],
          [-120.13793, 32.04425],
          [-120.12085, 32.06541],
          [-120.11833, 32.07043],
          [-120.10573, 32.09548],
          [-120.10146, 32.10077],
          [-120.08436, 32.12193],
          [-120.08058, 32.12944],
          [-120.07175, 32.14698],
          [-120.06165, 32.16702],
          [-120.05737, 32.1723],
          [-120.04026, 32.19345],
          [-120.03071, 32.19957],
          [-120.0164, 32.20874],
          [-119.99122, 32.21809],
          [-119.96653, 32.22967],
          [-119.95665, 32.2343],
          [-119.94232, 32.24347],
          [-119.92732, 32.26195],
          [-119.92236, 32.27656],
          [-119.91905, 32.2863],
          [-119.90814, 32.31105],
          [-119.90433, 32.31856],
          [-119.88931, 32.33704],
          [-119.88288, 32.34496],
          [-119.86785, 32.36344],
          [-119.86141, 32.37136],
          [-119.84637, 32.38983],
          [-119.84862, 32.41251],
          [-119.84628, 32.4267],
          [-119.83768, 32.43725],
          [-119.83466, 32.46075],
          [-119.83955, 32.48302],
          [-119.83456, 32.49761],
          [-119.82596, 32.50816],
          [-119.81305, 32.52399],
          [-119.80445, 32.53455],
          [-119.79153, 32.55037],
          [-119.78292, 32.56092],
          [-119.77, 32.57675],
          [-119.74359, 32.58086],
          [-119.72482, 32.56997],
          [-119.7123, 32.5627],
          [-119.70146, 32.55058],
          [-119.68867, 32.52954],
          [-119.67616, 32.52228],
          [-119.65741, 32.51138],
          [-119.6449, 32.50411],
          [-119.63407, 32.49197],
          [-119.62922, 32.46971],
          [-119.61646, 32.44866],
          [-119.61161, 32.42639],
          [-119.60677, 32.40412],
          [-119.60193, 32.38185],
          [-119.59709, 32.35957],
          [-119.58461, 32.3523],
          [-119.57644, 32.33975],
          [-119.5716, 32.31747],
          [-119.56677, 32.29519],
          [-119.55931, 32.27332],
          [-119.55448, 32.25103],
          [-119.54176, 32.22998],
          [-119.53694, 32.20769],
          [-119.52544, 32.20486],
          [-119.51587, 32.21095],
          [-119.50295, 32.22677],
          [-119.49434, 32.23731],
          [-119.47997, 32.24644],
          [-119.45603, 32.26165],
          [-119.4311, 32.24707],
          [-119.42487, 32.24342],
          [-119.40698, 32.22776],
          [-119.39133, 32.21405],
          [-119.38199, 32.20857],
          [-119.3602, 32.19581],
          [-119.34296, 32.19155],
          [-119.33051, 32.18425],
          [-119.30417, 32.18829],
          [-119.29554, 32.19882],
          [-119.28117, 32.20793],
          [-119.25625, 32.21866],
          [-119.25288, 32.22838],
          [-119.24447, 32.25269],
          [-119.23942, 32.26727],
          [-119.23078, 32.2778],
          [-119.21782, 32.29359],
          [-119.20917, 32.30411],
          [-119.20602, 32.32761],
          [-119.21078, 32.3499],
          [-119.23259, 32.36268],
          [-119.24193, 32.36816],
          [-119.26374, 32.38094],
          [-119.29013, 32.3769],
          [-119.29948, 32.38238],
          [-119.31746, 32.40264],
          [-119.32224, 32.42492],
          [-119.30495, 32.44598],
          [-119.30239, 32.45097],
          [-119.29485, 32.47513],
          [-119.28811, 32.49457],
          [-119.28555, 32.49956],
          [-119.278, 32.52372],
          [-119.27126, 32.54316],
          [-119.26869, 32.54815],
          [-119.25585, 32.57311],
          [-119.25152, 32.57837],
          [-119.22795, 32.59576],
          [-119.21833, 32.60183],
          [-119.2039, 32.61092],
          [-119.17889, 32.62162],
          [-119.16016, 32.61066],
          [-119.14768, 32.60336],
          [-119.12123, 32.60737],
          [-119.11256, 32.61788],
          [-119.11731, 32.64015],
          [-119.12207, 32.66243],
          [-119.12683, 32.6847],
          [-119.12365, 32.70817],
          [-119.11714, 32.71606],
          [-119.09304, 32.73119],
          [-119.0834, 32.73725],
          [-119.07037, 32.75301],
          [-119.06167, 32.76352],
          [-119.04863, 32.77927],
          [-119.03994, 32.78978],
          [-119.02689, 32.80553],
          [-119.00815, 32.79456],
          [-118.99565, 32.78725],
          [-118.96916, 32.79123],
          [-118.96046, 32.80173],
          [-118.9474, 32.81748],
          [-118.93869, 32.82798],
          [-118.95118, 32.83529],
          [-118.96993, 32.84627],
          [-118.98242, 32.85358],
          [-119.00893, 32.8496],
          [-119.01973, 32.86177],
          [-119.02447, 32.88403],
          [-119.04636, 32.89682],
          [-119.05176, 32.9029],
          [-119.07552, 32.9223],
          [-119.08001, 32.92622],
          [-119.09797, 32.9419],
          [-119.11257, 32.95042],
          [-119.14092, 32.95495],
          [-119.1496, 32.95708],
          [-119.17039, 32.96466],
          [-119.19851, 32.96807],
          [-119.21539, 32.97011],
          [-119.22696, 32.97295],
          [-119.25636, 32.98228],
          [-119.27324, 32.98432],
          [-119.28449, 32.98567],
          [-119.31133, 32.98313],
          [-119.33914, 32.98502],
          [-119.36438, 32.97505],
          [-119.3909, 32.97101],
          [-119.41742, 32.96696],
          [-119.42706, 32.96089],
          [-119.442, 32.95401],
          [-119.46658, 32.94105],
          [-119.46995, 32.93134],
          [-119.48101, 32.90665],
          [-119.48486, 32.89917],
          [-119.49384, 32.88169],
          [-119.5041, 32.86173],
          [-119.50843, 32.85646],
          [-119.51948, 32.83177],
          [-119.52187, 32.8176],
          [-119.52523, 32.80789],
          [-119.52744, 32.78455],
          [-119.53143, 32.76094],
          [-119.53527, 32.75344],
          [-119.5504, 32.73501],
          [-119.55737, 32.72934],
          [-119.58091, 32.71191],
          [-119.59052, 32.70582],
          [-119.60542, 32.69892],
          [-119.63139, 32.69261],
          [-119.64871, 32.69683],
          [-119.65887, 32.71827],
          [-119.65668, 32.74161],
          [-119.65272, 32.76523],
          [-119.65035, 32.7794],
          [-119.64877, 32.78885],
          [-119.65363, 32.8111],
          [-119.6585, 32.83335],
          [-119.66161, 32.85587],
          [-119.66648, 32.87811],
          [-119.64918, 32.89918],
          [-119.64486, 32.90445],
          [-119.64443, 32.92751],
          [-119.6493, 32.94975],
          [-119.66185, 32.95701],
          [-119.67273, 32.96913],
          [-119.67761, 32.99137],
          [-119.68249, 33.01361],
          [-119.68738, 33.03584],
          [-119.68088, 33.04374],
          [-119.6568, 33.05895],
          [-119.64716, 33.06504],
          [-119.6327, 33.07416],
          [-119.61754, 33.09258],
          [-119.6125, 33.10715],
          [-119.58693, 33.11567],
          [-119.57728, 33.12175],
          [-119.56281, 33.13087],
          [-119.54542, 33.12664],
          [-119.53383, 33.12382],
          [-119.50485, 33.11677],
          [-119.4783, 33.12083],
          [-119.4532, 33.13156],
          [-119.42665, 33.13561],
          [-119.40781, 33.1247],
          [-119.39526, 33.11742],
          [-119.38705, 33.10488],
          [-119.36195, 33.09032],
          [-119.35567, 33.08668],
          [-119.33058, 33.07212],
          [-119.32165, 33.06888],
          [-119.30083, 33.06132],
          [-119.27268, 33.05793],
          [-119.24614, 33.06196],
          [-119.22247, 33.07933],
          [-119.2128, 33.08538],
          [-119.19831, 33.09446],
          [-119.17415, 33.1096],
          [-119.14631, 33.10767],
          [-119.12251, 33.09901],
          [-119.11656, 33.09684],
          [-119.08842, 33.09343],
          [-119.06027, 33.09],
          [-119.03418, 33.09622],
          [-119.00905, 33.10688],
          [-118.98248, 33.11086],
          [-118.95591, 33.11483],
          [-118.92934, 33.1188],
          [-118.90277, 33.12277],
          [-118.8762, 33.12673],
          [-118.85742, 33.11576],
          [-118.8449, 33.10844],
          [-118.81833, 33.11239],
          [-118.80958, 33.12287],
          [-118.79647, 33.13859],
          [-118.76989, 33.14254],
          [-118.7433, 33.14648],
          [-118.72453, 33.13549],
          [-118.71983, 33.11323],
          [-118.71514, 33.09097],
          [-118.72826, 33.07525],
          [-118.73701, 33.06477],
          [-118.75154, 33.05573],
          [-118.77668, 33.0451],
          [-118.78542, 33.03462],
          [-118.79853, 33.01889],
          [-118.82508, 33.01494],
          [-118.85163, 33.01099],
          [-118.87818, 33.00703],
          [-118.90472, 33.00306],
          [-118.92349, 33.01404],
          [-118.92823, 33.0363],
          [-118.94074, 33.04361],
          [-118.94947, 33.03312],
          [-118.96255, 33.01738],
          [-118.97127, 33.00689],
          [-118.96653, 32.98463],
          [-118.95402, 32.97731],
          [-118.93526, 32.96634],
          [-118.92275, 32.95902],
          [-118.90399, 32.94805],
          [-118.89927, 32.92578],
          [-118.88677, 32.91846],
          [-118.86024, 32.92242],
          [-118.83371, 32.92638],
          [-118.81497, 32.91539],
          [-118.80247, 32.90807],
          [-118.79169, 32.89589],
          [-118.78699, 32.87362],
          [-118.78229, 32.85134],
          [-118.77759, 32.82907],
          [-118.7729, 32.8068],
          [-118.7682, 32.78452],
          [-118.77334, 32.76997],
          [-118.79983, 32.76602],
          [-118.82632, 32.76206],
          [-118.85281, 32.75811],
          [-118.8793, 32.75414],
          [-118.90579, 32.75018],
          [-118.91449, 32.73968],
          [-118.92755, 32.72393],
          [-118.93095, 32.71423],
          [-118.93153, 32.69115],
          [-118.94457, 32.6754],
          [-118.94798, 32.6657],
          [-118.9408, 32.65758],
          [-118.92209, 32.6466],
          [-118.90962, 32.63927],
          [-118.90092, 32.64977],
          [-118.88787, 32.66552],
          [-118.86234, 32.67394],
          [-118.85269, 32.67998],
          [-118.83963, 32.69573],
          [-118.82093, 32.68473],
          [-118.8094, 32.68186],
          [-118.78292, 32.68581],
          [-118.75645, 32.68976],
          [-118.7468, 32.69579],
          [-118.73231, 32.70484],
          [-118.71705, 32.7232],
          [-118.71051, 32.73106],
          [-118.68542, 32.74168],
          [-118.6767, 32.75217],
          [-118.6622, 32.76121],
          [-118.64692, 32.77956],
          [-118.64177, 32.7941],
          [-118.64011, 32.80354],
          [-118.62975, 32.82804],
          [-118.6246, 32.84259],
          [-118.62116, 32.85228],
          [-118.60368, 32.87324],
          [-118.594, 32.87926],
          [-118.59071, 32.90271],
          [-118.58555, 32.91725],
          [-118.5768, 32.92773],
          [-118.56367, 32.94344],
          [-118.55491, 32.95392],
          [-118.54178, 32.96963],
          [-118.52306, 32.9586],
          [-118.51151, 32.95571],
          [-118.48403, 32.95516],
          [-118.45609, 32.95237],
          [-118.43877, 32.94802],
          [-118.4263, 32.94066],
          [-118.40759, 32.92963],
          [-118.39605, 32.92673],
          [-118.36858, 32.92615],
          [-118.34204, 32.93003],
          [-118.33326, 32.94049],
          [-118.33788, 32.96277],
          [-118.3425, 32.98505],
          [-118.35497, 32.99241],
          [-118.37368, 33.00345],
          [-118.37831, 33.02573],
          [-118.37496, 33.04917],
          [-118.36977, 33.06369],
          [-118.36098, 33.07415],
          [-118.35764, 33.09759],
          [-118.36226, 33.11986],
          [-118.36689, 33.14213],
          [-118.36169, 33.15665],
          [-118.35822, 33.16634],
          [-118.35753, 33.18938],
          [-118.34434, 33.20506],
          [-118.34087, 33.21474],
          [-118.33219, 33.23894],
          [-118.32698, 33.25346],
          [-118.31818, 33.26391],
          [-118.30498, 33.27959],
          [-118.27835, 33.28345],
          [-118.26759, 33.27125],
          [-118.24966, 33.25092],
          [-118.24341, 33.24724],
          [-118.21449, 33.23995],
          [-118.19713, 33.23558],
          [-118.18721, 33.21408],
          [-118.18261, 33.19181],
          [-118.17802, 33.16954],
          [-118.18939, 33.14496],
          [-118.19333, 33.13751],
          [-118.20873, 33.11922],
          [-118.21395, 33.1047],
          [-118.21743, 33.09502],
          [-118.22612, 33.07082],
          [-118.23134, 33.0563],
          [-118.24013, 33.04584],
          [-118.2435, 33.02241],
          [-118.24871, 33.00788],
          [-118.25218, 32.9982],
          [-118.24758, 32.97592],
          [-118.24298, 32.95363],
          [-118.23583, 32.94549],
          [-118.22511, 32.93328],
          [-118.20724, 32.91292],
          [-118.20266, 32.89063],
          [-118.20338, 32.86757],
          [-118.21655, 32.85189],
          [-118.22532, 32.84143],
          [-118.23848, 32.82574],
          [-118.24726, 32.81528],
          [-118.24267, 32.79299],
          [-118.25582, 32.7773],
          [-118.26459, 32.76684],
          [-118.27774, 32.75114],
          [-118.2865, 32.74068],
          [-118.29964, 32.72498],
          [-118.3084, 32.71451],
          [-118.3038, 32.69222],
          [-118.2992, 32.66992],
          [-118.29461, 32.64762],
          [-118.28218, 32.64025],
          [-118.26353, 32.62919],
          [-118.25111, 32.62182],
          [-118.23247, 32.61075],
          [-118.22005, 32.60337],
          [-118.20142, 32.59231],
          [-118.189, 32.58493],
          [-118.16115, 32.58208],
          [-118.13468, 32.58593],
          [-118.10927, 32.59498],
          [-118.08431, 32.60625],
          [-118.07432, 32.61076],
          [-118.0598, 32.61975],
          [-118.04444, 32.63805],
          [-118.03922, 32.65258],
          [-118.03574, 32.66226],
          [-118.03322, 32.68559],
          [-118.03158, 32.70879],
          [-118.03613, 32.73109],
          [-118.03091, 32.74562],
          [-118.02212, 32.75607],
          [-118.00894, 32.77174],
          [-118.00015, 32.78219],
          [-117.98695, 32.79786],
          [-117.97816, 32.8083],
          [-117.9827, 32.8306],
          [-117.98724, 32.8529],
          [-117.97404, 32.86857],
          [-117.96524, 32.87901],
          [-117.95204, 32.89467],
          [-117.94323, 32.90512],
          [-117.94777, 32.92741],
          [-117.95231, 32.9497],
          [-117.95685, 32.97199],
          [-117.96929, 32.97938],
          [-117.97999, 32.99161],
          [-117.99252, 33.01276],
          [-117.99707, 33.03504],
          [-117.99365, 33.05847],
          [-117.9884, 33.07299],
          [-117.97958, 33.08343],
          [-117.97616, 33.10685],
          [-117.98071, 33.12913],
          [-117.99857, 33.14951],
          [-118.0049, 33.17153],
          [-118.01027, 33.17993],
          [-118.021, 33.19215],
          [-118.03887, 33.21252],
          [-118.04603, 33.22066],
          [-118.05676, 33.23288],
          [-118.06133, 33.25515],
          [-118.05609, 33.26966],
          [-118.05259, 33.27933],
          [-118.03493, 33.30021],
          [-118.03052, 33.30542],
          [-118.01285, 33.32629],
          [-118.00844, 33.33151],
          [-117.99968, 33.35569],
          [-117.99442, 33.37019],
          [-117.98558, 33.38062],
          [-117.99014, 33.40289],
          [-117.99471, 33.42515],
          [-117.99928, 33.44741],
          [-117.98601, 33.46306],
          [-117.95933, 33.46686],
          [-117.94058, 33.45579],
          [-117.93602, 33.43353],
          [-117.93147, 33.41126],
          [-117.92691, 33.389],
          [-117.91443, 33.38161],
          [-117.8957, 33.37053],
          [-117.89115, 33.34826],
          [-117.88128, 33.32675],
          [-117.87413, 33.3186],
          [-117.86341, 33.30637],
          [-117.85887, 33.2841],
          [-117.85434, 33.26182],
          [-117.8498, 33.23954],
          [-117.85508, 33.22504],
          [-117.86391, 33.21461],
          [-117.87717, 33.19897],
          [-117.88068, 33.18929],
          [-117.89835, 33.16843],
          [-117.90276, 33.16322],
          [-117.91153, 33.13903],
          [-117.91679, 33.12452],
          [-117.92561, 33.11409],
          [-117.92107, 33.09181],
          [-117.90862, 33.08441],
          [-117.89792, 33.07218],
          [-117.88009, 33.05179],
          [-117.87296, 33.04364],
          [-117.86226, 33.0314],
          [-117.85774, 33.00911],
          [-117.85321, 32.98682],
          [-117.85847, 32.97231],
          [-117.86198, 32.96263],
          [-117.86277, 32.93958],
          [-117.87735, 32.93061],
          [-117.90255, 32.92012],
          [-117.91136, 32.90968],
          [-117.90683, 32.88739],
          [-117.91027, 32.86395],
          [-117.91551, 32.84943],
          [-117.92432, 32.83899],
          [-117.91979, 32.81669],
          [-117.92322, 32.79325],
          [-117.91869, 32.77094],
          [-117.91416, 32.74864],
          [-117.90964, 32.72634],
          [-117.90512, 32.70403],
          [-117.9006, 32.68172],
          [-117.89873, 32.65904],
          [-117.89156, 32.63711],
          [-117.88704, 32.61479],
          [-117.87458, 32.59362],
          [-117.86219, 32.58622],
          [-117.83435, 32.58332],
          [-117.80787, 32.58711],
          [-117.78273, 32.59759],
          [-117.75714, 32.60584],
          [-117.74744, 32.61182],
          [-117.74398, 32.63527],
          [-117.73872, 32.64979],
          [-117.73522, 32.65947],
          [-117.7397, 32.68178],
          [-117.73094, 32.70598],
          [-117.72433, 32.71381],
          [-117.70005, 32.72874],
          [-117.67353, 32.73251],
          [-117.64611, 32.73181],
          [-117.62751, 32.72068],
          [-117.61512, 32.71325],
          [-117.59653, 32.70212],
          [-117.58503, 32.69916],
          [-117.55762, 32.69844],
          [-117.52976, 32.69549],
          [-117.51252, 32.69104],
          [-117.50013, 32.68361],
          [-117.48156, 32.67246],
          [-117.47712, 32.65014],
          [-117.46739, 32.62857],
          [-117.46826, 32.6055],
          [-117.47177, 32.58205],
          [-117.47839, 32.57423],
          [-117.50355, 32.5638],
          [-117.53004, 32.56006],
          [-117.55564, 32.55184],
          [-117.58212, 32.54809],
          [-117.59182, 32.54213],
          [-117.60504, 32.52648],
          [-117.61385, 32.51605],
          [-117.62705, 32.5004],
          [-117.63586, 32.48996],
          [-117.6314, 32.46763],
          [-117.6446, 32.45198],
          [-117.67106, 32.44821],
          [-117.69751, 32.44444],
          [-117.72397, 32.44067],
          [-117.74953, 32.43242],
          [-117.77598, 32.42864],
          [-117.80242, 32.42485],
          [-117.83112, 32.43222],
          [-117.84834, 32.43664],
          [-117.85982, 32.43958],
          [-117.88717, 32.44024],
          [-117.90574, 32.45135],
          [-117.91813, 32.45876],
          [-117.93671, 32.46986],
          [-117.9491, 32.47726],
          [-117.95787, 32.46681],
          [-117.95335, 32.44449],
          [-117.94883, 32.42217],
          [-117.95224, 32.39871],
          [-117.94773, 32.37639],
          [-117.95294, 32.36185],
          [-117.95642, 32.35215],
          [-117.96512, 32.32792],
          [-117.97033, 32.31338],
          [-117.97909, 32.30292],
          [-117.98249, 32.27945],
          [-117.9877, 32.26491],
          [-117.99117, 32.25521],
          [-117.99193, 32.23212],
          [-117.98741, 32.20979],
          [-118.00054, 32.1941],
          [-118.02692, 32.19027],
          [-118.03567, 32.1798],
          [-118.04878, 32.16411],
          [-118.07516, 32.16027],
          [-118.0937, 32.17137],
          [-118.10607, 32.17876],
          [-118.11481, 32.16829],
          [-118.12791, 32.15259],
          [-118.13664, 32.14212],
          [-118.14973, 32.12641],
          [-118.15846, 32.11594],
          [-118.1461, 32.10854],
          [-118.11973, 32.11239],
          [-118.09337, 32.11624],
          [-118.067, 32.12007],
          [-118.04846, 32.10898],
          [-118.04394, 32.08664],
          [-118.04732, 32.06316],
          [-118.05251, 32.0486],
          [-118.07886, 32.04477],
          [-118.10521, 32.04093],
          [-118.13156, 32.03708],
          [-118.1501, 32.04817],
          [-118.15464, 32.0705],
          [-118.167, 32.0779],
          [-118.19335, 32.07404],
          [-118.2119, 32.08512],
          [-118.22427, 32.09251],
          [-118.24282, 32.10359],
          [-118.25519, 32.11097],
          [-118.27375, 32.12205],
          [-118.28612, 32.12943],
          [-118.30468, 32.1405],
          [-118.30926, 32.16282],
          [-118.29619, 32.17854],
          [-118.28747, 32.18902],
          [-118.27438, 32.20474],
          [-118.26566, 32.21521],
          [-118.27023, 32.23754],
          [-118.27481, 32.25986],
          [-118.27939, 32.28217],
          [-118.28396, 32.30449],
          [-118.29636, 32.31187],
          [-118.31495, 32.32293],
          [-118.31954, 32.34525],
          [-118.32941, 32.36679],
          [-118.33653, 32.37494],
          [-118.35514, 32.38599],
          [-118.35974, 32.4083],
          [-118.36434, 32.43061],
          [-118.37675, 32.43798],
          [-118.39538, 32.44903],
          [-118.40779, 32.4564],
          [-118.42642, 32.46745],
          [-118.43104, 32.48975],
          [-118.44094, 32.51128],
          [-118.44808, 32.51942],
          [-118.45879, 32.53163],
          [-118.47135, 32.55276],
          [-118.48378, 32.56012],
          [-118.50243, 32.57116],
          [-118.51487, 32.57851],
          [-118.54272, 32.58129],
          [-118.56779, 32.57069],
          [-118.57122, 32.56099],
          [-118.57186, 32.53791],
          [-118.57515, 32.51444],
          [-118.5803, 32.49988],
          [-118.58372, 32.49018],
          [-118.58437, 32.4671],
          [-118.57972, 32.4448],
          [-118.5698, 32.42328],
          [-118.56266, 32.41514],
          [-118.54402, 32.40411],
          [-118.53939, 32.3818],
          [-118.55246, 32.36607],
          [-118.56116, 32.35558],
          [-118.57422, 32.33985],
          [-118.58293, 32.32936],
          [-118.59598, 32.31362],
          [-118.60468, 32.30313],
          [-118.61773, 32.28739],
          [-118.62643, 32.27689],
          [-118.63947, 32.26115],
          [-118.64289, 32.25144],
          [-118.64352, 32.22835],
          [-118.65655, 32.2126],
          [-118.66524, 32.2021],
          [-118.67827, 32.18635],
          [-118.7037, 32.17795],
          [-118.71331, 32.17191],
          [-118.72633, 32.15616],
          [-118.75268, 32.15221],
          [-118.7713, 32.16323],
          [-118.78371, 32.17057],
          [-118.80232, 32.18158],
          [-118.81474, 32.18892],
          [-118.83336, 32.19993],
          [-118.84578, 32.20727],
          [-118.85387, 32.21986],
          [-118.85855, 32.24216],
          [-118.86324, 32.26447],
          [-118.86078, 32.27864],
          [-118.85211, 32.28915],
          [-118.83769, 32.29821],
          [-118.81364, 32.31333],
          [-118.78725, 32.31728],
          [-118.75993, 32.31677],
          [-118.73447, 32.32518],
          [-118.72485, 32.33122],
          [-118.71181, 32.34696],
          [-118.70311, 32.35746],
          [-118.70778, 32.37976],
          [-118.72021, 32.38711],
          [-118.73093, 32.3993],
          [-118.75269, 32.41215],
          [-118.76994, 32.41647],
          [-118.78144, 32.41935],
          [-118.80879, 32.41986],
          [-118.81953, 32.43205],
          [-118.83038, 32.45342],
          [-118.82627, 32.47703],
          [-118.8238, 32.4912],
          [-118.82039, 32.5009],
          [-118.80175, 32.51596],
          [-118.77687, 32.52734],
          [-118.77221, 32.5311],
          [-118.7548, 32.55209],
          [-118.75045, 32.55734],
          [-118.74808, 32.58068],
          [-118.7637, 32.59444],
          [-118.79015, 32.59049],
          [-118.81661, 32.58654],
          [-118.84071, 32.57144],
          [-118.86715, 32.56747],
          [-118.87679, 32.56143],
          [-118.88983, 32.54568],
          [-118.89852, 32.53518],
          [-118.91297, 32.52611],
          [-118.92817, 32.50772],
          [-118.93468, 32.49985],
          [-118.94988, 32.48146],
          [-118.95639, 32.47358],
          [-118.96542, 32.45612],
          [-118.9695, 32.4325],
          [-118.97337, 32.42502],
          [-118.98855, 32.40663],
          [-118.99505, 32.39874],
          [-119.01022, 32.38035],
          [-119.01673, 32.37246],
          [-119.0417, 32.36178],
          [-119.06037, 32.37276],
          [-119.07283, 32.38007],
          [-119.09151, 32.39105],
          [-119.10396, 32.39836],
          [-119.13036, 32.39435],
          [-119.13374, 32.38464],
          [-119.13427, 32.36155],
          [-119.12952, 32.33926],
          [-119.11707, 32.33194],
          [-119.0984, 32.32097],
          [-119.09366, 32.29868],
          [-119.09683, 32.27518],
          [-119.1019, 32.2606],
          [-119.11055, 32.25008],
          [-119.12352, 32.2343],
          [-119.13217, 32.22378],
          [-119.14656, 32.21468],
          [-119.16168, 32.19626],
          [-119.16674, 32.18168],
          [-119.17538, 32.17115],
          [-119.18833, 32.15536],
          [-119.19697, 32.14483],
          [-119.20992, 32.12904],
          [-119.21855, 32.11851],
          [-119.23149, 32.10272],
          [-119.24012, 32.09218],
          [-119.25306, 32.07638],
          [-119.26168, 32.06585],
          [-119.25692, 32.04355],
          [-119.26985, 32.02775],
          [-119.27847, 32.01721],
          [-119.27371, 31.99491],
          [-119.26895, 31.97261],
          [-119.26419, 31.9503],
          [-119.27711, 31.93449],
          [-119.28572, 31.92396],
          [-119.29863, 31.90815],
          [-119.32491, 31.9041],
          [-119.33351, 31.89356],
          [-119.34641, 31.87775],
          [-119.37268, 31.8737],
          [-119.39131, 31.88465],
          [-119.39609, 31.90695],
          [-119.39298, 31.93047],
          [-119.39514, 31.95318],
          [-119.39992, 31.97548],
          [-119.42048, 31.99535],
          [-119.42669, 31.999],
          [-119.44455, 32.01467],
          [-119.45906, 32.02318],
          [-119.47565, 32.0329],
          [-119.49016, 32.0414],
          [-119.51377, 32.05003],
          [-119.51999, 32.05368],
          [-119.54918, 32.06297],
          [-119.57548, 32.05889],
          [-119.60082, 32.05034],
          [-119.62487, 32.03585],
          [-119.62948, 32.03206],
          [-119.64858, 32.01987],
          [-119.66671, 32.00321],
          [-119.67052, 31.9957],
          [-119.68553, 31.97723],
          [-119.68332, 31.95452],
          [-119.66272, 31.93469],
          [-119.6565, 31.93105],
          [-119.64213, 31.91485],
          [-119.62505, 31.89447],
          [-119.61962, 31.8861],
          [-119.61147, 31.87354],
          [-119.5909, 31.85369],
          [-119.59134, 31.83057],
          [-119.6042, 31.81473],
          [-119.62948, 31.80618],
          [-119.65644, 31.80543],
          [-119.68453, 31.80987],
          [-119.69982, 31.81363],
          [-119.71342, 31.81795],
          [-119.74257, 31.82722],
          [-119.75102, 31.82866],
          [-119.77075, 31.83202],
          [-119.79838, 31.83429],
          [-119.8242, 31.82823],
          [-119.84947, 31.81964],
          [-119.86648, 31.8105],
          [-119.87362, 31.80592],
          [-119.89636, 31.7858],
          [-119.90095, 31.782],
          [-119.91933, 31.7668],
          [-119.93541, 31.75349],
          [-119.94035, 31.73887],
          [-119.94889, 31.72829],
          [-119.95187, 31.70475],
          [-119.95681, 31.69012],
          [-119.96534, 31.67954],
          [-119.97813, 31.66367],
          [-120.00432, 31.65952],
          [-120.02298, 31.6704],
          [-120.03541, 31.67765],
          [-120.06308, 31.68017],
          [-120.08027, 31.68436],
          [-120.09173, 31.68715],
          [-120.12038, 31.69412],
          [-120.14707, 31.69217],
          [-120.17163, 31.68055],
          [-120.19618, 31.66893],
          [-120.20077, 31.66512],
          [-120.21777, 31.64393],
          [-120.22726, 31.6378],
          [-120.24149, 31.62859],
          [-120.2652, 31.61324],
          [-120.27469, 31.6071],
          [-120.28743, 31.5912],
          [-120.29592, 31.5806],
          [-120.30865, 31.5647],
          [-120.31714, 31.5541],
          [-120.32987, 31.5382],
          [-120.35603, 31.53398],
          [-120.36451, 31.52338],
          [-120.37723, 31.50747],
          [-120.38571, 31.49686],
          [-120.39842, 31.48095],
          [-120.40689, 31.47034],
          [-120.40194, 31.44805],
          [-120.41464, 31.43213],
          [-120.44077, 31.4279],
          [-120.45943, 31.43874]
        ]
      }
    },
    {
      "type": "Feature",
      "id": "2026101018_f054_06000_014",
      "properties": {
        "product_id": "winter_storm_levels",
        "source_id": "nbm_snow_level",
        "parameter": "snow_level",
        "definition": "height of the wet-bulb 0.5 degree C surface",
        "level_ft_msl": 6000,
        "label": "6,000 ft MSL",
        "unit": "ft_msl",
        "cycle_time_utc": "2026-10-10T18:00:00Z",
        "valid_time_utc": "2026-10-13T00:00:00Z",
        "lead_hours": 54,
        "segment": 14,
        "length_m": 54343.4
      },
      "geometry": {
        "type": "LineString",
        "coordinates": [
          [-120.58872, 34.11246],
          [-120.58542, 34.12217],
          [-120.58447, 34.13609],
          [-120.57219, 34.16098],
          [-120.56786, 34.16625],
          [-120.54441, 34.18486],
          [-120.52912, 34.19072],
          [-120.51909, 34.19536],
          [-120.49233, 34.19957],
          [-120.48094, 34.1983],
          [-120.46411, 34.19751],
          [-120.43404, 34.18732],
          [-120.42767, 34.18373],
          [-120.40519, 34.16432],
          [-120.39813, 34.15166],
          [-120.39343, 34.14322],
          [-120.39408, 34.13395],
          [-120.39371, 34.12024],
          [-120.39987, 34.09632],
          [-120.40967, 34.08102],
          [-120.4219, 34.06992],
          [-120.43261, 34.0602],
          [-120.45807, 34.05046],
          [-120.48481, 34.04624],
          [-120.51358, 34.05089],
          [-120.51994, 34.05448],
          [-120.5454, 34.06882],
          [-120.55177, 34.0724],
          [-120.57292, 34.09201],
          [-120.58133, 34.10445],
          [-120.58872, 34.11246]
        ]
      }
    },
    {
      "type": "Feature",
      "id": "2026101018_f054_06000_015",
      "properties": {
        "product_id": "winter_storm_levels",
        "source_id": "nbm_snow_level",
        "parameter": "snow_level",
        "definition": "height of the wet-bulb 0.5 degree C surface",
        "level_ft_msl": 6000,
        "label": "6,000 ft MSL",
        "unit": "ft_msl",
        "cycle_time_utc": "2026-10-10T18:00:00Z",
        "valid_time_utc": "2026-10-13T00:00:00Z",
        "lead_hours": 54,
        "segment": 15,
        "length_m": 58790.9
      },
      "geometry": {
        "type": "LineString",
        "coordinates": [
          [-120.66443, 34.83421],
          [-120.65972, 34.85785],
          [-120.64948, 34.87778],
          [-120.64513, 34.88304],
          [-120.62771, 34.9041],
          [-120.62335, 34.90936],
          [-120.61503, 34.93356],
          [-120.61004, 34.94808],
          [-120.60132, 34.9586],
          [-120.5867, 34.96776],
          [-120.56899, 34.96366],
          [-120.55615, 34.95651],
          [-120.54498, 34.94452],
          [-120.52637, 34.92454],
          [-120.51996, 34.92096],
          [-120.50148, 34.90553],
          [-120.48533, 34.89203],
          [-120.47571, 34.88666],
          [-120.47059, 34.86457],
          [-120.47713, 34.85668],
          [-120.49239, 34.83827],
          [-120.49944, 34.83259],
          [-120.52295, 34.81365],
          [-120.53303, 34.80902],
          [-120.54815, 34.80207],
          [-120.57164, 34.78312],
          [-120.58171, 34.77849],
          [-120.59631, 34.76932],
          [-120.60324, 34.77511],
          [-120.62888, 34.78941],
          [-120.63313, 34.79332],
          [-120.64905, 34.81372],
          [-120.66443, 34.83421]
        ]
      }
    },
    {
      "type": "Feature",
      "id": "2026101018_f054_06000_016",
      "properties": {
        "product_id": "winter_storm_levels",
        "source_id": "nbm_snow_level",
        "parameter": "snow_level",
        "definition": "height of the wet-bulb 0.5 degree C surface",
        "level_ft_msl": 6000,
        "label": "6,000 ft MSL",
        "unit": "ft_msl",
        "cycle_time_utc": "2026-10-10T18:00:00Z",
        "valid_time_utc": "2026-10-13T00:00:00Z",
        "lead_hours": 54,
        "segment": 16,
        "length_m": 10347.8
      },
      "geometry": {
        "type": "LineString",
        "coordinates": [
          [-120.91822, 41.33196],
          [-120.909, 41.34221],
          [-120.88039, 41.34636],
          [-120.86674, 41.33943],
          [-120.87597, 41.32918],
          [-120.90457, 41.32503],
          [-120.91822, 41.33196]
        ]
      }
    },
    {
      "type": "Feature",
      "id": "2026101018_f054_06000_017",
      "properties": {
        "product_id": "winter_storm_levels",
        "source_id": "nbm_snow_level",
        "parameter": "snow_level",
        "definition": "height of the wet-bulb 0.5 degree C surface",
        "level_ft_msl": 6000,
        "label": "6,000 ft MSL",
        "unit": "ft_msl",
        "cycle_time_utc": "2026-10-10T18:00:00Z",
        "valid_time_utc": "2026-10-13T00:00:00Z",
        "lead_hours": 54,
        "segment": 17,
        "length_m": 22113.7
      },
      "geometry": {
        "type": "LineString",
        "coordinates": [
          [-121.0733, 35.20456],
          [-121.06805, 35.18251],
          [-121.05515, 35.1754],
          [-121.03581, 35.16474],
          [-121.02397, 35.16205],
          [-121.01423, 35.16817],
          [-121.00118, 35.18398],
          [-120.99248, 35.19451],
          [-120.99772, 35.21657],
          [-121.01062, 35.22368],
          [-121.03761, 35.21939],
          [-121.06461, 35.2151],
          [-121.0733, 35.20456]
        ]
      }
    },
    {
      "type": "Feature",
      "id": "2026101018_f054_06000_018",
      "properties": {
        "product_id": "winter_storm_levels",
        "source_id": "nbm_snow_level",
        "parameter": "snow_level",
        "definition": "height of the wet-bulb 0.5 degree C surface",
        "level_ft_msl": 6000,
        "label": "6,000 ft MSL",
        "unit": "ft_msl",
        "cycle_time_utc": "2026-10-10T18:00:00Z",
        "valid_time_utc": "2026-10-13T00:00:00Z",
        "lead_hours": 54,
        "segment": 18,
        "length_m": 23551.4
      },
      "geometry": {
        "type": "LineString",
        "coordinates": [
          [-121.07848, 41.2863],
          [-121.07499, 41.29573],
          [-121.06118, 41.31112],
          [-121.05197, 41.32138],
          [-121.02338, 41.32556],
          [-121.00972, 41.31864],
          [-120.98924, 41.30825],
          [-120.97558, 41.30133],
          [-120.9848, 41.29107],
          [-120.99862, 41.27569],
          [-121.00783, 41.26543],
          [-121.0364, 41.26125],
          [-121.05006, 41.26817],
          [-121.07054, 41.27855],
          [-121.07848, 41.2863]
        ]
      }
    },
    {
      "type": "Feature",
      "id": "2026101018_f054_06000_019",
      "properties": {
        "product_id": "winter_storm_levels",
        "source_id": "nbm_snow_level",
        "parameter": "snow_level",
        "definition": "height of the wet-bulb 0.5 degree C surface",
        "level_ft_msl": 6000,
        "label": "6,000 ft MSL",
        "unit": "ft_msl",
        "cycle_time_utc": "2026-10-10T18:00:00Z",
        "valid_time_utc": "2026-10-13T00:00:00Z",
        "lead_hours": 54,
        "segment": 19,
        "length_m": 110670.4
      },
      "geometry": {
        "type": "LineString",
        "coordinates": [
          [-121.13388, 32.11348],
          [-121.12875, 32.09124],
          [-121.11838, 32.06987],
          [-121.10539, 32.04893],
          [-121.09445, 32.03688],
          [-121.08191, 32.02971],
          [-121.0631, 32.01897],
          [-121.03686, 32.02329],
          [-121.01214, 32.03429],
          [-120.99793, 32.04356],
          [-120.98946, 32.05419],
          [-120.96474, 32.06518],
          [-120.95051, 32.07444],
          [-120.94205, 32.08506],
          [-120.92934, 32.101],
          [-120.92087, 32.11162],
          [-120.90816, 32.12755],
          [-120.91324, 32.14979],
          [-120.91833, 32.17204],
          [-120.93715, 32.1828],
          [-120.9497, 32.18998],
          [-120.95479, 32.21222],
          [-120.94631, 32.22284],
          [-120.93359, 32.23877],
          [-120.93869, 32.26101],
          [-120.9302, 32.27162],
          [-120.91748, 32.28755],
          [-120.92257, 32.30979],
          [-120.92766, 32.33202],
          [-120.93276, 32.35426],
          [-120.93786, 32.37649],
          [-120.95671, 32.38725],
          [-120.96929, 32.39442],
          [-120.98815, 32.40517],
          [-121.00073, 32.41233],
          [-121.01959, 32.42308],
          [-121.03232, 32.40715],
          [-121.0272, 32.38492],
          [-121.02209, 32.36269],
          [-121.01698, 32.34046],
          [-121.02546, 32.32984],
          [-121.03817, 32.31391],
          [-121.04665, 32.30328],
          [-121.05147, 32.28864],
          [-121.05424, 32.26511],
          [-121.06271, 32.25449],
          [-121.07542, 32.23855],
          [-121.08388, 32.22792],
          [-121.0887, 32.21328],
          [-121.09146, 32.18974],
          [-121.09992, 32.17911],
          [-121.11261, 32.16317],
          [-121.12107, 32.15254],
          [-121.12587, 32.13789],
          [-121.13388, 32.11348]
        ]
      }
    },
    {
      "type": "Feature",
      "id": "2026101018_f054_06000_020",
      "properties": {
        "product_id": "winter_storm_levels",
        "source_id": "nbm_snow_level",
        "parameter": "snow_level",
        "definition": "height of the wet-bulb 0.5 degree C surface",
        "level_ft_msl": 6000,
        "label": "6,000 ft MSL",
        "unit": "ft_msl",
        "cycle_time_utc": "2026-10-10T18:00:00Z",
        "valid_time_utc": "2026-10-13T00:00:00Z",
        "lead_hours": 54,
        "segment": 20,
        "length_m": 19988.1
      },
      "geometry": {
        "type": "LineString",
        "coordinates": [
          [-121.63517, 34.28811],
          [-121.62985, 34.26601],
          [-121.62453, 34.24391],
          [-121.61171, 34.23683],
          [-121.58497, 34.24122],
          [-121.58175, 34.25094],
          [-121.58171, 34.27392],
          [-121.59237, 34.29514],
          [-121.59985, 34.3031],
          [-121.62554, 34.29429],
          [-121.63517, 34.28811]
        ]
      }
    },
    {
      "type": "Feature",
      "id": "2026101018_f054_06000_021",
      "properties": {
        "product_id": "winter_storm_levels",
        "source_id": "nbm_snow_level",
        "parameter": "snow_level",
        "definition": "height of the wet-bulb 0.5 degree C surface",
        "level_ft_msl": 6000,
        "label": "6,000 ft MSL",
        "unit": "ft_msl",
        "cycle_time_utc": "2026-10-10T18:00:00Z",
        "valid_time_utc": "2026-10-13T00:00:00Z",
        "lead_hours": 54,
        "segment": 21,
        "length_m": 16569.8
      },
      "geometry": {
        "type": "LineString",
        "coordinates": [
          [-121.84927, 41.23866],
          [-121.83558, 41.25411],
          [-121.80704, 41.25841],
          [-121.78649, 41.24812],
          [-121.78078, 41.22666],
          [-121.79447, 41.21121],
          [-121.81502, 41.2215],
          [-121.82872, 41.22837],
          [-121.84927, 41.23866]
        ]
      }
    },
    {
      "type": "Feature",
      "id": "2026101018_f054_06000_022",
      "properties": {
        "product_id": "winter_storm_levels",
        "source_id": "nbm_snow_level",
        "parameter": "snow_level",
        "definition": "height of the wet-bulb 0.5 degree C surface",
        "level_ft_msl": 6000,
        "label": "6,000 ft MSL",
        "unit": "ft_msl",
        "cycle_time_utc": "2026-10-10T18:00:00Z",
        "valid_time_utc": "2026-10-13T00:00:00Z",
        "lead_hours": 54,
        "segment": 22,
        "length_m": 68150.6
      },
      "geometry": {
        "type": "LineString",
        "coordinates": [
          [-122.14395, 40.67952],
          [-122.13819, 40.658],
          [-122.13244, 40.63649],
          [-122.11198, 40.6262],
          [-122.09834, 40.61933],
          [-122.07789, 40.60904],
          [-122.04954, 40.61339],
          [-122.02119, 40.61774],
          [-121.99283, 40.62208],
          [-121.97925, 40.6376],
          [-121.98497, 40.65912],
          [-121.9907, 40.68064],
          [-122.01115, 40.69094],
          [-122.0248, 40.69781],
          [-122.03053, 40.71932],
          [-122.02147, 40.72966],
          [-122.00788, 40.74517],
          [-121.99881, 40.75551],
          [-121.98522, 40.77102],
          [-121.99094, 40.79252],
          [-121.99668, 40.81402],
          [-122.01716, 40.82432],
          [-122.04557, 40.81998],
          [-122.07398, 40.81563],
          [-122.10238, 40.81127],
          [-122.11597, 40.79576],
          [-122.12502, 40.78542],
          [-122.1386, 40.7699],
          [-122.13284, 40.7484],
          [-122.12709, 40.7269],
          [-122.12133, 40.70539],
          [-122.13038, 40.69504],
          [-122.14395, 40.67952]
        ]
      }
    },
    {
      "type": "Feature",
      "id": "2026101018_f054_06000_023",
      "properties": {
        "product_id": "winter_storm_levels",
        "source_id": "nbm_snow_level",
        "parameter": "snow_level",
        "definition": "height of the wet-bulb 0.5 degree C surface",
        "level_ft_msl": 6000,
        "label": "6,000 ft MSL",
        "unit": "ft_msl",
        "cycle_time_utc": "2026-10-10T18:00:00Z",
        "valid_time_utc": "2026-10-13T00:00:00Z",
        "lead_hours": 54,
        "segment": 23,
        "length_m": 35960.8
      },
      "geometry": {
        "type": "LineString",
        "coordinates": [
          [-122.34103, 37.35146],
          [-122.33542, 37.32962],
          [-122.3298, 37.30778],
          [-122.31658, 37.30083],
          [-122.28911, 37.30529],
          [-122.28037, 37.31581],
          [-122.26725, 37.33159],
          [-122.23977, 37.33604],
          [-122.23102, 37.34656],
          [-122.23662, 37.3684],
          [-122.22348, 37.38417],
          [-122.21473, 37.39469],
          [-122.22796, 37.40164],
          [-122.25545, 37.3972],
          [-122.2642, 37.38668],
          [-122.27733, 37.3709],
          [-122.30481, 37.36645],
          [-122.33229, 37.36199],
          [-122.34103, 37.35146]
        ]
      }
    },
    {
      "type": "Feature",
      "id": "2026101018_f054_06000_024",
      "properties": {
        "product_id": "winter_storm_levels",
        "source_id": "nbm_snow_level",
        "parameter": "snow_level",
        "definition": "height of the wet-bulb 0.5 degree C surface",
        "level_ft_msl": 6000,
        "label": "6,000 ft MSL",
        "unit": "ft_msl",
        "cycle_time_utc": "2026-10-10T18:00:00Z",
        "valid_time_utc": "2026-10-13T00:00:00Z",
        "lead_hours": 54,
        "segment": 24,
        "length_m": 129967.6
      },
      "geometry": {
        "type": "LineString",
        "coordinates": [
          [-122.54528, 40.46027],
          [-122.54312, 40.47407],
          [-122.53979, 40.48356],
          [-122.53147, 40.50729],
          [-122.52648, 40.52153],
          [-122.52315, 40.53103],
          [-122.52143, 40.55372],
          [-122.52065, 40.57627],
          [-122.51565, 40.5905],
          [-122.50665, 40.60087],
          [-122.49315, 40.61643],
          [-122.48981, 40.62592],
          [-122.4718, 40.64666],
          [-122.4673, 40.65184],
          [-122.45611, 40.67599],
          [-122.45219, 40.68333],
          [-122.43641, 40.70146],
          [-122.43139, 40.71569],
          [-122.42238, 40.72605],
          [-122.40885, 40.74159],
          [-122.39982, 40.75195],
          [-122.38454, 40.76104],
          [-122.35791, 40.77189],
          [-122.3374, 40.76163],
          [-122.3316, 40.74013],
          [-122.31793, 40.73329],
          [-122.29743, 40.72302],
          [-122.29164, 40.70152],
          [-122.28018, 40.68089],
          [-122.2722, 40.67317],
          [-122.26022, 40.66158],
          [-122.24594, 40.64138],
          [-122.23449, 40.62075],
          [-122.22652, 40.61302],
          [-122.20605, 40.60273],
          [-122.20029, 40.58122],
          [-122.21383, 40.56568],
          [-122.22286, 40.55532],
          [-122.21709, 40.53379],
          [-122.23062, 40.51825],
          [-122.25894, 40.51386],
          [-122.26796, 40.5035],
          [-122.28148, 40.48795],
          [-122.29049, 40.47758],
          [-122.304, 40.46203],
          [-122.31301, 40.45166],
          [-122.32652, 40.4361],
          [-122.33552, 40.42572],
          [-122.34902, 40.41016],
          [-122.35802, 40.39979],
          [-122.35223, 40.37825],
          [-122.36573, 40.36268],
          [-122.37472, 40.3523],
          [-122.3882, 40.33673],
          [-122.41646, 40.33232],
          [-122.42545, 40.32194],
          [-122.43892, 40.30636],
          [-122.46717, 40.30194],
          [-122.49541, 40.29751],
          [-122.51585, 40.30777],
          [-122.52166, 40.32931],
          [-122.52748, 40.35085],
          [-122.52482, 40.37371],
          [-122.53064, 40.39524],
          [-122.53646, 40.41677],
          [-122.53946, 40.43874],
          [-122.54528, 40.46027]
        ]
      }
    },
    {
      "type": "Feature",
      "id": "2026101018_f054_06000_025",
      "properties": {
        "product_id": "winter_storm_levels",
        "source_id": "nbm_snow_level",
        "parameter": "snow_level",
        "definition": "height of the wet-bulb 0.5 degree C surface",
        "level_ft_msl": 6000,
        "label": "6,000 ft MSL",
        "unit": "ft_msl",
        "cycle_time_utc": "2026-10-10T18:00:00Z",
        "valid_time_utc": "2026-10-13T00:00:00Z",
        "lead_hours": 54,
        "segment": 25,
        "length_m": 572690.1
      },
      "geometry": {
        "type": "LineString",
        "coordinates": [
          [-122.56104, 42.8428],
          [-122.55832, 42.86534],
          [-122.5585, 42.88745],
          [-122.55509, 42.89681],
          [-122.54129, 42.91217],
          [-122.53208, 42.92241],
          [-122.52697, 42.93646],
          [-122.53293, 42.95768],
          [-122.52441, 42.98108],
          [-122.53038, 43.0023],
          [-122.53635, 43.02351],
          [-122.54813, 43.04384],
          [-122.55411, 43.06505],
          [-122.54489, 43.07528],
          [-122.53106, 43.09062],
          [-122.52184, 43.10085],
          [-122.508, 43.11619],
          [-122.49877, 43.12641],
          [-122.48493, 43.14174],
          [-122.4757, 43.15197],
          [-122.44664, 43.15632],
          [-122.43278, 43.17165],
          [-122.42354, 43.18186],
          [-122.40968, 43.19718],
          [-122.40043, 43.2074],
          [-122.38656, 43.22272],
          [-122.39252, 43.2439],
          [-122.39848, 43.26509],
          [-122.40444, 43.28627],
          [-122.4104, 43.30745],
          [-122.43145, 43.31755],
          [-122.44548, 43.32428],
          [-122.46653, 43.33438],
          [-122.48056, 43.34111],
          [-122.48655, 43.36227],
          [-122.47729, 43.37248],
          [-122.44817, 43.37683],
          [-122.41905, 43.38117],
          [-122.40501, 43.37444],
          [-122.38396, 43.36434],
          [-122.35484, 43.36867],
          [-122.34094, 43.38397],
          [-122.33167, 43.39417],
          [-122.31776, 43.40947],
          [-122.30849, 43.41966],
          [-122.28113, 43.43033],
          [-122.26542, 43.43927],
          [-122.25614, 43.44946],
          [-122.24221, 43.46475],
          [-122.23292, 43.47493],
          [-122.22774, 43.48892],
          [-122.22493, 43.51137],
          [-122.21563, 43.52156],
          [-122.21044, 43.53554],
          [-122.19417, 43.55336],
          [-122.18719, 43.56099],
          [-122.17091, 43.57881],
          [-122.15517, 43.58773],
          [-122.1611, 43.60887],
          [-122.16703, 43.63002],
          [-122.17297, 43.65116],
          [-122.18767, 43.671],
          [-122.19361, 43.69214],
          [-122.19955, 43.71327],
          [-122.19673, 43.73568],
          [-122.20267, 43.75681],
          [-122.20862, 43.77793],
          [-122.21458, 43.79905],
          [-122.20525, 43.80921],
          [-122.19127, 43.82446],
          [-122.18194, 43.83462],
          [-122.16794, 43.84986],
          [-122.15861, 43.86002],
          [-122.14461, 43.87526],
          [-122.13527, 43.88541],
          [-122.10599, 43.88969],
          [-122.09197, 43.90492],
          [-122.08263, 43.91508],
          [-122.05333, 43.91935],
          [-122.0393, 43.93457],
          [-122.04522, 43.95567],
          [-122.06637, 43.96577],
          [-122.0746, 43.97336],
          [-122.07111, 43.98265],
          [-122.06588, 43.99659],
          [-122.06301, 44.01896],
          [-122.05365, 44.0291],
          [-122.02432, 44.03336],
          [-121.9938, 44.0334],
          [-121.98088, 44.03089],
          [-121.95973, 44.02078],
          [-121.9304, 44.02503],
          [-121.89988, 44.02506],
          [-121.88696, 44.02253],
          [-121.86582, 44.01242],
          [-121.85173, 44.00567],
          [-121.85171, 43.98372],
          [-121.84583, 43.96262],
          [-121.84934, 43.95333],
          [-121.85461, 43.9394],
          [-121.86338, 43.91617],
          [-121.86806, 43.9111],
          [-121.88679, 43.89081],
          [-121.8903, 43.88152],
          [-121.89555, 43.86757],
          [-121.90431, 43.84433],
          [-121.90781, 43.83503],
          [-121.91306, 43.82109],
          [-121.92181, 43.79784],
          [-121.91592, 43.77671],
          [-121.91942, 43.76741],
          [-121.92466, 43.75345],
          [-121.9334, 43.73019],
          [-121.93689, 43.72089],
          [-121.94213, 43.70693],
          [-121.95281, 43.68337],
          [-121.95435, 43.67435],
          [-121.95959, 43.66039],
          [-121.97026, 43.63683],
          [-121.9718, 43.6278],
          [-121.97703, 43.61383],
          [-121.99335, 43.59604],
          [-122.00034, 43.58841],
          [-122.00905, 43.56512],
          [-122.01253, 43.55581],
          [-122.01775, 43.54183],
          [-122.02645, 43.51853],
          [-122.02992, 43.50921],
          [-122.03514, 43.49523],
          [-122.05143, 43.47742],
          [-122.05841, 43.46979],
          [-122.06709, 43.44648],
          [-122.07056, 43.43715],
          [-122.07577, 43.42316],
          [-122.06349, 43.41175],
          [-122.04947, 43.40499],
          [-122.04358, 43.38381],
          [-122.03769, 43.36263],
          [-122.0318, 43.34145],
          [-122.02591, 43.32026],
          [-122.02003, 43.29907],
          [-121.99903, 43.28893],
          [-121.98504, 43.28216],
          [-121.97917, 43.26096],
          [-121.9733, 43.23976],
          [-121.9587, 43.21984],
          [-121.95284, 43.19864],
          [-121.94698, 43.17743],
          [-121.94985, 43.15494],
          [-121.94981, 43.13287],
          [-121.95328, 43.12353],
          [-121.95848, 43.10952],
          [-121.96135, 43.08701],
          [-121.97062, 43.07682],
          [-121.98454, 43.06151],
          [-121.97868, 43.04029],
          [-121.97283, 43.01906],
          [-121.96697, 42.99783],
          [-121.96112, 42.9766],
          [-121.9402, 42.96642],
          [-121.92625, 42.95964],
          [-121.92042, 42.9384],
          [-121.91458, 42.91715],
          [-121.91454, 42.89505],
          [-121.91801, 42.8857],
          [-121.92321, 42.87167],
          [-121.92607, 42.84913],
          [-121.92024, 42.82788],
          [-121.9202, 42.80576],
          [-121.92367, 42.7964],
          [-121.92886, 42.78236],
          [-121.93172, 42.75982],
          [-121.93168, 42.73769],
          [-121.93514, 42.72833],
          [-121.94901, 42.713],
          [-121.95826, 42.70278],
          [-121.97212, 42.68744],
          [-121.98136, 42.67722],
          [-121.99522, 42.66188],
          [-122.00446, 42.65165],
          [-122.01831, 42.6363],
          [-122.02754, 42.62607],
          [-122.04139, 42.61072],
          [-122.03554, 42.58944],
          [-122.04477, 42.57921],
          [-122.0586, 42.56386],
          [-122.06782, 42.55362],
          [-122.07298, 42.53955],
          [-122.0758, 42.51697],
          [-122.07573, 42.49482],
          [-122.07917, 42.48544],
          [-122.09299, 42.47007],
          [-122.10219, 42.45983],
          [-122.12931, 42.44912],
          [-122.14487, 42.44014],
          [-122.15407, 42.42989],
          [-122.16786, 42.41451],
          [-122.16201, 42.39321],
          [-122.1712, 42.38296],
          [-122.18499, 42.36758],
          [-122.17048, 42.34757],
          [-122.15832, 42.33608],
          [-122.15021, 42.32842],
          [-122.13859, 42.30797],
          [-122.11779, 42.29777],
          [-122.10969, 42.29011],
          [-122.08945, 42.27095],
          [-122.08361, 42.24963],
          [-122.08642, 42.227],
          [-122.08635, 42.20481],
          [-122.08977, 42.19542],
          [-122.09491, 42.18132],
          [-122.09772, 42.15869],
          [-122.09764, 42.13649],
          [-122.10107, 42.12709],
          [-122.1062, 42.11299],
          [-122.109, 42.09035],
          [-122.11817, 42.08008],
          [-122.13193, 42.06467],
          [-122.14109, 42.0544],
          [-122.16809, 42.04366],
          [-122.19684, 42.03932],
          [-122.21233, 42.03032],
          [-122.22265, 42.02431],
          [-122.25139, 42.01996],
          [-122.27895, 42.01134],
          [-122.30768, 42.00698],
          [-122.32152, 42.01378],
          [-122.34229, 42.02397],
          [-122.37102, 42.0196],
          [-122.39975, 42.01523],
          [-122.41345, 41.9998],
          [-122.42258, 41.98951],
          [-122.4513, 41.98513],
          [-122.46499, 41.96969],
          [-122.47412, 41.9594],
          [-122.50282, 41.95501],
          [-122.51667, 41.96179],
          [-122.52258, 41.98314],
          [-122.51346, 41.99343],
          [-122.49977, 42.00887],
          [-122.48946, 42.01489],
          [-122.46192, 42.02355],
          [-122.44822, 42.03898],
          [-122.43908, 42.04927],
          [-122.42538, 42.0647],
          [-122.41624, 42.07498],
          [-122.40253, 42.09041],
          [-122.40842, 42.11174],
          [-122.42294, 42.13176],
          [-122.43511, 42.14324],
          [-122.44322, 42.1509],
          [-122.44913, 42.17222],
          [-122.45504, 42.19354],
          [-122.45164, 42.20295],
          [-122.43792, 42.21836],
          [-122.42759, 42.22437],
          [-122.39998, 42.23301],
          [-122.38624, 42.24842],
          [-122.37708, 42.25869],
          [-122.36334, 42.27409],
          [-122.35417, 42.28436],
          [-122.34907, 42.29846],
          [-122.34631, 42.32107],
          [-122.35221, 42.34238],
          [-122.3581, 42.36368],
          [-122.37265, 42.38368],
          [-122.37856, 42.40497],
          [-122.37581, 42.42758],
          [-122.37595, 42.44974],
          [-122.37254, 42.45913],
          [-122.35877, 42.47451],
          [-122.3589, 42.49667],
          [-122.3648, 42.51795],
          [-122.37071, 42.53923],
          [-122.3824, 42.55964],
          [-122.38832, 42.58092],
          [-122.40921, 42.59106],
          [-122.42313, 42.59783],
          [-122.42906, 42.6191],
          [-122.44996, 42.62924],
          [-122.4639, 42.636],
          [-122.46983, 42.65726],
          [-122.47577, 42.67852],
          [-122.48172, 42.69977],
          [-122.48766, 42.72103],
          [-122.49361, 42.74228],
          [-122.50824, 42.76221],
          [-122.5205, 42.77365],
          [-122.52867, 42.78127],
          [-122.53463, 42.80251],
          [-122.54638, 42.82288],
          [-122.56104, 42.8428]
        ]
      }
    },
    {
      "type": "Feature",
      "id": "2026101018_f054_06000_026",
      "properties": {
        "product_id": "winter_storm_levels",
        "source_id": "nbm_snow_level",
        "parameter": "snow_level",
        "definition": "height of the wet-bulb 0.5 degree C surface",
        "level_ft_msl": 6000,
        "label": "6,000 ft MSL",
        "unit": "ft_msl",
        "cycle_time_utc": "2026-10-10T18:00:00Z",
        "valid_time_utc": "2026-10-13T00:00:00Z",
        "lead_hours": 54,
        "segment": 26,
        "length_m": 48654.6
      },
      "geometry": {
        "type": "LineString",
        "coordinates": [
          [-122.64785, 37.21021],
          [-122.64218, 37.18837],
          [-122.63651, 37.16652],
          [-122.62328, 37.15959],
          [-122.59586, 37.1641],
          [-122.56845, 37.16861],
          [-122.55974, 37.17915],
          [-122.54668, 37.19496],
          [-122.53797, 37.2055],
          [-122.5249, 37.2213],
          [-122.51618, 37.23184],
          [-122.50311, 37.24764],
          [-122.49439, 37.25818],
          [-122.50003, 37.28002],
          [-122.50568, 37.30186],
          [-122.51892, 37.30879],
          [-122.53879, 37.3192],
          [-122.55203, 37.32613],
          [-122.56075, 37.3156],
          [-122.57383, 37.2998],
          [-122.58254, 37.28926],
          [-122.59561, 37.27345],
          [-122.60432, 37.26292],
          [-122.61738, 37.24711],
          [-122.62609, 37.23656],
          [-122.63915, 37.22075],
          [-122.64785, 37.21021]
        ]
      }
    },
    {
      "type": "Feature",
      "id": "2026101018_f054_06000_027",
      "properties": {
        "product_id": "winter_storm_levels",
        "source_id": "nbm_snow_level",
        "parameter": "snow_level",
        "definition": "height of the wet-bulb 0.5 degree C surface",
        "level_ft_msl": 6000,
        "label": "6,000 ft MSL",
        "unit": "ft_msl",
        "cycle_time_utc": "2026-10-10T18:00:00Z",
        "valid_time_utc": "2026-10-13T00:00:00Z",
        "lead_hours": 54,
        "segment": 27,
        "length_m": 73158.6
      },
      "geometry": {
        "type": "LineString",
        "coordinates": [
          [-122.70296, 37.86082],
          [-122.69724, 37.83904],
          [-122.69153, 37.81725],
          [-122.68582, 37.79547],
          [-122.68011, 37.77368],
          [-122.66889, 37.75279],
          [-122.6611, 37.74497],
          [-122.64114, 37.7346],
          [-122.63544, 37.7128],
          [-122.62214, 37.70589],
          [-122.6022, 37.69551],
          [-122.5889, 37.68859],
          [-122.58016, 37.69911],
          [-122.56703, 37.71488],
          [-122.53948, 37.71938],
          [-122.53072, 37.72989],
          [-122.51759, 37.74566],
          [-122.50883, 37.75618],
          [-122.5145, 37.77797],
          [-122.52018, 37.79977],
          [-122.52586, 37.82156],
          [-122.53154, 37.84335],
          [-122.53722, 37.86514],
          [-122.5429, 37.88693],
          [-122.55622, 37.89384],
          [-122.5762, 37.90422],
          [-122.58189, 37.926],
          [-122.59522, 37.93291],
          [-122.62283, 37.92842],
          [-122.64282, 37.93878],
          [-122.65615, 37.94569],
          [-122.66491, 37.93518],
          [-122.67804, 37.91941],
          [-122.6868, 37.90889],
          [-122.68108, 37.88711],
          [-122.69421, 37.87134],
          [-122.70296, 37.86082]
        ]
      }
    },
    {
      "type": "Feature",
      "id": "2026101018_f054_06000_028",
      "properties": {
        "product_id": "winter_storm_levels",
        "source_id": "nbm_snow_level",
        "parameter": "snow_level",
        "definition": "height of the wet-bulb 0.5 degree C surface",
        "level_ft_msl": 6000,
        "label": "6,000 ft MSL",
        "unit": "ft_msl",
        "cycle_time_utc": "2026-10-10T18:00:00Z",
        "valid_time_utc": "2026-10-13T00:00:00Z",
        "lead_hours": 54,
        "segment": 28,
        "length_m": 154049.8
      },
      "geometry": {
        "type": "LineString",
        "coordinates": [
          [-122.79422, 34.98987],
          [-122.79175, 35.01326],
          [-122.78323, 35.02389],
          [-122.77852, 35.03847],
          [-122.77066, 35.06276],
          [-122.76752, 35.07248],
          [-122.75474, 35.08843],
          [-122.74621, 35.09906],
          [-122.73342, 35.115],
          [-122.739, 35.13701],
          [-122.73047, 35.14763],
          [-122.71767, 35.16357],
          [-122.72326, 35.18558],
          [-122.72884, 35.20757],
          [-122.73443, 35.22957],
          [-122.72589, 35.2402],
          [-122.71308, 35.25613],
          [-122.71866, 35.27813],
          [-122.71012, 35.28875],
          [-122.6973, 35.30468],
          [-122.68876, 35.3153],
          [-122.67593, 35.33123],
          [-122.66738, 35.34184],
          [-122.65455, 35.35777],
          [-122.646, 35.36838],
          [-122.63316, 35.3843],
          [-122.6246, 35.39492],
          [-122.59763, 35.39946],
          [-122.58478, 35.41537],
          [-122.57621, 35.42598],
          [-122.56336, 35.4419],
          [-122.55479, 35.4525],
          [-122.5278, 35.45703],
          [-122.52018, 35.44914],
          [-122.52335, 35.43944],
          [-122.53621, 35.42353],
          [-122.53605, 35.40064],
          [-122.53922, 35.39093],
          [-122.55207, 35.37502],
          [-122.56175, 35.36881],
          [-122.57888, 35.34759],
          [-122.58353, 35.34375],
          [-122.609, 35.33334],
          [-122.62184, 35.31742],
          [-122.62346, 35.29421],
          [-122.62594, 35.28921],
          [-122.63585, 35.26918],
          [-122.63926, 35.24567],
          [-122.63513, 35.22343],
          [-122.63506, 35.21426],
          [-122.6398, 35.1997],
          [-122.63423, 35.17769],
          [-122.62867, 35.15569],
          [-122.62311, 35.13368],
          [-122.61755, 35.11167],
          [-122.61827, 35.0886],
          [-122.62168, 35.06508],
          [-122.62304, 35.05566],
          [-122.62777, 35.04109],
          [-122.63566, 35.0168],
          [-122.63881, 35.00708],
          [-122.6516, 34.99114],
          [-122.66013, 34.98051],
          [-122.67291, 34.96457],
          [-122.66735, 34.94255],
          [-122.67587, 34.93192],
          [-122.68865, 34.91597],
          [-122.68309, 34.89395],
          [-122.6829, 34.87101],
          [-122.68604, 34.86129],
          [-122.69901, 34.86828],
          [-122.70457, 34.8903],
          [-122.71013, 34.91232],
          [-122.7157, 34.93434],
          [-122.73516, 34.94481],
          [-122.74813, 34.95179],
          [-122.7676, 34.96226],
          [-122.78058, 34.96923],
          [-122.79422, 34.98987]
        ]
      }
    },
    {
      "type": "Feature",
      "id": "2026101018_f054_06000_029",
      "properties": {
        "product_id": "winter_storm_levels",
        "source_id": "nbm_snow_level",
        "parameter": "snow_level",
        "definition": "height of the wet-bulb 0.5 degree C surface",
        "level_ft_msl": 6000,
        "label": "6,000 ft MSL",
        "unit": "ft_msl",
        "cycle_time_utc": "2026-10-10T18:00:00Z",
        "valid_time_utc": "2026-10-13T00:00:00Z",
        "lead_hours": 54,
        "segment": 29,
        "length_m": 82993.1
      },
      "geometry": {
        "type": "LineString",
        "coordinates": [
          [-123.00434, 41.88644],
          [-122.99833, 41.8651],
          [-122.99233, 41.84375],
          [-122.98633, 41.8224],
          [-122.97247, 41.81565],
          [-122.95169, 41.80552],
          [-122.9457, 41.78417],
          [-122.93185, 41.77741],
          [-122.91108, 41.76728],
          [-122.89723, 41.76052],
          [-122.8686, 41.76497],
          [-122.83996, 41.76942],
          [-122.81132, 41.77387],
          [-122.80225, 41.78419],
          [-122.78863, 41.79967],
          [-122.75998, 41.80411],
          [-122.7509, 41.81443],
          [-122.73727, 41.8299],
          [-122.72819, 41.84021],
          [-122.71455, 41.85568],
          [-122.68588, 41.86011],
          [-122.67679, 41.87042],
          [-122.66314, 41.88588],
          [-122.65404, 41.89619],
          [-122.66789, 41.90296],
          [-122.68867, 41.91312],
          [-122.69461, 41.93446],
          [-122.70055, 41.95581],
          [-122.71441, 41.96257],
          [-122.73521, 41.97272],
          [-122.74907, 41.97949],
          [-122.77777, 41.97505],
          [-122.80647, 41.97062],
          [-122.83516, 41.96618],
          [-122.86386, 41.96173],
          [-122.89255, 41.95728],
          [-122.92124, 41.95283],
          [-122.93031, 41.94251],
          [-122.94573, 41.93343],
          [-122.9714, 41.9183],
          [-122.98167, 41.91225],
          [-122.99527, 41.89676],
          [-123.00434, 41.88644]
        ]
      }
    },
    {
      "type": "Feature",
      "id": "2026101018_f054_06000_030",
      "properties": {
        "product_id": "winter_storm_levels",
        "source_id": "nbm_snow_level",
        "parameter": "snow_level",
        "definition": "height of the wet-bulb 0.5 degree C surface",
        "level_ft_msl": 6000,
        "label": "6,000 ft MSL",
        "unit": "ft_msl",
        "cycle_time_utc": "2026-10-10T18:00:00Z",
        "valid_time_utc": "2026-10-13T00:00:00Z",
        "lead_hours": 54,
        "segment": 30,
        "length_m": 14169.8
      },
      "geometry": {
        "type": "LineString",
        "coordinates": [
          [-123.05876, 35.28903],
          [-123.0531, 35.26705],
          [-123.04007, 35.2601],
          [-123.01315, 35.26471],
          [-123.00464, 35.27535],
          [-123.01766, 35.2823],
          [-123.03721, 35.29272],
          [-123.05025, 35.29967],
          [-123.05876, 35.28903]
        ]
      }
    },
    {
      "type": "Feature",
      "id": "2026101018_f054_06000_031",
      "properties": {
        "product_id": "winter_storm_levels",
        "source_id": "nbm_snow_level",
        "parameter": "snow_level",
        "definition": "height of the wet-bulb 0.5 degree C surface",
        "level_ft_msl": 6000,
        "label": "6,000 ft MSL",
        "unit": "ft_msl",
        "cycle_time_utc": "2026-10-10T18:00:00Z",
        "valid_time_utc": "2026-10-13T00:00:00Z",
        "lead_hours": 54,
        "segment": 31,
        "length_m": 22694.6
      },
      "geometry": {
        "type": "LineString",
        "coordinates": [
          [-123.13104, 35.46021],
          [-123.12536, 35.43824],
          [-123.1123, 35.4313],
          [-123.08534, 35.43592],
          [-123.05837, 35.44054],
          [-123.04985, 35.45117],
          [-123.05551, 35.47314],
          [-123.06857, 35.48008],
          [-123.08816, 35.49049],
          [-123.10122, 35.49743],
          [-123.10974, 35.4868],
          [-123.12252, 35.47084],
          [-123.13104, 35.46021]
        ]
      }
    },
    {
      "type": "Feature",
      "id": "2026101018_f054_06000_032",
      "properties": {
        "product_id": "winter_storm_levels",
        "source_id": "nbm_snow_level",
        "parameter": "snow_level",
        "definition": "height of the wet-bulb 0.5 degree C surface",
        "level_ft_msl": 6000,
        "label": "6,000 ft MSL",
        "unit": "ft_msl",
        "cycle_time_utc": "2026-10-10T18:00:00Z",
        "valid_time_utc": "2026-10-13T00:00:00Z",
        "lead_hours": 54,
        "segment": 32,
        "length_m": 32513.1
      },
      "geometry": {
        "type": "LineString",
        "coordinates": [
          [-123.21995, 34.82479],
          [-123.21429, 34.80278],
          [-123.20863, 34.78077],
          [-123.19564, 34.77383],
          [-123.16884, 34.77847],
          [-123.14317, 34.78751],
          [-123.13358, 34.79377],
          [-123.12088, 34.80976],
          [-123.11241, 34.82042],
          [-123.11805, 34.84243],
          [-123.12369, 34.86444],
          [-123.13668, 34.87139],
          [-123.16351, 34.86675],
          [-123.19033, 34.86211],
          [-123.19879, 34.85145],
          [-123.21149, 34.83546],
          [-123.21995, 34.82479]
        ]
      }
    },
    {
      "type": "Feature",
      "id": "2026101018_f054_06000_033",
      "properties": {
        "product_id": "winter_storm_levels",
        "source_id": "nbm_snow_level",
        "parameter": "snow_level",
        "definition": "height of the wet-bulb 0.5 degree C surface",
        "level_ft_msl": 6000,
        "label": "6,000 ft MSL",
        "unit": "ft_msl",
        "cycle_time_utc": "2026-10-10T18:00:00Z",
        "valid_time_utc": "2026-10-13T00:00:00Z",
        "lead_hours": 54,
        "segment": 33,
        "length_m": 27570.4
      },
      "geometry": {
        "type": "LineString",
        "coordinates": [
          [-123.55648, 40.79271],
          [-123.55162, 40.80695],
          [-123.52328, 40.81154],
          [-123.50264, 40.80141],
          [-123.4966, 40.77996],
          [-123.48285, 40.77321],
          [-123.46223, 40.76308],
          [-123.4756, 40.74746],
          [-123.48451, 40.73705],
          [-123.49788, 40.72142],
          [-123.5185, 40.73155],
          [-123.52455, 40.75301],
          [-123.5383, 40.75976],
          [-123.55043, 40.77126],
          [-123.55648, 40.79271]
        ]
      }
    },
    {
      "type": "Feature",
      "id": "2026101018_f054_06000_034",
      "properties": {
        "product_id": "winter_storm_levels",
        "source_id": "nbm_snow_level",
        "parameter": "snow_level",
        "definition": "height of the wet-bulb 0.5 degree C surface",
        "level_ft_msl": 6000,
        "label": "6,000 ft MSL",
        "unit": "ft_msl",
        "cycle_time_utc": "2026-10-10T18:00:00Z",
        "valid_time_utc": "2026-10-13T00:00:00Z",
        "lead_hours": 54,
        "segment": 34,
        "length_m": 20781
      },
      "geometry": {
        "type": "LineString",
        "coordinates": [
          [-124.07257, 33.17408],
          [-124.06682, 33.152],
          [-124.06108, 33.12991],
          [-124.04823, 33.123],
          [-124.02186, 33.1278],
          [-124.0136, 33.13856],
          [-124.01933, 33.16064],
          [-124.02507, 33.18273],
          [-124.03792, 33.18964],
          [-124.06431, 33.18484],
          [-124.07257, 33.17408]
        ]
      }
    },
    {
      "type": "Feature",
      "id": "2026101018_f054_06000_035",
      "properties": {
        "product_id": "winter_storm_levels",
        "source_id": "nbm_snow_level",
        "parameter": "snow_level",
        "definition": "height of the wet-bulb 0.5 degree C surface",
        "level_ft_msl": 6000,
        "label": "6,000 ft MSL",
        "unit": "ft_msl",
        "cycle_time_utc": "2026-10-10T18:00:00Z",
        "valid_time_utc": "2026-10-13T00:00:00Z",
        "lead_hours": 54,
        "segment": 35,
        "length_m": 25740
      },
      "geometry": {
        "type": "LineString",
        "coordinates": [
          [-124.46272, 32.4305],
          [-124.45694, 32.40839],
          [-124.43776, 32.39805],
          [-124.41157, 32.40293],
          [-124.39931, 32.41912],
          [-124.39114, 32.42992],
          [-124.37888, 32.44611],
          [-124.38465, 32.46822],
          [-124.40384, 32.47856],
          [-124.43005, 32.47369],
          [-124.44231, 32.4575],
          [-124.45047, 32.4467],
          [-124.46272, 32.4305]
        ]
      }
    },
    {
      "type": "Feature",
      "id": "2026101018_f054_06000_036",
      "properties": {
        "product_id": "winter_storm_levels",
        "source_id": "nbm_snow_level",
        "parameter": "snow_level",
        "definition": "height of the wet-bulb 0.5 degree C surface",
        "level_ft_msl": 6000,
        "label": "6,000 ft MSL",
        "unit": "ft_msl",
        "cycle_time_utc": "2026-10-10T18:00:00Z",
        "valid_time_utc": "2026-10-13T00:00:00Z",
        "lead_hours": 54,
        "segment": 36,
        "length_m": 11818.7
      },
      "geometry": {
        "type": "LineString",
        "coordinates": [
          [-124.63165, 31.19107],
          [-124.62589, 31.1689],
          [-124.60863, 31.16521],
          [-124.59481, 31.17481],
          [-124.60055, 31.19697],
          [-124.61783, 31.20067],
          [-124.63165, 31.19107]
        ]
      }
    },
    {
      "type": "Feature",
      "id": "2026101018_f054_06000_037",
      "properties": {
        "product_id": "winter_storm_levels",
        "source_id": "nbm_snow_level",
        "parameter": "snow_level",
        "definition": "height of the wet-bulb 0.5 degree C surface",
        "level_ft_msl": 6000,
        "label": "6,000 ft MSL",
        "unit": "ft_msl",
        "cycle_time_utc": "2026-10-10T18:00:00Z",
        "valid_time_utc": "2026-10-13T00:00:00Z",
        "lead_hours": 54,
        "segment": 37,
        "length_m": 171693.2
      },
      "geometry": {
        "type": "LineString",
        "coordinates": [
          [-125.27754, 30.85725],
          [-125.27684, 30.83409],
          [-125.27098, 30.81193],
          [-125.25997, 30.79078],
          [-125.24098, 30.7805],
          [-125.22832, 30.77365],
          [-125.20934, 30.76337],
          [-125.18355, 30.76839],
          [-125.15776, 30.7734],
          [-125.14578, 30.78971],
          [-125.1378, 30.80058],
          [-125.12581, 30.81688],
          [-125.11782, 30.82774],
          [-125.11358, 30.84254],
          [-125.11166, 30.8662],
          [-125.10367, 30.87707],
          [-125.09167, 30.89337],
          [-125.08367, 30.90423],
          [-125.07167, 30.92052],
          [-125.06367, 30.93139],
          [-125.03784, 30.93638],
          [-125.012, 30.94137],
          [-124.99934, 30.9345],
          [-124.98209, 30.93084],
          [-124.95452, 30.92917],
          [-124.94186, 30.9223],
          [-124.92288, 30.91199],
          [-124.91023, 30.90511],
          [-124.90444, 30.88294],
          [-124.88547, 30.87262],
          [-124.85964, 30.87759],
          [-124.84761, 30.89387],
          [-124.86658, 30.90419],
          [-124.87923, 30.91107],
          [-124.88502, 30.93324],
          [-124.877, 30.94409],
          [-124.86496, 30.96037],
          [-124.85694, 30.97122],
          [-124.83109, 30.97618],
          [-124.80523, 30.98113],
          [-124.77938, 30.98608],
          [-124.75236, 30.9866],
          [-124.7265, 30.99154],
          [-124.71501, 30.98908],
          [-124.69776, 30.98539],
          [-124.68397, 30.995],
          [-124.67593, 31.00585],
          [-124.66386, 31.02211],
          [-124.67738, 31.0428],
          [-124.68687, 31.04797],
          [-124.70901, 31.06003],
          [-124.7185, 31.0652],
          [-124.74066, 31.07726],
          [-124.75015, 31.08242],
          [-124.77231, 31.09447],
          [-124.78354, 31.10629],
          [-124.79621, 31.11317],
          [-124.81521, 31.1235],
          [-124.82788, 31.13038],
          [-124.84689, 31.1407],
          [-124.87277, 31.13574],
          [-124.89692, 31.12413],
          [-124.91071, 31.1145],
          [-124.91874, 31.10365],
          [-124.94287, 31.09203],
          [-124.95665, 31.0824],
          [-124.96584, 31.07597],
          [-124.9917, 31.07099],
          [-125.0164, 31.06158],
          [-125.04227, 31.05659],
          [-125.05429, 31.0403],
          [-125.0623, 31.02944],
          [-125.07431, 31.01315],
          [-125.08232, 31.00229],
          [-125.09433, 30.986],
          [-125.10233, 30.97513],
          [-125.11433, 30.95884],
          [-125.12233, 30.94797],
          [-125.14816, 30.94297],
          [-125.17224, 30.93131],
          [-125.18598, 30.92165],
          [-125.19514, 30.91522],
          [-125.21941, 30.90429],
          [-125.24327, 30.89188],
          [-125.25759, 30.88443],
          [-125.26557, 30.87356],
          [-125.27754, 30.85725]
        ]
      }
    },
    {
      "type": "Feature",
      "id": "2026101018_f054_06000_038",
      "properties": {
        "product_id": "winter_storm_levels",
        "source_id": "nbm_snow_level",
        "parameter": "snow_level",
        "definition": "height of the wet-bulb 0.5 degree C surface",
        "level_ft_msl": 6000,
        "label": "6,000 ft MSL",
        "unit": "ft_msl",
        "cycle_time_utc": "2026-10-10T18:00:00Z",
        "valid_time_utc": "2026-10-13T00:00:00Z",
        "lead_hours": 54,
        "segment": 38,
        "length_m": 27131.4
      },
      "geometry": {
        "type": "LineString",
        "coordinates": [
          [-125.55638, 31.12885],
          [-125.55563, 31.1057],
          [-125.5497, 31.08357],
          [-125.53699, 31.07674],
          [-125.51793, 31.06651],
          [-125.50523, 31.05968],
          [-125.47939, 31.06474],
          [-125.47141, 31.07562],
          [-125.47732, 31.09776],
          [-125.48841, 31.11888],
          [-125.49594, 31.12672],
          [-125.51501, 31.13696],
          [-125.52772, 31.14379],
          [-125.5524, 31.13429],
          [-125.55638, 31.12885]
        ]
      }
    },
    {
      "type": "Feature",
      "id": "2026101018_f054_06000_039",
      "properties": {
        "product_id": "winter_storm_levels",
        "source_id": "nbm_snow_level",
        "parameter": "snow_level",
        "definition": "height of the wet-bulb 0.5 degree C surface",
        "level_ft_msl": 6000,
        "label": "6,000 ft MSL",
        "unit": "ft_msl",
        "cycle_time_utc": "2026-10-10T18:00:00Z",
        "valid_time_utc": "2026-10-13T00:00:00Z",
        "lead_hours": 54,
        "segment": 39,
        "length_m": 66907.8
      },
      "geometry": {
        "type": "LineString",
        "coordinates": [
          [-125.95468, 31.49292],
          [-125.9519, 31.50278],
          [-125.93996, 31.51912],
          [-125.932, 31.53002],
          [-125.92005, 31.54636],
          [-125.91208, 31.55725],
          [-125.90791, 31.57205],
          [-125.90096, 31.59671],
          [-125.89818, 31.60657],
          [-125.88622, 31.62291],
          [-125.87825, 31.63379],
          [-125.86628, 31.65013],
          [-125.8583, 31.66101],
          [-125.84633, 31.67734],
          [-125.83715, 31.68381],
          [-125.81238, 31.69334],
          [-125.78641, 31.69845],
          [-125.77362, 31.69165],
          [-125.76762, 31.66955],
          [-125.76163, 31.64745],
          [-125.76083, 31.62433],
          [-125.76362, 31.61446],
          [-125.7756, 31.59814],
          [-125.78358, 31.58726],
          [-125.79555, 31.57093],
          [-125.80473, 31.56446],
          [-125.82947, 31.55493],
          [-125.84143, 31.5386],
          [-125.8494, 31.52771],
          [-125.86135, 31.51138],
          [-125.86932, 31.50049],
          [-125.89524, 31.49536],
          [-125.90719, 31.47902],
          [-125.91515, 31.46813],
          [-125.92792, 31.47492],
          [-125.94708, 31.4851],
          [-125.95468, 31.49292]
        ]
      }
    },
    {
      "type": "Feature",
      "id": "2026101018_f054_06000_040",
      "properties": {
        "product_id": "winter_storm_levels",
        "source_id": "nbm_snow_level",
        "parameter": "snow_level",
        "definition": "height of the wet-bulb 0.5 degree C surface",
        "level_ft_msl": 6000,
        "label": "6,000 ft MSL",
        "unit": "ft_msl",
        "cycle_time_utc": "2026-10-10T18:00:00Z",
        "valid_time_utc": "2026-10-13T00:00:00Z",
        "lead_hours": 54,
        "segment": 40,
        "length_m": 76657.6
      },
      "geometry": {
        "type": "LineString",
        "coordinates": [
          [-126.19954, 31.88681],
          [-126.19678, 31.89668],
          [-126.17078, 31.90184],
          [-126.15794, 31.89508],
          [-126.14052, 31.89156],
          [-126.11513, 31.89892],
          [-126.10074, 31.90643],
          [-126.09155, 31.91291],
          [-126.06857, 31.9291],
          [-126.05479, 31.93881],
          [-126.04681, 31.9497],
          [-126.0226, 31.96147],
          [-126.00881, 31.97117],
          [-126.00082, 31.98206],
          [-125.97479, 31.9872],
          [-125.94876, 31.99233],
          [-125.93593, 31.98555],
          [-125.91669, 31.97538],
          [-125.90386, 31.96859],
          [-125.90303, 31.94549],
          [-125.90702, 31.94005],
          [-125.91607, 31.91965],
          [-125.92399, 31.9018],
          [-125.92738, 31.89415],
          [-125.93867, 31.86864],
          [-125.94093, 31.86354],
          [-125.9569, 31.84177],
          [-125.96089, 31.83633],
          [-125.98326, 31.81794],
          [-126.00925, 31.8128],
          [-126.03524, 31.80766],
          [-126.06183, 31.80472],
          [-126.09084, 31.81061],
          [-126.10245, 31.81296],
          [-126.12168, 31.82311],
          [-126.13451, 31.82988],
          [-126.15375, 31.84003],
          [-126.16657, 31.8468],
          [-126.18046, 31.86732],
          [-126.19191, 31.87902],
          [-126.19954, 31.88681]
        ]
      }
    },
    {
      "type": "Feature",
      "id": "2026101018_f054_06000_041",
      "properties": {
        "product_id": "winter_storm_levels",
        "source_id": "nbm_snow_level",
        "parameter": "snow_level",
        "definition": "height of the wet-bulb 0.5 degree C surface",
        "level_ft_msl": 6000,
        "label": "6,000 ft MSL",
        "unit": "ft_msl",
        "cycle_time_utc": "2026-10-10T18:00:00Z",
        "valid_time_utc": "2026-10-13T00:00:00Z",
        "lead_hours": 54,
        "segment": 41,
        "length_m": 51246.3
      },
      "geometry": {
        "type": "LineString",
        "coordinates": [
          [-126.22303, 31.95199],
          [-126.21506, 31.96289],
          [-126.21091, 31.97768],
          [-126.204, 32.00234],
          [-126.20124, 32.0122],
          [-126.18928, 32.02854],
          [-126.18009, 32.03502],
          [-126.1571, 32.05122],
          [-126.13106, 32.05638],
          [-126.11726, 32.06609],
          [-126.10806, 32.07257],
          [-126.08202, 32.07772],
          [-126.07039, 32.07537],
          [-126.0565, 32.05484],
          [-126.04504, 32.04314],
          [-126.03741, 32.03534],
          [-126.04019, 32.02548],
          [-126.04436, 32.0107],
          [-126.0461, 31.98708],
          [-126.05408, 31.97619],
          [-126.08132, 31.97546],
          [-126.10572, 31.96442],
          [-126.13174, 31.95926],
          [-126.15938, 31.95998],
          [-126.18417, 31.9504],
          [-126.21018, 31.94523],
          [-126.22303, 31.95199]
        ]
      }
    },
    {
      "type": "Feature",
      "id": "2026101018_f054_06000_042",
      "properties": {
        "product_id": "winter_storm_levels",
        "source_id": "nbm_snow_level",
        "parameter": "snow_level",
        "definition": "height of the wet-bulb 0.5 degree C surface",
        "level_ft_msl": 6000,
        "label": "6,000 ft MSL",
        "unit": "ft_msl",
        "cycle_time_utc": "2026-10-10T18:00:00Z",
        "valid_time_utc": "2026-10-13T00:00:00Z",
        "lead_hours": 54,
        "segment": 42,
        "length_m": 5700.2
      },
      "geometry": {
        "type": "LineString",
        "coordinates": [
          [-126.24293, 31.92475],
          [-126.23497, 31.93564],
          [-126.22213, 31.92889],
          [-126.23009, 31.91799],
          [-126.24293, 31.92475]
        ]
      }
    },
    {
      "type": "Feature",
      "id": "2026101018_f054_06000_043",
      "properties": {
        "product_id": "winter_storm_levels",
        "source_id": "nbm_snow_level",
        "parameter": "snow_level",
        "definition": "height of the wet-bulb 0.5 degree C surface",
        "level_ft_msl": 6000,
        "label": "6,000 ft MSL",
        "unit": "ft_msl",
        "cycle_time_utc": "2026-10-10T18:00:00Z",
        "valid_time_utc": "2026-10-13T00:00:00Z",
        "lead_hours": 54,
        "segment": 43,
        "length_m": 18653.4
      },
      "geometry": {
        "type": "LineString",
        "coordinates": [
          [-126.34137, 31.36913],
          [-126.33528, 31.34704],
          [-126.31611, 31.3369],
          [-126.29024, 31.3421],
          [-126.27836, 31.35847],
          [-126.28444, 31.38056],
          [-126.30362, 31.39071],
          [-126.3295, 31.38551],
          [-126.34137, 31.36913]
        ]
      }
    },
    {
      "type": "Feature",
      "id": "2026101018_f054_06000_044",
      "properties": {
        "product_id": "winter_storm_levels",
        "source_id": "nbm_snow_level",
        "parameter": "snow_level",
        "definition": "height of the wet-bulb 0.5 degree C surface",
        "level_ft_msl": 6000,
        "label": "6,000 ft MSL",
        "unit": "ft_msl",
        "cycle_time_utc": "2026-10-10T18:00:00Z",
        "valid_time_utc": "2026-10-13T00:00:00Z",
        "lead_hours": 54,
        "segment": 44,
        "length_m": 6812265.5
      },
      "geometry": {
        "type": "LineString",
        "coordinates": [
          [-126.48068, 44.5],
          [-126.48529, 44.49004],
          [-126.48853, 44.47186],
          [-126.48965, 44.46726],
          [-126.49842, 44.44373],
          [-126.50359, 44.42411],
          [-126.50506, 44.42056],
          [-126.51244, 44.39725],
          [-126.51665, 44.37448],
          [-126.51725, 44.37218],
          [-126.52418, 44.35115],
          [-126.53186, 44.32778],
          [-126.5324, 44.32474],
          [-126.53725, 44.30479],
          [-126.54415, 44.28155],
          [-126.54627, 44.27347],
          [-126.55126, 44.25827],
          [-126.55893, 44.23488],
          [-126.56081, 44.22426],
          [-126.56296, 44.21211],
          [-126.57062, 44.18872],
          [-126.57384, 44.1705],
          [-126.57464, 44.16595],
          [-126.58187, 44.14262],
          [-126.58861, 44.12203],
          [-126.58972, 44.11918],
          [-126.59718, 44.09581],
          [-126.60202, 44.07288],
          [-126.60239, 44.0706],
          [-126.60665, 44.04998],
          [-126.61138, 44.02705],
          [-126.61422, 44.0133],
          [-126.61611, 44.00413],
          [-126.61936, 43.98145],
          [-126.6236, 43.9586],
          [-126.6248, 43.9522],
          [-126.62934, 43.93549],
          [-126.63439, 43.9125],
          [-126.63729, 43.89695],
          [-126.63973, 43.88945],
          [-126.6474, 43.86599],
          [-126.65116, 43.84587],
          [-126.65191, 43.84308],
          [-126.65698, 43.82006],
          [-126.66058, 43.7973],
          [-126.66225, 43.78638],
          [-126.66494, 43.77439],
          [-126.67166, 43.75108],
          [-126.6747, 43.73106],
          [-126.67545, 43.72827],
          [-126.67946, 43.70542],
          [-126.6825, 43.68273],
          [-126.68438, 43.66733],
          [-126.68604, 43.65995],
          [-126.69101, 43.63692],
          [-126.69482, 43.61409],
          [-126.69494, 43.6063],
          [-126.69673, 43.59158],
          [-126.69721, 43.56931],
          [-126.69652, 43.54724],
          [-126.69796, 43.5248],
          [-126.69818, 43.52299],
          [-126.70394, 43.50158],
          [-126.71051, 43.47825],
          [-126.71268, 43.47399],
          [-126.72168, 43.45411],
          [-126.72592, 43.43118],
          [-126.72765, 43.42643],
          [-126.7346, 43.40746],
          [-126.73761, 43.38473],
          [-126.74026, 43.37168],
          [-126.74305, 43.36157],
          [-126.74607, 43.33883],
          [-126.74805, 43.31627],
          [-126.74907, 43.30542],
          [-126.75175, 43.2934],
          [-126.75428, 43.27073],
          [-126.7579, 43.24787],
          [-126.75818, 43.24004],
          [-126.75996, 43.22528],
          [-126.76369, 43.20239],
          [-126.7661, 43.17973],
          [-126.76686, 43.17337],
          [-126.76989, 43.15683],
          [-126.77274, 43.13408],
          [-126.77621, 43.11123],
          [-126.77652, 43.10969],
          [-126.78251, 43.08788],
          [-126.78742, 43.06476],
          [-126.7879, 43.05132],
          [-126.78899, 43.04223],
          [-126.7929, 43.01928],
          [-126.79559, 42.99654],
          [-126.79469, 42.97888],
          [-126.79488, 42.97439],
          [-126.79662, 42.95182],
          [-126.79724, 42.92943],
          [-126.79878, 42.90688],
          [-126.79665, 42.89166],
          [-126.79616, 42.88506],
          [-126.7979, 42.86247],
          [-126.79851, 42.84007],
          [-126.80005, 42.81751],
          [-126.80081, 42.81113],
          [-126.80382, 42.79455],
          [-126.8058, 42.7719],
          [-126.80656, 42.74947],
          [-126.80537, 42.73183],
          [-126.80557, 42.72734],
          [-126.80575, 42.705],
          [-126.80586, 42.68267],
          [-126.80782, 42.66001],
          [-126.80883, 42.64912],
          [-126.81148, 42.63705],
          [-126.81398, 42.61429],
          [-126.81594, 42.59162],
          [-126.81695, 42.58073],
          [-126.81959, 42.56865],
          [-126.82209, 42.54588],
          [-126.82758, 42.52258],
          [-126.82788, 42.52104],
          [-126.83383, 42.49914],
          [-126.8387, 42.47594],
          [-126.83917, 42.46245],
          [-126.84025, 42.45332],
          [-126.84412, 42.43029],
          [-126.84869, 42.40714],
          [-126.84999, 42.40244],
          [-126.85596, 42.3835],
          [-126.85979, 42.36046],
          [-126.86046, 42.34134],
          [-126.86086, 42.33792],
          [-126.86198, 42.31536],
          [-126.86126, 42.29312],
          [-126.85719, 42.27147],
          [-126.85988, 42.24862],
          [-126.86009, 42.2468],
          [-126.86391, 42.22554],
          [-126.86767, 42.20249],
          [-126.86951, 42.18247],
          [-126.87011, 42.17968],
          [-126.87531, 42.15637],
          [-126.8775, 42.1336],
          [-126.87891, 42.11812],
          [-126.88053, 42.11067],
          [-126.88334, 42.08777],
          [-126.88892, 42.06438],
          [-126.89022, 42.05967],
          [-126.89616, 42.0407],
          [-126.90377, 42.01694],
          [-126.90506, 42.01223],
          [-126.911, 41.99324],
          [-126.91861, 41.96948],
          [-126.91967, 41.96406],
          [-126.92451, 41.94601],
          [-126.93343, 41.922],
          [-126.93449, 41.91658],
          [-126.93933, 41.89853],
          [-126.94662, 41.8748],
          [-126.94855, 41.86677],
          [-126.95341, 41.85116],
          [-126.96113, 41.82735],
          [-126.96334, 41.81926],
          [-126.9682, 41.80365],
          [-126.9762, 41.77978],
          [-126.97812, 41.77175],
          [-126.98297, 41.75613],
          [-126.99068, 41.7323],
          [-126.99288, 41.72421],
          [-126.99773, 41.70859],
          [-127.00543, 41.68476],
          [-127.0067, 41.67375],
          [-127.00882, 41.6617],
          [-127.01173, 41.63872],
          [-127.00955, 41.61665],
          [-127.01186, 41.59647],
          [-127.01246, 41.59366],
          [-127.0176, 41.57028],
          [-127.02506, 41.54646],
          [-127.02543, 41.54527],
          [-127.03552, 41.52211],
          [-127.04321, 41.50724],
          [-127.04899, 41.4972],
          [-127.05775, 41.47314],
          [-127.05927, 41.46388],
          [-127.06302, 41.44971],
          [-127.06712, 41.42648],
          [-127.07207, 41.41041],
          [-127.07552, 41.40248],
          [-127.08304, 41.37862],
          [-127.08835, 41.36777],
          [-127.09585, 41.35381],
          [-127.10534, 41.32959],
          [-127.1057, 41.32853],
          [-127.11541, 41.30527],
          [-127.12002, 41.28193],
          [-127.12026, 41.2806],
          [-127.12549, 41.25842],
          [-127.13128, 41.23486],
          [-127.13363, 41.22903],
          [-127.14277, 41.21026],
          [-127.1511, 41.19023],
          [-127.15337, 41.18581],
          [-127.16178, 41.16176],
          [-127.16517, 41.14087],
          [-127.16579, 41.13851],
          [-127.17009, 41.1152],
          [-127.17484, 41.0918],
          [-127.17702, 41.08464],
          [-127.1844, 41.06752],
          [-127.19416, 41.0449],
          [-127.19518, 41.04302],
          [-127.20676, 41.01836],
          [-127.21074, 41.00347],
          [-127.21432, 40.99444],
          [-127.22006, 40.97084],
          [-127.22497, 40.95472],
          [-127.22839, 40.94677],
          [-127.23812, 40.92243],
          [-127.24153, 40.91329],
          [-127.24942, 40.8978],
          [-127.25631, 40.87398],
          [-127.25757, 40.87024],
          [-127.26709, 40.84944],
          [-127.27511, 40.83192],
          [-127.27979, 40.82454],
          [-127.29492, 40.8007],
          [-127.29615, 40.79896],
          [-127.31127, 40.77361],
          [-127.31343, 40.76547],
          [-127.31889, 40.74963],
          [-127.32426, 40.72606],
          [-127.32443, 40.70683],
          [-127.32493, 40.70335],
          [-127.33084, 40.67967],
          [-127.33504, 40.65631],
          [-127.33679, 40.65247],
          [-127.34882, 40.63118],
          [-127.35483, 40.61586],
          [-127.35685, 40.6071],
          [-127.36132, 40.58367],
          [-127.36605, 40.56019],
          [-127.36641, 40.55912],
          [-127.37329, 40.53625],
          [-127.38153, 40.51347],
          [-127.38196, 40.51204],
          [-127.39056, 40.48783],
          [-127.39597, 40.46572],
          [-127.3964, 40.46414],
          [-127.40201, 40.44048],
          [-127.40903, 40.41655],
          [-127.40951, 40.41517],
          [-127.42157, 40.3916],
          [-127.42723, 40.37773],
          [-127.43237, 40.36697],
          [-127.43005, 40.34477],
          [-127.43426, 40.32135],
          [-127.43384, 40.30559],
          [-127.43515, 40.29855],
          [-127.45479, 40.27829],
          [-127.46193, 40.27093],
          [-127.46923, 40.24692],
          [-127.47222, 40.24003],
          [-127.48169, 40.22195],
          [-127.48705, 40.1983],
          [-127.48754, 40.19519],
          [-127.49374, 40.1744],
          [-127.49716, 40.15111],
          [-127.49956, 40.14009],
          [-127.5071, 40.12659],
          [-127.50921, 40.10354],
          [-127.50834, 40.08104],
          [-127.50747, 40.07213],
          [-127.52014, 40.05616],
          [-127.52858, 40.04551],
          [-127.55652, 40.04028],
          [-127.56918, 40.0243],
          [-127.57898, 40.01792],
          [-127.60637, 40.01097],
          [-127.63591, 40.01076],
          [-127.63781, 40.01141],
          [-127.66917, 40.02214],
          [-127.68776, 40.02469],
          [-127.69993, 40.0257],
          [-127.71382, 40.01978],
          [-127.72617, 40.01519],
          [-127.74196, 39.99179],
          [-127.7461, 39.98508],
          [-127.75218, 39.96717],
          [-127.76233, 39.94348],
          [-127.76278, 39.94248],
          [-127.77135, 39.91817],
          [-127.77782, 39.89961],
          [-127.77949, 39.89393],
          [-127.78409, 39.87036],
          [-127.79073, 39.84777],
          [-127.7912, 39.84631],
          [-127.79831, 39.82226],
          [-127.80554, 39.80182],
          [-127.80691, 39.79792],
          [-127.81657, 39.77338],
          [-127.8217, 39.76014],
          [-127.82494, 39.74908],
          [-127.82704, 39.72596],
          [-127.82453, 39.70372],
          [-127.82272, 39.68134],
          [-127.8234, 39.67342],
          [-127.82562, 39.65806],
          [-127.83174, 39.63417],
          [-127.83543, 39.61892],
          [-127.83796, 39.61026],
          [-127.84328, 39.58651],
          [-127.84424, 39.56359],
          [-127.84427, 39.55449],
          [-127.84542, 39.54063],
          [-127.84662, 39.51766],
          [-127.84809, 39.49463],
          [-127.84989, 39.47999],
          [-127.85135, 39.47127],
          [-127.85374, 39.44806],
          [-127.85641, 39.4248],
          [-127.85846, 39.41474],
          [-127.86203, 39.40097],
          [-127.86708, 39.37725],
          [-127.87077, 39.36118],
          [-127.87335, 39.35329],
          [-127.87956, 39.32934],
          [-127.88314, 39.30784],
          [-127.88366, 39.30579],
          [-127.88713, 39.28236],
          [-127.88824, 39.25937],
          [-127.88776, 39.23669],
          [-127.8873, 39.22881],
          [-127.88764, 39.21394],
          [-127.88741, 39.1912],
          [-127.88803, 39.1683],
          [-127.8922, 39.15212],
          [-127.89512, 39.14416],
          [-127.90038, 39.12036],
          [-127.9034, 39.09699],
          [-127.90356, 39.09566],
          [-127.90927, 39.07307],
          [-127.91401, 39.04937],
          [-127.91627, 39.04346],
          [-127.92507, 39.02444],
          [-127.93125, 39.00045],
          [-127.93147, 38.99911],
          [-127.93718, 38.97651],
          [-127.93905, 38.95334],
          [-127.94078, 38.93628],
          [-127.94235, 38.9299],
          [-127.94523, 38.90653],
          [-127.94898, 38.88299],
          [-127.95082, 38.87579],
          [-127.95634, 38.85876],
          [-127.95964, 38.8353],
          [-127.95791, 38.81281],
          [-127.95675, 38.80238],
          [-127.9565, 38.79026],
          [-127.95472, 38.76778],
          [-127.95425, 38.74504],
          [-127.95342, 38.72237],
          [-127.95586, 38.70755],
          [-127.9581, 38.69863],
          [-127.96205, 38.67503],
          [-127.96253, 38.6521],
          [-127.9614, 38.6329],
          [-127.96148, 38.62946],
          [-127.95832, 38.60723],
          [-127.95808, 38.58443],
          [-127.95917, 38.56137],
          [-127.96005, 38.53835],
          [-127.96005, 38.53653],
          [-127.96168, 38.51518],
          [-127.96249, 38.49217],
          [-127.96537, 38.46876],
          [-127.96604, 38.46329],
          [-127.96985, 38.44503],
          [-127.97342, 38.42147],
          [-127.97548, 38.40095],
          [-127.97604, 38.3981],
          [-127.97884, 38.37468],
          [-127.98228, 38.35115],
          [-127.98387, 38.33528],
          [-127.98535, 38.32768],
          [-127.98881, 38.30413],
          [-127.99277, 38.28048],
          [-127.9936, 38.27391],
          [-127.99768, 38.25664],
          [-128.00426, 38.23247],
          [-128.00699, 38.2241],
          [-128.01398, 38.20769],
          [-128.02239, 38.18316],
          [-128.02278, 38.18194],
          [-128.03234, 38.15833],
          [-128.03435, 38.13504],
          [-128.03555, 38.13023],
          [-128.04191, 38.11067],
          [-128.04813, 38.08655],
          [-128.04933, 38.08173],
          [-128.05483, 38.06234],
          [-128.05863, 38.03869],
          [-128.05982, 38.02288],
          [-128.06129, 38.01526],
          [-128.06652, 37.99132],
          [-128.07075, 37.96758],
          [-128.07094, 37.96602],
          [-128.07552, 37.94373],
          [-128.07893, 37.92015],
          [-128.08223, 37.90976],
          [-128.0888, 37.89529],
          [-128.09807, 37.87054],
          [-128.09846, 37.86916],
          [-128.10708, 37.84585],
          [-128.10788, 37.82276],
          [-128.10848, 37.80889],
          [-128.11062, 37.79929],
          [-128.11783, 37.77494],
          [-128.12337, 37.7641],
          [-128.13202, 37.74921],
          [-128.14151, 37.72964],
          [-128.14481, 37.72375],
          [-128.15697, 37.69841],
          [-128.15854, 37.69167],
          [-128.16455, 37.67397],
          [-128.17064, 37.64982],
          [-128.17252, 37.64409],
          [-128.18298, 37.62443],
          [-128.19126, 37.61164],
          [-128.20003, 37.5981],
          [-128.21128, 37.58325],
          [-128.22048, 37.57109],
          [-128.23119, 37.55454],
          [-128.23751, 37.54476],
          [-128.24977, 37.52166],
          [-128.25113, 37.51909],
          [-128.26356, 37.49366],
          [-128.26678, 37.48383],
          [-128.27358, 37.4687],
          [-128.28465, 37.44878],
          [-128.28854, 37.44276],
          [-128.3025, 37.417],
          [-128.3031, 37.41557],
          [-128.31463, 37.39161],
          [-128.31924, 37.37507],
          [-128.3225, 37.36706],
          [-128.33091, 37.3424],
          [-128.3347, 37.33245],
          [-128.34284, 37.31704],
          [-128.35351, 37.30046],
          [-128.36107, 37.29041],
          [-128.37386, 37.2734],
          [-128.38142, 37.26335],
          [-128.39474, 37.24804],
          [-128.40564, 37.23551],
          [-128.41651, 37.22551],
          [-128.4344, 37.20675],
          [-128.4382, 37.20276],
          [-128.45567, 37.17948],
          [-128.45827, 37.17493],
          [-128.46892, 37.15381],
          [-128.47476, 37.13577],
          [-128.47535, 37.12951],
          [-128.48183, 37.1052],
          [-128.48684, 37.08271],
          [-128.48724, 37.0811],
          [-128.49799, 37.05592],
          [-128.50354, 37.04428],
          [-128.51194, 37.03009],
          [-128.52264, 37.01351],
          [-128.52852, 37.00373],
          [-128.54113, 36.98079],
          [-128.54324, 36.97774],
          [-128.55788, 36.95175],
          [-128.55986, 36.94887],
          [-128.57993, 36.92427],
          [-128.58067, 36.92358],
          [-128.604, 36.90627],
          [-128.62433, 36.89225],
          [-128.62756, 36.8897],
          [-128.6497, 36.86868],
          [-128.65583, 36.86283],
          [-128.672, 36.84815],
          [-128.69017, 36.83281],
          [-128.69455, 36.82847],
          [-128.71499, 36.80472],
          [-128.71557, 36.80395],
          [-128.73516, 36.77757],
          [-128.7357, 36.77669],
          [-128.74997, 36.7515],
          [-128.7535, 36.74207],
          [-128.75719, 36.72698],
          [-128.76505, 36.70231],
          [-128.76754, 36.69566],
          [-128.77438, 36.67735],
          [-128.78538, 36.66127],
          [-128.79638, 36.64979],
          [-128.80698, 36.63873],
          [-128.83074, 36.62303],
          [-128.84145, 36.61751],
          [-128.85507, 36.60912],
          [-128.8786, 36.59273],
          [-128.88925, 36.58465],
          [-128.90116, 36.57331],
          [-128.92012, 36.55524],
          [-128.92293, 36.55143],
          [-128.93247, 36.52962],
          [-128.93956, 36.51339],
          [-128.94247, 36.50448],
          [-128.9495, 36.47995],
          [-128.95501, 36.47168],
          [-128.96731, 36.4532],
          [-128.97415, 36.44163],
          [-128.98106, 36.42727],
          [-128.98536, 36.4033],
          [-128.98053, 36.38119],
          [-128.98022, 36.37048],
          [-128.97859, 36.3585],
          [-128.9801, 36.33509],
          [-128.99005, 36.31119],
          [-128.99062, 36.30981],
          [-129.00885, 36.28294],
          [-129.00941, 36.28191],
          [-129.02626, 36.25624],
          [-129.02861, 36.25216],
          [-129.04136, 36.23],
          [-129.0418, 36.2068],
          [-129.04209, 36.20443],
          [-129.04663, 36.18268],
          [-129.03866, 36.16122],
          [-129.0309, 36.13971],
          [-129.01913, 36.11902],
          [-129.018, 36.09613],
          [-129.0122, 36.07421],
          [-129.00532, 36.05251],
          [-128.99844, 36.03081],
          [-128.99049, 36.00933],
          [-128.98094, 35.98818],
          [-128.96802, 35.97081],
          [-128.96591, 35.96816],
          [-128.95607, 35.94707],
          [-128.95543, 35.93101],
          [-128.95499, 35.92416],
          [-128.952, 35.92015],
          [-128.93937, 35.90426],
          [-128.92656, 35.88378],
          [-128.91078, 35.86391],
          [-128.90393, 35.84219],
          [-128.90304, 35.81923],
          [-128.89025, 35.79874],
          [-128.88341, 35.77702],
          [-128.875, 35.76641],
          [-128.86713, 35.75724],
          [-128.8603, 35.73551],
          [-128.85347, 35.71378],
          [-128.84665, 35.69205],
          [-128.83982, 35.67031],
          [-128.83234, 35.64871],
          [-128.81788, 35.62855],
          [-128.806, 35.60786],
          [-128.79251, 35.5875],
          [-128.7857, 35.56576],
          [-128.7789, 35.54401],
          [-128.77878, 35.52087],
          [-128.77198, 35.49912],
          [-128.76261, 35.4779],
          [-128.75107, 35.46176],
          [-128.74819, 35.45773],
          [-128.7414, 35.43597],
          [-128.7308, 35.415],
          [-128.7202, 35.39403],
          [-128.7058, 35.37384],
          [-128.69111, 35.35372],
          [-128.68708, 35.3476],
          [-128.677, 35.33347],
          [-128.67024, 35.3117],
          [-128.66347, 35.28993],
          [-128.65671, 35.26815],
          [-128.64995, 35.24638],
          [-128.6432, 35.2246],
          [-128.63644, 35.20282],
          [-128.62969, 35.18104],
          [-128.62294, 35.15926],
          [-128.61686, 35.13734],
          [-128.61326, 35.1149],
          [-128.60272, 35.0939],
          [-128.58999, 35.07335],
          [-128.57783, 35.05268],
          [-128.5732, 35.03046],
          [-128.56647, 35.00866],
          [-128.55974, 34.98687],
          [-128.55302, 34.96507],
          [-128.54801, 34.94291],
          [-128.54129, 34.92111],
          [-128.53458, 34.89931],
          [-128.52616, 34.87785],
          [-128.51945, 34.85605],
          [-128.50787, 34.83524],
          [-128.50116, 34.81343],
          [-128.48872, 34.79745],
          [-128.48586, 34.7934],
          [-128.47917, 34.77159],
          [-128.46868, 34.75055],
          [-128.46553, 34.728],
          [-128.45909, 34.70613],
          [-128.45793, 34.69709],
          [-128.46984, 34.68069],
          [-128.47778, 34.66977],
          [-128.48969, 34.65337],
          [-128.49762, 34.64244],
          [-128.50157, 34.62769],
          [-128.50283, 34.60421],
          [-128.51076, 34.59328],
          [-128.5147, 34.57853],
          [-128.51597, 34.55505],
          [-128.50928, 34.53322],
          [-128.50259, 34.51139],
          [-128.49591, 34.48956],
          [-128.50383, 34.47862],
          [-128.51571, 34.46221],
          [-128.52363, 34.45127],
          [-128.53551, 34.43486],
          [-128.54342, 34.42392],
          [-128.55529, 34.40751],
          [-128.5632, 34.39657],
          [-128.57507, 34.38015],
          [-128.58431, 34.37358],
          [-128.60943, 34.36368],
          [-128.63589, 34.35815],
          [-128.66234, 34.35262],
          [-128.68879, 34.34708],
          [-128.70063, 34.33065],
          [-128.70986, 34.32407],
          [-128.73496, 34.31415],
          [-128.76139, 34.3086],
          [-128.78783, 34.30305],
          [-128.79965, 34.28661],
          [-128.80753, 34.27565],
          [-128.83395, 34.27009],
          [-128.84576, 34.25365],
          [-128.85363, 34.24269],
          [-128.86544, 34.22625],
          [-128.8587, 34.20441],
          [-128.86657, 34.19344],
          [-128.87837, 34.177],
          [-128.85849, 34.16724],
          [-128.84524, 34.16073],
          [-128.82536, 34.15096],
          [-128.81212, 34.14445],
          [-128.79225, 34.13468],
          [-128.77901, 34.12817],
          [-128.75914, 34.11839],
          [-128.73275, 34.12395],
          [-128.71951, 34.11743],
          [-128.69966, 34.10765],
          [-128.67193, 34.10882],
          [-128.64553, 34.11436],
          [-128.61914, 34.11989],
          [-128.59608, 34.13635],
          [-128.58224, 34.14622],
          [-128.57301, 34.15281],
          [-128.54994, 34.16926],
          [-128.53609, 34.17912],
          [-128.52819, 34.19007],
          [-128.51634, 34.20649],
          [-128.50844, 34.21744],
          [-128.49659, 34.23386],
          [-128.48868, 34.2448],
          [-128.46424, 34.25687],
          [-128.45038, 34.26672],
          [-128.44246, 34.27767],
          [-128.41602, 34.28317],
          [-128.39157, 34.29522],
          [-128.37769, 34.30507],
          [-128.36844, 34.31163],
          [-128.35653, 34.30946],
          [-128.33866, 34.30619],
          [-128.31221, 34.31168],
          [-128.30139, 34.29766],
          [-128.28506, 34.27781],
          [-128.27183, 34.27126],
          [-128.25728, 34.26033],
          [-128.23545, 34.24394],
          [-128.23303, 34.24212],
          [-128.22077, 34.22142],
          [-128.20658, 34.20113],
          [-128.19557, 34.18017],
          [-128.18456, 34.15921],
          [-128.17796, 34.14664],
          [-128.17381, 34.1382],
          [-128.16721, 34.11633],
          [-128.15685, 34.09524],
          [-128.15026, 34.07336],
          [-128.14103, 34.05203],
          [-128.12454, 34.0322],
          [-128.11136, 34.01168],
          [-128.10741, 34.00553],
          [-128.09753, 33.9913],
          [-128.09095, 33.96942],
          [-128.08504, 33.9474],
          [-128.08158, 33.92487],
          [-128.07477, 33.90303],
          [-128.0682, 33.88114],
          [-128.06164, 33.85925],
          [-128.05533, 33.8373],
          [-128.04853, 33.81546],
          [-128.04766, 33.80634],
          [-128.04637, 33.79266],
          [-128.04034, 33.77065],
          [-128.03325, 33.75816],
          [-128.02852, 33.74984],
          [-128.02198, 33.72794],
          [-128.01491, 33.70614],
          [-128.01623, 33.70122],
          [-128.01942, 33.68195],
          [-128.02868, 33.65678],
          [-128.02816, 33.64758],
          [-128.03213, 33.63281],
          [-128.02823, 33.61035],
          [-128.01247, 33.595],
          [-128.00906, 33.59106],
          [-127.99411, 33.57089],
          [-127.97444, 33.55169],
          [-127.96985, 33.54566],
          [-127.95915, 33.53159],
          [-127.94615, 33.51101],
          [-127.93297, 33.49047],
          [-127.92075, 33.47438],
          [-127.9177, 33.47036],
          [-127.90018, 33.45071],
          [-127.88617, 33.43034],
          [-127.88505, 33.4073],
          [-127.87855, 33.38537],
          [-127.87206, 33.36344],
          [-127.85681, 33.34332],
          [-127.85033, 33.32139],
          [-127.84381, 33.30877],
          [-127.83946, 33.30036],
          [-127.83992, 33.29561],
          [-127.84073, 33.27682],
          [-127.8305, 33.25566],
          [-127.82436, 33.24296],
          [-127.81967, 33.23462],
          [-127.80481, 33.21441],
          [-127.7886, 33.19448],
          [-127.77915, 33.18401],
          [-127.76879, 33.17529],
          [-127.75694, 33.15445],
          [-127.75063, 33.13248],
          [-127.74417, 33.11053],
          [-127.73248, 33.08966],
          [-127.72364, 33.0682],
          [-127.71719, 33.04625],
          [-127.707, 33.02506],
          [-127.70056, 33.00311],
          [-127.69445, 32.9904],
          [-127.68141, 32.98377],
          [-127.66184, 32.97383],
          [-127.6488, 32.96721],
          [-127.62924, 32.95727],
          [-127.6162, 32.95064],
          [-127.59664, 32.94069],
          [-127.58361, 32.93406],
          [-127.57719, 32.91209],
          [-127.55765, 32.90214],
          [-127.54462, 32.8955],
          [-127.52508, 32.88555],
          [-127.51206, 32.87891],
          [-127.49252, 32.86895],
          [-127.4795, 32.8623],
          [-127.45997, 32.85234],
          [-127.44696, 32.84569],
          [-127.42743, 32.83572],
          [-127.41442, 32.82908],
          [-127.40805, 32.8071],
          [-127.40167, 32.78512],
          [-127.3953, 32.76314],
          [-127.40321, 32.7522],
          [-127.41507, 32.7358],
          [-127.4087, 32.71381],
          [-127.41661, 32.70287],
          [-127.42846, 32.68647],
          [-127.43636, 32.67553],
          [-127.46248, 32.67016],
          [-127.47432, 32.65375],
          [-127.48221, 32.64281],
          [-127.50832, 32.63744],
          [-127.53443, 32.63206],
          [-127.53451, 32.61806],
          [-127.53117, 32.59545],
          [-127.52914, 32.57257],
          [-127.5271, 32.54968],
          [-127.52072, 32.52769],
          [-127.51747, 32.50506],
          [-127.52031, 32.48815],
          [-127.521, 32.48102],
          [-127.51463, 32.45903],
          [-127.50826, 32.43703],
          [-127.50374, 32.43097],
          [-127.49198, 32.41708],
          [-127.48562, 32.39508],
          [-127.47179, 32.37462],
          [-127.45726, 32.3543],
          [-127.45033, 32.34175],
          [-127.4457, 32.33338],
          [-127.4397, 32.3113],
          [-127.43334, 32.28929],
          [-127.43381, 32.28454],
          [-127.43567, 32.2655],
          [-127.42499, 32.24439],
          [-127.41864, 32.22238],
          [-127.41414, 32.21631],
          [-127.40363, 32.20215],
          [-127.39296, 32.18104],
          [-127.38229, 32.15992],
          [-127.37163, 32.13879],
          [-127.36097, 32.11767],
          [-127.35647, 32.1116],
          [-127.33385, 32.09994],
          [-127.32226, 32.08833],
          [-127.30934, 32.08166],
          [-127.28996, 32.07166],
          [-127.27704, 32.06499],
          [-127.25766, 32.05498],
          [-127.23168, 32.06032],
          [-127.21876, 32.05364],
          [-127.1994, 32.04363],
          [-127.18649, 32.03695],
          [-127.1802, 32.01492],
          [-127.17391, 31.99289],
          [-127.15456, 31.98287],
          [-127.14685, 31.97512],
          [-127.13538, 31.95415],
          [-127.12911, 31.93212],
          [-127.13699, 31.92117],
          [-127.1488, 31.90476],
          [-127.14253, 31.88272],
          [-127.13626, 31.86068],
          [-127.11693, 31.85065],
          [-127.09098, 31.85597],
          [-127.06503, 31.86128],
          [-127.03908, 31.86659],
          [-127.0262, 31.8599],
          [-127.00875, 31.85647],
          [-126.98093, 31.85516],
          [-126.95373, 31.85605],
          [-126.9421, 31.85375],
          [-126.92465, 31.85031],
          [-126.89559, 31.84458],
          [-126.86963, 31.84986],
          [-126.858, 31.84756],
          [-126.84056, 31.84411],
          [-126.8115, 31.83836],
          [-126.78554, 31.84363],
          [-126.75958, 31.8489],
          [-126.74796, 31.84659],
          [-126.73052, 31.84313],
          [-126.70456, 31.84839],
          [-126.67674, 31.84702],
          [-126.64954, 31.84786],
          [-126.63791, 31.84554],
          [-126.62048, 31.84207],
          [-126.59266, 31.84069],
          [-126.56546, 31.84151],
          [-126.53949, 31.84674],
          [-126.52787, 31.84442],
          [-126.51044, 31.84093],
          [-126.48447, 31.84616],
          [-126.45543, 31.84034],
          [-126.42945, 31.84555],
          [-126.41783, 31.84322],
          [-126.40102, 31.84193],
          [-126.37096, 31.83242],
          [-126.36668, 31.83017],
          [-126.33887, 31.81555],
          [-126.33459, 31.8133],
          [-126.31636, 31.79365],
          [-126.30376, 31.77287],
          [-126.2962, 31.7604],
          [-126.29117, 31.75209],
          [-126.2752, 31.73198],
          [-126.2595, 31.71182],
          [-126.25196, 31.69935],
          [-126.23914, 31.69259],
          [-126.21992, 31.68245],
          [-126.2123, 31.67465],
          [-126.19324, 31.65516],
          [-126.18717, 31.63307],
          [-126.20107, 31.61399],
          [-126.20443, 31.60633],
          [-126.19836, 31.58424],
          [-126.1954, 31.56153],
          [-126.18621, 31.54006],
          [-126.18533, 31.51694],
          [-126.18272, 31.49416],
          [-126.19056, 31.47628],
          [-126.19262, 31.46887],
          [-126.19649, 31.44479],
          [-126.19042, 31.4227],
          [-126.18436, 31.4006],
          [-126.1783, 31.37851],
          [-126.17224, 31.35641],
          [-126.15359, 31.34149],
          [-126.14893, 31.33775],
          [-126.13081, 31.31806],
          [-126.11562, 31.30245],
          [-126.11183, 31.29854],
          [-126.10579, 31.27644],
          [-126.09509, 31.25526],
          [-126.08725, 31.23352],
          [-126.08121, 31.21141],
          [-126.06872, 31.19059],
          [-126.05623, 31.16977],
          [-126.05021, 31.14765],
          [-126.04858, 31.12466],
          [-126.04255, 31.10255],
          [-126.03654, 31.08043],
          [-126.02346, 31.06439],
          [-126.01709, 31.061],
          [-125.99559, 31.04197],
          [-125.98683, 31.02972],
          [-125.96101, 31.03487],
          [-125.93399, 31.03558],
          [-125.90818, 31.04072],
          [-125.88535, 31.05691],
          [-125.87165, 31.06662],
          [-125.86251, 31.0731],
          [-125.83967, 31.08928],
          [-125.82596, 31.09899],
          [-125.81802, 31.10989],
          [-125.79397, 31.12164],
          [-125.76634, 31.12012],
          [-125.75361, 31.11331],
          [-125.7399, 31.09271],
          [-125.74169, 31.06906],
          [-125.74964, 31.05816],
          [-125.76156, 31.04182],
          [-125.7695, 31.03093],
          [-125.78142, 31.01458],
          [-125.78936, 31.00368],
          [-125.80127, 30.98734],
          [-125.8092, 30.97644],
          [-125.81336, 30.96163],
          [-125.81514, 30.93796],
          [-125.82307, 30.92706],
          [-125.83497, 30.91071],
          [-125.829, 30.88858],
          [-125.82303, 30.86645],
          [-125.80398, 30.85624],
          [-125.7782, 30.86135],
          [-125.7663, 30.8777],
          [-125.75836, 30.8886],
          [-125.73257, 30.89371],
          [-125.70677, 30.89881],
          [-125.68097, 30.90391],
          [-125.65517, 30.909],
          [-125.64764, 30.90117],
          [-125.63655, 30.88005],
          [-125.61751, 30.86982],
          [-125.60482, 30.86299],
          [-125.59117, 30.84238],
          [-125.58165, 30.83726],
          [-125.55946, 30.82531],
          [-125.54995, 30.82019],
          [-125.52776, 30.80824],
          [-125.51826, 30.80312],
          [-125.4907, 30.80155],
          [-125.47877, 30.81787],
          [-125.47081, 30.82876],
          [-125.46661, 30.84357],
          [-125.46477, 30.86723],
          [-125.47067, 30.88938],
          [-125.4627, 30.90026],
          [-125.43866, 30.91196],
          [-125.42494, 30.92164],
          [-125.41579, 30.92809],
          [-125.39115, 30.93757],
          [-125.3671, 30.94926],
          [-125.36111, 30.95742],
          [-125.35408, 30.98209],
          [-125.35127, 30.99196],
          [-125.34705, 31.00676],
          [-125.33308, 31.02579],
          [-125.32709, 31.03394],
          [-125.31311, 31.05297],
          [-125.29936, 31.06263],
          [-125.2902, 31.06907],
          [-125.26434, 31.0741],
          [-125.23966, 31.08356],
          [-125.2138, 31.08858],
          [-125.20111, 31.08173],
          [-125.18208, 31.07145],
          [-125.15622, 31.07646],
          [-125.14421, 31.09276],
          [-125.15006, 31.1149],
          [-125.15591, 31.13705],
          [-125.17495, 31.14733],
          [-125.18764, 31.15419],
          [-125.1935, 31.17633],
          [-125.19936, 31.19847],
          [-125.20523, 31.22061],
          [-125.2111, 31.24276],
          [-125.20308, 31.25362],
          [-125.19883, 31.26841],
          [-125.19693, 31.29205],
          [-125.18891, 31.30291],
          [-125.18466, 31.3177],
          [-125.18275, 31.34134],
          [-125.18344, 31.36448],
          [-125.1806, 31.37433],
          [-125.16856, 31.39062],
          [-125.16054, 31.40148],
          [-125.1485, 31.41776],
          [-125.14047, 31.42862],
          [-125.12842, 31.4449],
          [-125.11921, 31.45133],
          [-125.09619, 31.46739],
          [-125.08238, 31.47703],
          [-125.08824, 31.49916],
          [-125.09409, 31.5213],
          [-125.09995, 31.54343],
          [-125.10582, 31.56556],
          [-125.09777, 31.57641],
          [-125.0857, 31.59268],
          [-125.07766, 31.60353],
          [-125.06558, 31.6198],
          [-125.05753, 31.63065],
          [-125.05325, 31.64542],
          [-125.05131, 31.66905],
          [-125.04325, 31.67989],
          [-125.01725, 31.68488],
          [-125.00516, 31.70114],
          [-125.01101, 31.72327],
          [-125.01687, 31.74539],
          [-125.02272, 31.76752],
          [-125.01466, 31.77836],
          [-125.00256, 31.79462],
          [-124.99449, 31.80546],
          [-124.96845, 31.81043],
          [-124.94242, 31.8154],
          [-124.91521, 31.81594],
          [-124.90363, 31.8135],
          [-124.88626, 31.80984],
          [-124.86022, 31.81479],
          [-124.83418, 31.81975],
          [-124.80814, 31.82469],
          [-124.80207, 31.83282],
          [-124.79486, 31.85742],
          [-124.79198, 31.86726],
          [-124.78766, 31.88201],
          [-124.77349, 31.90096],
          [-124.76741, 31.90908],
          [-124.76019, 31.93367],
          [-124.75731, 31.94351],
          [-124.75297, 31.95827],
          [-124.76429, 31.97006],
          [-124.77183, 31.97792],
          [-124.77765, 32.00004],
          [-124.77477, 32.00988],
          [-124.77043, 32.02463],
          [-124.76321, 32.04922],
          [-124.76032, 32.05906],
          [-124.74815, 32.07529],
          [-124.74004, 32.08611],
          [-124.72787, 32.10234],
          [-124.73369, 32.12445],
          [-124.73951, 32.14657],
          [-124.73139, 32.15739],
          [-124.71921, 32.17361],
          [-124.71108, 32.18443],
          [-124.70674, 32.19918],
          [-124.70472, 32.22277],
          [-124.69659, 32.23358],
          [-124.69224, 32.24832],
          [-124.69021, 32.27191],
          [-124.68092, 32.2783],
          [-124.65767, 32.29428],
          [-124.64372, 32.30386],
          [-124.63442, 32.31025],
          [-124.60941, 32.31958],
          [-124.5972, 32.33579],
          [-124.58905, 32.34659],
          [-124.57683, 32.3628],
          [-124.56868, 32.37361],
          [-124.55645, 32.38981],
          [-124.57564, 32.40014],
          [-124.58844, 32.40702],
          [-124.59425, 32.42913],
          [-124.5861, 32.43993],
          [-124.57386, 32.45613],
          [-124.57967, 32.47824],
          [-124.58548, 32.50034],
          [-124.57732, 32.51114],
          [-124.55111, 32.51604],
          [-124.5249, 32.52094],
          [-124.49868, 32.52582],
          [-124.48588, 32.51894],
          [-124.46667, 32.5086],
          [-124.44046, 32.51348],
          [-124.4282, 32.52967],
          [-124.42002, 32.54047],
          [-124.3938, 32.54534],
          [-124.36757, 32.55021],
          [-124.34134, 32.55507],
          [-124.31511, 32.55993],
          [-124.30283, 32.57611],
          [-124.29464, 32.58689],
          [-124.28235, 32.60307],
          [-124.27415, 32.61385],
          [-124.26186, 32.63002],
          [-124.25366, 32.64081],
          [-124.24136, 32.65698],
          [-124.23315, 32.66776],
          [-124.22085, 32.68393],
          [-124.21149, 32.69028],
          [-124.18637, 32.69954],
          [-124.17405, 32.7157],
          [-124.16469, 32.72206],
          [-124.13956, 32.73131],
          [-124.115, 32.74276],
          [-124.10095, 32.75229],
          [-124.09158, 32.75864],
          [-124.06644, 32.76787],
          [-124.04186, 32.77932],
          [-124.0278, 32.78883],
          [-124.01842, 32.79518],
          [-123.99327, 32.8044],
          [-123.96696, 32.8092],
          [-123.9546, 32.82534],
          [-123.94636, 32.8361],
          [-123.934, 32.85224],
          [-123.92575, 32.863],
          [-123.92127, 32.8777],
          [-123.92698, 32.89981],
          [-123.92478, 32.92335],
          [-123.93049, 32.94545],
          [-123.9362, 32.96756],
          [-123.94191, 32.98966],
          [-123.94762, 33.01175],
          [-123.93936, 33.02251],
          [-123.92698, 33.03864],
          [-123.93269, 33.06074],
          [-123.9384, 33.08283],
          [-123.93014, 33.09358],
          [-123.90377, 33.09837],
          [-123.89137, 33.1145],
          [-123.8831, 33.12525],
          [-123.85672, 33.13002],
          [-123.83033, 33.1348],
          [-123.81792, 33.15091],
          [-123.80964, 33.16166],
          [-123.78325, 33.16642],
          [-123.77082, 33.18254],
          [-123.76254, 33.19328],
          [-123.7501, 33.20939],
          [-123.74181, 33.22013],
          [-123.72938, 33.23624],
          [-123.72109, 33.24698],
          [-123.70864, 33.26308],
          [-123.70035, 33.27382],
          [-123.6879, 33.28992],
          [-123.6796, 33.30066],
          [-123.66714, 33.31676],
          [-123.67282, 33.33885],
          [-123.67849, 33.36093],
          [-123.68417, 33.38302],
          [-123.68986, 33.4051],
          [-123.68155, 33.41584],
          [-123.66908, 33.43193],
          [-123.67476, 33.45401],
          [-123.66645, 33.46474],
          [-123.65397, 33.48083],
          [-123.65966, 33.50292],
          [-123.65134, 33.51364],
          [-123.6468, 33.52831],
          [-123.64453, 33.55181],
          [-123.65022, 33.57388],
          [-123.6506, 33.59691],
          [-123.64758, 33.60668],
          [-123.64304, 33.62135],
          [-123.6544, 33.63317],
          [-123.66728, 33.6401],
          [-123.67297, 33.66217],
          [-123.6923, 33.67257],
          [-123.70519, 33.6795],
          [-123.71089, 33.70157],
          [-123.71659, 33.72363],
          [-123.73593, 33.73402],
          [-123.74883, 33.74095],
          [-123.75454, 33.76301],
          [-123.76026, 33.78507],
          [-123.76597, 33.80713],
          [-123.75764, 33.81785],
          [-123.73109, 33.8226],
          [-123.71859, 33.83868],
          [-123.71025, 33.8494],
          [-123.69774, 33.86548],
          [-123.70345, 33.88753],
          [-123.6951, 33.89825],
          [-123.68259, 33.91433],
          [-123.67424, 33.92504],
          [-123.66171, 33.94111],
          [-123.65336, 33.95183],
          [-123.64083, 33.9679],
          [-123.63248, 33.97861],
          [-123.61994, 33.99468],
          [-123.61158, 34.00539],
          [-123.59904, 34.02145],
          [-123.59068, 34.03216],
          [-123.57813, 34.04822],
          [-123.56976, 34.05892],
          [-123.55721, 34.07498],
          [-123.57659, 34.08538],
          [-123.58952, 34.09231],
          [-123.58115, 34.10302],
          [-123.56859, 34.11907],
          [-123.57429, 34.14112],
          [-123.56591, 34.15182],
          [-123.55335, 34.16787],
          [-123.54497, 34.17858],
          [-123.5324, 34.19463],
          [-123.52402, 34.20533],
          [-123.49737, 34.21003],
          [-123.48478, 34.22608],
          [-123.47639, 34.23677],
          [-123.46381, 34.25281],
          [-123.45541, 34.26351],
          [-123.44282, 34.27955],
          [-123.4485, 34.30158],
          [-123.4401, 34.31228],
          [-123.4275, 34.32831],
          [-123.43318, 34.35035],
          [-123.42478, 34.36104],
          [-123.41217, 34.37707],
          [-123.40376, 34.38776],
          [-123.37706, 34.39244],
          [-123.36444, 34.40847],
          [-123.35602, 34.41915],
          [-123.3434, 34.43517],
          [-123.33498, 34.44586],
          [-123.32235, 34.46188],
          [-123.31393, 34.47256],
          [-123.2872, 34.47722],
          [-123.26048, 34.48189],
          [-123.24753, 34.47494],
          [-123.24188, 34.4529],
          [-123.23623, 34.43087],
          [-123.24466, 34.42019],
          [-123.25729, 34.40418],
          [-123.25165, 34.38214],
          [-123.26007, 34.37146],
          [-123.2727, 34.35544],
          [-123.26705, 34.3334],
          [-123.2614, 34.31135],
          [-123.25576, 34.28931],
          [-123.26417, 34.27863],
          [-123.27679, 34.2626],
          [-123.2852, 34.25192],
          [-123.31187, 34.24725],
          [-123.33854, 34.24257],
          [-123.36521, 34.2379],
          [-123.37781, 34.22186],
          [-123.37215, 34.19982],
          [-123.38054, 34.18912],
          [-123.38514, 34.17449],
          [-123.37375, 34.16267],
          [-123.36083, 34.15572],
          [-123.35517, 34.13367],
          [-123.3358, 34.12325],
          [-123.30916, 34.12792],
          [-123.29624, 34.12097],
          [-123.27857, 34.11715],
          [-123.25193, 34.12182],
          [-123.22528, 34.12648],
          [-123.19695, 34.12452],
          [-123.17199, 34.13579],
          [-123.14534, 34.14044],
          [-123.13104, 34.14984],
          [-123.1215, 34.15611],
          [-123.09764, 34.17178],
          [-123.08333, 34.18118],
          [-123.0749, 34.19186],
          [-123.06226, 34.20787],
          [-123.05383, 34.21855],
          [-123.04093, 34.21158],
          [-123.02157, 34.20112],
          [-123.00866, 34.19414],
          [-122.99098, 34.1903],
          [-122.97666, 34.19969],
          [-122.96822, 34.21036],
          [-122.95556, 34.22636],
          [-122.94712, 34.23703],
          [-122.93446, 34.25303],
          [-122.92602, 34.2637],
          [-122.91335, 34.2797],
          [-122.9049, 34.29036],
          [-122.8782, 34.29497],
          [-122.86552, 34.31096],
          [-122.88489, 34.32143],
          [-122.8978, 34.32841],
          [-122.91717, 34.33888],
          [-122.94387, 34.33427],
          [-122.97058, 34.32966],
          [-122.99728, 34.32504],
          [-123.00994, 34.30904],
          [-123.01838, 34.29837],
          [-123.03104, 34.28237],
          [-123.03947, 34.27169],
          [-123.05239, 34.27866],
          [-123.07176, 34.28912],
          [-123.08468, 34.29608],
          [-123.09029, 34.31813],
          [-123.09591, 34.34018],
          [-123.09618, 34.36315],
          [-123.1018, 34.3852],
          [-123.0987, 34.39494],
          [-123.09406, 34.40956],
          [-123.09166, 34.43299],
          [-123.09728, 34.45503],
          [-123.09755, 34.47799],
          [-123.09445, 34.48773],
          [-123.08178, 34.50373],
          [-123.0874, 34.52577],
          [-123.09302, 34.5478],
          [-123.09865, 34.56983],
          [-123.11808, 34.58027],
          [-123.14596, 34.58004],
          [-123.15779, 34.58259],
          [-123.17723, 34.59302],
          [-123.19019, 34.59997],
          [-123.20963, 34.6104],
          [-123.23639, 34.60574],
          [-123.24905, 34.58974],
          [-123.25749, 34.57906],
          [-123.27015, 34.56305],
          [-123.27858, 34.55238],
          [-123.30532, 34.54771],
          [-123.31828, 34.55466],
          [-123.32395, 34.57668],
          [-123.34341, 34.58709],
          [-123.35638, 34.59403],
          [-123.36206, 34.61605],
          [-123.36774, 34.63807],
          [-123.37342, 34.66008],
          [-123.38714, 34.6807],
          [-123.3848, 34.70411],
          [-123.39049, 34.72612],
          [-123.38205, 34.7368],
          [-123.36939, 34.75281],
          [-123.37508, 34.77482],
          [-123.36664, 34.78549],
          [-123.33984, 34.79016],
          [-123.32685, 34.78322],
          [-123.30737, 34.77282],
          [-123.29438, 34.76588],
          [-123.2749, 34.75547],
          [-123.26192, 34.74853],
          [-123.24244, 34.73811],
          [-123.22946, 34.73117],
          [-123.20999, 34.72075],
          [-123.19702, 34.7138],
          [-123.17756, 34.70337],
          [-123.16459, 34.69642],
          [-123.14513, 34.68599],
          [-123.11835, 34.69063],
          [-123.10538, 34.68367],
          [-123.09172, 34.66304],
          [-123.08031, 34.65121],
          [-123.0727, 34.64333],
          [-123.06173, 34.62223],
          [-123.0561, 34.6002],
          [-123.05049, 34.57817],
          [-123.04487, 34.55613],
          [-123.03926, 34.5341],
          [-123.03365, 34.51206],
          [-123.02804, 34.49002],
          [-123.00863, 34.47957],
          [-122.9957, 34.4726],
          [-122.9763, 34.46215],
          [-122.94956, 34.46676],
          [-122.92282, 34.47137],
          [-122.91013, 34.48736],
          [-122.90167, 34.49801],
          [-122.89699, 34.51262],
          [-122.88217, 34.53127],
          [-122.86779, 34.54064],
          [-122.85932, 34.55129],
          [-122.84661, 34.56727],
          [-122.83813, 34.57792],
          [-122.82542, 34.5939],
          [-122.83099, 34.61594],
          [-122.82251, 34.62659],
          [-122.80978, 34.64256],
          [-122.81536, 34.6646],
          [-122.82093, 34.68663],
          [-122.81244, 34.69728],
          [-122.78565, 34.70186],
          [-122.7727, 34.69488],
          [-122.75909, 34.67422],
          [-122.74772, 34.66237],
          [-122.74192, 34.65416],
          [-122.73458, 34.63243],
          [-122.72367, 34.6113],
          [-122.73216, 34.60066],
          [-122.74489, 34.58469],
          [-122.75337, 34.57404],
          [-122.75807, 34.55944],
          [-122.76768, 34.5348],
          [-122.77013, 34.52979],
          [-122.77995, 34.50971],
          [-122.78855, 34.49214],
          [-122.79089, 34.48483],
          [-122.7987, 34.46049],
          [-122.80417, 34.44345],
          [-122.81052, 34.43546],
          [-122.8201, 34.41081],
          [-122.82144, 34.40138],
          [-122.83414, 34.38539],
          [-122.82857, 34.36334],
          [-122.82301, 34.34129],
          [-122.81745, 34.31923],
          [-122.8119, 34.29717],
          [-122.82036, 34.28651],
          [-122.83304, 34.27052],
          [-122.84149, 34.25986],
          [-122.84616, 34.24524],
          [-122.85395, 34.22088],
          [-122.85016, 34.19851],
          [-122.8515, 34.18908],
          [-122.8535, 34.17492],
          [-122.85327, 34.15193],
          [-122.85625, 34.12839],
          [-122.86112, 34.1168],
          [-122.87237, 34.10258],
          [-122.88325, 34.09425],
          [-122.90812, 34.08258],
          [-122.92721, 34.07007],
          [-122.93217, 34.06768],
          [-122.95651, 34.05394],
          [-122.97669, 34.03846],
          [-122.97969, 34.03564],
          [-123.00213, 34.01446],
          [-123.00928, 34.00976],
          [-123.02636, 34.00034],
          [-123.05186, 33.9913],
          [-123.07781, 33.98402],
          [-123.10442, 33.97938],
          [-123.12991, 33.97032],
          [-123.13678, 33.96451],
          [-123.15279, 33.95096],
          [-123.16044, 33.93733],
          [-123.16334, 33.91377],
          [-123.15774, 33.8917],
          [-123.14717, 33.87049],
          [-123.13271, 33.84996],
          [-123.12404, 33.83765],
          [-123.11826, 33.82943],
          [-123.10381, 33.8089],
          [-123.08937, 33.78837],
          [-123.0807, 33.77605],
          [-123.07581, 33.76768],
          [-123.07023, 33.7456],
          [-123.07066, 33.7363],
          [-123.07129, 33.72235],
          [-123.07235, 33.6991],
          [-123.07916, 33.67485],
          [-123.08047, 33.66539],
          [-123.08243, 33.65121],
          [-123.07951, 33.62866],
          [-123.07128, 33.60703],
          [-123.06431, 33.60133],
          [-123.04803, 33.58803],
          [-123.02943, 33.57282],
          [-123.02478, 33.56902],
          [-123.00685, 33.54908],
          [-122.9918, 33.53326],
          [-122.98804, 33.5293],
          [-122.96923, 33.50951],
          [-122.95419, 33.49368],
          [-122.95043, 33.48972],
          [-122.93164, 33.46992],
          [-122.91661, 33.45408],
          [-122.91285, 33.45012],
          [-122.9007, 33.42917],
          [-122.89173, 33.40766],
          [-122.88302, 33.3861],
          [-122.87538, 33.36435],
          [-122.86668, 33.34279],
          [-122.85808, 33.33044],
          [-122.84528, 33.32344],
          [-122.82609, 33.31293],
          [-122.81351, 33.32897],
          [-122.80513, 33.33966],
          [-122.79254, 33.35569],
          [-122.78305, 33.36195],
          [-122.75767, 33.37097],
          [-122.74508, 33.38699],
          [-122.73668, 33.39768],
          [-122.72408, 33.4137],
          [-122.71568, 33.42438],
          [-122.68918, 33.42896],
          [-122.67657, 33.44498],
          [-122.68206, 33.4671],
          [-122.68755, 33.48921],
          [-122.69304, 33.51133],
          [-122.68463, 33.522],
          [-122.67997, 33.53664],
          [-122.6775, 33.56013],
          [-122.66909, 33.5708],
          [-122.66442, 33.58544],
          [-122.65664, 33.60984],
          [-122.65353, 33.61959],
          [-122.64886, 33.63423],
          [-122.64107, 33.65862],
          [-122.63796, 33.66838],
          [-122.63328, 33.68301],
          [-122.62549, 33.7074],
          [-122.62127, 33.71273],
          [-122.60441, 33.73406],
          [-122.60019, 33.7394],
          [-122.58331, 33.76073],
          [-122.57909, 33.76606],
          [-122.56221, 33.78738],
          [-122.55799, 33.79272],
          [-122.54109, 33.81404],
          [-122.53687, 33.81937],
          [-122.51997, 33.84069],
          [-122.51574, 33.84602],
          [-122.49883, 33.86733],
          [-122.49461, 33.87266],
          [-122.47769, 33.89397],
          [-122.47346, 33.8993],
          [-122.44957, 33.91488],
          [-122.43523, 33.92423],
          [-122.42677, 33.93488],
          [-122.41406, 33.95086],
          [-122.40559, 33.96151],
          [-122.39288, 33.97748],
          [-122.38441, 33.98813],
          [-122.37169, 34.0041],
          [-122.36322, 34.01474],
          [-122.35049, 34.03071],
          [-122.34201, 34.04135],
          [-122.33728, 34.05596],
          [-122.33651, 34.07911],
          [-122.33307, 34.1027],
          [-122.3317, 34.11214],
          [-122.32697, 34.12674],
          [-122.3173, 34.15138],
          [-122.31592, 34.16082],
          [-122.31385, 34.17497],
          [-122.3104, 34.19856],
          [-122.30696, 34.22214],
          [-122.30558, 34.23158],
          [-122.30084, 34.24618],
          [-122.28595, 34.26479],
          [-122.27957, 34.27276],
          [-122.27166, 34.29709],
          [-122.2685, 34.30682],
          [-122.26375, 34.32142],
          [-122.24885, 34.34002],
          [-122.24246, 34.34799],
          [-122.22756, 34.36659],
          [-122.22117, 34.37456],
          [-122.20625, 34.39315],
          [-122.19184, 34.40247],
          [-122.18331, 34.41309],
          [-122.17052, 34.42903],
          [-122.1609, 34.43523],
          [-122.13522, 34.44413],
          [-122.12242, 34.46006],
          [-122.11389, 34.47067],
          [-122.10108, 34.4866],
          [-122.09254, 34.49722],
          [-122.06576, 34.50168],
          [-122.05294, 34.5176],
          [-122.04439, 34.52822],
          [-122.03156, 34.54413],
          [-122.02301, 34.55475],
          [-122.01013, 34.5477],
          [-122.00472, 34.52563],
          [-121.9854, 34.51506],
          [-121.97253, 34.50801],
          [-121.96713, 34.48594],
          [-121.94782, 34.47536],
          [-121.93496, 34.46831],
          [-121.91566, 34.45773],
          [-121.90279, 34.45067],
          [-121.89741, 34.42859],
          [-121.89203, 34.40651],
          [-121.88665, 34.38443],
          [-121.88127, 34.36235],
          [-121.88982, 34.35174],
          [-121.90265, 34.33582],
          [-121.89727, 34.31373],
          [-121.89189, 34.29164],
          [-121.90044, 34.28103],
          [-121.91325, 34.26511],
          [-121.92179, 34.2545],
          [-121.9346, 34.23857],
          [-121.94314, 34.22796],
          [-121.96986, 34.22351],
          [-121.98265, 34.20758],
          [-121.97727, 34.18549],
          [-121.97188, 34.16339],
          [-121.95263, 34.1528],
          [-121.9398, 34.14575],
          [-121.93442, 34.12365],
          [-121.91518, 34.11306],
          [-121.90236, 34.10599],
          [-121.88312, 34.0954],
          [-121.8703, 34.08833],
          [-121.85107, 34.07773],
          [-121.82439, 34.08217],
          [-121.79769, 34.0866],
          [-121.78488, 34.10252],
          [-121.80411, 34.11312],
          [-121.81693, 34.12019],
          [-121.82228, 34.14229],
          [-121.82764, 34.1644],
          [-121.83299, 34.1865],
          [-121.82445, 34.19711],
          [-121.81163, 34.21302],
          [-121.80308, 34.22363],
          [-121.79026, 34.23955],
          [-121.78171, 34.25015],
          [-121.75497, 34.25458],
          [-121.74214, 34.2475],
          [-121.7368, 34.2254],
          [-121.73146, 34.2033],
          [-121.72613, 34.1812],
          [-121.72079, 34.1591],
          [-121.70156, 34.14848],
          [-121.67485, 34.15289],
          [-121.66204, 34.14581],
          [-121.64282, 34.13519],
          [-121.61611, 34.13959],
          [-121.60327, 34.15549],
          [-121.5947, 34.16609],
          [-121.58186, 34.18199],
          [-121.57329, 34.19259],
          [-121.56048, 34.1855],
          [-121.54126, 34.17487],
          [-121.52845, 34.16778],
          [-121.52316, 34.14567],
          [-121.51786, 34.12356],
          [-121.51257, 34.10144],
          [-121.52114, 34.09084],
          [-121.52597, 34.07626],
          [-121.52869, 34.05283],
          [-121.53725, 34.04223],
          [-121.55009, 34.02633],
          [-121.5448, 34.00421],
          [-121.52561, 33.99357],
          [-121.49893, 33.99795],
          [-121.48609, 34.01385],
          [-121.47753, 34.02445],
          [-121.46474, 34.01735],
          [-121.44556, 34.0067],
          [-121.43278, 33.9996],
          [-121.42751, 33.97747],
          [-121.40834, 33.96682],
          [-121.39557, 33.95971],
          [-121.37641, 33.94905],
          [-121.36355, 33.96495],
          [-121.35393, 33.97111],
          [-121.3283, 33.97989],
          [-121.31552, 33.97278],
          [-121.31028, 33.95065],
          [-121.30504, 33.92852],
          [-121.28589, 33.91785],
          [-121.28024, 33.90958],
          [-121.25989, 33.8899],
          [-121.252, 33.8682],
          [-121.24353, 33.85578],
          [-121.23611, 33.8478],
          [-121.23088, 33.82566],
          [-121.22033, 33.80438],
          [-121.20122, 33.7937],
          [-121.18847, 33.78657],
          [-121.16936, 33.77588],
          [-121.16195, 33.76789],
          [-121.13647, 33.75363],
          [-121.13011, 33.75007],
          [-121.11159, 33.73008],
          [-121.10049, 33.71808],
          [-121.09308, 33.71009],
          [-121.07458, 33.69009],
          [-121.06348, 33.67809],
          [-121.05076, 33.67095],
          [-121.03168, 33.66024],
          [-121.01897, 33.6531],
          [-120.99989, 33.64239],
          [-120.97327, 33.64669],
          [-120.94665, 33.65099],
          [-120.92003, 33.65528],
          [-120.90714, 33.67115],
          [-120.9123, 33.69331],
          [-120.91745, 33.71547],
          [-120.92261, 33.73762],
          [-120.94169, 33.74834],
          [-120.94908, 33.75635],
          [-120.95425, 33.7785],
          [-120.95942, 33.80065],
          [-120.95615, 33.81037],
          [-120.95392, 33.82452],
          [-120.95642, 33.8471],
          [-120.96159, 33.86925],
          [-120.96676, 33.89139],
          [-120.97194, 33.91354],
          [-120.98305, 33.92553],
          [-120.99579, 33.93267],
          [-121.01492, 33.94338],
          [-121.02233, 33.95137],
          [-121.02752, 33.97351],
          [-121.03271, 33.99565],
          [-121.0379, 34.01779],
          [-121.03464, 34.0275],
          [-121.02974, 34.04207],
          [-121.02157, 34.06636],
          [-121.01831, 34.07607],
          [-121.01608, 34.09021],
          [-121.01058, 34.11406],
          [-121.00196, 34.12463],
          [-120.99706, 34.1392],
          [-120.98197, 34.15769],
          [-120.96748, 34.16691],
          [-120.95782, 34.17305],
          [-120.93108, 34.17733],
          [-120.90433, 34.18162],
          [-120.87723, 34.18442],
          [-120.87119, 34.18232],
          [-120.84704, 34.17394],
          [-120.82591, 34.1666],
          [-120.81633, 34.16124],
          [-120.80024, 34.14774],
          [-120.78484, 34.12724],
          [-120.77774, 34.11459],
          [-120.77034, 34.10659],
          [-120.75807, 34.08559],
          [-120.74268, 34.06508],
          [-120.73713, 34.05907],
          [-120.71483, 34.04655],
          [-120.70527, 34.04118],
          [-120.67701, 34.03879],
          [-120.66427, 34.03163],
          [-120.6467, 34.02753],
          [-120.62442, 34.01499],
          [-120.61334, 34.00297],
          [-120.60061, 33.99581],
          [-120.58152, 33.98506],
          [-120.56879, 33.97789],
          [-120.5497, 33.96713],
          [-120.53698, 33.95996],
          [-120.53189, 33.9378],
          [-120.51282, 33.92704],
          [-120.5001, 33.91987],
          [-120.48701, 33.89897],
          [-120.47596, 33.88694],
          [-120.46859, 33.87892],
          [-120.46351, 33.85676],
          [-120.4451, 33.8367],
          [-120.43405, 33.82466],
          [-120.42669, 33.81663],
          [-120.41629, 33.79531],
          [-120.40323, 33.7744],
          [-120.3922, 33.76236],
          [-120.37951, 33.75517],
          [-120.36048, 33.74438],
          [-120.3478, 33.73719],
          [-120.32877, 33.7264],
          [-120.31609, 33.71921],
          [-120.29707, 33.70842],
          [-120.2844, 33.70122],
          [-120.27937, 33.67904],
          [-120.26036, 33.66824],
          [-120.24769, 33.66104],
          [-120.22869, 33.65024],
          [-120.21602, 33.64304],
          [-120.19703, 33.63223],
          [-120.18437, 33.62502],
          [-120.17936, 33.60284],
          [-120.16637, 33.5819],
          [-120.16137, 33.55971],
          [-120.15038, 33.54764],
          [-120.14483, 33.53932],
          [-120.13983, 33.51713],
          [-120.12597, 33.49632],
          [-120.11211, 33.47551],
          [-120.10529, 33.46968],
          [-120.08318, 33.45705],
          [-120.0737, 33.45164],
          [-120.05159, 33.439],
          [-120.04063, 33.42693],
          [-120.03332, 33.41887],
          [-120.01506, 33.39874],
          [-120.0041, 33.38666],
          [-119.97899, 33.39747],
          [-119.9519, 33.39938],
          [-119.9253, 33.40351],
          [-119.89869, 33.40764],
          [-119.87085, 33.40621],
          [-119.85671, 33.40036],
          [-119.83989, 33.39071],
          [-119.82828, 33.38178],
          [-119.81006, 33.36163],
          [-119.80459, 33.35558],
          [-119.78874, 33.34195],
          [-119.77762, 33.32069],
          [-119.7667, 33.30859],
          [-119.73913, 33.30825],
          [-119.71352, 33.31679],
          [-119.68693, 33.32089],
          [-119.67391, 33.33667],
          [-119.66523, 33.34719],
          [-119.63863, 33.35128],
          [-119.61203, 33.35536],
          [-119.58543, 33.35944],
          [-119.57239, 33.37521],
          [-119.56272, 33.38129],
          [-119.53709, 33.3898],
          [-119.52404, 33.40557],
          [-119.51534, 33.41608],
          [-119.50229, 33.43185],
          [-119.50715, 33.45407],
          [-119.51202, 33.47628],
          [-119.51156, 33.49931],
          [-119.51643, 33.52152],
          [-119.51305, 33.53122],
          [-119.50798, 33.54577],
          [-119.51285, 33.56798],
          [-119.52377, 33.58009],
          [-119.53105, 33.58816],
          [-119.54926, 33.60833],
          [-119.55873, 33.61377],
          [-119.58082, 33.62647],
          [-119.58979, 33.62969],
          [-119.61504, 33.64419],
          [-119.62185, 33.65004],
          [-119.63461, 33.66415],
          [-119.65285, 33.68431],
          [-119.65322, 33.7072],
          [-119.64932, 33.73075],
          [-119.64341, 33.74771],
          [-119.63955, 33.75519],
          [-119.62665, 33.7801],
          [-119.62506, 33.78952],
          [-119.61999, 33.80406],
          [-119.61153, 33.82829],
          [-119.61644, 33.85048],
          [-119.64174, 33.86497],
          [-119.64807, 33.86859],
          [-119.67207, 33.87716],
          [-119.69307, 33.88465],
          [-119.70404, 33.89674],
          [-119.70957, 33.90506],
          [-119.70798, 33.91448],
          [-119.70559, 33.92861],
          [-119.7016, 33.95215],
          [-119.7101, 33.97379],
          [-119.72474, 33.9899],
          [-119.72929, 33.99379],
          [-119.7534, 34.01303],
          [-119.7584, 34.01685],
          [-119.78376, 34.03131],
          [-119.7906, 34.03714],
          [-119.81983, 34.04413],
          [-119.82617, 34.04774],
          [-119.85155, 34.06219],
          [-119.86324, 34.06498],
          [-119.88079, 34.06916],
          [-119.91004, 34.07613],
          [-119.92173, 34.07891],
          [-119.94078, 34.08974],
          [-119.96754, 34.08561],
          [-119.9943, 34.08148],
          [-120.00736, 34.0657],
          [-120.01607, 34.05518],
          [-120.01842, 34.04106],
          [-120.02234, 34.01751],
          [-120.02626, 33.99396],
          [-120.02783, 33.98454],
          [-120.03286, 33.97],
          [-120.04807, 33.95158],
          [-120.06261, 33.94244],
          [-120.07263, 33.93783],
          [-120.08399, 33.93913],
          [-120.10102, 33.94107],
          [-120.12941, 33.94431],
          [-120.14422, 33.95271],
          [-120.16249, 33.96822],
          [-120.16617, 33.97224],
          [-120.17787, 33.99336],
          [-120.18958, 34.01449],
          [-120.19104, 34.0372],
          [-120.18207, 34.05466],
          [-120.17556, 34.06255],
          [-120.16035, 34.08098],
          [-120.15383, 34.08887],
          [-120.13861, 34.1073],
          [-120.13477, 34.11477],
          [-120.13086, 34.13832],
          [-120.12875, 34.16158],
          [-120.13912, 34.1829],
          [-120.15821, 34.1937],
          [-120.17093, 34.20089],
          [-120.19002, 34.21169],
          [-120.2168, 34.20752],
          [-120.24459, 34.20778],
          [-120.27137, 34.20361],
          [-120.29815, 34.19943],
          [-120.30987, 34.20218],
          [-120.32745, 34.20632],
          [-120.34974, 34.21889],
          [-120.36082, 34.23091],
          [-120.3682, 34.23893],
          [-120.37863, 34.26024],
          [-120.39775, 34.271],
          [-120.40514, 34.27902],
          [-120.42362, 34.29906],
          [-120.43319, 34.30444],
          [-120.45551, 34.31699],
          [-120.4666, 34.32901],
          [-120.47221, 34.3373],
          [-120.48625, 34.35803],
          [-120.50029, 34.37875],
          [-120.50539, 34.40088],
          [-120.50156, 34.42441],
          [-120.49261, 34.44186],
          [-120.47804, 34.45103],
          [-120.46833, 34.45713],
          [-120.4581, 34.47707],
          [-120.44914, 34.49452],
          [-120.44665, 34.50179],
          [-120.45373, 34.51443],
          [-120.45935, 34.52272],
          [-120.48451, 34.5417],
          [-120.48875, 34.54562],
          [-120.50895, 34.56078],
          [-120.52242, 34.57089],
          [-120.53421, 34.57974],
          [-120.54605, 34.6008],
          [-120.55332, 34.62257],
          [-120.56302, 34.64396],
          [-120.56895, 34.66595],
          [-120.57526, 34.6787],
          [-120.58268, 34.6867],
          [-120.60693, 34.69511],
          [-120.63272, 34.68617],
          [-120.65257, 34.67571],
          [-120.65743, 34.67265],
          [-120.68235, 34.66002],
          [-120.70819, 34.65136],
          [-120.73418, 34.64336],
          [-120.74147, 34.63877],
          [-120.75786, 34.62548],
          [-120.76943, 34.61142],
          [-120.77835, 34.59396],
          [-120.78217, 34.58648],
          [-120.78237, 34.56352],
          [-120.77183, 34.54226],
          [-120.76337, 34.52985],
          [-120.75862, 34.52143],
          [-120.74326, 34.50093],
          [-120.72484, 34.48398],
          [-120.72201, 34.48137],
          [-120.70828, 34.46061],
          [-120.70098, 34.43883],
          [-120.70974, 34.4191],
          [-120.7248, 34.41213],
          [-120.735, 34.40822],
          [-120.74624, 34.40873],
          [-120.7631, 34.4095],
          [-120.79028, 34.42468],
          [-120.79585, 34.43067],
          [-120.80697, 34.44496],
          [-120.82287, 34.46537],
          [-120.83421, 34.4758],
          [-120.84914, 34.48412],
          [-120.86621, 34.49364],
          [-120.88741, 34.50097],
          [-120.89857, 34.51295],
          [-120.90601, 34.52094],
          [-120.92462, 34.5409],
          [-120.92982, 34.56301],
          [-120.94099, 34.57498],
          [-120.95381, 34.58211],
          [-120.97304, 34.5928],
          [-120.99988, 34.58851],
          [-121.02672, 34.58422],
          [-121.03955, 34.59134],
          [-121.05722, 34.59539],
          [-121.08667, 34.60214],
          [-121.09309, 34.60569],
          [-121.10548, 34.62664],
          [-121.11967, 34.64729],
          [-121.12625, 34.66917],
          [-121.13185, 34.67515],
          [-121.14806, 34.6886],
          [-121.16658, 34.70397],
          [-121.17122, 34.70781],
          [-121.18901, 34.72788],
          [-121.20098, 34.74888],
          [-121.20817, 34.76148],
          [-121.21296, 34.76988],
          [-121.22808, 34.79037],
          [-121.24231, 34.81101],
          [-121.25086, 34.82339],
          [-121.25655, 34.83164],
          [-121.26362, 34.85342],
          [-121.2689, 34.87549],
          [-121.27418, 34.89756],
          [-121.27946, 34.91963],
          [-121.28474, 34.9417],
          [-121.28147, 34.95139],
          [-121.25455, 34.95572],
          [-121.22763, 34.96004],
          [-121.19965, 34.95995],
          [-121.18783, 34.95726],
          [-121.17009, 34.95323],
          [-121.15551, 34.96244],
          [-121.14579, 34.96858],
          [-121.13397, 34.96589],
          [-121.11466, 34.95523],
          [-121.10179, 34.94812],
          [-121.08249, 34.93746],
          [-121.06962, 34.93035],
          [-121.05032, 34.91969],
          [-121.03746, 34.91257],
          [-121.01974, 34.90853],
          [-120.99125, 34.90619],
          [-120.9659, 34.9171],
          [-120.93897, 34.92137],
          [-120.92438, 34.93056],
          [-120.91569, 34.9411],
          [-120.90266, 34.95691],
          [-120.90248, 34.97984],
          [-120.90769, 35.00191],
          [-120.91291, 35.02399],
          [-120.91812, 35.04606],
          [-120.91482, 35.05574],
          [-120.90986, 35.07026],
          [-120.90159, 35.09446],
          [-120.90501, 35.11681],
          [-120.91023, 35.13888],
          [-120.91725, 35.16065],
          [-120.92967, 35.18158],
          [-120.9412, 35.20264],
          [-120.94643, 35.22469],
          [-120.95166, 35.24675],
          [-120.94879, 35.27008],
          [-120.95403, 35.29214],
          [-120.97181, 35.29619],
          [-120.99439, 35.30863],
          [-121.00407, 35.31396],
          [-121.03266, 35.31629],
          [-121.05968, 35.312],
          [-121.07273, 35.29619],
          [-121.08143, 35.28566],
          [-121.08638, 35.27114],
          [-121.08922, 35.2478],
          [-121.09791, 35.23727],
          [-121.12333, 35.22635],
          [-121.15032, 35.22205],
          [-121.17889, 35.22435],
          [-121.1918, 35.23145],
          [-121.21116, 35.24209],
          [-121.23816, 35.23777],
          [-121.25107, 35.24486],
          [-121.24239, 35.2554],
          [-121.22937, 35.27122],
          [-121.22068, 35.28177],
          [-121.20765, 35.29758],
          [-121.19896, 35.30812],
          [-121.18592, 35.32393],
          [-121.19121, 35.34597],
          [-121.18252, 35.35651],
          [-121.16947, 35.37232],
          [-121.16077, 35.38286],
          [-121.14772, 35.39867],
          [-121.153, 35.4207],
          [-121.15828, 35.44274],
          [-121.17168, 35.46348],
          [-121.18297, 35.4754],
          [-121.1905, 35.48335],
          [-121.20932, 35.50322],
          [-121.22062, 35.51515],
          [-121.23356, 35.52223],
          [-121.25298, 35.53285],
          [-121.26593, 35.53994],
          [-121.28536, 35.55055],
          [-121.29831, 35.55763],
          [-121.31774, 35.56825],
          [-121.32529, 35.57619],
          [-121.34415, 35.59604],
          [-121.34948, 35.61806],
          [-121.35481, 35.64007],
          [-121.3466, 35.66425],
          [-121.34331, 35.67392],
          [-121.33838, 35.68842],
          [-121.34372, 35.71043],
          [-121.35505, 35.72233],
          [-121.36803, 35.7294],
          [-121.3875, 35.74],
          [-121.4146, 35.73566],
          [-121.44171, 35.73132],
          [-121.45469, 35.73838],
          [-121.47203, 35.74017],
          [-121.49913, 35.73582],
          [-121.5258, 35.7297],
          [-121.54142, 35.72444],
          [-121.55154, 35.71976],
          [-121.57613, 35.70513],
          [-121.60322, 35.70076],
          [-121.63165, 35.70188],
          [-121.64618, 35.70754],
          [-121.66279, 35.714],
          [-121.69258, 35.72061],
          [-121.69854, 35.72194],
          [-121.72238, 35.72722],
          [-121.75019, 35.72576],
          [-121.77656, 35.71843],
          [-121.80256, 35.70963],
          [-121.82937, 35.70412],
          [-121.85672, 35.70081],
          [-121.88707, 35.70958],
          [-121.89177, 35.71339],
          [-121.90985, 35.73332],
          [-121.92072, 35.75442],
          [-121.92777, 35.76013],
          [-121.94424, 35.77345],
          [-121.96305, 35.78868],
          [-121.96776, 35.79248],
          [-121.99265, 35.81128],
          [-121.99999, 35.82381],
          [-122.0058, 35.83201],
          [-122.01714, 35.85302],
          [-122.02262, 35.87499],
          [-122.03759, 35.89541],
          [-122.04902, 35.90726],
          [-122.0776, 35.90867],
          [-122.10353, 35.89946],
          [-122.12818, 35.88513],
          [-122.13521, 35.87939],
          [-122.15034, 35.8609],
          [-122.15682, 35.85297],
          [-122.15945, 35.82966],
          [-122.14154, 35.82574],
          [-122.11132, 35.81775],
          [-122.10517, 35.81571],
          [-122.09968, 35.79373],
          [-122.10437, 35.78991],
          [-122.1278, 35.77081],
          [-122.14295, 35.76374],
          [-122.15342, 35.76049],
          [-122.17932, 35.75133],
          [-122.20464, 35.73983],
          [-122.21688, 35.72866],
          [-122.22797, 35.72042],
          [-122.25217, 35.70451],
          [-122.25918, 35.69877],
          [-122.27555, 35.68538],
          [-122.29425, 35.67007],
          [-122.29893, 35.66624],
          [-122.32561, 35.66029],
          [-122.33754, 35.66289],
          [-122.34307, 35.68487],
          [-122.35672, 35.70549],
          [-122.35414, 35.72881],
          [-122.35968, 35.75079],
          [-122.37334, 35.77141],
          [-122.38479, 35.78324],
          [-122.39242, 35.79113],
          [-122.40339, 35.81219],
          [-122.41707, 35.8328],
          [-122.42853, 35.84463],
          [-122.43617, 35.85251],
          [-122.44173, 35.87447],
          [-122.44729, 35.89643],
          [-122.45286, 35.91839],
          [-122.45842, 35.94034],
          [-122.46942, 35.96139],
          [-122.47499, 35.98334],
          [-122.49461, 35.9938],
          [-122.50769, 36.00078],
          [-122.51328, 36.02272],
          [-122.53291, 36.03318],
          [-122.546, 36.04015],
          [-122.56563, 36.0506],
          [-122.57873, 36.05756],
          [-122.59837, 36.06801],
          [-122.61147, 36.07497],
          [-122.61708, 36.09691],
          [-122.62269, 36.11885],
          [-122.64235, 36.12928],
          [-122.65545, 36.13624],
          [-122.66107, 36.15817],
          [-122.66669, 36.1801],
          [-122.68047, 36.20067],
          [-122.67794, 36.22395],
          [-122.68357, 36.24587],
          [-122.6892, 36.26779],
          [-122.69483, 36.28971],
          [-122.70047, 36.31163],
          [-122.7061, 36.33354],
          [-122.71174, 36.35546],
          [-122.71738, 36.37737],
          [-122.72303, 36.39928],
          [-122.72867, 36.42118],
          [-122.73432, 36.44309],
          [-122.73997, 36.46499],
          [-122.74562, 36.48689],
          [-122.75128, 36.50879],
          [-122.74264, 36.51937],
          [-122.72968, 36.53523],
          [-122.73534, 36.55713],
          [-122.74099, 36.57902],
          [-122.73235, 36.58959],
          [-122.71938, 36.60545],
          [-122.72504, 36.62734],
          [-122.71639, 36.63791],
          [-122.70342, 36.65377],
          [-122.70907, 36.67565],
          [-122.72884, 36.68606],
          [-122.75613, 36.68152],
          [-122.76931, 36.68846],
          [-122.77498, 36.71034],
          [-122.78065, 36.73222],
          [-122.772, 36.74279],
          [-122.7447, 36.74733],
          [-122.73171, 36.76318],
          [-122.72306, 36.77374],
          [-122.71007, 36.78959],
          [-122.71573, 36.81147],
          [-122.7214, 36.83334],
          [-122.71273, 36.8439],
          [-122.6854, 36.84843],
          [-122.6722, 36.8415],
          [-122.66655, 36.81962],
          [-122.67521, 36.80906],
          [-122.68821, 36.79322],
          [-122.68256, 36.77134],
          [-122.6769, 36.74946],
          [-122.67125, 36.72758],
          [-122.6656, 36.7057],
          [-122.64583, 36.69528],
          [-122.63266, 36.68834],
          [-122.6129, 36.67792],
          [-122.58561, 36.68244],
          [-122.55831, 36.68695],
          [-122.54514, 36.68],
          [-122.52539, 36.66957],
          [-122.4981, 36.67407],
          [-122.4708, 36.67857],
          [-122.4435, 36.68307],
          [-122.43048, 36.6989],
          [-122.4218, 36.70945],
          [-122.39449, 36.71394],
          [-122.36718, 36.71842],
          [-122.33987, 36.7229],
          [-122.31255, 36.72738],
          [-122.28523, 36.73185],
          [-122.27218, 36.74766],
          [-122.26348, 36.7582],
          [-122.25042, 36.77402],
          [-122.25599, 36.79591],
          [-122.24729, 36.80645],
          [-122.23422, 36.82226],
          [-122.22551, 36.8328],
          [-122.21244, 36.8486],
          [-122.21254, 36.87138],
          [-122.20929, 36.88102],
          [-122.20442, 36.89549],
          [-122.20999, 36.91737],
          [-122.20917, 36.94029],
          [-122.21474, 36.96217],
          [-122.22031, 36.98405],
          [-122.22589, 37.00592],
          [-122.23147, 37.02779],
          [-122.23705, 37.04966],
          [-122.23532, 37.07272],
          [-122.2409, 37.09459],
          [-122.24648, 37.11645],
          [-122.24324, 37.12609],
          [-122.23836, 37.14054],
          [-122.23572, 37.16373],
          [-122.2413, 37.18559],
          [-122.23256, 37.19612],
          [-122.21945, 37.2119],
          [-122.21071, 37.22242],
          [-122.19759, 37.2382],
          [-122.18884, 37.24872],
          [-122.17571, 37.2645],
          [-122.18129, 37.28635],
          [-122.17254, 37.29686],
          [-122.14507, 37.3013],
          [-122.1176, 37.30573],
          [-122.10439, 37.29876],
          [-122.08457, 37.28831],
          [-122.0571, 37.29273],
          [-122.04389, 37.28576],
          [-122.02574, 37.28185],
          [-122.01092, 37.29106],
          [-122.00215, 37.30156],
          [-121.98899, 37.31732],
          [-121.99454, 37.33917],
          [-121.98576, 37.34968],
          [-121.98084, 37.36411],
          [-121.97814, 37.38728],
          [-121.96936, 37.39778],
          [-121.96443, 37.41221],
          [-121.96172, 37.43538],
          [-121.96727, 37.45722],
          [-121.97282, 37.47906],
          [-121.97837, 37.5009],
          [-121.98392, 37.52274],
          [-121.97513, 37.53324],
          [-121.9702, 37.54766],
          [-121.97575, 37.56949],
          [-121.9813, 37.59132],
          [-121.9929, 37.6031],
          [-122.00615, 37.61007],
          [-122.01171, 37.6319],
          [-122.01728, 37.65372],
          [-122.03716, 37.66417],
          [-122.05042, 37.67113],
          [-122.0703, 37.68157],
          [-122.08356, 37.68854],
          [-122.10346, 37.69897],
          [-122.13103, 37.69455],
          [-122.14429, 37.70151],
          [-122.1642, 37.71194],
          [-122.17747, 37.71889],
          [-122.18307, 37.7407],
          [-122.18868, 37.76251],
          [-122.17989, 37.77301],
          [-122.16661, 37.76606],
          [-122.1467, 37.75563],
          [-122.11911, 37.76005],
          [-122.10591, 37.77579],
          [-122.12582, 37.78622],
          [-122.1391, 37.79318],
          [-122.15902, 37.8036],
          [-122.1723, 37.81055],
          [-122.19222, 37.82098],
          [-122.20551, 37.82792],
          [-122.22544, 37.83834],
          [-122.23873, 37.84529],
          [-122.24435, 37.86708],
          [-122.2643, 37.8775],
          [-122.27759, 37.88444],
          [-122.29754, 37.89485],
          [-122.31084, 37.90178],
          [-122.31649, 37.92357],
          [-122.33645, 37.93397],
          [-122.36407, 37.92952],
          [-122.37738, 37.93645],
          [-122.39735, 37.94684],
          [-122.41066, 37.95377],
          [-122.43064, 37.96416],
          [-122.44395, 37.97108],
          [-122.45792, 37.99152],
          [-122.46961, 38.00325],
          [-122.48294, 38.01017],
          [-122.50293, 38.02054],
          [-122.51626, 38.02746],
          [-122.53024, 38.04789],
          [-122.54025, 38.05307],
          [-122.56359, 38.06517],
          [-122.5753, 38.07689],
          [-122.60295, 38.07239],
          [-122.61629, 38.0793],
          [-122.63631, 38.08966],
          [-122.66396, 38.08516],
          [-122.69161, 38.08066],
          [-122.70476, 38.06489],
          [-122.71352, 38.05438],
          [-122.74116, 38.04987],
          [-122.7543, 38.0341],
          [-122.74856, 38.01234],
          [-122.75732, 38.00182],
          [-122.78494, 37.9973],
          [-122.81256, 37.99277],
          [-122.84018, 37.98824],
          [-122.8678, 37.98371],
          [-122.88114, 37.9906],
          [-122.90117, 38.00093],
          [-122.91453, 38.00782],
          [-122.9203, 38.02958],
          [-122.94033, 38.0399],
          [-122.95369, 38.04679],
          [-122.95947, 38.06854],
          [-122.96526, 38.09029],
          [-122.97104, 38.11204],
          [-122.97683, 38.13379],
          [-122.98262, 38.15554],
          [-122.98841, 38.17728],
          [-123.00848, 38.18759],
          [-123.02186, 38.19447],
          [-123.02767, 38.21621],
          [-123.04775, 38.22651],
          [-123.06114, 38.23338],
          [-123.06695, 38.25511],
          [-123.07277, 38.27685],
          [-123.07858, 38.29858],
          [-123.0844, 38.3203],
          [-123.09022, 38.34203],
          [-123.09605, 38.36375],
          [-123.09633, 38.38638],
          [-123.10216, 38.4081],
          [-123.11353, 38.4289],
          [-123.11936, 38.45062],
          [-123.1395, 38.4609],
          [-123.14738, 38.46867],
          [-123.15877, 38.48946],
          [-123.16462, 38.51117],
          [-123.18477, 38.52145],
          [-123.19821, 38.5283],
          [-123.21837, 38.53857],
          [-123.22626, 38.54633],
          [-123.23212, 38.56803],
          [-123.25187, 38.58743],
          [-123.26372, 38.59907],
          [-123.27162, 38.60683],
          [-123.27749, 38.62852],
          [-123.29725, 38.64791],
          [-123.30911, 38.65955],
          [-123.31702, 38.6673],
          [-123.32847, 38.68807],
          [-123.34269, 38.70837],
          [-123.35456, 38.72],
          [-123.36248, 38.72775],
          [-123.36838, 38.74942],
          [-123.37428, 38.7711],
          [-123.38019, 38.79277],
          [-123.3861, 38.81444],
          [-123.39201, 38.8361],
          [-123.39792, 38.85777],
          [-123.39472, 38.86735],
          [-123.38992, 38.88173],
          [-123.38192, 38.90569],
          [-123.37872, 38.91527],
          [-123.37392, 38.92965],
          [-123.37983, 38.9513],
          [-123.38575, 38.97296],
          [-123.39167, 38.99461],
          [-123.39759, 39.01626],
          [-123.40351, 39.0379],
          [-123.40944, 39.05955],
          [-123.40886, 39.08226],
          [-123.40736, 39.10513],
          [-123.40415, 39.1147],
          [-123.39934, 39.12906],
          [-123.38947, 39.1533],
          [-123.38693, 39.15824],
          [-123.37679, 39.178],
          [-123.37342, 39.20116],
          [-123.37207, 39.21043],
          [-123.37004, 39.22432],
          [-123.35736, 39.24901],
          [-123.356, 39.25827],
          [-123.35397, 39.27216],
          [-123.35059, 39.29531],
          [-123.34907, 39.31816],
          [-123.35314, 39.34008],
          [-123.36839, 39.36016],
          [-123.37433, 39.38178],
          [-123.377, 39.40392],
          [-123.37689, 39.42652],
          [-123.38283, 39.44813],
          [-123.39064, 39.46942],
          [-123.40218, 39.4901],
          [-123.41653, 39.51032],
          [-123.42851, 39.5219],
          [-123.43649, 39.52962],
          [-123.46366, 39.54322],
          [-123.47045, 39.54661],
          [-123.49603, 39.55444],
          [-123.51842, 39.56129],
          [-123.52802, 39.56423],
          [-123.55521, 39.57781],
          [-123.56201, 39.5812],
          [-123.58024, 39.59625],
          [-123.6, 39.61255],
          [-123.6036, 39.61497],
          [-123.63062, 39.63307],
          [-123.63602, 39.6367],
          [-123.66324, 39.65025],
          [-123.67005, 39.65364],
          [-123.69728, 39.66719],
          [-123.7065, 39.67921],
          [-123.71264, 39.68721],
          [-123.71867, 39.70878],
          [-123.71734, 39.71802],
          [-123.71535, 39.73189],
          [-123.70269, 39.75654],
          [-123.70015, 39.76147],
          [-123.69002, 39.78119],
          [-123.67974, 39.79341],
          [-123.67173, 39.80676],
          [-123.65971, 39.82678],
          [-123.6567, 39.83178],
          [-123.65197, 39.85511],
          [-123.65799, 39.87666],
          [-123.65653, 39.89944],
          [-123.66255, 39.92098],
          [-123.66859, 39.94253],
          [-123.66538, 39.95207],
          [-123.66338, 39.96592],
          [-123.67262, 39.97791],
          [-123.68065, 39.9856],
          [-123.70075, 40.00483],
          [-123.7096, 40.0259],
          [-123.71565, 40.04743],
          [-123.7217, 40.06895],
          [-123.72493, 40.09094],
          [-123.71692, 40.11478],
          [-123.71371, 40.12431],
          [-123.71312, 40.13792],
          [-123.71917, 40.15943],
          [-123.72703, 40.17165],
          [-123.73508, 40.17933],
          [-123.75804, 40.19806],
          [-123.76731, 40.21004],
          [-123.78101, 40.21679],
          [-123.78708, 40.2383],
          [-123.77824, 40.24875],
          [-123.77343, 40.26305],
          [-123.7795, 40.28455],
          [-123.79161, 40.29606],
          [-123.79967, 40.30373],
          [-123.81327, 40.32399],
          [-123.82876, 40.34394],
          [-123.83805, 40.3559],
          [-123.84613, 40.36357],
          [-123.86633, 40.38274],
          [-123.86584, 40.40531],
          [-123.86254, 40.42834],
          [-123.86, 40.43325],
          [-123.84982, 40.45291],
          [-123.84557, 40.47609],
          [-123.84519, 40.48515],
          [-123.8432, 40.49896],
          [-123.85071, 40.5202],
          [-123.85682, 40.54167],
          [-123.85586, 40.5643],
          [-123.84784, 40.58808],
          [-123.84623, 40.59284],
          [-123.83981, 40.61187],
          [-123.83178, 40.63564],
          [-123.83139, 40.64469],
          [-123.83082, 40.65826],
          [-123.82278, 40.68203],
          [-123.81715, 40.69867],
          [-123.81049, 40.70649],
          [-123.79496, 40.72475],
          [-123.78829, 40.73257],
          [-123.78024, 40.75633],
          [-123.77702, 40.76584],
          [-123.77219, 40.78009],
          [-123.76413, 40.80384],
          [-123.77023, 40.82529],
          [-123.7905, 40.84441],
          [-123.79662, 40.86585],
          [-123.80273, 40.88728],
          [-123.79467, 40.91102],
          [-123.80078, 40.93245],
          [-123.8069, 40.95388],
          [-123.81302, 40.9753],
          [-123.8098, 40.98479],
          [-123.80496, 40.99903],
          [-123.80257, 41.02184],
          [-123.79366, 41.03225],
          [-123.76527, 41.03686],
          [-123.73687, 41.04148],
          [-123.70848, 41.04608],
          [-123.6951, 41.06169],
          [-123.68618, 41.0721],
          [-123.6728, 41.08771],
          [-123.66387, 41.09811],
          [-123.65048, 41.11371],
          [-123.65658, 41.13512],
          [-123.67729, 41.14521],
          [-123.70572, 41.14061],
          [-123.71911, 41.12501],
          [-123.72803, 41.1146],
          [-123.75644, 41.10999],
          [-123.78485, 41.10538],
          [-123.79867, 41.1121],
          [-123.81939, 41.12217],
          [-123.83321, 41.12888],
          [-123.85395, 41.13895],
          [-123.86209, 41.14659],
          [-123.86823, 41.16798],
          [-123.865, 41.17747],
          [-123.86016, 41.19169],
          [-123.86631, 41.21309],
          [-123.87246, 41.23448],
          [-123.87008, 41.25725],
          [-123.87623, 41.27864],
          [-123.87669, 41.30094],
          [-123.87346, 41.31042],
          [-123.86007, 41.32602],
          [-123.86623, 41.3474],
          [-123.8573, 41.3578],
          [-123.8439, 41.37339],
          [-123.86469, 41.38345],
          [-123.87855, 41.39015],
          [-123.89934, 41.40019],
          [-123.9132, 41.40689],
          [-123.91937, 41.42826],
          [-123.91984, 41.45055],
          [-123.91661, 41.46002],
          [-123.91176, 41.47422],
          [-123.90368, 41.49789],
          [-123.90045, 41.50736],
          [-123.88704, 41.52294],
          [-123.8781, 41.53333],
          [-123.87324, 41.54753],
          [-123.87085, 41.57027],
          [-123.87702, 41.59161],
          [-123.87749, 41.61388],
          [-123.88366, 41.63522],
          [-123.88042, 41.64468],
          [-123.87556, 41.65887],
          [-123.86746, 41.68252],
          [-123.86421, 41.69197],
          [-123.85935, 41.70616],
          [-123.84933, 41.7301],
          [-123.84675, 41.73498],
          [-123.82125, 41.75025],
          [-123.80595, 41.75941],
          [-123.79574, 41.76552],
          [-123.77023, 41.78078],
          [-123.75491, 41.78994],
          [-123.74594, 41.8003],
          [-123.73246, 41.81585],
          [-123.72225, 41.82195],
          [-123.69527, 41.83222],
          [-123.66809, 41.84178],
          [-123.63803, 41.84138],
          [-123.60777, 41.84026],
          [-123.57915, 41.84483],
          [-123.55174, 41.85365],
          [-123.52311, 41.85821],
          [-123.49447, 41.86276],
          [-123.46584, 41.86731],
          [-123.45194, 41.86059],
          [-123.44584, 41.83926],
          [-123.43975, 41.81793],
          [-123.43365, 41.7966],
          [-123.42756, 41.77526],
          [-123.43657, 41.76491],
          [-123.45008, 41.74937],
          [-123.45909, 41.73902],
          [-123.47259, 41.72348],
          [-123.48159, 41.71312],
          [-123.49509, 41.69759],
          [-123.50408, 41.68722],
          [-123.51757, 41.67168],
          [-123.52656, 41.66132],
          [-123.54004, 41.64577],
          [-123.54903, 41.6354],
          [-123.56251, 41.61985],
          [-123.57149, 41.60949],
          [-123.58496, 41.59393],
          [-123.59393, 41.58356],
          [-123.60739, 41.568],
          [-123.61637, 41.55763],
          [-123.62126, 41.54344],
          [-123.6237, 41.5207],
          [-123.63267, 41.51032],
          [-123.63756, 41.49613],
          [-123.64, 41.47339],
          [-123.63959, 41.4511],
          [-123.63347, 41.42973],
          [-123.62166, 41.40927],
          [-123.60701, 41.38926],
          [-123.6009, 41.36788],
          [-123.5948, 41.3465],
          [-123.59725, 41.32374],
          [-123.59115, 41.30235],
          [-123.58506, 41.28096],
          [-123.56432, 41.27087],
          [-123.53586, 41.27544],
          [-123.52242, 41.29102],
          [-123.51346, 41.3014],
          [-123.50002, 41.31698],
          [-123.51465, 41.337],
          [-123.51218, 41.35976],
          [-123.50322, 41.37014],
          [-123.49832, 41.38434],
          [-123.49014, 41.408],
          [-123.48687, 41.41747],
          [-123.48197, 41.43166],
          [-123.47949, 41.45441],
          [-123.47987, 41.47669],
          [-123.4766, 41.48615],
          [-123.46313, 41.50171],
          [-123.45414, 41.51208],
          [-123.44923, 41.52627],
          [-123.4335, 41.54441],
          [-123.41819, 41.55355],
          [-123.4092, 41.56391],
          [-123.39571, 41.57946],
          [-123.3855, 41.58555],
          [-123.35815, 41.59436],
          [-123.34465, 41.60989],
          [-123.33564, 41.62025],
          [-123.30706, 41.62478],
          [-123.29355, 41.64031],
          [-123.28454, 41.65067],
          [-123.27101, 41.66619],
          [-123.262, 41.67654],
          [-123.24847, 41.69207],
          [-123.23945, 41.70241],
          [-123.22559, 41.69568],
          [-123.21955, 41.67432],
          [-123.21923, 41.65206],
          [-123.21319, 41.6307],
          [-123.20716, 41.60933],
          [-123.18684, 41.59022],
          [-123.17646, 41.58516],
          [-123.14488, 41.57898],
          [-123.1163, 41.58347],
          [-123.08773, 41.58797],
          [-123.06035, 41.59673],
          [-123.03177, 41.60122],
          [-123.00318, 41.6057],
          [-122.98962, 41.62121],
          [-122.98058, 41.63155],
          [-122.96702, 41.64706],
          [-122.95797, 41.65739],
          [-122.9444, 41.6729],
          [-122.93535, 41.68323],
          [-122.90673, 41.68769],
          [-122.8929, 41.68093],
          [-122.88693, 41.65956],
          [-122.88096, 41.63819],
          [-122.89002, 41.62785],
          [-122.90359, 41.61235],
          [-122.91264, 41.60202],
          [-122.94123, 41.59755],
          [-122.95479, 41.58204],
          [-122.96383, 41.5717],
          [-122.97739, 41.55619],
          [-122.97712, 41.53391],
          [-122.98044, 41.52446],
          [-122.99399, 41.50894],
          [-122.99372, 41.48666],
          [-122.99704, 41.47721],
          [-123.01057, 41.46168],
          [-123.00459, 41.44029],
          [-122.99861, 41.41889],
          [-122.99264, 41.3975],
          [-122.98666, 41.37609],
          [-122.98069, 41.35469],
          [-122.97472, 41.33328],
          [-122.9602, 41.31322],
          [-122.94808, 41.30172],
          [-122.93999, 41.29405],
          [-122.93404, 41.27263],
          [-122.92808, 41.25121],
          [-122.92213, 41.22979],
          [-122.90194, 41.21061],
          [-122.88983, 41.19909],
          [-122.87606, 41.19231],
          [-122.8572, 41.18856],
          [-122.82872, 41.19303],
          [-122.81341, 41.20213],
          [-122.80321, 41.2082],
          [-122.77768, 41.22337],
          [-122.74919, 41.22782],
          [-122.71893, 41.22584],
          [-122.69044, 41.23028],
          [-122.67688, 41.2458],
          [-122.68278, 41.26722],
          [-122.68868, 41.28865],
          [-122.69459, 41.31007],
          [-122.7005, 41.33149],
          [-122.69145, 41.34183],
          [-122.67768, 41.33504],
          [-122.65703, 41.32485],
          [-122.64326, 41.31805],
          [-122.62261, 41.30785],
          [-122.60885, 41.30105],
          [-122.5882, 41.29085],
          [-122.55851, 41.29099],
          [-122.54593, 41.28847],
          [-122.52706, 41.28469],
          [-122.49717, 41.2841],
          [-122.46709, 41.28279],
          [-122.43857, 41.28719],
          [-122.42599, 41.28466],
          [-122.40713, 41.28087],
          [-122.38307, 41.26894],
          [-122.37277, 41.26382],
          [-122.34133, 41.25749],
          [-122.32876, 41.25495],
          [-122.30816, 41.24472],
          [-122.29454, 41.26021],
          [-122.30036, 41.28164],
          [-122.30048, 41.30395],
          [-122.30631, 41.32539],
          [-122.31023, 41.34711],
          [-122.31606, 41.36853],
          [-122.31459, 41.37769],
          [-122.31238, 41.39142],
          [-122.30869, 41.41429],
          [-122.29944, 41.43133],
          [-122.28405, 41.44038],
          [-122.27379, 41.44641],
          [-122.24638, 41.45506],
          [-122.23262, 41.44823],
          [-122.21823, 41.42812],
          [-122.20617, 41.41658],
          [-122.19242, 41.40975],
          [-122.17412, 41.40808],
          [-122.15814, 41.41497],
          [-122.14903, 41.42528],
          [-122.14394, 41.43944],
          [-122.15599, 41.45099],
          [-122.16975, 41.45782],
          [-122.19038, 41.46806],
          [-122.21896, 41.4637],
          [-122.23272, 41.47052],
          [-122.22362, 41.48083],
          [-122.20995, 41.4963],
          [-122.20084, 41.5066],
          [-122.18718, 41.52206],
          [-122.17806, 41.53237],
          [-122.17297, 41.54652],
          [-122.17878, 41.56792],
          [-122.19085, 41.57946],
          [-122.1989, 41.58715],
          [-122.20472, 41.60855],
          [-122.21627, 41.62908],
          [-122.23694, 41.63931],
          [-122.245, 41.64699],
          [-122.25656, 41.66751],
          [-122.27099, 41.68759],
          [-122.27683, 41.70898],
          [-122.26835, 41.73255],
          [-122.26496, 41.74197],
          [-122.25986, 41.75611],
          [-122.25711, 41.77879],
          [-122.26295, 41.80017],
          [-122.2688, 41.82154],
          [-122.27465, 41.84291],
          [-122.26551, 41.8532],
          [-122.23682, 41.85756],
          [-122.22311, 41.87299],
          [-122.2128, 41.879],
          [-122.18527, 41.88762],
          [-122.15657, 41.89196],
          [-122.12786, 41.8963],
          [-122.11405, 41.88948],
          [-122.10823, 41.86811],
          [-122.10242, 41.84674],
          [-122.09661, 41.82536],
          [-122.10576, 41.81508],
          [-122.11948, 41.79965],
          [-122.11366, 41.77827],
          [-122.10785, 41.75689],
          [-122.10205, 41.7355],
          [-122.09624, 41.71411],
          [-122.09044, 41.69272],
          [-122.08463, 41.67133],
          [-122.07884, 41.64993],
          [-122.07304, 41.62853],
          [-122.06725, 41.60713],
          [-122.07638, 41.59683],
          [-122.09007, 41.58139],
          [-122.08428, 41.55998],
          [-122.07849, 41.53857],
          [-122.0727, 41.51715],
          [-122.06691, 41.49574],
          [-122.04628, 41.48548],
          [-122.01769, 41.48981],
          [-121.98909, 41.49414],
          [-121.96049, 41.49846],
          [-121.94675, 41.49161],
          [-121.92614, 41.48135],
          [-121.9124, 41.4745],
          [-121.89179, 41.46423],
          [-121.87805, 41.45738],
          [-121.87231, 41.43595],
          [-121.85172, 41.42568],
          [-121.83801, 41.44112],
          [-121.82886, 41.45141],
          [-121.81514, 41.46684],
          [-121.806, 41.47713],
          [-121.79227, 41.49256],
          [-121.78312, 41.50285],
          [-121.75451, 41.50714],
          [-121.7259, 41.51142],
          [-121.69728, 41.5157],
          [-121.66866, 41.51997],
          [-121.64004, 41.52424],
          [-121.62629, 41.53965],
          [-121.61712, 41.54993],
          [-121.58848, 41.55418],
          [-121.55985, 41.55844],
          [-121.54613, 41.55157],
          [-121.52554, 41.54126],
          [-121.51182, 41.53439],
          [-121.50615, 41.51296],
          [-121.51533, 41.50268],
          [-121.5291, 41.48727],
          [-121.52343, 41.46584],
          [-121.5326, 41.45556],
          [-121.54636, 41.44015],
          [-121.55553, 41.42987],
          [-121.58413, 41.42561],
          [-121.61272, 41.42135],
          [-121.62644, 41.42822],
          [-121.64701, 41.43852],
          [-121.6756, 41.43425],
          [-121.68934, 41.41882],
          [-121.69849, 41.40854],
          [-121.71222, 41.39311],
          [-121.70652, 41.37166],
          [-121.71566, 41.36137],
          [-121.72938, 41.34594],
          [-121.72368, 41.32449],
          [-121.71798, 41.30304],
          [-121.71228, 41.28158],
          [-121.70658, 41.26013],
          [-121.71572, 41.24983],
          [-121.72942, 41.23439],
          [-121.73855, 41.22409],
          [-121.75225, 41.20864],
          [-121.74655, 41.18717],
          [-121.72601, 41.17687],
          [-121.71233, 41.16999],
          [-121.6918, 41.15968],
          [-121.67812, 41.15281],
          [-121.67244, 41.13134],
          [-121.66676, 41.10986],
          [-121.66108, 41.08838],
          [-121.67021, 41.07808],
          [-121.68389, 41.06262],
          [-121.69302, 41.05232],
          [-121.7067, 41.03685],
          [-121.70101, 41.01537],
          [-121.71013, 41.00506],
          [-121.7238, 40.98959],
          [-121.71812, 40.9681],
          [-121.71244, 40.94661],
          [-121.70676, 40.92512],
          [-121.71587, 40.9148],
          [-121.72952, 40.89933],
          [-121.73863, 40.88901],
          [-121.74375, 40.87482],
          [-121.75228, 40.85117],
          [-121.7466, 40.82966],
          [-121.74092, 40.80816],
          [-121.73524, 40.78665],
          [-121.71536, 40.76728],
          [-121.70344, 40.75566],
          [-121.68981, 40.74877],
          [-121.66937, 40.73843],
          [-121.64097, 40.74272],
          [-121.61257, 40.747],
          [-121.59895, 40.7401],
          [-121.57852, 40.72976],
          [-121.55012, 40.73403],
          [-121.5365, 40.72713],
          [-121.51608, 40.71677],
          [-121.50247, 40.70987],
          [-121.48206, 40.69951],
          [-121.47413, 40.69175],
          [-121.45432, 40.67234],
          [-121.44244, 40.6607],
          [-121.41293, 40.66064],
          [-121.38566, 40.6692],
          [-121.37198, 40.68467],
          [-121.36286, 40.69498],
          [-121.35769, 40.70917],
          [-121.36329, 40.7307],
          [-121.36888, 40.75223],
          [-121.38077, 40.76387],
          [-121.38869, 40.77163],
          [-121.3943, 40.79315],
          [-121.3999, 40.81467],
          [-121.39646, 40.82413],
          [-121.38276, 40.83959],
          [-121.38837, 40.8611],
          [-121.37923, 40.8714],
          [-121.35078, 40.87564],
          [-121.33707, 40.89109],
          [-121.32792, 40.90138],
          [-121.29946, 40.90561],
          [-121.271, 40.90984],
          [-121.24253, 40.91406],
          [-121.21407, 40.91827],
          [-121.20033, 40.9337],
          [-121.2059, 40.95521],
          [-121.21148, 40.97672],
          [-121.21705, 40.99823],
          [-121.22263, 41.01973],
          [-121.21347, 41.03001],
          [-121.19984, 41.0231],
          [-121.19426, 41.00159],
          [-121.17382, 40.99121],
          [-121.14533, 40.99542],
          [-121.13171, 40.98849],
          [-121.11294, 40.98456],
          [-121.08445, 40.98875],
          [-121.05596, 40.99294],
          [-121.0258, 40.99067],
          [-120.99619, 40.99054],
          [-120.96769, 40.99472],
          [-120.95519, 40.99208],
          [-120.93477, 40.98168],
          [-120.90517, 40.98154],
          [-120.89837, 40.97807],
          [-120.87861, 40.95863],
          [-120.86841, 40.95342],
          [-120.84462, 40.94127],
          [-120.83442, 40.93606],
          [-120.80428, 40.93375],
          [-120.77579, 40.93789],
          [-120.7473, 40.94203],
          [-120.73349, 40.95743],
          [-120.72428, 40.96769],
          [-120.69577, 40.97182],
          [-120.66727, 40.97595],
          [-120.65344, 40.99134],
          [-120.67382, 41.00177],
          [-120.68742, 41.00873],
          [-120.69289, 41.03025],
          [-120.69836, 41.05176],
          [-120.71876, 41.06219],
          [-120.73236, 41.06914],
          [-120.73785, 41.09065],
          [-120.75826, 41.10108],
          [-120.77187, 41.10802],
          [-120.77736, 41.12953],
          [-120.78286, 41.15103],
          [-120.77364, 41.16128],
          [-120.7598, 41.17666],
          [-120.75057, 41.18691],
          [-120.72201, 41.19104],
          [-120.69344, 41.19517],
          [-120.67982, 41.18822],
          [-120.6594, 41.17779],
          [-120.64579, 41.17084],
          [-120.62537, 41.16041],
          [-120.61176, 41.15345],
          [-120.59135, 41.14301],
          [-120.57775, 41.13605],
          [-120.55734, 41.12561],
          [-120.54945, 41.11783],
          [-120.52974, 41.09837],
          [-120.51954, 41.09314],
          [-120.48828, 41.08648],
          [-120.47577, 41.08382],
          [-120.45539, 41.07336],
          [-120.44181, 41.06639],
          [-120.42143, 41.05593],
          [-120.41356, 41.04813],
          [-120.39388, 41.02865],
          [-120.3837, 41.02342],
          [-120.35246, 41.01673],
          [-120.34568, 41.01324],
          [-120.31854, 40.99927],
          [-120.29001, 41.00334],
          [-120.26148, 41.0074],
          [-120.23402, 41.01576],
          [-120.22012, 41.03111],
          [-120.21085, 41.04134],
          [-120.20551, 41.05548],
          [-120.21088, 41.077],
          [-120.20959, 41.09947],
          [-120.20735, 41.12207],
          [-120.21082, 41.14386],
          [-120.20916, 41.153],
          [-120.19523, 41.16834],
          [-120.19489, 41.19066],
          [-120.19132, 41.20008],
          [-120.17739, 41.21541],
          [-120.1681, 41.22563],
          [-120.15452, 41.21864],
          [-120.13414, 41.20816],
          [-120.12056, 41.20116],
          [-120.10019, 41.19067],
          [-120.08661, 41.18368],
          [-120.06625, 41.17318],
          [-120.05268, 41.16619],
          [-120.03232, 41.15569],
          [-120.01876, 41.14869],
          [-119.99841, 41.13818],
          [-119.98446, 41.1535],
          [-119.97515, 41.16372],
          [-119.9612, 41.17903],
          [-119.95189, 41.18925],
          [-119.93792, 41.20456],
          [-119.92861, 41.21477],
          [-119.9, 41.21877],
          [-119.8714, 41.22276],
          [-119.84279, 41.22675],
          [-119.8288, 41.24205],
          [-119.81947, 41.25225],
          [-119.79085, 41.25624],
          [-119.76223, 41.26021],
          [-119.74867, 41.25319],
          [-119.72833, 41.24267],
          [-119.71477, 41.23564],
          [-119.69444, 41.22511],
          [-119.66582, 41.22907],
          [-119.65181, 41.24436],
          [-119.64246, 41.25455],
          [-119.61383, 41.25851],
          [-119.5852, 41.26245],
          [-119.57117, 41.27773],
          [-119.56182, 41.28792],
          [-119.53318, 41.29186],
          [-119.50454, 41.29579],
          [-119.47589, 41.29972],
          [-119.44725, 41.30365],
          [-119.4186, 41.30757],
          [-119.40453, 41.32283],
          [-119.39516, 41.33301],
          [-119.3665, 41.33692],
          [-119.33784, 41.34083],
          [-119.32429, 41.33378],
          [-119.30398, 41.32321],
          [-119.29044, 41.31616],
          [-119.27013, 41.30558],
          [-119.2566, 41.29853],
          [-119.2363, 41.28795],
          [-119.22277, 41.28089],
          [-119.20248, 41.2703],
          [-119.18839, 41.28555],
          [-119.17899, 41.29572],
          [-119.1649, 41.31096],
          [-119.16433, 41.33326],
          [-119.16066, 41.34265],
          [-119.14656, 41.35789],
          [-119.13715, 41.36805],
          [-119.12304, 41.38328],
          [-119.1126, 41.38913],
          [-119.08494, 41.3973],
          [-119.07082, 41.41253],
          [-119.06037, 41.41838],
          [-119.03424, 41.433],
          [-119.01857, 41.44176],
          [-119.00914, 41.45191],
          [-118.995, 41.46713],
          [-118.98556, 41.47727],
          [-118.97141, 41.49249],
          [-118.96095, 41.49833],
          [-118.93326, 41.50647],
          [-118.90351, 41.506],
          [-118.89099, 41.50323],
          [-118.87069, 41.49262],
          [-118.85716, 41.48555],
          [-118.85205, 41.46403],
          [-118.84695, 41.44251],
          [-118.84759, 41.42022],
          [-118.85129, 41.41085],
          [-118.86544, 41.39564],
          [-118.86034, 41.37411],
          [-118.84007, 41.36349],
          [-118.82656, 41.3564],
          [-118.80629, 41.34578],
          [-118.77761, 41.3496],
          [-118.76344, 41.3648],
          [-118.754, 41.37494],
          [-118.73983, 41.39015],
          [-118.73038, 41.40028],
          [-118.7162, 41.41548],
          [-118.72989, 41.43587],
          [-118.73497, 41.45739],
          [-118.74663, 41.46916],
          [-118.75441, 41.47701],
          [-118.76524, 41.49777],
          [-118.77033, 41.51928],
          [-118.77542, 41.54079],
          [-118.78051, 41.5623],
          [-118.80082, 41.57292],
          [-118.81436, 41.58],
          [-118.81946, 41.6015],
          [-118.82457, 41.623],
          [-118.81511, 41.63313],
          [-118.78634, 41.63694],
          [-118.75757, 41.64075],
          [-118.74403, 41.63367],
          [-118.72372, 41.62305],
          [-118.69495, 41.62685],
          [-118.66618, 41.63065],
          [-118.65196, 41.64582],
          [-118.64248, 41.65594],
          [-118.6137, 41.65973],
          [-118.58492, 41.66351],
          [-118.57069, 41.67867],
          [-118.57574, 41.70017],
          [-118.5808, 41.72167],
          [-118.57131, 41.73178],
          [-118.5657, 41.74581],
          [-118.56211, 41.76843],
          [-118.55261, 41.77853],
          [-118.547, 41.79256],
          [-118.54341, 41.81517],
          [-118.5339, 41.82527],
          [-118.52829, 41.83929],
          [-118.51892, 41.86266],
          [-118.51517, 41.872],
          [-118.50955, 41.88602],
          [-118.50018, 41.90937],
          [-118.49643, 41.91871],
          [-118.4908, 41.93272],
          [-118.48142, 41.95607],
          [-118.47767, 41.96541],
          [-118.46337, 41.98054],
          [-118.45384, 41.99063],
          [-118.4482, 42.00463],
          [-118.44458, 42.02722],
          [-118.43504, 42.0373],
          [-118.42073, 42.05243],
          [-118.41119, 42.06251],
          [-118.39687, 42.07763],
          [-118.38732, 42.0877],
          [-118.373, 42.10282],
          [-118.36344, 42.11289],
          [-118.34911, 42.12801],
          [-118.33955, 42.13808],
          [-118.32521, 42.15318],
          [-118.33024, 42.17463],
          [-118.32068, 42.1847],
          [-118.30633, 42.1998],
          [-118.29676, 42.20987],
          [-118.2824, 42.22496],
          [-118.27283, 42.23503],
          [-118.26715, 42.249],
          [-118.26348, 42.27156],
          [-118.2685, 42.29299],
          [-118.27352, 42.31442],
          [-118.26394, 42.32448],
          [-118.24956, 42.33956],
          [-118.25458, 42.36099],
          [-118.245, 42.37104],
          [-118.23061, 42.38612],
          [-118.23563, 42.40754],
          [-118.24065, 42.42896],
          [-118.24567, 42.45037],
          [-118.2507, 42.47178],
          [-118.27113, 42.4824],
          [-118.30016, 42.47869],
          [-118.31455, 42.46361],
          [-118.32414, 42.45356],
          [-118.33777, 42.46064],
          [-118.35821, 42.47125],
          [-118.37184, 42.47832],
          [-118.39229, 42.48893],
          [-118.40012, 42.49674],
          [-118.40518, 42.51814],
          [-118.41024, 42.53954],
          [-118.40646, 42.54885],
          [-118.40079, 42.5628],
          [-118.40585, 42.5842],
          [-118.41092, 42.60559],
          [-118.40727, 42.62809],
          [-118.41234, 42.64948],
          [-118.43283, 42.66007],
          [-118.44649, 42.66712],
          [-118.43689, 42.67717],
          [-118.42249, 42.69224],
          [-118.41288, 42.70228],
          [-118.39847, 42.71734],
          [-118.38886, 42.72738],
          [-118.37444, 42.74244],
          [-118.37951, 42.76381],
          [-118.3699, 42.77384],
          [-118.35547, 42.78889],
          [-118.34585, 42.79893],
          [-118.33141, 42.81398],
          [-118.32179, 42.82401],
          [-118.30735, 42.83905],
          [-118.29772, 42.84908],
          [-118.28327, 42.86412],
          [-118.27363, 42.87414],
          [-118.25918, 42.88917],
          [-118.24954, 42.8992],
          [-118.23507, 42.91423],
          [-118.22442, 42.91998],
          [-118.20512, 42.94001],
          [-118.2003, 42.94502],
          [-118.17214, 42.95298],
          [-118.15765, 42.968],
          [-118.148, 42.97801],
          [-118.11882, 42.98169],
          [-118.10432, 42.9967],
          [-118.09466, 43.00671],
          [-118.08015, 43.02171],
          [-118.07048, 43.03172],
          [-118.05597, 43.04672],
          [-118.0463, 43.05672],
          [-118.03178, 43.07172],
          [-118.0221, 43.08172],
          [-118.00757, 43.09672],
          [-118.01258, 43.11805],
          [-118.00289, 43.12805],
          [-117.98836, 43.14304],
          [-117.99337, 43.16437],
          [-117.99837, 43.18569],
          [-118.01893, 43.19629],
          [-118.04817, 43.19263],
          [-118.07742, 43.18897],
          [-118.09195, 43.17398],
          [-118.10163, 43.16398],
          [-118.13086, 43.16031],
          [-118.14457, 43.16737],
          [-118.16514, 43.17796],
          [-118.173, 43.18575],
          [-118.16917, 43.19501],
          [-118.15466, 43.21001],
          [-118.14497, 43.22001],
          [-118.13045, 43.235],
          [-118.12076, 43.24499],
          [-118.10623, 43.25998],
          [-118.10541, 43.28202],
          [-118.10157, 43.29128],
          [-118.08703, 43.30626],
          [-118.07733, 43.31625],
          [-118.06278, 43.33123],
          [-118.06781, 43.35253],
          [-118.0581, 43.36251],
          [-118.04354, 43.37748],
          [-118.04271, 43.39951],
          [-118.03886, 43.40876],
          [-118.02429, 43.42372],
          [-118.02346, 43.44574],
          [-118.0196, 43.45499],
          [-118.01382, 43.46885],
          [-118.00418, 43.49196],
          [-118.00921, 43.51324],
          [-118.01424, 43.53452],
          [-118.01927, 43.55579],
          [-118.01541, 43.56503],
          [-118.00962, 43.57889],
          [-118.01466, 43.60016],
          [-118.01088, 43.62252],
          [-118.01004, 43.64451],
          [-118.01507, 43.66577],
          [-118.02599, 43.6863],
          [-118.03103, 43.70755],
          [-118.0517, 43.71811],
          [-118.06548, 43.72515],
          [-118.08616, 43.73571],
          [-118.09994, 43.74275],
          [-118.105, 43.76399],
          [-118.11006, 43.78523],
          [-118.13076, 43.79578],
          [-118.14455, 43.80281],
          [-118.14963, 43.82404],
          [-118.1547, 43.84527],
          [-118.17541, 43.85581],
          [-118.18922, 43.86284],
          [-118.20994, 43.87337],
          [-118.22375, 43.88039],
          [-118.24448, 43.89092],
          [-118.2583, 43.89794],
          [-118.27903, 43.90847],
          [-118.29285, 43.91548],
          [-118.31359, 43.926],
          [-118.32742, 43.93301],
          [-118.34817, 43.94352],
          [-118.37865, 43.94407],
          [-118.39146, 43.94684],
          [-118.41222, 43.95734],
          [-118.42606, 43.96435],
          [-118.4312, 43.98555],
          [-118.45197, 43.99605],
          [-118.46582, 44.00305],
          [-118.4866, 44.01354],
          [-118.50045, 44.02054],
          [-118.52124, 44.03103],
          [-118.5351, 44.03802],
          [-118.55589, 44.0485],
          [-118.58537, 44.04478],
          [-118.59923, 44.05177],
          [-118.62004, 44.06224],
          [-118.65056, 44.06275],
          [-118.66339, 44.06549],
          [-118.68264, 44.0696],
          [-118.71473, 44.07645],
          [-118.74421, 44.07271],
          [-118.77369, 44.06896],
          [-118.80056, 44.05461],
          [-118.83003, 44.05085],
          [-118.8595, 44.04709],
          [-118.89159, 44.05391],
          [-118.90443, 44.05664],
          [-118.92527, 44.06708],
          [-118.93916, 44.07404],
          [-118.94442, 44.09521],
          [-118.94968, 44.11638],
          [-118.95495, 44.13755],
          [-118.94526, 44.14753],
          [-118.93072, 44.16249],
          [-118.93598, 44.18366],
          [-118.92628, 44.19363],
          [-118.91173, 44.20859],
          [-118.90203, 44.21856],
          [-118.89632, 44.23238],
          [-118.89469, 44.25442],
          [-118.89995, 44.27557],
          [-118.89537, 44.29797],
          [-118.89248, 44.3027],
          [-118.87305, 44.32263],
          [-118.86819, 44.32761],
          [-118.84875, 44.34753],
          [-118.84389, 44.35251],
          [-118.81695, 44.36683],
          [-118.78738, 44.37058],
          [-118.7578, 44.37433],
          [-118.74163, 44.38291],
          [-118.73189, 44.39286],
          [-118.71728, 44.40779],
          [-118.70754, 44.41773],
          [-118.69292, 44.43265],
          [-118.71381, 44.44309],
          [-118.72774, 44.45005],
          [-118.74864, 44.46048],
          [-118.76258, 44.46744],
          [-118.78349, 44.47787],
          [-118.79743, 44.48482],
          [-118.81835, 44.49524],
          [-118.84795, 44.49149],
          [-118.8619, 44.49844],
          [-118.86229, 44.5]
        ]
      }
    },
    {
      "type": "Feature",
      "id": "2026101018_f054_06000_045",
      "properties": {
        "product_id": "winter_storm_levels",
        "source_id": "nbm_snow_level",
        "parameter": "snow_level",
        "definition": "height of the wet-bulb 0.5 degree C surface",
        "level_ft_msl": 6000,
        "label": "6,000 ft MSL",
        "unit": "ft_msl",
        "cycle_time_utc": "2026-10-10T18:00:00Z",
        "valid_time_utc": "2026-10-13T00:00:00Z",
        "lead_hours": 54,
        "segment": 45,
        "length_m": 207930.6
      },
      "geometry": {
        "type": "LineString",
        "coordinates": [
          [-127.17162, 32.38962],
          [-127.16531, 32.3676],
          [-127.15901, 32.34559],
          [-127.14607, 32.33891],
          [-127.12666, 32.3289],
          [-127.12037, 32.30688],
          [-127.11408, 32.28486],
          [-127.1078, 32.26284],
          [-127.10151, 32.24082],
          [-127.09002, 32.21986],
          [-127.08231, 32.21212],
          [-127.06292, 32.20209],
          [-127.05, 32.1954],
          [-127.02397, 32.2007],
          [-127.0046, 32.19067],
          [-126.99168, 32.18398],
          [-126.96565, 32.18927],
          [-126.94629, 32.17923],
          [-126.93337, 32.17253],
          [-126.91401, 32.16248],
          [-126.9011, 32.15578],
          [-126.88175, 32.14573],
          [-126.87551, 32.12369],
          [-126.86928, 32.10166],
          [-126.85638, 32.09495],
          [-126.83704, 32.08489],
          [-126.82562, 32.06391],
          [-126.81793, 32.05615],
          [-126.79859, 32.04608],
          [-126.78571, 32.03937],
          [-126.76638, 32.0293],
          [-126.7535, 32.02259],
          [-126.74197, 32.01094],
          [-126.71944, 31.99919],
          [-126.70978, 31.99415],
          [-126.68725, 31.98239],
          [-126.67759, 31.97735],
          [-126.65506, 31.96558],
          [-126.63761, 31.96211],
          [-126.62475, 31.95539],
          [-126.5969, 31.95401],
          [-126.57945, 31.95053],
          [-126.56782, 31.94822],
          [-126.54183, 31.95344],
          [-126.51583, 31.95867],
          [-126.50666, 31.96517],
          [-126.49291, 31.97492],
          [-126.4669, 31.98013],
          [-126.44274, 31.99196],
          [-126.44173, 32.00148],
          [-126.43573, 32.02597],
          [-126.43537, 32.04933],
          [-126.43515, 32.06335],
          [-126.43414, 32.07286],
          [-126.44007, 32.08099],
          [-126.44766, 32.09344],
          [-126.46032, 32.11419],
          [-126.47298, 32.13494],
          [-126.47576, 32.15767],
          [-126.47879, 32.18034],
          [-126.47844, 32.2037],
          [-126.47822, 32.21771],
          [-126.47721, 32.22722],
          [-126.48338, 32.24926],
          [-126.49041, 32.27114],
          [-126.49549, 32.27943],
          [-126.50232, 32.29203],
          [-126.50927, 32.31392],
          [-126.51544, 32.33596],
          [-126.53467, 32.35538],
          [-126.54668, 32.36384],
          [-126.56042, 32.3735],
          [-126.58017, 32.39282],
          [-126.5835, 32.39681],
          [-126.59889, 32.41234],
          [-126.61814, 32.43176],
          [-126.62199, 32.43564],
          [-126.65119, 32.44142],
          [-126.67729, 32.43618],
          [-126.70401, 32.43314],
          [-126.72092, 32.4344],
          [-126.7326, 32.4367],
          [-126.7587, 32.43145],
          [-126.78479, 32.42619],
          [-126.81088, 32.42093],
          [-126.84009, 32.42667],
          [-126.85762, 32.43011],
          [-126.87055, 32.43681],
          [-126.89852, 32.43814],
          [-126.91605, 32.44158],
          [-126.92899, 32.44828],
          [-126.9484, 32.45831],
          [-126.96135, 32.46501],
          [-126.98932, 32.46632],
          [-127.00686, 32.46975],
          [-127.01981, 32.47643],
          [-127.0459, 32.47113],
          [-127.07199, 32.46583],
          [-127.09682, 32.45612],
          [-127.10599, 32.44959],
          [-127.11975, 32.4398],
          [-127.14394, 32.42788],
          [-127.15185, 32.41695],
          [-127.16371, 32.40055],
          [-127.17162, 32.38962]
        ]
      }
    },
    {
      "type": "Feature",
      "id": "2026101018_f054_07000_001",
      "properties": {
        "product_id": "winter_storm_levels",
        "source_id": "nbm_snow_level",
        "parameter": "snow_level",
        "definition": "height of the wet-bulb 0.5 degree C surface",
        "level_ft_msl": 7000,
        "label": "7,000 ft MSL",
        "unit": "ft_msl",
        "cycle_time_utc": "2026-10-10T18:00:00Z",
        "valid_time_utc": "2026-10-13T00:00:00Z",
        "lead_hours": 54,
        "segment": 1,
        "length_m": 9903.1
      },
      "geometry": {
        "type": "LineString",
        "coordinates": [
          [-116.99124, 34.86692],
          [-116.9754, 34.885],
          [-116.95336, 34.87201],
          [-116.9692, 34.85393],
          [-116.99124, 34.86692]
        ]
      }
    },
    {
      "type": "Feature",
      "id": "2026101018_f054_07000_002",
      "properties": {
        "product_id": "winter_storm_levels",
        "source_id": "nbm_snow_level",
        "parameter": "snow_level",
        "definition": "height of the wet-bulb 0.5 degree C surface",
        "level_ft_msl": 7000,
        "label": "7,000 ft MSL",
        "unit": "ft_msl",
        "cycle_time_utc": "2026-10-10T18:00:00Z",
        "valid_time_utc": "2026-10-13T00:00:00Z",
        "lead_hours": 54,
        "segment": 2,
        "length_m": 25180.6
      },
      "geometry": {
        "type": "LineString",
        "coordinates": [
          [-117.31323, 31.91544],
          [-117.30839, 31.9391],
          [-117.30223, 31.95605],
          [-117.29563, 31.96388],
          [-117.28024, 31.98213],
          [-117.25388, 31.98583],
          [-117.24467, 31.97104],
          [-117.2403, 31.94868],
          [-117.2434, 31.93216],
          [-117.25, 31.92434],
          [-117.26691, 31.91392],
          [-117.29173, 31.90238],
          [-117.31323, 31.91544]
        ]
      }
    },
    {
      "type": "Feature",
      "id": "2026101018_f054_07000_003",
      "properties": {
        "product_id": "winter_storm_levels",
        "source_id": "nbm_snow_level",
        "parameter": "snow_level",
        "definition": "height of the wet-bulb 0.5 degree C surface",
        "level_ft_msl": 7000,
        "label": "7,000 ft MSL",
        "unit": "ft_msl",
        "cycle_time_utc": "2026-10-10T18:00:00Z",
        "valid_time_utc": "2026-10-13T00:00:00Z",
        "lead_hours": 54,
        "segment": 3,
        "length_m": 31955.1
      },
      "geometry": {
        "type": "LineString",
        "coordinates": [
          [-117.7233, 39.98665],
          [-117.70681, 40.00443],
          [-117.69974, 40.01204],
          [-117.68325, 40.02981],
          [-117.67618, 40.03743],
          [-117.65967, 40.05519],
          [-117.6313, 40.05885],
          [-117.6081, 40.04621],
          [-117.60333, 40.0245],
          [-117.61984, 40.00673],
          [-117.62691, 39.99912],
          [-117.64341, 39.98135],
          [-117.65048, 39.97374],
          [-117.66697, 39.95597],
          [-117.69016, 39.9686],
          [-117.7001, 39.97402],
          [-117.7233, 39.98665]
        ]
      }
    },
    {
      "type": "Feature",
      "id": "2026101018_f054_07000_004",
      "properties": {
        "product_id": "winter_storm_levels",
        "source_id": "nbm_snow_level",
        "parameter": "snow_level",
        "definition": "height of the wet-bulb 0.5 degree C surface",
        "level_ft_msl": 7000,
        "label": "7,000 ft MSL",
        "unit": "ft_msl",
        "cycle_time_utc": "2026-10-10T18:00:00Z",
        "valid_time_utc": "2026-10-13T00:00:00Z",
        "lead_hours": 54,
        "segment": 4,
        "length_m": 21349.4
      },
      "geometry": {
        "type": "LineString",
        "coordinates": [
          [-118.1167, 35.64651],
          [-118.11202, 35.6244],
          [-118.10734, 35.60229],
          [-118.09777, 35.59679],
          [-118.09102, 35.60457],
          [-118.07525, 35.62271],
          [-118.06849, 35.63048],
          [-118.07317, 35.65259],
          [-118.07784, 35.6747],
          [-118.08741, 35.68019],
          [-118.09417, 35.67242],
          [-118.10994, 35.65428],
          [-118.1167, 35.64651]
        ]
      }
    },
    {
      "type": "Feature",
      "id": "2026101018_f054_07000_005",
      "properties": {
        "product_id": "winter_storm_levels",
        "source_id": "nbm_snow_level",
        "parameter": "snow_level",
        "definition": "height of the wet-bulb 0.5 degree C surface",
        "level_ft_msl": 7000,
        "label": "7,000 ft MSL",
        "unit": "ft_msl",
        "cycle_time_utc": "2026-10-10T18:00:00Z",
        "valid_time_utc": "2026-10-13T00:00:00Z",
        "lead_hours": 54,
        "segment": 5,
        "length_m": 3182994.2
      },
      "geometry": {
        "type": "LineString",
        "coordinates": [
          [-118.51133, 30.23883],
          [-118.50278, 30.24429],
          [-118.49569, 30.24883],
          [-118.47043, 30.25611],
          [-118.44608, 30.26786],
          [-118.42951, 30.27844],
          [-118.42309, 30.28634],
          [-118.39873, 30.29809],
          [-118.38214, 30.30866],
          [-118.37572, 30.31655],
          [-118.36071, 30.33496],
          [-118.3536, 30.33949],
          [-118.3299, 30.35459],
          [-118.32239, 30.36379],
          [-118.30844, 30.38088],
          [-118.30093, 30.39008],
          [-118.28698, 30.40717],
          [-118.27947, 30.41637],
          [-118.26551, 30.43346],
          [-118.25799, 30.44266],
          [-118.24402, 30.45974],
          [-118.22741, 30.47029],
          [-118.22028, 30.47482],
          [-118.19654, 30.48989],
          [-118.17991, 30.50044],
          [-118.17278, 30.50496],
          [-118.14955, 30.52264],
          [-118.14149, 30.52922],
          [-118.1275, 30.54629],
          [-118.11996, 30.55548],
          [-118.10597, 30.57254],
          [-118.09843, 30.58173],
          [-118.08859, 30.60625],
          [-118.08666, 30.61],
          [-118.06834, 30.63231],
          [-118.06577, 30.63961],
          [-118.05068, 30.65798],
          [-118.04421, 30.66585],
          [-118.02911, 30.68422],
          [-118.02967, 30.70719],
          [-118.0271, 30.71449],
          [-118.01199, 30.73286],
          [-118.03336, 30.74584],
          [-118.0373, 30.75218],
          [-118.04112, 30.77467],
          [-118.04521, 30.79712],
          [-118.04498, 30.80407],
          [-118.04203, 30.82064],
          [-118.03782, 30.84431],
          [-118.0336, 30.86799],
          [-118.03144, 30.87061],
          [-118.01198, 30.89422],
          [-118.00982, 30.89684],
          [-117.9867, 30.9156],
          [-117.97861, 30.92217],
          [-117.96358, 30.93436],
          [-117.94392, 30.9503],
          [-117.94045, 30.95311],
          [-117.91679, 30.96925],
          [-117.90007, 30.97976],
          [-117.8929, 30.98426],
          [-117.87449, 31.00654],
          [-117.8719, 31.01383],
          [-117.86587, 31.03083],
          [-117.86466, 31.05405],
          [-117.86628, 31.07685],
          [-117.8642, 31.10019],
          [-117.86357, 31.10719],
          [-117.85754, 31.12419],
          [-117.8476, 31.14867],
          [-117.84543, 31.15129],
          [-117.82589, 31.17486],
          [-117.82372, 31.17748],
          [-117.81006, 31.20019],
          [-117.80348, 31.21113],
          [-117.79117, 31.22596],
          [-117.78271, 31.24216],
          [-117.7751, 31.25132],
          [-117.76097, 31.26833],
          [-117.75336, 31.27749],
          [-117.73922, 31.29451],
          [-117.7316, 31.30366],
          [-117.72294, 31.32794],
          [-117.72034, 31.33522],
          [-117.7051, 31.35353],
          [-117.70429, 31.37667],
          [-117.70233, 31.3804],
          [-117.68381, 31.40264],
          [-117.68054, 31.40656],
          [-117.66202, 31.42879],
          [-117.65875, 31.43272],
          [-117.64021, 31.45494],
          [-117.63761, 31.46222],
          [-117.63152, 31.47921],
          [-117.62085, 31.50375],
          [-117.61955, 31.50739],
          [-117.61215, 31.52801],
          [-117.60344, 31.55226],
          [-117.60213, 31.5559],
          [-117.59101, 31.57705],
          [-117.58602, 31.60077],
          [-117.58471, 31.60441],
          [-117.57358, 31.62555],
          [-117.56506, 31.64172],
          [-117.56047, 31.65043],
          [-117.55613, 31.67405],
          [-117.5476, 31.69022],
          [-117.54302, 31.69892],
          [-117.53866, 31.72254],
          [-117.53014, 31.7387],
          [-117.52247, 31.74785],
          [-117.50824, 31.76482],
          [-117.50058, 31.77396],
          [-117.48634, 31.79093],
          [-117.47867, 31.80007],
          [-117.46443, 31.81704],
          [-117.45676, 31.82617],
          [-117.4425, 31.84314],
          [-117.43483, 31.85227],
          [-117.42057, 31.86924],
          [-117.41289, 31.87837],
          [-117.4028, 31.90278],
          [-117.40148, 31.90986],
          [-117.39534, 31.92682],
          [-117.38524, 31.95123],
          [-117.38392, 31.95831],
          [-117.37777, 31.97527],
          [-117.36349, 31.99222],
          [-117.3558, 32.00135],
          [-117.34151, 32.0183],
          [-117.32458, 32.02873],
          [-117.31799, 32.03655],
          [-117.30259, 32.0548],
          [-117.29599, 32.06262],
          [-117.28059, 32.08086],
          [-117.27398, 32.08868],
          [-117.26781, 32.10563],
          [-117.25898, 32.12984],
          [-117.25634, 32.1371],
          [-117.25016, 32.15404],
          [-117.24133, 32.17824],
          [-117.23868, 32.18551],
          [-117.23249, 32.20245],
          [-117.22365, 32.22665],
          [-117.221, 32.23391],
          [-117.21481, 32.25084],
          [-117.21918, 32.27319],
          [-117.2143, 32.29683],
          [-117.20768, 32.30465],
          [-117.19223, 32.32287],
          [-117.1966, 32.34522],
          [-117.18997, 32.35303],
          [-117.17451, 32.37125],
          [-117.17888, 32.3936],
          [-117.17225, 32.40141],
          [-117.16605, 32.41834],
          [-117.15718, 32.44252],
          [-117.15452, 32.44978],
          [-117.1483, 32.4667],
          [-117.15267, 32.48904],
          [-117.15704, 32.51138],
          [-117.15213, 32.53501],
          [-117.15253, 32.5579],
          [-117.1569, 32.58023],
          [-117.15423, 32.58748],
          [-117.14801, 32.6044],
          [-117.14664, 32.62753],
          [-117.1435, 32.65091],
          [-117.14083, 32.65816],
          [-117.1346, 32.67508],
          [-117.13897, 32.69741],
          [-117.12457, 32.71431],
          [-117.1199, 32.72298],
          [-117.10591, 32.74785],
          [-117.10458, 32.75147],
          [-117.09926, 32.7717],
          [-117.09832, 32.79476],
          [-117.09738, 32.81782],
          [-117.09683, 32.84082],
          [-117.09615, 32.84779],
          [-117.09301, 32.86427],
          [-117.07966, 32.88903],
          [-117.07733, 32.89107],
          [-117.05678, 32.91511],
          [-117.05511, 32.91706],
          [-117.03947, 32.94041],
          [-117.03397, 32.94862],
          [-117.02495, 32.96533],
          [-117.01391, 32.98575],
          [-117.01157, 32.99008],
          [-117.00117, 33.01442],
          [-117.00062, 33.03741],
          [-117.00214, 33.06011],
          [-117.00664, 33.0824],
          [-117.0068, 33.08925],
          [-117.00675, 33.10529],
          [-116.99779, 33.12943],
          [-116.99092, 33.14793],
          [-116.98883, 33.15356],
          [-116.9746, 33.17841],
          [-116.97154, 33.18876],
          [-116.96495, 33.20263],
          [-116.95331, 33.22712],
          [-116.95236, 33.23069],
          [-116.9334, 33.25274],
          [-116.9307, 33.25998],
          [-116.92908, 33.27623],
          [-116.91836, 33.30058],
          [-116.91844, 33.32346],
          [-116.94059, 33.34333],
          [-116.94758, 33.34639],
          [-116.97754, 33.35946],
          [-116.97987, 33.36086],
          [-117.00861, 33.37811],
          [-117.01054, 33.37956],
          [-117.02866, 33.39997],
          [-117.03304, 33.42226],
          [-117.02473, 33.44629],
          [-117.02272, 33.45],
          [-117.00373, 33.47204],
          [-117.00038, 33.47594],
          [-116.98138, 33.49798],
          [-116.98575, 33.52026],
          [-116.99013, 33.54255],
          [-116.99317, 33.56501],
          [-116.9918, 33.57206],
          [-116.98551, 33.58894],
          [-116.97651, 33.61304],
          [-116.9849, 33.63477],
          [-116.98928, 33.65705],
          [-117.01108, 33.67009],
          [-117.02042, 33.67567],
          [-117.01371, 33.68345],
          [-116.99804, 33.7016],
          [-116.99132, 33.70937],
          [-116.97564, 33.72751],
          [-116.96892, 33.73529],
          [-116.95324, 33.75343],
          [-116.94651, 33.7612],
          [-116.93082, 33.77933],
          [-116.92344, 33.78376],
          [-116.8973, 33.79074],
          [-116.88159, 33.80886],
          [-116.87486, 33.81663],
          [-116.86853, 33.83349],
          [-116.85949, 33.85757],
          [-116.85677, 33.86479],
          [-116.84105, 33.88291],
          [-116.83431, 33.89068],
          [-116.82797, 33.90753],
          [-116.81892, 33.9316],
          [-116.8162, 33.93882],
          [-116.80985, 33.95567],
          [-116.8223, 33.96999],
          [-116.83166, 33.97558],
          [-116.85147, 33.97825],
          [-116.87977, 33.98204],
          [-116.90708, 33.98083],
          [-116.93491, 33.98221],
          [-116.9434, 33.98334],
          [-116.96321, 33.98599],
          [-116.99199, 33.99218],
          [-117.01087, 33.99704],
          [-117.02129, 34.00096],
          [-117.05107, 34.01215],
          [-117.05554, 34.01383],
          [-117.08023, 34.02018],
          [-117.10917, 34.02709],
          [-117.13602, 34.02342],
          [-117.16139, 34.01234],
          [-117.18169, 33.99661],
          [-117.18527, 33.99383],
          [-117.20889, 33.97403],
          [-117.21751, 33.96885],
          [-117.2335, 33.95922],
          [-117.25837, 33.94571],
          [-117.28604, 33.94629],
          [-117.31498, 33.95316],
          [-117.31811, 33.95502],
          [-117.3239, 33.97708],
          [-117.33597, 33.99828],
          [-117.34043, 34.02052],
          [-117.33594, 34.044],
          [-117.3346, 34.05104],
          [-117.32833, 34.06791],
          [-117.32697, 34.09095],
          [-117.34599, 34.10775],
          [-117.35068, 34.11054],
          [-117.37732, 34.12629],
          [-117.38202, 34.12907],
          [-117.39052, 34.15075],
          [-117.38381, 34.15853],
          [-117.37753, 34.17539],
          [-117.36857, 34.19948],
          [-117.36588, 34.2067],
          [-117.36274, 34.22312],
          [-117.35064, 34.24764],
          [-117.34727, 34.25153],
          [-117.32821, 34.27356],
          [-117.32485, 34.27745],
          [-117.3134, 34.29843],
          [-117.30823, 34.32198],
          [-117.30688, 34.32559],
          [-117.29924, 34.34605],
          [-117.28719, 34.36521],
          [-117.28195, 34.37126],
          [-117.26846, 34.39594],
          [-117.26621, 34.39853],
          [-117.24173, 34.41443],
          [-117.21532, 34.4207],
          [-117.18786, 34.42178],
          [-117.1587, 34.41433],
          [-117.15399, 34.41155],
          [-117.12732, 34.39577],
          [-117.11858, 34.39353],
          [-117.09895, 34.3922],
          [-117.07175, 34.39456],
          [-117.04397, 34.39395],
          [-117.01593, 34.39204],
          [-116.99699, 34.38718],
          [-116.98679, 34.38456],
          [-116.95666, 34.37208],
          [-116.95352, 34.37022],
          [-116.92632, 34.35848],
          [-116.89829, 34.35655],
          [-116.87146, 34.36072],
          [-116.85116, 34.38399],
          [-116.85554, 34.40622],
          [-116.86127, 34.42827],
          [-116.86566, 34.4505],
          [-116.87004, 34.47273],
          [-116.86732, 34.47994],
          [-116.86095, 34.49676],
          [-116.87346, 34.51105],
          [-116.88287, 34.51664],
          [-116.90329, 34.52188],
          [-116.93246, 34.52937],
          [-116.95943, 34.52574],
          [-116.9864, 34.5221],
          [-117.01337, 34.51847],
          [-117.04034, 34.51482],
          [-117.0673, 34.51118],
          [-117.07606, 34.51342],
          [-117.09804, 34.52641],
          [-117.10746, 34.53198],
          [-117.12789, 34.5372],
          [-117.15708, 34.54464],
          [-117.18427, 34.54209],
          [-117.21124, 34.53842],
          [-117.23672, 34.52734],
          [-117.26219, 34.51626],
          [-117.28002, 34.5085],
          [-117.28766, 34.50517],
          [-117.29619, 34.50629],
          [-117.31663, 34.51148],
          [-117.33122, 34.52432],
          [-117.33952, 34.546],
          [-117.34019, 34.56874],
          [-117.33141, 34.58477],
          [-117.32669, 34.5934],
          [-117.31318, 34.61807],
          [-117.31116, 34.62177],
          [-117.29203, 34.64378],
          [-117.28843, 34.64655],
          [-117.26816, 34.66984],
          [-117.26591, 34.67243],
          [-117.24564, 34.69573],
          [-117.24361, 34.69942],
          [-117.22445, 34.72142],
          [-117.22107, 34.7253],
          [-117.19681, 34.74266],
          [-117.18839, 34.74912],
          [-117.17373, 34.76593],
          [-117.14748, 34.77348],
          [-117.12934, 34.77992],
          [-117.12257, 34.78768],
          [-117.0971, 34.7991],
          [-117.07006, 34.80275],
          [-117.04303, 34.80639],
          [-117.02565, 34.81671],
          [-117.04768, 34.8297],
          [-117.07473, 34.82606],
          [-117.10177, 34.82241],
          [-117.1288, 34.81876],
          [-117.15584, 34.8151],
          [-117.18287, 34.81144],
          [-117.20991, 34.80777],
          [-117.23694, 34.8041],
          [-117.26464, 34.80375],
          [-117.29167, 34.80007],
          [-117.31869, 34.79639],
          [-117.34504, 34.78937],
          [-117.37206, 34.78568],
          [-117.38783, 34.76755],
          [-117.39526, 34.76311],
          [-117.42159, 34.75608],
          [-117.43105, 34.76163],
          [-117.43556, 34.78382],
          [-117.42881, 34.79159],
          [-117.41305, 34.80971],
          [-117.41756, 34.8319],
          [-117.4108, 34.83967],
          [-117.4045, 34.8565],
          [-117.39954, 34.87998],
          [-117.40405, 34.90216],
          [-117.40451, 34.9249],
          [-117.40902, 34.94708],
          [-117.4212, 34.96821],
          [-117.43474, 34.98915],
          [-117.44422, 35.00381],
          [-117.44964, 35.00991],
          [-117.4765, 35.0256],
          [-117.48531, 35.02781],
          [-117.50532, 35.03039],
          [-117.53239, 35.02667],
          [-117.55028, 35.01889],
          [-117.55795, 35.01556],
          [-117.5835, 35.00444],
          [-117.60958, 34.99591],
          [-117.63665, 34.99218],
          [-117.66371, 34.98844],
          [-117.68105, 34.97806],
          [-117.6878, 34.97028],
          [-117.69728, 34.97581],
          [-117.71943, 34.98871],
          [-117.72892, 34.99423],
          [-117.7335, 35.0164],
          [-117.74755, 35.03725],
          [-117.76024, 35.05145],
          [-117.76432, 35.05772],
          [-117.76891, 35.07988],
          [-117.78253, 35.10079],
          [-117.78713, 35.12295],
          [-117.7976, 35.14429],
          [-117.80536, 35.166],
          [-117.8149, 35.18063],
          [-117.81832, 35.18699],
          [-117.82252, 35.2092],
          [-117.82227, 35.21607],
          [-117.82076, 35.23223],
          [-117.82378, 35.2546],
          [-117.82319, 35.27747],
          [-117.82102, 35.30055],
          [-117.8152, 35.31617],
          [-117.81048, 35.32479],
          [-117.79321, 35.34465],
          [-117.78795, 35.35069],
          [-117.77066, 35.37055],
          [-117.75273, 35.37834],
          [-117.74505, 35.38168],
          [-117.71942, 35.39281],
          [-117.69326, 35.40134],
          [-117.67585, 35.41171],
          [-117.66839, 35.41615],
          [-117.64919, 35.43814],
          [-117.64558, 35.44092],
          [-117.62092, 35.45682],
          [-117.61301, 35.46588],
          [-117.59831, 35.48269],
          [-117.5904, 35.49174],
          [-117.58002, 35.51592],
          [-117.57867, 35.52293],
          [-117.57235, 35.53972],
          [-117.57103, 35.56266],
          [-117.5756, 35.58479],
          [-117.58018, 35.60692],
          [-117.58861, 35.62852],
          [-117.59006, 35.65107],
          [-117.58801, 35.6741],
          [-117.58509, 35.68928],
          [-117.58192, 35.69767],
          [-117.57111, 35.72189],
          [-117.56551, 35.73005],
          [-117.55021, 35.74748],
          [-117.54334, 35.75827],
          [-117.53048, 35.77291],
          [-117.52164, 35.78889],
          [-117.51688, 35.7975],
          [-117.50941, 35.82125],
          [-117.50784, 35.84419],
          [-117.51241, 35.8663],
          [-117.51698, 35.88841],
          [-117.52292, 35.91033],
          [-117.53523, 35.93138],
          [-117.54573, 35.95268],
          [-117.55031, 35.97478],
          [-117.5549, 35.99688],
          [-117.55949, 36.01897],
          [-117.56408, 36.04107],
          [-117.56867, 36.06316],
          [-117.56369, 36.08655],
          [-117.56829, 36.10864],
          [-117.57288, 36.13073],
          [-117.56605, 36.13846],
          [-117.55012, 36.15652],
          [-117.5433, 36.16426],
          [-117.52736, 36.18231],
          [-117.52053, 36.19005],
          [-117.50458, 36.20809],
          [-117.50917, 36.23017],
          [-117.53154, 36.24304],
          [-117.55892, 36.23933],
          [-117.58629, 36.23562],
          [-117.60222, 36.21757],
          [-117.60905, 36.20983],
          [-117.62498, 36.19177],
          [-117.62037, 36.16969],
          [-117.61577, 36.14761],
          [-117.62259, 36.13987],
          [-117.64993, 36.13615],
          [-117.67728, 36.13242],
          [-117.70462, 36.12869],
          [-117.73196, 36.12495],
          [-117.75929, 36.12121],
          [-117.77518, 36.10314],
          [-117.77465, 36.08049],
          [-117.77736, 36.0733],
          [-117.78368, 36.05653],
          [-117.7927, 36.03257],
          [-117.7961, 36.0287],
          [-117.81537, 36.00673],
          [-117.81877, 36.00286],
          [-117.84538, 35.99579],
          [-117.86124, 35.97769],
          [-117.86803, 35.96994],
          [-117.87433, 35.95316],
          [-117.88332, 35.92918],
          [-117.88672, 35.9253],
          [-117.91167, 35.91049],
          [-117.91959, 35.90144],
          [-117.93429, 35.88462],
          [-117.95175, 35.87425],
          [-117.95853, 35.86648],
          [-117.97435, 35.84837],
          [-117.98113, 35.84061],
          [-117.99694, 35.82249],
          [-118.00372, 35.81472],
          [-118.03097, 35.81094],
          [-118.04677, 35.79281],
          [-118.05354, 35.78504],
          [-118.06933, 35.76692],
          [-118.0761, 35.75915],
          [-118.08568, 35.76464],
          [-118.10802, 35.77745],
          [-118.13526, 35.77364],
          [-118.14484, 35.77913],
          [-118.16555, 35.78419],
          [-118.19444, 35.78811],
          [-118.22003, 35.77656],
          [-118.24726, 35.77273],
          [-118.27614, 35.77664],
          [-118.30409, 35.77612],
          [-118.33132, 35.77228],
          [-118.3402, 35.77444],
          [-118.36092, 35.77949],
          [-118.37832, 35.76906],
          [-118.38577, 35.76459],
          [-118.41229, 35.75743],
          [-118.43951, 35.75357],
          [-118.46744, 35.75303],
          [-118.47632, 35.75518],
          [-118.48109, 35.77727],
          [-118.47435, 35.78505],
          [-118.45862, 35.80322],
          [-118.45188, 35.811],
          [-118.44567, 35.82781],
          [-118.43106, 35.84468],
          [-118.42636, 35.8533],
          [-118.43112, 35.87539],
          [-118.42679, 35.89875],
          [-118.43746, 35.92],
          [-118.44222, 35.94208],
          [-118.44698, 35.96415],
          [-118.45175, 35.98623],
          [-118.45652, 36.0083],
          [-118.46941, 36.0224],
          [-118.47902, 36.02786],
          [-118.4838, 36.04993],
          [-118.47704, 36.05771],
          [-118.46128, 36.07585],
          [-118.45452, 36.08363],
          [-118.43874, 36.10177],
          [-118.43198, 36.10955],
          [-118.4162, 36.12769],
          [-118.40943, 36.13546],
          [-118.39364, 36.1536],
          [-118.4161, 36.16635],
          [-118.42573, 36.17181],
          [-118.4482, 36.18455],
          [-118.47553, 36.1807],
          [-118.49131, 36.16256],
          [-118.49807, 36.15478],
          [-118.51384, 36.13663],
          [-118.50906, 36.11457],
          [-118.50428, 36.09251],
          [-118.4995, 36.07045],
          [-118.50625, 36.06267],
          [-118.52201, 36.04452],
          [-118.52876, 36.03674],
          [-118.55605, 36.03287],
          [-118.56567, 36.03832],
          [-118.58813, 36.05106],
          [-118.59776, 36.05651],
          [-118.60256, 36.07857],
          [-118.59581, 36.08636],
          [-118.58005, 36.10451],
          [-118.58076, 36.12715],
          [-118.5781, 36.13435],
          [-118.56234, 36.1525],
          [-118.55558, 36.16028],
          [-118.53981, 36.17843],
          [-118.54461, 36.20048],
          [-118.5494, 36.22254],
          [-118.5719, 36.23526],
          [-118.58154, 36.24071],
          [-118.60236, 36.24572],
          [-118.6321, 36.25286],
          [-118.64102, 36.255],
          [-118.66354, 36.26772],
          [-118.66908, 36.27375],
          [-118.68758, 36.29384],
          [-118.70053, 36.30791],
          [-118.70472, 36.31413],
          [-118.71867, 36.33487],
          [-118.73263, 36.35561],
          [-118.7424, 36.37013],
          [-118.74659, 36.37635],
          [-118.7528, 36.39818],
          [-118.75015, 36.40538],
          [-118.74396, 36.42216],
          [-118.73922, 36.44556],
          [-118.73246, 36.45333],
          [-118.72626, 36.47012],
          [-118.72152, 36.4935],
          [-118.72225, 36.51611],
          [-118.7271, 36.53813],
          [-118.73606, 36.55957],
          [-118.75864, 36.57225],
          [-118.76421, 36.57827],
          [-118.78278, 36.59834],
          [-118.79578, 36.61238],
          [-118.80135, 36.6184],
          [-118.80622, 36.64041],
          [-118.81108, 36.66242],
          [-118.81458, 36.68462],
          [-118.82083, 36.70643],
          [-118.8257, 36.72843],
          [-118.83469, 36.74985],
          [-118.83957, 36.77185],
          [-118.84445, 36.79384],
          [-118.84933, 36.81584],
          [-118.86384, 36.83646],
          [-118.87688, 36.85049],
          [-118.88247, 36.8565],
          [-118.90431, 36.87607],
          [-118.91415, 36.89055],
          [-118.91975, 36.89655],
          [-118.9384, 36.91658],
          [-118.95145, 36.93059],
          [-118.95705, 36.9366],
          [-118.96609, 36.95799],
          [-118.98879, 36.97062],
          [-118.99851, 36.97604],
          [-119.01307, 36.99664],
          [-119.02614, 37.01064],
          [-119.03175, 37.01664],
          [-119.03668, 37.03861],
          [-119.04941, 37.05946],
          [-119.05435, 37.08143],
          [-119.06525, 37.10254],
          [-119.07341, 37.12404],
          [-119.0833, 37.13849],
          [-119.08891, 37.14449],
          [-119.09799, 37.16586],
          [-119.10294, 37.18781],
          [-119.1257, 37.20042],
          [-119.13546, 37.20582],
          [-119.14042, 37.22777],
          [-119.16319, 37.24037],
          [-119.17295, 37.24577],
          [-119.19573, 37.25836],
          [-119.20136, 37.26435],
          [-119.22013, 37.28431],
          [-119.23327, 37.29828],
          [-119.2389, 37.30427],
          [-119.24388, 37.32621],
          [-119.24124, 37.33339],
          [-119.23508, 37.35013],
          [-119.22038, 37.36696],
          [-119.21246, 37.37603],
          [-119.20364, 37.39994],
          [-119.20099, 37.40711],
          [-119.19482, 37.42385],
          [-119.1998, 37.44578],
          [-119.19511, 37.46909],
          [-119.2001, 37.49102],
          [-119.20508, 37.51294],
          [-119.22792, 37.52552],
          [-119.23772, 37.5309],
          [-119.26056, 37.54347],
          [-119.28645, 37.53184],
          [-119.31409, 37.52786],
          [-119.34173, 37.52389],
          [-119.36936, 37.51991],
          [-119.397, 37.51592],
          [-119.41458, 37.50546],
          [-119.42136, 37.49769],
          [-119.44722, 37.48602],
          [-119.4766, 37.4897],
          [-119.50498, 37.48898],
          [-119.50988, 37.49167],
          [-119.52874, 37.51158],
          [-119.54195, 37.52551],
          [-119.54761, 37.53149],
          [-119.56649, 37.55139],
          [-119.57971, 37.56532],
          [-119.58537, 37.57129],
          [-119.61318, 37.58649],
          [-119.6167, 37.58938],
          [-119.62316, 37.61108],
          [-119.63608, 37.63184],
          [-119.64116, 37.65374],
          [-119.65223, 37.67476],
          [-119.65732, 37.69665],
          [-119.67057, 37.71057],
          [-119.6804, 37.71593],
          [-119.70334, 37.72843],
          [-119.70902, 37.73439],
          [-119.71412, 37.75628],
          [-119.71922, 37.77816],
          [-119.73218, 37.7989],
          [-119.72944, 37.82192],
          [-119.73455, 37.8438],
          [-119.73966, 37.86568],
          [-119.73704, 37.87284],
          [-119.72122, 37.89098],
          [-119.71444, 37.89875],
          [-119.69861, 37.91688],
          [-119.70372, 37.93875],
          [-119.69693, 37.94652],
          [-119.68109, 37.96465],
          [-119.6862, 37.98652],
          [-119.69131, 38.00838],
          [-119.71431, 38.02086],
          [-119.72417, 38.02621],
          [-119.72929, 38.04807],
          [-119.7523, 38.06055],
          [-119.78006, 38.05651],
          [-119.80782, 38.05247],
          [-119.83557, 38.04842],
          [-119.86152, 38.03672],
          [-119.88927, 38.03267],
          [-119.90689, 38.02217],
          [-119.91444, 38.01768],
          [-119.94218, 38.01361],
          [-119.95127, 38.01567],
          [-119.9725, 38.02047],
          [-120.00205, 38.02405],
          [-120.01192, 38.02938],
          [-120.03497, 38.04182],
          [-120.04069, 38.04776],
          [-120.05003, 38.069],
          [-120.05522, 38.09084],
          [-120.06041, 38.11268],
          [-120.0656, 38.13453],
          [-120.05883, 38.1423],
          [-120.05274, 38.15902],
          [-120.04821, 38.18228],
          [-120.0713, 38.19471],
          [-120.08119, 38.20003],
          [-120.10428, 38.21246],
          [-120.11418, 38.21778],
          [-120.13727, 38.23019],
          [-120.14718, 38.23551],
          [-120.17028, 38.24792],
          [-120.18019, 38.25324],
          [-120.18541, 38.27507],
          [-120.20853, 38.28747],
          [-120.21844, 38.29278],
          [-120.22367, 38.3146],
          [-120.2289, 38.33642],
          [-120.23414, 38.35823],
          [-120.23938, 38.38005],
          [-120.23261, 38.38782],
          [-120.21679, 38.40596],
          [-120.22203, 38.42777],
          [-120.21525, 38.43554],
          [-120.19943, 38.45368],
          [-120.20467, 38.47548],
          [-120.22783, 38.48787],
          [-120.23776, 38.49318],
          [-120.26093, 38.50557],
          [-120.28957, 38.50473],
          [-120.31664, 38.49734],
          [-120.34449, 38.49322],
          [-120.37234, 38.48909],
          [-120.40018, 38.48496],
          [-120.42803, 38.48083],
          [-120.45587, 38.47669],
          [-120.48371, 38.47255],
          [-120.51154, 38.4684],
          [-120.52149, 38.47369],
          [-120.52679, 38.49548],
          [-120.5321, 38.51727],
          [-120.53741, 38.53906],
          [-120.54272, 38.56085],
          [-120.53595, 38.56863],
          [-120.52016, 38.58678],
          [-120.51339, 38.59456],
          [-120.4976, 38.61271],
          [-120.50291, 38.63449],
          [-120.49613, 38.64227],
          [-120.48033, 38.66041],
          [-120.48563, 38.68219],
          [-120.49094, 38.70396],
          [-120.49625, 38.72573],
          [-120.50156, 38.7475],
          [-120.49478, 38.75527],
          [-120.47896, 38.77341],
          [-120.48427, 38.79517],
          [-120.48958, 38.81694],
          [-120.50467, 38.83725],
          [-120.51817, 38.85103],
          [-120.52815, 38.85631],
          [-120.55144, 38.86863],
          [-120.56142, 38.87391],
          [-120.58471, 38.88623],
          [-120.5947, 38.89151],
          [-120.58791, 38.89928],
          [-120.55997, 38.90344],
          [-120.53202, 38.90758],
          [-120.51618, 38.92571],
          [-120.5215, 38.94746],
          [-120.54481, 38.95978],
          [-120.5548, 38.96506],
          [-120.56013, 38.9868],
          [-120.55334, 38.99457],
          [-120.53749, 39.01269],
          [-120.54283, 39.03443],
          [-120.54816, 39.05616],
          [-120.5715, 39.06847],
          [-120.59949, 39.06432],
          [-120.60949, 39.0696],
          [-120.63283, 39.0819],
          [-120.64284, 39.08717],
          [-120.66619, 39.09947],
          [-120.69418, 39.0953],
          [-120.70419, 39.10057],
          [-120.72755, 39.11286],
          [-120.73757, 39.11812],
          [-120.74295, 39.13984],
          [-120.74833, 39.16156],
          [-120.74154, 39.16933],
          [-120.71353, 39.1735],
          [-120.69768, 39.19162],
          [-120.69089, 39.19939],
          [-120.67503, 39.2175],
          [-120.69842, 39.22979],
          [-120.70844, 39.23505],
          [-120.73183, 39.24733],
          [-120.75986, 39.24316],
          [-120.76989, 39.24842],
          [-120.79329, 39.26069],
          [-120.82132, 39.2565],
          [-120.84935, 39.25232],
          [-120.87549, 39.24053],
          [-120.89321, 39.22999],
          [-120.89999, 39.22222],
          [-120.92801, 39.21802],
          [-120.95603, 39.21382],
          [-120.96606, 39.21907],
          [-120.98948, 39.23131],
          [-120.99952, 39.23656],
          [-121.00496, 39.25826],
          [-121.0062, 39.28059],
          [-121.00362, 39.28773],
          [-120.98781, 39.30587],
          [-120.99325, 39.32756],
          [-120.98647, 39.33533],
          [-120.97065, 39.35346],
          [-120.96386, 39.36123],
          [-120.93581, 39.36544],
          [-120.91997, 39.38356],
          [-120.91318, 39.39133],
          [-120.89733, 39.40945],
          [-120.89054, 39.41721],
          [-120.87468, 39.43532],
          [-120.89814, 39.44757],
          [-120.90819, 39.45282],
          [-120.91362, 39.4745],
          [-120.90683, 39.48226],
          [-120.89097, 39.50037],
          [-120.88417, 39.50813],
          [-120.8683, 39.52624],
          [-120.86149, 39.534],
          [-120.83339, 39.53818],
          [-120.80718, 39.54995],
          [-120.77717, 39.54653],
          [-120.74824, 39.54745],
          [-120.739, 39.54545],
          [-120.71743, 39.54078],
          [-120.68743, 39.53735],
          [-120.67738, 39.53209],
          [-120.65393, 39.51982],
          [-120.64388, 39.51456],
          [-120.62867, 39.49433],
          [-120.61507, 39.4806],
          [-120.60503, 39.47534],
          [-120.5816, 39.46305],
          [-120.5535, 39.46719],
          [-120.54346, 39.46193],
          [-120.52005, 39.44963],
          [-120.50412, 39.46771],
          [-120.4973, 39.47546],
          [-120.48137, 39.49353],
          [-120.47454, 39.50128],
          [-120.4586, 39.51935],
          [-120.45177, 39.52709],
          [-120.44173, 39.52182],
          [-120.41831, 39.50952],
          [-120.40828, 39.50425],
          [-120.38487, 39.49194],
          [-120.37905, 39.48605],
          [-120.35063, 39.47109],
          [-120.34562, 39.46846],
          [-120.33609, 39.44737],
          [-120.3127, 39.43505],
          [-120.30268, 39.42977],
          [-120.28754, 39.4095],
          [-120.274, 39.39574],
          [-120.26398, 39.39045],
          [-120.25869, 39.36874],
          [-120.25339, 39.34703],
          [-120.2481, 39.32531],
          [-120.22475, 39.31297],
          [-120.21474, 39.30768],
          [-120.1914, 39.29534],
          [-120.1814, 39.29005],
          [-120.15806, 39.2777],
          [-120.14806, 39.2724],
          [-120.12474, 39.26005],
          [-120.11474, 39.25475],
          [-120.09142, 39.24239],
          [-120.08143, 39.23709],
          [-120.05812, 39.22472],
          [-120.04813, 39.21942],
          [-120.02482, 39.20705],
          [-120.01904, 39.20114],
          [-120.00189, 39.18113],
          [-119.98965, 39.1604],
          [-119.98108, 39.14589],
          [-119.97741, 39.13967],
          [-119.9528, 39.12073],
          [-119.94444, 39.11406],
          [-119.92283, 39.10255],
          [-119.9112, 39.09635],
          [-119.88135, 39.09278],
          [-119.86537, 39.11083],
          [-119.88039, 39.13117],
          [-119.88349, 39.15322],
          [-119.88869, 39.17496],
          [-119.88993, 39.19728],
          [-119.88579, 39.22036],
          [-119.88454, 39.22728],
          [-119.86854, 39.24532],
          [-119.86168, 39.25305],
          [-119.83283, 39.25382],
          [-119.82363, 39.25177],
          [-119.80035, 39.23937],
          [-119.7715, 39.24013],
          [-119.7623, 39.23807],
          [-119.73903, 39.22566],
          [-119.72905, 39.22034],
          [-119.72388, 39.1986],
          [-119.70062, 39.18618],
          [-119.69486, 39.18026],
          [-119.68969, 39.15851],
          [-119.68032, 39.13736],
          [-119.67516, 39.11561],
          [-119.65192, 39.10318],
          [-119.62388, 39.10718],
          [-119.59507, 39.10791],
          [-119.5678, 39.11516],
          [-119.55176, 39.13318],
          [-119.54412, 39.13764],
          [-119.51863, 39.1525],
          [-119.50079, 39.16289],
          [-119.49391, 39.17061],
          [-119.47785, 39.18862],
          [-119.47097, 39.19634],
          [-119.46101, 39.191],
          [-119.43778, 39.17855],
          [-119.42783, 39.17321],
          [-119.42272, 39.15146],
          [-119.41761, 39.1297],
          [-119.4125, 39.10793],
          [-119.4074, 39.08617],
          [-119.40229, 39.0644],
          [-119.38738, 39.04402],
          [-119.374, 39.03016],
          [-119.34598, 39.03412],
          [-119.33604, 39.02877],
          [-119.33096, 39.007],
          [-119.30778, 38.99452],
          [-119.30206, 38.98857],
          [-119.29278, 38.96739],
          [-119.2779, 38.94698],
          [-119.26455, 38.93311],
          [-119.25883, 38.92717],
          [-119.24957, 38.90597],
          [-119.22642, 38.89348],
          [-119.22071, 38.88753],
          [-119.19262, 38.87235],
          [-119.18346, 38.87026],
          [-119.16034, 38.85775],
          [-119.15043, 38.85239],
          [-119.12731, 38.83988],
          [-119.09932, 38.8438],
          [-119.07133, 38.84771],
          [-119.06143, 38.84234],
          [-119.03833, 38.82982],
          [-119.01034, 38.83372],
          [-119.00044, 38.82835],
          [-118.97734, 38.81582],
          [-118.94936, 38.81971],
          [-118.93326, 38.8377],
          [-118.92636, 38.84541],
          [-118.89836, 38.84929],
          [-118.87036, 38.85318],
          [-118.86047, 38.8478],
          [-118.83739, 38.83525],
          [-118.8317, 38.82929],
          [-118.81273, 38.80941],
          [-118.8012, 38.80313],
          [-118.77978, 38.79147],
          [-118.77482, 38.76965],
          [-118.76156, 38.75573],
          [-118.75168, 38.75035],
          [-118.74673, 38.72853],
          [-118.74178, 38.7067],
          [-118.71874, 38.69413],
          [-118.70262, 38.71211],
          [-118.69571, 38.71981],
          [-118.68938, 38.73643],
          [-118.68453, 38.7596],
          [-118.67761, 38.7673],
          [-118.66148, 38.78527],
          [-118.65456, 38.79297],
          [-118.63842, 38.81093],
          [-118.63915, 38.83332],
          [-118.63643, 38.84044],
          [-118.60842, 38.84428],
          [-118.59226, 38.86224],
          [-118.5846, 38.86666],
          [-118.55732, 38.87376],
          [-118.5293, 38.87759],
          [-118.50128, 38.88141],
          [-118.4851, 38.89935],
          [-118.47816, 38.90704],
          [-118.46197, 38.92498],
          [-118.46687, 38.94678],
          [-118.45993, 38.95447],
          [-118.44373, 38.9724],
          [-118.43679, 38.98009],
          [-118.40874, 38.98389],
          [-118.38068, 38.98769],
          [-118.3708, 38.98229],
          [-118.34946, 38.97731],
          [-118.3214, 38.9811],
          [-118.30347, 38.99139],
          [-118.29554, 38.9947],
          [-118.26772, 38.99958],
          [-118.24209, 39.01426],
          [-118.22415, 39.02453],
          [-118.21645, 39.02893],
          [-118.19081, 39.04361],
          [-118.17285, 39.05387],
          [-118.16515, 39.05827],
          [-118.13949, 39.07293],
          [-118.13136, 39.08188],
          [-118.12215, 39.10556],
          [-118.12558, 39.12755],
          [-118.13979, 39.14809],
          [-118.14089, 39.17039],
          [-118.13318, 39.17478],
          [-118.10507, 39.17854],
          [-118.07671, 39.1812],
          [-118.07201, 39.17958],
          [-118.04401, 39.16423],
          [-118.03485, 39.16209],
          [-118.01349, 39.15707],
          [-117.99209, 39.14533],
          [-117.98056, 39.13901],
          [-117.95077, 39.1351],
          [-117.92434, 39.14646],
          [-117.91618, 39.15539],
          [-117.90692, 39.17905],
          [-117.90414, 39.18615],
          [-117.89766, 39.20271],
          [-117.90245, 39.22451],
          [-117.91566, 39.23846],
          [-117.92554, 39.24388],
          [-117.94861, 39.25653],
          [-117.95849, 39.26195],
          [-117.98156, 39.27459],
          [-117.98723, 39.28057],
          [-117.99627, 39.30179],
          [-118.00109, 39.32358],
          [-117.99409, 39.33123],
          [-117.96593, 39.33496],
          [-117.93777, 39.33868],
          [-117.90961, 39.3424],
          [-117.89325, 39.36025],
          [-117.88552, 39.36463],
          [-117.86565, 39.38629],
          [-117.86214, 39.39012],
          [-117.84226, 39.41178],
          [-117.83948, 39.41887],
          [-117.83296, 39.43541],
          [-117.82789, 39.45847],
          [-117.82087, 39.46612],
          [-117.80448, 39.48394],
          [-117.79745, 39.49158],
          [-117.78105, 39.50941],
          [-117.77403, 39.51705],
          [-117.75762, 39.53487],
          [-117.7624, 39.55663],
          [-117.75537, 39.56427],
          [-117.73895, 39.58208],
          [-117.74374, 39.60384],
          [-117.74428, 39.62615],
          [-117.74148, 39.63323],
          [-117.72505, 39.65104],
          [-117.7256, 39.67334],
          [-117.72279, 39.68042],
          [-117.70635, 39.69822],
          [-117.6993, 39.70585],
          [-117.68939, 39.70043],
          [-117.66626, 39.68777],
          [-117.65635, 39.68235],
          [-117.63323, 39.66969],
          [-117.62332, 39.66426],
          [-117.61856, 39.6425],
          [-117.6138, 39.62074],
          [-117.60905, 39.59898],
          [-117.6161, 39.59135],
          [-117.63253, 39.57355],
          [-117.60944, 39.56088],
          [-117.5812, 39.56454],
          [-117.56476, 39.58234],
          [-117.55771, 39.58997],
          [-117.54126, 39.60776],
          [-117.5342, 39.61538],
          [-117.51774, 39.63317],
          [-117.52248, 39.65493],
          [-117.52722, 39.67669],
          [-117.53196, 39.69845],
          [-117.5466, 39.71893],
          [-117.55816, 39.72526],
          [-117.57964, 39.73702],
          [-117.59286, 39.75097],
          [-117.60278, 39.75639],
          [-117.62425, 39.76144],
          [-117.6542, 39.76539],
          [-117.68249, 39.76172],
          [-117.69241, 39.76714],
          [-117.71556, 39.77978],
          [-117.72548, 39.7852],
          [-117.74018, 39.80565],
          [-117.75344, 39.81958],
          [-117.76336, 39.825],
          [-117.76816, 39.84673],
          [-117.77296, 39.86846],
          [-117.77776, 39.89019],
          [-117.78257, 39.91192],
          [-117.80576, 39.92454],
          [-117.8157, 39.92995],
          [-117.82052, 39.95168],
          [-117.81346, 39.9593],
          [-117.79699, 39.97708],
          [-117.8018, 39.9988],
          [-117.79474, 40.00642],
          [-117.76639, 40.0101],
          [-117.74991, 40.02788],
          [-117.74284, 40.0355],
          [-117.72635, 40.05327],
          [-117.71928, 40.06088],
          [-117.70278, 40.07865],
          [-117.69571, 40.08626],
          [-117.66733, 40.08993],
          [-117.65082, 40.10769],
          [-117.64374, 40.1153],
          [-117.63715, 40.13177],
          [-117.632, 40.15476],
          [-117.63253, 40.17701],
          [-117.6297, 40.18407],
          [-117.61317, 40.20181],
          [-117.61369, 40.22406],
          [-117.61847, 40.24575],
          [-117.61564, 40.25281],
          [-117.60905, 40.26927],
          [-117.61383, 40.29096],
          [-117.6044, 40.31447],
          [-117.60157, 40.32153],
          [-117.59828, 40.33756],
          [-117.59359, 40.36045],
          [-117.58437, 40.37613],
          [-117.57608, 40.38499],
          [-117.56069, 40.40145],
          [-117.54243, 40.41158],
          [-117.53461, 40.41592],
          [-117.50685, 40.42281],
          [-117.47838, 40.42644],
          [-117.4499, 40.43006],
          [-117.42142, 40.43369],
          [-117.40481, 40.45139],
          [-117.40956, 40.47306],
          [-117.40244, 40.48065],
          [-117.38582, 40.49835],
          [-117.37869, 40.50593],
          [-117.36206, 40.52363],
          [-117.36681, 40.5453],
          [-117.37156, 40.56696],
          [-117.37631, 40.58862],
          [-117.38106, 40.61028],
          [-117.37393, 40.61786],
          [-117.35728, 40.63555],
          [-117.36203, 40.6572],
          [-117.35489, 40.66478],
          [-117.33823, 40.68246],
          [-117.33109, 40.69003],
          [-117.31442, 40.70771],
          [-117.31917, 40.72935],
          [-117.31202, 40.73693],
          [-117.29534, 40.75459],
          [-117.30008, 40.77624],
          [-117.29293, 40.78381],
          [-117.27624, 40.80147],
          [-117.26909, 40.80903],
          [-117.25239, 40.82669],
          [-117.24523, 40.83426],
          [-117.22852, 40.85191],
          [-117.23326, 40.87354],
          [-117.2261, 40.8811],
          [-117.20938, 40.89875],
          [-117.20221, 40.90631],
          [-117.18549, 40.92395],
          [-117.17832, 40.93151],
          [-117.16158, 40.94915],
          [-117.16631, 40.97077],
          [-117.15913, 40.97833],
          [-117.14239, 40.99596],
          [-117.13521, 41.00351],
          [-117.11846, 41.02114],
          [-117.11127, 41.02869],
          [-117.10454, 41.04507],
          [-117.09923, 41.06793],
          [-117.09964, 41.09007],
          [-117.09676, 41.09709],
          [-117.09002, 41.11346],
          [-117.09473, 41.13506],
          [-117.10808, 41.14894],
          [-117.1138, 41.15489],
          [-117.12283, 41.17596],
          [-117.12755, 41.19756],
          [-117.13228, 41.21915],
          [-117.13701, 41.24075],
          [-117.14174, 41.26234],
          [-117.16516, 41.27496],
          [-117.1752, 41.28036],
          [-117.17994, 41.30195],
          [-117.20338, 41.31456],
          [-117.21342, 41.31996],
          [-117.20622, 41.32751],
          [-117.18943, 41.34511],
          [-117.19418, 41.36669],
          [-117.19893, 41.38826],
          [-117.19173, 41.3958],
          [-117.17492, 41.41339],
          [-117.17967, 41.43496],
          [-117.17246, 41.4425],
          [-117.14369, 41.44606],
          [-117.12687, 41.46364],
          [-117.11965, 41.47117],
          [-117.10282, 41.48875],
          [-117.0956, 41.49629],
          [-117.07876, 41.51386],
          [-117.07154, 41.52139],
          [-117.04275, 41.52493],
          [-117.02589, 41.5425],
          [-117.01867, 41.55002],
          [-117.00861, 41.54462],
          [-116.98515, 41.53199],
          [-116.97509, 41.52658],
          [-116.95164, 41.51396],
          [-116.92284, 41.51748],
          [-116.89404, 41.52099],
          [-116.87716, 41.53854],
          [-116.86922, 41.54283],
          [-116.84275, 41.55712],
          [-116.82422, 41.56712],
          [-116.81698, 41.57464],
          [-116.81016, 41.59095],
          [-116.80475, 41.61373],
          [-116.80943, 41.63529],
          [-116.83289, 41.64792],
          [-116.84295, 41.65334],
          [-116.86643, 41.66597],
          [-116.89527, 41.66246],
          [-116.90533, 41.66787],
          [-116.91003, 41.68942],
          [-116.91474, 41.71096],
          [-116.90749, 41.71848],
          [-116.89058, 41.73601],
          [-116.89528, 41.75755],
          [-116.88803, 41.76506],
          [-116.87111, 41.78259],
          [-116.86386, 41.7901],
          [-116.85704, 41.8064],
          [-116.85163, 41.82915],
          [-116.85632, 41.85068],
          [-116.86102, 41.8722],
          [-116.86573, 41.89372],
          [-116.87043, 41.91524],
          [-116.86317, 41.92275],
          [-116.84621, 41.94026],
          [-116.83895, 41.94776],
          [-116.81002, 41.95125],
          [-116.78109, 41.95474],
          [-116.75216, 41.95823],
          [-116.72323, 41.96171],
          [-116.71315, 41.95629],
          [-116.68962, 41.94366],
          [-116.67264, 41.96116],
          [-116.66536, 41.96865],
          [-116.63642, 41.97212],
          [-116.60748, 41.97558],
          [-116.58016, 41.98656],
          [-116.55121, 41.99002],
          [-116.52227, 41.99346],
          [-116.49331, 41.9969],
          [-116.46436, 42.00034],
          [-116.44571, 42.01028],
          [-116.43841, 42.01776],
          [-116.40945, 42.02119],
          [-116.39938, 42.01576],
          [-116.37588, 42.0031],
          [-116.34692, 42.00652],
          [-116.32987, 42.02397],
          [-116.32255, 42.03145],
          [-116.29359, 42.03486],
          [-116.27651, 42.0523],
          [-116.2692, 42.05978],
          [-116.24022, 42.06318],
          [-116.21124, 42.06657],
          [-116.18157, 42.06674],
          [-116.15259, 42.07013],
          [-116.14321, 42.06791],
          [-116.12133, 42.06275],
          [-116.09953, 42.05096],
          [-116.0878, 42.04461],
          [-116.05655, 42.03722],
          [-116.05152, 42.0345],
          [-116.02304, 42.01906],
          [-116.01367, 42.01684],
          [-115.999, 41.99649],
          [-115.9857, 41.9826],
          [-115.97565, 41.97715],
          [-115.95222, 41.96442],
          [-115.92326, 41.96778],
          [-115.89429, 41.97112],
          [-115.86533, 41.97447],
          [-115.83793, 41.98534],
          [-115.80896, 41.98868],
          [-115.77999, 41.992],
          [-115.76127, 42.00187],
          [-115.75325, 42.0061],
          [-115.72427, 42.00942],
          [-115.69528, 42.01273],
          [-115.6663, 42.01604],
          [-115.63731, 42.01935],
          [-115.60833, 42.02265],
          [-115.57934, 42.02595],
          [-115.55035, 42.02924],
          [-115.52202, 42.03576],
          [-115.49236, 42.03581],
          [-115.46336, 42.03909],
          [-115.454, 42.03684],
          [-115.43216, 42.03159],
          [-115.40316, 42.03486],
          [-115.37416, 42.03812],
          [-115.34516, 42.04138],
          [-115.31615, 42.04464],
          [-115.28715, 42.04789],
          [-115.25814, 42.05113],
          [-115.23936, 42.06094],
          [-115.23131, 42.06514],
          [-115.2023, 42.06838],
          [-115.17546, 42.08238],
          [-115.14644, 42.08561],
          [-115.12764, 42.0954],
          [-115.11958, 42.0996],
          [-115.09056, 42.10281],
          [-115.06369, 42.1168],
          [-115.03466, 42.12],
          [-115.01584, 42.12978],
          [-115.00756, 42.1329],
          [-114.97874, 42.13717],
          [-114.95091, 42.14647],
          [-114.92187, 42.14966],
          [-114.89343, 42.1559],
          [-114.86377, 42.15603],
          [-114.83472, 42.1592],
          [-114.80445, 42.15627],
          [-114.79509, 42.15399],
          [-114.77326, 42.14867],
          [-114.74272, 42.14429],
          [-114.71303, 42.14422],
          [-114.68518, 42.15347],
          [-114.65778, 42.16506],
          [-114.65174, 42.16956],
          [-114.6319, 42.18435],
          [-114.60899, 42.19618],
          [-114.60505, 42.1988],
          [-114.57905, 42.21755],
          [-114.57572, 42.22175],
          [-114.57413, 42.24391],
          [-114.57836, 42.26544],
          [-114.58259, 42.28697],
          [-114.581, 42.30912],
          [-114.57403, 42.33185],
          [-114.57248, 42.33531],
          [-114.56783, 42.35449],
          [-114.56065, 42.37723],
          [-114.55394, 42.39223],
          [-114.55202, 42.40013],
          [-114.54654, 42.42268],
          [-114.53693, 42.44567],
          [-114.53537, 42.44913],
          [-114.52658, 42.46873],
          [-114.51306, 42.48701],
          [-114.50894, 42.49258],
          [-114.48836, 42.51288],
          [-114.4823, 42.51737],
          [-114.46317, 42.53624],
          [-114.45394, 42.54234],
          [-114.44794, 42.56492],
          [-114.45216, 42.58641],
          [-114.47555, 42.59928],
          [-114.48557, 42.6048],
          [-114.4898, 42.62628],
          [-114.5132, 42.63914],
          [-114.52323, 42.64465],
          [-114.54664, 42.65751],
          [-114.55667, 42.66302],
          [-114.56092, 42.68449],
          [-114.58434, 42.69734],
          [-114.59438, 42.70284],
          [-114.59864, 42.72431],
          [-114.60289, 42.74578],
          [-114.62634, 42.75862],
          [-114.63639, 42.76412],
          [-114.64065, 42.78558],
          [-114.64492, 42.80704],
          [-114.66838, 42.81987],
          [-114.67405, 42.82583],
          [-114.68272, 42.84682],
          [-114.69724, 42.86717],
          [-114.71048, 42.88108],
          [-114.71616, 42.88705],
          [-114.72484, 42.90802],
          [-114.74833, 42.92083],
          [-114.75841, 42.92631],
          [-114.78041, 42.93161],
          [-114.8112, 42.93597],
          [-114.82127, 42.94145],
          [-114.84328, 42.94674],
          [-114.87408, 42.95108],
          [-114.88416, 42.95656],
          [-114.90769, 42.96935],
          [-114.91778, 42.97482],
          [-114.94131, 42.9876],
          [-114.9514, 42.99308],
          [-114.97495, 43.00585],
          [-114.98505, 43.01132],
          [-115.0086, 43.02409],
          [-115.03856, 43.02412],
          [-115.048, 43.02637],
          [-115.07004, 43.03163],
          [-115.09934, 43.02844],
          [-115.13017, 43.03273],
          [-115.15947, 43.02953],
          [-115.16958, 43.03499],
          [-115.19162, 43.04024],
          [-115.22246, 43.04451],
          [-115.23257, 43.04997],
          [-115.25617, 43.06271],
          [-115.28547, 43.05948],
          [-115.29559, 43.06493],
          [-115.3192, 43.07766],
          [-115.32932, 43.08311],
          [-115.35294, 43.09583],
          [-115.36306, 43.10128],
          [-115.38669, 43.11399],
          [-115.39242, 43.11992],
          [-115.40126, 43.14083],
          [-115.4249, 43.15354],
          [-115.43063, 43.15947],
          [-115.44975, 43.17923],
          [-115.45421, 43.20062],
          [-115.444, 43.22363],
          [-115.44094, 43.23053],
          [-115.42351, 43.24777],
          [-115.41538, 43.25195],
          [-115.38669, 43.2584],
          [-115.36925, 43.27564],
          [-115.37369, 43.29701],
          [-115.38842, 43.31725],
          [-115.40026, 43.3236],
          [-115.42226, 43.33538],
          [-115.4341, 43.34173],
          [-115.4561, 43.3535],
          [-115.46795, 43.35984],
          [-115.48359, 43.37232],
          [-115.50405, 43.38864],
          [-115.50913, 43.39135],
          [-115.52831, 43.41108],
          [-115.54174, 43.42489],
          [-115.5475, 43.4308],
          [-115.5667, 43.45052],
          [-115.57857, 43.45685],
          [-115.60061, 43.46861],
          [-115.61406, 43.4824],
          [-115.62424, 43.48783],
          [-115.64799, 43.50047],
          [-115.65817, 43.50589],
          [-115.68193, 43.51854],
          [-115.6877, 43.52444],
          [-115.69664, 43.54529],
          [-115.72042, 43.55792],
          [-115.7262, 43.56383],
          [-115.73515, 43.58466],
          [-115.75894, 43.59729],
          [-115.76914, 43.6027],
          [-115.784, 43.62287],
          [-115.79749, 43.63664],
          [-115.8077, 43.64205],
          [-115.82991, 43.6472],
          [-115.86165, 43.65455],
          [-115.87118, 43.65676],
          [-115.8934, 43.6619],
          [-115.92515, 43.66924],
          [-115.93468, 43.67145],
          [-115.95691, 43.67658],
          [-115.98798, 43.68072],
          [-116.01814, 43.68058],
          [-116.02325, 43.68328],
          [-116.04259, 43.70292],
          [-116.05613, 43.71667],
          [-116.06194, 43.72256],
          [-116.08129, 43.74219],
          [-116.09485, 43.75592],
          [-116.09845, 43.76206],
          [-116.10529, 43.7831],
          [-116.11827, 43.80345],
          [-116.1293, 43.82401],
          [-116.13393, 43.84529],
          [-116.12824, 43.86774],
          [-116.13288, 43.88902],
          [-116.13309, 43.9108],
          [-116.13773, 43.93207],
          [-116.14238, 43.95333],
          [-116.15145, 43.9741],
          [-116.16645, 43.99419],
          [-116.17842, 44.00046],
          [-116.20066, 44.0121],
          [-116.21263, 44.01836],
          [-116.23488, 44.03],
          [-116.2485, 44.0437],
          [-116.25433, 44.04957],
          [-116.27379, 44.06914],
          [-116.28742, 44.08284],
          [-116.29326, 44.08871],
          [-116.29795, 44.10995],
          [-116.30707, 44.13068],
          [-116.31176, 44.15192],
          [-116.31645, 44.17315],
          [-116.34046, 44.18565],
          [-116.35075, 44.19101],
          [-116.35546, 44.21224],
          [-116.37053, 44.23228],
          [-116.38419, 44.24595],
          [-116.39005, 44.25181],
          [-116.39476, 44.27303],
          [-116.41429, 44.29255],
          [-116.42247, 44.31337],
          [-116.4327, 44.32743],
          [-116.43856, 44.33328],
          [-116.44329, 44.35449],
          [-116.45247, 44.37518],
          [-116.4572, 44.39638],
          [-116.46194, 44.41757],
          [-116.46668, 44.43876],
          [-116.47142, 44.45995],
          [-116.47171, 44.48164],
          [-116.46867, 44.48851],
          [-116.46602, 44.5]
        ]
      }
    },
    {
      "type": "Feature",
      "id": "2026101018_f054_07000_006",
      "properties": {
        "product_id": "winter_storm_levels",
        "source_id": "nbm_snow_level",
        "parameter": "snow_level",
        "definition": "height of the wet-bulb 0.5 degree C surface",
        "level_ft_msl": 7000,
        "label": "7,000 ft MSL",
        "unit": "ft_msl",
        "cycle_time_utc": "2026-10-10T18:00:00Z",
        "valid_time_utc": "2026-10-13T00:00:00Z",
        "lead_hours": 54,
        "segment": 6,
        "length_m": 168759.8
      },
      "geometry": {
        "type": "LineString",
        "coordinates": [
          [-118.53463, 35.24556],
          [-118.52793, 35.25336],
          [-118.51228, 35.27156],
          [-118.50558, 35.27936],
          [-118.48992, 35.29756],
          [-118.48321, 35.30536],
          [-118.46756, 35.32355],
          [-118.46013, 35.32803],
          [-118.43301, 35.3319],
          [-118.4066, 35.33908],
          [-118.37948, 35.34293],
          [-118.35236, 35.34678],
          [-118.33667, 35.36496],
          [-118.32995, 35.37275],
          [-118.31426, 35.39093],
          [-118.33655, 35.40373],
          [-118.34611, 35.40921],
          [-118.35083, 35.43133],
          [-118.37314, 35.44411],
          [-118.3827, 35.44959],
          [-118.38336, 35.47229],
          [-118.38071, 35.4795],
          [-118.36501, 35.49767],
          [-118.35757, 35.50215],
          [-118.33276, 35.51705],
          [-118.32491, 35.52613],
          [-118.31031, 35.543],
          [-118.29294, 35.55343],
          [-118.2855, 35.55789],
          [-118.25832, 35.56173],
          [-118.23114, 35.56556],
          [-118.20395, 35.56938],
          [-118.19509, 35.56721],
          [-118.17278, 35.5544],
          [-118.16322, 35.54891],
          [-118.15853, 35.5268],
          [-118.13623, 35.51399],
          [-118.12667, 35.50849],
          [-118.10438, 35.49568],
          [-118.09482, 35.49018],
          [-118.07254, 35.47736],
          [-118.06299, 35.47186],
          [-118.04071, 35.45903],
          [-118.03116, 35.45353],
          [-118.0265, 35.43141],
          [-118.03325, 35.42363],
          [-118.049, 35.40548],
          [-118.05644, 35.40102],
          [-118.08289, 35.3939],
          [-118.09862, 35.37575],
          [-118.10536, 35.36797],
          [-118.1325, 35.36416],
          [-118.15963, 35.36034],
          [-118.18677, 35.35652],
          [-118.2139, 35.3527],
          [-118.2296, 35.33453],
          [-118.22491, 35.3124],
          [-118.20264, 35.29958],
          [-118.1931, 35.29409],
          [-118.17084, 35.28127],
          [-118.14373, 35.28509],
          [-118.13419, 35.2796],
          [-118.13359, 35.25689],
          [-118.13625, 35.24967],
          [-118.15196, 35.23151],
          [-118.15938, 35.22704],
          [-118.18415, 35.21215],
          [-118.20147, 35.20172],
          [-118.2089, 35.19725],
          [-118.22794, 35.17518],
          [-118.2313, 35.17128],
          [-118.25768, 35.16413],
          [-118.27336, 35.14594],
          [-118.28007, 35.13815],
          [-118.30714, 35.13431],
          [-118.31668, 35.1398],
          [-118.33728, 35.14485],
          [-118.36435, 35.141],
          [-118.39378, 35.14821],
          [-118.40261, 35.15038],
          [-118.42322, 35.15542],
          [-118.45266, 35.16262],
          [-118.45743, 35.16536],
          [-118.4757, 35.18556],
          [-118.4885, 35.1997],
          [-118.49805, 35.20518],
          [-118.51227, 35.22595],
          [-118.52508, 35.24008],
          [-118.53463, 35.24556]
        ]
      }
    },
    {
      "type": "Feature",
      "id": "2026101018_f054_07000_007",
      "properties": {
        "product_id": "winter_storm_levels",
        "source_id": "nbm_snow_level",
        "parameter": "snow_level",
        "definition": "height of the wet-bulb 0.5 degree C surface",
        "level_ft_msl": 7000,
        "label": "7,000 ft MSL",
        "unit": "ft_msl",
        "cycle_time_utc": "2026-10-10T18:00:00Z",
        "valid_time_utc": "2026-10-13T00:00:00Z",
        "lead_hours": 54,
        "segment": 7,
        "length_m": 105089.5
      },
      "geometry": {
        "type": "LineString",
        "coordinates": [
          [-119.29269, 34.88381],
          [-119.28781, 34.86168],
          [-119.27825, 34.85624],
          [-119.25596, 34.84355],
          [-119.2464, 34.83811],
          [-119.21943, 34.84211],
          [-119.19715, 34.82941],
          [-119.1876, 34.82397],
          [-119.16532, 34.81127],
          [-119.15577, 34.80582],
          [-119.1335, 34.79311],
          [-119.12469, 34.79098],
          [-119.09772, 34.79496],
          [-119.07076, 34.79894],
          [-119.06339, 34.80345],
          [-119.0479, 34.82173],
          [-119.02564, 34.80901],
          [-119.0161, 34.80356],
          [-118.99384, 34.79083],
          [-118.98431, 34.78537],
          [-118.96206, 34.77264],
          [-118.95253, 34.76718],
          [-118.93029, 34.75444],
          [-118.92148, 34.75231],
          [-118.89452, 34.75625],
          [-118.88715, 34.76076],
          [-118.86995, 34.77127],
          [-118.85554, 34.78823],
          [-118.86034, 34.81038],
          [-118.87458, 34.83115],
          [-118.88411, 34.83661],
          [-118.90636, 34.84935],
          [-118.9159, 34.85481],
          [-118.93816, 34.86755],
          [-118.94298, 34.88969],
          [-118.9478, 34.91183],
          [-118.95262, 34.93396],
          [-118.96216, 34.93942],
          [-118.98444, 34.95215],
          [-118.994, 34.9576],
          [-119.021, 34.95364],
          [-119.04801, 34.94967],
          [-119.07501, 34.9457],
          [-119.10201, 34.94173],
          [-119.12901, 34.93775],
          [-119.1577, 34.94151],
          [-119.1847, 34.93752],
          [-119.2053, 34.94247],
          [-119.21413, 34.9446],
          [-119.24186, 34.94392],
          [-119.24849, 34.93608],
          [-119.26397, 34.91779],
          [-119.2706, 34.90995],
          [-119.28607, 34.89165],
          [-119.29269, 34.88381]
        ]
      }
    },
    {
      "type": "Feature",
      "id": "2026101018_f054_07000_008",
      "properties": {
        "product_id": "winter_storm_levels",
        "source_id": "nbm_snow_level",
        "parameter": "snow_level",
        "definition": "height of the wet-bulb 0.5 degree C surface",
        "level_ft_msl": 7000,
        "label": "7,000 ft MSL",
        "unit": "ft_msl",
        "cycle_time_utc": "2026-10-10T18:00:00Z",
        "valid_time_utc": "2026-10-13T00:00:00Z",
        "lead_hours": 54,
        "segment": 8,
        "length_m": 3798.5
      },
      "geometry": {
        "type": "LineString",
        "coordinates": [
          [-119.48619, 34.62621],
          [-119.47959, 34.63407],
          [-119.47004, 34.62864],
          [-119.47738, 34.6241],
          [-119.48619, 34.62621]
        ]
      }
    },
    {
      "type": "Feature",
      "id": "2026101018_f054_07000_009",
      "properties": {
        "product_id": "winter_storm_levels",
        "source_id": "nbm_snow_level",
        "parameter": "snow_level",
        "definition": "height of the wet-bulb 0.5 degree C surface",
        "level_ft_msl": 7000,
        "label": "7,000 ft MSL",
        "unit": "ft_msl",
        "cycle_time_utc": "2026-10-10T18:00:00Z",
        "valid_time_utc": "2026-10-13T00:00:00Z",
        "lead_hours": 54,
        "segment": 9,
        "length_m": 17460.5
      },
      "geometry": {
        "type": "LineString",
        "coordinates": [
          [-119.55968, 39.2894],
          [-119.55453, 39.26766],
          [-119.54457, 39.26233],
          [-119.51648, 39.26631],
          [-119.5096, 39.27403],
          [-119.49352, 39.29203],
          [-119.48664, 39.29974],
          [-119.4966, 39.30507],
          [-119.5247, 39.3011],
          [-119.55279, 39.29712],
          [-119.55968, 39.2894]
        ]
      }
    },
    {
      "type": "Feature",
      "id": "2026101018_f054_07000_010",
      "properties": {
        "product_id": "winter_storm_levels",
        "source_id": "nbm_snow_level",
        "parameter": "snow_level",
        "definition": "height of the wet-bulb 0.5 degree C surface",
        "level_ft_msl": 7000,
        "label": "7,000 ft MSL",
        "unit": "ft_msl",
        "cycle_time_utc": "2026-10-10T18:00:00Z",
        "valid_time_utc": "2026-10-13T00:00:00Z",
        "lead_hours": 54,
        "segment": 10,
        "length_m": 24841.2
      },
      "geometry": {
        "type": "LineString",
        "coordinates": [
          [-119.91488, 39.39601],
          [-119.90605, 39.41974],
          [-119.90262, 39.42361],
          [-119.8745, 39.42764],
          [-119.86529, 39.42559],
          [-119.84196, 39.4132],
          [-119.83829, 39.40699],
          [-119.83238, 39.38537],
          [-119.83362, 39.37845],
          [-119.84965, 39.36042],
          [-119.85652, 39.3527],
          [-119.88461, 39.34867],
          [-119.89039, 39.35458],
          [-119.90357, 39.37516],
          [-119.91488, 39.39601]
        ]
      }
    },
    {
      "type": "Feature",
      "id": "2026101018_f054_07000_011",
      "properties": {
        "product_id": "winter_storm_levels",
        "source_id": "nbm_snow_level",
        "parameter": "snow_level",
        "definition": "height of the wet-bulb 0.5 degree C surface",
        "level_ft_msl": 7000,
        "label": "7,000 ft MSL",
        "unit": "ft_msl",
        "cycle_time_utc": "2026-10-10T18:00:00Z",
        "valid_time_utc": "2026-10-13T00:00:00Z",
        "lead_hours": 54,
        "segment": 11,
        "length_m": 26714.3
      },
      "geometry": {
        "type": "LineString",
        "coordinates": [
          [-120.55678, 30.52113],
          [-120.55028, 30.54534],
          [-120.54507, 30.56124],
          [-120.52865, 30.57204],
          [-120.52124, 30.57499],
          [-120.51698, 30.57395],
          [-120.49213, 30.56491],
          [-120.47876, 30.55707],
          [-120.47016, 30.53535],
          [-120.47819, 30.51089],
          [-120.47976, 30.5089],
          [-120.50445, 30.49906],
          [-120.53037, 30.49481],
          [-120.5432, 30.50022],
          [-120.55678, 30.52113]
        ]
      }
    },
    {
      "type": "Feature",
      "id": "2026101018_f054_07000_012",
      "properties": {
        "product_id": "winter_storm_levels",
        "source_id": "nbm_snow_level",
        "parameter": "snow_level",
        "definition": "height of the wet-bulb 0.5 degree C surface",
        "level_ft_msl": 7000,
        "label": "7,000 ft MSL",
        "unit": "ft_msl",
        "cycle_time_utc": "2026-10-10T18:00:00Z",
        "valid_time_utc": "2026-10-13T00:00:00Z",
        "lead_hours": 54,
        "segment": 12,
        "length_m": 27731.2
      },
      "geometry": {
        "type": "LineString",
        "coordinates": [
          [-120.60866, 39.65458],
          [-120.60183, 39.66233],
          [-120.58589, 39.68039],
          [-120.57906, 39.68814],
          [-120.569, 39.68288],
          [-120.54553, 39.6706],
          [-120.53969, 39.66472],
          [-120.53011, 39.64367],
          [-120.52474, 39.62199],
          [-120.51938, 39.60031],
          [-120.52621, 39.59257],
          [-120.53626, 39.59783],
          [-120.54163, 39.61951],
          [-120.56508, 39.63179],
          [-120.57514, 39.63705],
          [-120.5986, 39.64932],
          [-120.60866, 39.65458]
        ]
      }
    },
    {
      "type": "Feature",
      "id": "2026101018_f054_07000_013",
      "properties": {
        "product_id": "winter_storm_levels",
        "source_id": "nbm_snow_level",
        "parameter": "snow_level",
        "definition": "height of the wet-bulb 0.5 degree C surface",
        "level_ft_msl": 7000,
        "label": "7,000 ft MSL",
        "unit": "ft_msl",
        "cycle_time_utc": "2026-10-10T18:00:00Z",
        "valid_time_utc": "2026-10-13T00:00:00Z",
        "lead_hours": 54,
        "segment": 13,
        "length_m": 125034.5
      },
      "geometry": {
        "type": "LineString",
        "coordinates": [
          [-121.18704, 39.74827],
          [-121.18154, 39.72662],
          [-121.18588, 39.70349],
          [-121.18038, 39.68184],
          [-121.16503, 39.66167],
          [-121.15954, 39.64002],
          [-121.15405, 39.61836],
          [-121.14855, 39.5967],
          [-121.13847, 39.59147],
          [-121.11496, 39.57927],
          [-121.10488, 39.57404],
          [-121.07678, 39.57826],
          [-121.04867, 39.58248],
          [-121.02055, 39.58669],
          [-120.99244, 39.5909],
          [-120.96894, 39.57867],
          [-120.95887, 39.57343],
          [-120.93076, 39.57763],
          [-120.90264, 39.58182],
          [-120.87453, 39.58601],
          [-120.86772, 39.59377],
          [-120.85183, 39.61187],
          [-120.84503, 39.61962],
          [-120.82913, 39.63771],
          [-120.82232, 39.64547],
          [-120.82774, 39.66713],
          [-120.83317, 39.68879],
          [-120.81727, 39.70688],
          [-120.78911, 39.71105],
          [-120.76096, 39.71522],
          [-120.75413, 39.72297],
          [-120.73821, 39.74104],
          [-120.73138, 39.74879],
          [-120.71545, 39.76686],
          [-120.70862, 39.7746],
          [-120.71403, 39.79626],
          [-120.72411, 39.80151],
          [-120.74763, 39.81375],
          [-120.75771, 39.819],
          [-120.78123, 39.83123],
          [-120.79132, 39.83648],
          [-120.81485, 39.84871],
          [-120.82494, 39.85395],
          [-120.84849, 39.86618],
          [-120.85776, 39.86817],
          [-120.88636, 39.88301],
          [-120.89141, 39.88563],
          [-120.92001, 39.90046],
          [-120.92506, 39.90308],
          [-120.956, 39.90971],
          [-120.98301, 39.90082],
          [-121.00966, 39.89049],
          [-121.0173, 39.88599],
          [-121.03511, 39.87547],
          [-121.06138, 39.86369],
          [-121.06819, 39.85594],
          [-121.08408, 39.83784],
          [-121.09088, 39.83009],
          [-121.10868, 39.81956],
          [-121.13493, 39.80777],
          [-121.14173, 39.80001],
          [-121.15759, 39.7819],
          [-121.16439, 39.77414],
          [-121.18025, 39.75603],
          [-121.18704, 39.74827]
        ]
      }
    },
    {
      "type": "Feature",
      "id": "2026101018_f054_07000_014",
      "properties": {
        "product_id": "winter_storm_levels",
        "source_id": "nbm_snow_level",
        "parameter": "snow_level",
        "definition": "height of the wet-bulb 0.5 degree C surface",
        "level_ft_msl": 7000,
        "label": "7,000 ft MSL",
        "unit": "ft_msl",
        "cycle_time_utc": "2026-10-10T18:00:00Z",
        "valid_time_utc": "2026-10-13T00:00:00Z",
        "lead_hours": 54,
        "segment": 14,
        "length_m": 17597.2
      },
      "geometry": {
        "type": "LineString",
        "coordinates": [
          [-121.35989, 37.21248],
          [-121.35448, 37.19059],
          [-121.34461, 37.18532],
          [-121.31714, 37.18963],
          [-121.28967, 37.19393],
          [-121.28304, 37.20178],
          [-121.2929, 37.20706],
          [-121.31592, 37.21937],
          [-121.32579, 37.22464],
          [-121.35327, 37.22034],
          [-121.35989, 37.21248]
        ]
      }
    },
    {
      "type": "Feature",
      "id": "2026101018_f054_07000_015",
      "properties": {
        "product_id": "winter_storm_levels",
        "source_id": "nbm_snow_level",
        "parameter": "snow_level",
        "definition": "height of the wet-bulb 0.5 degree C surface",
        "level_ft_msl": 7000,
        "label": "7,000 ft MSL",
        "unit": "ft_msl",
        "cycle_time_utc": "2026-10-10T18:00:00Z",
        "valid_time_utc": "2026-10-13T00:00:00Z",
        "lead_hours": 54,
        "segment": 15,
        "length_m": 117156.5
      },
      "geometry": {
        "type": "LineString",
        "coordinates": [
          [-123.03604, 39.03034],
          [-123.03361, 39.03752],
          [-123.01819, 39.05586],
          [-123.02403, 39.07751],
          [-123.0257, 39.09985],
          [-123.03155, 39.1215],
          [-123.03601, 39.14337],
          [-123.0341, 39.14707],
          [-123.01535, 39.16933],
          [-123.01174, 39.17217],
          [-122.98499, 39.18104],
          [-122.97931, 39.19777],
          [-122.97119, 39.22168],
          [-122.96876, 39.22885],
          [-122.96307, 39.24558],
          [-122.96892, 39.26722],
          [-122.97477, 39.28886],
          [-122.98062, 39.31049],
          [-122.97669, 39.3337],
          [-122.96918, 39.33831],
          [-122.94121, 39.34283],
          [-122.91324, 39.34735],
          [-122.88614, 39.35511],
          [-122.85817, 39.35962],
          [-122.83019, 39.36413],
          [-122.81468, 39.38242],
          [-122.80716, 39.38701],
          [-122.79789, 39.38512],
          [-122.77423, 39.37312],
          [-122.76409, 39.36798],
          [-122.77074, 39.36014],
          [-122.78626, 39.34185],
          [-122.79291, 39.33401],
          [-122.80841, 39.31572],
          [-122.80259, 39.29408],
          [-122.79678, 39.27244],
          [-122.79097, 39.2508],
          [-122.79761, 39.24296],
          [-122.80332, 39.22623],
          [-122.8177, 39.20923],
          [-122.83522, 39.1985],
          [-122.84273, 39.1939],
          [-122.86775, 39.17856],
          [-122.88526, 39.16783],
          [-122.89189, 39.15998],
          [-122.90735, 39.14166],
          [-122.91398, 39.13381],
          [-122.91966, 39.11707],
          [-122.9236, 39.09383],
          [-122.91777, 39.07217],
          [-122.91613, 39.04984],
          [-122.91857, 39.04266],
          [-122.93401, 39.02433],
          [-122.94062, 39.01647],
          [-122.95606, 38.99814],
          [-122.96355, 38.99353],
          [-122.99054, 38.98574],
          [-123.01841, 38.9812],
          [-123.02435, 38.98702],
          [-123.03019, 39.00868],
          [-123.03604, 39.03034]
        ]
      }
    },
    {
      "type": "Feature",
      "id": "2026101018_f054_07000_016",
      "properties": {
        "product_id": "winter_storm_levels",
        "source_id": "nbm_snow_level",
        "parameter": "snow_level",
        "definition": "height of the wet-bulb 0.5 degree C surface",
        "level_ft_msl": 7000,
        "label": "7,000 ft MSL",
        "unit": "ft_msl",
        "cycle_time_utc": "2026-10-10T18:00:00Z",
        "valid_time_utc": "2026-10-13T00:00:00Z",
        "lead_hours": 54,
        "segment": 16,
        "length_m": 93152.1
      },
      "geometry": {
        "type": "LineString",
        "coordinates": [
          [-127.28311, 31.15335],
          [-127.27725, 31.16158],
          [-127.25147, 31.16693],
          [-127.22568, 31.17228],
          [-127.20207, 31.18535],
          [-127.17628, 31.19069],
          [-127.15048, 31.19602],
          [-127.12468, 31.20136],
          [-127.09753, 31.2019],
          [-127.07806, 31.1958],
          [-127.06794, 31.1938],
          [-127.05065, 31.17809],
          [-127.03706, 31.15754],
          [-127.02552, 31.14007],
          [-127.02362, 31.13696],
          [-127.01359, 31.11567],
          [-127.01121, 31.0928],
          [-127.00487, 31.07075],
          [-126.99867, 31.04867],
          [-126.98511, 31.02811],
          [-126.98609, 31.00455],
          [-126.98552, 30.99766],
          [-126.9848, 30.98145],
          [-126.98891, 30.95725],
          [-126.99199, 30.93325],
          [-126.9927, 30.92609],
          [-126.99842, 30.93192],
          [-127.02557, 30.94618],
          [-127.03037, 30.94869],
          [-127.05753, 30.96294],
          [-127.06232, 30.96546],
          [-127.08949, 30.9797],
          [-127.09428, 30.98221],
          [-127.12146, 30.99645],
          [-127.13012, 30.99816],
          [-127.1525, 31.00988],
          [-127.1621, 31.0149],
          [-127.18449, 31.02662],
          [-127.19409, 31.03164],
          [-127.21649, 31.04335],
          [-127.22609, 31.04836],
          [-127.23233, 31.07044],
          [-127.2476, 31.09063],
          [-127.25385, 31.1127],
          [-127.26724, 31.12627],
          [-127.27685, 31.13129],
          [-127.28311, 31.15335]
        ]
      }
    },
    {
      "type": "Feature",
      "id": "2026101018_f054_07000_017",
      "properties": {
        "product_id": "winter_storm_levels",
        "source_id": "nbm_snow_level",
        "parameter": "snow_level",
        "definition": "height of the wet-bulb 0.5 degree C surface",
        "level_ft_msl": 7000,
        "label": "7,000 ft MSL",
        "unit": "ft_msl",
        "cycle_time_utc": "2026-10-10T18:00:00Z",
        "valid_time_utc": "2026-10-13T00:00:00Z",
        "lead_hours": 54,
        "segment": 17,
        "length_m": 31227.6
      },
      "geometry": {
        "type": "LineString",
        "coordinates": [
          [-127.51568, 41.83941],
          [-127.51459, 41.84724],
          [-127.50354, 41.86407],
          [-127.4923, 41.87117],
          [-127.47977, 41.8684],
          [-127.45732, 41.85639],
          [-127.45213, 41.85098],
          [-127.44519, 41.82979],
          [-127.44448, 41.8172],
          [-127.44558, 41.80727],
          [-127.44946, 41.78411],
          [-127.45637, 41.76151],
          [-127.46455, 41.7589],
          [-127.48323, 41.75157],
          [-127.4861, 41.75497],
          [-127.49889, 41.7751],
          [-127.50584, 41.7963],
          [-127.51279, 41.81748],
          [-127.51568, 41.83941]
        ]
      }
    },
    {
      "type": "Feature",
      "id": "2026101018_f054_07000_018",
      "properties": {
        "product_id": "winter_storm_levels",
        "source_id": "nbm_snow_level",
        "parameter": "snow_level",
        "definition": "height of the wet-bulb 0.5 degree C surface",
        "level_ft_msl": 7000,
        "label": "7,000 ft MSL",
        "unit": "ft_msl",
        "cycle_time_utc": "2026-10-10T18:00:00Z",
        "valid_time_utc": "2026-10-13T00:00:00Z",
        "lead_hours": 54,
        "segment": 18,
        "length_m": 16418
      },
      "geometry": {
        "type": "LineString",
        "coordinates": [
          [-127.54212, 41.11461],
          [-127.53708, 41.13809],
          [-127.52674, 41.14863],
          [-127.50785, 41.14347],
          [-127.49224, 41.1238],
          [-127.49729, 41.10033],
          [-127.50801, 41.09095],
          [-127.52326, 41.09554],
          [-127.54212, 41.11461]
        ]
      }
    },
    {
      "type": "Feature",
      "id": "2026101018_f054_07000_019",
      "properties": {
        "product_id": "winter_storm_levels",
        "source_id": "nbm_snow_level",
        "parameter": "snow_level",
        "definition": "height of the wet-bulb 0.5 degree C surface",
        "level_ft_msl": 7000,
        "label": "7,000 ft MSL",
        "unit": "ft_msl",
        "cycle_time_utc": "2026-10-10T18:00:00Z",
        "valid_time_utc": "2026-10-13T00:00:00Z",
        "lead_hours": 54,
        "segment": 19,
        "length_m": 4279.5
      },
      "geometry": {
        "type": "LineString",
        "coordinates": [
          [-127.7899, 31.58487],
          [-127.78406, 31.59311],
          [-127.77439, 31.58813],
          [-127.78023, 31.57989],
          [-127.7899, 31.58487]
        ]
      }
    },
    {
      "type": "Feature",
      "id": "2026101018_f054_07000_020",
      "properties": {
        "product_id": "winter_storm_levels",
        "source_id": "nbm_snow_level",
        "parameter": "snow_level",
        "definition": "height of the wet-bulb 0.5 degree C surface",
        "level_ft_msl": 7000,
        "label": "7,000 ft MSL",
        "unit": "ft_msl",
        "cycle_time_utc": "2026-10-10T18:00:00Z",
        "valid_time_utc": "2026-10-13T00:00:00Z",
        "lead_hours": 54,
        "segment": 20,
        "length_m": 281562.1
      },
      "geometry": {
        "type": "LineString",
        "coordinates": [
          [-128.66678, 37.7117],
          [-128.66654, 37.73471],
          [-128.66586, 37.736],
          [-128.65829, 37.75933],
          [-128.64973, 37.77625],
          [-128.64592, 37.78476],
          [-128.63796, 37.80931],
          [-128.63486, 37.82049],
          [-128.63246, 37.83336],
          [-128.61714, 37.85583],
          [-128.61356, 37.86009],
          [-128.59567, 37.87953],
          [-128.58657, 37.88842],
          [-128.57381, 37.90202],
          [-128.55792, 37.91708],
          [-128.55165, 37.9236],
          [-128.53065, 37.94545],
          [-128.52986, 37.94637],
          [-128.50786, 37.96849],
          [-128.50098, 37.97428],
          [-128.48494, 37.98779],
          [-128.4624, 38.00488],
          [-128.46156, 38.00567],
          [-128.43921, 38.02675],
          [-128.43367, 38.0335],
          [-128.4186, 38.05335],
          [-128.41409, 38.0603],
          [-128.40068, 38.08587],
          [-128.40014, 38.08667],
          [-128.38267, 38.11235],
          [-128.38033, 38.11579],
          [-128.36645, 38.13847],
          [-128.36098, 38.14642],
          [-128.35073, 38.16448],
          [-128.34234, 38.17925],
          [-128.33357, 38.19077],
          [-128.32096, 38.20356],
          [-128.30555, 38.21919],
          [-128.29938, 38.22727],
          [-128.2866, 38.24582],
          [-128.28005, 38.25805],
          [-128.27558, 38.27088],
          [-128.27062, 38.29474],
          [-128.26591, 38.30511],
          [-128.26002, 38.31971],
          [-128.24768, 38.33941],
          [-128.24319, 38.3459],
          [-128.22969, 38.37143],
          [-128.22947, 38.37377],
          [-128.23035, 38.39418],
          [-128.2347, 38.4162],
          [-128.23648, 38.43873],
          [-128.22712, 38.45788],
          [-128.22412, 38.46402],
          [-128.20701, 38.48635],
          [-128.19883, 38.49184],
          [-128.18351, 38.50427],
          [-128.16908, 38.52052],
          [-128.1632, 38.53218],
          [-128.15948, 38.54525],
          [-128.15222, 38.56953],
          [-128.14775, 38.57535],
          [-128.1243, 38.59351],
          [-128.0969, 38.59928],
          [-128.06403, 38.58785],
          [-128.06277, 38.58695],
          [-128.04562, 38.56744],
          [-128.03843, 38.54598],
          [-128.03709, 38.52339],
          [-128.03939, 38.51037],
          [-128.04095, 38.49978],
          [-128.0446, 38.47621],
          [-128.05081, 38.45442],
          [-128.05126, 38.45205],
          [-128.06551, 38.42641],
          [-128.06935, 38.42088],
          [-128.08785, 38.39918],
          [-128.09043, 38.39537],
          [-128.09969, 38.374],
          [-128.10666, 38.35462],
          [-128.10832, 38.34944],
          [-128.11151, 38.32594],
          [-128.11412, 38.30254],
          [-128.11636, 38.29334],
          [-128.11811, 38.27888],
          [-128.12121, 38.25539],
          [-128.12658, 38.23374],
          [-128.12686, 38.2314],
          [-128.12775, 38.20833],
          [-128.12787, 38.18541],
          [-128.12544, 38.163],
          [-128.12203, 38.14077],
          [-128.12204, 38.1276],
          [-128.12136, 38.118],
          [-128.12472, 38.09444],
          [-128.13335, 38.07144],
          [-128.13394, 38.06973],
          [-128.14859, 38.04394],
          [-128.15186, 38.03803],
          [-128.16166, 38.01846],
          [-128.17006, 38.00369],
          [-128.17429, 37.99307],
          [-128.18123, 37.96878],
          [-128.18542, 37.9604],
          [-128.1923, 37.94368],
          [-128.20242, 37.92231],
          [-128.2041, 37.91844],
          [-128.21493, 37.89338],
          [-128.21936, 37.88409],
          [-128.22477, 37.86851],
          [-128.2365, 37.84651],
          [-128.23863, 37.84284],
          [-128.25527, 37.81661],
          [-128.25576, 37.81566],
          [-128.2683, 37.7911],
          [-128.27424, 37.78236],
          [-128.29252, 37.76336],
          [-128.29607, 37.75968],
          [-128.31971, 37.74273],
          [-128.33345, 37.7323],
          [-128.34265, 37.72359],
          [-128.36121, 37.70384],
          [-128.36416, 37.69994],
          [-128.38163, 37.67683],
          [-128.38458, 37.67293],
          [-128.40682, 37.65165],
          [-128.41063, 37.6481],
          [-128.42808, 37.6273],
          [-128.43376, 37.62053],
          [-128.44948, 37.60343],
          [-128.4628, 37.59177],
          [-128.47178, 37.5824],
          [-128.49691, 37.5703],
          [-128.52309, 37.56153],
          [-128.53638, 37.5541],
          [-128.54627, 37.54331],
          [-128.56218, 37.52595],
          [-128.56777, 37.51985],
          [-128.59192, 37.50476],
          [-128.6171, 37.51493],
          [-128.62957, 37.53196],
          [-128.63469, 37.53438],
          [-128.63164, 37.53844],
          [-128.63288, 37.55772],
          [-128.6211, 37.58306],
          [-128.61866, 37.58853],
          [-128.61421, 37.60741],
          [-128.61516, 37.63019],
          [-128.6257, 37.65105],
          [-128.63847, 37.67145],
          [-128.64904, 37.6835],
          [-128.65739, 37.69062],
          [-128.66678, 37.7117]
        ]
      }
    },
    {
      "type": "Feature",
      "id": "2026101018_f054_07000_021",
      "properties": {
        "product_id": "winter_storm_levels",
        "source_id": "nbm_snow_level",
        "parameter": "snow_level",
        "definition": "height of the wet-bulb 0.5 degree C surface",
        "level_ft_msl": 7000,
        "label": "7,000 ft MSL",
        "unit": "ft_msl",
        "cycle_time_utc": "2026-10-10T18:00:00Z",
        "valid_time_utc": "2026-10-13T00:00:00Z",
        "lead_hours": 54,
        "segment": 21,
        "length_m": 1298869.4
      },
      "geometry": {
        "type": "LineString",
        "coordinates": [
          [-130, 33.9916],
          [-129.99206, 33.98412],
          [-129.98512, 33.96231],
          [-129.97818, 33.94051],
          [-129.97124, 33.9187],
          [-129.96431, 33.89689],
          [-129.95026, 33.88363],
          [-129.94424, 33.87795],
          [-129.93732, 33.85614],
          [-129.9304, 33.83432],
          [-129.92348, 33.8125],
          [-129.91262, 33.79155],
          [-129.91842, 33.78328],
          [-129.93196, 33.76398],
          [-129.92504, 33.74215],
          [-129.91813, 33.72033],
          [-129.91122, 33.69851],
          [-129.90431, 33.67668],
          [-129.89741, 33.65485],
          [-129.8905, 33.63302],
          [-129.88361, 33.61119],
          [-129.88064, 33.58849],
          [-129.8825, 33.58108],
          [-129.88685, 33.56379],
          [-129.87995, 33.54195],
          [-129.87306, 33.52011],
          [-129.87927, 33.4954],
          [-129.88113, 33.48799],
          [-129.88547, 33.47069],
          [-129.89167, 33.44597],
          [-129.89353, 33.43856],
          [-129.90703, 33.41924],
          [-129.90406, 33.39654],
          [-129.89717, 33.37469],
          [-129.88636, 33.35371],
          [-129.86324, 33.34244],
          [-129.85725, 33.33675],
          [-129.8373, 33.31777],
          [-129.82334, 33.30448],
          [-129.81736, 33.29878],
          [-129.7893, 33.28508],
          [-129.78435, 33.28267],
          [-129.76443, 33.26368],
          [-129.75288, 33.25803],
          [-129.73144, 33.24755],
          [-129.71989, 33.2419],
          [-129.69845, 33.23141],
          [-129.68691, 33.22576],
          [-129.65736, 33.22054],
          [-129.6485, 33.21898],
          [-129.62542, 33.20767],
          [-129.61553, 33.20282],
          [-129.59485, 33.19916],
          [-129.56633, 33.19721],
          [-129.53918, 33.19963],
          [-129.53031, 33.19805],
          [-129.50964, 33.19438],
          [-129.4801, 33.18914],
          [-129.45396, 33.19482],
          [-129.4451, 33.19324],
          [-129.42443, 33.18956],
          [-129.39828, 33.19524],
          [-129.36977, 33.19325],
          [-129.34261, 33.19564],
          [-129.31646, 33.2013],
          [-129.3076, 33.19971],
          [-129.28693, 33.19601],
          [-129.25842, 33.19401],
          [-129.23226, 33.19966],
          [-129.22239, 33.19478],
          [-129.19937, 33.18341],
          [-129.17322, 33.18905],
          [-129.14706, 33.19469],
          [-129.12091, 33.20032],
          [-129.09475, 33.20594],
          [-129.08488, 33.20106],
          [-129.07816, 33.17917],
          [-129.07145, 33.15728],
          [-129.06474, 33.13539],
          [-129.04888, 33.11546],
          [-129.03503, 33.1021],
          [-129.02518, 33.09721],
          [-129.01848, 33.07531],
          [-128.9955, 33.06391],
          [-128.98565, 33.05902],
          [-128.97896, 33.03712],
          [-128.95599, 33.02571],
          [-128.94615, 33.02082],
          [-128.92318, 33.00941],
          [-128.91334, 33.00452],
          [-128.90667, 32.98261],
          [-128.88372, 32.97119],
          [-128.87388, 32.96629],
          [-128.86722, 32.94438],
          [-128.86056, 32.92246],
          [-128.83763, 32.91103],
          [-128.8278, 32.90614],
          [-128.82115, 32.88422],
          [-128.8145, 32.8623],
          [-128.79158, 32.85086],
          [-128.78176, 32.84596],
          [-128.77512, 32.82404],
          [-128.75222, 32.81259],
          [-128.7424, 32.80769],
          [-128.7195, 32.79624],
          [-128.70969, 32.79133],
          [-128.70307, 32.7694],
          [-128.69645, 32.74747],
          [-128.68983, 32.72554],
          [-128.68322, 32.7036],
          [-128.67661, 32.68167],
          [-128.68244, 32.67342],
          [-128.69605, 32.65417],
          [-128.68944, 32.63223],
          [-128.69527, 32.62398],
          [-128.70888, 32.60473],
          [-128.70226, 32.58279],
          [-128.70809, 32.57453],
          [-128.72169, 32.55528],
          [-128.71508, 32.53334],
          [-128.7209, 32.52508],
          [-128.73449, 32.50582],
          [-128.72788, 32.48388],
          [-128.7337, 32.47562],
          [-128.74728, 32.45636],
          [-128.7531, 32.4481],
          [-128.76667, 32.42883],
          [-128.77249, 32.42057],
          [-128.78605, 32.4013],
          [-128.79187, 32.39304],
          [-128.80543, 32.37377],
          [-128.81124, 32.36551],
          [-128.82479, 32.34623],
          [-128.8306, 32.33797],
          [-128.84414, 32.31869],
          [-128.84995, 32.31043],
          [-128.86349, 32.29115],
          [-128.86929, 32.28288],
          [-128.89525, 32.27728],
          [-128.92121, 32.27168],
          [-128.93098, 32.27658],
          [-128.9538, 32.28801],
          [-128.97976, 32.28239],
          [-128.98954, 32.28729],
          [-129.01236, 32.29872],
          [-129.03832, 32.29309],
          [-129.0481, 32.29798],
          [-129.07094, 32.3094],
          [-129.08072, 32.31429],
          [-129.10356, 32.3257],
          [-129.12952, 32.32006],
          [-129.15548, 32.31442],
          [-129.18143, 32.30877],
          [-129.19122, 32.31366],
          [-129.21407, 32.32505],
          [-129.24002, 32.31939],
          [-129.24982, 32.32427],
          [-129.27268, 32.33566],
          [-129.29863, 32.32999],
          [-129.31209, 32.31068],
          [-129.30539, 32.28875],
          [-129.28253, 32.27736],
          [-129.27274, 32.27248],
          [-129.2499, 32.2611],
          [-129.24011, 32.25621],
          [-129.21727, 32.24482],
          [-129.19133, 32.25048],
          [-129.18154, 32.24559],
          [-129.15871, 32.23419],
          [-129.14893, 32.2293],
          [-129.12611, 32.21789],
          [-129.11632, 32.213],
          [-129.09351, 32.20159],
          [-129.08373, 32.1967],
          [-129.06092, 32.18528],
          [-129.05114, 32.18039],
          [-129.02834, 32.16897],
          [-129.01856, 32.16407],
          [-128.99577, 32.15264],
          [-128.96984, 32.15826],
          [-128.96007, 32.15336],
          [-128.93728, 32.14193],
          [-128.92751, 32.13702],
          [-128.92089, 32.11507],
          [-128.91427, 32.09312],
          [-128.90764, 32.07116],
          [-128.90103, 32.0492],
          [-128.89441, 32.02724],
          [-128.9002, 32.01897],
          [-128.9137, 31.99967],
          [-128.90708, 31.97771],
          [-128.91286, 31.96944],
          [-128.92635, 31.95014],
          [-128.93213, 31.94187],
          [-128.95801, 31.93625],
          [-128.97149, 31.91694],
          [-128.97726, 31.90867],
          [-128.99074, 31.88936],
          [-128.98411, 31.86739],
          [-128.97749, 31.84543],
          [-128.97087, 31.82346],
          [-128.94815, 31.81202],
          [-128.9223, 31.81764],
          [-128.91256, 31.81273],
          [-128.88984, 31.80128],
          [-128.863, 31.80359],
          [-128.85425, 31.80198],
          [-128.84766, 31.78],
          [-128.82495, 31.76854],
          [-128.81522, 31.76363],
          [-128.79252, 31.75216],
          [-128.7828, 31.74725],
          [-128.7601, 31.73578],
          [-128.75038, 31.73086],
          [-128.72769, 31.71938],
          [-128.71797, 31.71446],
          [-128.69529, 31.70298],
          [-128.68557, 31.69806],
          [-128.6629, 31.68658],
          [-128.65319, 31.68165],
          [-128.63281, 31.67786],
          [-128.60468, 31.67573],
          [-128.57884, 31.68129],
          [-128.553, 31.68685],
          [-128.52716, 31.6924],
          [-128.51363, 31.71168],
          [-128.52016, 31.73367],
          [-128.51436, 31.74193],
          [-128.4885, 31.74748],
          [-128.47496, 31.76675],
          [-128.46818, 31.77171],
          [-128.45944, 31.77008],
          [-128.43906, 31.76626],
          [-128.40994, 31.7608],
          [-128.40508, 31.75833],
          [-128.38565, 31.7391],
          [-128.37432, 31.73334],
          [-128.35329, 31.72263],
          [-128.33969, 31.70916],
          [-128.33387, 31.70339],
          [-128.30638, 31.68938],
          [-128.30153, 31.68691],
          [-128.28212, 31.66767],
          [-128.26854, 31.65419],
          [-128.26272, 31.64842],
          [-128.25238, 31.62724],
          [-128.22976, 31.61569],
          [-128.22007, 31.61074],
          [-128.21361, 31.58873],
          [-128.191, 31.57718],
          [-128.18132, 31.57222],
          [-128.17487, 31.55021],
          [-128.18068, 31.54196],
          [-128.19424, 31.5227],
          [-128.18779, 31.50069],
          [-128.1936, 31.49244],
          [-128.20715, 31.47318],
          [-128.21296, 31.46492],
          [-128.22651, 31.44566],
          [-128.23231, 31.4374],
          [-128.24585, 31.41814],
          [-128.2394, 31.39612],
          [-128.2452, 31.38786],
          [-128.25873, 31.36859],
          [-128.25228, 31.34658],
          [-128.25808, 31.33832],
          [-128.2716, 31.31905],
          [-128.26515, 31.29703],
          [-128.27094, 31.28877],
          [-128.28446, 31.26949],
          [-128.29025, 31.26123],
          [-128.30376, 31.24195],
          [-128.30955, 31.23369],
          [-128.32306, 31.21441],
          [-128.30051, 31.20286],
          [-128.29085, 31.19791],
          [-128.26832, 31.18636],
          [-128.24257, 31.19187],
          [-128.23291, 31.18692],
          [-128.21039, 31.17535],
          [-128.18464, 31.18086],
          [-128.17499, 31.1759],
          [-128.15472, 31.17204],
          [-128.12672, 31.16982],
          [-128.11707, 31.16486],
          [-128.0968, 31.16099],
          [-128.06881, 31.15877],
          [-128.05917, 31.1538],
          [-128.0389, 31.14993],
          [-128.00996, 31.14439],
          [-128.00127, 31.14272],
          [-127.97878, 31.13113],
          [-127.96914, 31.12615],
          [-127.94888, 31.12227],
          [-127.91994, 31.11671],
          [-127.91126, 31.11504],
          [-127.88878, 31.10343],
          [-127.87915, 31.09845],
          [-127.8589, 31.09456],
          [-127.82997, 31.08898],
          [-127.8213, 31.08731],
          [-127.79883, 31.07568],
          [-127.7892, 31.0707],
          [-127.76896, 31.06679],
          [-127.74005, 31.0612],
          [-127.73138, 31.05952],
          [-127.70892, 31.04788],
          [-127.6993, 31.0429],
          [-127.67907, 31.03897],
          [-127.65111, 31.03667],
          [-127.6415, 31.03168],
          [-127.61906, 31.02003],
          [-127.60944, 31.01504],
          [-127.58701, 31.00338],
          [-127.5774, 30.99839],
          [-127.55497, 30.98673],
          [-127.54536, 30.98173],
          [-127.52294, 30.97006],
          [-127.51333, 30.96506],
          [-127.49092, 30.95339],
          [-127.48131, 30.94839],
          [-127.45891, 30.93672],
          [-127.45316, 30.9309],
          [-127.44303, 30.90964],
          [-127.42063, 30.89796],
          [-127.41104, 30.89296],
          [-127.40477, 30.87089],
          [-127.38238, 30.8592],
          [-127.37279, 30.85419],
          [-127.35041, 30.8425],
          [-127.34082, 30.83748],
          [-127.33457, 30.81541],
          [-127.31221, 30.80371],
          [-127.30262, 30.7987],
          [-127.29638, 30.77662],
          [-127.27403, 30.76491],
          [-127.26445, 30.75989],
          [-127.2421, 30.74819],
          [-127.23637, 30.74236],
          [-127.2173, 30.72295],
          [-127.20613, 30.7171],
          [-127.18539, 30.70622],
          [-127.17423, 30.70035],
          [-127.15349, 30.68947],
          [-127.14306, 30.68618],
          [-127.11323, 30.67679],
          [-127.11005, 30.67512],
          [-127.08135, 30.66003],
          [-127.07688, 30.65862],
          [-127.04979, 30.64437],
          [-127.04501, 30.64185],
          [-127.01793, 30.62759],
          [-127.01315, 30.62507],
          [-126.99413, 30.60563],
          [-126.98083, 30.59202],
          [-126.97127, 30.58699],
          [-126.94899, 30.57523],
          [-126.93944, 30.57019],
          [-126.91716, 30.55843],
          [-126.90761, 30.55339],
          [-126.90146, 30.53129],
          [-126.87919, 30.51952],
          [-126.86964, 30.51448],
          [-126.8635, 30.49237],
          [-126.85736, 30.47027],
          [-126.85122, 30.44816],
          [-126.85707, 30.43993],
          [-126.87072, 30.42075],
          [-126.86458, 30.39864],
          [-126.87043, 30.39042],
          [-126.88407, 30.37123],
          [-126.87793, 30.34912],
          [-126.88378, 30.3409],
          [-126.89741, 30.32171],
          [-126.89512, 30.2988],
          [-126.89712, 30.29137],
          [-126.91074, 30.27218],
          [-126.91658, 30.26395],
          [-126.94003, 30.25091],
          [-126.9558, 30.23945],
          [-126.96164, 30.23122],
          [-126.98508, 30.21817],
          [-127.01067, 30.21285],
          [-127.03625, 30.20753],
          [-127.06184, 30.2022],
          [-127.08876, 30.20166],
          [-127.11434, 30.19633],
          [-127.14198, 30.19836],
          [-127.15027, 30.19896],
          [-127.16962, 30.20038],
          [-127.19726, 30.2024],
          [-127.2249, 30.20442],
          [-127.23319, 30.20502],
          [-127.25254, 30.20643],
          [-127.28195, 30.21469],
          [-127.29055, 30.2164],
          [-127.3099, 30.2178],
          [-127.33755, 30.2198],
          [-127.35687, 30.22588],
          [-127.36727, 30.22915],
          [-127.39492, 30.23114],
          [-127.41425, 30.23721],
          [-127.42466, 30.24048],
          [-127.45439, 30.24982],
          [-127.45885, 30.25122],
          [-127.48413, 30.25916],
          [-127.50346, 30.26522],
          [-127.51388, 30.26848],
          [-127.54331, 30.2767],
          [-127.55192, 30.27839],
          [-127.57202, 30.28234],
          [-127.59272, 30.29318],
          [-127.60314, 30.29643],
          [-127.63259, 30.30463],
          [-127.63737, 30.30713],
          [-127.66445, 30.32129],
          [-127.66923, 30.32379],
          [-127.69632, 30.33795],
          [-127.70111, 30.34045],
          [-127.7282, 30.35459],
          [-127.73299, 30.35709],
          [-127.7601, 30.37123],
          [-127.76488, 30.37373],
          [-127.792, 30.38787],
          [-127.80062, 30.38954],
          [-127.82074, 30.39345],
          [-127.84149, 30.40426],
          [-127.85266, 30.41007],
          [-127.88173, 30.41676],
          [-127.8862, 30.41814],
          [-127.91334, 30.43226],
          [-127.91813, 30.43475],
          [-127.94528, 30.44886],
          [-127.95007, 30.45135],
          [-127.97723, 30.46545],
          [-127.98202, 30.46794],
          [-128.00919, 30.48204],
          [-128.01782, 30.4837],
          [-128.0402, 30.49531],
          [-128.04979, 30.50028],
          [-128.06994, 30.50416],
          [-128.09072, 30.51493],
          [-128.10192, 30.52072],
          [-128.12271, 30.53149],
          [-128.13391, 30.53728],
          [-128.1547, 30.54804],
          [-128.16814, 30.56155],
          [-128.1739, 30.56734],
          [-128.19311, 30.58664],
          [-128.20655, 30.60015],
          [-128.21232, 30.60594],
          [-128.23154, 30.62523],
          [-128.24499, 30.63873],
          [-128.25076, 30.64452],
          [-128.26999, 30.6638],
          [-128.27641, 30.68585],
          [-128.28988, 30.69935],
          [-128.29565, 30.70513],
          [-128.30592, 30.72634],
          [-128.32133, 30.74645],
          [-128.32776, 30.76849],
          [-128.34125, 30.78198],
          [-128.34703, 30.78776],
          [-128.35347, 30.8098],
          [-128.36376, 30.831],
          [-128.37919, 30.8511],
          [-128.39269, 30.86458],
          [-128.39848, 30.87036],
          [-128.40878, 30.89156],
          [-128.42423, 30.91165],
          [-128.43774, 30.92513],
          [-128.44353, 30.93091],
          [-128.45385, 30.9521],
          [-128.46032, 30.97413],
          [-128.47579, 30.99421],
          [-128.48931, 31.00768],
          [-128.49511, 31.01346],
          [-128.50545, 31.03464],
          [-128.51193, 31.05666],
          [-128.51842, 31.07868],
          [-128.52491, 31.1007],
          [-128.51914, 31.10897],
          [-128.50569, 31.12827],
          [-128.49992, 31.13654],
          [-128.48645, 31.15584],
          [-128.49294, 31.17786],
          [-128.5155, 31.18938],
          [-128.52516, 31.19432],
          [-128.54773, 31.20584],
          [-128.57346, 31.20027],
          [-128.58313, 31.20521],
          [-128.6057, 31.21672],
          [-128.63144, 31.21114],
          [-128.64111, 31.21607],
          [-128.66369, 31.22757],
          [-128.68943, 31.22199],
          [-128.69911, 31.22692],
          [-128.72169, 31.23841],
          [-128.74743, 31.23282],
          [-128.75711, 31.23774],
          [-128.76365, 31.25974],
          [-128.78625, 31.27122],
          [-128.79594, 31.27614],
          [-128.81854, 31.28762],
          [-128.82823, 31.29254],
          [-128.85085, 31.30401],
          [-128.86054, 31.30893],
          [-128.88316, 31.32039],
          [-128.89285, 31.32531],
          [-128.91548, 31.33677],
          [-128.92518, 31.34168],
          [-128.93176, 31.36367],
          [-128.9544, 31.37512],
          [-128.9641, 31.38003],
          [-128.98674, 31.39148],
          [-129.0125, 31.38585],
          [-129.0259, 31.36652],
          [-129.03164, 31.35823],
          [-129.05739, 31.35259],
          [-129.08313, 31.34695],
          [-129.10887, 31.3413],
          [-129.13229, 31.32795],
          [-129.15802, 31.3223],
          [-129.18375, 31.31664],
          [-129.20948, 31.31097],
          [-129.22517, 31.29931],
          [-129.23089, 31.29102],
          [-129.25661, 31.28534],
          [-129.26996, 31.26598],
          [-129.27569, 31.25769],
          [-129.28903, 31.23833],
          [-129.29575, 31.23332],
          [-129.32045, 31.22434],
          [-129.33379, 31.20498],
          [-129.3395, 31.19668],
          [-129.34384, 31.1793],
          [-129.34618, 31.15533],
          [-129.34338, 31.13249],
          [-129.34524, 31.12505],
          [-129.34957, 31.10767],
          [-129.35191, 31.08369],
          [-129.34911, 31.06085],
          [-129.35097, 31.0534],
          [-129.3553, 31.03602],
          [-129.34866, 31.01404],
          [-129.33503, 31.00064],
          [-129.32534, 30.99575],
          [-129.30274, 30.98434],
          [-129.29306, 30.97944],
          [-129.27279, 30.97573],
          [-129.25181, 30.96512],
          [-129.24129, 30.96198],
          [-129.21343, 30.96032],
          [-129.18558, 30.95866],
          [-129.18107, 30.95731],
          [-129.15646, 30.95277],
          [-129.12768, 30.94798],
          [-129.12317, 30.94663],
          [-129.09763, 30.93897],
          [-129.0781, 30.93311],
          [-129.06759, 30.92996],
          [-129.03755, 30.92093],
          [-129.03305, 30.91958],
          [-129.00752, 30.91191],
          [-128.988, 30.90603],
          [-128.9775, 30.90287],
          [-128.9528, 30.89032],
          [-128.94529, 30.8865],
          [-128.91527, 30.87745],
          [-128.91205, 30.87581],
          [-128.88308, 30.86106],
          [-128.87858, 30.8597],
          [-128.85122, 30.84576],
          [-128.84639, 30.8433],
          [-128.81905, 30.82936],
          [-128.81422, 30.8269],
          [-128.79188, 30.80834],
          [-128.78362, 30.80194],
          [-128.76272, 30.79127],
          [-128.74918, 30.77781],
          [-128.73954, 30.77289],
          [-128.71704, 30.76139],
          [-128.7074, 30.75646],
          [-128.68491, 30.74495],
          [-128.67527, 30.74002],
          [-128.66877, 30.71799],
          [-128.64629, 30.70648],
          [-128.63666, 30.70155],
          [-128.6424, 30.69327],
          [-128.65578, 30.67394],
          [-128.66152, 30.66565],
          [-128.6749, 30.64632],
          [-128.68063, 30.63804],
          [-128.69401, 30.61871],
          [-128.68751, 30.59668],
          [-128.69324, 30.58839],
          [-128.69765, 30.57101],
          [-128.69116, 30.54898],
          [-128.67766, 30.53551],
          [-128.67188, 30.52974],
          [-128.66155, 30.50854],
          [-128.63911, 30.49703],
          [-128.6295, 30.49209],
          [-128.60706, 30.48057],
          [-128.60129, 30.4748],
          [-128.57405, 30.4608],
          [-128.56925, 30.45833],
          [-128.55, 30.43907],
          [-128.5388, 30.43331],
          [-128.51798, 30.4226],
          [-128.50678, 30.41683],
          [-128.47799, 30.41137],
          [-128.47319, 30.40889],
          [-128.44599, 30.39487],
          [-128.44119, 30.3924],
          [-128.41399, 30.37837],
          [-128.40536, 30.37673],
          [-128.38297, 30.36518],
          [-128.37338, 30.36022],
          [-128.351, 30.34866],
          [-128.3414, 30.34371],
          [-128.31903, 30.33214],
          [-128.29251, 30.33436],
          [-128.28388, 30.33271],
          [-128.26152, 30.32114],
          [-128.25193, 30.31618],
          [-128.22957, 30.3046],
          [-128.21998, 30.29964],
          [-128.19763, 30.28806],
          [-128.18805, 30.28309],
          [-128.1657, 30.2715],
          [-128.15612, 30.26654],
          [-128.13378, 30.25494],
          [-128.1242, 30.24997],
          [-128.10187, 30.23838],
          [-128.09229, 30.2334],
          [-128.08593, 30.21134],
          [-128.06361, 30.19973],
          [-128.05404, 30.19476],
          [-128.03172, 30.18315],
          [-128.02216, 30.17817],
          [-127.99984, 30.16656],
          [-127.99028, 30.16158],
          [-127.97093, 30.16027],
          [-127.94149, 30.15213],
          [-127.93288, 30.15046],
          [-127.91354, 30.14913],
          [-127.8859, 30.14724],
          [-127.85826, 30.14534],
          [-127.84996, 30.14477],
          [-127.83099, 30.14473],
          [-127.80298, 30.14153],
          [-127.77519, 30.13906],
          [-127.76705, 30.13904],
          [-127.74807, 30.13898],
          [-127.72096, 30.1389],
          [-127.69385, 30.13881],
          [-127.67521, 30.13517],
          [-127.66517, 30.1332],
          [-127.63717, 30.12997],
          [-127.61785, 30.12393],
          [-127.60745, 30.12067],
          [-127.59558, 30.11983]
        ]
      }
    },
    {
      "type": "Feature",
      "id": "2026101018_f054_07000_022",
      "properties": {
        "product_id": "winter_storm_levels",
        "source_id": "nbm_snow_level",
        "parameter": "snow_level",
        "definition": "height of the wet-bulb 0.5 degree C surface",
        "level_ft_msl": 7000,
        "label": "7,000 ft MSL",
        "unit": "ft_msl",
        "cycle_time_utc": "2026-10-10T18:00:00Z",
        "valid_time_utc": "2026-10-13T00:00:00Z",
        "lead_hours": 54,
        "segment": 22,
        "length_m": 1377204.9
      },
      "geometry": {
        "type": "LineString",
        "coordinates": [
          [-130, 34.30535],
          [-129.99327, 34.31024],
          [-129.97968, 34.32952],
          [-129.95434, 34.33853],
          [-129.94747, 34.34352],
          [-129.93387, 34.36279],
          [-129.90852, 34.3718],
          [-129.90165, 34.37678],
          [-129.88803, 34.39605],
          [-129.86163, 34.40178],
          [-129.85579, 34.41003],
          [-129.84217, 34.42929],
          [-129.83633, 34.43754],
          [-129.8227, 34.45679],
          [-129.81685, 34.46504],
          [-129.80321, 34.48429],
          [-129.79737, 34.49254],
          [-129.78372, 34.51179],
          [-129.75729, 34.5175],
          [-129.75144, 34.52575],
          [-129.73778, 34.54499],
          [-129.73192, 34.55323],
          [-129.73885, 34.57501],
          [-129.74578, 34.59679],
          [-129.75272, 34.61856],
          [-129.76273, 34.62338],
          [-129.78611, 34.63463],
          [-129.79614, 34.63944],
          [-129.81952, 34.65068],
          [-129.82647, 34.67245],
          [-129.8365, 34.67726],
          [-129.8599, 34.68849],
          [-129.86686, 34.71026],
          [-129.87689, 34.71507],
          [-129.9003, 34.72629],
          [-129.91034, 34.7311],
          [-129.92448, 34.74433],
          [-129.94623, 34.75474],
          [-129.95795, 34.76035],
          [-129.97817, 34.77924],
          [-129.97766, 34.80261],
          [-129.97427, 34.82661],
          [-129.97127, 34.83269],
          [-129.96139, 34.85267],
          [-129.95408, 34.86743],
          [-129.93988, 34.88058],
          [-129.93223, 34.88766],
          [-129.91037, 34.90789],
          [-129.90709, 34.91092],
          [-129.88851, 34.92811],
          [-129.88004, 34.94001],
          [-129.87817, 34.96367],
          [-129.8732, 34.96881],
          [-129.85172, 34.99029],
          [-129.84844, 34.99332],
          [-129.82884, 35.00742],
          [-129.80578, 35.024],
          [-129.80232, 35.02649],
          [-129.78271, 35.04058],
          [-129.75963, 35.05715],
          [-129.75617, 35.05964],
          [-129.73655, 35.07372],
          [-129.72018, 35.09059],
          [-129.71495, 35.09496],
          [-129.69116, 35.10935],
          [-129.67398, 35.12371],
          [-129.66899, 35.12885],
          [-129.64762, 35.15083],
          [-129.64614, 35.15289],
          [-129.63314, 35.17889],
          [-129.63011, 35.18496],
          [-129.61504, 35.20597],
          [-129.61126, 35.21491],
          [-129.60713, 35.23088],
          [-129.60076, 35.25545],
          [-129.59773, 35.26152],
          [-129.5908, 35.28079],
          [-129.58111, 35.29852],
          [-129.57645, 35.30706],
          [-129.56187, 35.32733],
          [-129.55791, 35.33421],
          [-129.54247, 35.35567],
          [-129.5382, 35.3616],
          [-129.52385, 35.38646],
          [-129.52267, 35.3881],
          [-129.50828, 35.41436],
          [-129.50576, 35.41895],
          [-129.49388, 35.4406],
          [-129.48875, 35.45484],
          [-129.48482, 35.46572],
          [-129.47668, 35.49064],
          [-129.47363, 35.49669],
          [-129.4636, 35.51659],
          [-129.45815, 35.53746],
          [-129.45719, 35.54114],
          [-129.44566, 35.56676],
          [-129.44185, 35.57568],
          [-129.43479, 35.59224],
          [-129.42554, 35.61389],
          [-129.42458, 35.61757],
          [-129.41147, 35.64352],
          [-129.40922, 35.6521],
          [-129.40504, 35.66805],
          [-129.39861, 35.69257],
          [-129.40555, 35.71429],
          [-129.40572, 35.73047],
          [-129.40513, 35.73754],
          [-129.40315, 35.76113],
          [-129.39389, 35.78277],
          [-129.39091, 35.78687],
          [-129.38135, 35.81204],
          [-129.37996, 35.82855],
          [-129.37401, 35.83675],
          [-129.36012, 35.85587],
          [-129.35819, 35.86323],
          [-129.34132, 35.88645],
          [-129.33834, 35.89055],
          [-129.3195, 35.90761],
          [-129.30508, 35.92067],
          [-129.29732, 35.92769],
          [-129.27283, 35.94053],
          [-129.25841, 35.95358],
          [-129.25024, 35.95934],
          [-129.22734, 35.97719],
          [-129.22217, 35.98429],
          [-129.21393, 36.00915],
          [-129.21166, 36.01772],
          [-129.21034, 36.03303],
          [-129.20764, 36.05673],
          [-129.20212, 36.07755],
          [-129.20182, 36.08108],
          [-129.2031, 36.10394],
          [-129.20465, 36.12675],
          [-129.20177, 36.15048],
          [-129.20192, 36.16663],
          [-129.20238, 36.17347],
          [-129.20393, 36.19627],
          [-129.2024, 36.21972],
          [-129.20417, 36.24247],
          [-129.20033, 36.25136],
          [-129.19609, 36.26726],
          [-129.19115, 36.29141],
          [-129.1873, 36.30029],
          [-129.18306, 36.3162],
          [-129.17114, 36.33947],
          [-129.17049, 36.34192],
          [-129.16638, 36.36587],
          [-129.15419, 36.3762],
          [-129.14378, 36.37056],
          [-129.12788, 36.35075],
          [-129.11231, 36.33491],
          [-129.10874, 36.3316],
          [-129.08228, 36.31398],
          [-129.07616, 36.31149],
          [-129.0465, 36.3084],
          [-129.03728, 36.32328],
          [-129.02937, 36.34468],
          [-129.02862, 36.34817],
          [-129.03149, 36.37068],
          [-129.03704, 36.39263],
          [-129.03649, 36.41585],
          [-129.03017, 36.43724],
          [-129.02922, 36.44044],
          [-129.01408, 36.46666],
          [-129.01201, 36.47035],
          [-128.99811, 36.49304],
          [-128.99311, 36.50118],
          [-128.98611, 36.51859],
          [-128.97909, 36.54312],
          [-128.97824, 36.54464],
          [-128.96442, 36.56922],
          [-128.95947, 36.57593],
          [-128.93759, 36.59746],
          [-128.93707, 36.59792],
          [-128.91557, 36.61861],
          [-128.9033, 36.62792],
          [-128.89264, 36.63688],
          [-128.86895, 36.6528],
          [-128.85393, 36.6611],
          [-128.84484, 36.6674],
          [-128.82325, 36.68997],
          [-128.82288, 36.69051],
          [-128.81233, 36.71573],
          [-128.80973, 36.73793],
          [-128.80966, 36.73933],
          [-128.80283, 36.76378],
          [-128.79435, 36.78011],
          [-128.78795, 36.78987],
          [-128.77403, 36.80675],
          [-128.76615, 36.81736],
          [-128.7548, 36.83683],
          [-128.74878, 36.84395],
          [-128.73386, 36.86158],
          [-128.72149, 36.87254],
          [-128.71164, 36.88232],
          [-128.68895, 36.90161],
          [-128.68811, 36.90236],
          [-128.66793, 36.92616],
          [-128.66012, 36.93107],
          [-128.64493, 36.94451],
          [-128.63381, 36.95943],
          [-128.62625, 36.97651],
          [-128.62143, 36.98497],
          [-128.60773, 37.00904],
          [-128.60662, 37.01099],
          [-128.58651, 37.03309],
          [-128.58095, 37.0392],
          [-128.56596, 37.05926],
          [-128.56187, 37.06607],
          [-128.54706, 37.09069],
          [-128.54685, 37.09211],
          [-128.54866, 37.11476],
          [-128.55305, 37.13689],
          [-128.55637, 37.15923],
          [-128.55936, 37.18164],
          [-128.56073, 37.20437],
          [-128.5608, 37.22506],
          [-128.5608, 37.22736],
          [-128.56088, 37.25035],
          [-128.56095, 37.27333],
          [-128.57146, 37.29422],
          [-128.5808, 37.31534],
          [-128.59509, 37.33546],
          [-128.5995, 37.35757],
          [-128.60638, 37.37918],
          [-128.61294, 37.40085],
          [-128.61983, 37.42245],
          [-128.62672, 37.44405],
          [-128.63321, 37.46573],
          [-128.63899, 37.48756],
          [-128.63528, 37.51128],
          [-128.65491, 37.52055],
          [-128.67327, 37.52663],
          [-128.68806, 37.53361],
          [-128.6966, 37.54491],
          [-128.71168, 37.56486],
          [-128.7186, 37.58644],
          [-128.72279, 37.60857],
          [-128.7288, 37.63034],
          [-128.73392, 37.65228],
          [-128.73812, 37.67441],
          [-128.74462, 37.69607],
          [-128.74925, 37.71811],
          [-128.75601, 37.73971],
          [-128.76858, 37.76015],
          [-128.7837, 37.78007],
          [-128.79883, 37.79998],
          [-128.80578, 37.82155],
          [-128.81273, 37.8431],
          [-128.81969, 37.86466],
          [-128.82392, 37.88677],
          [-128.82896, 37.9087],
          [-128.83433, 37.93057],
          [-128.83574, 37.95324],
          [-128.8343, 37.97647],
          [-128.83204, 37.98126],
          [-128.81774, 38.00274],
          [-128.81411, 38.01586],
          [-128.81033, 38.02717],
          [-128.80309, 38.05156],
          [-128.79962, 38.0611],
          [-128.78919, 38.07728],
          [-128.7794, 38.08867],
          [-128.76739, 38.10457],
          [-128.75981, 38.11821],
          [-128.75306, 38.13037],
          [-128.74884, 38.15414],
          [-128.74581, 38.16506],
          [-128.74142, 38.17854],
          [-128.73049, 38.20364],
          [-128.72965, 38.20527],
          [-128.71601, 38.22945],
          [-128.71198, 38.24085],
          [-128.70666, 38.25423],
          [-128.69818, 38.27882],
          [-128.69696, 38.28463],
          [-128.69185, 38.30299],
          [-128.68773, 38.32672],
          [-128.68606, 38.34118],
          [-128.68299, 38.35056],
          [-128.66734, 38.3736],
          [-128.66468, 38.3771],
          [-128.65087, 38.40274],
          [-128.65012, 38.41068],
          [-128.64716, 38.42637],
          [-128.64465, 38.44976],
          [-128.64409, 38.47276],
          [-128.64354, 38.48065],
          [-128.63989, 38.49648],
          [-128.63966, 38.51941],
          [-128.64451, 38.54133],
          [-128.64832, 38.56345],
          [-128.64971, 38.58605],
          [-128.64912, 38.58817],
          [-128.63874, 38.6111],
          [-128.63265, 38.62766],
          [-128.62703, 38.63629],
          [-128.616, 38.66134],
          [-128.61509, 38.6638],
          [-128.59968, 38.68742],
          [-128.59679, 38.69771],
          [-128.57969, 38.71423],
          [-128.5757, 38.72302],
          [-128.5506, 38.73597],
          [-128.5241, 38.74462],
          [-128.51687, 38.74947],
          [-128.52383, 38.77095],
          [-128.53079, 38.79243],
          [-128.53775, 38.81391],
          [-128.53506, 38.83728],
          [-128.53559, 38.86002],
          [-128.534, 38.86567],
          [-128.52348, 38.88524],
          [-128.51767, 38.9058],
          [-128.51596, 38.90956],
          [-128.51299, 38.93298],
          [-128.51175, 38.95605],
          [-128.51097, 38.97561],
          [-128.50925, 38.97937],
          [-128.49919, 39.00417],
          [-128.49729, 39.02395],
          [-128.49419, 39.02798],
          [-128.47663, 39.05081],
          [-128.46938, 39.05565],
          [-128.45491, 39.07446],
          [-128.44871, 39.08251],
          [-128.43099, 39.0913],
          [-128.40659, 39.10671],
          [-128.40038, 39.11476],
          [-128.38589, 39.13356],
          [-128.35823, 39.13895],
          [-128.33057, 39.14433],
          [-128.32436, 39.15238],
          [-128.3313, 39.17383],
          [-128.34168, 39.17865],
          [-128.36591, 39.1899],
          [-128.36318, 39.21323],
          [-128.35836, 39.23012],
          [-128.35214, 39.23817],
          [-128.33762, 39.25695],
          [-128.3314, 39.26499],
          [-128.32543, 39.28894],
          [-128.31994, 39.2932],
          [-128.29716, 39.3138],
          [-128.28989, 39.31862],
          [-128.27212, 39.32738],
          [-128.2615, 39.3469],
          [-128.25365, 39.36133],
          [-128.24765, 39.37236],
          [-128.23864, 39.39688],
          [-128.23749, 39.40241],
          [-128.23005, 39.42131],
          [-128.22395, 39.44526],
          [-128.22262, 39.44751],
          [-128.20644, 39.4714],
          [-128.20267, 39.47696],
          [-128.18627, 39.49805],
          [-128.18168, 39.50323],
          [-128.16197, 39.52549],
          [-128.15991, 39.52711],
          [-128.13538, 39.54249],
          [-128.10837, 39.55021],
          [-128.08114, 39.55724],
          [-128.05204, 39.55849],
          [-128.02557, 39.56789],
          [-128.00625, 39.57813],
          [-128.00017, 39.58062],
          [-127.97562, 39.59601],
          [-127.96358, 39.60903],
          [-127.95339, 39.61865],
          [-127.93954, 39.63636],
          [-127.93325, 39.64779],
          [-127.92393, 39.66207],
          [-127.91347, 39.67808],
          [-127.90697, 39.68803],
          [-127.89476, 39.71172],
          [-127.89448, 39.71314],
          [-127.88415, 39.73782],
          [-127.87815, 39.75191],
          [-127.87446, 39.76238],
          [-127.86558, 39.78679],
          [-127.86228, 39.79442],
          [-127.85548, 39.81142],
          [-127.84704, 39.83573],
          [-127.84641, 39.83698],
          [-127.8353, 39.86066],
          [-127.82886, 39.87437],
          [-127.82494, 39.88533],
          [-127.81621, 39.90968],
          [-127.81312, 39.91738],
          [-127.8068, 39.93416],
          [-127.79631, 39.9571],
          [-127.79538, 39.95901],
          [-127.78408, 39.98384],
          [-127.77912, 39.99569],
          [-127.77411, 40.00841],
          [-127.7667, 40.03249],
          [-127.76415, 40.04117],
          [-127.75634, 40.05712],
          [-127.7473, 40.08089],
          [-127.74684, 40.08159],
          [-127.73289, 40.10689],
          [-127.72839, 40.11419],
          [-127.71474, 40.13298],
          [-127.70784, 40.14247],
          [-127.69566, 40.15923],
          [-127.68688, 40.16949],
          [-127.67114, 40.1865],
          [-127.66477, 40.19294],
          [-127.64191, 40.21412],
          [-127.64123, 40.21477],
          [-127.61853, 40.23367],
          [-127.60954, 40.24336],
          [-127.59737, 40.26017],
          [-127.5918, 40.26933],
          [-127.5785, 40.29384],
          [-127.57809, 40.29454],
          [-127.56952, 40.31878],
          [-127.56282, 40.33747],
          [-127.56011, 40.34318],
          [-127.55015, 40.36767],
          [-127.54505, 40.3746],
          [-127.52948, 40.39416],
          [-127.52356, 40.40019],
          [-127.49947, 40.41771],
          [-127.4906, 40.42402],
          [-127.47479, 40.43341],
          [-127.45461, 40.45333],
          [-127.45241, 40.45631],
          [-127.44071, 40.47853],
          [-127.43481, 40.49414],
          [-127.43202, 40.50276],
          [-127.42621, 40.52645],
          [-127.42265, 40.54896],
          [-127.42246, 40.54975],
          [-127.41863, 40.57307],
          [-127.41649, 40.59607],
          [-127.41933, 40.61814],
          [-127.42537, 40.63962],
          [-127.44685, 40.65825],
          [-127.45967, 40.66416],
          [-127.48778, 40.65895],
          [-127.50072, 40.64826],
          [-127.51105, 40.63872],
          [-127.52304, 40.62152],
          [-127.52951, 40.60359],
          [-127.53229, 40.5972],
          [-127.54742, 40.57178],
          [-127.54853, 40.57025],
          [-127.5685, 40.54524],
          [-127.56974, 40.5437],
          [-127.58766, 40.51906],
          [-127.59036, 40.51535],
          [-127.61072, 40.49214],
          [-127.61207, 40.49045],
          [-127.63666, 40.47448],
          [-127.64587, 40.48558],
          [-127.64349, 40.49564],
          [-127.63824, 40.50963],
          [-127.62995, 40.53379],
          [-127.62758, 40.53851],
          [-127.61454, 40.55928],
          [-127.60828, 40.57091],
          [-127.59689, 40.58518],
          [-127.58754, 40.59888],
          [-127.5792, 40.61108],
          [-127.56731, 40.62847],
          [-127.56034, 40.6372],
          [-127.55203, 40.66134],
          [-127.55128, 40.67108],
          [-127.54877, 40.68454],
          [-127.54633, 40.70759],
          [-127.54407, 40.7306],
          [-127.54381, 40.74025],
          [-127.54188, 40.7536],
          [-127.54223, 40.77612],
          [-127.54285, 40.79859],
          [-127.54348, 40.82105],
          [-127.54322, 40.8307],
          [-127.54129, 40.84404],
          [-127.54043, 40.86677],
          [-127.54515, 40.88847],
          [-127.54988, 40.91017],
          [-127.55678, 40.93146],
          [-127.56368, 40.95275],
          [-127.57059, 40.97404],
          [-127.5775, 40.99532],
          [-127.58441, 41.0166],
          [-127.59349, 41.03748],
          [-127.60041, 41.05875],
          [-127.60733, 41.08003],
          [-127.61425, 41.1013],
          [-127.61827, 41.1231],
          [-127.61892, 41.14553],
          [-127.61867, 41.15515],
          [-127.61543, 41.16871],
          [-127.61597, 41.19115],
          [-127.6136, 41.21413],
          [-127.60957, 41.21913],
          [-127.58038, 41.22147],
          [-127.57836, 41.22063],
          [-127.54523, 41.20551],
          [-127.54263, 41.20467],
          [-127.51135, 41.19343],
          [-127.4823, 41.19619],
          [-127.45609, 41.20768],
          [-127.44223, 41.22313],
          [-127.43542, 41.23629],
          [-127.43019, 41.24786],
          [-127.42678, 41.27101],
          [-127.42269, 41.2894],
          [-127.42051, 41.29468],
          [-127.40444, 41.32014],
          [-127.40323, 41.32179],
          [-127.37869, 41.33856],
          [-127.35287, 41.3514],
          [-127.35095, 41.35242],
          [-127.32658, 41.36282],
          [-127.30734, 41.38288],
          [-127.30479, 41.38813],
          [-127.29746, 41.40718],
          [-127.2898, 41.43107],
          [-127.28996, 41.43498],
          [-127.28714, 41.45405],
          [-127.28684, 41.4766],
          [-127.30128, 41.49646],
          [-127.30759, 41.5178],
          [-127.31317, 41.53927],
          [-127.30516, 41.5632],
          [-127.30318, 41.56834],
          [-127.29486, 41.58755],
          [-127.286, 41.60798],
          [-127.28377, 41.61204],
          [-127.28244, 41.63475],
          [-127.28519, 41.65672],
          [-127.29209, 41.67793],
          [-127.29464, 41.69993],
          [-127.29604, 41.72214],
          [-127.29487, 41.7278],
          [-127.28851, 41.74596],
          [-127.28337, 41.76934],
          [-127.28168, 41.77975],
          [-127.27694, 41.79296],
          [-127.26294, 41.81469],
          [-127.25469, 41.81943],
          [-127.23659, 41.82626],
          [-127.20985, 41.83666],
          [-127.18458, 41.8516],
          [-127.18178, 41.85502],
          [-127.16675, 41.88017],
          [-127.16536, 41.88518],
          [-127.15797, 41.90418],
          [-127.15578, 41.927],
          [-127.15429, 41.94386],
          [-127.15299, 41.94993],
          [-127.15751, 41.97154],
          [-127.16825, 41.98679],
          [-127.17167, 41.99141],
          [-127.20382, 42.00339],
          [-127.23291, 42.00009],
          [-127.25797, 41.9983],
          [-127.26809, 42.01889],
          [-127.27061, 42.04086],
          [-127.26479, 42.06432],
          [-127.25743, 42.07522],
          [-127.23267, 42.09184],
          [-127.23074, 42.09286],
          [-127.20632, 42.10362],
          [-127.18915, 42.12273],
          [-127.18539, 42.13205],
          [-127.18019, 42.14674],
          [-127.17638, 42.16982],
          [-127.17448, 42.19121],
          [-127.17419, 42.19261],
          [-127.17456, 42.21493],
          [-127.17178, 42.23782],
          [-127.16507, 42.25497],
          [-127.16158, 42.26203],
          [-127.15054, 42.28639],
          [-127.14912, 42.29872],
          [-127.14682, 42.30943],
          [-127.14634, 42.33189],
          [-127.14593, 42.35433],
          [-127.14402, 42.3757],
          [-127.14372, 42.3771],
          [-127.14052, 42.40003],
          [-127.13805, 42.42283],
          [-127.14241, 42.44442],
          [-127.14543, 42.46624],
          [-127.14642, 42.47556],
          [-127.14569, 42.48854],
          [-127.13351, 42.51306],
          [-127.13075, 42.52026],
          [-127.12171, 42.53751],
          [-127.11274, 42.55782],
          [-127.11047, 42.56185],
          [-127.09969, 42.58611],
          [-127.09467, 42.59526],
          [-127.08613, 42.61085],
          [-127.07701, 42.63396],
          [-127.07649, 42.63489],
          [-127.06831, 42.65867],
          [-127.06512, 42.68156],
          [-127.06633, 42.69399],
          [-127.06646, 42.70364],
          [-127.07117, 42.72513],
          [-127.0764, 42.74652],
          [-127.08281, 42.7677],
          [-127.09152, 42.78846],
          [-127.10318, 42.80871],
          [-127.10448, 42.81015],
          [-127.11754, 42.82847],
          [-127.12954, 42.84865],
          [-127.13959, 42.86917],
          [-127.14875, 42.88985],
          [-127.15952, 42.91024],
          [-127.17317, 42.92622],
          [-127.17573, 42.92966],
          [-127.18895, 42.94961],
          [-127.19871, 42.97018],
          [-127.20568, 42.99123],
          [-127.21265, 43.01228],
          [-127.21741, 43.03372],
          [-127.22438, 43.05476],
          [-127.23136, 43.07581],
          [-127.23834, 43.09684],
          [-127.24533, 43.11788],
          [-127.24967, 43.13938],
          [-127.2504, 43.15929],
          [-127.25014, 43.16156],
          [-127.24055, 43.18552],
          [-127.23759, 43.2083],
          [-127.23679, 43.21018],
          [-127.22147, 43.23341],
          [-127.21627, 43.24033],
          [-127.19797, 43.2598],
          [-127.19351, 43.26374],
          [-127.17037, 43.28607],
          [-127.16955, 43.28705],
          [-127.15474, 43.3119],
          [-127.15188, 43.32241],
          [-127.14619, 43.33564],
          [-127.14204, 43.35861],
          [-127.14027, 43.37948],
          [-127.13983, 43.38122],
          [-127.13501, 43.4043],
          [-127.13959, 43.42572],
          [-127.14932, 43.44623],
          [-127.16778, 43.46521],
          [-127.16945, 43.46714],
          [-127.18175, 43.48498],
          [-127.18875, 43.50596],
          [-127.19119, 43.52775],
          [-127.19097, 43.53167],
          [-127.1872, 43.55066],
          [-127.18981, 43.57241],
          [-127.19315, 43.59402],
          [-127.20016, 43.61499],
          [-127.20407, 43.6365],
          [-127.20419, 43.65868],
          [-127.20382, 43.66185],
          [-127.19853, 43.68186],
          [-127.19614, 43.70447],
          [-127.19308, 43.72142],
          [-127.19072, 43.7276],
          [-127.17895, 43.75184],
          [-127.17529, 43.75996],
          [-127.16596, 43.77628],
          [-127.15759, 43.7988],
          [-127.15685, 43.80004],
          [-127.14196, 43.82481],
          [-127.13863, 43.83394],
          [-127.13046, 43.84897],
          [-127.12421, 43.87222],
          [-127.12224, 43.87675],
          [-127.10865, 43.89709],
          [-127.10212, 43.90847],
          [-127.0934, 43.92189],
          [-127.08183, 43.93968],
          [-127.07641, 43.94699],
          [-127.06323, 43.97142],
          [-127.06222, 43.973],
          [-127.04574, 43.99659],
          [-127.04159, 44.00329],
          [-127.02901, 44.02162],
          [-127.02232, 44.03764],
          [-127.01793, 44.04567],
          [-127.01021, 44.06913],
          [-127.0077, 44.08594],
          [-127.00608, 44.09197],
          [-127.00609, 44.11409],
          [-127.00718, 44.13602],
          [-127.00106, 44.15808],
          [-127.00044, 44.15929],
          [-126.97782, 44.18068],
          [-126.9697, 44.1867],
          [-126.95288, 44.19826],
          [-126.92775, 44.21529],
          [-126.92673, 44.2162],
          [-126.90351, 44.235],
          [-126.89619, 44.24355],
          [-126.88334, 44.2669],
          [-126.88276, 44.26795],
          [-126.87424, 44.2915],
          [-126.86642, 44.30857],
          [-126.86097, 44.31586],
          [-126.84314, 44.33124],
          [-126.81684, 44.34489],
          [-126.81484, 44.34583],
          [-126.78967, 44.35597],
          [-126.76538, 44.37569],
          [-126.76472, 44.37646],
          [-126.74898, 44.40122],
          [-126.74523, 44.40781],
          [-126.73254, 44.42608],
          [-126.72407, 44.43695],
          [-126.70964, 44.45204],
          [-126.70066, 44.45939],
          [-126.68068, 44.47901],
          [-126.67752, 44.48267],
          [-126.66388, 44.5]
        ]
      }
    },
    {
      "type": "Feature",
      "id": "2026101018_f054_08000_001",
      "properties": {
        "product_id": "winter_storm_levels",
        "source_id": "nbm_snow_level",
        "parameter": "snow_level",
        "definition": "height of the wet-bulb 0.5 degree C surface",
        "level_ft_msl": 8000,
        "label": "8,000 ft MSL",
        "unit": "ft_msl",
        "cycle_time_utc": "2026-10-10T18:00:00Z",
        "valid_time_utc": "2026-10-13T00:00:00Z",
        "lead_hours": 54,
        "segment": 1,
        "length_m": 11291
      },
      "geometry": {
        "type": "LineString",
        "coordinates": [
          [-115.57591, 35.59581],
          [-115.55742, 35.61626],
          [-115.53226, 35.60123],
          [-115.55075, 35.58078],
          [-115.57591, 35.59581]
        ]
      }
    },
    {
      "type": "Feature",
      "id": "2026101018_f054_08000_002",
      "properties": {
        "product_id": "winter_storm_levels",
        "source_id": "nbm_snow_level",
        "parameter": "snow_level",
        "definition": "height of the wet-bulb 0.5 degree C surface",
        "level_ft_msl": 8000,
        "label": "8,000 ft MSL",
        "unit": "ft_msl",
        "cycle_time_utc": "2026-10-10T18:00:00Z",
        "valid_time_utc": "2026-10-13T00:00:00Z",
        "lead_hours": 54,
        "segment": 2,
        "length_m": 11459.8
      },
      "geometry": {
        "type": "LineString",
        "coordinates": [
          [-115.67867, 44.5],
          [-115.65254, 44.48632],
          [-115.64568, 44.48273],
          [-115.61596, 44.48599],
          [-115.58624, 44.48923],
          [-115.55697, 44.4946],
          [-115.55148, 44.49736],
          [-115.54625, 44.5]
        ]
      }
    },
    {
      "type": "Feature",
      "id": "2026101018_f054_08000_003",
      "properties": {
        "product_id": "winter_storm_levels",
        "source_id": "nbm_snow_level",
        "parameter": "snow_level",
        "definition": "height of the wet-bulb 0.5 degree C surface",
        "level_ft_msl": 8000,
        "label": "8,000 ft MSL",
        "unit": "ft_msl",
        "cycle_time_utc": "2026-10-10T18:00:00Z",
        "valid_time_utc": "2026-10-13T00:00:00Z",
        "lead_hours": 54,
        "segment": 3,
        "length_m": 29819.3
      },
      "geometry": {
        "type": "LineString",
        "coordinates": [
          [-115.86583, 40.95039],
          [-115.86138, 40.92873],
          [-115.85694, 40.90707],
          [-115.85031, 40.90341],
          [-115.84547, 40.90841],
          [-115.82609, 40.92843],
          [-115.82124, 40.93343],
          [-115.80185, 40.95344],
          [-115.797, 40.95844],
          [-115.7776, 40.97845],
          [-115.77275, 40.98345],
          [-115.77718, 41.0051],
          [-115.78381, 41.00876],
          [-115.8125, 41.00541],
          [-115.81735, 41.00041],
          [-115.83675, 40.98041],
          [-115.8416, 40.97541],
          [-115.86098, 40.95539],
          [-115.86583, 40.95039]
        ]
      }
    },
    {
      "type": "Feature",
      "id": "2026101018_f054_08000_004",
      "properties": {
        "product_id": "winter_storm_levels",
        "source_id": "nbm_snow_level",
        "parameter": "snow_level",
        "definition": "height of the wet-bulb 0.5 degree C surface",
        "level_ft_msl": 8000,
        "label": "8,000 ft MSL",
        "unit": "ft_msl",
        "cycle_time_utc": "2026-10-10T18:00:00Z",
        "valid_time_utc": "2026-10-13T00:00:00Z",
        "lead_hours": 54,
        "segment": 4,
        "length_m": 68443
      },
      "geometry": {
        "type": "LineString",
        "coordinates": [
          [-115.87264, 40.03804],
          [-115.85342, 40.05815],
          [-115.84862, 40.06317],
          [-115.82939, 40.08328],
          [-115.82459, 40.0883],
          [-115.82899, 40.11006],
          [-115.8334, 40.13181],
          [-115.8378, 40.15356],
          [-115.81856, 40.17365],
          [-115.81375, 40.17868],
          [-115.7945, 40.19876],
          [-115.76603, 40.20212],
          [-115.76121, 40.20714],
          [-115.74195, 40.22722],
          [-115.71347, 40.23057],
          [-115.69857, 40.21452],
          [-115.69419, 40.19277],
          [-115.70207, 40.17403],
          [-115.70689, 40.16901],
          [-115.70251, 40.14726],
          [-115.70951, 40.12417],
          [-115.71738, 40.10542],
          [-115.7222, 40.1004],
          [-115.71782, 40.07864],
          [-115.73706, 40.05855],
          [-115.74187, 40.05352],
          [-115.74886, 40.03042],
          [-115.75672, 40.01166],
          [-115.76152, 40.00664],
          [-115.78075, 39.98653],
          [-115.80699, 40.00125],
          [-115.81355, 40.00493],
          [-115.83981, 40.01965],
          [-115.84637, 40.02333],
          [-115.87264, 40.03804]
        ]
      }
    },
    {
      "type": "Feature",
      "id": "2026101018_f054_08000_005",
      "properties": {
        "product_id": "winter_storm_levels",
        "source_id": "nbm_snow_level",
        "parameter": "snow_level",
        "definition": "height of the wet-bulb 0.5 degree C surface",
        "level_ft_msl": 8000,
        "label": "8,000 ft MSL",
        "unit": "ft_msl",
        "cycle_time_utc": "2026-10-10T18:00:00Z",
        "valid_time_utc": "2026-10-13T00:00:00Z",
        "lead_hours": 54,
        "segment": 5,
        "length_m": 12657.1
      },
      "geometry": {
        "type": "LineString",
        "coordinates": [
          [-116.03404, 39.77343],
          [-116.0296, 39.75164],
          [-116.02517, 39.72985],
          [-116.01862, 39.72617],
          [-116.01384, 39.73121],
          [-116.01827, 39.753],
          [-116.0227, 39.77479],
          [-116.02925, 39.77846],
          [-116.03404, 39.77343]
        ]
      }
    },
    {
      "type": "Feature",
      "id": "2026101018_f054_08000_006",
      "properties": {
        "product_id": "winter_storm_levels",
        "source_id": "nbm_snow_level",
        "parameter": "snow_level",
        "definition": "height of the wet-bulb 0.5 degree C surface",
        "level_ft_msl": 8000,
        "label": "8,000 ft MSL",
        "unit": "ft_msl",
        "cycle_time_utc": "2026-10-10T18:00:00Z",
        "valid_time_utc": "2026-10-13T00:00:00Z",
        "lead_hours": 54,
        "segment": 6,
        "length_m": 32982.9
      },
      "geometry": {
        "type": "LineString",
        "coordinates": [
          [-116.16246, 35.88506],
          [-116.15816, 35.86292],
          [-116.15386, 35.84077],
          [-116.14956, 35.81862],
          [-116.12428, 35.80369],
          [-116.09697, 35.80717],
          [-116.07136, 35.8195],
          [-116.06215, 35.82975],
          [-116.06643, 35.8519],
          [-116.07071, 35.87404],
          [-116.08507, 35.89037],
          [-116.09139, 35.89411],
          [-116.11669, 35.90904],
          [-116.14403, 35.90556],
          [-116.16246, 35.88506]
        ]
      }
    },
    {
      "type": "Feature",
      "id": "2026101018_f054_08000_007",
      "properties": {
        "product_id": "winter_storm_levels",
        "source_id": "nbm_snow_level",
        "parameter": "snow_level",
        "definition": "height of the wet-bulb 0.5 degree C surface",
        "level_ft_msl": 8000,
        "label": "8,000 ft MSL",
        "unit": "ft_msl",
        "cycle_time_utc": "2026-10-10T18:00:00Z",
        "valid_time_utc": "2026-10-13T00:00:00Z",
        "lead_hours": 54,
        "segment": 7,
        "length_m": 54240.5
      },
      "geometry": {
        "type": "LineString",
        "coordinates": [
          [-116.29214, 39.89844],
          [-116.28765, 39.87667],
          [-116.28108, 39.87301],
          [-116.2548, 39.85835],
          [-116.24823, 39.85468],
          [-116.21987, 39.85812],
          [-116.19151, 39.86155],
          [-116.16314, 39.86498],
          [-116.13688, 39.8503],
          [-116.13032, 39.84663],
          [-116.10195, 39.85005],
          [-116.09717, 39.85509],
          [-116.07804, 39.87524],
          [-116.07325, 39.88028],
          [-116.0777, 39.90205],
          [-116.08215, 39.92382],
          [-116.0866, 39.94559],
          [-116.09105, 39.96735],
          [-116.09762, 39.97102],
          [-116.12602, 39.96761],
          [-116.15441, 39.96418],
          [-116.1592, 39.95915],
          [-116.17833, 39.93899],
          [-116.18311, 39.93396],
          [-116.20224, 39.9138],
          [-116.23017, 39.90819],
          [-116.25855, 39.90475],
          [-116.28692, 39.90131],
          [-116.29214, 39.89844]
        ]
      }
    },
    {
      "type": "Feature",
      "id": "2026101018_f054_08000_008",
      "properties": {
        "product_id": "winter_storm_levels",
        "source_id": "nbm_snow_level",
        "parameter": "snow_level",
        "definition": "height of the wet-bulb 0.5 degree C surface",
        "level_ft_msl": 8000,
        "label": "8,000 ft MSL",
        "unit": "ft_msl",
        "cycle_time_utc": "2026-10-10T18:00:00Z",
        "valid_time_utc": "2026-10-13T00:00:00Z",
        "lead_hours": 54,
        "segment": 8,
        "length_m": 31969.6
      },
      "geometry": {
        "type": "LineString",
        "coordinates": [
          [-116.35628, 34.81425],
          [-116.35172, 34.8194],
          [-116.33351, 34.83999],
          [-116.3378, 34.86221],
          [-116.33325, 34.86736],
          [-116.30617, 34.87088],
          [-116.2791, 34.8744],
          [-116.25202, 34.87791],
          [-116.24575, 34.87417],
          [-116.24147, 34.85195],
          [-116.24603, 34.84681],
          [-116.26426, 34.82622],
          [-116.26882, 34.82108],
          [-116.28704, 34.80049],
          [-116.2916, 34.79534],
          [-116.31865, 34.79182],
          [-116.32492, 34.79556],
          [-116.35, 34.81051],
          [-116.35628, 34.81425]
        ]
      }
    },
    {
      "type": "Feature",
      "id": "2026101018_f054_08000_009",
      "properties": {
        "product_id": "winter_storm_levels",
        "source_id": "nbm_snow_level",
        "parameter": "snow_level",
        "definition": "height of the wet-bulb 0.5 degree C surface",
        "level_ft_msl": 8000,
        "label": "8,000 ft MSL",
        "unit": "ft_msl",
        "cycle_time_utc": "2026-10-10T18:00:00Z",
        "valid_time_utc": "2026-10-13T00:00:00Z",
        "lead_hours": 54,
        "segment": 9,
        "length_m": 2395776.2
      },
      "geometry": {
        "type": "LineString",
        "coordinates": [
          [-117.50382, 30.21961],
          [-117.50214, 30.22165],
          [-117.48311, 30.23363],
          [-117.47878, 30.23887],
          [-117.46149, 30.25981],
          [-117.45673, 30.26281],
          [-117.43726, 30.28637],
          [-117.43509, 30.28898],
          [-117.41128, 30.30394],
          [-117.40262, 30.31441],
          [-117.38963, 30.33011],
          [-117.37057, 30.34207],
          [-117.36624, 30.34731],
          [-117.34891, 30.36824],
          [-117.34414, 30.37123],
          [-117.3203, 30.38617],
          [-117.30123, 30.39812],
          [-117.29689, 30.40335],
          [-117.27953, 30.42427],
          [-117.27519, 30.4295],
          [-117.25783, 30.45042],
          [-117.25306, 30.4534],
          [-117.22919, 30.46833],
          [-117.21009, 30.48027],
          [-117.20575, 30.4855],
          [-117.18837, 30.50641],
          [-117.18402, 30.51163],
          [-117.16663, 30.53254],
          [-117.16228, 30.53776],
          [-117.14488, 30.55866],
          [-117.1401, 30.56164],
          [-117.1162, 30.57655],
          [-117.10749, 30.587],
          [-117.09443, 30.60267],
          [-117.08572, 30.61311],
          [-117.07265, 30.62878],
          [-117.06394, 30.63923],
          [-117.05518, 30.66349],
          [-117.05343, 30.66835],
          [-117.036, 30.68923],
          [-117.03163, 30.69445],
          [-117.01419, 30.71533],
          [-117.00983, 30.72055],
          [-117.00281, 30.73996],
          [-116.99403, 30.76422],
          [-116.99228, 30.76907],
          [-116.97481, 30.78994],
          [-116.97045, 30.79516],
          [-116.95298, 30.81603],
          [-116.94861, 30.82125],
          [-116.94157, 30.84065],
          [-116.93539, 30.86454],
          [-116.93102, 30.86975],
          [-116.92398, 30.88915],
          [-116.91518, 30.9134],
          [-116.91341, 30.91825],
          [-116.90637, 30.93765],
          [-116.90017, 30.96153],
          [-116.8958, 30.96674],
          [-116.87829, 30.9876],
          [-116.87348, 30.99057],
          [-116.84776, 30.99646],
          [-116.84069, 31.01585],
          [-116.83448, 31.03972],
          [-116.8301, 31.04493],
          [-116.81256, 31.06578],
          [-116.80818, 31.07099],
          [-116.79064, 31.09183],
          [-116.78625, 31.09704],
          [-116.77917, 31.11642],
          [-116.76601, 31.13205],
          [-116.75723, 31.14247],
          [-116.74406, 31.15809],
          [-116.7248, 31.16996],
          [-116.7204, 31.17517],
          [-116.71331, 31.19455],
          [-116.70706, 31.21841],
          [-116.70267, 31.22361],
          [-116.69557, 31.24299],
          [-116.68669, 31.26721],
          [-116.68449, 31.26981],
          [-116.6647, 31.29323],
          [-116.66292, 31.29808],
          [-116.64532, 31.31889],
          [-116.64091, 31.3241],
          [-116.61468, 31.3277],
          [-116.59706, 31.34851],
          [-116.59866, 31.37128],
          [-116.59687, 31.37612],
          [-116.57925, 31.39693],
          [-116.58346, 31.41933],
          [-116.57905, 31.42453],
          [-116.57192, 31.4439],
          [-116.56563, 31.46774],
          [-116.56722, 31.4905],
          [-116.56543, 31.49534],
          [-116.55829, 31.5147],
          [-116.552, 31.53854],
          [-116.55358, 31.5613],
          [-116.5518, 31.56614],
          [-116.53413, 31.58694],
          [-116.53571, 31.60969],
          [-116.53351, 31.61229],
          [-116.51362, 31.63568],
          [-116.51183, 31.64052],
          [-116.49415, 31.6613],
          [-116.49573, 31.68406],
          [-116.49394, 31.6889],
          [-116.48677, 31.70824],
          [-116.48045, 31.73207],
          [-116.48202, 31.75482],
          [-116.48023, 31.75966],
          [-116.47306, 31.77901],
          [-116.46673, 31.80283],
          [-116.4683, 31.82558],
          [-116.46651, 31.83041],
          [-116.44879, 31.85118],
          [-116.44436, 31.85638],
          [-116.42663, 31.87714],
          [-116.42178, 31.8801],
          [-116.39751, 31.89486],
          [-116.38864, 31.90524],
          [-116.37965, 31.92941],
          [-116.37785, 31.93424],
          [-116.37065, 31.95357],
          [-116.35733, 31.96914],
          [-116.34845, 31.97952],
          [-116.33945, 32.00368],
          [-116.33765, 32.00851],
          [-116.31987, 32.02926],
          [-116.32142, 32.052],
          [-116.31962, 32.05683],
          [-116.30184, 32.07757],
          [-116.30602, 32.09996],
          [-116.30757, 32.12269],
          [-116.30576, 32.12752],
          [-116.29854, 32.14685],
          [-116.28951, 32.171],
          [-116.2937, 32.19337],
          [-116.29189, 32.1982],
          [-116.28466, 32.21752],
          [-116.27827, 32.24131],
          [-116.27381, 32.2465],
          [-116.26658, 32.26581],
          [-116.25753, 32.28995],
          [-116.26083, 32.31245],
          [-116.26502, 32.33482],
          [-116.27009, 32.35707],
          [-116.28752, 32.37767],
          [-116.30147, 32.39414],
          [-116.30496, 32.39826],
          [-116.30315, 32.40309],
          [-116.28532, 32.42382],
          [-116.28086, 32.429],
          [-116.26301, 32.44972],
          [-116.25855, 32.4549],
          [-116.24069, 32.47562],
          [-116.23623, 32.4808],
          [-116.21837, 32.50151],
          [-116.24293, 32.51658],
          [-116.24642, 32.5207],
          [-116.25061, 32.54306],
          [-116.2488, 32.54788],
          [-116.24154, 32.56718],
          [-116.22813, 32.58272],
          [-116.21919, 32.59307],
          [-116.20578, 32.6086],
          [-116.19684, 32.61896],
          [-116.18342, 32.63448],
          [-116.16385, 32.64624],
          [-116.15896, 32.64918],
          [-116.1345, 32.66388],
          [-116.10585, 32.65621],
          [-116.10278, 32.65432],
          [-116.07514, 32.63736],
          [-116.07206, 32.63547],
          [-116.05463, 32.61486],
          [-116.04069, 32.59837],
          [-116.0372, 32.59425],
          [-116.03903, 32.58943],
          [-116.04632, 32.57014],
          [-116.04217, 32.54777],
          [-116.02824, 32.53128],
          [-116.02476, 32.52716],
          [-115.99715, 32.51017],
          [-115.99143, 32.50863],
          [-115.9669, 32.49353],
          [-115.94038, 32.49701],
          [-115.93307, 32.5163],
          [-115.92394, 32.54041],
          [-115.92211, 32.54523],
          [-115.91834, 32.56406],
          [-115.91892, 32.58689],
          [-115.90978, 32.61099],
          [-115.90795, 32.61581],
          [-115.89001, 32.63648],
          [-115.88552, 32.64165],
          [-115.88174, 32.66047],
          [-115.88232, 32.68329],
          [-115.88644, 32.70565],
          [-115.89057, 32.72801],
          [-115.90451, 32.74451],
          [-115.90799, 32.74864],
          [-115.91213, 32.77099],
          [-115.91626, 32.79335],
          [-115.91951, 32.81582],
          [-115.92365, 32.83817],
          [-115.9227, 32.84287],
          [-115.91537, 32.86215],
          [-115.9062, 32.88623],
          [-115.90437, 32.89105],
          [-115.89703, 32.91032],
          [-115.88354, 32.92581],
          [-115.87454, 32.93614],
          [-115.86536, 32.96022],
          [-115.86352, 32.96504],
          [-115.84551, 32.98569],
          [-115.84964, 33.00803],
          [-115.85111, 33.03072],
          [-115.85791, 33.05272],
          [-115.8727, 33.07367],
          [-115.87684, 33.09601],
          [-115.88098, 33.11835],
          [-115.87979, 33.14138],
          [-115.8716, 33.15617],
          [-115.86259, 33.16649],
          [-115.85338, 33.19056],
          [-115.85113, 33.19314],
          [-115.83083, 33.21635],
          [-115.82857, 33.21893],
          [-115.80826, 33.24214],
          [-115.80642, 33.24695],
          [-115.79904, 33.2662],
          [-115.78981, 33.29026],
          [-115.78797, 33.29507],
          [-115.78058, 33.31431],
          [-115.77402, 33.33802],
          [-115.7695, 33.34317],
          [-115.76211, 33.36241],
          [-115.75554, 33.38612],
          [-115.75061, 33.38904],
          [-115.73025, 33.41223],
          [-115.7284, 33.41704],
          [-115.72457, 33.43581],
          [-115.71174, 33.46031],
          [-115.70989, 33.46512],
          [-115.70783, 33.48366],
          [-115.70526, 33.50684],
          [-115.69644, 33.53082],
          [-115.69548, 33.53551],
          [-115.69164, 33.55428],
          [-115.67879, 33.57877],
          [-115.67653, 33.58135],
          [-115.66416, 33.60349],
          [-115.65591, 33.61825],
          [-115.65041, 33.62809],
          [-115.63377, 33.64696],
          [-115.62951, 33.65359],
          [-115.6229, 33.67727],
          [-115.61464, 33.69203],
          [-115.61092, 33.70164],
          [-115.6043, 33.72531],
          [-115.59521, 33.7356],
          [-115.58158, 33.75103],
          [-115.57249, 33.76132],
          [-115.56529, 33.77593],
          [-115.55356, 33.80025],
          [-115.55262, 33.80265],
          [-115.54423, 33.82426],
          [-115.53536, 33.84821],
          [-115.53397, 33.85066],
          [-115.52155, 33.87278],
          [-115.51326, 33.88752],
          [-115.50953, 33.89712],
          [-115.50288, 33.92078],
          [-115.49891, 33.94409],
          [-115.503, 33.96639],
          [-115.50979, 33.98834],
          [-115.53458, 34.00346],
          [-115.54078, 34.00724],
          [-115.54489, 34.02953],
          [-115.549, 34.05182],
          [-115.55311, 34.07411],
          [-115.55722, 34.09639],
          [-115.56133, 34.11868],
          [-115.56545, 34.14096],
          [-115.59028, 34.15606],
          [-115.59649, 34.15983],
          [-115.62133, 34.17493],
          [-115.62485, 34.17904],
          [-115.63167, 34.20098],
          [-115.65653, 34.21607],
          [-115.66005, 34.22018],
          [-115.66688, 34.24211],
          [-115.6818, 34.26301],
          [-115.67517, 34.28665],
          [-115.67661, 34.30927],
          [-115.67475, 34.31406],
          [-115.66728, 34.33325],
          [-115.66603, 34.3562],
          [-115.66118, 34.3796],
          [-115.66021, 34.38428],
          [-115.65633, 34.40301],
          [-115.66684, 34.4199],
          [-115.66947, 34.42413],
          [-115.67991, 34.44559],
          [-115.69081, 34.46699],
          [-115.7067, 34.48548],
          [-115.70847, 34.48754],
          [-115.71398, 34.50962],
          [-115.73164, 34.53016],
          [-115.74578, 34.54659],
          [-115.74841, 34.55081],
          [-115.75348, 34.57295],
          [-115.77116, 34.59348],
          [-115.78531, 34.6099],
          [-115.78885, 34.61401],
          [-115.81694, 34.63093],
          [-115.82007, 34.63281],
          [-115.84817, 34.64973],
          [-115.85129, 34.65161],
          [-115.8794, 34.66852],
          [-115.88162, 34.67051],
          [-115.89484, 34.6916],
          [-115.89904, 34.71384],
          [-115.89513, 34.73711],
          [-115.89933, 34.75934],
          [-115.89746, 34.76413],
          [-115.89, 34.7833],
          [-115.87628, 34.79871],
          [-115.86713, 34.80898],
          [-115.85341, 34.82439],
          [-115.84425, 34.83466],
          [-115.83052, 34.85006],
          [-115.82136, 34.86033],
          [-115.81201, 34.88428],
          [-115.8162, 34.9065],
          [-115.8204, 34.92873],
          [-115.82459, 34.95095],
          [-115.8315, 34.97282],
          [-115.83571, 34.99504],
          [-115.83991, 35.01726],
          [-115.86497, 35.03228],
          [-115.8921, 35.02883],
          [-115.91754, 35.01649],
          [-115.9441, 35.01007],
          [-115.96467, 35.00138],
          [-115.96967, 34.99846],
          [-115.99467, 34.98389],
          [-116.01467, 34.97223],
          [-116.01924, 34.96709],
          [-116.03754, 34.94654],
          [-116.04253, 34.94363],
          [-116.06963, 34.94015],
          [-116.09631, 34.93444],
          [-116.11458, 34.91388],
          [-116.11915, 34.90874],
          [-116.14624, 34.90525],
          [-116.17333, 34.90175],
          [-116.1796, 34.9055],
          [-116.18387, 34.92771],
          [-116.18814, 34.94992],
          [-116.21324, 34.96489],
          [-116.24034, 34.96138],
          [-116.26744, 34.95787],
          [-116.27371, 34.96161],
          [-116.278, 34.98382],
          [-116.27344, 34.98896],
          [-116.25518, 35.00954],
          [-116.25947, 35.03174],
          [-116.2549, 35.03689],
          [-116.23663, 35.05746],
          [-116.23207, 35.0626],
          [-116.21379, 35.08316],
          [-116.21807, 35.10536],
          [-116.24321, 35.12032],
          [-116.24949, 35.12406],
          [-116.27464, 35.13901],
          [-116.28093, 35.14274],
          [-116.29608, 35.16353],
          [-116.31038, 35.17988],
          [-116.31396, 35.18397],
          [-116.31211, 35.18876],
          [-116.30469, 35.20792],
          [-116.29541, 35.23186],
          [-116.29312, 35.23443],
          [-116.2681, 35.24904],
          [-116.25895, 35.25932],
          [-116.24523, 35.27474],
          [-116.2252, 35.28641],
          [-116.22062, 35.29155],
          [-116.21318, 35.3107],
          [-116.21203, 35.33358],
          [-116.20816, 35.35682],
          [-116.2063, 35.3616],
          [-116.19885, 35.38075],
          [-116.1851, 35.39615],
          [-116.16505, 35.40782],
          [-116.16046, 35.41295],
          [-116.14211, 35.43348],
          [-116.14639, 35.45566],
          [-116.15067, 35.47784],
          [-116.14608, 35.48297],
          [-116.13862, 35.5021],
          [-116.13745, 35.52497],
          [-116.14173, 35.54714],
          [-116.15147, 35.56861],
          [-116.1658, 35.58495],
          [-116.17211, 35.58869],
          [-116.19735, 35.60362],
          [-116.22504, 35.60234],
          [-116.23092, 35.60386],
          [-116.25618, 35.61879],
          [-116.26249, 35.62252],
          [-116.2579, 35.62765],
          [-116.23064, 35.63116],
          [-116.22432, 35.62742],
          [-116.19907, 35.61249],
          [-116.1807, 35.63301],
          [-116.1761, 35.63814],
          [-116.16863, 35.65727],
          [-116.17292, 35.67943],
          [-116.18727, 35.69576],
          [-116.19359, 35.69949],
          [-116.19789, 35.72165],
          [-116.22317, 35.73657],
          [-116.22949, 35.7403],
          [-116.25477, 35.75523],
          [-116.28206, 35.75172],
          [-116.28839, 35.75545],
          [-116.31368, 35.77036],
          [-116.32001, 35.77409],
          [-116.34531, 35.789],
          [-116.35164, 35.79272],
          [-116.37695, 35.80762],
          [-116.38328, 35.81135],
          [-116.38763, 35.83349],
          [-116.38303, 35.83862],
          [-116.36465, 35.85915],
          [-116.36006, 35.86428],
          [-116.34167, 35.8848],
          [-116.33708, 35.88994],
          [-116.33074, 35.88621],
          [-116.30542, 35.87131],
          [-116.29909, 35.86758],
          [-116.27377, 35.85267],
          [-116.25537, 35.87319],
          [-116.25969, 35.89533],
          [-116.28502, 35.91024],
          [-116.29135, 35.91396],
          [-116.29568, 35.9361],
          [-116.30001, 35.95823],
          [-116.30434, 35.98037],
          [-116.30867, 36.0025],
          [-116.30407, 36.00762],
          [-116.28565, 36.02813],
          [-116.28061, 36.03104],
          [-116.25541, 36.04561],
          [-116.22804, 36.0491],
          [-116.20067, 36.05259],
          [-116.17158, 36.04723],
          [-116.16524, 36.0435],
          [-116.1399, 36.02858],
          [-116.13357, 36.02485],
          [-116.10996, 36.01878],
          [-116.08087, 36.0134],
          [-116.07454, 36.00966],
          [-116.05094, 36.00358],
          [-116.02186, 35.99819],
          [-116.00339, 36.01867],
          [-116.01861, 36.03942],
          [-116.02289, 36.06155],
          [-116.03727, 36.07787],
          [-116.0436, 36.08161],
          [-116.06894, 36.09654],
          [-116.07528, 36.10027],
          [-116.10062, 36.1152],
          [-116.10696, 36.11893],
          [-116.13232, 36.13385],
          [-116.13866, 36.13758],
          [-116.16402, 36.15249],
          [-116.17036, 36.15622],
          [-116.17468, 36.17834],
          [-116.20006, 36.19325],
          [-116.2064, 36.19697],
          [-116.23179, 36.21187],
          [-116.23814, 36.2156],
          [-116.24247, 36.23771],
          [-116.2468, 36.25982],
          [-116.25113, 36.28193],
          [-116.25547, 36.30404],
          [-116.25706, 36.3265],
          [-116.25518, 36.33127],
          [-116.2367, 36.35174],
          [-116.24103, 36.37385],
          [-116.23641, 36.37897],
          [-116.21792, 36.39944],
          [-116.22225, 36.42154],
          [-116.21762, 36.42665],
          [-116.19912, 36.44712],
          [-116.19449, 36.45224],
          [-116.17597, 36.4727],
          [-116.17755, 36.49514],
          [-116.18463, 36.51689],
          [-116.21009, 36.53177],
          [-116.21645, 36.53549],
          [-116.24192, 36.55037],
          [-116.24829, 36.55409],
          [-116.27376, 36.56897],
          [-116.28013, 36.57269],
          [-116.30562, 36.58755],
          [-116.31199, 36.59127],
          [-116.31635, 36.61335],
          [-116.32071, 36.63543],
          [-116.31608, 36.64055],
          [-116.28857, 36.64405],
          [-116.26105, 36.64754],
          [-116.23353, 36.65103],
          [-116.21499, 36.67148],
          [-116.21035, 36.67659],
          [-116.20281, 36.69564],
          [-116.18889, 36.71098],
          [-116.17961, 36.7212],
          [-116.17018, 36.74501],
          [-116.16786, 36.74757],
          [-116.14696, 36.77056],
          [-116.14464, 36.77311],
          [-116.11925, 36.78761],
          [-116.09893, 36.79921],
          [-116.09429, 36.80432],
          [-116.07569, 36.82474],
          [-116.08001, 36.84681],
          [-116.08434, 36.86888],
          [-116.08866, 36.89094],
          [-116.09299, 36.913],
          [-116.08833, 36.9181],
          [-116.06074, 36.92156],
          [-116.04212, 36.94197],
          [-116.03703, 36.94487],
          [-116.00986, 36.95052],
          [-115.99122, 36.97093],
          [-115.99277, 36.99333],
          [-116.01089, 37.01366],
          [-116.01889, 37.03525],
          [-116.02971, 37.05197],
          [-116.03334, 37.05604],
          [-116.04595, 37.07705],
          [-116.06643, 37.09482],
          [-116.06871, 37.0968],
          [-116.08225, 37.11769],
          [-116.0958, 37.13858],
          [-116.10665, 37.15529],
          [-116.11305, 37.15901],
          [-116.13865, 37.17387],
          [-116.14505, 37.17758],
          [-116.1494, 37.19962],
          [-116.15375, 37.22165],
          [-116.17937, 37.2365],
          [-116.18577, 37.24021],
          [-116.2114, 37.25506],
          [-116.23908, 37.25158],
          [-116.26675, 37.2481],
          [-116.29442, 37.24461],
          [-116.30083, 37.24832],
          [-116.32648, 37.26315],
          [-116.35415, 37.25965],
          [-116.37277, 37.23923],
          [-116.37742, 37.23413],
          [-116.39603, 37.2137],
          [-116.40068, 37.2086],
          [-116.40709, 37.2123],
          [-116.4115, 37.23433],
          [-116.4159, 37.25635],
          [-116.42031, 37.27837],
          [-116.41566, 37.28348],
          [-116.39704, 37.3039],
          [-116.39239, 37.309],
          [-116.37376, 37.32942],
          [-116.37816, 37.35143],
          [-116.3735, 37.35653],
          [-116.35487, 37.37694],
          [-116.35927, 37.39896],
          [-116.38496, 37.41377],
          [-116.39138, 37.41747],
          [-116.39302, 37.43983],
          [-116.39113, 37.44458],
          [-116.38357, 37.46358],
          [-116.37689, 37.48698],
          [-116.37222, 37.49208],
          [-116.35356, 37.51248],
          [-116.3489, 37.51758],
          [-116.34132, 37.53658],
          [-116.33463, 37.55997],
          [-116.32996, 37.56507],
          [-116.31128, 37.58546],
          [-116.31568, 37.60745],
          [-116.32008, 37.62945],
          [-116.32448, 37.65144],
          [-116.35023, 37.66623],
          [-116.35667, 37.66993],
          [-116.36108, 37.69192],
          [-116.36549, 37.7139],
          [-116.36991, 37.73588],
          [-116.37433, 37.75786],
          [-116.37875, 37.77984],
          [-116.38317, 37.80182],
          [-116.3876, 37.82379],
          [-116.41339, 37.83857],
          [-116.41984, 37.84226],
          [-116.44565, 37.85703],
          [-116.4521, 37.86073],
          [-116.45654, 37.88269],
          [-116.48236, 37.89746],
          [-116.48882, 37.90115],
          [-116.49327, 37.92311],
          [-116.48859, 37.9282],
          [-116.46987, 37.94858],
          [-116.47432, 37.97053],
          [-116.46964, 37.97563],
          [-116.44179, 37.97913],
          [-116.43533, 37.97544],
          [-116.4095, 37.96067],
          [-116.40304, 37.95698],
          [-116.39861, 37.93502],
          [-116.37279, 37.92024],
          [-116.36633, 37.91655],
          [-116.34053, 37.90177],
          [-116.31269, 37.90525],
          [-116.29394, 37.92561],
          [-116.28926, 37.9307],
          [-116.2705, 37.95105],
          [-116.26581, 37.95614],
          [-116.25819, 37.97509],
          [-116.25145, 37.99844],
          [-116.24676, 38.00353],
          [-116.23913, 38.02248],
          [-116.2296, 38.04617],
          [-116.22769, 38.05091],
          [-116.19981, 38.05437],
          [-116.18102, 38.07471],
          [-116.17632, 38.07979],
          [-116.15752, 38.10011],
          [-116.16191, 38.12206],
          [-116.18774, 38.13686],
          [-116.19141, 38.1409],
          [-116.19581, 38.16285],
          [-116.20021, 38.18479],
          [-116.20462, 38.20673],
          [-116.20902, 38.22867],
          [-116.21622, 38.25026],
          [-116.22063, 38.2722],
          [-116.24651, 38.28697],
          [-116.27268, 38.27473],
          [-116.29326, 38.26318],
          [-116.29796, 38.2581],
          [-116.32589, 38.25463],
          [-116.35382, 38.25114],
          [-116.3603, 38.25483],
          [-116.38619, 38.26959],
          [-116.39267, 38.27328],
          [-116.41857, 38.28803],
          [-116.42505, 38.29171],
          [-116.4295, 38.31364],
          [-116.45542, 38.32838],
          [-116.46191, 38.33207],
          [-116.48784, 38.3468],
          [-116.49432, 38.35048],
          [-116.49879, 38.3724],
          [-116.52473, 38.38713],
          [-116.53122, 38.39081],
          [-116.5357, 38.41272],
          [-116.56166, 38.42744],
          [-116.56815, 38.43112],
          [-116.57264, 38.45303],
          [-116.56794, 38.45811],
          [-116.54915, 38.47845],
          [-116.55363, 38.50035],
          [-116.55812, 38.52226],
          [-116.55342, 38.52734],
          [-116.53461, 38.54767],
          [-116.5391, 38.56956],
          [-116.5651, 38.58427],
          [-116.5716, 38.58795],
          [-116.59761, 38.60265],
          [-116.61641, 38.58232],
          [-116.62111, 38.57724],
          [-116.63991, 38.5569],
          [-116.6354, 38.53501],
          [-116.6401, 38.52992],
          [-116.65889, 38.50958],
          [-116.65438, 38.48768],
          [-116.62839, 38.47298],
          [-116.62189, 38.4693],
          [-116.6174, 38.4474],
          [-116.62209, 38.44231],
          [-116.64086, 38.42197],
          [-116.64555, 38.41688],
          [-116.67171, 38.40459],
          [-116.69227, 38.39299],
          [-116.69696, 38.3879],
          [-116.72492, 38.38437],
          [-116.74366, 38.364],
          [-116.74834, 38.35891],
          [-116.77629, 38.35536],
          [-116.80468, 38.354],
          [-116.81072, 38.35548],
          [-116.83671, 38.37016],
          [-116.8432, 38.37383],
          [-116.84775, 38.39574],
          [-116.87374, 38.41041],
          [-116.88024, 38.41408],
          [-116.87556, 38.41917],
          [-116.85684, 38.43955],
          [-116.85215, 38.44464],
          [-116.82419, 38.4482],
          [-116.79622, 38.45175],
          [-116.77747, 38.47211],
          [-116.78201, 38.49401],
          [-116.78654, 38.51591],
          [-116.79108, 38.5378],
          [-116.79562, 38.5597],
          [-116.80016, 38.58159],
          [-116.8047, 38.60347],
          [-116.80001, 38.60856],
          [-116.78123, 38.62891],
          [-116.78578, 38.65079],
          [-116.78108, 38.65588],
          [-116.76229, 38.67622],
          [-116.75759, 38.6813],
          [-116.7388, 38.70164],
          [-116.7341, 38.70672],
          [-116.71529, 38.72705],
          [-116.71059, 38.73213],
          [-116.70299, 38.75105],
          [-116.68888, 38.76629],
          [-116.67947, 38.77645],
          [-116.66996, 38.80008],
          [-116.66761, 38.80262],
          [-116.64, 38.80833],
          [-116.62115, 38.82865],
          [-116.61644, 38.83372],
          [-116.58837, 38.83724],
          [-116.58185, 38.83357],
          [-116.56612, 38.8131],
          [-116.55129, 38.797],
          [-116.54478, 38.79333],
          [-116.54028, 38.77145],
          [-116.51424, 38.75675],
          [-116.50773, 38.75308],
          [-116.50324, 38.7312],
          [-116.50795, 38.72612],
          [-116.536, 38.72262],
          [-116.55484, 38.70231],
          [-116.55955, 38.69723],
          [-116.57838, 38.67691],
          [-116.57388, 38.65503],
          [-116.54786, 38.64032],
          [-116.51984, 38.64383],
          [-116.51334, 38.64015],
          [-116.50885, 38.61826],
          [-116.48285, 38.60355],
          [-116.45483, 38.60704],
          [-116.43599, 38.62735],
          [-116.44046, 38.64925],
          [-116.44493, 38.67114],
          [-116.44941, 38.69302],
          [-116.44469, 38.6981],
          [-116.42583, 38.7184],
          [-116.4303, 38.74028],
          [-116.43478, 38.76216],
          [-116.43006, 38.76724],
          [-116.41118, 38.78753],
          [-116.40646, 38.7926],
          [-116.38758, 38.81289],
          [-116.38286, 38.81796],
          [-116.36397, 38.83824],
          [-116.35924, 38.84331],
          [-116.35158, 38.8622],
          [-116.3374, 38.87741],
          [-116.32794, 38.88755],
          [-116.31835, 38.91115],
          [-116.31598, 38.91368],
          [-116.29469, 38.93648],
          [-116.29233, 38.93901],
          [-116.26466, 38.94466],
          [-116.24572, 38.96492],
          [-116.24098, 38.96998],
          [-116.22204, 38.99024],
          [-116.22648, 39.0121],
          [-116.22174, 39.01716],
          [-116.20278, 39.03741],
          [-116.20722, 39.05926],
          [-116.21166, 39.08112],
          [-116.23774, 39.09584],
          [-116.24426, 39.09952],
          [-116.27034, 39.11424],
          [-116.27405, 39.11826],
          [-116.27851, 39.14011],
          [-116.28297, 39.16195],
          [-116.28104, 39.16667],
          [-116.27334, 39.18552],
          [-116.2637, 39.20909],
          [-116.26178, 39.21381],
          [-116.24279, 39.23404],
          [-116.23804, 39.2391],
          [-116.21904, 39.25932],
          [-116.2235, 39.28116],
          [-116.22795, 39.30299],
          [-116.2324, 39.32482],
          [-116.23686, 39.34664],
          [-116.23211, 39.3517],
          [-116.21309, 39.37191],
          [-116.20833, 39.37697],
          [-116.18931, 39.39718],
          [-116.19376, 39.419],
          [-116.19538, 39.44116],
          [-116.19345, 39.44587],
          [-116.17441, 39.46607],
          [-116.17603, 39.48823],
          [-116.17365, 39.49075],
          [-116.15221, 39.51347],
          [-116.15027, 39.51818],
          [-116.13121, 39.53837],
          [-116.12644, 39.54341],
          [-116.10737, 39.5636],
          [-116.1026, 39.56865],
          [-116.08352, 39.58883],
          [-116.08512, 39.61097],
          [-116.08318, 39.61567],
          [-116.05488, 39.61909],
          [-116.02658, 39.6225],
          [-116.02003, 39.61882],
          [-115.99385, 39.6041],
          [-115.96731, 39.61623],
          [-115.94643, 39.62767],
          [-115.94121, 39.63053],
          [-115.9197, 39.6532],
          [-115.91774, 39.6579],
          [-115.90994, 39.6767],
          [-115.90301, 39.69985],
          [-115.89823, 39.70489],
          [-115.89041, 39.72368],
          [-115.88348, 39.74683],
          [-115.87869, 39.75186],
          [-115.85953, 39.772],
          [-115.86109, 39.79413],
          [-115.86549, 39.81591],
          [-115.86354, 39.82061],
          [-115.85571, 39.83939],
          [-115.86011, 39.86117],
          [-115.85316, 39.8843],
          [-115.85756, 39.90608],
          [-115.86196, 39.92785],
          [-115.86637, 39.94962],
          [-115.87077, 39.97139],
          [-115.87518, 39.99316],
          [-115.87959, 40.01492],
          [-115.884, 40.03669],
          [-115.88842, 40.05845],
          [-115.89283, 40.0802],
          [-115.89725, 40.10196],
          [-115.90167, 40.12371],
          [-115.89687, 40.12874],
          [-115.87764, 40.14884],
          [-115.88206, 40.17059],
          [-115.88648, 40.19233],
          [-115.88167, 40.19736],
          [-115.86243, 40.21745],
          [-115.85762, 40.22247],
          [-115.83837, 40.24256],
          [-115.83355, 40.24758],
          [-115.81429, 40.26766],
          [-115.80948, 40.27268],
          [-115.79021, 40.29276],
          [-115.79176, 40.31483],
          [-115.78979, 40.31951],
          [-115.78191, 40.33824],
          [-115.77206, 40.36165],
          [-115.76965, 40.36416],
          [-115.74333, 40.37837],
          [-115.73368, 40.3884],
          [-115.72381, 40.4118],
          [-115.72184, 40.41648],
          [-115.71394, 40.4352],
          [-115.71834, 40.45692],
          [-115.72274, 40.47864],
          [-115.72713, 40.50035],
          [-115.73154, 40.52206],
          [-115.74648, 40.53809],
          [-115.75022, 40.5421],
          [-115.75749, 40.56347],
          [-115.77333, 40.58383],
          [-115.78829, 40.59985],
          [-115.79489, 40.60352],
          [-115.82129, 40.6182],
          [-115.82504, 40.6222],
          [-115.83232, 40.64356],
          [-115.85874, 40.65823],
          [-115.86535, 40.66189],
          [-115.86693, 40.68392],
          [-115.86495, 40.68859],
          [-115.85706, 40.70729],
          [-115.85005, 40.73032],
          [-115.84522, 40.73533],
          [-115.82587, 40.75536],
          [-115.8303, 40.77704],
          [-115.82546, 40.78205],
          [-115.8061, 40.80207],
          [-115.81053, 40.82375],
          [-115.81496, 40.84542],
          [-115.81012, 40.85043],
          [-115.79074, 40.87044],
          [-115.7859, 40.87545],
          [-115.75724, 40.87879],
          [-115.73784, 40.8988],
          [-115.73299, 40.9038],
          [-115.71359, 40.92381],
          [-115.70874, 40.92881],
          [-115.7008, 40.94747],
          [-115.69374, 40.97047],
          [-115.68888, 40.97547],
          [-115.66946, 40.99546],
          [-115.6646, 41.00045],
          [-115.64517, 41.02044],
          [-115.64957, 41.04209],
          [-115.65398, 41.06374],
          [-115.68048, 41.0784],
          [-115.7092, 41.07507],
          [-115.71583, 41.07873],
          [-115.72025, 41.10038],
          [-115.72468, 41.12202],
          [-115.71982, 41.12702],
          [-115.70037, 41.147],
          [-115.69551, 41.15199],
          [-115.67605, 41.17196],
          [-115.67118, 41.17695],
          [-115.65172, 41.19692],
          [-115.65613, 41.21855],
          [-115.65126, 41.22355],
          [-115.63178, 41.2435],
          [-115.62691, 41.24849],
          [-115.60742, 41.26845],
          [-115.60895, 41.29041],
          [-115.60696, 41.29506],
          [-115.59897, 41.31368],
          [-115.58898, 41.33696],
          [-115.59339, 41.35858],
          [-115.59139, 41.36323],
          [-115.5834, 41.38185],
          [-115.56875, 41.3968],
          [-115.54746, 41.40809],
          [-115.54214, 41.41091],
          [-115.51552, 41.42501],
          [-115.4867, 41.4283],
          [-115.45788, 41.43159],
          [-115.43657, 41.44286],
          [-115.43124, 41.44568],
          [-115.42503, 41.44418],
          [-115.39847, 41.42951],
          [-115.39183, 41.42584],
          [-115.36528, 41.41117],
          [-115.33646, 41.41444],
          [-115.30938, 41.42635],
          [-115.29958, 41.4363],
          [-115.28952, 41.45954],
          [-115.2875, 41.46419],
          [-115.27944, 41.48278],
          [-115.26936, 41.50602],
          [-115.26735, 41.51067],
          [-115.25928, 41.52925],
          [-115.2492, 41.55248],
          [-115.24674, 41.55497],
          [-115.22004, 41.56902],
          [-115.19868, 41.58025],
          [-115.19319, 41.58234],
          [-115.18713, 41.58155],
          [-115.16287, 41.57838],
          [-115.134, 41.58161],
          [-115.10368, 41.57764],
          [-115.07566, 41.58519],
          [-115.04678, 41.58841],
          [-115.01618, 41.58298],
          [-114.9873, 41.58619],
          [-114.95841, 41.5894],
          [-114.93873, 41.60924],
          [-114.9338, 41.6142],
          [-114.91411, 41.63404],
          [-114.90918, 41.639],
          [-114.88028, 41.64219],
          [-114.86057, 41.66202],
          [-114.85564, 41.66698],
          [-114.84749, 41.68553],
          [-114.84018, 41.7084],
          [-114.83525, 41.71335],
          [-114.80632, 41.71653],
          [-114.7791, 41.72834],
          [-114.75765, 41.73951],
          [-114.75229, 41.74231],
          [-114.72378, 41.74763],
          [-114.70401, 41.76743],
          [-114.69865, 41.77022],
          [-114.6764, 41.79249],
          [-114.67436, 41.79713],
          [-114.66616, 41.81565],
          [-114.65591, 41.83881],
          [-114.65343, 41.84129],
          [-114.63116, 41.86354],
          [-114.62869, 41.86601],
          [-114.60641, 41.88826],
          [-114.60435, 41.89289],
          [-114.59613, 41.91141],
          [-114.58586, 41.93455],
          [-114.5838, 41.93918],
          [-114.57558, 41.95769],
          [-114.5607, 41.97251],
          [-114.55078, 41.98239],
          [-114.5359, 41.9972],
          [-114.51437, 42.00833],
          [-114.50899, 42.01111],
          [-114.48665, 42.03333],
          [-114.48417, 42.0358],
          [-114.45723, 42.04969],
          [-114.4473, 42.05956],
          [-114.43697, 42.08268],
          [-114.43449, 42.08514],
          [-114.42083, 42.10641],
          [-114.41534, 42.12899],
          [-114.41424, 42.13351],
          [-114.40984, 42.15158],
          [-114.40434, 42.17416],
          [-114.39522, 42.18833],
          [-114.38527, 42.19819],
          [-114.37033, 42.21297],
          [-114.34873, 42.22406],
          [-114.34375, 42.22899],
          [-114.32382, 42.2487],
          [-114.31884, 42.25362],
          [-114.31054, 42.27208],
          [-114.30016, 42.29516],
          [-114.29808, 42.29978],
          [-114.27813, 42.31947],
          [-114.27314, 42.32439],
          [-114.25317, 42.34408],
          [-114.24818, 42.349],
          [-114.2282, 42.36868],
          [-114.22321, 42.3736],
          [-114.20322, 42.39327],
          [-114.19823, 42.39819],
          [-114.17823, 42.41786],
          [-114.17323, 42.42277],
          [-114.15323, 42.44244],
          [-114.14823, 42.44735],
          [-114.12072, 42.45901],
          [-114.11071, 42.46884],
          [-114.0957, 42.48358],
          [-114.08568, 42.4934],
          [-114.07523, 42.51644],
          [-114.07314, 42.52104],
          [-114.06477, 42.53947],
          [-114.0543, 42.56249],
          [-114.05221, 42.5671],
          [-114.04383, 42.58552],
          [-114.03628, 42.60823],
          [-114.03126, 42.61314],
          [-114.01119, 42.63276],
          [-114.01532, 42.65426],
          [-114.0103, 42.65916],
          [-113.99022, 42.67878],
          [-113.99434, 42.70027],
          [-113.98932, 42.70517],
          [-113.96922, 42.72478],
          [-113.97334, 42.74626],
          [-113.97746, 42.76774],
          [-113.98158, 42.78922],
          [-114.0083, 42.80397],
          [-114.01498, 42.80766],
          [-114.01911, 42.82913],
          [-114.02324, 42.8506],
          [-114.02445, 42.87237],
          [-114.02859, 42.89383],
          [-114.04152, 42.91438],
          [-114.05152, 42.93523],
          [-114.05567, 42.95668],
          [-114.07071, 42.97263],
          [-114.07448, 42.97661],
          [-114.08156, 42.99776],
          [-114.08572, 43.0192],
          [-114.11251, 43.03392],
          [-114.14184, 43.03087],
          [-114.1456, 43.03486],
          [-114.15271, 43.05599],
          [-114.15688, 43.07743],
          [-114.16106, 43.09886],
          [-114.16523, 43.12029],
          [-114.16941, 43.14171],
          [-114.16438, 43.14661],
          [-114.14422, 43.16618],
          [-114.13918, 43.17107],
          [-114.11902, 43.19064],
          [-114.12319, 43.21206],
          [-114.12737, 43.23348],
          [-114.12232, 43.23837],
          [-114.10215, 43.25793],
          [-114.0971, 43.26282],
          [-114.0677, 43.26585],
          [-114.0475, 43.2854],
          [-114.04245, 43.29029],
          [-114.02225, 43.30983],
          [-114.0264, 43.33123],
          [-114.05327, 43.34593],
          [-114.05999, 43.34961],
          [-114.06415, 43.37101],
          [-114.0591, 43.37589],
          [-114.03888, 43.39543],
          [-114.03383, 43.40031],
          [-114.0136, 43.41984],
          [-114.01775, 43.44123],
          [-114.02191, 43.46261],
          [-114.03786, 43.48279],
          [-114.04203, 43.50417],
          [-114.05716, 43.52006],
          [-114.06389, 43.52373],
          [-114.07985, 43.54389],
          [-114.09332, 43.55123],
          [-114.12448, 43.55674],
          [-114.13121, 43.56041],
          [-114.15816, 43.57507],
          [-114.18765, 43.57203],
          [-114.21714, 43.56899],
          [-114.24663, 43.56594],
          [-114.25337, 43.5696],
          [-114.25758, 43.59096],
          [-114.28456, 43.6056],
          [-114.2913, 43.60926],
          [-114.29553, 43.63062],
          [-114.32252, 43.64525],
          [-114.32926, 43.64891],
          [-114.3335, 43.67026],
          [-114.36051, 43.68488],
          [-114.36726, 43.68854],
          [-114.39428, 43.70316],
          [-114.40103, 43.70681],
          [-114.42806, 43.72142],
          [-114.45758, 43.71834],
          [-114.48711, 43.71525],
          [-114.51492, 43.70363],
          [-114.54444, 43.70053],
          [-114.57395, 43.69743],
          [-114.60347, 43.69433],
          [-114.63298, 43.69122],
          [-114.66421, 43.69664],
          [-114.68437, 43.67707],
          [-114.68941, 43.67218],
          [-114.71891, 43.66906],
          [-114.72568, 43.6727],
          [-114.75274, 43.68727],
          [-114.78225, 43.68413],
          [-114.78901, 43.68777],
          [-114.81436, 43.6938],
          [-114.83467, 43.70471],
          [-114.84821, 43.71199],
          [-114.86853, 43.7229],
          [-114.88208, 43.73017],
          [-114.90241, 43.74107],
          [-114.91771, 43.75687],
          [-114.94723, 43.75371],
          [-114.96734, 43.73412],
          [-114.97281, 43.73136],
          [-115.00013, 43.71753],
          [-115.02963, 43.71436],
          [-115.05914, 43.71118],
          [-115.07948, 43.72207],
          [-115.07798, 43.74403],
          [-115.07254, 43.76641],
          [-115.07146, 43.77088],
          [-115.06317, 43.78921],
          [-115.05281, 43.81211],
          [-115.05721, 43.83342],
          [-115.07638, 43.85314],
          [-115.08997, 43.86039],
          [-115.10443, 43.8719],
          [-115.12614, 43.88916],
          [-115.12855, 43.89108],
          [-115.14283, 43.91131],
          [-115.15317, 43.93197],
          [-115.15612, 43.95342],
          [-115.15611, 43.97519],
          [-115.15068, 43.99754],
          [-115.14959, 44.00201],
          [-115.14722, 44.01967],
          [-115.13981, 44.04222],
          [-115.13063, 44.05626],
          [-115.12648, 44.06541],
          [-115.1161, 44.08827],
          [-115.11361, 44.11029],
          [-115.11804, 44.13155],
          [-115.12247, 44.15282],
          [-115.12691, 44.17408],
          [-115.13134, 44.19534],
          [-115.13578, 44.21659],
          [-115.14021, 44.23785],
          [-115.14564, 44.25899],
          [-115.17634, 44.27524],
          [-115.17976, 44.27705],
          [-115.21047, 44.2933],
          [-115.21388, 44.2951],
          [-115.24461, 44.31135],
          [-115.25099, 44.31283],
          [-115.27652, 44.31877],
          [-115.308, 44.32406],
          [-115.31483, 44.32766],
          [-115.31634, 44.34922],
          [-115.31427, 44.35378],
          [-115.30598, 44.37205],
          [-115.29561, 44.39488],
          [-115.29309, 44.39732],
          [-115.27929, 44.41834],
          [-115.27009, 44.43235],
          [-115.26396, 44.44169],
          [-115.24961, 44.46493],
          [-115.24753, 44.46949],
          [-115.24318, 44.48731],
          [-115.24261, 44.5]
        ]
      }
    },
    {
      "type": "Feature",
      "id": "2026101018_f054_08000_010",
      "properties": {
        "product_id": "winter_storm_levels",
        "source_id": "nbm_snow_level",
        "parameter": "snow_level",
        "definition": "height of the wet-bulb 0.5 degree C surface",
        "level_ft_msl": 8000,
        "label": "8,000 ft MSL",
        "unit": "ft_msl",
        "cycle_time_utc": "2026-10-10T18:00:00Z",
        "valid_time_utc": "2026-10-13T00:00:00Z",
        "lead_hours": 54,
        "segment": 10,
        "length_m": 57944.9
      },
      "geometry": {
        "type": "LineString",
        "coordinates": [
          [-127.49152, 42.82879],
          [-127.49088, 42.85122],
          [-127.48741, 42.86396],
          [-127.48355, 42.87485],
          [-127.47361, 42.89894],
          [-127.47048, 42.90452],
          [-127.45364, 42.92482],
          [-127.44858, 42.93019],
          [-127.4213, 42.9306],
          [-127.41807, 42.93006],
          [-127.39581, 42.91284],
          [-127.38269, 42.89288],
          [-127.37633, 42.8717],
          [-127.36875, 42.85074],
          [-127.36397, 42.82928],
          [-127.36254, 42.80722],
          [-127.36688, 42.78413],
          [-127.36757, 42.77805],
          [-127.37146, 42.76099],
          [-127.38444, 42.73723],
          [-127.38511, 42.73622],
          [-127.40706, 42.71379],
          [-127.43623, 42.7101],
          [-127.46335, 42.72221],
          [-127.47643, 42.74219],
          [-127.48362, 42.76323],
          [-127.48641, 42.78506],
          [-127.49024, 42.8067],
          [-127.49152, 42.82879]
        ]
      }
    },
    {
      "type": "Feature",
      "id": "2026101018_f054_08000_011",
      "properties": {
        "product_id": "winter_storm_levels",
        "source_id": "nbm_snow_level",
        "parameter": "snow_level",
        "definition": "height of the wet-bulb 0.5 degree C surface",
        "level_ft_msl": 8000,
        "label": "8,000 ft MSL",
        "unit": "ft_msl",
        "cycle_time_utc": "2026-10-10T18:00:00Z",
        "valid_time_utc": "2026-10-13T00:00:00Z",
        "lead_hours": 54,
        "segment": 11,
        "length_m": 22059.2
      },
      "geometry": {
        "type": "LineString",
        "coordinates": [
          [-127.55499, 40.45728],
          [-127.54995, 40.48085],
          [-127.54962, 40.48125],
          [-127.52876, 40.50741],
          [-127.52844, 40.50785],
          [-127.50602, 40.53063],
          [-127.48552, 40.51545],
          [-127.48899, 40.49219],
          [-127.49189, 40.48667],
          [-127.51086, 40.4655],
          [-127.51401, 40.46298],
          [-127.54076, 40.45371],
          [-127.55499, 40.45728]
        ]
      }
    },
    {
      "type": "Feature",
      "id": "2026101018_f054_08000_012",
      "properties": {
        "product_id": "winter_storm_levels",
        "source_id": "nbm_snow_level",
        "parameter": "snow_level",
        "definition": "height of the wet-bulb 0.5 degree C surface",
        "level_ft_msl": 8000,
        "label": "8,000 ft MSL",
        "unit": "ft_msl",
        "cycle_time_utc": "2026-10-10T18:00:00Z",
        "valid_time_utc": "2026-10-13T00:00:00Z",
        "lead_hours": 54,
        "segment": 12,
        "length_m": 64815.1
      },
      "geometry": {
        "type": "LineString",
        "coordinates": [
          [-127.7622, 42.19826],
          [-127.76099, 42.17606],
          [-127.75333, 42.15504],
          [-127.7359, 42.1358],
          [-127.7294, 42.13216],
          [-127.69767, 42.12765],
          [-127.66885, 42.13189],
          [-127.64341, 42.14639],
          [-127.63539, 42.15413],
          [-127.62141, 42.17124],
          [-127.61498, 42.18025],
          [-127.60755, 42.20401],
          [-127.6054, 42.21426],
          [-127.60133, 42.22755],
          [-127.59868, 42.25044],
          [-127.59741, 42.27307],
          [-127.59758, 42.28199],
          [-127.59607, 42.29571],
          [-127.60307, 42.31683],
          [-127.61299, 42.32847],
          [-127.61891, 42.33635],
          [-127.64138, 42.35467],
          [-127.65356, 42.35942],
          [-127.6851, 42.36315],
          [-127.71003, 42.34702],
          [-127.71423, 42.34143],
          [-127.72613, 42.31687],
          [-127.72851, 42.31151],
          [-127.7354, 42.29278],
          [-127.74124, 42.26931],
          [-127.74314, 42.26449],
          [-127.75073, 42.24518],
          [-127.75571, 42.22186],
          [-127.7573, 42.21609],
          [-127.7622, 42.19826]
        ]
      }
    },
    {
      "type": "Feature",
      "id": "2026101018_f054_08000_013",
      "properties": {
        "product_id": "winter_storm_levels",
        "source_id": "nbm_snow_level",
        "parameter": "snow_level",
        "definition": "height of the wet-bulb 0.5 degree C surface",
        "level_ft_msl": 8000,
        "label": "8,000 ft MSL",
        "unit": "ft_msl",
        "cycle_time_utc": "2026-10-10T18:00:00Z",
        "valid_time_utc": "2026-10-13T00:00:00Z",
        "lead_hours": 54,
        "segment": 13,
        "length_m": 57955.7
      },
      "geometry": {
        "type": "LineString",
        "coordinates": [
          [-127.82417, 41.62553],
          [-127.82384, 41.6031],
          [-127.82274, 41.5943],
          [-127.82154, 41.58103],
          [-127.81539, 41.57204],
          [-127.80709, 41.5612],
          [-127.78342, 41.54307],
          [-127.77443, 41.539],
          [-127.74545, 41.5423],
          [-127.72992, 41.55294],
          [-127.72106, 41.55952],
          [-127.70807, 41.57945],
          [-127.70303, 41.59613],
          [-127.70048, 41.60334],
          [-127.69603, 41.62665],
          [-127.69517, 41.64929],
          [-127.69327, 41.65789],
          [-127.68789, 41.67311],
          [-127.68109, 41.69684],
          [-127.6814, 41.71326],
          [-127.68074, 41.71938],
          [-127.68606, 41.72739],
          [-127.69335, 41.73954],
          [-127.72435, 41.7522],
          [-127.75254, 41.74635],
          [-127.77833, 41.73323],
          [-127.78719, 41.72229],
          [-127.7986, 41.70343],
          [-127.80178, 41.69712],
          [-127.81285, 41.6726],
          [-127.81595, 41.66483],
          [-127.82134, 41.64855],
          [-127.82417, 41.62553]
        ]
      }
    },
    {
      "type": "Feature",
      "id": "2026101018_f054_08000_014",
      "properties": {
        "product_id": "winter_storm_levels",
        "source_id": "nbm_snow_level",
        "parameter": "snow_level",
        "definition": "height of the wet-bulb 0.5 degree C surface",
        "level_ft_msl": 8000,
        "label": "8,000 ft MSL",
        "unit": "ft_msl",
        "cycle_time_utc": "2026-10-10T18:00:00Z",
        "valid_time_utc": "2026-10-13T00:00:00Z",
        "lead_hours": 54,
        "segment": 14,
        "length_m": 11440.9
      },
      "geometry": {
        "type": "LineString",
        "coordinates": [
          [-128.16064, 38.4307],
          [-128.16031, 38.43153],
          [-128.14702, 38.45624],
          [-128.14071, 38.46166],
          [-128.12434, 38.46066],
          [-128.12655, 38.43736],
          [-128.13109, 38.43145],
          [-128.1594, 38.42866],
          [-128.16064, 38.4307]
        ]
      }
    },
    {
      "type": "Feature",
      "id": "2026101018_f054_08000_015",
      "properties": {
        "product_id": "winter_storm_levels",
        "source_id": "nbm_snow_level",
        "parameter": "snow_level",
        "definition": "height of the wet-bulb 0.5 degree C surface",
        "level_ft_msl": 8000,
        "label": "8,000 ft MSL",
        "unit": "ft_msl",
        "cycle_time_utc": "2026-10-10T18:00:00Z",
        "valid_time_utc": "2026-10-13T00:00:00Z",
        "lead_hours": 54,
        "segment": 15,
        "length_m": 174688.5
      },
      "geometry": {
        "type": "LineString",
        "coordinates": [
          [-128.59859, 37.72537],
          [-128.59224, 37.70368],
          [-128.57706, 37.68375],
          [-128.56621, 37.66296],
          [-128.55864, 37.64151],
          [-128.54276, 37.62173],
          [-128.54218, 37.62142],
          [-128.51348, 37.62233],
          [-128.50415, 37.62945],
          [-128.49054, 37.64135],
          [-128.47285, 37.65866],
          [-128.46852, 37.66328],
          [-128.44599, 37.6836],
          [-128.44199, 37.68777],
          [-128.42452, 37.70732],
          [-128.41776, 37.71555],
          [-128.40361, 37.73279],
          [-128.39433, 37.74316],
          [-128.38219, 37.75672],
          [-128.35835, 37.77301],
          [-128.35781, 37.77336],
          [-128.33513, 37.79132],
          [-128.32386, 37.80304],
          [-128.31396, 37.81608],
          [-128.30541, 37.82963],
          [-128.29463, 37.84667],
          [-128.28938, 37.85574],
          [-128.27539, 37.87755],
          [-128.27301, 37.88191],
          [-128.26348, 37.90672],
          [-128.25866, 37.91638],
          [-128.2523, 37.93185],
          [-128.24165, 37.95437],
          [-128.24046, 37.95711],
          [-128.23126, 37.98184],
          [-128.22598, 37.99663],
          [-128.22325, 38.00634],
          [-128.21458, 38.03096],
          [-128.21011, 38.03826],
          [-128.19987, 38.05677],
          [-128.19162, 38.07168],
          [-128.18565, 38.08247],
          [-128.17379, 38.1072],
          [-128.17366, 38.10774],
          [-128.17563, 38.13025],
          [-128.17996, 38.1523],
          [-128.18626, 38.17396],
          [-128.18945, 38.19623],
          [-128.18781, 38.21945],
          [-128.18487, 38.23376],
          [-128.18508, 38.24287],
          [-128.18294, 38.26618],
          [-128.17937, 38.28977],
          [-128.20446, 38.29531],
          [-128.20931, 38.2839],
          [-128.21751, 38.2594],
          [-128.22053, 38.25423],
          [-128.22382, 38.23527],
          [-128.23781, 38.21695],
          [-128.24439, 38.20833],
          [-128.25879, 38.19134],
          [-128.27056, 38.18028],
          [-128.28121, 38.17028],
          [-128.29645, 38.15228],
          [-128.30171, 38.14323],
          [-128.3102, 38.12666],
          [-128.32102, 38.11245],
          [-128.32964, 38.09992],
          [-128.34091, 38.08353],
          [-128.34787, 38.0734],
          [-128.36079, 38.0546],
          [-128.36463, 38.04717],
          [-128.37992, 38.02335],
          [-128.38163, 38.02089],
          [-128.40078, 37.99754],
          [-128.40524, 37.99329],
          [-128.42247, 37.97436],
          [-128.43301, 37.96486],
          [-128.44459, 37.95255],
          [-128.46814, 37.93526],
          [-128.46855, 37.93487],
          [-128.48919, 37.91012],
          [-128.49178, 37.90732],
          [-128.51077, 37.88671],
          [-128.51865, 37.87903],
          [-128.53262, 37.86415],
          [-128.54711, 37.85041],
          [-128.55474, 37.84246],
          [-128.56943, 37.82301],
          [-128.57386, 37.81142],
          [-128.57641, 37.79866],
          [-128.5802, 37.77496],
          [-128.58682, 37.76117],
          [-128.59094, 37.74985],
          [-128.59859, 37.72537]
        ]
      }
    },
    {
      "type": "Feature",
      "id": "2026101018_f054_08000_016",
      "properties": {
        "product_id": "winter_storm_levels",
        "source_id": "nbm_snow_level",
        "parameter": "snow_level",
        "definition": "height of the wet-bulb 0.5 degree C surface",
        "level_ft_msl": 8000,
        "label": "8,000 ft MSL",
        "unit": "ft_msl",
        "cycle_time_utc": "2026-10-10T18:00:00Z",
        "valid_time_utc": "2026-10-13T00:00:00Z",
        "lead_hours": 54,
        "segment": 16,
        "length_m": 1324663
      },
      "geometry": {
        "type": "LineString",
        "coordinates": [
          [-130, 36.35378],
          [-129.98354, 36.36545],
          [-129.96021, 36.38198],
          [-129.95823, 36.38471],
          [-129.94042, 36.40931],
          [-129.93575, 36.41262],
          [-129.91613, 36.42295],
          [-129.89019, 36.43153],
          [-129.86471, 36.44155],
          [-129.84017, 36.45445],
          [-129.83527, 36.45703],
          [-129.81657, 36.47023],
          [-129.7932, 36.48672],
          [-129.78852, 36.49002],
          [-129.76982, 36.50321],
          [-129.74643, 36.5197],
          [-129.74175, 36.523],
          [-129.72303, 36.53619],
          [-129.71111, 36.55256],
          [-129.70316, 36.56348],
          [-129.69122, 36.57986],
          [-129.68609, 36.59942],
          [-129.6848, 36.60431],
          [-129.69185, 36.62594],
          [-129.69621, 36.64813],
          [-129.70326, 36.66976],
          [-129.71032, 36.69138],
          [-129.71738, 36.713],
          [-129.71365, 36.73688],
          [-129.70568, 36.74779],
          [-129.69913, 36.76302],
          [-129.69719, 36.78652],
          [-129.69282, 36.79668],
          [-129.68086, 36.81304],
          [-129.67571, 36.83259],
          [-129.67442, 36.83747],
          [-129.67338, 36.86078],
          [-129.68045, 36.88238],
          [-129.68751, 36.90399],
          [-129.67766, 36.92682],
          [-129.67702, 36.92927],
          [-129.66201, 36.95548],
          [-129.65982, 36.96055],
          [-129.65311, 36.98041],
          [-129.6482, 37.00451],
          [-129.64691, 37.00939],
          [-129.6402, 37.02925],
          [-129.63088, 37.04872],
          [-129.62609, 37.05526],
          [-129.60999, 37.07322],
          [-129.59274, 37.08527],
          [-129.58646, 37.08965],
          [-129.56174, 37.10248],
          [-129.53631, 37.11314],
          [-129.52218, 37.12299],
          [-129.51276, 37.12956],
          [-129.50051, 37.12748],
          [-129.48145, 37.12222],
          [-129.47235, 37.11027],
          [-129.46083, 37.0896],
          [-129.45134, 37.06851],
          [-129.42955, 37.04997],
          [-129.42765, 37.04575],
          [-129.42006, 37.02888],
          [-129.40869, 37.00817],
          [-129.39942, 36.98703],
          [-129.39241, 36.96542],
          [-129.37638, 36.94567],
          [-129.36103, 36.92948],
          [-129.35795, 36.92643],
          [-129.33866, 36.90735],
          [-129.33059, 36.88596],
          [-129.32135, 36.8648],
          [-129.31211, 36.84364],
          [-129.30287, 36.82248],
          [-129.2955, 36.80093],
          [-129.28665, 36.77969],
          [-129.28867, 36.7562],
          [-129.2817, 36.73456],
          [-129.27247, 36.71339],
          [-129.25977, 36.70525],
          [-129.24526, 36.69594],
          [-129.22705, 36.67663],
          [-129.21828, 36.66575],
          [-129.21141, 36.65678],
          [-129.20639, 36.63474],
          [-129.19958, 36.61306],
          [-129.19263, 36.59141],
          [-129.18568, 36.56976],
          [-129.17874, 36.54811],
          [-129.17166, 36.52648],
          [-129.16247, 36.50529],
          [-129.15203, 36.48435],
          [-129.13828, 36.4641],
          [-129.12237, 36.4443],
          [-129.11786, 36.44215],
          [-129.11416, 36.44599],
          [-129.10954, 36.47004],
          [-129.10362, 36.48744],
          [-129.10165, 36.49477],
          [-129.0926, 36.51973],
          [-129.08816, 36.52896],
          [-129.07821, 36.54579],
          [-129.06886, 36.55849],
          [-129.05817, 36.57301],
          [-129.05043, 36.59076],
          [-129.04711, 36.59837],
          [-129.04756, 36.62136],
          [-129.05556, 36.64279],
          [-129.06249, 36.66444],
          [-129.06042, 36.68794],
          [-129.06555, 36.70995],
          [-129.07248, 36.7316],
          [-129.09022, 36.75102],
          [-129.09986, 36.7721],
          [-129.10005, 36.79513],
          [-129.09414, 36.81711],
          [-129.09375, 36.81949],
          [-129.08448, 36.84446],
          [-129.07891, 36.85944],
          [-129.07358, 36.86976],
          [-129.0595, 36.88879],
          [-129.0551, 36.89661],
          [-129.04113, 36.92138],
          [-129.04012, 36.92274],
          [-129.02101, 36.94855],
          [-129.02027, 36.94986],
          [-129.0218, 36.97259],
          [-129.02874, 36.99422],
          [-129.0411, 37.01473],
          [-129.04263, 37.03746],
          [-129.03874, 37.0613],
          [-129.03212, 37.07302],
          [-129.02401, 37.08735],
          [-129.0137, 37.10558],
          [-129.00928, 37.11339],
          [-128.99528, 37.13814],
          [-128.99454, 37.13944],
          [-128.98521, 37.16437],
          [-128.97962, 37.17933],
          [-128.97588, 37.1893],
          [-128.9774, 37.21201],
          [-128.98435, 37.23362],
          [-128.99673, 37.25412],
          [-128.99825, 37.27683],
          [-128.98954, 37.30008],
          [-128.9891, 37.30171],
          [-128.97958, 37.32666],
          [-128.9811, 37.34936],
          [-129.00092, 37.36834],
          [-129.01598, 37.38214],
          [-129.02219, 37.38702],
          [-129.02916, 37.40861],
          [-129.0262, 37.41381],
          [-129.01003, 37.43551],
          [-129.00552, 37.43949],
          [-128.98317, 37.46003],
          [-128.97893, 37.46483],
          [-128.96194, 37.48405],
          [-128.95558, 37.49257],
          [-128.94249, 37.51362],
          [-128.93735, 37.51926],
          [-128.92328, 37.54396],
          [-128.92272, 37.54522],
          [-128.9206, 37.56864],
          [-128.93006, 37.58971],
          [-128.94383, 37.60991],
          [-128.95079, 37.63148],
          [-128.94414, 37.65581],
          [-128.93498, 37.67014],
          [-128.92363, 37.68294],
          [-128.91481, 37.69759],
          [-128.91038, 37.70859],
          [-128.91053, 37.73153],
          [-128.92091, 37.75241],
          [-128.93129, 37.77328],
          [-128.93606, 37.79528],
          [-128.93842, 37.81777],
          [-128.94062, 37.84029],
          [-128.94378, 37.86261],
          [-128.94499, 37.88073],
          [-128.94503, 37.88532],
          [-128.95156, 37.90696],
          [-128.94944, 37.93034],
          [-128.94732, 37.95372],
          [-128.9419, 37.96094],
          [-128.91597, 37.97075],
          [-128.9072, 37.98476],
          [-128.89457, 37.99456],
          [-128.87693, 38.01379],
          [-128.87297, 38.01776],
          [-128.86367, 38.0394],
          [-128.85777, 38.06077],
          [-128.85697, 38.06368],
          [-128.84815, 38.08839],
          [-128.8416, 38.10079],
          [-128.83215, 38.11453],
          [-128.82215, 38.13071],
          [-128.81715, 38.14047],
          [-128.80609, 38.16561],
          [-128.80511, 38.1681],
          [-128.79824, 38.1901],
          [-128.78852, 38.20694],
          [-128.78329, 38.21601],
          [-128.76984, 38.23932],
          [-128.7686, 38.24186],
          [-128.7607, 38.26636],
          [-128.75459, 38.28234],
          [-128.75191, 38.29102],
          [-128.74798, 38.31471],
          [-128.74542, 38.33813],
          [-128.74498, 38.3428],
          [-128.74325, 38.36147],
          [-128.72926, 38.38441],
          [-128.72735, 38.38753],
          [-128.71206, 38.41347],
          [-128.71074, 38.4174],
          [-128.70836, 38.43711],
          [-128.70709, 38.46025],
          [-128.7028, 38.48308],
          [-128.70275, 38.484],
          [-128.70236, 38.50697],
          [-128.70567, 38.52919],
          [-128.70898, 38.55142],
          [-128.709, 38.5743],
          [-128.70594, 38.58291],
          [-128.70253, 38.59846],
          [-128.69133, 38.62355],
          [-128.69039, 38.62515],
          [-128.67927, 38.64881],
          [-128.67374, 38.66405],
          [-128.6709, 38.67334],
          [-128.66477, 38.69742],
          [-128.6606, 38.71379],
          [-128.65864, 38.7215],
          [-128.65521, 38.74503],
          [-128.65402, 38.76813],
          [-128.65167, 38.77649],
          [-128.6468, 38.79241],
          [-128.63815, 38.81697],
          [-128.63645, 38.81988],
          [-128.61963, 38.84347],
          [-128.61671, 38.84938],
          [-128.60872, 38.86847],
          [-128.59975, 38.88746],
          [-128.59682, 38.89366],
          [-128.58822, 38.91819],
          [-128.58458, 38.93108],
          [-128.58257, 38.94214],
          [-128.58077, 38.96533],
          [-128.57669, 38.98896],
          [-128.57546, 38.99331],
          [-128.5704, 39.01302],
          [-128.56044, 39.03745],
          [-128.56027, 39.03784],
          [-128.55068, 39.06254],
          [-128.5433, 39.07512],
          [-128.53429, 39.08858],
          [-128.52327, 39.10389],
          [-128.51378, 39.11541],
          [-128.50219, 39.12949],
          [-128.49044, 39.14279],
          [-128.48155, 39.15646],
          [-128.47585, 39.16845],
          [-128.46541, 39.1933],
          [-128.46469, 39.1951],
          [-128.45704, 39.21773],
          [-128.44836, 39.23539],
          [-128.44361, 39.24315],
          [-128.42914, 39.26681],
          [-128.42766, 39.26906],
          [-128.40849, 39.29387],
          [-128.40694, 39.29589],
          [-128.38738, 39.31953],
          [-128.38393, 39.32315],
          [-128.36514, 39.34174],
          [-128.35191, 39.35215],
          [-128.34191, 39.36093],
          [-128.3246, 39.38023],
          [-128.32055, 39.38592],
          [-128.30833, 39.40616],
          [-128.30195, 39.41941],
          [-128.29764, 39.43101],
          [-128.28592, 39.45604],
          [-128.28495, 39.45789],
          [-128.27118, 39.48166],
          [-128.26585, 39.4899],
          [-128.25309, 39.50792],
          [-128.2454, 39.51781],
          [-128.22908, 39.53531],
          [-128.22351, 39.54129],
          [-128.2007, 39.56193],
          [-128.19748, 39.56416],
          [-128.17659, 39.57862],
          [-128.15145, 39.59213],
          [-128.1247, 39.60068],
          [-128.0969, 39.60602],
          [-128.06874, 39.61021],
          [-128.06084, 39.61316],
          [-128.04276, 39.62117],
          [-128.01809, 39.6362],
          [-128.00843, 39.64593],
          [-127.99629, 39.66015],
          [-127.98726, 39.67271],
          [-127.97666, 39.69086],
          [-127.9731, 39.69815],
          [-127.95715, 39.72197],
          [-127.95517, 39.72429],
          [-127.93669, 39.75016],
          [-127.93648, 39.75058],
          [-127.92342, 39.77579],
          [-127.91848, 39.78536],
          [-127.91196, 39.80068],
          [-127.90104, 39.82299],
          [-127.90012, 39.82564],
          [-127.89093, 39.8501],
          [-127.88416, 39.86236],
          [-127.87692, 39.87547],
          [-127.86504, 39.89484],
          [-127.86249, 39.90091],
          [-127.85467, 39.92509],
          [-127.84905, 39.93705],
          [-127.84458, 39.9497],
          [-127.83152, 39.97451],
          [-127.83135, 39.9749],
          [-127.8214, 39.99947],
          [-127.81561, 40.01701],
          [-127.81427, 40.0235],
          [-127.81099, 40.0468],
          [-127.8054, 40.07054],
          [-127.80428, 40.07378],
          [-127.79908, 40.09441],
          [-127.78829, 40.1161],
          [-127.78682, 40.1194],
          [-127.77095, 40.14506],
          [-127.76884, 40.14773],
          [-127.74988, 40.1717],
          [-127.74777, 40.17436],
          [-127.7288, 40.19833],
          [-127.72669, 40.20099],
          [-127.70432, 40.22365],
          [-127.70118, 40.22618],
          [-127.6814, 40.24462],
          [-127.66911, 40.25485],
          [-127.65843, 40.26546],
          [-127.64534, 40.28196],
          [-127.63843, 40.29554],
          [-127.6341, 40.30671],
          [-127.62764, 40.33056],
          [-127.65441, 40.34517],
          [-127.68044, 40.33376],
          [-127.70808, 40.32738],
          [-127.73759, 40.32677],
          [-127.74945, 40.33037],
          [-127.7729, 40.34408],
          [-127.77876, 40.34751],
          [-127.77704, 40.35689],
          [-127.77745, 40.3704],
          [-127.77782, 40.39297],
          [-127.76445, 40.40982],
          [-127.75927, 40.41909],
          [-127.75427, 40.44267],
          [-127.74896, 40.45384],
          [-127.74395, 40.46723],
          [-127.73024, 40.4879],
          [-127.72788, 40.49287],
          [-127.71496, 40.51791],
          [-127.71186, 40.52302],
          [-127.70455, 40.54248],
          [-127.69369, 40.55884],
          [-127.68936, 40.56794],
          [-127.67485, 40.59262],
          [-127.67442, 40.59334],
          [-127.6537, 40.61931],
          [-127.6533, 40.61989],
          [-127.63716, 40.64551],
          [-127.63358, 40.64919],
          [-127.62332, 40.67069],
          [-127.61801, 40.69315],
          [-127.61792, 40.69429],
          [-127.61707, 40.71705],
          [-127.61278, 40.74044],
          [-127.61046, 40.76195],
          [-127.61052, 40.76345],
          [-127.6109, 40.78597],
          [-127.61254, 40.80825],
          [-127.60912, 40.83146],
          [-127.60763, 40.84529],
          [-127.60814, 40.85423],
          [-127.61254, 40.87599],
          [-127.61777, 40.89759],
          [-127.62469, 40.91888],
          [-127.6316, 40.94017],
          [-127.63802, 40.96155],
          [-127.64495, 40.98283],
          [-127.65237, 41.00402],
          [-127.65929, 41.0253],
          [-127.6679, 41.04626],
          [-127.67483, 41.06753],
          [-127.68176, 41.0888],
          [-127.68653, 41.11047],
          [-127.69054, 41.13228],
          [-127.69105, 41.15473],
          [-127.6889, 41.17767],
          [-127.69163, 41.1952],
          [-127.69259, 41.19953],
          [-127.69689, 41.22127],
          [-127.69687, 41.24381],
          [-127.6837, 41.26258],
          [-127.67317, 41.27073],
          [-127.6595, 41.28026],
          [-127.63101, 41.28482],
          [-127.60928, 41.28252],
          [-127.60015, 41.28212],
          [-127.56628, 41.27016],
          [-127.56276, 41.26856],
          [-127.53109, 41.25411],
          [-127.50778, 41.25614],
          [-127.50201, 41.25683],
          [-127.50161, 41.25728],
          [-127.4915, 41.28166],
          [-127.48451, 41.29517],
          [-127.4812, 41.30607],
          [-127.47138, 41.33039],
          [-127.46877, 41.33897],
          [-127.46313, 41.35441],
          [-127.45503, 41.37841],
          [-127.45364, 41.38466],
          [-127.44625, 41.40252],
          [-127.43684, 41.42524],
          [-127.41057, 41.40905],
          [-127.40069, 41.40635],
          [-127.37085, 41.40685],
          [-127.36053, 41.41819],
          [-127.35204, 41.44133],
          [-127.35191, 41.44226],
          [-127.35297, 41.46456],
          [-127.36327, 41.48517],
          [-127.37249, 41.50598],
          [-127.37369, 41.50801],
          [-127.40181, 41.50213],
          [-127.40198, 41.5006],
          [-127.3993, 41.4786],
          [-127.40454, 41.45515],
          [-127.41104, 41.43821],
          [-127.43868, 41.43091],
          [-127.44874, 41.44707],
          [-127.45962, 41.46758],
          [-127.46937, 41.48829],
          [-127.4763, 41.50952],
          [-127.48549, 41.53033],
          [-127.49487, 41.5511],
          [-127.50275, 41.57214],
          [-127.50847, 41.59358],
          [-127.51541, 41.6148],
          [-127.52235, 41.63601],
          [-127.52929, 41.65722],
          [-127.53518, 41.67861],
          [-127.54115, 41.69999],
          [-127.54917, 41.721],
          [-127.55709, 41.74202],
          [-127.56405, 41.76321],
          [-127.57101, 41.78441],
          [-127.57797, 41.80559],
          [-127.58397, 41.82696],
          [-127.58589, 41.84906],
          [-127.58136, 41.86695],
          [-127.58019, 41.87255],
          [-127.56481, 41.89781],
          [-127.56235, 41.90082],
          [-127.53821, 41.91911],
          [-127.51101, 41.92812],
          [-127.48071, 41.9277],
          [-127.45152, 41.91842],
          [-127.4469, 41.91657],
          [-127.42152, 41.90142],
          [-127.40747, 41.88827],
          [-127.40074, 41.88275],
          [-127.38471, 41.86322],
          [-127.37654, 41.84226],
          [-127.37323, 41.82041],
          [-127.37976, 41.80351],
          [-127.37996, 41.79674],
          [-127.38161, 41.77398],
          [-127.39246, 41.7502],
          [-127.39264, 41.74952],
          [-127.40176, 41.72541],
          [-127.41046, 41.71315],
          [-127.41535, 41.70047],
          [-127.41654, 41.67778],
          [-127.40962, 41.65657],
          [-127.4027, 41.63536],
          [-127.39146, 41.61493],
          [-127.37651, 41.59518],
          [-127.37088, 41.59171],
          [-127.36658, 41.59699],
          [-127.34802, 41.61385],
          [-127.34473, 41.62344],
          [-127.34406, 41.64603],
          [-127.35097, 41.66724],
          [-127.35488, 41.689],
          [-127.35725, 41.71103],
          [-127.35486, 41.72719],
          [-127.35466, 41.73396],
          [-127.35374, 41.75659],
          [-127.3421, 41.7804],
          [-127.34198, 41.78118],
          [-127.34167, 41.80368],
          [-127.33228, 41.82783],
          [-127.32865, 41.83148],
          [-127.30999, 41.85431],
          [-127.3073, 41.85839],
          [-127.28346, 41.8777],
          [-127.25373, 41.87894],
          [-127.23797, 41.88976],
          [-127.26171, 41.90343],
          [-127.2863, 41.88642],
          [-127.30958, 41.89926],
          [-127.32509, 41.91291],
          [-127.32979, 41.91805],
          [-127.33898, 41.93881],
          [-127.34009, 41.9588],
          [-127.3404, 41.96099],
          [-127.34163, 41.98319],
          [-127.33992, 42.00593],
          [-127.33536, 42.02918],
          [-127.33446, 42.03382],
          [-127.33392, 42.05185],
          [-127.33087, 42.07482],
          [-127.32397, 42.09399],
          [-127.32194, 42.09884],
          [-127.30293, 42.12199],
          [-127.29521, 42.12607],
          [-127.27766, 42.13707],
          [-127.25347, 42.15548],
          [-127.25305, 42.15606],
          [-127.2457, 42.17978],
          [-127.24177, 42.20288],
          [-127.24169, 42.21185],
          [-127.24299, 42.22505],
          [-127.24363, 42.24733],
          [-127.23093, 42.27135],
          [-127.23065, 42.27204],
          [-127.22154, 42.29606],
          [-127.21473, 42.31428],
          [-127.21375, 42.31983],
          [-127.21569, 42.34186],
          [-127.21251, 42.3648],
          [-127.20691, 42.3828],
          [-127.20628, 42.38829],
          [-127.20548, 42.41079],
          [-127.20182, 42.43381],
          [-127.20028, 42.45496],
          [-127.20036, 42.45643],
          [-127.20283, 42.47835],
          [-127.20367, 42.50055],
          [-127.19576, 42.52432],
          [-127.19401, 42.5282],
          [-127.1878, 42.54808],
          [-127.17692, 42.56854],
          [-127.17524, 42.57266],
          [-127.16641, 42.59658],
          [-127.15961, 42.60821],
          [-127.15413, 42.6211],
          [-127.14136, 42.64506],
          [-127.14112, 42.64575],
          [-127.13644, 42.66891],
          [-127.13566, 42.69137],
          [-127.13621, 42.7136],
          [-127.13921, 42.73092],
          [-127.14022, 42.7352],
          [-127.14713, 42.7563],
          [-127.14892, 42.76044],
          [-127.15703, 42.77685],
          [-127.16947, 42.79696],
          [-127.18465, 42.81657],
          [-127.19698, 42.83669],
          [-127.20615, 42.85737],
          [-127.21568, 42.87799],
          [-127.22076, 42.886],
          [-127.23069, 42.89762],
          [-127.24707, 42.91701],
          [-127.25835, 42.93731],
          [-127.26754, 42.95797],
          [-127.27452, 42.97902],
          [-127.28151, 43.00007],
          [-127.28849, 43.02112],
          [-127.29548, 43.04216],
          [-127.30247, 43.0632],
          [-127.30947, 43.08424],
          [-127.31647, 43.10527],
          [-127.32048, 43.12684],
          [-127.32133, 43.14896],
          [-127.31547, 43.17137],
          [-127.31537, 43.17228],
          [-127.31026, 43.19545],
          [-127.30073, 43.21876],
          [-127.30051, 43.21943],
          [-127.29293, 43.24303],
          [-127.28244, 43.25557],
          [-127.26941, 43.26944],
          [-127.25989, 43.27958],
          [-127.23866, 43.29712],
          [-127.23598, 43.29957],
          [-127.21868, 43.32288],
          [-127.21558, 43.3301],
          [-127.21181, 43.34633],
          [-127.21014, 43.36886],
          [-127.2053, 43.39106],
          [-127.20522, 43.39196],
          [-127.21027, 43.4133],
          [-127.21678, 43.42549],
          [-127.22215, 43.43344],
          [-127.24183, 43.4522],
          [-127.25539, 43.47203],
          [-127.26241, 43.49302],
          [-127.26498, 43.51478],
          [-127.26138, 43.53763],
          [-127.25955, 43.5535],
          [-127.25948, 43.56017],
          [-127.2625, 43.58185],
          [-127.26629, 43.60339],
          [-127.26969, 43.62499],
          [-127.27006, 43.64713],
          [-127.26641, 43.66552],
          [-127.26577, 43.67007],
          [-127.26362, 43.69264],
          [-127.25914, 43.71562],
          [-127.25618, 43.72649],
          [-127.25374, 43.73875],
          [-127.24007, 43.76332],
          [-127.23858, 43.76555],
          [-127.22799, 43.78761],
          [-127.22005, 43.80186],
          [-127.21488, 43.81208],
          [-127.20279, 43.83636],
          [-127.20163, 43.83853],
          [-127.19103, 43.86058],
          [-127.18353, 43.87617],
          [-127.18056, 43.88456],
          [-127.17026, 43.90852],
          [-127.16597, 43.91547],
          [-127.15609, 43.93314],
          [-127.14631, 43.94853],
          [-127.1396, 43.95815],
          [-127.12554, 43.97831],
          [-127.12268, 43.98324],
          [-127.10964, 44.00764],
          [-127.10646, 44.01318],
          [-127.09688, 44.032],
          [-127.08863, 44.05176],
          [-127.08715, 44.05582],
          [-127.08045, 44.0791],
          [-127.07953, 44.10139],
          [-127.07792, 44.11162],
          [-127.07751, 44.12386],
          [-127.07861, 44.14579],
          [-127.07195, 44.16905],
          [-127.06881, 44.17623],
          [-127.05843, 44.1935],
          [-127.04839, 44.20724],
          [-127.03606, 44.21947],
          [-127.02526, 44.23018],
          [-127.00013, 44.24721],
          [-126.99885, 44.24799],
          [-126.97647, 44.26863],
          [-126.97115, 44.27485],
          [-126.95564, 44.29851],
          [-126.95526, 44.29968],
          [-126.94743, 44.32311],
          [-126.93872, 44.34006],
          [-126.93381, 44.34753],
          [-126.91694, 44.3672],
          [-126.90694, 44.37422],
          [-126.89194, 44.38473],
          [-126.86501, 44.39653],
          [-126.84578, 44.40676],
          [-126.83985, 44.41366],
          [-126.82891, 44.43171],
          [-126.81995, 44.44648],
          [-126.81397, 44.45632],
          [-126.80003, 44.47929],
          [-126.79855, 44.48101],
          [-126.78219, 44.5]
        ]
      }
    },
    {
      "type": "Feature",
      "id": "2026101018_f054_09000_001",
      "properties": {
        "product_id": "winter_storm_levels",
        "source_id": "nbm_snow_level",
        "parameter": "snow_level",
        "definition": "height of the wet-bulb 0.5 degree C surface",
        "level_ft_msl": 9000,
        "label": "9,000 ft MSL",
        "unit": "ft_msl",
        "cycle_time_utc": "2026-10-10T18:00:00Z",
        "valid_time_utc": "2026-10-13T00:00:00Z",
        "lead_hours": 54,
        "segment": 1,
        "length_m": 9877.1
      },
      "geometry": {
        "type": "LineString",
        "coordinates": [
          [-112, 43.59131],
          [-112.00032, 43.59316],
          [-112.00257, 43.6147],
          [-112.00778, 43.63597],
          [-112.01003, 43.6575],
          [-112.00892, 43.65978],
          [-112, 43.67813]
        ]
      }
    },
    {
      "type": "Feature",
      "id": "2026101018_f054_09000_002",
      "properties": {
        "product_id": "winter_storm_levels",
        "source_id": "nbm_snow_level",
        "parameter": "snow_level",
        "definition": "height of the wet-bulb 0.5 degree C surface",
        "level_ft_msl": 9000,
        "label": "9,000 ft MSL",
        "unit": "ft_msl",
        "cycle_time_utc": "2026-10-10T18:00:00Z",
        "valid_time_utc": "2026-10-13T00:00:00Z",
        "lead_hours": 54,
        "segment": 2,
        "length_m": 33201.6
      },
      "geometry": {
        "type": "LineString",
        "coordinates": [
          [-112, 43.68137],
          [-112.01564, 43.69829],
          [-112.01749, 43.7003],
          [-112.02123, 43.72169],
          [-112.02645, 43.74294],
          [-112.03018, 43.76433],
          [-112.0602, 43.78114],
          [-112.06354, 43.78301],
          [-112.09357, 43.79982],
          [-112.09691, 43.80168],
          [-112.10067, 43.82306],
          [-112.10442, 43.84443],
          [-112.10184, 43.84684],
          [-112.07854, 43.86851],
          [-112.07595, 43.87092],
          [-112.05265, 43.89258],
          [-112.04987, 43.89392],
          [-112.02209, 43.9073],
          [-112, 43.91794]
        ]
      }
    },
    {
      "type": "Feature",
      "id": "2026101018_f054_09000_003",
      "properties": {
        "product_id": "winter_storm_levels",
        "source_id": "nbm_snow_level",
        "parameter": "snow_level",
        "definition": "height of the wet-bulb 0.5 degree C surface",
        "level_ft_msl": 9000,
        "label": "9,000 ft MSL",
        "unit": "ft_msl",
        "cycle_time_utc": "2026-10-10T18:00:00Z",
        "valid_time_utc": "2026-10-13T00:00:00Z",
        "lead_hours": 54,
        "segment": 3,
        "length_m": 82489.7
      },
      "geometry": {
        "type": "LineString",
        "coordinates": [
          [-112.77667, 42.27458],
          [-112.77429, 42.25287],
          [-112.77044, 42.2313],
          [-112.76515, 42.20987],
          [-112.76131, 42.18829],
          [-112.75893, 42.16657],
          [-112.76, 42.16427],
          [-112.76528, 42.14399],
          [-112.76581, 42.12198],
          [-112.77507, 42.09911],
          [-112.77123, 42.07752],
          [-112.75431, 42.0572],
          [-112.76357, 42.03433],
          [-112.73395, 42.01745],
          [-112.70488, 42.02028],
          [-112.68214, 42.04228],
          [-112.67961, 42.04472],
          [-112.65686, 42.0667],
          [-112.65434, 42.06915],
          [-112.63158, 42.09113],
          [-112.62905, 42.09357],
          [-112.61938, 42.11427],
          [-112.62318, 42.13586],
          [-112.63136, 42.15702],
          [-112.63516, 42.17861],
          [-112.63898, 42.20019],
          [-112.63842, 42.22219],
          [-112.64223, 42.24377],
          [-112.64604, 42.26534],
          [-112.63674, 42.28818],
          [-112.64056, 42.30975],
          [-112.67024, 42.32662],
          [-112.69941, 42.32379],
          [-112.72857, 42.32095],
          [-112.75136, 42.29899],
          [-112.75389, 42.29655],
          [-112.77667, 42.27458]
        ]
      }
    },
    {
      "type": "Feature",
      "id": "2026101018_f054_09000_004",
      "properties": {
        "product_id": "winter_storm_levels",
        "source_id": "nbm_snow_level",
        "parameter": "snow_level",
        "definition": "height of the wet-bulb 0.5 degree C surface",
        "level_ft_msl": 9000,
        "label": "9,000 ft MSL",
        "unit": "ft_msl",
        "cycle_time_utc": "2026-10-10T18:00:00Z",
        "valid_time_utc": "2026-10-13T00:00:00Z",
        "lead_hours": 54,
        "segment": 4,
        "length_m": 62591.5
      },
      "geometry": {
        "type": "LineString",
        "coordinates": [
          [-112.99714, 30.88367],
          [-112.99364, 30.86115],
          [-112.96688, 30.84359],
          [-112.94065, 30.84659],
          [-112.91442, 30.84959],
          [-112.91145, 30.84763],
          [-112.88471, 30.83006],
          [-112.85848, 30.83304],
          [-112.838, 30.856],
          [-112.83572, 30.85855],
          [-112.81523, 30.8815],
          [-112.81295, 30.88405],
          [-112.79245, 30.90699],
          [-112.79017, 30.90954],
          [-112.76966, 30.93248],
          [-112.77313, 30.955],
          [-112.77659, 30.97752],
          [-112.80335, 30.99511],
          [-112.82961, 30.99214],
          [-112.85588, 30.98916],
          [-112.87638, 30.96621],
          [-112.87883, 30.96478],
          [-112.90492, 30.96067],
          [-112.9296, 30.94754],
          [-112.95166, 30.93471],
          [-112.95393, 30.93216],
          [-112.97441, 30.90919],
          [-112.97668, 30.90664],
          [-112.99714, 30.88367]
        ]
      }
    },
    {
      "type": "Feature",
      "id": "2026101018_f054_09000_005",
      "properties": {
        "product_id": "winter_storm_levels",
        "source_id": "nbm_snow_level",
        "parameter": "snow_level",
        "definition": "height of the wet-bulb 0.5 degree C surface",
        "level_ft_msl": 9000,
        "label": "9,000 ft MSL",
        "unit": "ft_msl",
        "cycle_time_utc": "2026-10-10T18:00:00Z",
        "valid_time_utc": "2026-10-13T00:00:00Z",
        "lead_hours": 54,
        "segment": 5,
        "length_m": 40642.9
      },
      "geometry": {
        "type": "LineString",
        "coordinates": [
          [-113.27785, 30.36958],
          [-113.26928, 30.39123],
          [-113.26833, 30.39364],
          [-113.24687, 30.41794],
          [-113.24444, 30.41938],
          [-113.22251, 30.43226],
          [-113.19815, 30.44657],
          [-113.17184, 30.44848],
          [-113.14515, 30.43094],
          [-113.14032, 30.40856],
          [-113.13811, 30.38587],
          [-113.15845, 30.36286],
          [-113.16071, 30.3603],
          [-113.18105, 30.33729],
          [-113.20698, 30.33312],
          [-113.23326, 30.3312],
          [-113.25994, 30.34873],
          [-113.26291, 30.35068],
          [-113.27785, 30.36958]
        ]
      }
    },
    {
      "type": "Feature",
      "id": "2026101018_f054_09000_006",
      "properties": {
        "product_id": "winter_storm_levels",
        "source_id": "nbm_snow_level",
        "parameter": "snow_level",
        "definition": "height of the wet-bulb 0.5 degree C surface",
        "level_ft_msl": 9000,
        "label": "9,000 ft MSL",
        "unit": "ft_msl",
        "cycle_time_utc": "2026-10-10T18:00:00Z",
        "valid_time_utc": "2026-10-13T00:00:00Z",
        "lead_hours": 54,
        "segment": 6,
        "length_m": 14531.5
      },
      "geometry": {
        "type": "LineString",
        "coordinates": [
          [-113.37755, 30.49556],
          [-113.36739, 30.50707],
          [-113.34285, 30.52028],
          [-113.32788, 30.50139],
          [-113.33644, 30.47973],
          [-113.36258, 30.47667],
          [-113.37755, 30.49556]
        ]
      }
    },
    {
      "type": "Feature",
      "id": "2026101018_f054_09000_007",
      "properties": {
        "product_id": "winter_storm_levels",
        "source_id": "nbm_snow_level",
        "parameter": "snow_level",
        "definition": "height of the wet-bulb 0.5 degree C surface",
        "level_ft_msl": 9000,
        "label": "9,000 ft MSL",
        "unit": "ft_msl",
        "cycle_time_utc": "2026-10-10T18:00:00Z",
        "valid_time_utc": "2026-10-13T00:00:00Z",
        "lead_hours": 54,
        "segment": 7,
        "length_m": 17430.3
      },
      "geometry": {
        "type": "LineString",
        "coordinates": [
          [-113.49254, 30.07876],
          [-113.48617, 30.08221],
          [-113.46434, 30.09513],
          [-113.46791, 30.11767],
          [-113.46566, 30.12023],
          [-113.4396, 30.12331],
          [-113.43664, 30.12137],
          [-113.40999, 30.10386],
          [-113.40703, 30.10191],
          [-113.38038, 30.0844],
          [-113.37742, 30.08245],
          [-113.37967, 30.07989],
          [-113.38522, 30.07357]
        ]
      }
    },
    {
      "type": "Feature",
      "id": "2026101018_f054_09000_008",
      "properties": {
        "product_id": "winter_storm_levels",
        "source_id": "nbm_snow_level",
        "parameter": "snow_level",
        "definition": "height of the wet-bulb 0.5 degree C surface",
        "level_ft_msl": 9000,
        "label": "9,000 ft MSL",
        "unit": "ft_msl",
        "cycle_time_utc": "2026-10-10T18:00:00Z",
        "valid_time_utc": "2026-10-13T00:00:00Z",
        "lead_hours": 54,
        "segment": 8,
        "length_m": 74040.5
      },
      "geometry": {
        "type": "LineString",
        "coordinates": [
          [-113.6987, 30.08851],
          [-113.69713, 30.09031],
          [-113.67694, 30.11341],
          [-113.67469, 30.11597],
          [-113.65287, 30.12892],
          [-113.62844, 30.14218],
          [-113.6262, 30.14474],
          [-113.60599, 30.16782],
          [-113.60374, 30.17039],
          [-113.5819, 30.18332],
          [-113.56954, 30.19742],
          [-113.55943, 30.20896],
          [-113.53497, 30.2222],
          [-113.53272, 30.22476],
          [-113.51247, 30.24783],
          [-113.48639, 30.25092],
          [-113.48414, 30.25349],
          [-113.46388, 30.27654],
          [-113.43779, 30.27963],
          [-113.4111, 30.26212],
          [-113.40754, 30.23959],
          [-113.40457, 30.23764],
          [-113.3779, 30.22013],
          [-113.37493, 30.21819],
          [-113.34827, 30.20067],
          [-113.34548, 30.19985],
          [-113.31763, 30.19165],
          [-113.29257, 30.18426],
          [-113.28979, 30.18344],
          [-113.26195, 30.17523],
          [-113.2369, 30.16783],
          [-113.23394, 30.16588],
          [-113.21903, 30.14697],
          [-113.20378, 30.1258],
          [-113.22406, 30.10277],
          [-113.22632, 30.10021],
          [-113.24659, 30.07717],
          [-113.27247, 30.07299],
          [-113.27489, 30.07156],
          [-113.27436, 30.06814]
        ]
      }
    },
    {
      "type": "Feature",
      "id": "2026101018_f054_09000_009",
      "properties": {
        "product_id": "winter_storm_levels",
        "source_id": "nbm_snow_level",
        "parameter": "snow_level",
        "definition": "height of the wet-bulb 0.5 degree C surface",
        "level_ft_msl": 9000,
        "label": "9,000 ft MSL",
        "unit": "ft_msl",
        "cycle_time_utc": "2026-10-10T18:00:00Z",
        "valid_time_utc": "2026-10-13T00:00:00Z",
        "lead_hours": 54,
        "segment": 9,
        "length_m": 35886.1
      },
      "geometry": {
        "type": "LineString",
        "coordinates": [
          [-113.94343, 38.53849],
          [-113.92171, 38.56103],
          [-113.91929, 38.56353],
          [-113.89756, 38.58607],
          [-113.8677, 38.57927],
          [-113.8396, 38.58234],
          [-113.81255, 38.57522],
          [-113.80935, 38.57333],
          [-113.78054, 38.55632],
          [-113.80229, 38.5338],
          [-113.80471, 38.53129],
          [-113.82645, 38.50876],
          [-113.85452, 38.50569],
          [-113.8826, 38.50261],
          [-113.91141, 38.51961],
          [-113.91461, 38.5215],
          [-113.94343, 38.53849]
        ]
      }
    },
    {
      "type": "Feature",
      "id": "2026101018_f054_09000_010",
      "properties": {
        "product_id": "winter_storm_levels",
        "source_id": "nbm_snow_level",
        "parameter": "snow_level",
        "definition": "height of the wet-bulb 0.5 degree C surface",
        "level_ft_msl": 9000,
        "label": "9,000 ft MSL",
        "unit": "ft_msl",
        "cycle_time_utc": "2026-10-10T18:00:00Z",
        "valid_time_utc": "2026-10-13T00:00:00Z",
        "lead_hours": 54,
        "segment": 10,
        "length_m": 43270.5
      },
      "geometry": {
        "type": "LineString",
        "coordinates": [
          [-114.05891, 39.01802],
          [-114.03712, 39.04053],
          [-114.03469, 39.04303],
          [-114.01289, 39.06554],
          [-114.01046, 39.06804],
          [-113.98865, 39.09053],
          [-113.96042, 39.09362],
          [-113.93145, 39.07668],
          [-113.92823, 39.07479],
          [-113.89926, 39.05784],
          [-113.89531, 39.03593],
          [-113.89135, 39.01401],
          [-113.91317, 38.99152],
          [-113.91559, 38.98902],
          [-113.9374, 38.96652],
          [-113.9656, 38.96344],
          [-113.99455, 38.98038],
          [-113.99776, 38.98227],
          [-114.02672, 38.99921],
          [-114.02994, 39.00109],
          [-114.05891, 39.01802]
        ]
      }
    },
    {
      "type": "Feature",
      "id": "2026101018_f054_09000_011",
      "properties": {
        "product_id": "winter_storm_levels",
        "source_id": "nbm_snow_level",
        "parameter": "snow_level",
        "definition": "height of the wet-bulb 0.5 degree C surface",
        "level_ft_msl": 9000,
        "label": "9,000 ft MSL",
        "unit": "ft_msl",
        "cycle_time_utc": "2026-10-10T18:00:00Z",
        "valid_time_utc": "2026-10-13T00:00:00Z",
        "lead_hours": 54,
        "segment": 11,
        "length_m": 51307.4
      },
      "geometry": {
        "type": "LineString",
        "coordinates": [
          [-114.19207, 38.48854],
          [-114.18807, 38.46657],
          [-114.18408, 38.44461],
          [-114.18008, 38.42264],
          [-114.17609, 38.40067],
          [-114.1721, 38.3787],
          [-114.14328, 38.36174],
          [-114.14008, 38.35985],
          [-114.11128, 38.34288],
          [-114.08326, 38.346],
          [-114.06161, 38.36858],
          [-114.0592, 38.37109],
          [-114.03754, 38.39366],
          [-114.0415, 38.41564],
          [-114.04547, 38.43761],
          [-114.04943, 38.45958],
          [-114.07826, 38.47655],
          [-114.08146, 38.47843],
          [-114.1103, 38.4954],
          [-114.1135, 38.49728],
          [-114.14235, 38.51424],
          [-114.17041, 38.51112],
          [-114.19207, 38.48854]
        ]
      }
    },
    {
      "type": "Feature",
      "id": "2026101018_f054_09000_012",
      "properties": {
        "product_id": "winter_storm_levels",
        "source_id": "nbm_snow_level",
        "parameter": "snow_level",
        "definition": "height of the wet-bulb 0.5 degree C surface",
        "level_ft_msl": 9000,
        "label": "9,000 ft MSL",
        "unit": "ft_msl",
        "cycle_time_utc": "2026-10-10T18:00:00Z",
        "valid_time_utc": "2026-10-13T00:00:00Z",
        "lead_hours": 54,
        "segment": 12,
        "length_m": 38228.7
      },
      "geometry": {
        "type": "LineString",
        "coordinates": [
          [-114.26012, 38.07718],
          [-114.23856, 38.09981],
          [-114.23617, 38.10233],
          [-114.24016, 38.12433],
          [-114.23157, 38.14773],
          [-114.22258, 38.16894],
          [-114.22018, 38.17145],
          [-114.19859, 38.19407],
          [-114.16982, 38.1771],
          [-114.16663, 38.17521],
          [-114.15046, 38.15682],
          [-114.15946, 38.13562],
          [-114.16046, 38.13326],
          [-114.15788, 38.11111],
          [-114.17946, 38.08849],
          [-114.18186, 38.08598],
          [-114.20343, 38.06335],
          [-114.23138, 38.06021],
          [-114.26012, 38.07718]
        ]
      }
    },
    {
      "type": "Feature",
      "id": "2026101018_f054_09000_013",
      "properties": {
        "product_id": "winter_storm_levels",
        "source_id": "nbm_snow_level",
        "parameter": "snow_level",
        "definition": "height of the wet-bulb 0.5 degree C surface",
        "level_ft_msl": 9000,
        "label": "9,000 ft MSL",
        "unit": "ft_msl",
        "cycle_time_utc": "2026-10-10T18:00:00Z",
        "valid_time_utc": "2026-10-13T00:00:00Z",
        "lead_hours": 54,
        "segment": 13,
        "length_m": 51309.6
      },
      "geometry": {
        "type": "LineString",
        "coordinates": [
          [-114.27118, 35.1404],
          [-114.26729, 35.11815],
          [-114.24106, 35.111],
          [-114.21833, 35.12387],
          [-114.2158, 35.1253],
          [-114.19364, 35.14945],
          [-114.19247, 35.15072],
          [-114.17892, 35.17386],
          [-114.17108, 35.18726],
          [-114.1667, 35.19798],
          [-114.15038, 35.22257],
          [-114.14986, 35.2249],
          [-114.14517, 35.24587],
          [-114.15683, 35.26493],
          [-114.15858, 35.267],
          [-114.16382, 35.28908],
          [-114.19183, 35.30624],
          [-114.21285, 35.28338],
          [-114.21519, 35.28084],
          [-114.22394, 35.25939],
          [-114.23367, 35.23557],
          [-114.23484, 35.2343],
          [-114.24407, 35.21166],
          [-114.25357, 35.18785],
          [-114.25408, 35.18552],
          [-114.26283, 35.16407],
          [-114.27118, 35.1404]
        ]
      }
    },
    {
      "type": "Feature",
      "id": "2026101018_f054_09000_014",
      "properties": {
        "product_id": "winter_storm_levels",
        "source_id": "nbm_snow_level",
        "parameter": "snow_level",
        "definition": "height of the wet-bulb 0.5 degree C surface",
        "level_ft_msl": 9000,
        "label": "9,000 ft MSL",
        "unit": "ft_msl",
        "cycle_time_utc": "2026-10-10T18:00:00Z",
        "valid_time_utc": "2026-10-13T00:00:00Z",
        "lead_hours": 54,
        "segment": 14,
        "length_m": 31445.8
      },
      "geometry": {
        "type": "LineString",
        "coordinates": [
          [-114.38044, 40.25314],
          [-114.37799, 40.25563],
          [-114.34946, 40.25876],
          [-114.3462, 40.2569],
          [-114.31684, 40.24011],
          [-114.31358, 40.23825],
          [-114.30948, 40.21647],
          [-114.3054, 40.19469],
          [-114.30131, 40.17291],
          [-114.30375, 40.17042],
          [-114.32573, 40.148],
          [-114.32817, 40.14551],
          [-114.33143, 40.14737],
          [-114.36076, 40.16416],
          [-114.36402, 40.16603],
          [-114.36813, 40.18781],
          [-114.37223, 40.20959],
          [-114.37633, 40.23136],
          [-114.38044, 40.25314]
        ]
      }
    },
    {
      "type": "Feature",
      "id": "2026101018_f054_09000_015",
      "properties": {
        "product_id": "winter_storm_levels",
        "source_id": "nbm_snow_level",
        "parameter": "snow_level",
        "definition": "height of the wet-bulb 0.5 degree C surface",
        "level_ft_msl": 9000,
        "label": "9,000 ft MSL",
        "unit": "ft_msl",
        "cycle_time_utc": "2026-10-10T18:00:00Z",
        "valid_time_utc": "2026-10-13T00:00:00Z",
        "lead_hours": 54,
        "segment": 15,
        "length_m": 27447.9
      },
      "geometry": {
        "type": "LineString",
        "coordinates": [
          [-114.41417, 37.43018],
          [-114.40347, 37.44153],
          [-114.39039, 37.45541],
          [-114.37909, 37.46346],
          [-114.3537, 37.47986],
          [-114.32591, 37.48303],
          [-114.29731, 37.46602],
          [-114.31873, 37.44333],
          [-114.32111, 37.4408],
          [-114.34252, 37.4181],
          [-114.3701, 37.41383],
          [-114.39807, 37.41176],
          [-114.41417, 37.43018]
        ]
      }
    },
    {
      "type": "Feature",
      "id": "2026101018_f054_09000_016",
      "properties": {
        "product_id": "winter_storm_levels",
        "source_id": "nbm_snow_level",
        "parameter": "snow_level",
        "definition": "height of the wet-bulb 0.5 degree C surface",
        "level_ft_msl": 9000,
        "label": "9,000 ft MSL",
        "unit": "ft_msl",
        "cycle_time_utc": "2026-10-10T18:00:00Z",
        "valid_time_utc": "2026-10-13T00:00:00Z",
        "lead_hours": 54,
        "segment": 16,
        "length_m": 37963.9
      },
      "geometry": {
        "type": "LineString",
        "coordinates": [
          [-114.50271, 37.69008],
          [-114.49422, 37.71354],
          [-114.49825, 37.73557],
          [-114.48934, 37.75683],
          [-114.48696, 37.75935],
          [-114.46551, 37.78204],
          [-114.43785, 37.78632],
          [-114.40978, 37.7884],
          [-114.38109, 37.77143],
          [-114.37708, 37.7494],
          [-114.39854, 37.72672],
          [-114.39953, 37.72436],
          [-114.40944, 37.70074],
          [-114.42016, 37.6894],
          [-114.44599, 37.6752],
          [-114.47403, 37.67312],
          [-114.50271, 37.69008]
        ]
      }
    },
    {
      "type": "Feature",
      "id": "2026101018_f054_09000_017",
      "properties": {
        "product_id": "winter_storm_levels",
        "source_id": "nbm_snow_level",
        "parameter": "snow_level",
        "definition": "height of the wet-bulb 0.5 degree C surface",
        "level_ft_msl": 9000,
        "label": "9,000 ft MSL",
        "unit": "ft_msl",
        "cycle_time_utc": "2026-10-10T18:00:00Z",
        "valid_time_utc": "2026-10-13T00:00:00Z",
        "lead_hours": 54,
        "segment": 17,
        "length_m": 31652.9
      },
      "geometry": {
        "type": "LineString",
        "coordinates": [
          [-114.59387, 39.31596],
          [-114.58975, 39.29409],
          [-114.57293, 39.27365],
          [-114.56882, 39.25178],
          [-114.56558, 39.24991],
          [-114.56458, 39.25225],
          [-114.54164, 39.27605],
          [-114.54043, 39.27731],
          [-114.5304, 39.30077],
          [-114.52137, 39.32188],
          [-114.51895, 39.32438],
          [-114.52305, 39.34625],
          [-114.52715, 39.36812],
          [-114.53039, 39.36999],
          [-114.55867, 39.36681],
          [-114.56109, 39.36431],
          [-114.58284, 39.34177],
          [-114.58526, 39.33926],
          [-114.59387, 39.31596]
        ]
      }
    },
    {
      "type": "Feature",
      "id": "2026101018_f054_09000_018",
      "properties": {
        "product_id": "winter_storm_levels",
        "source_id": "nbm_snow_level",
        "parameter": "snow_level",
        "definition": "height of the wet-bulb 0.5 degree C surface",
        "level_ft_msl": 9000,
        "label": "9,000 ft MSL",
        "unit": "ft_msl",
        "cycle_time_utc": "2026-10-10T18:00:00Z",
        "valid_time_utc": "2026-10-13T00:00:00Z",
        "lead_hours": 54,
        "segment": 18,
        "length_m": 29239.5
      },
      "geometry": {
        "type": "LineString",
        "coordinates": [
          [-114.60394, 35.16923],
          [-114.59998, 35.147],
          [-114.58696, 35.12584],
          [-114.57482, 35.11479],
          [-114.54857, 35.10769],
          [-114.54565, 35.1069],
          [-114.54449, 35.10817],
          [-114.53484, 35.13203],
          [-114.53471, 35.15475],
          [-114.5301, 35.17573],
          [-114.52959, 35.17807],
          [-114.53308, 35.20035],
          [-114.53484, 35.20242],
          [-114.56383, 35.20919],
          [-114.58906, 35.19484],
          [-114.58977, 35.19362],
          [-114.60394, 35.16923]
        ]
      }
    },
    {
      "type": "Feature",
      "id": "2026101018_f054_09000_019",
      "properties": {
        "product_id": "winter_storm_levels",
        "source_id": "nbm_snow_level",
        "parameter": "snow_level",
        "definition": "height of the wet-bulb 0.5 degree C surface",
        "level_ft_msl": 9000,
        "label": "9,000 ft MSL",
        "unit": "ft_msl",
        "cycle_time_utc": "2026-10-10T18:00:00Z",
        "valid_time_utc": "2026-10-13T00:00:00Z",
        "lead_hours": 54,
        "segment": 19,
        "length_m": 39630
      },
      "geometry": {
        "type": "LineString",
        "coordinates": [
          [-114.6639, 35.57057],
          [-114.65991, 35.54836],
          [-114.6491, 35.52697],
          [-114.64829, 35.52631],
          [-114.61807, 35.50797],
          [-114.61706, 35.50752],
          [-114.58878, 35.5052],
          [-114.56239, 35.51343],
          [-114.55986, 35.51486],
          [-114.53886, 35.53776],
          [-114.53653, 35.5403],
          [-114.51552, 35.56319],
          [-114.51319, 35.56573],
          [-114.51632, 35.56763],
          [-114.53217, 35.58616],
          [-114.54842, 35.60692],
          [-114.55155, 35.60882],
          [-114.58064, 35.61558],
          [-114.60722, 35.60828],
          [-114.63453, 35.60504],
          [-114.64809, 35.59512],
          [-114.65858, 35.58367],
          [-114.6639, 35.57057]
        ]
      }
    },
    {
      "type": "Feature",
      "id": "2026101018_f054_09000_020",
      "properties": {
        "product_id": "winter_storm_levels",
        "source_id": "nbm_snow_level",
        "parameter": "snow_level",
        "definition": "height of the wet-bulb 0.5 degree C surface",
        "level_ft_msl": 9000,
        "label": "9,000 ft MSL",
        "unit": "ft_msl",
        "cycle_time_utc": "2026-10-10T18:00:00Z",
        "valid_time_utc": "2026-10-13T00:00:00Z",
        "lead_hours": 54,
        "segment": 20,
        "length_m": 26088.2
      },
      "geometry": {
        "type": "LineString",
        "coordinates": [
          [-114.71721, 37.30508],
          [-114.71315, 37.28302],
          [-114.70771, 37.26112],
          [-114.67911, 37.24416],
          [-114.6578, 37.26692],
          [-114.65543, 37.26945],
          [-114.6466, 37.29076],
          [-114.63678, 37.31443],
          [-114.66698, 37.33233],
          [-114.69472, 37.3291],
          [-114.71721, 37.30508]
        ]
      }
    },
    {
      "type": "Feature",
      "id": "2026101018_f054_09000_021",
      "properties": {
        "product_id": "winter_storm_levels",
        "source_id": "nbm_snow_level",
        "parameter": "snow_level",
        "definition": "height of the wet-bulb 0.5 degree C surface",
        "level_ft_msl": 9000,
        "label": "9,000 ft MSL",
        "unit": "ft_msl",
        "cycle_time_utc": "2026-10-10T18:00:00Z",
        "valid_time_utc": "2026-10-13T00:00:00Z",
        "lead_hours": 54,
        "segment": 21,
        "length_m": 1252.2
      },
      "geometry": {
        "type": "LineString",
        "coordinates": [
          [-114.74553, 38.51556],
          [-114.74453, 38.51792],
          [-114.74132, 38.51605],
          [-114.74371, 38.51353],
          [-114.74553, 38.51556]
        ]
      }
    },
    {
      "type": "Feature",
      "id": "2026101018_f054_09000_022",
      "properties": {
        "product_id": "winter_storm_levels",
        "source_id": "nbm_snow_level",
        "parameter": "snow_level",
        "definition": "height of the wet-bulb 0.5 degree C surface",
        "level_ft_msl": 9000,
        "label": "9,000 ft MSL",
        "unit": "ft_msl",
        "cycle_time_utc": "2026-10-10T18:00:00Z",
        "valid_time_utc": "2026-10-13T00:00:00Z",
        "lead_hours": 54,
        "segment": 22,
        "length_m": 14138.3
      },
      "geometry": {
        "type": "LineString",
        "coordinates": [
          [-114.80491, 37.00169],
          [-114.80462, 37.00398],
          [-114.79584, 37.02532],
          [-114.78286, 37.03925],
          [-114.75337, 37.03255],
          [-114.75158, 37.03051],
          [-114.75256, 37.02814],
          [-114.7738, 37.00534],
          [-114.77636, 37.00391],
          [-114.80381, 36.99956],
          [-114.80491, 37.00169]
        ]
      }
    },
    {
      "type": "Feature",
      "id": "2026101018_f054_09000_023",
      "properties": {
        "product_id": "winter_storm_levels",
        "source_id": "nbm_snow_level",
        "parameter": "snow_level",
        "definition": "height of the wet-bulb 0.5 degree C surface",
        "level_ft_msl": 9000,
        "label": "9,000 ft MSL",
        "unit": "ft_msl",
        "cycle_time_utc": "2026-10-10T18:00:00Z",
        "valid_time_utc": "2026-10-13T00:00:00Z",
        "lead_hours": 54,
        "segment": 23,
        "length_m": 20903
      },
      "geometry": {
        "type": "LineString",
        "coordinates": [
          [-114.92219, 37.93387],
          [-114.92121, 37.93624],
          [-114.89331, 37.93949],
          [-114.86542, 37.94274],
          [-114.83753, 37.94598],
          [-114.83432, 37.94411],
          [-114.83161, 37.92195],
          [-114.83259, 37.91958],
          [-114.86048, 37.91634],
          [-114.88837, 37.91309],
          [-114.91625, 37.90984],
          [-114.91806, 37.91188],
          [-114.92219, 37.93387]
        ]
      }
    },
    {
      "type": "Feature",
      "id": "2026101018_f054_09000_024",
      "properties": {
        "product_id": "winter_storm_levels",
        "source_id": "nbm_snow_level",
        "parameter": "snow_level",
        "definition": "height of the wet-bulb 0.5 degree C surface",
        "level_ft_msl": 9000,
        "label": "9,000 ft MSL",
        "unit": "ft_msl",
        "cycle_time_utc": "2026-10-10T18:00:00Z",
        "valid_time_utc": "2026-10-13T00:00:00Z",
        "lead_hours": 54,
        "segment": 24,
        "length_m": 135976.1
      },
      "geometry": {
        "type": "LineString",
        "coordinates": [
          [-115.33983, 30.66602],
          [-115.33588, 30.64355],
          [-115.32366, 30.62215],
          [-115.30338, 30.60295],
          [-115.30188, 30.602],
          [-115.27333, 30.58387],
          [-115.27053, 30.58308],
          [-115.24526, 30.57601],
          [-115.22353, 30.58917],
          [-115.22112, 30.59063],
          [-115.19696, 30.60524],
          [-115.17085, 30.60862],
          [-115.14297, 30.60187],
          [-115.13997, 30.59996],
          [-115.13606, 30.57748],
          [-115.10905, 30.56027],
          [-115.08294, 30.56363],
          [-115.06295, 30.58688],
          [-115.06073, 30.58946],
          [-115.04072, 30.61271],
          [-115.0385, 30.61529],
          [-115.03024, 30.63703],
          [-115.01801, 30.65123],
          [-115.008, 30.66285],
          [-114.99882, 30.687],
          [-114.9979, 30.68942],
          [-114.97786, 30.71265],
          [-114.98044, 30.73529],
          [-114.97952, 30.73771],
          [-114.95947, 30.76094],
          [-114.98651, 30.77817],
          [-114.98951, 30.78008],
          [-115.01656, 30.7973],
          [-115.01956, 30.79921],
          [-115.04662, 30.81643],
          [-115.04962, 30.81834],
          [-115.0653, 30.8393],
          [-115.0692, 30.86177],
          [-115.07311, 30.88424],
          [-115.0884, 30.90296],
          [-115.09141, 30.90487],
          [-115.11615, 30.90859],
          [-115.14302, 30.90916],
          [-115.16921, 30.90579],
          [-115.19601, 30.90598],
          [-115.22147, 30.89849],
          [-115.23148, 30.88686],
          [-115.23234, 30.86378],
          [-115.21969, 30.84244],
          [-115.2083, 30.82323],
          [-115.20704, 30.82109],
          [-115.19025, 30.80028],
          [-115.18632, 30.77781],
          [-115.18894, 30.7545],
          [-115.19397, 30.74121],
          [-115.20005, 30.73009],
          [-115.2156, 30.712],
          [-115.24174, 30.70862],
          [-115.27043, 30.71984],
          [-115.27324, 30.72063],
          [-115.30031, 30.7378],
          [-115.32645, 30.73441],
          [-115.33466, 30.71266],
          [-115.33071, 30.69019],
          [-115.33983, 30.66602]
        ]
      }
    },
    {
      "type": "Feature",
      "id": "2026101018_f054_09000_025",
      "properties": {
        "product_id": "winter_storm_levels",
        "source_id": "nbm_snow_level",
        "parameter": "snow_level",
        "definition": "height of the wet-bulb 0.5 degree C surface",
        "level_ft_msl": 9000,
        "label": "9,000 ft MSL",
        "unit": "ft_msl",
        "cycle_time_utc": "2026-10-10T18:00:00Z",
        "valid_time_utc": "2026-10-13T00:00:00Z",
        "lead_hours": 54,
        "segment": 25,
        "length_m": 14641
      },
      "geometry": {
        "type": "LineString",
        "coordinates": [
          [-115.79285, 30.17213],
          [-115.78849, 30.18024],
          [-115.7764, 30.19451],
          [-115.76831, 30.21631],
          [-115.7423, 30.21977],
          [-115.72699, 30.2011],
          [-115.70998, 30.18035],
          [-115.70801, 30.16928]
        ]
      }
    },
    {
      "type": "Feature",
      "id": "2026101018_f054_09000_026",
      "properties": {
        "product_id": "winter_storm_levels",
        "source_id": "nbm_snow_level",
        "parameter": "snow_level",
        "definition": "height of the wet-bulb 0.5 degree C surface",
        "level_ft_msl": 9000,
        "label": "9,000 ft MSL",
        "unit": "ft_msl",
        "cycle_time_utc": "2026-10-10T18:00:00Z",
        "valid_time_utc": "2026-10-13T00:00:00Z",
        "lead_hours": 54,
        "segment": 26,
        "length_m": 18349.8
      },
      "geometry": {
        "type": "LineString",
        "coordinates": [
          [-115.91054, 30.8437],
          [-115.90833, 30.84629],
          [-115.88845, 30.86963],
          [-115.88624, 30.87223],
          [-115.86635, 30.89557],
          [-115.86394, 30.89704],
          [-115.86243, 30.89609],
          [-115.85707, 30.87381],
          [-115.85301, 30.85136],
          [-115.85542, 30.84989],
          [-115.88137, 30.84529],
          [-115.90752, 30.8418],
          [-115.91054, 30.8437]
        ]
      }
    },
    {
      "type": "Feature",
      "id": "2026101018_f054_09000_027",
      "properties": {
        "product_id": "winter_storm_levels",
        "source_id": "nbm_snow_level",
        "parameter": "snow_level",
        "definition": "height of the wet-bulb 0.5 degree C surface",
        "level_ft_msl": 9000,
        "label": "9,000 ft MSL",
        "unit": "ft_msl",
        "cycle_time_utc": "2026-10-10T18:00:00Z",
        "valid_time_utc": "2026-10-13T00:00:00Z",
        "lead_hours": 54,
        "segment": 27,
        "length_m": 2271229.1
      },
      "geometry": {
        "type": "LineString",
        "coordinates": [
          [-116.27021, 30.18726],
          [-116.27174, 30.19665],
          [-116.27108, 30.19789],
          [-116.25029, 30.2226],
          [-116.2494, 30.22503],
          [-116.2414, 30.24684],
          [-116.2325, 30.27108],
          [-116.23161, 30.2735],
          [-116.2236, 30.29531],
          [-116.2147, 30.31955],
          [-116.2136, 30.32085],
          [-116.19278, 30.34555],
          [-116.19189, 30.34798],
          [-116.17215, 30.37137],
          [-116.16996, 30.37397],
          [-116.15021, 30.39737],
          [-116.14781, 30.39885],
          [-116.12177, 30.40238],
          [-116.09593, 30.40703],
          [-116.07172, 30.42065],
          [-116.05012, 30.43393],
          [-116.04792, 30.43653],
          [-116.02814, 30.4599],
          [-116.05526, 30.47696],
          [-116.05697, 30.47903],
          [-116.06105, 30.50148],
          [-116.07339, 30.52283],
          [-116.06922, 30.5464],
          [-116.06832, 30.54882],
          [-116.06418, 30.57009],
          [-116.05131, 30.59483],
          [-116.05021, 30.59613],
          [-116.03756, 30.61969],
          [-116.03024, 30.63332],
          [-116.02425, 30.64448],
          [-116.01136, 30.66922],
          [-116.01046, 30.67164],
          [-116.00238, 30.69342],
          [-115.99026, 30.7077],
          [-115.98035, 30.71938],
          [-115.96822, 30.73365],
          [-115.9421, 30.73715],
          [-115.91394, 30.72942],
          [-115.91244, 30.72847],
          [-115.88505, 30.71756],
          [-115.85758, 30.71356],
          [-115.83146, 30.71704],
          [-115.80733, 30.73156],
          [-115.78442, 30.74553],
          [-115.78332, 30.74682],
          [-115.75739, 30.75141],
          [-115.73126, 30.75488],
          [-115.72824, 30.75298],
          [-115.70291, 30.74598],
          [-115.67497, 30.73933],
          [-115.67196, 30.73743],
          [-115.64483, 30.72032],
          [-115.64182, 30.71842],
          [-115.63781, 30.69596],
          [-115.6338, 30.67349],
          [-115.63601, 30.6709],
          [-115.65591, 30.64758],
          [-115.65812, 30.64499],
          [-115.68242, 30.63143],
          [-115.69236, 30.61977],
          [-115.70451, 30.60551],
          [-115.72619, 30.59229],
          [-115.7286, 30.59082],
          [-115.75342, 30.58024],
          [-115.77951, 30.57678],
          [-115.8056, 30.5733],
          [-115.83105, 30.56627],
          [-115.85613, 30.55717],
          [-115.86695, 30.55055],
          [-115.87907, 30.53628],
          [-115.90072, 30.52303],
          [-115.87361, 30.50596],
          [-115.8719, 30.50388],
          [-115.84457, 30.49297],
          [-115.8185, 30.49645],
          [-115.79115, 30.49281],
          [-115.76635, 30.50339],
          [-115.74162, 30.51435],
          [-115.73109, 30.52265],
          [-115.71895, 30.53691],
          [-115.69347, 30.54373],
          [-115.67119, 30.55358],
          [-115.66878, 30.55505],
          [-115.6447, 30.56973],
          [-115.6186, 30.57318],
          [-115.59691, 30.58639],
          [-115.5945, 30.58786],
          [-115.5684, 30.59129],
          [-115.5423, 30.59473],
          [-115.5164, 30.59928],
          [-115.49029, 30.6027],
          [-115.47037, 30.626],
          [-115.47435, 30.64847],
          [-115.50143, 30.66561],
          [-115.50444, 30.66752],
          [-115.53154, 30.68465],
          [-115.53455, 30.68656],
          [-115.53854, 30.70902],
          [-115.54252, 30.73148],
          [-115.54652, 30.75395],
          [-115.55051, 30.77641],
          [-115.54829, 30.779],
          [-115.54012, 30.80076],
          [-115.53932, 30.82384],
          [-115.53503, 30.84739],
          [-115.53412, 30.84981],
          [-115.52594, 30.87156],
          [-115.52993, 30.89402],
          [-115.52215, 30.91802],
          [-115.53792, 30.93893],
          [-115.5533, 30.95759],
          [-115.55501, 30.95967],
          [-115.5541, 30.96208],
          [-115.54985, 30.98332],
          [-115.53682, 31.008],
          [-115.53571, 31.0093],
          [-115.52292, 31.03279],
          [-115.51478, 31.04228],
          [-115.49241, 31.05975],
          [-115.4913, 31.06104],
          [-115.47019, 31.08562],
          [-115.46908, 31.08691],
          [-115.45626, 31.1104],
          [-115.45784, 31.13316],
          [-115.45549, 31.15644],
          [-115.45926, 31.17891],
          [-115.45881, 31.18012],
          [-115.45263, 31.20274],
          [-115.44612, 31.22655],
          [-115.44181, 31.23553],
          [-115.43436, 31.25104],
          [-115.42272, 31.27551],
          [-115.4222, 31.27634],
          [-115.41082, 31.30001],
          [-115.40188, 31.31322],
          [-115.39545, 31.32496],
          [-115.382, 31.34966],
          [-115.38161, 31.35048],
          [-115.37275, 31.37381],
          [-115.36359, 31.39795],
          [-115.36329, 31.39875],
          [-115.35442, 31.42208],
          [-115.34534, 31.44621],
          [-115.34495, 31.44702],
          [-115.33353, 31.47068],
          [-115.32699, 31.49447],
          [-115.32659, 31.49529],
          [-115.31517, 31.51894],
          [-115.3069, 31.53607],
          [-115.30335, 31.54341],
          [-115.29153, 31.56787],
          [-115.28792, 31.58095],
          [-115.28378, 31.59181],
          [-115.26799, 31.61677],
          [-115.26747, 31.61761],
          [-115.24584, 31.64255],
          [-115.24509, 31.64341],
          [-115.22345, 31.66836],
          [-115.22267, 31.66903],
          [-115.19928, 31.68922],
          [-115.19424, 31.69502],
          [-115.17842, 31.71998],
          [-115.17789, 31.72081],
          [-115.16642, 31.74444],
          [-115.15811, 31.76155],
          [-115.15534, 31.76878],
          [-115.14412, 31.79314],
          [-115.13795, 31.80023],
          [-115.12168, 31.81892],
          [-115.11586, 31.82806],
          [-115.10583, 31.84386],
          [-115.09644, 31.86797],
          [-115.0963, 31.87028],
          [-115.0951, 31.89107],
          [-115.08848, 31.91483],
          [-115.08617, 31.93804],
          [-115.08571, 31.96102],
          [-115.08566, 31.96332],
          [-115.08581, 31.98392],
          [-115.08919, 32.00641],
          [-115.09235, 32.02893],
          [-115.08572, 32.05268],
          [-115.07908, 32.07644],
          [-115.08294, 32.09886],
          [-115.08689, 32.12127],
          [-115.09084, 32.14368],
          [-115.0908, 32.14598],
          [-115.08641, 32.16715],
          [-115.07271, 32.19179],
          [-115.07202, 32.19302],
          [-115.059, 32.21642],
          [-115.0539, 32.23997],
          [-115.05363, 32.2423],
          [-115.05242, 32.26306],
          [-115.04855, 32.28645],
          [-115.0374, 32.30389],
          [-115.03063, 32.31161],
          [-115.02331, 32.33543],
          [-115.02084, 32.35863],
          [-115.02457, 32.38106],
          [-115.02851, 32.40346],
          [-115.03246, 32.42586],
          [-115.03664, 32.44823],
          [-115.06611, 32.46665],
          [-115.0689, 32.46706],
          [-115.09457, 32.47413],
          [-115.1231, 32.48198],
          [-115.14944, 32.47751],
          [-115.15249, 32.47942],
          [-115.15647, 32.50181],
          [-115.18395, 32.51894],
          [-115.187, 32.52084],
          [-115.19098, 32.54323],
          [-115.21847, 32.56035],
          [-115.22153, 32.56225],
          [-115.22552, 32.58464],
          [-115.22819, 32.60719],
          [-115.22726, 32.60959],
          [-115.20693, 32.63276],
          [-115.2096, 32.65531],
          [-115.21492, 32.67752],
          [-115.24245, 32.69464],
          [-115.24418, 32.69671],
          [-115.26147, 32.7174],
          [-115.26548, 32.73977],
          [-115.25305, 32.75393],
          [-115.24288, 32.76552],
          [-115.23045, 32.77967],
          [-115.22027, 32.79125],
          [-115.21939, 32.81424],
          [-115.22827, 32.836],
          [-115.24386, 32.85461],
          [-115.24559, 32.85668],
          [-115.2747, 32.87473],
          [-115.27756, 32.87551],
          [-115.30515, 32.89261],
          [-115.30821, 32.89451],
          [-115.31223, 32.91687],
          [-115.31625, 32.93923],
          [-115.31399, 32.94181],
          [-115.28734, 32.94518],
          [-115.26697, 32.96834],
          [-115.27099, 32.9907],
          [-115.27501, 33.01306],
          [-115.30262, 33.03015],
          [-115.32929, 33.02677],
          [-115.33236, 33.02867],
          [-115.35817, 33.03569],
          [-115.38484, 33.0323],
          [-115.40173, 33.04274],
          [-115.40511, 33.06517],
          [-115.40915, 33.08753],
          [-115.40653, 33.11072],
          [-115.4039, 33.13392],
          [-115.40782, 33.15629],
          [-115.40769, 33.15859],
          [-115.40653, 33.17931],
          [-115.40938, 33.20181],
          [-115.41143, 33.22441],
          [-115.39556, 33.24242],
          [-115.36915, 33.24748],
          [-115.34213, 33.24918],
          [-115.31541, 33.25256],
          [-115.3046, 33.26078],
          [-115.29138, 33.27083],
          [-115.277, 33.28711],
          [-115.27212, 33.31057],
          [-115.27615, 33.33291],
          [-115.28018, 33.35525],
          [-115.27969, 33.3576],
          [-115.27529, 33.37871],
          [-115.27041, 33.40217],
          [-115.26552, 33.42563],
          [-115.26483, 33.42686],
          [-115.24323, 33.45127],
          [-115.24209, 33.45256],
          [-115.21733, 33.46708],
          [-115.20709, 33.47864],
          [-115.19458, 33.49277],
          [-115.18835, 33.50382],
          [-115.17171, 33.51789],
          [-115.14593, 33.52682],
          [-115.12272, 33.53485],
          [-115.12024, 33.5363],
          [-115.09605, 33.55415],
          [-115.07313, 33.56385],
          [-115.07085, 33.56642],
          [-115.05032, 33.58951],
          [-115.05432, 33.61184],
          [-115.08205, 33.62894],
          [-115.08379, 33.63101],
          [-115.08779, 33.65333],
          [-115.09179, 33.67566],
          [-115.0958, 33.69798],
          [-115.09981, 33.7203],
          [-115.10382, 33.74262],
          [-115.10783, 33.76494],
          [-115.10688, 33.76734],
          [-115.09841, 33.78893],
          [-115.09034, 33.81274],
          [-115.09435, 33.83506],
          [-115.09836, 33.85737],
          [-115.09607, 33.85993],
          [-115.0692, 33.86326],
          [-115.04233, 33.86659],
          [-115.01546, 33.86991],
          [-114.99486, 33.89298],
          [-114.99886, 33.91529],
          [-115.01495, 33.93611],
          [-115.03066, 33.95469],
          [-115.03375, 33.95659],
          [-115.05975, 33.96364],
          [-115.08846, 33.97035],
          [-115.09155, 33.97225],
          [-115.11937, 33.98932],
          [-115.12112, 33.99139],
          [-115.12514, 34.01369],
          [-115.1242, 34.01609],
          [-115.1036, 34.03916],
          [-115.10131, 34.04172],
          [-115.0744, 34.04505],
          [-115.04748, 34.04837],
          [-115.02686, 34.07143],
          [-115.02457, 34.07399],
          [-115.00394, 34.09705],
          [-115.03178, 34.11413],
          [-115.03488, 34.11603],
          [-115.06273, 34.13311],
          [-115.06582, 34.13501],
          [-115.09369, 34.15208],
          [-115.09678, 34.15397],
          [-115.09946, 34.17643],
          [-115.09851, 34.17883],
          [-115.07157, 34.18216],
          [-115.06306, 34.20371],
          [-115.06707, 34.226],
          [-115.05446, 34.24009],
          [-115.04413, 34.25161],
          [-115.03466, 34.27556],
          [-115.03372, 34.27796],
          [-115.02519, 34.29951],
          [-115.01256, 34.31359],
          [-115.00222, 34.32511],
          [-114.98958, 34.33918],
          [-114.9671, 34.35219],
          [-114.9648, 34.35475],
          [-114.9441, 34.37777],
          [-114.9418, 34.38033],
          [-114.9211, 34.40336],
          [-114.9188, 34.40591],
          [-114.89809, 34.42893],
          [-114.89559, 34.43038],
          [-114.86877, 34.43478],
          [-114.84804, 34.45779],
          [-114.84574, 34.46035],
          [-114.825, 34.48335],
          [-114.8227, 34.48591],
          [-114.80195, 34.50891],
          [-114.79965, 34.51147],
          [-114.77889, 34.53446],
          [-114.78151, 34.5569],
          [-114.78549, 34.57918],
          [-114.78453, 34.58157],
          [-114.76376, 34.60456],
          [-114.76125, 34.606],
          [-114.75835, 34.60521],
          [-114.73221, 34.59813],
          [-114.70515, 34.60139],
          [-114.68258, 34.61435],
          [-114.68007, 34.61578],
          [-114.66668, 34.639],
          [-114.66161, 34.66236],
          [-114.66111, 34.6647],
          [-114.65248, 34.6862],
          [-114.63976, 34.70024],
          [-114.62935, 34.71172],
          [-114.61662, 34.72575],
          [-114.6062, 34.73723],
          [-114.5966, 34.76112],
          [-114.59544, 34.76239],
          [-114.57344, 34.78662],
          [-114.57247, 34.78901],
          [-114.56789, 34.81001],
          [-114.57386, 34.83203],
          [-114.58352, 34.85134],
          [-114.58527, 34.8534],
          [-114.58921, 34.87566],
          [-114.59316, 34.89792],
          [-114.5922, 34.9003],
          [-114.58354, 34.92179],
          [-114.57078, 34.93581],
          [-114.54423, 34.94238],
          [-114.52098, 34.95196],
          [-114.51839, 34.95302],
          [-114.49131, 34.95662],
          [-114.46415, 34.95984],
          [-114.4372, 34.96417],
          [-114.4285, 34.98564],
          [-114.42744, 35.00848],
          [-114.4223, 35.0318],
          [-114.42179, 35.03413],
          [-114.41309, 35.0556],
          [-114.40342, 35.07945],
          [-114.40688, 35.10175],
          [-114.41057, 35.12402],
          [-114.4145, 35.14626],
          [-114.42372, 35.16788],
          [-114.43309, 35.18948],
          [-114.43988, 35.21138],
          [-114.44381, 35.23361],
          [-114.44842, 35.25577],
          [-114.4401, 35.27944],
          [-114.46815, 35.29656],
          [-114.46991, 35.29862],
          [-114.47385, 35.32085],
          [-114.47779, 35.34308],
          [-114.48173, 35.3653],
          [-114.48567, 35.38752],
          [-114.48471, 35.38991],
          [-114.47599, 35.41135],
          [-114.46316, 35.42534],
          [-114.43589, 35.42855],
          [-114.40862, 35.43176],
          [-114.38584, 35.44464],
          [-114.38351, 35.44718],
          [-114.38039, 35.44528],
          [-114.35231, 35.42815],
          [-114.34919, 35.42625],
          [-114.34527, 35.40403],
          [-114.34136, 35.3818],
          [-114.3133, 35.36467],
          [-114.28605, 35.36786],
          [-114.26502, 35.39072],
          [-114.26269, 35.39326],
          [-114.24165, 35.41613],
          [-114.23931, 35.41867],
          [-114.2362, 35.41676],
          [-114.20815, 35.39961],
          [-114.20503, 35.39771],
          [-114.177, 35.38055],
          [-114.15595, 35.40341],
          [-114.15983, 35.42564],
          [-114.16371, 35.44786],
          [-114.16137, 35.4504],
          [-114.15872, 35.47111],
          [-114.16056, 35.49357],
          [-114.1467, 35.51785],
          [-114.14572, 35.52023],
          [-114.14307, 35.54094],
          [-114.14081, 35.56387],
          [-114.14469, 35.58608],
          [-114.16048, 35.60465],
          [-114.1636, 35.60656],
          [-114.1917, 35.6237],
          [-114.19345, 35.62577],
          [-114.19871, 35.64782],
          [-114.20261, 35.67003],
          [-114.20027, 35.67256],
          [-114.17917, 35.6954],
          [-114.17682, 35.69793],
          [-114.15571, 35.72076],
          [-114.15337, 35.7233],
          [-114.14456, 35.7447],
          [-114.13477, 35.76848],
          [-114.13379, 35.77086],
          [-114.12908, 35.79179],
          [-114.13297, 35.81399],
          [-114.13275, 35.83666],
          [-114.13664, 35.85885],
          [-114.12821, 35.88247],
          [-114.13073, 35.90482],
          [-114.12975, 35.90719],
          [-114.10859, 35.93],
          [-114.10623, 35.93253],
          [-114.0974, 35.95392],
          [-114.10129, 35.97611],
          [-114.10518, 35.99829],
          [-114.12102, 36.01684],
          [-114.12278, 36.0189],
          [-114.12805, 36.04092],
          [-114.15625, 36.05805],
          [-114.15938, 36.05995],
          [-114.18759, 36.07707],
          [-114.18935, 36.07913],
          [-114.19463, 36.10114],
          [-114.19855, 36.12332],
          [-114.22678, 36.14042],
          [-114.22808, 36.14254],
          [-114.23246, 36.16465],
          [-114.23593, 36.18687],
          [-114.2354, 36.18919],
          [-114.22657, 36.21057],
          [-114.2305, 36.23273],
          [-114.23442, 36.25489],
          [-114.23835, 36.27705],
          [-114.2299, 36.30063],
          [-114.23383, 36.32279],
          [-114.23776, 36.34495],
          [-114.24169, 36.3671],
          [-114.23933, 36.36963],
          [-114.2181, 36.39241],
          [-114.22203, 36.41456],
          [-114.22596, 36.43671],
          [-114.22989, 36.45885],
          [-114.23245, 36.48115],
          [-114.23146, 36.48353],
          [-114.22261, 36.50488],
          [-114.21414, 36.52844],
          [-114.21808, 36.55058],
          [-114.22201, 36.57271],
          [-114.22457, 36.595],
          [-114.22358, 36.59737],
          [-114.21472, 36.61871],
          [-114.20486, 36.64242],
          [-114.20388, 36.64479],
          [-114.18259, 36.66755],
          [-114.18022, 36.67008],
          [-114.15893, 36.69283],
          [-114.15656, 36.69535],
          [-114.13525, 36.7181],
          [-114.13288, 36.72062],
          [-114.12399, 36.74195],
          [-114.1141, 36.76564],
          [-114.11312, 36.76801],
          [-114.10421, 36.78933],
          [-114.09432, 36.81302],
          [-114.09333, 36.81539],
          [-114.08442, 36.8367],
          [-114.07452, 36.86038],
          [-114.07353, 36.86275],
          [-114.06461, 36.88406],
          [-114.05608, 36.90758],
          [-114.07244, 36.92828],
          [-114.08665, 36.93682],
          [-114.11608, 36.94363],
          [-114.14373, 36.94049],
          [-114.16962, 36.9274],
          [-114.19727, 36.92425],
          [-114.22038, 36.91147],
          [-114.22275, 36.90894],
          [-114.24408, 36.8862],
          [-114.24645, 36.88368],
          [-114.26776, 36.86093],
          [-114.27033, 36.85951],
          [-114.29796, 36.85635],
          [-114.30092, 36.85713],
          [-114.32936, 36.87418],
          [-114.33252, 36.87607],
          [-114.35918, 36.88316],
          [-114.38682, 36.87998],
          [-114.41445, 36.87679],
          [-114.44208, 36.8736],
          [-114.47171, 36.88146],
          [-114.47467, 36.88225],
          [-114.47211, 36.88367],
          [-114.44965, 36.9077],
          [-114.4484, 36.9086],
          [-114.42282, 36.92321],
          [-114.39973, 36.93602],
          [-114.39717, 36.93745],
          [-114.36971, 36.94173],
          [-114.3484, 36.96448],
          [-114.35238, 36.98658],
          [-114.37907, 36.99366],
          [-114.40746, 36.99453],
          [-114.43512, 36.99134],
          [-114.46145, 36.98079],
          [-114.48514, 36.97128],
          [-114.48778, 36.97023],
          [-114.51543, 36.96703],
          [-114.51833, 36.96744],
          [-114.54683, 36.98444],
          [-114.54861, 36.98649],
          [-114.54763, 36.98886],
          [-114.5388, 37.01019],
          [-114.52579, 37.0241],
          [-114.51514, 37.03548],
          [-114.51916, 37.05757],
          [-114.53522, 37.076],
          [-114.53701, 37.07805],
          [-114.54103, 37.10013],
          [-114.54643, 37.12205],
          [-114.57498, 37.13904],
          [-114.57677, 37.14109],
          [-114.59464, 37.16156],
          [-114.61074, 37.17998],
          [-114.61392, 37.18186],
          [-114.64249, 37.19883],
          [-114.6702, 37.19561],
          [-114.6979, 37.19238],
          [-114.70108, 37.19427],
          [-114.72967, 37.21122],
          [-114.73146, 37.21327],
          [-114.73691, 37.23517],
          [-114.76368, 37.24219],
          [-114.78117, 37.25254],
          [-114.79547, 37.26101],
          [-114.81296, 37.27136],
          [-114.8212, 37.29293],
          [-114.8332, 37.31181],
          [-114.83499, 37.31385],
          [-114.83402, 37.31622],
          [-114.81273, 37.33899],
          [-114.81681, 37.36105],
          [-114.8209, 37.3831],
          [-114.82499, 37.40515],
          [-114.82907, 37.42719],
          [-114.83317, 37.44924],
          [-114.8308, 37.45177],
          [-114.80303, 37.45501],
          [-114.78171, 37.47777],
          [-114.77934, 37.4803],
          [-114.75801, 37.50305],
          [-114.75564, 37.50558],
          [-114.7343, 37.52833],
          [-114.73192, 37.53085],
          [-114.72308, 37.55214],
          [-114.71003, 37.56604],
          [-114.69935, 37.5774],
          [-114.6863, 37.5913],
          [-114.66309, 37.60411],
          [-114.66052, 37.60553],
          [-114.6327, 37.60875],
          [-114.60691, 37.62298],
          [-114.57909, 37.62619],
          [-114.55587, 37.63898],
          [-114.55349, 37.64151],
          [-114.53208, 37.66421],
          [-114.56077, 37.68116],
          [-114.56396, 37.68305],
          [-114.58053, 37.70363],
          [-114.58458, 37.72566],
          [-114.57471, 37.74929],
          [-114.57876, 37.77131],
          [-114.57777, 37.77367],
          [-114.55634, 37.79637],
          [-114.55899, 37.81855],
          [-114.558, 37.82091],
          [-114.5491, 37.84216],
          [-114.536, 37.85603],
          [-114.51272, 37.86881],
          [-114.51007, 37.86986],
          [-114.48352, 37.88039],
          [-114.45958, 37.89735],
          [-114.45839, 37.89861],
          [-114.44455, 37.92154],
          [-114.43579, 37.93077],
          [-114.42067, 37.94672],
          [-114.41265, 37.95999],
          [-114.38934, 37.97275],
          [-114.38675, 37.97417],
          [-114.35903, 37.97843],
          [-114.33111, 37.98159],
          [-114.30319, 37.98475],
          [-114.27526, 37.9879],
          [-114.25372, 38.01054],
          [-114.25133, 38.01306],
          [-114.22978, 38.03569],
          [-114.25852, 38.05267],
          [-114.26171, 38.05455],
          [-114.29046, 38.07152],
          [-114.31841, 38.06837],
          [-114.34635, 38.06521],
          [-114.37449, 38.06314],
          [-114.40243, 38.05998],
          [-114.43037, 38.0568],
          [-114.45703, 38.04666],
          [-114.48422, 38.03945],
          [-114.51215, 38.03626],
          [-114.54008, 38.03307],
          [-114.56984, 38.03978],
          [-114.57117, 38.04187],
          [-114.57524, 38.06386],
          [-114.57906, 38.08588],
          [-114.58313, 38.10787],
          [-114.58284, 38.11015],
          [-114.57811, 38.1309],
          [-114.57286, 38.15395],
          [-114.57692, 38.17594],
          [-114.58612, 38.19733],
          [-114.5776, 38.22075],
          [-114.57521, 38.22327],
          [-114.56628, 38.24449],
          [-114.55312, 38.25833],
          [-114.54236, 38.26966],
          [-114.53242, 38.29323],
          [-114.53648, 38.3152],
          [-114.54195, 38.33701],
          [-114.54601, 38.35898],
          [-114.55008, 38.38094],
          [-114.54769, 38.38346],
          [-114.52613, 38.40609],
          [-114.52353, 38.40751],
          [-114.49753, 38.42167],
          [-114.48674, 38.43298],
          [-114.47678, 38.45653],
          [-114.48083, 38.47849],
          [-114.4863, 38.50029],
          [-114.49036, 38.52224],
          [-114.51927, 38.53913],
          [-114.54733, 38.53595],
          [-114.55054, 38.53783],
          [-114.57947, 38.55471],
          [-114.58269, 38.55658],
          [-114.5994, 38.57709],
          [-114.60349, 38.59903],
          [-114.61179, 38.6205],
          [-114.61167, 38.64291],
          [-114.61576, 38.66485],
          [-114.61985, 38.68678],
          [-114.63619, 38.70508],
          [-114.63941, 38.70696],
          [-114.66839, 38.72381],
          [-114.67161, 38.72568],
          [-114.67572, 38.74761],
          [-114.67843, 38.76969],
          [-114.67723, 38.77095],
          [-114.65441, 38.79482],
          [-114.65321, 38.79607],
          [-114.63039, 38.81994],
          [-114.62939, 38.82229],
          [-114.62042, 38.84345],
          [-114.61936, 38.86595],
          [-114.61455, 38.88888],
          [-114.61865, 38.91079],
          [-114.61766, 38.91314],
          [-114.60868, 38.93429],
          [-114.61278, 38.9562],
          [-114.60279, 38.9797],
          [-114.6018, 38.98205],
          [-114.58012, 39.00463],
          [-114.57772, 39.00714],
          [-114.55603, 39.02972],
          [-114.55362, 39.03222],
          [-114.5504, 39.03035],
          [-114.5463, 39.00845],
          [-114.51726, 38.9916],
          [-114.51544, 38.98957],
          [-114.50995, 38.96782],
          [-114.48092, 38.95096],
          [-114.47769, 38.94908],
          [-114.44867, 38.93221],
          [-114.44545, 38.93034],
          [-114.44138, 38.90843],
          [-114.43732, 38.88651],
          [-114.43466, 38.86443],
          [-114.43566, 38.86208],
          [-114.44467, 38.84093],
          [-114.45327, 38.81758],
          [-114.44921, 38.79566],
          [-114.44514, 38.77373],
          [-114.41618, 38.75684],
          [-114.38805, 38.76],
          [-114.35993, 38.76316],
          [-114.33825, 38.78573],
          [-114.33584, 38.78824],
          [-114.33104, 38.80892],
          [-114.33508, 38.83085],
          [-114.33912, 38.85277],
          [-114.33894, 38.87516],
          [-114.3289, 38.89866],
          [-114.3279, 38.90101],
          [-114.32309, 38.92167],
          [-114.3229, 38.94406],
          [-114.32695, 38.96597],
          [-114.3169, 38.98946],
          [-114.31589, 38.9918],
          [-114.28952, 39.0048],
          [-114.26133, 39.00794],
          [-114.23132, 39.00121],
          [-114.2281, 38.99933],
          [-114.19911, 38.98243],
          [-114.17092, 38.98555],
          [-114.14915, 39.00808],
          [-114.15316, 39.02999],
          [-114.15717, 39.05189],
          [-114.17389, 39.0724],
          [-114.1652, 39.0957],
          [-114.16278, 39.0982],
          [-114.14099, 39.12072],
          [-114.14501, 39.14262],
          [-114.17403, 39.15952],
          [-114.17585, 39.16155],
          [-114.18128, 39.18329],
          [-114.21033, 39.20019],
          [-114.23857, 39.19706],
          [-114.2418, 39.19894],
          [-114.24584, 39.22082],
          [-114.24988, 39.24271],
          [-114.24746, 39.24521],
          [-114.22565, 39.26772],
          [-114.22323, 39.27022],
          [-114.22, 39.26835],
          [-114.19093, 39.25146],
          [-114.18771, 39.24958],
          [-114.15865, 39.23269],
          [-114.13039, 39.2358],
          [-114.12717, 39.23392],
          [-114.09812, 39.21702],
          [-114.06987, 39.22012],
          [-114.04803, 39.24261],
          [-114.04561, 39.24511],
          [-114.02376, 39.26759],
          [-114.02133, 39.27009],
          [-113.99948, 39.29257],
          [-113.99705, 39.29506],
          [-113.98791, 39.31615],
          [-113.97917, 39.33942],
          [-113.98316, 39.3613],
          [-114.01222, 39.37821],
          [-114.04052, 39.37512],
          [-114.04375, 39.377],
          [-114.06049, 39.39748],
          [-114.07683, 39.41577],
          [-114.07865, 39.4178],
          [-114.08266, 39.43967],
          [-114.08667, 39.46154],
          [-114.09069, 39.4834],
          [-114.09471, 39.50527],
          [-114.10014, 39.52697],
          [-114.12927, 39.54385],
          [-114.1325, 39.54573],
          [-114.16164, 39.5626],
          [-114.16346, 39.56463],
          [-114.19423, 39.58243],
          [-114.19585, 39.58337],
          [-114.22663, 39.60116],
          [-114.22825, 39.6021],
          [-114.24648, 39.62239],
          [-114.26107, 39.63081],
          [-114.2789, 39.64111],
          [-114.29532, 39.65935],
          [-114.29856, 39.66123],
          [-114.32776, 39.67806],
          [-114.331, 39.67993],
          [-114.33508, 39.70177],
          [-114.33915, 39.7236],
          [-114.33672, 39.7261],
          [-114.31484, 39.74857],
          [-114.31241, 39.75106],
          [-114.29051, 39.77352],
          [-114.28808, 39.77602],
          [-114.26618, 39.79847],
          [-114.26374, 39.80097],
          [-114.25461, 39.82202],
          [-114.24589, 39.84524],
          [-114.24345, 39.84774],
          [-114.23432, 39.86878],
          [-114.22091, 39.88249],
          [-114.20994, 39.89371],
          [-114.2012, 39.91692],
          [-114.20384, 39.93889],
          [-114.20932, 39.96055],
          [-114.21338, 39.98236],
          [-114.21744, 40.00416],
          [-114.2215, 40.02597],
          [-114.21906, 40.02846],
          [-114.19709, 40.05088],
          [-114.20115, 40.07268],
          [-114.20521, 40.09447],
          [-114.20927, 40.11627],
          [-114.21334, 40.13806],
          [-114.2109, 40.14055],
          [-114.20173, 40.16155],
          [-114.20579, 40.18334],
          [-114.20986, 40.20512],
          [-114.20109, 40.2283],
          [-114.20516, 40.25008],
          [-114.22207, 40.27046],
          [-114.23859, 40.28866],
          [-114.24185, 40.29052],
          [-114.24593, 40.3123],
          [-114.25001, 40.33406],
          [-114.25409, 40.35583],
          [-114.25675, 40.37775],
          [-114.25573, 40.38008],
          [-114.23369, 40.40246],
          [-114.23124, 40.40495],
          [-114.20919, 40.42733],
          [-114.20674, 40.42982],
          [-114.18468, 40.45219],
          [-114.18875, 40.47394],
          [-114.19283, 40.49569],
          [-114.1969, 40.51744],
          [-114.20098, 40.53919],
          [-114.20506, 40.56093],
          [-114.20915, 40.58267],
          [-114.23859, 40.59945],
          [-114.24043, 40.60146],
          [-114.25884, 40.62165],
          [-114.27541, 40.63981],
          [-114.27725, 40.64183],
          [-114.28279, 40.6634],
          [-114.28689, 40.68513],
          [-114.29099, 40.70685],
          [-114.2951, 40.72858],
          [-114.29265, 40.73106],
          [-114.27054, 40.75341],
          [-114.26808, 40.75589],
          [-114.24597, 40.77823],
          [-114.24351, 40.78071],
          [-114.22138, 40.80305],
          [-114.21892, 40.80553],
          [-114.19678, 40.82786],
          [-114.19432, 40.83034],
          [-114.16562, 40.83343],
          [-114.13693, 40.83652],
          [-114.10823, 40.8396],
          [-114.08606, 40.86191],
          [-114.09013, 40.88362],
          [-114.08766, 40.8861],
          [-114.0784, 40.90702],
          [-114.08247, 40.92873],
          [-114.09906, 40.94687],
          [-114.10234, 40.94874],
          [-114.11935, 40.96905],
          [-114.13596, 40.98719],
          [-114.13924, 40.98905],
          [-114.14333, 41.01074],
          [-114.14598, 41.03259],
          [-114.14495, 41.03491],
          [-114.12274, 41.05721],
          [-114.12683, 41.07889],
          [-114.12436, 41.08137],
          [-114.10214, 41.10365],
          [-114.09967, 41.10613],
          [-114.09639, 41.10427],
          [-114.06682, 41.08752],
          [-114.03805, 41.09059],
          [-114.01581, 41.11286],
          [-114.01334, 41.11533],
          [-113.98456, 41.11839],
          [-113.95577, 41.12144],
          [-113.93351, 41.1437],
          [-113.93103, 41.14618],
          [-113.90876, 41.16843],
          [-113.90628, 41.1709],
          [-113.884, 41.19315],
          [-113.88804, 41.21482],
          [-113.89208, 41.2365],
          [-113.89612, 41.25817],
          [-113.92571, 41.27493],
          [-113.92899, 41.27679],
          [-113.93305, 41.29845],
          [-113.96265, 41.31521],
          [-113.96594, 41.31707],
          [-113.97, 41.33873],
          [-113.97407, 41.36038],
          [-113.97813, 41.38204],
          [-113.98075, 41.40384],
          [-113.98482, 41.42549],
          [-113.98379, 41.4278],
          [-113.97446, 41.44866],
          [-113.96408, 41.47182],
          [-113.96305, 41.47414],
          [-113.93599, 41.48692],
          [-113.91181, 41.4994],
          [-113.90933, 41.50187],
          [-113.88044, 41.5049],
          [-113.85807, 41.5271],
          [-113.85538, 41.52849],
          [-113.8285, 41.54233],
          [-113.79959, 41.54535],
          [-113.77539, 41.55781],
          [-113.7727, 41.55919],
          [-113.7458, 41.57302],
          [-113.72158, 41.58546],
          [-113.71909, 41.58793],
          [-113.69667, 41.6101],
          [-113.70068, 41.63173],
          [-113.7047, 41.65335],
          [-113.70872, 41.67498],
          [-113.70623, 41.67744],
          [-113.67909, 41.69017],
          [-113.64833, 41.68344],
          [-113.61937, 41.68643],
          [-113.59042, 41.68941],
          [-113.56795, 41.71156],
          [-113.56545, 41.71402],
          [-113.55601, 41.73481],
          [-113.54551, 41.75792],
          [-113.54446, 41.76023],
          [-113.51728, 41.77293],
          [-113.48889, 41.77914],
          [-113.46399, 41.78829],
          [-113.46129, 41.78967],
          [-113.4325, 41.79371],
          [-113.40998, 41.81582],
          [-113.40747, 41.81828],
          [-113.38493, 41.84038],
          [-113.38243, 41.84284],
          [-113.35988, 41.86494],
          [-113.35718, 41.86631],
          [-113.32816, 41.86925],
          [-113.29915, 41.87219],
          [-113.27013, 41.87512],
          [-113.24131, 41.87913],
          [-113.21228, 41.88205],
          [-113.18326, 41.88497],
          [-113.156, 41.8976],
          [-113.13163, 41.90995],
          [-113.12892, 41.91132],
          [-113.10504, 41.9346],
          [-113.10379, 41.93583],
          [-113.0891, 41.95818],
          [-113.0838, 41.9807],
          [-113.08769, 42.0023],
          [-113.0916, 42.02389],
          [-113.09695, 42.04534],
          [-113.10086, 42.06693],
          [-113.10476, 42.08851],
          [-113.10867, 42.1101],
          [-113.11113, 42.13182],
          [-113.11006, 42.13412],
          [-113.10049, 42.15485],
          [-113.0913, 42.17773],
          [-113.08878, 42.18017],
          [-113.06609, 42.20219],
          [-113.06357, 42.20464],
          [-113.04086, 42.22665],
          [-113.03834, 42.2291],
          [-113.01563, 42.2511],
          [-113.01807, 42.27281],
          [-113.017, 42.27511],
          [-113.00739, 42.29581],
          [-112.99817, 42.31867],
          [-113.0006, 42.34037],
          [-112.99954, 42.34267],
          [-112.97679, 42.36465],
          [-112.97426, 42.3671],
          [-112.95151, 42.38908],
          [-112.94898, 42.39152],
          [-112.92154, 42.40408],
          [-112.89236, 42.40695],
          [-112.86318, 42.4098],
          [-112.83399, 42.41266],
          [-112.80946, 42.42492],
          [-112.80693, 42.42736],
          [-112.78412, 42.44931],
          [-112.78158, 42.45175],
          [-112.75877, 42.47369],
          [-112.75623, 42.47613],
          [-112.7334, 42.49807],
          [-112.73086, 42.50051],
          [-112.70802, 42.52244],
          [-112.70548, 42.52488],
          [-112.68263, 42.5468],
          [-112.68009, 42.54924],
          [-112.65086, 42.55206],
          [-112.62163, 42.55488],
          [-112.59239, 42.55769],
          [-112.56316, 42.5605],
          [-112.53392, 42.5633],
          [-112.51102, 42.5852],
          [-112.50848, 42.58763],
          [-112.48557, 42.60953],
          [-112.48302, 42.61196],
          [-112.4601, 42.63385],
          [-112.45755, 42.63628],
          [-112.44779, 42.65691],
          [-112.43841, 42.67968],
          [-112.43586, 42.68211],
          [-112.41291, 42.70399],
          [-112.41036, 42.70642],
          [-112.3874, 42.72828],
          [-112.38485, 42.73071],
          [-112.35556, 42.73348],
          [-112.33258, 42.75534],
          [-112.33003, 42.75777],
          [-112.30073, 42.76053],
          [-112.27142, 42.76329],
          [-112.24212, 42.76604],
          [-112.21911, 42.78788],
          [-112.24886, 42.80476],
          [-112.25217, 42.80664],
          [-112.25592, 42.82815],
          [-112.2857, 42.84502],
          [-112.28901, 42.8469],
          [-112.29277, 42.8684],
          [-112.29021, 42.87083],
          [-112.26719, 42.89265],
          [-112.27095, 42.91415],
          [-112.27471, 42.93565],
          [-112.27847, 42.95714],
          [-112.27591, 42.95956],
          [-112.25286, 42.98138],
          [-112.25662, 43.00286],
          [-112.25406, 43.00528],
          [-112.231, 43.02709],
          [-112.23475, 43.04857],
          [-112.23219, 43.05099],
          [-112.20911, 43.07279],
          [-112.21287, 43.09426],
          [-112.21662, 43.11573],
          [-112.21405, 43.11815],
          [-112.19096, 43.13994],
          [-112.19471, 43.16141],
          [-112.19846, 43.18287],
          [-112.19589, 43.18529],
          [-112.17278, 43.20706],
          [-112.17021, 43.20948],
          [-112.14708, 43.23125],
          [-112.14451, 43.23367],
          [-112.12137, 43.25543],
          [-112.1188, 43.25785],
          [-112.08934, 43.26057],
          [-112.06619, 43.28232],
          [-112.06992, 43.30377],
          [-112.06734, 43.30618],
          [-112.04417, 43.32792],
          [-112.0479, 43.34937],
          [-112.04532, 43.35178],
          [-112.02213, 43.37352],
          [-112.05203, 43.39037],
          [-112.05535, 43.39224],
          [-112.05908, 43.41368],
          [-112.089, 43.43052],
          [-112.09233, 43.43239],
          [-112.09607, 43.45382],
          [-112.09349, 43.45624],
          [-112.07029, 43.47796],
          [-112.06771, 43.48037],
          [-112.0445, 43.50209],
          [-112.04192, 43.5045],
          [-112.01869, 43.52622],
          [-112.02242, 43.54763],
          [-112.01984, 43.55004],
          [-112, 43.56857]
        ]
      }
    },
    {
      "type": "Feature",
      "id": "2026101018_f054_09000_028",
      "properties": {
        "product_id": "winter_storm_levels",
        "source_id": "nbm_snow_level",
        "parameter": "snow_level",
        "definition": "height of the wet-bulb 0.5 degree C surface",
        "level_ft_msl": 9000,
        "label": "9,000 ft MSL",
        "unit": "ft_msl",
        "cycle_time_utc": "2026-10-10T18:00:00Z",
        "valid_time_utc": "2026-10-13T00:00:00Z",
        "lead_hours": 54,
        "segment": 28,
        "length_m": 27447.3
      },
      "geometry": {
        "type": "LineString",
        "coordinates": [
          [-127.67691, 44.10762],
          [-127.66989, 44.1299],
          [-127.64044, 44.13398],
          [-127.62092, 44.11749],
          [-127.61378, 44.09661],
          [-127.62045, 44.0755],
          [-127.62264, 44.0729],
          [-127.61551, 44.05201],
          [-127.63525, 44.02859],
          [-127.65039, 44.04585],
          [-127.65753, 44.06674],
          [-127.66976, 44.08673],
          [-127.67691, 44.10762]
        ]
      }
    },
    {
      "type": "Feature",
      "id": "2026101018_f054_09000_029",
      "properties": {
        "product_id": "winter_storm_levels",
        "source_id": "nbm_snow_level",
        "parameter": "snow_level",
        "definition": "height of the wet-bulb 0.5 degree C surface",
        "level_ft_msl": 9000,
        "label": "9,000 ft MSL",
        "unit": "ft_msl",
        "cycle_time_utc": "2026-10-10T18:00:00Z",
        "valid_time_utc": "2026-10-13T00:00:00Z",
        "lead_hours": 54,
        "segment": 29,
        "length_m": 27214.6
      },
      "geometry": {
        "type": "LineString",
        "coordinates": [
          [-129.79258, 37.73482],
          [-129.79142, 37.75807],
          [-129.78301, 37.77439],
          [-129.75262, 37.76612],
          [-129.7509, 37.76532],
          [-129.72687, 37.74844],
          [-129.73734, 37.72442],
          [-129.73789, 37.72315],
          [-129.73258, 37.70125],
          [-129.75065, 37.67679],
          [-129.78156, 37.69108],
          [-129.79051, 37.71224],
          [-129.79258, 37.73482]
        ]
      }
    },
    {
      "type": "Feature",
      "id": "2026101018_f054_09000_030",
      "properties": {
        "product_id": "winter_storm_levels",
        "source_id": "nbm_snow_level",
        "parameter": "snow_level",
        "definition": "height of the wet-bulb 0.5 degree C surface",
        "level_ft_msl": 9000,
        "label": "9,000 ft MSL",
        "unit": "ft_msl",
        "cycle_time_utc": "2026-10-10T18:00:00Z",
        "valid_time_utc": "2026-10-13T00:00:00Z",
        "lead_hours": 54,
        "segment": 30,
        "length_m": 1086113.5
      },
      "geometry": {
        "type": "LineString",
        "coordinates": [
          [-130, 36.95525],
          [-129.98337, 36.97806],
          [-129.98139, 36.98079],
          [-129.96348, 37.00534],
          [-129.96149, 37.00807],
          [-129.94358, 37.03262],
          [-129.94159, 37.03534],
          [-129.92366, 37.05988],
          [-129.92302, 37.06233],
          [-129.9288, 37.08419],
          [-129.93593, 37.10577],
          [-129.91799, 37.1303],
          [-129.91735, 37.13274],
          [-129.92313, 37.1546],
          [-129.90518, 37.17913],
          [-129.90318, 37.18186],
          [-129.91031, 37.20343],
          [-129.89236, 37.22795],
          [-129.86527, 37.23362],
          [-129.86327, 37.23635],
          [-129.8453, 37.26086],
          [-129.8433, 37.26359],
          [-129.85042, 37.28515],
          [-129.83244, 37.30966],
          [-129.83044, 37.31238],
          [-129.83756, 37.33394],
          [-129.81957, 37.35845],
          [-129.81757, 37.36117],
          [-129.79956, 37.38567],
          [-129.79756, 37.38839],
          [-129.80468, 37.40994],
          [-129.78667, 37.43444],
          [-129.78466, 37.43716],
          [-129.79179, 37.45871],
          [-129.77376, 37.48319],
          [-129.77176, 37.48591],
          [-129.77888, 37.50746],
          [-129.76084, 37.53194],
          [-129.75884, 37.53466],
          [-129.76596, 37.55621],
          [-129.77309, 37.57775],
          [-129.76798, 37.60183],
          [-129.76217, 37.62376],
          [-129.76152, 37.6262],
          [-129.76865, 37.64773],
          [-129.74958, 37.67356],
          [-129.72255, 37.67974],
          [-129.69438, 37.66314],
          [-129.6908, 37.64086],
          [-129.68822, 37.61838],
          [-129.68111, 37.59684],
          [-129.674, 37.57529],
          [-129.67595, 37.55187],
          [-129.66884, 37.53032],
          [-129.66093, 37.50894],
          [-129.64106, 37.49003],
          [-129.62943, 37.46941],
          [-129.61782, 37.44879],
          [-129.61066, 37.42724],
          [-129.60957, 37.42517],
          [-129.59912, 37.4066],
          [-129.57847, 37.38785],
          [-129.56401, 37.37472],
          [-129.55782, 37.36909],
          [-129.52823, 37.35218],
          [-129.52751, 37.35176],
          [-129.4956, 37.34281],
          [-129.4924, 37.35959],
          [-129.48783, 37.38357],
          [-129.48381, 37.39534],
          [-129.47937, 37.40834],
          [-129.47091, 37.43312],
          [-129.46901, 37.43869],
          [-129.45764, 37.45888],
          [-129.45066, 37.47125],
          [-129.44296, 37.48492],
          [-129.43401, 37.50902],
          [-129.4337, 37.50985],
          [-129.42445, 37.53477],
          [-129.41859, 37.55055],
          [-129.41619, 37.55948],
          [-129.41871, 37.58197],
          [-129.41421, 37.6059],
          [-129.41126, 37.61686],
          [-129.40517, 37.63076],
          [-129.39128, 37.64454],
          [-129.37593, 37.65976],
          [-129.36988, 37.6679],
          [-129.34745, 37.68814],
          [-129.34668, 37.68876],
          [-129.32717, 37.71498],
          [-129.32649, 37.71588],
          [-129.31538, 37.74115],
          [-129.31038, 37.75251],
          [-129.30426, 37.76641],
          [-129.29369, 37.7904],
          [-129.29313, 37.79166],
          [-129.27996, 37.81734],
          [-129.27541, 37.82343],
          [-129.25973, 37.84444],
          [-129.25676, 37.85538],
          [-129.25313, 37.86876],
          [-129.24016, 37.89361],
          [-129.23971, 37.89447],
          [-129.23052, 37.91931],
          [-129.22683, 37.94187],
          [-129.2265, 37.94309],
          [-129.21989, 37.9674],
          [-129.21138, 37.98367],
          [-129.20645, 37.99309],
          [-129.19345, 38.01792],
          [-129.193, 38.01878],
          [-129.17955, 38.04446],
          [-129.17656, 38.0554],
          [-129.17442, 38.06845],
          [-129.17335, 38.09162],
          [-129.16694, 38.1151],
          [-129.16663, 38.11593],
          [-129.15726, 38.14077],
          [-129.15132, 38.1565],
          [-129.14638, 38.16591],
          [-129.13164, 38.18552],
          [-129.12756, 38.19266],
          [-129.11817, 38.21749],
          [-129.11536, 38.22494],
          [-129.10878, 38.24231],
          [-129.098, 38.26111],
          [-129.0924, 38.26855],
          [-129.07934, 38.29334],
          [-129.04725, 38.28453],
          [-129.03898, 38.27931],
          [-129.02223, 38.25976],
          [-129.00704, 38.25078],
          [-128.99329, 38.24266],
          [-128.97533, 38.22335],
          [-128.96673, 38.21667],
          [-128.94928, 38.20566],
          [-128.93544, 38.18551],
          [-128.92159, 38.16537],
          [-128.92056, 38.16443],
          [-128.92045, 38.1656],
          [-128.92289, 38.18804],
          [-128.92669, 38.2102],
          [-128.93232, 38.23199],
          [-128.94389, 38.25259],
          [-128.94442, 38.27541],
          [-128.94046, 38.29912],
          [-128.93868, 38.30979],
          [-128.93651, 38.32283],
          [-128.9283, 38.34739],
          [-128.92844, 38.36798],
          [-128.92845, 38.37027],
          [-128.92861, 38.39314],
          [-128.93311, 38.41515],
          [-128.93097, 38.43848],
          [-128.92905, 38.45947],
          [-128.92838, 38.4619],
          [-128.92167, 38.48614],
          [-128.91563, 38.50795],
          [-128.91542, 38.51029],
          [-128.91328, 38.53361],
          [-128.90032, 38.55069],
          [-128.89685, 38.55978],
          [-128.88089, 38.58082],
          [-128.87487, 38.58705],
          [-128.85833, 38.60141],
          [-128.83318, 38.61405],
          [-128.80684, 38.62311],
          [-128.80559, 38.62374],
          [-128.78212, 38.6371],
          [-128.75881, 38.65545],
          [-128.7584, 38.65599],
          [-128.73715, 38.67889],
          [-128.73507, 38.68349],
          [-128.72662, 38.70804],
          [-128.72122, 38.71997],
          [-128.71963, 38.73228],
          [-128.71969, 38.75514],
          [-128.7163, 38.77867],
          [-128.71344, 38.78609],
          [-128.7111, 38.80255],
          [-128.70398, 38.82682],
          [-128.70092, 38.8377],
          [-128.69871, 38.85071],
          [-128.70166, 38.87297],
          [-128.6974, 38.89666],
          [-128.69435, 38.90755],
          [-128.69061, 38.92085],
          [-128.67738, 38.94554],
          [-128.67669, 38.94644],
          [-128.66529, 38.97152],
          [-128.66331, 38.99246],
          [-128.66332, 38.99474],
          [-128.65168, 39.01987],
          [-128.6455, 39.02793],
          [-128.6359, 39.0458],
          [-128.6261, 39.05857],
          [-128.61817, 39.07211],
          [-128.6062, 39.0877],
          [-128.59947, 39.09861],
          [-128.5854, 39.11408],
          [-128.57625, 39.12598],
          [-128.56539, 39.14294],
          [-128.55954, 39.15207],
          [-128.54589, 39.17338],
          [-128.54337, 39.17805],
          [-128.53526, 39.20245],
          [-128.52981, 39.21434],
          [-128.52518, 39.22722],
          [-128.51265, 39.25202],
          [-128.51248, 39.25251],
          [-128.50086, 39.27757],
          [-128.49474, 39.28743],
          [-128.48477, 39.30351],
          [-128.47543, 39.31855],
          [-128.46867, 39.32944],
          [-128.4561, 39.34966],
          [-128.45256, 39.35537],
          [-128.43676, 39.38077],
          [-128.43621, 39.38133],
          [-128.41599, 39.40748],
          [-128.4156, 39.40812],
          [-128.40858, 39.43226],
          [-128.40203, 39.45517],
          [-128.40182, 39.45635],
          [-128.40173, 39.47914],
          [-128.40177, 39.5019],
          [-128.39521, 39.5248],
          [-128.39501, 39.52598],
          [-128.38797, 39.5501],
          [-128.3792, 39.56622],
          [-128.37565, 39.57525],
          [-128.36721, 39.59964],
          [-128.36305, 39.60727],
          [-128.35627, 39.62451],
          [-128.35213, 39.64806],
          [-128.34922, 39.65545],
          [-128.34438, 39.67231],
          [-128.33954, 39.69599],
          [-128.33538, 39.70362],
          [-128.32858, 39.72085],
          [-128.31751, 39.73947],
          [-128.31331, 39.74653],
          [-128.30484, 39.7709],
          [-128.30067, 39.77852],
          [-128.29387, 39.79575],
          [-128.29528, 39.8182],
          [-128.29132, 39.84055],
          [-128.29112, 39.84173],
          [-128.28696, 39.86525],
          [-128.27754, 39.88903],
          [-128.27731, 39.88983],
          [-128.27305, 39.91336],
          [-128.27446, 39.93581],
          [-128.2705, 39.95815],
          [-128.27029, 39.95932],
          [-128.27017, 39.98206],
          [-128.2653, 40.0057],
          [-128.26322, 40.02653],
          [-128.26322, 40.0288],
          [-128.2702, 40.05016],
          [-128.27696, 40.07157],
          [-128.28349, 40.09301],
          [-128.28909, 40.11463],
          [-128.29609, 40.13598],
          [-128.30309, 40.15733],
          [-128.28425, 40.18136],
          [-128.28215, 40.18403],
          [-128.28916, 40.20537],
          [-128.2703, 40.22939],
          [-128.26821, 40.23206],
          [-128.24935, 40.25608],
          [-128.24725, 40.25875],
          [-128.22838, 40.28275],
          [-128.22628, 40.28542],
          [-128.2074, 40.30943],
          [-128.2053, 40.31209],
          [-128.18641, 40.33609],
          [-128.18431, 40.33876],
          [-128.16541, 40.36275],
          [-128.16471, 40.36515],
          [-128.1577, 40.38914],
          [-128.15138, 40.41073],
          [-128.15115, 40.41304],
          [-128.1488, 40.43614],
          [-128.13769, 40.45976],
          [-128.13734, 40.46096],
          [-128.13476, 40.4841],
          [-128.12364, 40.50771],
          [-128.12343, 40.50889],
          [-128.12327, 40.53156],
          [-128.12769, 40.55336],
          [-128.12534, 40.57644],
          [-128.12322, 40.59721],
          [-128.12298, 40.59952],
          [-128.11548, 40.62356],
          [-128.10914, 40.64513],
          [-128.1089, 40.64743],
          [-128.11543, 40.66882],
          [-128.11754, 40.67069],
          [-128.14911, 40.68507],
          [-128.15262, 40.68667],
          [-128.18421, 40.70105],
          [-128.18772, 40.70265],
          [-128.21932, 40.71702],
          [-128.22774, 40.73804],
          [-128.23477, 40.75933],
          [-128.2418, 40.78061],
          [-128.24884, 40.80189],
          [-128.24182, 40.82583],
          [-128.2355, 40.84737],
          [-128.23339, 40.85003],
          [-128.2144, 40.87397],
          [-128.2137, 40.87636],
          [-128.19365, 40.90162],
          [-128.19259, 40.90294],
          [-128.17254, 40.9282],
          [-128.17148, 40.92952],
          [-128.16443, 40.95345],
          [-128.15809, 40.97497],
          [-128.15738, 40.97736],
          [-128.163, 40.99889],
          [-128.17003, 41.02015],
          [-128.17707, 41.0414],
          [-128.18059, 41.043],
          [-128.19961, 41.05973],
          [-128.22075, 41.07833],
          [-128.22286, 41.08019],
          [-128.25458, 41.09452],
          [-128.26305, 41.1155],
          [-128.25601, 41.1394],
          [-128.24967, 41.16091],
          [-128.24897, 41.1633],
          [-128.22664, 41.18179],
          [-128.19842, 41.1871],
          [-128.1702, 41.19241],
          [-128.13893, 41.18399],
          [-128.13716, 41.1832],
          [-128.10367, 41.16805],
          [-128.10156, 41.16619],
          [-128.07018, 41.16192],
          [-128.05852, 41.17651],
          [-128.05214, 41.198],
          [-128.05143, 41.20039],
          [-128.03128, 41.22559],
          [-128.03069, 41.22682],
          [-128.02311, 41.25079],
          [-128.01672, 41.27227],
          [-128.01601, 41.27466],
          [-128.0089, 41.29853],
          [-128.0025, 41.32001],
          [-128.00179, 41.3224],
          [-127.99467, 41.34626],
          [-127.98827, 41.36773],
          [-127.98756, 41.37012],
          [-127.98043, 41.39397],
          [-127.97402, 41.41544],
          [-127.97378, 41.41774],
          [-127.98033, 41.43904],
          [-127.9732, 41.46289],
          [-127.98023, 41.4841],
          [-127.97381, 41.50556],
          [-127.9731, 41.50794],
          [-127.98013, 41.52915],
          [-127.98716, 41.55035],
          [-127.99419, 41.57155],
          [-127.99981, 41.59301],
          [-128.00685, 41.6142],
          [-128.01531, 41.63513],
          [-128.02236, 41.65632],
          [-128.02941, 41.67751],
          [-128.03646, 41.69869],
          [-128.04209, 41.72014],
          [-128.0229, 41.74394],
          [-128.02219, 41.74632],
          [-128.02924, 41.76749],
          [-128.03488, 41.78893],
          [-128.02916, 41.81247],
          [-128.02273, 41.83388],
          [-128.02202, 41.83626],
          [-128.01487, 41.86006],
          [-128.00526, 41.87195],
          [-127.98001, 41.88672],
          [-127.95194, 41.89303],
          [-127.92351, 41.89828],
          [-127.92102, 41.89986],
          [-127.90176, 41.92362],
          [-127.89962, 41.92626],
          [-127.88036, 41.95002],
          [-127.87964, 41.95239],
          [-127.88668, 41.97355],
          [-127.8923, 41.99496],
          [-127.89538, 41.99515],
          [-127.92378, 41.98973],
          [-127.9522, 41.98438],
          [-127.9831, 41.98647],
          [-128.01461, 41.99487],
          [-128.01627, 41.99532],
          [-128.03961, 42.01271],
          [-128.05342, 42.03261],
          [-128.06253, 42.04327],
          [-128.07853, 42.05041],
          [-128.09843, 42.06918],
          [-128.10695, 42.09005],
          [-128.11405, 42.11118],
          [-128.1069, 42.13494],
          [-128.10047, 42.15632],
          [-128.09975, 42.1587],
          [-128.0926, 42.18245],
          [-128.08616, 42.20383],
          [-128.08402, 42.20646],
          [-128.06475, 42.2302],
          [-128.06403, 42.23257],
          [-128.0697, 42.25395],
          [-128.05042, 42.27768],
          [-128.04827, 42.28031],
          [-128.02898, 42.30404],
          [-128.02683, 42.30667],
          [-128.02108, 42.33014],
          [-128.02818, 42.35124],
          [-128.04813, 42.36998],
          [-128.05523, 42.39108],
          [-128.04948, 42.41454],
          [-128.05659, 42.43563],
          [-128.05013, 42.45697],
          [-128.04941, 42.45934],
          [-128.04222, 42.48305],
          [-128.04505, 42.50492],
          [-128.04287, 42.52547],
          [-128.04215, 42.52784],
          [-128.03496, 42.55154],
          [-128.02848, 42.57286],
          [-128.02633, 42.57549],
          [-128.00697, 42.59917],
          [-127.97834, 42.6044],
          [-127.97619, 42.60703],
          [-127.95681, 42.6307],
          [-127.95466, 42.63333],
          [-127.93527, 42.65699],
          [-127.93312, 42.65962],
          [-127.91372, 42.68328],
          [-127.913, 42.68565],
          [-127.91866, 42.70697],
          [-127.89925, 42.73062],
          [-127.89709, 42.73324],
          [-127.89129, 42.75665],
          [-127.88477, 42.77794],
          [-127.88261, 42.78057],
          [-127.8768, 42.80396],
          [-127.87027, 42.82525],
          [-127.86811, 42.82788],
          [-127.87521, 42.84892],
          [-127.88231, 42.86997],
          [-127.88942, 42.89101],
          [-127.89653, 42.91205],
          [-127.90364, 42.93308],
          [-127.91075, 42.95411],
          [-127.91787, 42.97514],
          [-127.91205, 42.99851],
          [-127.90552, 43.01977],
          [-127.90336, 43.0224],
          [-127.91048, 43.04342],
          [-127.891, 43.06701],
          [-127.88884, 43.06964],
          [-127.88301, 43.09299],
          [-127.87646, 43.11424],
          [-127.8743, 43.11686],
          [-127.8548, 43.14044],
          [-127.85263, 43.14306],
          [-127.83312, 43.16664],
          [-127.83095, 43.16926],
          [-127.81143, 43.19283],
          [-127.80926, 43.19545],
          [-127.78972, 43.21902],
          [-127.78755, 43.22163],
          [-127.76801, 43.24519],
          [-127.76584, 43.24781],
          [-127.74628, 43.27136],
          [-127.74411, 43.27398],
          [-127.72455, 43.29753],
          [-127.72382, 43.29989],
          [-127.71649, 43.32346],
          [-127.7099, 43.34467],
          [-127.70917, 43.34703],
          [-127.70184, 43.3706],
          [-127.69524, 43.3918],
          [-127.69306, 43.39442],
          [-127.67346, 43.41794],
          [-127.67128, 43.42055],
          [-127.67838, 43.44153],
          [-127.65877, 43.46504],
          [-127.65659, 43.46766],
          [-127.66369, 43.48863],
          [-127.67079, 43.50959],
          [-127.6779, 43.53056],
          [-127.6815, 43.53214],
          [-127.71392, 43.54636],
          [-127.72104, 43.56732],
          [-127.72816, 43.58828],
          [-127.70853, 43.61178],
          [-127.70635, 43.61439],
          [-127.71347, 43.63533],
          [-127.69383, 43.65882],
          [-127.69165, 43.66143],
          [-127.69877, 43.68238],
          [-127.67911, 43.70586],
          [-127.67693, 43.70847],
          [-127.65726, 43.73194],
          [-127.65507, 43.73455],
          [-127.66219, 43.75548],
          [-127.64251, 43.77895],
          [-127.64033, 43.78156],
          [-127.64745, 43.80248],
          [-127.62775, 43.82594],
          [-127.62556, 43.82855],
          [-127.63268, 43.84947],
          [-127.61298, 43.87292],
          [-127.61224, 43.87527],
          [-127.61791, 43.89644],
          [-127.61197, 43.91966],
          [-127.60531, 43.94079],
          [-127.60312, 43.9434],
          [-127.59717, 43.96661],
          [-127.59051, 43.98773],
          [-127.58831, 43.99033],
          [-127.56857, 44.01376],
          [-127.56637, 44.01636],
          [-127.54662, 44.03977],
          [-127.54442, 44.04238],
          [-127.52466, 44.06578],
          [-127.52246, 44.06839],
          [-127.50269, 44.09179],
          [-127.47359, 44.09689],
          [-127.4714, 44.09949],
          [-127.4516, 44.12289],
          [-127.4494, 44.12548],
          [-127.4296, 44.14887],
          [-127.42739, 44.15147],
          [-127.43449, 44.17235],
          [-127.43812, 44.17393],
          [-127.46723, 44.16884],
          [-127.49635, 44.16374],
          [-127.52895, 44.17793],
          [-127.53222, 44.17847],
          [-127.56665, 44.19345],
          [-127.56846, 44.19423],
          [-127.58907, 44.21163],
          [-127.6051, 44.23095],
          [-127.61817, 44.25077],
          [-127.61937, 44.25277],
          [-127.62908, 44.27098],
          [-127.63224, 44.29033],
          [-127.63247, 44.2925],
          [-127.63369, 44.3144],
          [-127.63196, 44.33681],
          [-127.62491, 44.35906],
          [-127.62429, 44.36027],
          [-127.612, 44.38453],
          [-127.60647, 44.39544],
          [-127.59971, 44.40878],
          [-127.58576, 44.42522],
          [-127.58035, 44.43427],
          [-127.5661, 44.45812],
          [-127.56537, 44.45898],
          [-127.57203, 44.4799],
          [-127.56563, 44.5]
        ]
      }
    },
    {
      "type": "Feature",
      "id": "2026101018_f054_10000_001",
      "properties": {
        "product_id": "winter_storm_levels",
        "source_id": "nbm_snow_level",
        "parameter": "snow_level",
        "definition": "height of the wet-bulb 0.5 degree C surface",
        "level_ft_msl": 10000,
        "label": "10,000 ft MSL",
        "unit": "ft_msl",
        "cycle_time_utc": "2026-10-10T18:00:00Z",
        "valid_time_utc": "2026-10-13T00:00:00Z",
        "lead_hours": 54,
        "segment": 1,
        "length_m": 76546.3
      },
      "geometry": {
        "type": "LineString",
        "coordinates": [
          [-112, 30.95886],
          [-112.02144, 30.94657],
          [-112.0444, 30.92119],
          [-112.069, 30.90707],
          [-112.09471, 30.90046],
          [-112.12098, 30.8976],
          [-112.14947, 30.90976],
          [-112.15281, 30.9323],
          [-112.12821, 30.94643],
          [-112.1036, 30.96055],
          [-112.08065, 30.98594],
          [-112.08398, 31.00848],
          [-112.1136, 31.02815],
          [-112.11694, 31.05068],
          [-112.12904, 31.07226],
          [-112.12362, 31.09574],
          [-112.12696, 31.11826],
          [-112.12153, 31.14174],
          [-112.12048, 31.16474],
          [-112.11066, 31.1887],
          [-112.10084, 31.21265],
          [-112.08934, 31.22534],
          [-112.06467, 31.23945],
          [-112.05043, 31.26387],
          [-112.04332, 31.27608],
          [-112.03971, 31.28791],
          [-112.0325, 31.31157],
          [-112.02417, 31.32772],
          [-112.01869, 31.33593],
          [-112.00224, 31.36058],
          [-112, 31.37021]
        ]
      }
    },
    {
      "type": "Feature",
      "id": "2026101018_f054_10000_002",
      "properties": {
        "product_id": "winter_storm_levels",
        "source_id": "nbm_snow_level",
        "parameter": "snow_level",
        "definition": "height of the wet-bulb 0.5 degree C surface",
        "level_ft_msl": 10000,
        "label": "10,000 ft MSL",
        "unit": "ft_msl",
        "cycle_time_utc": "2026-10-10T18:00:00Z",
        "valid_time_utc": "2026-10-13T00:00:00Z",
        "lead_hours": 54,
        "segment": 2,
        "length_m": 47278
      },
      "geometry": {
        "type": "LineString",
        "coordinates": [
          [-112, 31.38723],
          [-112.00723, 31.39436],
          [-112.01769, 31.40467],
          [-112.03694, 31.41403],
          [-112.0518, 31.42387],
          [-112.06666, 31.4337],
          [-112.07888, 31.44382],
          [-112.09278, 31.46519],
          [-112.10141, 31.48713],
          [-112.10036, 31.51011],
          [-112.10151, 31.53286],
          [-112.09825, 31.55608],
          [-112.0972, 31.57906],
          [-112.09174, 31.60252],
          [-112.09509, 31.62502],
          [-112.07201, 31.65038],
          [-112.04223, 31.63072],
          [-112.04557, 31.65322],
          [-112.02247, 31.67857],
          [-112, 31.70321]
        ]
      }
    },
    {
      "type": "Feature",
      "id": "2026101018_f054_10000_003",
      "properties": {
        "product_id": "winter_storm_levels",
        "source_id": "nbm_snow_level",
        "parameter": "snow_level",
        "definition": "height of the wet-bulb 0.5 degree C surface",
        "level_ft_msl": 10000,
        "label": "10,000 ft MSL",
        "unit": "ft_msl",
        "cycle_time_utc": "2026-10-10T18:00:00Z",
        "valid_time_utc": "2026-10-13T00:00:00Z",
        "lead_hours": 54,
        "segment": 3,
        "length_m": 39777.5
      },
      "geometry": {
        "type": "LineString",
        "coordinates": [
          [-112, 31.82531],
          [-112.0035, 31.84061],
          [-112.01214, 31.86253],
          [-112.01548, 31.88503],
          [-112.01882, 31.90752],
          [-112.02217, 31.93001],
          [-112.02286, 31.95279],
          [-112.02053, 31.97588],
          [-112.02008, 31.99878],
          [-112.01797, 32.01043],
          [-112.01633, 32.02202],
          [-112.01541, 32.04497],
          [-112.01118, 32.06826],
          [-112.012, 32.09101],
          [-112.01181, 32.11387],
          [-112.00985, 32.13692],
          [-112.00434, 32.16035],
          [-112, 32.17884]
        ]
      }
    },
    {
      "type": "Feature",
      "id": "2026101018_f054_10000_004",
      "properties": {
        "product_id": "winter_storm_levels",
        "source_id": "nbm_snow_level",
        "parameter": "snow_level",
        "definition": "height of the wet-bulb 0.5 degree C surface",
        "level_ft_msl": 10000,
        "label": "10,000 ft MSL",
        "unit": "ft_msl",
        "cycle_time_utc": "2026-10-10T18:00:00Z",
        "valid_time_utc": "2026-10-13T00:00:00Z",
        "lead_hours": 54,
        "segment": 4,
        "length_m": 3221.5
      },
      "geometry": {
        "type": "LineString",
        "coordinates": [
          [-112, 40.47383],
          [-112.00032, 40.47576],
          [-112.00393, 40.49755],
          [-112, 40.50141]
        ]
      }
    },
    {
      "type": "Feature",
      "id": "2026101018_f054_10000_005",
      "properties": {
        "product_id": "winter_storm_levels",
        "source_id": "nbm_snow_level",
        "parameter": "snow_level",
        "definition": "height of the wet-bulb 0.5 degree C surface",
        "level_ft_msl": 10000,
        "label": "10,000 ft MSL",
        "unit": "ft_msl",
        "cycle_time_utc": "2026-10-10T18:00:00Z",
        "valid_time_utc": "2026-10-13T00:00:00Z",
        "lead_hours": 54,
        "segment": 5,
        "length_m": 44570.5
      },
      "geometry": {
        "type": "LineString",
        "coordinates": [
          [-112.29499, 32.06051],
          [-112.29159, 32.03803],
          [-112.26168, 32.01843],
          [-112.23516, 32.02131],
          [-112.2109, 32.03917],
          [-112.18551, 32.04953],
          [-112.16151, 32.06925],
          [-112.15573, 32.07559],
          [-112.1392, 32.10021],
          [-112.13373, 32.12364],
          [-112.14595, 32.14517],
          [-112.17249, 32.14231],
          [-112.19904, 32.13944],
          [-112.22219, 32.1141],
          [-112.24703, 32.09999],
          [-112.27187, 32.08587],
          [-112.29499, 32.06051]
        ]
      }
    },
    {
      "type": "Feature",
      "id": "2026101018_f054_10000_006",
      "properties": {
        "product_id": "winter_storm_levels",
        "source_id": "nbm_snow_level",
        "parameter": "snow_level",
        "definition": "height of the wet-bulb 0.5 degree C surface",
        "level_ft_msl": 10000,
        "label": "10,000 ft MSL",
        "unit": "ft_msl",
        "cycle_time_utc": "2026-10-10T18:00:00Z",
        "valid_time_utc": "2026-10-13T00:00:00Z",
        "lead_hours": 54,
        "segment": 6,
        "length_m": 18997.5
      },
      "geometry": {
        "type": "LineString",
        "coordinates": [
          [-112.37785, 37.87501],
          [-112.37424, 37.85294],
          [-112.37064, 37.83088],
          [-112.34271, 37.83372],
          [-112.33233, 37.8572],
          [-112.3499, 37.87785],
          [-112.35349, 37.89991],
          [-112.37785, 37.87501]
        ]
      }
    },
    {
      "type": "Feature",
      "id": "2026101018_f054_10000_007",
      "properties": {
        "product_id": "winter_storm_levels",
        "source_id": "nbm_snow_level",
        "parameter": "snow_level",
        "definition": "height of the wet-bulb 0.5 degree C surface",
        "level_ft_msl": 10000,
        "label": "10,000 ft MSL",
        "unit": "ft_msl",
        "cycle_time_utc": "2026-10-10T18:00:00Z",
        "valid_time_utc": "2026-10-13T00:00:00Z",
        "lead_hours": 54,
        "segment": 7,
        "length_m": 17038
      },
      "geometry": {
        "type": "LineString",
        "coordinates": [
          [-112.49497, 35.8135],
          [-112.49142, 35.79127],
          [-112.464, 35.79415],
          [-112.44013, 35.81926],
          [-112.44368, 35.8415],
          [-112.47111, 35.83862],
          [-112.49497, 35.8135]
        ]
      }
    },
    {
      "type": "Feature",
      "id": "2026101018_f054_10000_008",
      "properties": {
        "product_id": "winter_storm_levels",
        "source_id": "nbm_snow_level",
        "parameter": "snow_level",
        "definition": "height of the wet-bulb 0.5 degree C surface",
        "level_ft_msl": 10000,
        "label": "10,000 ft MSL",
        "unit": "ft_msl",
        "cycle_time_utc": "2026-10-10T18:00:00Z",
        "valid_time_utc": "2026-10-13T00:00:00Z",
        "lead_hours": 54,
        "segment": 8,
        "length_m": 1541174.8
      },
      "geometry": {
        "type": "LineString",
        "coordinates": [
          [-112.76617, 38.32819],
          [-112.79052, 38.30327],
          [-112.78682, 38.28126],
          [-112.78312, 38.25925],
          [-112.77942, 38.23723],
          [-112.77572, 38.21521],
          [-112.80005, 38.19028],
          [-112.79635, 38.16826],
          [-112.80666, 38.14478],
          [-112.81696, 38.1213],
          [-112.82725, 38.09781],
          [-112.83755, 38.07432],
          [-112.83384, 38.05229],
          [-112.85812, 38.02734],
          [-112.85441, 38.0053],
          [-112.88238, 38.00238],
          [-112.90663, 37.97741],
          [-112.93459, 37.97448],
          [-112.95882, 37.94951],
          [-112.9551, 37.92747],
          [-112.97932, 37.90248],
          [-112.97559, 37.88044],
          [-112.98583, 37.85692],
          [-112.9821, 37.83487],
          [-112.99234, 37.81134],
          [-112.98861, 37.78929],
          [-112.98489, 37.76723],
          [-113.00906, 37.74223],
          [-113.00533, 37.72017],
          [-113.00161, 37.6981],
          [-112.99789, 37.67604],
          [-113.02204, 37.65102],
          [-113.03224, 37.62748],
          [-113.04245, 37.60393],
          [-113.06657, 37.5789],
          [-113.07676, 37.55535],
          [-113.08695, 37.53179],
          [-113.11104, 37.50675],
          [-113.1073, 37.48467],
          [-113.10357, 37.46259],
          [-113.09983, 37.4405],
          [-113.06828, 37.42138],
          [-113.03675, 37.40225],
          [-113.00894, 37.4052],
          [-112.98113, 37.40815],
          [-112.95332, 37.4111],
          [-112.92921, 37.43613],
          [-112.90139, 37.43906],
          [-112.89769, 37.41697],
          [-112.894, 37.39488],
          [-112.89031, 37.37279],
          [-112.85882, 37.35362],
          [-112.85514, 37.33152],
          [-112.82367, 37.31234],
          [-112.79588, 37.31527],
          [-112.76625, 37.30713],
          [-112.73663, 37.29899],
          [-112.71909, 37.27833],
          [-112.70155, 37.25768],
          [-112.68401, 37.23702],
          [-112.68037, 37.2149],
          [-112.69061, 37.19134],
          [-112.71472, 37.16632],
          [-112.74065, 37.15235],
          [-112.7684, 37.14944],
          [-112.79615, 37.14652],
          [-112.8239, 37.1436],
          [-112.84981, 37.12961],
          [-112.86, 37.10603],
          [-112.87019, 37.08244],
          [-112.89424, 37.05738],
          [-112.92196, 37.05444],
          [-112.94783, 37.04044],
          [-112.9737, 37.02643],
          [-112.97001, 37.0043],
          [-112.96631, 36.98217],
          [-112.96262, 36.96004],
          [-112.95893, 36.93791],
          [-112.95524, 36.91578],
          [-112.93772, 36.89512],
          [-112.92204, 36.88552],
          [-112.89252, 36.87739],
          [-112.86484, 36.88033],
          [-112.83716, 36.88326],
          [-112.80948, 36.88619],
          [-112.77815, 36.86697],
          [-112.7745, 36.84483],
          [-112.77085, 36.82268],
          [-112.73955, 36.80345],
          [-112.72208, 36.78276],
          [-112.70643, 36.77314],
          [-112.69079, 36.76352],
          [-112.67334, 36.74282],
          [-112.66971, 36.72066],
          [-112.67991, 36.69705],
          [-112.6901, 36.67343],
          [-112.68648, 36.65127],
          [-112.65523, 36.63201],
          [-112.62761, 36.63492],
          [-112.59999, 36.63781],
          [-112.57597, 36.66287],
          [-112.57957, 36.68503],
          [-112.58317, 36.70719],
          [-112.58678, 36.72935],
          [-112.59039, 36.75151],
          [-112.58017, 36.77511],
          [-112.56994, 36.79871],
          [-112.57355, 36.82086],
          [-112.56332, 36.84445],
          [-112.55308, 36.86804],
          [-112.529, 36.89307],
          [-112.51875, 36.91665],
          [-112.5085, 36.94023],
          [-112.48259, 36.95418],
          [-112.45668, 36.96812],
          [-112.42897, 36.97098],
          [-112.39768, 36.9517],
          [-112.3941, 36.92956],
          [-112.40438, 36.90598],
          [-112.41644, 36.89348],
          [-112.42849, 36.88097],
          [-112.44055, 36.86847],
          [-112.4526, 36.85596],
          [-112.46285, 36.83237],
          [-112.48694, 36.80735],
          [-112.48335, 36.78519],
          [-112.49359, 36.7616],
          [-112.47618, 36.74088],
          [-112.4726, 36.71872],
          [-112.45519, 36.69799],
          [-112.45161, 36.67582],
          [-112.46185, 36.65222],
          [-112.4859, 36.62718],
          [-112.51352, 36.6243],
          [-112.53755, 36.59925],
          [-112.53396, 36.57708],
          [-112.53037, 36.55491],
          [-112.52678, 36.53273],
          [-112.52319, 36.51056],
          [-112.5288, 36.48742],
          [-112.53441, 36.46427],
          [-112.54002, 36.44113],
          [-112.53643, 36.41895],
          [-112.52366, 36.39772],
          [-112.52926, 36.37457],
          [-112.53945, 36.35094],
          [-112.54964, 36.3273],
          [-112.5736, 36.30222],
          [-112.60114, 36.29932],
          [-112.63228, 36.31862],
          [-112.65621, 36.29352],
          [-112.68013, 36.26842],
          [-112.67652, 36.24622],
          [-112.67291, 36.22402],
          [-112.69682, 36.19891],
          [-112.72433, 36.196],
          [-112.75546, 36.21527],
          [-112.77934, 36.19015],
          [-112.80321, 36.16502],
          [-112.81333, 36.14135],
          [-112.82344, 36.11768],
          [-112.81981, 36.09548],
          [-112.81617, 36.07327],
          [-112.81254, 36.05106],
          [-112.78145, 36.03179],
          [-112.75398, 36.03471],
          [-112.72651, 36.03764],
          [-112.69724, 36.02945],
          [-112.66797, 36.02126],
          [-112.64051, 36.02416],
          [-112.63691, 36.00195],
          [-112.63332, 35.97973],
          [-112.65718, 35.9546],
          [-112.68103, 35.92947],
          [-112.70487, 35.90433],
          [-112.7323, 35.90141],
          [-112.75612, 35.87626],
          [-112.77993, 35.85111],
          [-112.80373, 35.82595],
          [-112.82752, 35.80078],
          [-112.82389, 35.77855],
          [-112.84767, 35.75338],
          [-112.87506, 35.75043],
          [-112.90245, 35.74748],
          [-112.93349, 35.76676],
          [-112.93713, 35.78899],
          [-112.91337, 35.81417],
          [-112.8896, 35.83934],
          [-112.86582, 35.86452],
          [-112.85574, 35.88821],
          [-112.8548, 35.91092],
          [-112.85844, 35.93314],
          [-112.86208, 35.95535],
          [-112.87029, 35.97708],
          [-112.88766, 35.99782],
          [-112.91693, 36.00597],
          [-112.94439, 36.00302],
          [-112.97184, 36.00006],
          [-112.99929, 35.9971],
          [-113.02674, 35.99413],
          [-113.05358, 35.98745],
          [-113.0798, 35.97707],
          [-113.10601, 35.96669],
          [-113.13284, 35.96],
          [-113.15966, 35.95331],
          [-113.18586, 35.94291],
          [-113.21051, 35.92325],
          [-113.21873, 35.9167],
          [-113.23454, 35.89989],
          [-113.24244, 35.89148],
          [-113.25015, 35.86802],
          [-113.24233, 35.84625],
          [-113.22218, 35.82584],
          [-113.20021, 35.80562],
          [-113.18984, 35.79922],
          [-113.16912, 35.7864],
          [-113.15814, 35.77629],
          [-113.1426, 35.76667],
          [-113.14348, 35.74395],
          [-113.15076, 35.73184],
          [-113.15576, 35.71998],
          [-113.1726, 35.6955],
          [-113.18715, 35.67127],
          [-113.19504, 35.66286],
          [-113.22086, 35.65059],
          [-113.24822, 35.64759],
          [-113.27743, 35.65569],
          [-113.30498, 35.65378],
          [-113.33159, 35.64631],
          [-113.35671, 35.62995],
          [-113.38033, 35.60469],
          [-113.4058, 35.59054],
          [-113.43314, 35.5875],
          [-113.4586, 35.57334],
          [-113.48219, 35.54806],
          [-113.47844, 35.52583],
          [-113.44925, 35.51775],
          [-113.42006, 35.50968],
          [-113.39647, 35.53495],
          [-113.37287, 35.56022],
          [-113.34368, 35.55213],
          [-113.32815, 35.54253],
          [-113.32444, 35.52029],
          [-113.33686, 35.51137],
          [-113.36356, 35.50463],
          [-113.38901, 35.49048],
          [-113.41259, 35.4652],
          [-113.42251, 35.44144],
          [-113.43243, 35.41767],
          [-113.4287, 35.39543],
          [-113.41951, 35.37379],
          [-113.41214, 35.35195],
          [-113.41296, 35.32919],
          [-113.41564, 35.31756],
          [-113.41832, 35.30592],
          [-113.42641, 35.28235],
          [-113.42677, 35.25964],
          [-113.41623, 35.23814],
          [-113.39888, 35.2174],
          [-113.36916, 35.2056],
          [-113.3416, 35.20678],
          [-113.32705, 35.20273],
          [-113.31251, 35.19868],
          [-113.28434, 35.19613],
          [-113.25617, 35.19359],
          [-113.228, 35.19103],
          [-113.20076, 35.19404],
          [-113.17351, 35.19705],
          [-113.16075, 35.17578],
          [-113.15708, 35.15351],
          [-113.15568, 35.13099],
          [-113.14975, 35.10897],
          [-113.12915, 35.09612],
          [-113.10071, 35.09169],
          [-113.07105, 35.07983],
          [-113.05622, 35.07389],
          [-113.05258, 35.05161],
          [-113.05709, 35.02844],
          [-113.06132, 35.02041],
          [-113.06977, 35.00436],
          [-113.08244, 34.98029],
          [-113.08559, 34.95726],
          [-113.09327, 34.93372],
          [-113.09868, 34.91044],
          [-113.12221, 34.88515],
          [-113.14664, 34.86544],
          [-113.15478, 34.85886],
          [-113.16922, 34.83457],
          [-113.17235, 34.81152],
          [-113.1619, 34.78998],
          [-113.13256, 34.7796],
          [-113.10396, 34.77368],
          [-113.07535, 34.76776],
          [-113.05281, 34.75662],
          [-113.04239, 34.73506],
          [-113.0668, 34.71535],
          [-113.09302, 34.70678],
          [-113.12015, 34.70378],
          [-113.14606, 34.69335],
          [-113.16171, 34.67648],
          [-113.15805, 34.65417],
          [-113.13754, 34.6413],
          [-113.12955, 34.63462],
          [-113.10648, 34.62014],
          [-113.0988, 34.61531],
          [-113.07574, 34.60082],
          [-113.06579, 34.59624],
          [-113.04591, 34.58708],
          [-113.02603, 34.57791],
          [-113.01609, 34.57333],
          [-112.98772, 34.5685],
          [-112.95918, 34.56255],
          [-112.93028, 34.55436],
          [-112.90138, 34.54617],
          [-112.87249, 34.53797],
          [-112.84411, 34.53296],
          [-112.83005, 34.53125],
          [-112.81531, 34.52528],
          [-112.78702, 34.52079],
          [-112.75874, 34.51629],
          [-112.75517, 34.49397],
          [-112.77868, 34.4687],
          [-112.80576, 34.46575],
          [-112.83284, 34.4628],
          [-112.85992, 34.45984],
          [-112.887, 34.45688],
          [-112.91407, 34.45392],
          [-112.93934, 34.43979],
          [-112.94656, 34.42763],
          [-112.93394, 34.4063],
          [-112.92357, 34.38471],
          [-112.89969, 34.36461],
          [-112.87084, 34.35641],
          [-112.84319, 34.35564],
          [-112.81674, 34.36232],
          [-112.79147, 34.37643],
          [-112.77437, 34.35557],
          [-112.78433, 34.33177],
          [-112.79879, 34.30747],
          [-112.80661, 34.29904],
          [-112.83126, 34.28119],
          [-112.85591, 34.26334],
          [-112.86823, 34.25442],
          [-112.88085, 34.24735],
          [-112.90637, 34.23508],
          [-112.9322, 34.22466],
          [-112.95651, 34.20493],
          [-112.96237, 34.1986],
          [-112.97227, 34.17477],
          [-112.96867, 34.15243],
          [-112.95157, 34.13157],
          [-112.94303, 34.12115],
          [-112.92774, 34.11146],
          [-112.91065, 34.0906],
          [-112.90707, 34.06825],
          [-112.87651, 34.04886],
          [-112.8531, 34.07418],
          [-112.85668, 34.09653],
          [-112.83088, 34.10694],
          [-112.80537, 34.1192],
          [-112.77927, 34.12774],
          [-112.75298, 34.13515],
          [-112.72704, 34.1448],
          [-112.69945, 34.14401],
          [-112.67126, 34.13949],
          [-112.65422, 34.11861],
          [-112.63719, 34.09772],
          [-112.62016, 34.07682],
          [-112.61214, 34.05495],
          [-112.6266, 34.03065],
          [-112.65122, 34.01282],
          [-112.66353, 34.0039],
          [-112.67584, 33.99498],
          [-112.70045, 33.97714],
          [-112.71039, 33.95331],
          [-112.72032, 33.92948],
          [-112.6916, 33.92123],
          [-112.67636, 33.91152],
          [-112.662, 33.90739],
          [-112.63241, 33.89355],
          [-112.61811, 33.87235],
          [-112.62087, 33.8493],
          [-112.62448, 33.84322],
          [-112.638, 33.82468],
          [-112.64642, 33.8086],
          [-112.65198, 33.80041],
          [-112.65967, 33.77681],
          [-112.65614, 33.75444],
          [-112.63468, 33.73401],
          [-112.61771, 33.7131],
          [-112.62092, 33.68999],
          [-112.62413, 33.66688],
          [-112.63854, 33.64254],
          [-112.63502, 33.62016],
          [-112.62254, 33.59875],
          [-112.61183, 33.58853],
          [-112.60336, 33.57807],
          [-112.60656, 33.55495],
          [-112.62992, 33.52963],
          [-112.65502, 33.51551],
          [-112.68011, 33.50138],
          [-112.70696, 33.49844],
          [-112.73381, 33.4955],
          [-112.75977, 33.48695],
          [-112.78573, 33.4784],
          [-112.79291, 33.46622],
          [-112.80726, 33.44186],
          [-112.82383, 33.41725],
          [-112.82699, 33.39412],
          [-112.82345, 33.37172],
          [-112.81096, 33.35031],
          [-112.79848, 33.3289],
          [-112.78601, 33.30749],
          [-112.78248, 33.28509],
          [-112.79234, 33.26121],
          [-112.77541, 33.24028],
          [-112.77188, 33.21788],
          [-112.78173, 33.19399],
          [-112.79159, 33.17011],
          [-112.81482, 33.14474],
          [-112.81128, 33.12233],
          [-112.80775, 33.09992],
          [-112.80421, 33.07751],
          [-112.80068, 33.05509],
          [-112.80606, 33.03169],
          [-112.81144, 33.00829],
          [-112.81859, 32.99609],
          [-112.82573, 32.9839],
          [-112.84001, 32.9595],
          [-112.84983, 32.9356],
          [-112.85965, 32.91169],
          [-112.87391, 32.88729],
          [-112.88104, 32.87509],
          [-112.89261, 32.86239],
          [-112.90419, 32.84969],
          [-112.91576, 32.83698],
          [-112.92556, 32.81307],
          [-112.93979, 32.78865],
          [-112.94513, 32.76523],
          [-112.95492, 32.74131],
          [-112.96469, 32.71739],
          [-112.97003, 32.69396],
          [-112.97758, 32.67028],
          [-112.98246, 32.65832],
          [-112.98956, 32.6461],
          [-113.00495, 32.62915],
          [-113.01264, 32.62067],
          [-113.02684, 32.59624],
          [-113.04103, 32.5718],
          [-113.04812, 32.55958],
          [-113.05299, 32.54761],
          [-113.06051, 32.52392],
          [-113.0676, 32.5117],
          [-113.07912, 32.49898],
          [-113.09123, 32.48999],
          [-113.11634, 32.47763],
          [-113.12875, 32.47051],
          [-113.14085, 32.46152],
          [-113.16506, 32.44354],
          [-113.17477, 32.41959],
          [-113.18447, 32.39563],
          [-113.19417, 32.37167],
          [-113.20387, 32.34771],
          [-113.20028, 32.32527],
          [-113.22325, 32.29979],
          [-113.21966, 32.27734],
          [-113.21607, 32.2549],
          [-113.18594, 32.23548],
          [-113.1594, 32.23851],
          [-113.15582, 32.21605],
          [-113.12572, 32.19662],
          [-113.12215, 32.17417],
          [-113.09206, 32.15473],
          [-113.07524, 32.13378],
          [-113.0602, 32.12406],
          [-113.03191, 32.11584],
          [-113.00185, 32.09638],
          [-112.9983, 32.07392],
          [-113.02481, 32.07091],
          [-113.04777, 32.04544],
          [-113.07072, 32.01997],
          [-113.06716, 31.99751],
          [-113.06361, 31.97504],
          [-113.05345, 31.95333],
          [-113.04328, 31.93161],
          [-113.03312, 31.90989],
          [-113.02296, 31.88817],
          [-113.01942, 31.8657],
          [-113.0247, 31.84223],
          [-113.0388, 31.81775],
          [-113.05289, 31.79327],
          [-113.06052, 31.78477],
          [-113.07138, 31.76828],
          [-113.08105, 31.7443],
          [-113.08631, 31.72082],
          [-113.08717, 31.69783],
          [-113.09023, 31.6746],
          [-113.09329, 31.65137],
          [-113.10294, 31.62738],
          [-113.1126, 31.60338],
          [-113.12225, 31.57939],
          [-113.1143, 31.55741],
          [-113.10373, 31.54717],
          [-113.08877, 31.53744],
          [-113.0744, 31.53145],
          [-113.04919, 31.54196],
          [-113.02281, 31.54497],
          [-112.99818, 31.55922],
          [-112.97179, 31.56222],
          [-112.95683, 31.55247],
          [-112.94892, 31.53048],
          [-112.94541, 31.50799],
          [-112.9419, 31.4855],
          [-112.93839, 31.46301],
          [-112.93927, 31.44002],
          [-112.93576, 31.41752],
          [-112.92083, 31.40777],
          [-112.89272, 31.39951],
          [-112.86636, 31.40249],
          [-112.84175, 31.41672],
          [-112.83031, 31.42946],
          [-112.81829, 31.43845],
          [-112.79337, 31.45079],
          [-112.78106, 31.4579],
          [-112.76874, 31.46501],
          [-112.7441, 31.47922],
          [-112.73617, 31.48583],
          [-112.7209, 31.5028],
          [-112.71546, 31.51104],
          [-112.69913, 31.53575],
          [-112.6828, 31.56046],
          [-112.67966, 31.58369],
          [-112.69633, 31.60471],
          [-112.713, 31.62572],
          [-112.68832, 31.63992],
          [-112.66364, 31.65412],
          [-112.63894, 31.66831],
          [-112.62305, 31.68151],
          [-112.6154, 31.68999],
          [-112.60448, 31.70645],
          [-112.59471, 31.73041],
          [-112.58494, 31.75436],
          [-112.57517, 31.77831],
          [-112.55216, 31.80373],
          [-112.52914, 31.82914],
          [-112.50611, 31.85455],
          [-112.48307, 31.87995],
          [-112.46002, 31.90535],
          [-112.46345, 31.92783],
          [-112.46689, 31.95031],
          [-112.47032, 31.97279],
          [-112.47375, 31.99527],
          [-112.47719, 32.01774],
          [-112.50714, 32.0373],
          [-112.53365, 32.03438],
          [-112.5371, 32.05686],
          [-112.54055, 32.07933],
          [-112.53516, 32.10278],
          [-112.52092, 32.12719],
          [-112.50668, 32.15161],
          [-112.49898, 32.16007],
          [-112.48801, 32.17651],
          [-112.47817, 32.20043],
          [-112.47276, 32.22387],
          [-112.47444, 32.24653],
          [-112.47257, 32.26958],
          [-112.46423, 32.28572],
          [-112.45874, 32.29393],
          [-112.44138, 32.31296],
          [-112.4356, 32.3193],
          [-112.4191, 32.34394],
          [-112.40126, 32.36872],
          [-112.39709, 32.37679],
          [-112.3714, 32.38568],
          [-112.34481, 32.38857],
          [-112.31843, 32.39295],
          [-112.30184, 32.40236],
          [-112.29354, 32.40707],
          [-112.26892, 32.42305],
          [-112.26312, 32.42938],
          [-112.24657, 32.454],
          [-112.2411, 32.47741],
          [-112.23563, 32.50083],
          [-112.22845, 32.51301],
          [-112.21684, 32.52567],
          [-112.20522, 32.53834],
          [-112.18028, 32.55243],
          [-112.15703, 32.57774],
          [-112.13377, 32.60305],
          [-112.12827, 32.62645],
          [-112.12721, 32.64938],
          [-112.1306, 32.67183],
          [-112.12065, 32.69571],
          [-112.11069, 32.71958],
          [-112.09905, 32.73223],
          [-112.07236, 32.73507],
          [-112.04399, 32.72669],
          [-112.01528, 32.71605],
          [-112, 32.7127]
        ]
      }
    },
    {
      "type": "Feature",
      "id": "2026101018_f054_10000_009",
      "properties": {
        "product_id": "winter_storm_levels",
        "source_id": "nbm_snow_level",
        "parameter": "snow_level",
        "definition": "height of the wet-bulb 0.5 degree C surface",
        "level_ft_msl": 10000,
        "label": "10,000 ft MSL",
        "unit": "ft_msl",
        "cycle_time_utc": "2026-10-10T18:00:00Z",
        "valid_time_utc": "2026-10-13T00:00:00Z",
        "lead_hours": 54,
        "segment": 9,
        "length_m": 186864.7
      },
      "geometry": {
        "type": "LineString",
        "coordinates": [
          [-112.76617, 38.32819],
          [-112.79793, 38.34729],
          [-112.8297, 38.36639],
          [-112.84277, 38.38742],
          [-112.84414, 38.40967],
          [-112.84084, 38.43239],
          [-112.83754, 38.45512],
          [-112.83423, 38.47784],
          [-112.83092, 38.50056],
          [-112.82576, 38.51228],
          [-112.81825, 38.52425],
          [-112.80322, 38.54817],
          [-112.79288, 38.57161],
          [-112.78253, 38.59504],
          [-112.76748, 38.61896],
          [-112.76181, 38.6419],
          [-112.73737, 38.66677],
          [-112.727, 38.6902],
          [-112.71662, 38.71361],
          [-112.72033, 38.73559],
          [-112.70994, 38.759],
          [-112.69956, 38.78241],
          [-112.68916, 38.80582],
          [-112.67877, 38.82922],
          [-112.66837, 38.85262],
          [-112.66736, 38.87506],
          [-112.66166, 38.89797],
          [-112.66535, 38.91993],
          [-112.65494, 38.94332],
          [-112.64452, 38.9667],
          [-112.64822, 38.98865],
          [-112.6378, 39.01203],
          [-112.62737, 39.03541],
          [-112.61693, 39.05879],
          [-112.60465, 39.07119],
          [-112.57823, 39.08502],
          [-112.55365, 39.10982],
          [-112.52906, 39.1346],
          [-112.51859, 39.15796],
          [-112.52227, 39.17989],
          [-112.52595, 39.20182],
          [-112.52962, 39.22375],
          [-112.51915, 39.2471],
          [-112.52283, 39.26902],
          [-112.49819, 39.29378],
          [-112.50187, 39.3157],
          [-112.47721, 39.34046],
          [-112.48089, 39.36237],
          [-112.45621, 39.38712],
          [-112.45989, 39.40903],
          [-112.4352, 39.43377],
          [-112.40684, 39.4366],
          [-112.38213, 39.46133],
          [-112.35741, 39.48605],
          [-112.32903, 39.48887],
          [-112.3043, 39.51358],
          [-112.27591, 39.51639],
          [-112.24752, 39.51919],
          [-112.22276, 39.54389],
          [-112.19798, 39.56858],
          [-112.17139, 39.58232],
          [-112.14478, 39.59605],
          [-112.11637, 39.59884],
          [-112.08975, 39.61256],
          [-112.06313, 39.62628],
          [-112.0371, 39.64364],
          [-112.02408, 39.65232],
          [-112.01166, 39.66464],
          [-112.00398, 39.67651],
          [-112, 39.69189]
        ]
      }
    },
    {
      "type": "Feature",
      "id": "2026101018_f054_10000_010",
      "properties": {
        "product_id": "winter_storm_levels",
        "source_id": "nbm_snow_level",
        "parameter": "snow_level",
        "definition": "height of the wet-bulb 0.5 degree C surface",
        "level_ft_msl": 10000,
        "label": "10,000 ft MSL",
        "unit": "ft_msl",
        "cycle_time_utc": "2026-10-10T18:00:00Z",
        "valid_time_utc": "2026-10-13T00:00:00Z",
        "lead_hours": 54,
        "segment": 10,
        "length_m": 19585.4
      },
      "geometry": {
        "type": "LineString",
        "coordinates": [
          [-112.78622, 37.00125],
          [-112.77602, 37.02484],
          [-112.75013, 37.03882],
          [-112.72059, 37.03067],
          [-112.71694, 37.00854],
          [-112.74101, 36.98349],
          [-112.76872, 36.98058],
          [-112.78622, 37.00125]
        ]
      }
    },
    {
      "type": "Feature",
      "id": "2026101018_f054_10000_011",
      "properties": {
        "product_id": "winter_storm_levels",
        "source_id": "nbm_snow_level",
        "parameter": "snow_level",
        "definition": "height of the wet-bulb 0.5 degree C surface",
        "level_ft_msl": 10000,
        "label": "10,000 ft MSL",
        "unit": "ft_msl",
        "cycle_time_utc": "2026-10-10T18:00:00Z",
        "valid_time_utc": "2026-10-13T00:00:00Z",
        "lead_hours": 54,
        "segment": 11,
        "length_m": 25357.7
      },
      "geometry": {
        "type": "LineString",
        "coordinates": [
          [-112.90488, 37.7981],
          [-112.90117, 37.77604],
          [-112.89746, 37.75398],
          [-112.86956, 37.75691],
          [-112.84166, 37.75983],
          [-112.84535, 37.78189],
          [-112.82113, 37.80687],
          [-112.85274, 37.82601],
          [-112.88067, 37.82308],
          [-112.90488, 37.7981]
        ]
      }
    },
    {
      "type": "Feature",
      "id": "2026101018_f054_10000_012",
      "properties": {
        "product_id": "winter_storm_levels",
        "source_id": "nbm_snow_level",
        "parameter": "snow_level",
        "definition": "height of the wet-bulb 0.5 degree C surface",
        "level_ft_msl": 10000,
        "label": "10,000 ft MSL",
        "unit": "ft_msl",
        "cycle_time_utc": "2026-10-10T18:00:00Z",
        "valid_time_utc": "2026-10-13T00:00:00Z",
        "lead_hours": 54,
        "segment": 12,
        "length_m": 24051
      },
      "geometry": {
        "type": "LineString",
        "coordinates": [
          [-113.07813, 36.13547],
          [-113.07444, 36.11327],
          [-113.04328, 36.09405],
          [-113.01581, 36.09702],
          [-112.992, 36.12218],
          [-112.99567, 36.14438],
          [-113.02683, 36.16361],
          [-113.05432, 36.16064],
          [-113.07813, 36.13547]
        ]
      }
    },
    {
      "type": "Feature",
      "id": "2026101018_f054_10000_013",
      "properties": {
        "product_id": "winter_storm_levels",
        "source_id": "nbm_snow_level",
        "parameter": "snow_level",
        "definition": "height of the wet-bulb 0.5 degree C surface",
        "level_ft_msl": 10000,
        "label": "10,000 ft MSL",
        "unit": "ft_msl",
        "cycle_time_utc": "2026-10-10T18:00:00Z",
        "valid_time_utc": "2026-10-13T00:00:00Z",
        "lead_hours": 54,
        "segment": 13,
        "length_m": 59315.2
      },
      "geometry": {
        "type": "LineString",
        "coordinates": [
          [-113.09215, 33.91124],
          [-113.09128, 33.9341],
          [-113.07962, 33.94677],
          [-113.05447, 33.96095],
          [-113.02752, 33.96394],
          [-112.99877, 33.95575],
          [-112.97002, 33.94756],
          [-112.94307, 33.95053],
          [-112.91612, 33.95351],
          [-112.88559, 33.93412],
          [-112.85507, 33.91472],
          [-112.82456, 33.89532],
          [-112.84793, 33.87],
          [-112.87367, 33.85958],
          [-112.9018, 33.86407],
          [-112.93052, 33.87228],
          [-112.95925, 33.88048],
          [-112.98618, 33.8775],
          [-113.01311, 33.87451],
          [-113.04125, 33.87897],
          [-113.06938, 33.88343],
          [-113.07956, 33.88988],
          [-113.09215, 33.91124]
        ]
      }
    },
    {
      "type": "Feature",
      "id": "2026101018_f054_10000_014",
      "properties": {
        "product_id": "winter_storm_levels",
        "source_id": "nbm_snow_level",
        "parameter": "snow_level",
        "definition": "height of the wet-bulb 0.5 degree C surface",
        "level_ft_msl": 10000,
        "label": "10,000 ft MSL",
        "unit": "ft_msl",
        "cycle_time_utc": "2026-10-10T18:00:00Z",
        "valid_time_utc": "2026-10-13T00:00:00Z",
        "lead_hours": 54,
        "segment": 14,
        "length_m": 71470.1
      },
      "geometry": {
        "type": "LineString",
        "coordinates": [
          [-113.10397, 36.2908],
          [-113.08014, 36.31596],
          [-113.05445, 36.33003],
          [-113.02692, 36.333],
          [-112.99938, 36.33596],
          [-112.97185, 36.33892],
          [-112.94431, 36.34188],
          [-112.91677, 36.34483],
          [-112.88923, 36.34777],
          [-112.86351, 36.36181],
          [-112.83596, 36.36475],
          [-112.80841, 36.36768],
          [-112.77723, 36.34842],
          [-112.80114, 36.32331],
          [-112.82503, 36.29819],
          [-112.85256, 36.29525],
          [-112.87644, 36.27012],
          [-112.90031, 36.24498],
          [-112.92782, 36.24203],
          [-112.959, 36.26127],
          [-112.99019, 36.2805],
          [-113.01772, 36.27754],
          [-113.04155, 36.25238],
          [-113.07276, 36.27159],
          [-113.10397, 36.2908]
        ]
      }
    },
    {
      "type": "Feature",
      "id": "2026101018_f054_10000_015",
      "properties": {
        "product_id": "winter_storm_levels",
        "source_id": "nbm_snow_level",
        "parameter": "snow_level",
        "definition": "height of the wet-bulb 0.5 degree C surface",
        "level_ft_msl": 10000,
        "label": "10,000 ft MSL",
        "unit": "ft_msl",
        "cycle_time_utc": "2026-10-10T18:00:00Z",
        "valid_time_utc": "2026-10-13T00:00:00Z",
        "lead_hours": 54,
        "segment": 15,
        "length_m": 61386.8
      },
      "geometry": {
        "type": "LineString",
        "coordinates": [
          [-113.17084, 33.72032],
          [-113.16722, 33.69795],
          [-113.14567, 33.67759],
          [-113.11518, 33.65823],
          [-113.0883, 33.66124],
          [-113.06052, 33.65864],
          [-113.03454, 33.66723],
          [-113.00856, 33.67582],
          [-112.98317, 33.68813],
          [-112.95747, 33.69857],
          [-112.93416, 33.72392],
          [-112.91084, 33.74926],
          [-112.91441, 33.77163],
          [-112.9449, 33.79102],
          [-112.97301, 33.7955],
          [-112.99873, 33.78506],
          [-113.02564, 33.78207],
          [-113.05164, 33.77349],
          [-113.07801, 33.76713],
          [-113.10455, 33.76189],
          [-113.13055, 33.7533],
          [-113.15654, 33.74469],
          [-113.17084, 33.72032]
        ]
      }
    },
    {
      "type": "Feature",
      "id": "2026101018_f054_10000_016",
      "properties": {
        "product_id": "winter_storm_levels",
        "source_id": "nbm_snow_level",
        "parameter": "snow_level",
        "definition": "height of the wet-bulb 0.5 degree C surface",
        "level_ft_msl": 10000,
        "label": "10,000 ft MSL",
        "unit": "ft_msl",
        "cycle_time_utc": "2026-10-10T18:00:00Z",
        "valid_time_utc": "2026-10-13T00:00:00Z",
        "lead_hours": 54,
        "segment": 16,
        "length_m": 101921.1
      },
      "geometry": {
        "type": "LineString",
        "coordinates": [
          [-113.18492, 33.58207],
          [-113.15988, 33.59628],
          [-113.13121, 33.5881],
          [-113.10435, 33.59111],
          [-113.07388, 33.57174],
          [-113.04702, 33.57473],
          [-113.02016, 33.57773],
          [-112.9933, 33.58072],
          [-112.96644, 33.5837],
          [-112.93958, 33.58669],
          [-112.91093, 33.57847],
          [-112.89571, 33.56877],
          [-112.8805, 33.55906],
          [-112.86529, 33.54935],
          [-112.87515, 33.52549],
          [-112.89963, 33.50759],
          [-112.92528, 33.49716],
          [-112.95034, 33.48298],
          [-112.97628, 33.4744],
          [-112.98881, 33.46731],
          [-113.00043, 33.45463],
          [-113.01206, 33.44194],
          [-113.00847, 33.41955],
          [-112.99148, 33.39866],
          [-112.9879, 33.37626],
          [-113.01292, 33.36208],
          [-113.03973, 33.35908],
          [-113.06654, 33.35608],
          [-113.09514, 33.36428],
          [-113.12555, 33.38366],
          [-113.12916, 33.40604],
          [-113.13277, 33.42843],
          [-113.13638, 33.45081],
          [-113.13999, 33.4732],
          [-113.11676, 33.49859],
          [-113.09353, 33.52398],
          [-113.09713, 33.54635],
          [-113.12579, 33.55454],
          [-113.15445, 33.56271],
          [-113.18492, 33.58207]
        ]
      }
    },
    {
      "type": "Feature",
      "id": "2026101018_f054_10000_017",
      "properties": {
        "product_id": "winter_storm_levels",
        "source_id": "nbm_snow_level",
        "parameter": "snow_level",
        "definition": "height of the wet-bulb 0.5 degree C surface",
        "level_ft_msl": 10000,
        "label": "10,000 ft MSL",
        "unit": "ft_msl",
        "cycle_time_utc": "2026-10-10T18:00:00Z",
        "valid_time_utc": "2026-10-13T00:00:00Z",
        "lead_hours": 54,
        "segment": 17,
        "length_m": 106550.1
      },
      "geometry": {
        "type": "LineString",
        "coordinates": [
          [-113.46651, 36.11553],
          [-113.46275, 36.09334],
          [-113.45899, 36.07115],
          [-113.45523, 36.04896],
          [-113.45147, 36.02676],
          [-113.44771, 36.00456],
          [-113.44395, 35.98236],
          [-113.41277, 35.9632],
          [-113.38908, 35.98843],
          [-113.39283, 36.01063],
          [-113.39657, 36.03283],
          [-113.40032, 36.05503],
          [-113.37287, 36.05806],
          [-113.34541, 36.06108],
          [-113.31422, 36.0419],
          [-113.28676, 36.04492],
          [-113.25931, 36.04793],
          [-113.23185, 36.05093],
          [-113.2081, 36.07613],
          [-113.18434, 36.10133],
          [-113.16057, 36.12652],
          [-113.13679, 36.1517],
          [-113.14049, 36.1739],
          [-113.17169, 36.1931],
          [-113.19918, 36.1901],
          [-113.23039, 36.20929],
          [-113.23411, 36.23148],
          [-113.26535, 36.25066],
          [-113.29659, 36.26983],
          [-113.3241, 36.26682],
          [-113.35161, 36.2638],
          [-113.37724, 36.24968],
          [-113.38911, 36.23708],
          [-113.39911, 36.21338],
          [-113.42284, 36.18817],
          [-113.41909, 36.16598],
          [-113.44281, 36.14076],
          [-113.46651, 36.11553]
        ]
      }
    },
    {
      "type": "Feature",
      "id": "2026101018_f054_10000_018",
      "properties": {
        "product_id": "winter_storm_levels",
        "source_id": "nbm_snow_level",
        "parameter": "snow_level",
        "definition": "height of the wet-bulb 0.5 degree C surface",
        "level_ft_msl": 10000,
        "label": "10,000 ft MSL",
        "unit": "ft_msl",
        "cycle_time_utc": "2026-10-10T18:00:00Z",
        "valid_time_utc": "2026-10-13T00:00:00Z",
        "lead_hours": 54,
        "segment": 18,
        "length_m": 40605.7
      },
      "geometry": {
        "type": "LineString",
        "coordinates": [
          [-113.47328, 34.39164],
          [-113.46957, 34.36932],
          [-113.45686, 34.34802],
          [-113.44599, 34.33788],
          [-113.43063, 34.32825],
          [-113.41527, 34.31861],
          [-113.38763, 34.31794],
          [-113.36305, 34.33587],
          [-113.3397, 34.36123],
          [-113.32986, 34.38507],
          [-113.33354, 34.40739],
          [-113.35075, 34.42819],
          [-113.37965, 34.4363],
          [-113.40609, 34.42954],
          [-113.43314, 34.42649],
          [-113.44543, 34.41752],
          [-113.45772, 34.40856],
          [-113.47328, 34.39164]
        ]
      }
    },
    {
      "type": "Feature",
      "id": "2026101018_f054_10000_019",
      "properties": {
        "product_id": "winter_storm_levels",
        "source_id": "nbm_snow_level",
        "parameter": "snow_level",
        "definition": "height of the wet-bulb 0.5 degree C surface",
        "level_ft_msl": 10000,
        "label": "10,000 ft MSL",
        "unit": "ft_msl",
        "cycle_time_utc": "2026-10-10T18:00:00Z",
        "valid_time_utc": "2026-10-13T00:00:00Z",
        "lead_hours": 54,
        "segment": 19,
        "length_m": 41071.6
      },
      "geometry": {
        "type": "LineString",
        "coordinates": [
          [-113.68101, 35.57106],
          [-113.67722, 35.54883],
          [-113.64612, 35.52968],
          [-113.6188, 35.53275],
          [-113.59148, 35.53582],
          [-113.56416, 35.53889],
          [-113.53684, 35.54195],
          [-113.51327, 35.56724],
          [-113.51702, 35.58947],
          [-113.54812, 35.60864],
          [-113.57923, 35.6278],
          [-113.60657, 35.62474],
          [-113.63391, 35.62167],
          [-113.65747, 35.59636],
          [-113.68101, 35.57106]
        ]
      }
    },
    {
      "type": "Feature",
      "id": "2026101018_f054_10000_020",
      "properties": {
        "product_id": "winter_storm_levels",
        "source_id": "nbm_snow_level",
        "parameter": "snow_level",
        "definition": "height of the wet-bulb 0.5 degree C surface",
        "level_ft_msl": 10000,
        "label": "10,000 ft MSL",
        "unit": "ft_msl",
        "cycle_time_utc": "2026-10-10T18:00:00Z",
        "valid_time_utc": "2026-10-13T00:00:00Z",
        "lead_hours": 54,
        "segment": 20,
        "length_m": 47266.2
      },
      "geometry": {
        "type": "LineString",
        "coordinates": [
          [-113.71726, 32.83676],
          [-113.71356, 32.81435],
          [-113.6832, 32.79505],
          [-113.65469, 32.78696],
          [-113.62988, 32.80126],
          [-113.6069, 32.82677],
          [-113.58391, 32.85227],
          [-113.57425, 32.87622],
          [-113.56459, 32.90017],
          [-113.56826, 32.92258],
          [-113.59864, 32.94189],
          [-113.62533, 32.9388],
          [-113.64833, 32.9133],
          [-113.67132, 32.88779],
          [-113.6943, 32.86228],
          [-113.71726, 32.83676]
        ]
      }
    },
    {
      "type": "Feature",
      "id": "2026101018_f054_10000_021",
      "properties": {
        "product_id": "winter_storm_levels",
        "source_id": "nbm_snow_level",
        "parameter": "snow_level",
        "definition": "height of the wet-bulb 0.5 degree C surface",
        "level_ft_msl": 10000,
        "label": "10,000 ft MSL",
        "unit": "ft_msl",
        "cycle_time_utc": "2026-10-10T18:00:00Z",
        "valid_time_utc": "2026-10-13T00:00:00Z",
        "lead_hours": 54,
        "segment": 21,
        "length_m": 23517.6
      },
      "geometry": {
        "type": "LineString",
        "coordinates": [
          [-113.8689, 34.80103],
          [-113.85913, 34.82486],
          [-113.832, 34.82798],
          [-113.80296, 34.81995],
          [-113.77393, 34.81192],
          [-113.78372, 34.78809],
          [-113.79539, 34.77539],
          [-113.82252, 34.77228],
          [-113.85154, 34.7803],
          [-113.8689, 34.80103]
        ]
      }
    },
    {
      "type": "Feature",
      "id": "2026101018_f054_10000_022",
      "properties": {
        "product_id": "winter_storm_levels",
        "source_id": "nbm_snow_level",
        "parameter": "snow_level",
        "definition": "height of the wet-bulb 0.5 degree C surface",
        "level_ft_msl": 10000,
        "label": "10,000 ft MSL",
        "unit": "ft_msl",
        "cycle_time_utc": "2026-10-10T18:00:00Z",
        "valid_time_utc": "2026-10-13T00:00:00Z",
        "lead_hours": 54,
        "segment": 22,
        "length_m": 57664.2
      },
      "geometry": {
        "type": "LineString",
        "coordinates": [
          [-114.10726, 32.51644],
          [-114.10349, 32.49402],
          [-114.09972, 32.47161],
          [-114.08898, 32.46146],
          [-114.06053, 32.45343],
          [-114.03271, 32.44912],
          [-114.02068, 32.45818],
          [-114.00927, 32.47097],
          [-113.99786, 32.48376],
          [-113.98832, 32.50776],
          [-113.9636, 32.52213],
          [-113.93889, 32.53649],
          [-113.91603, 32.56206],
          [-113.91976, 32.58447],
          [-113.9235, 32.60689],
          [-113.95385, 32.62615],
          [-113.98046, 32.62299],
          [-114.00519, 32.60863],
          [-114.02992, 32.59426],
          [-114.05464, 32.57988],
          [-114.07935, 32.5655],
          [-114.10217, 32.53991],
          [-114.10726, 32.51644]
        ]
      }
    },
    {
      "type": "Feature",
      "id": "2026101018_f054_10000_023",
      "properties": {
        "product_id": "winter_storm_levels",
        "source_id": "nbm_snow_level",
        "parameter": "snow_level",
        "definition": "height of the wet-bulb 0.5 degree C surface",
        "level_ft_msl": 10000,
        "label": "10,000 ft MSL",
        "unit": "ft_msl",
        "cycle_time_utc": "2026-10-10T18:00:00Z",
        "valid_time_utc": "2026-10-13T00:00:00Z",
        "lead_hours": 54,
        "segment": 23,
        "length_m": 181808
      },
      "geometry": {
        "type": "LineString",
        "coordinates": [
          [-114.46354, 31.87821],
          [-114.46075, 31.90145],
          [-114.45605, 31.91348],
          [-114.44915, 31.92578],
          [-114.44416, 31.9493],
          [-114.43916, 31.97281],
          [-114.42975, 31.99687],
          [-114.42034, 32.02092],
          [-114.3977, 32.04658],
          [-114.3725, 32.05729],
          [-114.3473, 32.06799],
          [-114.32083, 32.07121],
          [-114.29562, 32.08191],
          [-114.27104, 32.09634],
          [-114.25969, 32.10916],
          [-114.25023, 32.13319],
          [-114.22753, 32.15883],
          [-114.19725, 32.1396],
          [-114.16888, 32.13158],
          [-114.1405, 32.12355],
          [-114.11401, 32.12674],
          [-114.0894, 32.14114],
          [-114.08244, 32.15341],
          [-114.06853, 32.17796],
          [-114.05461, 32.20251],
          [-114.04952, 32.226],
          [-114.04664, 32.24923],
          [-114.03934, 32.27298],
          [-114.03237, 32.28525],
          [-114.02541, 32.29752],
          [-114.00959, 32.31084],
          [-113.98492, 32.32522],
          [-113.95988, 32.33735],
          [-113.93464, 32.34835],
          [-113.90902, 32.35711],
          [-113.87875, 32.33783],
          [-113.87503, 32.3154],
          [-113.88016, 32.29192],
          [-113.88749, 32.26818],
          [-113.89226, 32.25618],
          [-113.89703, 32.24417],
          [-113.89552, 32.22148],
          [-113.88297, 32.20009],
          [-113.87925, 32.17765],
          [-113.87553, 32.15521],
          [-113.88507, 32.1312],
          [-113.8946, 32.10719],
          [-113.91985, 32.09656],
          [-113.94386, 32.07844],
          [-113.96848, 32.06407],
          [-113.98426, 32.05074],
          [-113.99216, 32.04407],
          [-114.01707, 32.03155],
          [-114.02906, 32.02249],
          [-114.04136, 32.01529],
          [-114.06627, 32.00277],
          [-114.09148, 31.99211],
          [-114.11669, 31.98144],
          [-114.14189, 31.97078],
          [-114.16709, 31.9601],
          [-114.19228, 31.94943],
          [-114.21747, 31.93875],
          [-114.24266, 31.92806],
          [-114.26683, 31.91139],
          [-114.28294, 31.90027],
          [-114.29099, 31.89471],
          [-114.31591, 31.88251],
          [-114.34082, 31.87032],
          [-114.36661, 31.86335],
          [-114.39214, 31.85488],
          [-114.41818, 31.84941],
          [-114.44524, 31.84991],
          [-114.45972, 31.85577],
          [-114.46354, 31.87821]
        ]
      }
    },
    {
      "type": "Feature",
      "id": "2026101018_f054_10000_024",
      "properties": {
        "product_id": "winter_storm_levels",
        "source_id": "nbm_snow_level",
        "parameter": "snow_level",
        "definition": "height of the wet-bulb 0.5 degree C surface",
        "level_ft_msl": 10000,
        "label": "10,000 ft MSL",
        "unit": "ft_msl",
        "cycle_time_utc": "2026-10-10T18:00:00Z",
        "valid_time_utc": "2026-10-13T00:00:00Z",
        "lead_hours": 54,
        "segment": 24,
        "length_m": 77221.2
      },
      "geometry": {
        "type": "LineString",
        "coordinates": [
          [-114.59259, 32.70922],
          [-114.58316, 32.73324],
          [-114.57372, 32.75726],
          [-114.56427, 32.78128],
          [-114.55289, 32.7941],
          [-114.52819, 32.80854],
          [-114.50155, 32.81179],
          [-114.47491, 32.81503],
          [-114.45212, 32.84065],
          [-114.42547, 32.84389],
          [-114.39882, 32.84711],
          [-114.36834, 32.82795],
          [-114.34169, 32.83117],
          [-114.31886, 32.85677],
          [-114.28839, 32.83759],
          [-114.2979, 32.81359],
          [-114.3074, 32.78959],
          [-114.3169, 32.76559],
          [-114.3283, 32.75279],
          [-114.35302, 32.73837],
          [-114.37868, 32.72955],
          [-114.40627, 32.73192],
          [-114.43289, 32.72869],
          [-114.45951, 32.72546],
          [-114.4842, 32.71102],
          [-114.50889, 32.69658],
          [-114.5355, 32.69334],
          [-114.56211, 32.69008],
          [-114.59259, 32.70922]
        ]
      }
    },
    {
      "type": "Feature",
      "id": "2026101018_f054_10000_025",
      "properties": {
        "product_id": "winter_storm_levels",
        "source_id": "nbm_snow_level",
        "parameter": "snow_level",
        "definition": "height of the wet-bulb 0.5 degree C surface",
        "level_ft_msl": 10000,
        "label": "10,000 ft MSL",
        "unit": "ft_msl",
        "cycle_time_utc": "2026-10-10T18:00:00Z",
        "valid_time_utc": "2026-10-13T00:00:00Z",
        "lead_hours": 54,
        "segment": 25,
        "length_m": 87500.2
      },
      "geometry": {
        "type": "LineString",
        "coordinates": [
          [-129.06315, 39.66843],
          [-129.05603, 39.64706],
          [-129.04891, 39.62569],
          [-129.04179, 39.60431],
          [-129.00693, 39.58842],
          [-128.97208, 39.57251],
          [-128.94434, 39.57798],
          [-128.91305, 39.57276],
          [-128.88531, 39.57822],
          [-128.85756, 39.58367],
          [-128.82981, 39.58913],
          [-128.80559, 39.60527],
          [-128.78136, 39.6214],
          [-128.75713, 39.63754],
          [-128.73641, 39.66436],
          [-128.72958, 39.68846],
          [-128.72275, 39.71255],
          [-128.72981, 39.73393],
          [-128.73687, 39.7553],
          [-128.74394, 39.77667],
          [-128.751, 39.79804],
          [-128.78589, 39.81398],
          [-128.81371, 39.80854],
          [-128.84152, 39.80309],
          [-128.86578, 39.78696],
          [-128.89358, 39.78151],
          [-128.91783, 39.76537],
          [-128.94562, 39.75991],
          [-128.96985, 39.74376],
          [-128.99408, 39.7276],
          [-129.02186, 39.72213],
          [-129.04251, 39.69528],
          [-129.06315, 39.66843]
        ]
      }
    },
    {
      "type": "Feature",
      "id": "2026101018_f054_10000_026",
      "properties": {
        "product_id": "winter_storm_levels",
        "source_id": "nbm_snow_level",
        "parameter": "snow_level",
        "definition": "height of the wet-bulb 0.5 degree C surface",
        "level_ft_msl": 10000,
        "label": "10,000 ft MSL",
        "unit": "ft_msl",
        "cycle_time_utc": "2026-10-10T18:00:00Z",
        "valid_time_utc": "2026-10-13T00:00:00Z",
        "lead_hours": 54,
        "segment": 26,
        "length_m": 41183.3
      },
      "geometry": {
        "type": "LineString",
        "coordinates": [
          [-129.29515, 39.9185],
          [-129.28843, 39.94259],
          [-129.29099, 39.96484],
          [-129.2889, 39.98801],
          [-129.26826, 40.01484],
          [-129.24281, 40.02746],
          [-129.21256, 40.02585],
          [-129.18471, 40.03135],
          [-129.17754, 40.01002],
          [-129.17037, 39.98869],
          [-129.19103, 39.96186],
          [-129.21528, 39.94569],
          [-129.2256, 39.93228],
          [-129.23592, 39.91886],
          [-129.26015, 39.90268],
          [-129.28796, 39.89717],
          [-129.29515, 39.9185]
        ]
      }
    },
    {
      "type": "Feature",
      "id": "2026101018_f054_10000_027",
      "properties": {
        "product_id": "winter_storm_levels",
        "source_id": "nbm_snow_level",
        "parameter": "snow_level",
        "definition": "height of the wet-bulb 0.5 degree C surface",
        "level_ft_msl": 10000,
        "label": "10,000 ft MSL",
        "unit": "ft_msl",
        "cycle_time_utc": "2026-10-10T18:00:00Z",
        "valid_time_utc": "2026-10-13T00:00:00Z",
        "lead_hours": 54,
        "segment": 27,
        "length_m": 851340.9
      },
      "geometry": {
        "type": "LineString",
        "coordinates": [
          [-129.92043, 38.09922],
          [-129.90414, 38.07961],
          [-129.8924, 38.05906],
          [-129.87516, 38.05115],
          [-129.84607, 38.05142],
          [-129.81985, 38.0603],
          [-129.80367, 38.07743],
          [-129.79864, 38.08421],
          [-129.7767, 38.10597],
          [-129.75654, 38.1331],
          [-129.73494, 38.15593],
          [-129.72954, 38.16163],
          [-129.71441, 38.18197],
          [-129.70708, 38.18922],
          [-129.69363, 38.20729],
          [-129.68689, 38.21633],
          [-129.67343, 38.2344],
          [-129.66669, 38.24344],
          [-129.65322, 38.2615],
          [-129.64192, 38.27147],
          [-129.63062, 38.28144],
          [-129.60801, 38.30137],
          [-129.58778, 38.32846],
          [-129.56515, 38.34838],
          [-129.5584, 38.3574],
          [-129.54727, 38.38261],
          [-129.52701, 38.40968],
          [-129.52501, 38.43302],
          [-129.53214, 38.45449],
          [-129.53928, 38.47596],
          [-129.54185, 38.49836],
          [-129.53528, 38.52262],
          [-129.52871, 38.54688],
          [-129.51856, 38.56041],
          [-129.5084, 38.57393],
          [-129.49944, 38.59103],
          [-129.49495, 38.59958],
          [-129.4815, 38.62522],
          [-129.47033, 38.65039],
          [-129.46474, 38.66298],
          [-129.45457, 38.67649],
          [-129.4444, 38.69001],
          [-129.43422, 38.70352],
          [-129.42404, 38.71703],
          [-129.41386, 38.73053],
          [-129.40725, 38.75476],
          [-129.38687, 38.78177],
          [-129.38025, 38.806],
          [-129.37362, 38.83022],
          [-129.35322, 38.85721],
          [-129.36035, 38.87865],
          [-129.33638, 38.89492],
          [-129.31904, 38.88698],
          [-129.29815, 38.86831],
          [-129.2635, 38.85241],
          [-129.22886, 38.8365],
          [-129.20842, 38.86347],
          [-129.20175, 38.88768],
          [-129.19152, 38.90117],
          [-129.1813, 38.91465],
          [-129.17107, 38.92813],
          [-129.16083, 38.94161],
          [-129.15415, 38.96581],
          [-129.14745, 38.99],
          [-129.14076, 39.01419],
          [-129.13406, 39.03838],
          [-129.13656, 39.06073],
          [-129.13091, 39.07328],
          [-129.12526, 39.08583],
          [-129.12316, 39.1091],
          [-129.11751, 39.12164],
          [-129.11185, 39.13419],
          [-129.10974, 39.15745],
          [-129.10408, 39.16999],
          [-129.09842, 39.18254],
          [-129.09631, 39.20579],
          [-129.10111, 39.22766],
          [-129.10131, 39.25045],
          [-129.10841, 39.27186],
          [-129.1063, 39.2951],
          [-129.11341, 39.3165],
          [-129.12053, 39.33791],
          [-129.12764, 39.35931],
          [-129.14399, 39.37887],
          [-129.16495, 39.39751],
          [-129.18236, 39.40545],
          [-129.19977, 39.41339],
          [-129.22076, 39.43202],
          [-129.24175, 39.45065],
          [-129.25917, 39.45858],
          [-129.27198, 39.46743],
          [-129.28837, 39.48697],
          [-129.30476, 39.50651],
          [-129.30269, 39.52972],
          [-129.30062, 39.55294],
          [-129.29496, 39.56547],
          [-129.2893, 39.57799],
          [-129.28492, 39.60166],
          [-129.28157, 39.61373],
          [-129.27128, 39.62717],
          [-129.27382, 39.64945],
          [-129.27174, 39.67265],
          [-129.25115, 39.69953],
          [-129.22697, 39.71572],
          [-129.20279, 39.73191],
          [-129.17501, 39.73741],
          [-129.14724, 39.74291],
          [-129.11946, 39.7484],
          [-129.09882, 39.77525],
          [-129.07103, 39.78073],
          [-129.05037, 39.80757],
          [-129.0575, 39.82893],
          [-129.03683, 39.85575],
          [-129.03005, 39.87984],
          [-129.02327, 39.90393],
          [-129.03041, 39.92527],
          [-129.00971, 39.95208],
          [-128.989, 39.97889],
          [-128.96828, 40.00569],
          [-128.94754, 40.03249],
          [-128.92324, 40.04861],
          [-128.89893, 40.06473],
          [-128.8921, 40.08879],
          [-128.88528, 40.11284],
          [-128.8924, 40.13417],
          [-128.88558, 40.15821],
          [-128.87875, 40.18226],
          [-128.88587, 40.20358],
          [-128.86508, 40.23034],
          [-128.84427, 40.25709],
          [-128.83743, 40.28112],
          [-128.83058, 40.30515],
          [-128.8377, 40.32646],
          [-128.83085, 40.35048],
          [-128.82399, 40.3745],
          [-128.81714, 40.39852],
          [-128.81027, 40.42253],
          [-128.8174, 40.44383],
          [-128.82453, 40.46512],
          [-128.83166, 40.48641],
          [-128.8668, 40.50227],
          [-128.88764, 40.47555],
          [-128.91563, 40.47011],
          [-128.94361, 40.46467],
          [-128.96443, 40.43794],
          [-128.99241, 40.43249],
          [-129.02038, 40.42703],
          [-129.04834, 40.42157],
          [-129.08349, 40.43739],
          [-129.0627, 40.46414],
          [-129.0419, 40.49089],
          [-129.04908, 40.51217],
          [-129.02826, 40.5389],
          [-129.00744, 40.56563],
          [-129.01462, 40.58691],
          [-128.99378, 40.61363],
          [-129.00096, 40.6349],
          [-128.98011, 40.66161],
          [-128.98728, 40.68287],
          [-128.96642, 40.70958],
          [-128.9736, 40.73084],
          [-128.95272, 40.75753],
          [-128.9599, 40.77879],
          [-128.96708, 40.80004],
          [-128.97427, 40.82129],
          [-128.98146, 40.84253],
          [-128.98865, 40.86378],
          [-128.96775, 40.89046],
          [-128.97494, 40.91169],
          [-128.95403, 40.93836],
          [-128.96122, 40.9596],
          [-128.96842, 40.98083],
          [-128.97562, 41.00206],
          [-128.98282, 41.02328],
          [-128.96188, 41.04994],
          [-128.95501, 41.07387],
          [-128.94814, 41.09781],
          [-128.95534, 41.11902],
          [-128.94846, 41.14295],
          [-128.94158, 41.16687],
          [-128.96288, 41.18536],
          [-128.98418, 41.20386],
          [-128.9914, 41.22506],
          [-129.01271, 41.24354],
          [-129.03404, 41.26202],
          [-129.04127, 41.28321],
          [-129.04851, 41.3044],
          [-129.04164, 41.32831],
          [-129.04417, 41.3504],
          [-129.042, 41.37339],
          [-129.03513, 41.39729],
          [-129.02825, 41.42118],
          [-129.00725, 41.44778],
          [-128.98623, 41.47438],
          [-128.96521, 41.50097],
          [-128.97244, 41.52214],
          [-128.9514, 41.54872],
          [-128.93035, 41.57529],
          [-128.93758, 41.59645],
          [-128.91652, 41.62302],
          [-128.89544, 41.64958],
          [-128.87436, 41.67613],
          [-128.84604, 41.68153],
          [-128.82493, 41.70807],
          [-128.80381, 41.7346],
          [-128.81103, 41.75575],
          [-128.7899, 41.78228],
          [-128.76876, 41.8088],
          [-128.77597, 41.82994],
          [-128.75482, 41.85645],
          [-128.76203, 41.87758],
          [-128.74086, 41.90408],
          [-128.74808, 41.92521],
          [-128.7553, 41.94634],
          [-128.76252, 41.96746],
          [-128.74134, 41.99395],
          [-128.74856, 42.01507],
          [-128.75578, 42.03618],
          [-128.73458, 42.06266],
          [-128.71337, 42.08913],
          [-128.72059, 42.11024],
          [-128.69936, 42.1367],
          [-128.70658, 42.1578],
          [-128.71381, 42.1789],
          [-128.72104, 42.2],
          [-128.72828, 42.22109],
          [-128.73551, 42.24218],
          [-128.72851, 42.26594],
          [-128.7215, 42.28971],
          [-128.71448, 42.31346],
          [-128.70747, 42.33722],
          [-128.68619, 42.36365],
          [-128.67916, 42.38739],
          [-128.67213, 42.41114],
          [-128.6651, 42.43488],
          [-128.65806, 42.45861],
          [-128.65102, 42.48234],
          [-128.64398, 42.50607],
          [-128.63693, 42.5298],
          [-128.62988, 42.55352],
          [-128.62283, 42.57724],
          [-128.61577, 42.60095],
          [-128.60395, 42.62555],
          [-128.60165, 42.64837],
          [-128.58981, 42.67296],
          [-128.58751, 42.69577],
          [-128.58521, 42.71858],
          [-128.58291, 42.74139],
          [-128.57698, 42.75367],
          [-128.57344, 42.76552],
          [-128.57066, 42.78841],
          [-128.56403, 42.80455],
          [-128.55928, 42.81288],
          [-128.55219, 42.83656],
          [-128.54864, 42.8484],
          [-128.5451, 42.86024],
          [-128.53083, 42.88523],
          [-128.52373, 42.9089],
          [-128.51663, 42.93256],
          [-128.50952, 42.95622],
          [-128.50241, 42.97988],
          [-128.4953, 43.00353],
          [-128.48818, 43.02718],
          [-128.48106, 43.05082],
          [-128.47393, 43.07446],
          [-128.45962, 43.09942],
          [-128.45605, 43.11123],
          [-128.45249, 43.12305],
          [-128.44535, 43.14668],
          [-128.44178, 43.15849],
          [-128.43821, 43.1703],
          [-128.43107, 43.19392],
          [-128.42629, 43.20224],
          [-128.41673, 43.21886],
          [-128.40958, 43.24247],
          [-128.40242, 43.26608],
          [-128.39526, 43.28969],
          [-128.38522, 43.31382],
          [-128.37852, 43.3299],
          [-128.37517, 43.33794],
          [-128.36512, 43.36206],
          [-128.36116, 43.36835],
          [-128.35218, 43.3867],
          [-128.34319, 43.40505],
          [-128.34019, 43.41116],
          [-128.32916, 43.43545],
          [-128.3258, 43.44348],
          [-128.31909, 43.45955],
          [-128.30901, 43.48365],
          [-128.3047, 43.50669],
          [-128.29461, 43.53078],
          [-128.2903, 43.55382],
          [-128.28742, 43.57659],
          [-128.28382, 43.58837],
          [-128.28166, 43.59988],
          [-128.273, 43.62369],
          [-128.2694, 43.63547],
          [-128.26579, 43.64724],
          [-128.25134, 43.67209],
          [-128.24411, 43.69563],
          [-128.23447, 43.71219],
          [-128.22965, 43.72047],
          [-128.21518, 43.74531],
          [-128.20311, 43.76971],
          [-128.19587, 43.77842],
          [-128.18622, 43.79497],
          [-128.17656, 43.81152],
          [-128.17317, 43.81953],
          [-128.16302, 43.84357],
          [-128.15964, 43.85158],
          [-128.15286, 43.8676],
          [-128.1485, 43.89058],
          [-128.14632, 43.90207],
          [-128.14269, 43.91382],
          [-128.13542, 43.93732],
          [-128.1354, 43.95951],
          [-128.13296, 43.98213],
          [-128.13053, 44.00475],
          [-128.12447, 44.01692],
          [-128.11841, 44.0291],
          [-128.10629, 44.05344],
          [-128.09416, 44.07778],
          [-128.09171, 44.10039],
          [-128.07957, 44.12472],
          [-128.07711, 44.14732],
          [-128.06981, 44.17077],
          [-128.06251, 44.19423],
          [-128.05035, 44.21854],
          [-128.04427, 44.2307],
          [-128.03818, 44.24285],
          [-128.02601, 44.26716],
          [-128.01141, 44.29189],
          [-128.00775, 44.30361],
          [-128.00165, 44.31576],
          [-127.98947, 44.34005],
          [-127.98504, 44.36295],
          [-127.98062, 44.38586],
          [-127.97841, 44.39731],
          [-127.97473, 44.40902],
          [-127.96739, 44.43243],
          [-127.96371, 44.44413],
          [-127.96004, 44.45584],
          [-127.95268, 44.47924],
          [-127.9478, 44.48747],
          [-127.93722, 44.5]
        ]
      }
    },
    {
      "type": "Feature",
      "id": "2026101018_f054_10000_028",
      "properties": {
        "product_id": "winter_storm_levels",
        "source_id": "nbm_snow_level",
        "parameter": "snow_level",
        "definition": "height of the wet-bulb 0.5 degree C surface",
        "level_ft_msl": 10000,
        "label": "10,000 ft MSL",
        "unit": "ft_msl",
        "cycle_time_utc": "2026-10-10T18:00:00Z",
        "valid_time_utc": "2026-10-13T00:00:00Z",
        "lead_hours": 54,
        "segment": 28,
        "length_m": 2488.5
      },
      "geometry": {
        "type": "LineString",
        "coordinates": [
          [-129.92763, 38.12071],
          [-129.92043, 38.09922]
        ]
      }
    },
    {
      "type": "Feature",
      "id": "2026101018_f054_10000_029",
      "properties": {
        "product_id": "winter_storm_levels",
        "source_id": "nbm_snow_level",
        "parameter": "snow_level",
        "definition": "height of the wet-bulb 0.5 degree C surface",
        "level_ft_msl": 10000,
        "label": "10,000 ft MSL",
        "unit": "ft_msl",
        "cycle_time_utc": "2026-10-10T18:00:00Z",
        "valid_time_utc": "2026-10-13T00:00:00Z",
        "lead_hours": 54,
        "segment": 29,
        "length_m": 13898
      },
      "geometry": {
        "type": "LineString",
        "coordinates": [
          [-130, 37.99167],
          [-129.98073, 38.01774],
          [-129.96064, 38.04491],
          [-129.94054, 38.07207],
          [-129.92043, 38.09922]
        ]
      }
    },
    {
      "type": "Feature",
      "id": "2026101018_f054_10000_030",
      "properties": {
        "product_id": "winter_storm_levels",
        "source_id": "nbm_snow_level",
        "parameter": "snow_level",
        "definition": "height of the wet-bulb 0.5 degree C surface",
        "level_ft_msl": 10000,
        "label": "10,000 ft MSL",
        "unit": "ft_msl",
        "cycle_time_utc": "2026-10-10T18:00:00Z",
        "valid_time_utc": "2026-10-13T00:00:00Z",
        "lead_hours": 54,
        "segment": 30,
        "length_m": 144091.4
      },
      "geometry": {
        "type": "LineString",
        "coordinates": [
          [-130, 38.77108],
          [-129.96548, 38.75541],
          [-129.95823, 38.73398],
          [-129.92352, 38.7182],
          [-129.91629, 38.69677],
          [-129.8816, 38.68098],
          [-129.87438, 38.65954],
          [-129.85414, 38.68662],
          [-129.82668, 38.69225],
          [-129.80642, 38.71931],
          [-129.78616, 38.74637],
          [-129.76588, 38.77343],
          [-129.77309, 38.79486],
          [-129.7528, 38.8219],
          [-129.7325, 38.84894],
          [-129.71219, 38.87598],
          [-129.70564, 38.9002],
          [-129.69908, 38.92443],
          [-129.67875, 38.95145],
          [-129.67218, 38.97566],
          [-129.6656, 38.99988],
          [-129.64525, 39.02688],
          [-129.62488, 39.05389],
          [-129.61829, 39.07809],
          [-129.6117, 39.10229],
          [-129.60511, 39.12649],
          [-129.59851, 39.15068],
          [-129.57811, 39.17766],
          [-129.5715, 39.20185],
          [-129.56489, 39.22603],
          [-129.55828, 39.25021],
          [-129.55167, 39.27439],
          [-129.52763, 39.29065],
          [-129.52728, 39.30214],
          [-129.52921, 39.32459],
          [-129.54102, 39.34505],
          [-129.55283, 39.3655],
          [-129.5711, 39.38465],
          [-129.57416, 39.40687],
          [-129.58138, 39.42824],
          [-129.58859, 39.44961],
          [-129.59581, 39.47098],
          [-129.60304, 39.49235],
          [-129.61026, 39.51371],
          [-129.61749, 39.53508],
          [-129.62472, 39.55643],
          [-129.64581, 39.575],
          [-129.65998, 39.59496],
          [-129.67831, 39.61408],
          [-129.68556, 39.63543],
          [-129.69835, 39.65566],
          [-129.7167, 39.67477]
        ]
      }
    },
    {
      "type": "Feature",
      "id": "2026101018_f054_10000_031",
      "properties": {
        "product_id": "winter_storm_levels",
        "source_id": "nbm_snow_level",
        "parameter": "snow_level",
        "definition": "height of the wet-bulb 0.5 degree C surface",
        "level_ft_msl": 10000,
        "label": "10,000 ft MSL",
        "unit": "ft_msl",
        "cycle_time_utc": "2026-10-10T18:00:00Z",
        "valid_time_utc": "2026-10-13T00:00:00Z",
        "lead_hours": 54,
        "segment": 31,
        "length_m": 129608.8
      },
      "geometry": {
        "type": "LineString",
        "coordinates": [
          [-130, 38.81704],
          [-129.98723, 38.81967],
          [-129.95974, 38.82532],
          [-129.93225, 38.83097],
          [-129.90475, 38.83661],
          [-129.88087, 38.85296],
          [-129.85337, 38.85859],
          [-129.82947, 38.87493],
          [-129.80196, 38.88055],
          [-129.78166, 38.90759],
          [-129.77053, 38.93275],
          [-129.76857, 38.95604],
          [-129.77579, 38.97745],
          [-129.78302, 38.99886],
          [-129.78106, 39.02214],
          [-129.78829, 39.04354],
          [-129.79552, 39.06495],
          [-129.81195, 39.08447],
          [-129.81919, 39.10587],
          [-129.83562, 39.12539],
          [-129.86126, 39.14303],
          [-129.86851, 39.16442],
          [-129.84334, 39.17718],
          [-129.81696, 39.18636],
          [-129.79299, 39.20267],
          [-129.78643, 39.22686],
          [-129.79367, 39.24824],
          [-129.81473, 39.26682],
          [-129.8496, 39.28258],
          [-129.87067, 39.30115],
          [-129.89175, 39.31971],
          [-129.89902, 39.34108],
          [-129.87381, 39.35382],
          [-129.85102, 39.37369],
          [-129.83986, 39.3988],
          [-129.83791, 39.42203],
          [-129.83135, 39.4462],
          [-129.82478, 39.47037],
          [-129.80074, 39.48666],
          [-129.77307, 39.49226],
          [-129.74539, 39.49786],
          [-129.72133, 39.51413],
          [-129.71012, 39.53922],
          [-129.71737, 39.56057],
          [-129.72462, 39.58193],
          [-129.75035, 39.59955],
          [-129.75762, 39.62089],
          [-129.76488, 39.64224],
          [-129.74443, 39.66918],
          [-129.7167, 39.67477]
        ]
      }
    },
    {
      "type": "Feature",
      "id": "2026101018_f054_10000_032",
      "properties": {
        "product_id": "winter_storm_levels",
        "source_id": "nbm_snow_level",
        "parameter": "snow_level",
        "definition": "height of the wet-bulb 0.5 degree C surface",
        "level_ft_msl": 10000,
        "label": "10,000 ft MSL",
        "unit": "ft_msl",
        "cycle_time_utc": "2026-10-10T18:00:00Z",
        "valid_time_utc": "2026-10-13T00:00:00Z",
        "lead_hours": 54,
        "segment": 32,
        "length_m": 57843.6
      },
      "geometry": {
        "type": "LineString",
        "coordinates": [
          [-130, 39.85847],
          [-129.99117, 39.87011],
          [-129.97073, 39.89704],
          [-129.95028, 39.92397],
          [-129.92982, 39.95089],
          [-129.90202, 39.9565],
          [-129.90934, 39.9778],
          [-129.88886, 40.00471],
          [-129.89618, 40.02601],
          [-129.9035, 40.04731],
          [-129.91083, 40.0686],
          [-129.91816, 40.08989],
          [-129.91992, 40.1123],
          [-129.92726, 40.13359],
          [-129.93459, 40.15487],
          [-129.94193, 40.17615],
          [-129.94788, 40.19771],
          [-129.95662, 40.2187],
          [-129.96954, 40.23885],
          [-129.98386, 40.25872],
          [-129.98983, 40.28027],
          [-129.99161, 40.30266],
          [-129.99897, 40.32392],
          [-130, 40.32689]
        ]
      }
    },
    {
      "type": "Feature",
      "id": "2026101018_f054_10000_033",
      "properties": {
        "product_id": "winter_storm_levels",
        "source_id": "nbm_snow_level",
        "parameter": "snow_level",
        "definition": "height of the wet-bulb 0.5 degree C surface",
        "level_ft_msl": 10000,
        "label": "10,000 ft MSL",
        "unit": "ft_msl",
        "cycle_time_utc": "2026-10-10T18:00:00Z",
        "valid_time_utc": "2026-10-13T00:00:00Z",
        "lead_hours": 54,
        "segment": 33,
        "length_m": 78388.7
      },
      "geometry": {
        "type": "LineString",
        "coordinates": [
          [-130, 41.12439],
          [-129.98508, 41.14369],
          [-129.9925, 41.16486],
          [-129.9718, 41.19161],
          [-129.97922, 41.21277],
          [-129.98665, 41.23393],
          [-129.96593, 41.26067],
          [-129.97336, 41.28183],
          [-129.98079, 41.30298],
          [-129.98822, 41.32413],
          [-129.96748, 41.35086],
          [-129.94674, 41.37758],
          [-129.95417, 41.39872],
          [-129.9616, 41.41986],
          [-129.95494, 41.44379],
          [-129.94828, 41.46771],
          [-129.95572, 41.48884],
          [-129.96316, 41.50997],
          [-129.94238, 41.53667],
          [-129.94982, 41.55779],
          [-129.95726, 41.57891],
          [-129.96471, 41.60003],
          [-129.97216, 41.62114],
          [-129.97962, 41.64226],
          [-129.97294, 41.66615],
          [-129.9804, 41.68726],
          [-129.97373, 41.71115],
          [-129.98119, 41.73225],
          [-129.98865, 41.75335],
          [-129.99612, 41.77445],
          [-130, 41.78541]
        ]
      }
    },
    {
      "type": "Feature",
      "id": "2026101018_f054_10000_034",
      "properties": {
        "product_id": "winter_storm_levels",
        "source_id": "nbm_snow_level",
        "parameter": "snow_level",
        "definition": "height of the wet-bulb 0.5 degree C surface",
        "level_ft_msl": 10000,
        "label": "10,000 ft MSL",
        "unit": "ft_msl",
        "cycle_time_utc": "2026-10-10T18:00:00Z",
        "valid_time_utc": "2026-10-13T00:00:00Z",
        "lead_hours": 54,
        "segment": 34,
        "length_m": 241577.4
      },
      "geometry": {
        "type": "LineString",
        "coordinates": [
          [-130, 42.41219],
          [-129.98634, 42.4295],
          [-129.98437, 42.45237],
          [-129.98239, 42.47522],
          [-129.97665, 42.48758],
          [-129.97092, 42.49993],
          [-129.96893, 42.52278],
          [-129.96319, 42.53513],
          [-129.95745, 42.54748],
          [-129.95547, 42.57032],
          [-129.94972, 42.58267],
          [-129.94635, 42.59455],
          [-129.94198, 42.61785],
          [-129.93999, 42.64068],
          [-129.93325, 42.66444],
          [-129.9265, 42.68819],
          [-129.9245, 42.71101],
          [-129.92013, 42.7343],
          [-129.91675, 42.74617],
          [-129.91099, 42.7585],
          [-129.90899, 42.78131],
          [-129.90699, 42.80413],
          [-129.90022, 42.82786],
          [-129.89345, 42.85158],
          [-129.88668, 42.8753],
          [-129.8799, 42.89902],
          [-129.87312, 42.92274],
          [-129.86634, 42.94645],
          [-129.85955, 42.97016],
          [-129.85276, 42.99386],
          [-129.84597, 43.01756],
          [-129.83918, 43.04126],
          [-129.83238, 43.06495],
          [-129.82557, 43.08864],
          [-129.81877, 43.11232],
          [-129.81196, 43.136],
          [-129.80515, 43.15968],
          [-129.79833, 43.18336],
          [-129.80587, 43.20428],
          [-129.79905, 43.22795],
          [-129.79223, 43.25161],
          [-129.7854, 43.27527],
          [-129.77858, 43.29893],
          [-129.77174, 43.32258],
          [-129.76491, 43.34623],
          [-129.75807, 43.36987],
          [-129.75123, 43.39351],
          [-129.74439, 43.41715],
          [-129.73754, 43.44078],
          [-129.7163, 43.46715],
          [-129.72383, 43.48804],
          [-129.70258, 43.51439],
          [-129.71012, 43.53527],
          [-129.68885, 43.56162],
          [-129.69638, 43.5825],
          [-129.68951, 43.60611],
          [-129.68264, 43.62971],
          [-129.69018, 43.65058],
          [-129.68331, 43.67417],
          [-129.67643, 43.69776],
          [-129.66954, 43.72135],
          [-129.66266, 43.74494],
          [-129.6702, 43.76579],
          [-129.64887, 43.79209],
          [-129.65642, 43.81294],
          [-129.63508, 43.83923],
          [-129.64262, 43.86008],
          [-129.63572, 43.88364],
          [-129.63846, 43.90538],
          [-129.63637, 43.92803],
          [-129.62946, 43.95158],
          [-129.62255, 43.97513],
          [-129.6301, 43.99596],
          [-129.62319, 44.0195],
          [-129.61627, 44.04303],
          [-129.60935, 44.06656],
          [-129.61691, 44.08738],
          [-129.60998, 44.1109],
          [-129.60305, 44.13442],
          [-129.59612, 44.15794],
          [-129.60369, 44.17874],
          [-129.59675, 44.20225],
          [-129.58981, 44.22576],
          [-129.57803, 44.25017],
          [-129.57214, 44.26237],
          [-129.56625, 44.27457],
          [-129.55446, 44.29897],
          [-129.5475, 44.32246],
          [-129.54054, 44.34594],
          [-129.53358, 44.36942],
          [-129.52283, 44.38252],
          [-129.51208, 44.39561],
          [-129.50511, 44.41908],
          [-129.48359, 44.44525],
          [-129.4766, 44.46871],
          [-129.46962, 44.49217],
          [-129.46317, 44.5]
        ]
      }
    },
    {
      "type": "Feature",
      "id": "2026101018_f054_11000_001",
      "properties": {
        "product_id": "winter_storm_levels",
        "source_id": "nbm_snow_level",
        "parameter": "snow_level",
        "definition": "height of the wet-bulb 0.5 degree C surface",
        "level_ft_msl": 11000,
        "label": "11,000 ft MSL",
        "unit": "ft_msl",
        "cycle_time_utc": "2026-10-10T18:00:00Z",
        "valid_time_utc": "2026-10-13T00:00:00Z",
        "lead_hours": 54,
        "segment": 1,
        "length_m": 23526.9
      },
      "geometry": {
        "type": "LineString",
        "coordinates": [
          [-112, 33.87118],
          [-112.02598, 33.86955],
          [-112.04117, 33.88842],
          [-112.05806, 33.90938],
          [-112.06192, 33.93172],
          [-112.06316, 33.93386],
          [-112.07433, 33.95315],
          [-112.06931, 33.97413],
          [-112.06897, 33.97644],
          [-112.04599, 34.00102],
          [-112.04473, 34.00172],
          [-112.02002, 34.01047],
          [-112, 34.01502]
        ]
      }
    },
    {
      "type": "Feature",
      "id": "2026101018_f054_11000_002",
      "properties": {
        "product_id": "winter_storm_levels",
        "source_id": "nbm_snow_level",
        "parameter": "snow_level",
        "definition": "height of the wet-bulb 0.5 degree C surface",
        "level_ft_msl": 11000,
        "label": "11,000 ft MSL",
        "unit": "ft_msl",
        "cycle_time_utc": "2026-10-10T18:00:00Z",
        "valid_time_utc": "2026-10-13T00:00:00Z",
        "lead_hours": 54,
        "segment": 2,
        "length_m": 1874.8
      },
      "geometry": {
        "type": "LineString",
        "coordinates": [
          [-112.0112, 33.4115],
          [-112, 33.3975]
        ]
      }
    },
    {
      "type": "Feature",
      "id": "2026101018_f054_11000_003",
      "properties": {
        "product_id": "winter_storm_levels",
        "source_id": "nbm_snow_level",
        "parameter": "snow_level",
        "definition": "height of the wet-bulb 0.5 degree C surface",
        "level_ft_msl": 11000,
        "label": "11,000 ft MSL",
        "unit": "ft_msl",
        "cycle_time_utc": "2026-10-10T18:00:00Z",
        "valid_time_utc": "2026-10-13T00:00:00Z",
        "lead_hours": 54,
        "segment": 3,
        "length_m": 20321.1
      },
      "geometry": {
        "type": "LineString",
        "coordinates": [
          [-112.0112, 33.4115],
          [-112.03822, 33.40979],
          [-112.0649, 33.40583],
          [-112.08599, 33.38311],
          [-112.08259, 33.3607],
          [-112.05743, 33.35653],
          [-112.02946, 33.35189],
          [-112.00611, 33.36877],
          [-112.00511, 33.37116],
          [-112, 33.38329]
        ]
      }
    },
    {
      "type": "Feature",
      "id": "2026101018_f054_11000_004",
      "properties": {
        "product_id": "winter_storm_levels",
        "source_id": "nbm_snow_level",
        "parameter": "snow_level",
        "definition": "height of the wet-bulb 0.5 degree C surface",
        "level_ft_msl": 11000,
        "label": "11,000 ft MSL",
        "unit": "ft_msl",
        "cycle_time_utc": "2026-10-10T18:00:00Z",
        "valid_time_utc": "2026-10-13T00:00:00Z",
        "lead_hours": 54,
        "segment": 4,
        "length_m": 2836.4
      },
      "geometry": {
        "type": "LineString",
        "coordinates": [
          [-112.02752, 33.69957],
          [-112, 33.68815]
        ]
      }
    },
    {
      "type": "Feature",
      "id": "2026101018_f054_11000_005",
      "properties": {
        "product_id": "winter_storm_levels",
        "source_id": "nbm_snow_level",
        "parameter": "snow_level",
        "definition": "height of the wet-bulb 0.5 degree C surface",
        "level_ft_msl": 11000,
        "label": "11,000 ft MSL",
        "unit": "ft_msl",
        "cycle_time_utc": "2026-10-10T18:00:00Z",
        "valid_time_utc": "2026-10-13T00:00:00Z",
        "lead_hours": 54,
        "segment": 5,
        "length_m": 77525.4
      },
      "geometry": {
        "type": "LineString",
        "coordinates": [
          [-112.02752, 33.69957],
          [-112.05443, 33.69674],
          [-112.08243, 33.70099],
          [-112.10917, 33.69704],
          [-112.11821, 33.67561],
          [-112.13112, 33.66173],
          [-112.13766, 33.6508],
          [-112.15409, 33.63313],
          [-112.16113, 33.62555],
          [-112.17816, 33.6118],
          [-112.20208, 33.59845],
          [-112.20331, 33.59756],
          [-112.22598, 33.57315],
          [-112.22653, 33.57081],
          [-112.2315, 33.5498],
          [-112.22807, 33.5274],
          [-112.21692, 33.5081],
          [-112.21389, 33.50615],
          [-112.18663, 33.48856],
          [-112.1836, 33.4866],
          [-112.18018, 33.4642],
          [-112.18252, 33.46167],
          [-112.19152, 33.44022],
          [-112.1881, 33.41782],
          [-112.18468, 33.39541],
          [-112.18126, 33.373],
          [-112.16611, 33.35412],
          [-112.13928, 33.35697],
          [-112.1182, 33.3797],
          [-112.11586, 33.38223],
          [-112.09476, 33.40495],
          [-112.09817, 33.42736],
          [-112.09582, 33.42989],
          [-112.07472, 33.45261],
          [-112.07237, 33.45513],
          [-112.04552, 33.45797],
          [-112.0244, 33.48068],
          [-112.02205, 33.4832],
          [-112.00092, 33.50591],
          [-112, 33.5069]
        ]
      }
    },
    {
      "type": "Feature",
      "id": "2026101018_f054_11000_006",
      "properties": {
        "product_id": "winter_storm_levels",
        "source_id": "nbm_snow_level",
        "parameter": "snow_level",
        "definition": "height of the wet-bulb 0.5 degree C surface",
        "level_ft_msl": 11000,
        "label": "11,000 ft MSL",
        "unit": "ft_msl",
        "cycle_time_utc": "2026-10-10T18:00:00Z",
        "valid_time_utc": "2026-10-13T00:00:00Z",
        "lead_hours": 54,
        "segment": 6,
        "length_m": 17096.5
      },
      "geometry": {
        "type": "LineString",
        "coordinates": [
          [-112.14184, 33.9108],
          [-112.11603, 33.90329],
          [-112.11299, 33.90133],
          [-112.09778, 33.88247],
          [-112.08108, 33.87172],
          [-112.05529, 33.8642],
          [-112.05242, 33.86336],
          [-112.02358, 33.84479],
          [-112.02189, 33.84269],
          [-112.00671, 33.82382],
          [-112, 33.81949]
        ]
      }
    },
    {
      "type": "Feature",
      "id": "2026101018_f054_11000_007",
      "properties": {
        "product_id": "winter_storm_levels",
        "source_id": "nbm_snow_level",
        "parameter": "snow_level",
        "definition": "height of the wet-bulb 0.5 degree C surface",
        "level_ft_msl": 11000,
        "label": "11,000 ft MSL",
        "unit": "ft_msl",
        "cycle_time_utc": "2026-10-10T18:00:00Z",
        "valid_time_utc": "2026-10-13T00:00:00Z",
        "lead_hours": 54,
        "segment": 7,
        "length_m": 39575.9
      },
      "geometry": {
        "type": "LineString",
        "coordinates": [
          [-112.14184, 33.9108],
          [-112.16943, 33.91206],
          [-112.19287, 33.89518],
          [-112.19404, 33.89391],
          [-112.20358, 33.8713],
          [-112.19543, 33.84942],
          [-112.18631, 33.84356],
          [-112.15714, 33.83187],
          [-112.15562, 33.83089],
          [-112.13872, 33.80993],
          [-112.1353, 33.78755],
          [-112.13188, 33.76516],
          [-112.14057, 33.74149],
          [-112.11327, 33.7239],
          [-112.08635, 33.72674],
          [-112.06034, 33.73555],
          [-112.03341, 33.73838],
          [-112.00649, 33.7412],
          [-112, 33.74379]
        ]
      }
    }
  ]
}

