{
  "type": "FeatureCollection",
  "contract_version": "1.0.0",
  "bbox": [-130, 30.0549, -112, 44.5],
  "features": [
    {
      "type": "Feature",
      "id": "2026091006_f072_07000_001",
      "properties": {
        "product_id": "winter_storm_levels",
        "source_id": "nbm_snow_level",
        "parameter": "snow_level",
        "definition": "height of the wet-bulb 0.5 degree C surface",
        "level_ft_msl": 7000,
        "label": "7,000 ft MSL",
        "unit": "ft_msl",
        "cycle_time_utc": "2026-09-10T06:00:00Z",
        "valid_time_utc": "2026-09-13T06:00:00Z",
        "lead_hours": 72,
        "segment": 1,
        "length_m": 164242.6
      },
      "geometry": {
        "type": "LineString",
        "coordinates": [
          [-129.01863, 42.25606],
          [-129.01492, 42.26069],
          [-128.99744, 42.28253],
          [-128.99374, 42.28717],
          [-128.96525, 42.29256],
          [-128.93676, 42.29795],
          [-128.91926, 42.31978],
          [-128.91555, 42.32441],
          [-128.88705, 42.32979],
          [-128.85854, 42.33517],
          [-128.83004, 42.34054],
          [-128.80153, 42.34591],
          [-128.77301, 42.35127],
          [-128.7445, 42.35663],
          [-128.71598, 42.36198],
          [-128.68745, 42.36733],
          [-128.65893, 42.37268],
          [-128.6304, 42.37802],
          [-128.61282, 42.39981],
          [-128.60909, 42.40443],
          [-128.58055, 42.40976],
          [-128.55201, 42.41509],
          [-128.52346, 42.42041],
          [-128.49491, 42.42573],
          [-128.46636, 42.43104],
          [-128.4378, 42.43635],
          [-128.43155, 42.43359],
          [-128.40206, 42.42057],
          [-128.37351, 42.42587],
          [-128.36725, 42.42311],
          [-128.36008, 42.40203],
          [-128.33061, 42.389],
          [-128.32437, 42.38624],
          [-128.29491, 42.3732],
          [-128.28866, 42.37044],
          [-128.28151, 42.34935],
          [-128.25207, 42.3363],
          [-128.24582, 42.33353],
          [-128.23868, 42.31244],
          [-128.24243, 42.30782],
          [-128.26007, 42.28605],
          [-128.26381, 42.28144],
          [-128.29233, 42.27615],
          [-128.30996, 42.25438],
          [-128.3137, 42.24976],
          [-128.34221, 42.24446],
          [-128.35982, 42.22268],
          [-128.36355, 42.21806],
          [-128.39205, 42.21275],
          [-128.42054, 42.20745],
          [-128.44904, 42.20213],
          [-128.47752, 42.19682],
          [-128.50601, 42.19149],
          [-128.53449, 42.18617],
          [-128.56297, 42.18083],
          [-128.59145, 42.1755],
          [-128.60899, 42.15368],
          [-128.61271, 42.14905],
          [-128.64118, 42.14371],
          [-128.66964, 42.13836],
          [-128.6981, 42.13301],
          [-128.72655, 42.12765],
          [-128.755, 42.12229],
          [-128.78345, 42.11692],
          [-128.8119, 42.11155],
          [-128.84034, 42.10617],
          [-128.86878, 42.10079],
          [-128.89722, 42.0954],
          [-128.90347, 42.09815],
          [-128.93292, 42.11111],
          [-128.96136, 42.10571],
          [-128.96761, 42.10846],
          [-128.97489, 42.12955],
          [-128.98217, 42.15065],
          [-128.98945, 42.17173],
          [-128.99674, 42.19282],
          [-129.00403, 42.2139],
          [-129.01133, 42.23498],
          [-129.01863, 42.25606]
        ]
      }
    },
    {
      "type": "Feature",
      "id": "2026091006_f072_07000_002",
      "properties": {
        "product_id": "winter_storm_levels",
        "source_id": "nbm_snow_level",
        "parameter": "snow_level",
        "definition": "height of the wet-bulb 0.5 degree C surface",
        "level_ft_msl": 7000,
        "label": "7,000 ft MSL",
        "unit": "ft_msl",
        "cycle_time_utc": "2026-09-10T06:00:00Z",
        "valid_time_utc": "2026-09-13T06:00:00Z",
        "lead_hours": 72,
        "segment": 2,
        "length_m": 1552930.4
      },
      "geometry": {
        "type": "LineString",
        "coordinates": [
          [-130, 40.98611],
          [-129.99065, 40.98797],
          [-129.96258, 40.99356],
          [-129.93451, 40.99914],
          [-129.90643, 41.00473],
          [-129.87836, 41.0103],
          [-129.85027, 41.01588],
          [-129.82219, 41.02144],
          [-129.8051, 41.04352],
          [-129.80147, 41.0482],
          [-129.77338, 41.05376],
          [-129.75627, 41.07582],
          [-129.75264, 41.0805],
          [-129.72454, 41.08605],
          [-129.70741, 41.1081],
          [-129.71478, 41.12929],
          [-129.71114, 41.13396],
          [-129.69401, 41.15601],
          [-129.69038, 41.16069],
          [-129.67323, 41.18273],
          [-129.6696, 41.18741],
          [-129.64146, 41.19294],
          [-129.6243, 41.21497],
          [-129.62066, 41.21965],
          [-129.59251, 41.22517],
          [-129.57533, 41.2472],
          [-129.57169, 41.25187],
          [-129.54352, 41.25739],
          [-129.51536, 41.2629],
          [-129.48718, 41.26841],
          [-129.45901, 41.27391],
          [-129.43083, 41.27941],
          [-129.40265, 41.28491],
          [-129.37447, 41.2904],
          [-129.34628, 41.29588],
          [-129.31809, 41.30136],
          [-129.2899, 41.30684],
          [-129.26171, 41.31231],
          [-129.23351, 41.31778],
          [-129.20531, 41.32324],
          [-129.1771, 41.3287],
          [-129.14889, 41.33415],
          [-129.12068, 41.3396],
          [-129.09247, 41.34504],
          [-129.06425, 41.35048],
          [-129.05805, 41.34773],
          [-129.0288, 41.33473],
          [-129.00058, 41.34016],
          [-128.97236, 41.34559],
          [-128.94414, 41.35101],
          [-128.91591, 41.35642],
          [-128.88768, 41.36184],
          [-128.85945, 41.36724],
          [-128.83121, 41.37265],
          [-128.80298, 41.37804],
          [-128.79677, 41.37528],
          [-128.76755, 41.36225],
          [-128.73931, 41.36763],
          [-128.71107, 41.37302],
          [-128.68283, 41.3784],
          [-128.65458, 41.38377],
          [-128.62633, 41.38914],
          [-128.59807, 41.39451],
          [-128.58066, 41.41642],
          [-128.57696, 41.42106],
          [-128.5487, 41.42642],
          [-128.52043, 41.43177],
          [-128.49216, 41.43712],
          [-128.46388, 41.44246],
          [-128.43561, 41.4478],
          [-128.41815, 41.46969],
          [-128.41444, 41.47433],
          [-128.38615, 41.47966],
          [-128.35786, 41.48499],
          [-128.32957, 41.49031],
          [-128.30127, 41.49562],
          [-128.27297, 41.50093],
          [-128.24467, 41.50624],
          [-128.21636, 41.51154],
          [-128.18805, 41.51684],
          [-128.15974, 41.52213],
          [-128.13142, 41.52742],
          [-128.10311, 41.53271],
          [-128.07478, 41.53799],
          [-128.06859, 41.5352],
          [-128.03942, 41.52206],
          [-128.0111, 41.52733],
          [-128.00491, 41.52454],
          [-127.97574, 41.51139],
          [-127.96956, 41.5086],
          [-127.9404, 41.49544],
          [-127.93422, 41.49265],
          [-127.9272, 41.47144],
          [-127.89806, 41.45827],
          [-127.89188, 41.45547],
          [-127.86275, 41.4423],
          [-127.85657, 41.4395],
          [-127.84957, 41.41828],
          [-127.82046, 41.4051],
          [-127.81428, 41.4023],
          [-127.8073, 41.38107],
          [-127.80032, 41.35984],
          [-127.79334, 41.33861],
          [-127.78636, 41.31737],
          [-127.77939, 41.29614],
          [-127.77242, 41.27489],
          [-127.76545, 41.25365],
          [-127.75849, 41.2324],
          [-127.75153, 41.21115],
          [-127.72248, 41.19794],
          [-127.71632, 41.19514],
          [-127.70937, 41.17388],
          [-127.70243, 41.15262],
          [-127.67341, 41.1394],
          [-127.66725, 41.13659],
          [-127.63824, 41.12335],
          [-127.63209, 41.12055],
          [-127.60309, 41.10731],
          [-127.57486, 41.11252],
          [-127.56871, 41.10971],
          [-127.53972, 41.09646],
          [-127.51149, 41.10166],
          [-127.50534, 41.09885],
          [-127.47636, 41.08559],
          [-127.47021, 41.08277],
          [-127.46332, 41.06149],
          [-127.43436, 41.04822],
          [-127.42822, 41.04541],
          [-127.42134, 41.02412],
          [-127.39239, 41.01084],
          [-127.38625, 41.00802],
          [-127.37938, 40.98673],
          [-127.37251, 40.96544],
          [-127.36565, 40.94414],
          [-127.35879, 40.92285],
          [-127.35193, 40.90155],
          [-127.34508, 40.88024],
          [-127.34881, 40.87561],
          [-127.3664, 40.85375],
          [-127.35954, 40.83245],
          [-127.36327, 40.82781],
          [-127.38085, 40.80595],
          [-127.37399, 40.78463],
          [-127.37772, 40.78],
          [-127.39529, 40.75813],
          [-127.39901, 40.75349],
          [-127.41657, 40.73162],
          [-127.42029, 40.72698],
          [-127.43784, 40.7051],
          [-127.44156, 40.70046],
          [-127.46968, 40.69525],
          [-127.48721, 40.67336],
          [-127.49093, 40.66872],
          [-127.51904, 40.66351],
          [-127.54715, 40.65829],
          [-127.57525, 40.65307],
          [-127.60335, 40.64784],
          [-127.62085, 40.62594],
          [-127.62456, 40.62129],
          [-127.64204, 40.59938],
          [-127.64575, 40.59473],
          [-127.67384, 40.58949],
          [-127.6913, 40.56757],
          [-127.69501, 40.56292],
          [-127.71247, 40.541],
          [-127.71617, 40.53635],
          [-127.73362, 40.51442],
          [-127.73732, 40.50977],
          [-127.75477, 40.48783],
          [-127.74786, 40.4665],
          [-127.74095, 40.44516],
          [-127.71212, 40.43189],
          [-127.68409, 40.43714],
          [-127.67797, 40.43432],
          [-127.64916, 40.42104],
          [-127.64305, 40.41822],
          [-127.61424, 40.40494],
          [-127.58621, 40.41017],
          [-127.5801, 40.40735],
          [-127.5513, 40.39405],
          [-127.54519, 40.39123],
          [-127.53833, 40.36988],
          [-127.54204, 40.36522],
          [-127.5595, 40.34329],
          [-127.55264, 40.32193],
          [-127.54578, 40.30057],
          [-127.53893, 40.27921],
          [-127.53207, 40.25785],
          [-127.52522, 40.23648],
          [-127.49648, 40.22316],
          [-127.47903, 40.2451],
          [-127.47533, 40.24975],
          [-127.44733, 40.25497],
          [-127.42986, 40.2769],
          [-127.42615, 40.28155],
          [-127.39814, 40.28676],
          [-127.37013, 40.29196],
          [-127.35264, 40.31388],
          [-127.34893, 40.31853],
          [-127.3209, 40.32372],
          [-127.29287, 40.32891],
          [-127.27536, 40.35082],
          [-127.27164, 40.35547],
          [-127.2436, 40.36065],
          [-127.21556, 40.36583],
          [-127.19802, 40.38772],
          [-127.1943, 40.39237],
          [-127.16625, 40.39754],
          [-127.1487, 40.41942],
          [-127.14497, 40.42406],
          [-127.12741, 40.44595],
          [-127.12369, 40.45059],
          [-127.10612, 40.47246],
          [-127.10239, 40.4771],
          [-127.07431, 40.48226],
          [-127.05672, 40.50412],
          [-127.05299, 40.50876],
          [-127.0249, 40.51391],
          [-127.0073, 40.53577],
          [-127.00356, 40.5404],
          [-126.98595, 40.56226],
          [-126.98221, 40.56689],
          [-126.9541, 40.57202],
          [-126.93648, 40.59387],
          [-126.93274, 40.5985],
          [-126.90461, 40.60362],
          [-126.88697, 40.62546],
          [-126.88323, 40.63009],
          [-126.85509, 40.63521],
          [-126.83743, 40.65704],
          [-126.83369, 40.66167],
          [-126.81602, 40.68349],
          [-126.81227, 40.68812],
          [-126.78412, 40.69322],
          [-126.76644, 40.71503],
          [-126.76268, 40.71966],
          [-126.74499, 40.74147],
          [-126.74124, 40.7461],
          [-126.72353, 40.7679],
          [-126.71978, 40.77253],
          [-126.6916, 40.77761],
          [-126.67388, 40.79941],
          [-126.67012, 40.80403],
          [-126.64193, 40.80911],
          [-126.62419, 40.83089],
          [-126.62043, 40.83551],
          [-126.60269, 40.8573],
          [-126.59892, 40.86192],
          [-126.57071, 40.86698],
          [-126.55295, 40.88875],
          [-126.54919, 40.89337],
          [-126.52096, 40.89843],
          [-126.49274, 40.90347],
          [-126.47496, 40.92524],
          [-126.47118, 40.92985],
          [-126.44295, 40.93489],
          [-126.41471, 40.93993],
          [-126.3969, 40.96168],
          [-126.39313, 40.96629],
          [-126.36488, 40.97132],
          [-126.33662, 40.97634],
          [-126.30837, 40.98136],
          [-126.28011, 40.98637],
          [-126.25185, 40.99138],
          [-126.22358, 40.99639],
          [-126.19532, 41.00139],
          [-126.17745, 41.02311],
          [-126.17366, 41.02771],
          [-126.14539, 41.0327],
          [-126.12751, 41.05442],
          [-126.12371, 41.05902],
          [-126.09543, 41.064],
          [-126.06713, 41.06898],
          [-126.04923, 41.09068],
          [-126.04543, 41.09529],
          [-126.01713, 41.10025],
          [-125.98883, 41.10522],
          [-125.96052, 41.11018],
          [-125.93221, 41.11513],
          [-125.90389, 41.12008],
          [-125.87558, 41.12503],
          [-125.84726, 41.12997],
          [-125.8293, 41.15164],
          [-125.82549, 41.15624],
          [-125.79716, 41.16117],
          [-125.76882, 41.1661],
          [-125.75084, 41.18776],
          [-125.74703, 41.19235],
          [-125.71868, 41.19727],
          [-125.70068, 41.21892],
          [-125.69687, 41.22352],
          [-125.66851, 41.22843],
          [-125.6505, 41.25007],
          [-125.64667, 41.25466],
          [-125.61831, 41.25956],
          [-125.60028, 41.28119],
          [-125.59645, 41.28578],
          [-125.57841, 41.30741],
          [-125.58493, 41.32873],
          [-125.5811, 41.33332],
          [-125.55271, 41.33821],
          [-125.53465, 41.35982],
          [-125.53082, 41.36441],
          [-125.50242, 41.36929],
          [-125.47401, 41.37416],
          [-125.4456, 41.37904],
          [-125.41719, 41.3839],
          [-125.38878, 41.38877],
          [-125.36036, 41.39362],
          [-125.35426, 41.39074],
          [-125.32548, 41.37716],
          [-125.31937, 41.37427],
          [-125.31291, 41.35295],
          [-125.30645, 41.33162],
          [-125.3103, 41.32704],
          [-125.32839, 41.30544],
          [-125.32194, 41.28411],
          [-125.31548, 41.26278],
          [-125.30903, 41.24144],
          [-125.30258, 41.2201],
          [-125.29613, 41.19876],
          [-125.28968, 41.17741],
          [-125.29352, 41.17283],
          [-125.31159, 41.15122],
          [-125.31543, 41.14663],
          [-125.33349, 41.12501],
          [-125.33733, 41.12042],
          [-125.35538, 41.0988],
          [-125.35921, 41.09421],
          [-125.37726, 41.07258],
          [-125.37081, 41.05122],
          [-125.37463, 41.04663],
          [-125.39267, 41.02499],
          [-125.38621, 41.00363],
          [-125.39004, 40.99904],
          [-125.40806, 40.9774],
          [-125.41189, 40.9728],
          [-125.4299, 40.95115],
          [-125.42344, 40.92978],
          [-125.42726, 40.92519],
          [-125.44527, 40.90353],
          [-125.44909, 40.89894],
          [-125.46708, 40.87728],
          [-125.4709, 40.87268],
          [-125.48888, 40.85101],
          [-125.48242, 40.82963],
          [-125.48623, 40.82504],
          [-125.50421, 40.80336],
          [-125.49774, 40.78198],
          [-125.50155, 40.77738],
          [-125.51952, 40.7557],
          [-125.51305, 40.73431],
          [-125.50659, 40.71292],
          [-125.50013, 40.69153],
          [-125.50394, 40.68692],
          [-125.52189, 40.66523],
          [-125.51543, 40.64383],
          [-125.50897, 40.62243],
          [-125.50252, 40.60103],
          [-125.49607, 40.57962],
          [-125.4675, 40.566],
          [-125.46144, 40.56311],
          [-125.455, 40.5417],
          [-125.42644, 40.52807],
          [-125.42039, 40.52517],
          [-125.41396, 40.50376],
          [-125.38542, 40.49012],
          [-125.37937, 40.48722],
          [-125.37295, 40.4658],
          [-125.34443, 40.45215],
          [-125.33838, 40.44925],
          [-125.30986, 40.43559],
          [-125.30382, 40.4327],
          [-125.27531, 40.41903],
          [-125.26927, 40.41613],
          [-125.24077, 40.40246],
          [-125.23473, 40.39956],
          [-125.20624, 40.38589],
          [-125.2002, 40.38298],
          [-125.17172, 40.3693],
          [-125.16569, 40.3664],
          [-125.13722, 40.35271],
          [-125.13118, 40.3498],
          [-125.10272, 40.3361],
          [-125.09669, 40.3332],
          [-125.06824, 40.31949],
          [-125.0622, 40.31659],
          [-125.03376, 40.30287],
          [-125.02773, 40.29997],
          [-124.9993, 40.28625],
          [-124.97117, 40.29107],
          [-124.96514, 40.28816],
          [-124.93672, 40.27443],
          [-124.90859, 40.27925],
          [-124.90256, 40.27633],
          [-124.87416, 40.2626],
          [-124.84603, 40.2674],
          [-124.84, 40.26449],
          [-124.8116, 40.25074],
          [-124.80558, 40.24782],
          [-124.77719, 40.23406],
          [-124.74907, 40.23885],
          [-124.74305, 40.23593],
          [-124.71467, 40.22217],
          [-124.68655, 40.22695],
          [-124.68053, 40.22402],
          [-124.65216, 40.21025],
          [-124.64615, 40.20732],
          [-124.61779, 40.19354],
          [-124.61178, 40.19061],
          [-124.58343, 40.17682],
          [-124.57742, 40.1739],
          [-124.54909, 40.1601],
          [-124.54308, 40.15717],
          [-124.53685, 40.13568],
          [-124.50853, 40.12187],
          [-124.50252, 40.11894],
          [-124.49631, 40.09745],
          [-124.4901, 40.07595],
          [-124.48389, 40.05445],
          [-124.47769, 40.03295],
          [-124.47148, 40.01144],
          [-124.46528, 39.98994],
          [-124.45908, 39.96843],
          [-124.45289, 39.94691],
          [-124.4467, 39.9254],
          [-124.41844, 39.91156],
          [-124.41245, 39.90863],
          [-124.40627, 39.88711],
          [-124.4101, 39.88251],
          [-124.42813, 39.86084],
          [-124.42195, 39.83931],
          [-124.41577, 39.81778],
          [-124.40959, 39.79625],
          [-124.40342, 39.77472],
          [-124.37521, 39.76087],
          [-124.34719, 39.76561],
          [-124.31917, 39.77034],
          [-124.29115, 39.77507],
          [-124.26313, 39.77979],
          [-124.24507, 39.80146],
          [-124.24124, 39.80605],
          [-124.2132, 39.81077],
          [-124.19513, 39.83242],
          [-124.1913, 39.83702],
          [-124.16325, 39.84172],
          [-124.1352, 39.84643],
          [-124.10715, 39.85113],
          [-124.08905, 39.87276],
          [-124.08521, 39.87735],
          [-124.0671, 39.89899],
          [-124.06326, 39.90358],
          [-124.04514, 39.92521],
          [-124.0413, 39.92979],
          [-124.02317, 39.95142],
          [-124.02928, 39.97295],
          [-124.02543, 39.97753],
          [-124.00729, 39.99915],
          [-124.00344, 40.00373],
          [-123.98529, 40.02535],
          [-123.98144, 40.02993],
          [-123.96328, 40.05154],
          [-123.95943, 40.05612],
          [-123.94126, 40.07772],
          [-123.93741, 40.08231],
          [-123.90929, 40.08697],
          [-123.8911, 40.10856],
          [-123.88725, 40.11314],
          [-123.85911, 40.11779],
          [-123.84091, 40.13938],
          [-123.83705, 40.14396],
          [-123.80891, 40.1486],
          [-123.79069, 40.17018],
          [-123.78683, 40.17475],
          [-123.7686, 40.19633],
          [-123.76474, 40.2009],
          [-123.73657, 40.20553],
          [-123.71833, 40.22709],
          [-123.71446, 40.23167],
          [-123.69621, 40.25323],
          [-123.69234, 40.2578],
          [-123.67408, 40.27935],
          [-123.67021, 40.28392],
          [-123.65194, 40.30547],
          [-123.64807, 40.31004],
          [-123.62979, 40.33158],
          [-123.62591, 40.33615],
          [-123.60763, 40.35769],
          [-123.60375, 40.36226],
          [-123.58545, 40.38379],
          [-123.59149, 40.40528],
          [-123.58761, 40.40985],
          [-123.5693, 40.43138],
          [-123.57534, 40.45287],
          [-123.57146, 40.45743],
          [-123.55314, 40.47895],
          [-123.55918, 40.50043],
          [-123.55529, 40.505],
          [-123.53696, 40.52651],
          [-123.53307, 40.53107],
          [-123.51473, 40.55258],
          [-123.51084, 40.55714],
          [-123.49249, 40.57864],
          [-123.4886, 40.5832],
          [-123.46032, 40.58778],
          [-123.44196, 40.60927],
          [-123.43806, 40.61383],
          [-123.41968, 40.63531],
          [-123.41579, 40.63987],
          [-123.3974, 40.66135],
          [-123.3935, 40.66591],
          [-123.37511, 40.68739],
          [-123.38112, 40.70885],
          [-123.37722, 40.71341],
          [-123.35882, 40.73488],
          [-123.35491, 40.73943],
          [-123.3365, 40.7609],
          [-123.34251, 40.78236],
          [-123.3386, 40.78691],
          [-123.32017, 40.80837],
          [-123.32619, 40.82982],
          [-123.3322, 40.85127],
          [-123.32829, 40.85582],
          [-123.30985, 40.87727],
          [-123.31586, 40.89872],
          [-123.32188, 40.92017],
          [-123.32789, 40.94161],
          [-123.32398, 40.94616],
          [-123.30552, 40.96759],
          [-123.31154, 40.98903],
          [-123.30762, 40.99358],
          [-123.28915, 41.01501],
          [-123.29517, 41.03644],
          [-123.29125, 41.04099],
          [-123.27277, 41.06241],
          [-123.27878, 41.08384],
          [-123.27486, 41.08838],
          [-123.25637, 41.1098],
          [-123.25244, 41.11434],
          [-123.23394, 41.13575],
          [-123.23001, 41.14029],
          [-123.2115, 41.1617],
          [-123.21751, 41.18311],
          [-123.21358, 41.18765],
          [-123.19506, 41.20905],
          [-123.19113, 41.21359],
          [-123.17259, 41.23498],
          [-123.1786, 41.25639],
          [-123.17466, 41.26093],
          [-123.15612, 41.28232],
          [-123.16212, 41.30372],
          [-123.15819, 41.30826],
          [-123.13963, 41.32964],
          [-123.13569, 41.33417],
          [-123.11712, 41.35554],
          [-123.11318, 41.36007],
          [-123.08467, 41.36457],
          [-123.05616, 41.36907],
          [-123.03756, 41.39043],
          [-123.03362, 41.39496],
          [-123.00509, 41.39945],
          [-122.98649, 41.4208],
          [-122.98254, 41.42533],
          [-122.954, 41.4298],
          [-122.93538, 41.45115],
          [-122.93143, 41.45567],
          [-122.90288, 41.46014],
          [-122.88424, 41.48148],
          [-122.88029, 41.486],
          [-122.86164, 41.50733],
          [-122.86759, 41.52872],
          [-122.86363, 41.53324],
          [-122.84497, 41.55456],
          [-122.84101, 41.55908],
          [-122.82234, 41.5804],
          [-122.81838, 41.58492],
          [-122.7997, 41.60623],
          [-122.79574, 41.61075],
          [-122.77705, 41.63206],
          [-122.77308, 41.63657],
          [-122.75438, 41.65787],
          [-122.75042, 41.66239],
          [-122.73171, 41.68368],
          [-122.72774, 41.6882],
          [-122.70902, 41.70949],
          [-122.70505, 41.714],
          [-122.68632, 41.73529],
          [-122.68235, 41.7398],
          [-122.66361, 41.76108],
          [-122.66954, 41.78244],
          [-122.66556, 41.78696],
          [-122.64681, 41.80822],
          [-122.65274, 41.82958],
          [-122.64876, 41.8341],
          [-122.63, 41.85536],
          [-122.63592, 41.87671],
          [-122.63194, 41.88122],
          [-122.61317, 41.90248],
          [-122.61909, 41.92383],
          [-122.61511, 41.92833],
          [-122.59632, 41.94958],
          [-122.60225, 41.97093],
          [-122.59826, 41.97543],
          [-122.56955, 41.97983],
          [-122.55075, 42.00107],
          [-122.54676, 42.00558],
          [-122.52794, 42.02681],
          [-122.52395, 42.03131],
          [-122.49522, 42.0357],
          [-122.47639, 42.05692],
          [-122.47239, 42.06142],
          [-122.45355, 42.08264],
          [-122.44955, 42.08714],
          [-122.42081, 42.09152],
          [-122.40195, 42.11272],
          [-122.39795, 42.11722],
          [-122.37908, 42.13842],
          [-122.37508, 42.14292],
          [-122.3562, 42.16412],
          [-122.35219, 42.16861],
          [-122.33331, 42.1898],
          [-122.3293, 42.1943],
          [-122.3104, 42.21548],
          [-122.31628, 42.2368],
          [-122.31227, 42.24129],
          [-122.29336, 42.26247],
          [-122.28935, 42.26696],
          [-122.27043, 42.28814],
          [-122.26642, 42.29263],
          [-122.2376, 42.29697],
          [-122.21867, 42.31813],
          [-122.21465, 42.32262],
          [-122.18583, 42.32695],
          [-122.16687, 42.34811],
          [-122.16285, 42.35259],
          [-122.13402, 42.35692],
          [-122.11505, 42.37806],
          [-122.11102, 42.38255],
          [-122.09204, 42.40369],
          [-122.08802, 42.40817],
          [-122.06903, 42.4293],
          [-122.065, 42.43379],
          [-122.03614, 42.43809],
          [-122.01713, 42.45922],
          [-122.0131, 42.4637],
          [-121.99409, 42.48482],
          [-121.99005, 42.4893],
          [-121.96117, 42.49359],
          [-121.94214, 42.5147],
          [-121.9381, 42.51918],
          [-121.91906, 42.54028],
          [-121.91502, 42.54476],
          [-121.88612, 42.54904],
          [-121.86706, 42.57013],
          [-121.86302, 42.57461],
          [-121.84395, 42.5957],
          [-121.8399, 42.60017],
          [-121.82083, 42.62125],
          [-121.81678, 42.62572],
          [-121.78785, 42.62999],
          [-121.76875, 42.65106],
          [-121.7647, 42.65553],
          [-121.7456, 42.6766],
          [-121.74155, 42.68107],
          [-121.72243, 42.70213],
          [-121.71838, 42.7066],
          [-121.69925, 42.72766],
          [-121.70503, 42.74893],
          [-121.70098, 42.7534],
          [-121.68184, 42.77445],
          [-121.67778, 42.77891],
          [-121.65863, 42.79995],
          [-121.66441, 42.82122],
          [-121.66035, 42.82568],
          [-121.64119, 42.84672],
          [-121.63712, 42.85118],
          [-121.61796, 42.87221],
          [-121.62373, 42.89347],
          [-121.61966, 42.89793],
          [-121.60048, 42.91895],
          [-121.59641, 42.92341],
          [-121.57722, 42.94443],
          [-121.58298, 42.96568],
          [-121.58875, 42.98692],
          [-121.59452, 43.00817],
          [-121.59045, 43.01263],
          [-121.57124, 43.03363],
          [-121.57701, 43.05487],
          [-121.58279, 43.0761],
          [-121.57871, 43.08056],
          [-121.55948, 43.10155],
          [-121.5554, 43.10601],
          [-121.53617, 43.12699],
          [-121.54194, 43.14822],
          [-121.53786, 43.15267],
          [-121.51861, 43.17365],
          [-121.52438, 43.19487],
          [-121.52029, 43.19932],
          [-121.50103, 43.2203],
          [-121.5068, 43.24151],
          [-121.50271, 43.24596],
          [-121.48344, 43.26693],
          [-121.47935, 43.27137],
          [-121.46006, 43.29233],
          [-121.45597, 43.29678],
          [-121.43668, 43.31773],
          [-121.43259, 43.32217],
          [-121.40344, 43.32636],
          [-121.38413, 43.3473],
          [-121.38003, 43.35174],
          [-121.36071, 43.37268],
          [-121.35661, 43.37712],
          [-121.32744, 43.3813],
          [-121.3081, 43.40222],
          [-121.304, 43.40666],
          [-121.28465, 43.42759],
          [-121.28055, 43.43202],
          [-121.26119, 43.45294],
          [-121.25708, 43.45738],
          [-121.23772, 43.47829],
          [-121.23361, 43.48272],
          [-121.21423, 43.50363],
          [-121.21012, 43.50806],
          [-121.19073, 43.52896],
          [-121.19645, 43.55015],
          [-121.19234, 43.55458],
          [-121.17294, 43.57547],
          [-121.16882, 43.5799],
          [-121.14941, 43.60079],
          [-121.14529, 43.60522],
          [-121.12587, 43.6261],
          [-121.12175, 43.63053],
          [-121.10232, 43.6514],
          [-121.0982, 43.65583],
          [-121.07876, 43.67669],
          [-121.08446, 43.69786],
          [-121.08034, 43.70229],
          [-121.06088, 43.72315],
          [-121.06658, 43.74431],
          [-121.06246, 43.74873],
          [-121.04299, 43.76958],
          [-121.04869, 43.79074],
          [-121.05439, 43.81189],
          [-121.0601, 43.83304],
          [-121.05596, 43.83746],
          [-121.03648, 43.8583],
          [-121.04218, 43.87945],
          [-121.04789, 43.90059],
          [-121.0536, 43.92172],
          [-121.04946, 43.92614],
          [-121.02996, 43.94697],
          [-121.03566, 43.9681],
          [-121.03152, 43.97252],
          [-121.01201, 43.99334],
          [-121.00787, 43.99775],
          [-120.98834, 44.01856],
          [-120.9842, 44.02298],
          [-120.96466, 44.04378],
          [-120.96051, 44.0482],
          [-120.94097, 44.069],
          [-120.94666, 44.09011],
          [-120.94251, 44.09453],
          [-120.92295, 44.11532],
          [-120.92865, 44.13643],
          [-120.92449, 44.14084],
          [-120.90492, 44.16162],
          [-120.91061, 44.18273],
          [-120.91631, 44.20383],
          [-120.92201, 44.22493],
          [-120.91785, 44.22933],
          [-120.89826, 44.25011],
          [-120.90395, 44.2712],
          [-120.90965, 44.29229],
          [-120.91535, 44.31338],
          [-120.92106, 44.33446],
          [-120.9169, 44.33886],
          [-120.89728, 44.35962],
          [-120.90299, 44.38069],
          [-120.89882, 44.3851],
          [-120.87919, 44.40584],
          [-120.8849, 44.42691],
          [-120.88073, 44.43131],
          [-120.86109, 44.45205],
          [-120.86679, 44.47312],
          [-120.86262, 44.47752],
          [-120.84297, 44.49825],
          [-120.84344, 44.5]
        ]
      }
    },
    {
      "type": "Feature",
      "id": "2026091006_f072_08000_001",
      "properties": {
        "product_id": "winter_storm_levels",
        "source_id": "nbm_snow_level",
        "parameter": "snow_level",
        "definition": "height of the wet-bulb 0.5 degree C surface",
        "level_ft_msl": 8000,
        "label": "8,000 ft MSL",
        "unit": "ft_msl",
        "cycle_time_utc": "2026-09-10T06:00:00Z",
        "valid_time_utc": "2026-09-13T06:00:00Z",
        "lead_hours": 72,
        "segment": 1,
        "length_m": 1540476.6
      },
      "geometry": {
        "type": "LineString",
        "coordinates": [
          [-130, 37.80959],
          [-129.99828, 37.8088],
          [-129.9957, 37.80761],
          [-129.96387, 37.79296],
          [-129.96129, 37.79178],
          [-129.92947, 37.77712],
          [-129.90224, 37.78279],
          [-129.89966, 37.7816],
          [-129.86785, 37.76693],
          [-129.86527, 37.76574],
          [-129.83678, 37.76102],
          [-129.80625, 37.75672],
          [-129.80367, 37.75553],
          [-129.77188, 37.74084],
          [-129.7693, 37.73965],
          [-129.73752, 37.72496],
          [-129.73494, 37.72376],
          [-129.70317, 37.70906],
          [-129.7006, 37.70787],
          [-129.66884, 37.69316],
          [-129.66626, 37.69197],
          [-129.63451, 37.67725],
          [-129.63193, 37.67606],
          [-129.60348, 37.6713],
          [-129.57271, 37.66614],
          [-129.57143, 37.66555],
          [-129.53841, 37.65021],
          [-129.53712, 37.64961],
          [-129.50411, 37.63427],
          [-129.50283, 37.63368],
          [-129.46983, 37.61833],
          [-129.46753, 37.61794],
          [-129.43909, 37.61315],
          [-129.40835, 37.60797],
          [-129.38105, 37.61329],
          [-129.37883, 37.61317],
          [-129.35149, 37.61168],
          [-129.32319, 37.61394],
          [-129.29471, 37.61565],
          [-129.26515, 37.61404],
          [-129.26294, 37.61392],
          [-129.23559, 37.61242],
          [-129.20837, 37.61798],
          [-129.18007, 37.62021],
          [-129.15159, 37.6219],
          [-129.12212, 37.62053],
          [-129.0948, 37.6258],
          [-129.09258, 37.62568],
          [-129.06524, 37.62415],
          [-129.03693, 37.62636],
          [-129.0097, 37.63189],
          [-128.98121, 37.63355],
          [-128.95174, 37.63215],
          [-128.9245, 37.63766],
          [-128.92219, 37.63727],
          [-128.89378, 37.63239],
          [-128.86653, 37.6379],
          [-128.83582, 37.63261],
          [-128.80857, 37.63811],
          [-128.80627, 37.63771],
          [-128.77785, 37.63281],
          [-128.74714, 37.62751],
          [-128.71989, 37.63299],
          [-128.71759, 37.6326],
          [-128.68918, 37.62768],
          [-128.65874, 37.62317],
          [-128.63123, 37.62783],
          [-128.62892, 37.62743],
          [-128.60052, 37.6225],
          [-128.57008, 37.61798],
          [-128.54257, 37.62263],
          [-128.54026, 37.62223],
          [-128.51187, 37.61728],
          [-128.48461, 37.62273],
          [-128.45735, 37.62817],
          [-128.42665, 37.62281],
          [-128.39939, 37.62824],
          [-128.39709, 37.62784],
          [-128.3687, 37.62287],
          [-128.33827, 37.61831],
          [-128.31074, 37.62292],
          [-128.30844, 37.62251],
          [-128.28006, 37.61753],
          [-128.25279, 37.62294],
          [-128.2221, 37.61754],
          [-128.19483, 37.62294],
          [-128.16755, 37.62834],
          [-128.16525, 37.62793],
          [-128.13687, 37.62293],
          [-128.10645, 37.61832],
          [-128.07892, 37.62289],
          [-128.05164, 37.62827],
          [-128.04933, 37.62786],
          [-128.02096, 37.62284],
          [-127.99054, 37.61821],
          [-127.963, 37.62276],
          [-127.9607, 37.62235],
          [-127.93234, 37.61731],
          [-127.90192, 37.61267],
          [-127.87438, 37.61721],
          [-127.87208, 37.6168],
          [-127.84372, 37.61175],
          [-127.81331, 37.60709],
          [-127.78577, 37.61161],
          [-127.78347, 37.6112],
          [-127.75511, 37.60613],
          [-127.72782, 37.61146],
          [-127.69742, 37.60678],
          [-127.67012, 37.61209],
          [-127.64257, 37.61659],
          [-127.64027, 37.61618],
          [-127.61192, 37.61109],
          [-127.58153, 37.60639],
          [-127.55422, 37.61169],
          [-127.55167, 37.61046],
          [-127.52333, 37.60535],
          [-127.49294, 37.60064],
          [-127.46563, 37.60592],
          [-127.46308, 37.6047],
          [-127.43474, 37.59957],
          [-127.40436, 37.59484],
          [-127.37705, 37.60011],
          [-127.34974, 37.60538],
          [-127.32218, 37.60983],
          [-127.31988, 37.60941],
          [-127.29155, 37.60426],
          [-127.26117, 37.59951],
          [-127.23385, 37.60475],
          [-127.20653, 37.61],
          [-127.17921, 37.61523],
          [-127.15189, 37.62047],
          [-127.12456, 37.6257],
          [-127.09723, 37.63092],
          [-127.07295, 37.64615],
          [-127.04256, 37.64136],
          [-127.01523, 37.64657],
          [-126.98789, 37.65178],
          [-126.96054, 37.65698],
          [-126.9332, 37.66218],
          [-126.90585, 37.66737],
          [-126.8785, 37.67256],
          [-126.85115, 37.67774],
          [-126.82379, 37.68292],
          [-126.79619, 37.68729],
          [-126.79389, 37.68686],
          [-126.76556, 37.68163],
          [-126.73518, 37.67678],
          [-126.70782, 37.68194],
          [-126.68046, 37.6871],
          [-126.65285, 37.69144],
          [-126.65055, 37.69101],
          [-126.62223, 37.68576],
          [-126.59185, 37.68088],
          [-126.56448, 37.68602],
          [-126.53711, 37.69116],
          [-126.53457, 37.68992],
          [-126.50625, 37.68464],
          [-126.47589, 37.67975],
          [-126.44851, 37.68487],
          [-126.42114, 37.68998],
          [-126.4186, 37.68874],
          [-126.3873, 37.67343],
          [-126.35992, 37.67853],
          [-126.33254, 37.68363],
          [-126.30516, 37.68873],
          [-126.30263, 37.68749],
          [-126.27135, 37.67215],
          [-126.24396, 37.67724],
          [-126.21634, 37.68151],
          [-126.21404, 37.68108],
          [-126.18278, 37.66573],
          [-126.15539, 37.6708],
          [-126.15286, 37.66955],
          [-126.12457, 37.66422],
          [-126.09422, 37.65925],
          [-126.06683, 37.66431],
          [-126.0643, 37.66306],
          [-126.03306, 37.64768],
          [-126.00567, 37.65273],
          [-125.97828, 37.65778],
          [-125.97575, 37.65653],
          [-125.94453, 37.64113],
          [-125.91714, 37.64617],
          [-125.91461, 37.64492],
          [-125.8834, 37.62951],
          [-125.85601, 37.63454],
          [-125.85348, 37.63329],
          [-125.82228, 37.61787],
          [-125.79489, 37.62288],
          [-125.7675, 37.62789],
          [-125.7401, 37.6329],
          [-125.73757, 37.63165],
          [-125.70639, 37.61621],
          [-125.679, 37.62121],
          [-125.6516, 37.6262],
          [-125.6242, 37.63119],
          [-125.62167, 37.62993],
          [-125.59051, 37.61447],
          [-125.56311, 37.61945],
          [-125.53571, 37.62443],
          [-125.5083, 37.6294],
          [-125.50577, 37.62814],
          [-125.47463, 37.61266],
          [-125.44722, 37.61762],
          [-125.41982, 37.62257],
          [-125.39241, 37.62753],
          [-125.38988, 37.62627],
          [-125.35875, 37.61076],
          [-125.33134, 37.61571],
          [-125.30393, 37.62064],
          [-125.30141, 37.61939],
          [-125.27029, 37.60386],
          [-125.24288, 37.60879],
          [-125.21547, 37.61372],
          [-125.21294, 37.61246],
          [-125.18184, 37.59692],
          [-125.15443, 37.60183],
          [-125.12701, 37.60674],
          [-125.12449, 37.60548],
          [-125.09341, 37.58992],
          [-125.06599, 37.59482],
          [-125.03857, 37.59972],
          [-125.01115, 37.60461],
          [-124.98373, 37.6095],
          [-124.9563, 37.61438],
          [-124.92887, 37.61926],
          [-124.90144, 37.62413],
          [-124.89892, 37.62287],
          [-124.86786, 37.60727],
          [-124.84043, 37.61214],
          [-124.813, 37.617],
          [-124.78556, 37.62185],
          [-124.75813, 37.6267],
          [-124.73069, 37.63155],
          [-124.70324, 37.63639],
          [-124.6758, 37.64123],
          [-124.64835, 37.64606],
          [-124.6209, 37.65089],
          [-124.59345, 37.65571],
          [-124.59093, 37.65444],
          [-124.55991, 37.63879],
          [-124.53245, 37.64361],
          [-124.505, 37.64842],
          [-124.47754, 37.65322],
          [-124.45008, 37.65802],
          [-124.42262, 37.66282],
          [-124.39515, 37.66761],
          [-124.36769, 37.6724],
          [-124.34022, 37.67718],
          [-124.31274, 37.68196],
          [-124.31023, 37.68068],
          [-124.27924, 37.66499],
          [-124.25177, 37.66975],
          [-124.2243, 37.67452],
          [-124.19682, 37.67928],
          [-124.16934, 37.68403],
          [-124.14186, 37.68878],
          [-124.11715, 37.70359],
          [-124.09449, 37.71803],
          [-124.09265, 37.7192],
          [-124.06516, 37.72394],
          [-124.03766, 37.72867],
          [-124.01039, 37.73422],
          [-123.98289, 37.73894],
          [-123.95538, 37.74366],
          [-123.92788, 37.74838],
          [-123.90037, 37.75309],
          [-123.87561, 37.76785],
          [-123.85291, 37.78226],
          [-123.85129, 37.78425],
          [-123.82377, 37.78894],
          [-123.79899, 37.8037],
          [-123.77146, 37.80838],
          [-123.74874, 37.82278],
          [-123.74712, 37.82476],
          [-123.71958, 37.82944],
          [-123.69478, 37.84417],
          [-123.67204, 37.85855],
          [-123.67041, 37.86054],
          [-123.64286, 37.8652],
          [-123.62284, 37.88963],
          [-123.621, 37.8908],
          [-123.59366, 37.89627],
          [-123.5661, 37.90093],
          [-123.54126, 37.91563],
          [-123.51848, 37.92999],
          [-123.51663, 37.93115],
          [-123.48906, 37.93579],
          [-123.4617, 37.94125],
          [-123.43412, 37.94588],
          [-123.40926, 37.96056],
          [-123.38645, 37.9749],
          [-123.3846, 37.97606],
          [-123.35723, 37.9815],
          [-123.32964, 37.98611],
          [-123.30474, 38.00078],
          [-123.28192, 38.0151],
          [-123.28028, 38.01707],
          [-123.25268, 38.02168],
          [-123.22507, 38.02627],
          [-123.20492, 38.05064],
          [-123.20329, 38.05261],
          [-123.17567, 38.0572],
          [-123.1555, 38.08156],
          [-123.15387, 38.08353],
          [-123.12624, 38.08811],
          [-123.09861, 38.09269],
          [-123.07842, 38.11703],
          [-123.07678, 38.119],
          [-123.04914, 38.12357],
          [-123.02893, 38.14791],
          [-123.02729, 38.14988],
          [-122.99964, 38.15444],
          [-122.97942, 38.17876],
          [-122.97778, 38.18073],
          [-122.95754, 38.20505],
          [-122.9559, 38.20703],
          [-122.92823, 38.21157],
          [-122.90798, 38.23588],
          [-122.90634, 38.23785],
          [-122.88608, 38.26216],
          [-122.88444, 38.26413],
          [-122.86416, 38.28843],
          [-122.86252, 38.2904],
          [-122.84224, 38.31469],
          [-122.84801, 38.33643],
          [-122.84637, 38.3384],
          [-122.82607, 38.36268],
          [-122.82443, 38.36465],
          [-122.80412, 38.38894],
          [-122.80247, 38.3909],
          [-122.78216, 38.41518],
          [-122.78051, 38.41715],
          [-122.76019, 38.44142],
          [-122.75854, 38.44339],
          [-122.73821, 38.46766],
          [-122.74396, 38.48938],
          [-122.74232, 38.49134],
          [-122.72197, 38.5156],
          [-122.72773, 38.53732],
          [-122.73349, 38.55904],
          [-122.73184, 38.561],
          [-122.71147, 38.58525],
          [-122.71723, 38.60697],
          [-122.72299, 38.62868],
          [-122.72134, 38.63064],
          [-122.70096, 38.65488],
          [-122.69931, 38.65685],
          [-122.67892, 38.68108],
          [-122.68468, 38.70279],
          [-122.69044, 38.72449],
          [-122.6962, 38.74619],
          [-122.70197, 38.76788],
          [-122.70031, 38.76985],
          [-122.6799, 38.79407],
          [-122.67825, 38.79604],
          [-122.65783, 38.82025],
          [-122.66359, 38.84194],
          [-122.66193, 38.84391],
          [-122.6415, 38.86812],
          [-122.64726, 38.8898],
          [-122.6456, 38.89177],
          [-122.62515, 38.91597],
          [-122.6235, 38.91793],
          [-122.60304, 38.94213],
          [-122.60138, 38.94409],
          [-122.58091, 38.96829],
          [-122.57925, 38.97025],
          [-122.55878, 38.99443],
          [-122.55712, 38.9964],
          [-122.52922, 39.00086],
          [-122.50133, 39.00532],
          [-122.47343, 39.00978],
          [-122.47091, 39.00849],
          [-122.4398, 38.99255],
          [-122.41191, 38.997],
          [-122.38401, 39.00144],
          [-122.3561, 39.00588],
          [-122.35358, 39.00458],
          [-122.3225, 38.98863],
          [-122.2946, 38.99305],
          [-122.26669, 38.99748],
          [-122.26418, 38.99618],
          [-122.23311, 38.98021],
          [-122.21255, 39.00435],
          [-122.21088, 39.00631],
          [-122.19031, 39.03045],
          [-122.18864, 39.03241],
          [-122.16807, 39.05654],
          [-122.17374, 39.07823],
          [-122.17941, 39.09991],
          [-122.18509, 39.12158],
          [-122.19077, 39.14326],
          [-122.19646, 39.16493],
          [-122.20214, 39.1866],
          [-122.20047, 39.18856],
          [-122.17986, 39.21268],
          [-122.18555, 39.23434],
          [-122.18388, 39.2363],
          [-122.16326, 39.26041],
          [-122.16158, 39.26236],
          [-122.14095, 39.28647],
          [-122.13928, 39.28842],
          [-122.11864, 39.31252],
          [-122.11697, 39.31448],
          [-122.08897, 39.31887],
          [-122.06097, 39.32325],
          [-122.04031, 39.34734],
          [-122.03863, 39.34929],
          [-122.01062, 39.35366],
          [-121.98261, 39.35803],
          [-121.96192, 39.38211],
          [-121.96024, 39.38406],
          [-121.93222, 39.38842],
          [-121.91151, 39.41248],
          [-121.90983, 39.41444],
          [-121.88912, 39.43849],
          [-121.88744, 39.44044],
          [-121.86671, 39.4645],
          [-121.86503, 39.46645],
          [-121.84429, 39.49049],
          [-121.84261, 39.49244],
          [-121.82186, 39.51648],
          [-121.82018, 39.51843],
          [-121.79942, 39.54247],
          [-121.79773, 39.54442],
          [-121.77696, 39.56844],
          [-121.78258, 39.59009],
          [-121.7809, 39.59204],
          [-121.76012, 39.61606],
          [-121.75843, 39.618],
          [-121.73764, 39.64202],
          [-121.74325, 39.66366],
          [-121.74157, 39.6656],
          [-121.72076, 39.68961],
          [-121.71907, 39.69156],
          [-121.69826, 39.71556],
          [-121.69657, 39.71751],
          [-121.67574, 39.74151],
          [-121.68135, 39.76313],
          [-121.67966, 39.76508],
          [-121.65882, 39.78907],
          [-121.66443, 39.81069],
          [-121.67004, 39.83231],
          [-121.67565, 39.85393],
          [-121.68021, 39.87571],
          [-121.68582, 39.89732],
          [-121.69144, 39.91893],
          [-121.69081, 39.92071],
          [-121.68297, 39.94269],
          [-121.67556, 39.96629],
          [-121.68012, 39.98805],
          [-121.67948, 39.98984],
          [-121.67164, 40.01181],
          [-121.66316, 40.03556],
          [-121.66252, 40.03734],
          [-121.65467, 40.05931],
          [-121.64618, 40.08305],
          [-121.64555, 40.08483],
          [-121.62463, 40.10878],
          [-121.62919, 40.13053],
          [-121.62856, 40.13231],
          [-121.62069, 40.15426],
          [-121.61325, 40.17783],
          [-121.61781, 40.19958],
          [-121.61717, 40.20136],
          [-121.59622, 40.22529],
          [-121.60184, 40.24686],
          [-121.60746, 40.26844],
          [-121.61202, 40.29017],
          [-121.61139, 40.29195],
          [-121.60351, 40.31389],
          [-121.59605, 40.33744],
          [-121.60167, 40.359],
          [-121.60623, 40.38073],
          [-121.60559, 40.3825],
          [-121.58461, 40.40641],
          [-121.59024, 40.42797],
          [-121.58854, 40.42991],
          [-121.56754, 40.4538],
          [-121.56584, 40.45574],
          [-121.54483, 40.47963],
          [-121.54313, 40.48157],
          [-121.52211, 40.50546],
          [-121.52041, 40.50739],
          [-121.49206, 40.51166],
          [-121.47103, 40.53554],
          [-121.46932, 40.53747],
          [-121.44828, 40.56135],
          [-121.44657, 40.56328],
          [-121.42551, 40.58715],
          [-121.42381, 40.58908],
          [-121.40274, 40.61294],
          [-121.40103, 40.61487],
          [-121.37995, 40.63873],
          [-121.37825, 40.64066],
          [-121.35716, 40.66451],
          [-121.35545, 40.66644],
          [-121.33435, 40.69028],
          [-121.33994, 40.71182],
          [-121.33823, 40.71375],
          [-121.31712, 40.73758],
          [-121.3154, 40.73951],
          [-121.29428, 40.76334],
          [-121.29986, 40.78487],
          [-121.30545, 40.80639],
          [-121.30374, 40.80832],
          [-121.2826, 40.83214],
          [-121.28818, 40.85366],
          [-121.29377, 40.87518],
          [-121.29206, 40.87711],
          [-121.2709, 40.90091],
          [-121.26918, 40.90284],
          [-121.24802, 40.92665],
          [-121.2463, 40.92858],
          [-121.21783, 40.93279],
          [-121.19664, 40.95658],
          [-121.19493, 40.95851],
          [-121.17373, 40.9823],
          [-121.17201, 40.98422],
          [-121.15081, 41.008],
          [-121.14909, 41.00993],
          [-121.12059, 41.01413],
          [-121.09936, 41.0379],
          [-121.09764, 41.03983],
          [-121.06913, 41.04401],
          [-121.04789, 41.06777],
          [-121.04617, 41.0697],
          [-121.01765, 41.07388],
          [-120.99639, 41.09763],
          [-120.99446, 41.09875],
          [-120.96613, 41.10373],
          [-120.9376, 41.10789],
          [-120.91631, 41.13163],
          [-120.91459, 41.13355],
          [-120.88605, 41.13771],
          [-120.86474, 41.16144],
          [-120.86301, 41.16336],
          [-120.83446, 41.16751],
          [-120.81314, 41.19122],
          [-120.81141, 41.19315],
          [-120.79007, 41.21686],
          [-120.78834, 41.21878],
          [-120.76231, 41.23285],
          [-120.73842, 41.24661],
          [-120.73669, 41.24853],
          [-120.71533, 41.27223],
          [-120.71359, 41.27415],
          [-120.69222, 41.29784],
          [-120.69028, 41.29895],
          [-120.66189, 41.30388],
          [-120.6405, 41.32755],
          [-120.63876, 41.32947],
          [-120.61015, 41.33358],
          [-120.58874, 41.35725],
          [-120.58701, 41.35917],
          [-120.56559, 41.38283],
          [-120.56385, 41.38475],
          [-120.54242, 41.4084],
          [-120.54068, 41.41032],
          [-120.51924, 41.43397],
          [-120.5175, 41.43589],
          [-120.49605, 41.45953],
          [-120.4941, 41.46064],
          [-120.47177, 41.48524],
          [-120.4711, 41.487],
          [-120.44963, 41.51063],
          [-120.44789, 41.51255],
          [-120.4264, 41.53617],
          [-120.43077, 41.55779],
          [-120.4301, 41.55955],
          [-120.4086, 41.58317],
          [-120.40686, 41.58508],
          [-120.38535, 41.60869],
          [-120.38971, 41.6303],
          [-120.38904, 41.63206],
          [-120.36752, 41.65566],
          [-120.37188, 41.67726],
          [-120.37121, 41.67903],
          [-120.34967, 41.70262],
          [-120.35511, 41.72406],
          [-120.35336, 41.72598],
          [-120.33181, 41.74956],
          [-120.33006, 41.75147],
          [-120.3085, 41.77505],
          [-120.31393, 41.79649],
          [-120.31218, 41.7984],
          [-120.2906, 41.82197],
          [-120.28885, 41.82388],
          [-120.26726, 41.84745],
          [-120.26551, 41.84936],
          [-120.24391, 41.87291],
          [-120.24196, 41.87402],
          [-120.21947, 41.89853],
          [-120.22489, 41.91995],
          [-120.22995, 41.94142],
          [-120.22964, 41.94313],
          [-120.20801, 41.96667],
          [-120.20625, 41.96858],
          [-120.20369, 41.96728],
          [-120.17454, 41.96109],
          [-120.15039, 41.97472],
          [-120.14864, 41.97663],
          [-120.12698, 42.00016],
          [-120.12523, 42.00206],
          [-120.11689, 42.02373],
          [-120.13523, 42.04168],
          [-120.16405, 42.03766],
          [-120.16662, 42.03896],
          [-120.16487, 42.04087],
          [-120.1432, 42.06439],
          [-120.14145, 42.0663],
          [-120.11977, 42.08981],
          [-120.11801, 42.09172],
          [-120.09633, 42.11523],
          [-120.09457, 42.11713],
          [-120.07287, 42.14063],
          [-120.07111, 42.14254],
          [-120.0494, 42.16603],
          [-120.0548, 42.18743],
          [-120.0602, 42.20882],
          [-120.0656, 42.23021],
          [-120.071, 42.2516],
          [-120.06924, 42.25351],
          [-120.04751, 42.27699],
          [-120.04575, 42.27889],
          [-120.024, 42.30236],
          [-120.0294, 42.32374],
          [-120.02764, 42.32564],
          [-120.00588, 42.34911],
          [-120.00412, 42.35101],
          [-119.98235, 42.37447],
          [-119.98058, 42.37637],
          [-119.9588, 42.39982],
          [-119.96419, 42.42119],
          [-119.96243, 42.42309],
          [-119.94063, 42.44654],
          [-119.93887, 42.44844],
          [-119.91706, 42.47187],
          [-119.91529, 42.47377],
          [-119.89348, 42.49721],
          [-119.89171, 42.4991],
          [-119.86988, 42.52253],
          [-119.86811, 42.52443],
          [-119.84627, 42.54785],
          [-119.8445, 42.54974],
          [-119.81551, 42.5537],
          [-119.79365, 42.57711],
          [-119.79188, 42.579],
          [-119.77001, 42.60241],
          [-119.76824, 42.6043],
          [-119.74636, 42.6277],
          [-119.74459, 42.62959],
          [-119.72269, 42.65298],
          [-119.72092, 42.65488],
          [-119.69902, 42.67826],
          [-119.69724, 42.68016],
          [-119.67533, 42.70353],
          [-119.67355, 42.70543],
          [-119.65163, 42.7288],
          [-119.64985, 42.73069],
          [-119.62792, 42.75405],
          [-119.63325, 42.77539],
          [-119.63147, 42.77728],
          [-119.60953, 42.80064],
          [-119.60775, 42.80253],
          [-119.58578, 42.82588],
          [-119.59112, 42.8472],
          [-119.58934, 42.84909],
          [-119.56736, 42.87243],
          [-119.56558, 42.87432],
          [-119.54359, 42.89766],
          [-119.54181, 42.89955],
          [-119.51981, 42.92287],
          [-119.51803, 42.92477],
          [-119.49602, 42.94808],
          [-119.50134, 42.9694],
          [-119.49955, 42.97129],
          [-119.47753, 42.9946],
          [-119.47575, 42.99649],
          [-119.45371, 43.01979],
          [-119.45903, 43.0411],
          [-119.45724, 43.04298],
          [-119.43519, 43.06628],
          [-119.4334, 43.06817],
          [-119.41134, 43.09146],
          [-119.40955, 43.09334],
          [-119.38748, 43.11663],
          [-119.38569, 43.11851],
          [-119.36361, 43.14179],
          [-119.36182, 43.14368],
          [-119.33972, 43.16695],
          [-119.33793, 43.16883],
          [-119.31582, 43.19209],
          [-119.31403, 43.19398],
          [-119.29192, 43.21724],
          [-119.29012, 43.21912],
          [-119.26799, 43.24237],
          [-119.2662, 43.24426],
          [-119.24406, 43.2675],
          [-119.24226, 43.26938],
          [-119.22011, 43.29262],
          [-119.21832, 43.2945],
          [-119.19616, 43.31773],
          [-119.19436, 43.31962],
          [-119.17219, 43.34284],
          [-119.17039, 43.34472],
          [-119.1482, 43.36794],
          [-119.1464, 43.36982],
          [-119.12421, 43.39303],
          [-119.12241, 43.39492],
          [-119.1002, 43.41812],
          [-119.10546, 43.43938],
          [-119.10366, 43.44126],
          [-119.08144, 43.46446],
          [-119.0867, 43.48571],
          [-119.09196, 43.50696],
          [-119.09722, 43.52821],
          [-119.09542, 43.53009],
          [-119.07318, 43.55327],
          [-119.07844, 43.57451],
          [-119.0837, 43.59575],
          [-119.08897, 43.61699],
          [-119.08716, 43.61887],
          [-119.0649, 43.64204],
          [-119.07016, 43.66327],
          [-119.07543, 43.68449],
          [-119.0807, 43.70572],
          [-119.07889, 43.7076],
          [-119.0566, 43.73075],
          [-119.06187, 43.75197],
          [-119.06714, 43.77318],
          [-119.07241, 43.7944],
          [-119.07769, 43.81561],
          [-119.08296, 43.83681],
          [-119.08824, 43.85802],
          [-119.09352, 43.87922],
          [-119.09171, 43.88109],
          [-119.06939, 43.90422],
          [-119.07467, 43.92542],
          [-119.07995, 43.94661],
          [-119.07814, 43.94848],
          [-119.0558, 43.9716],
          [-119.06108, 43.99278],
          [-119.06636, 44.01397],
          [-119.06455, 44.01584],
          [-119.04218, 44.03894],
          [-119.04747, 44.06012],
          [-119.04565, 44.06199],
          [-119.02328, 44.08509],
          [-119.02855, 44.10626],
          [-119.02674, 44.10813],
          [-119.00435, 44.13121],
          [-119.00253, 44.13309],
          [-118.98013, 44.15616],
          [-118.9854, 44.17733],
          [-118.98358, 44.1792],
          [-118.96117, 44.20227],
          [-118.95935, 44.20414],
          [-118.93692, 44.2272],
          [-118.9351, 44.22907],
          [-118.91266, 44.25212],
          [-118.91792, 44.27327],
          [-118.9161, 44.27514],
          [-118.89364, 44.29819],
          [-118.89891, 44.31933],
          [-118.89709, 44.3212],
          [-118.87461, 44.34424],
          [-118.87988, 44.36538],
          [-118.87805, 44.36724],
          [-118.85557, 44.39027],
          [-118.86082, 44.4114],
          [-118.86609, 44.43253],
          [-118.86426, 44.4344],
          [-118.84176, 44.45741],
          [-118.84702, 44.47854],
          [-118.87927, 44.4946],
          [-118.88189, 44.4959],
          [-118.88291, 44.5]
        ]
      }
    },
    {
      "type": "Feature",
      "id": "2026091006_f072_09000_001",
      "properties": {
        "product_id": "winter_storm_levels",
        "source_id": "nbm_snow_level",
        "parameter": "snow_level",
        "definition": "height of the wet-bulb 0.5 degree C surface",
        "level_ft_msl": 9000,
        "label": "9,000 ft MSL",
        "unit": "ft_msl",
        "cycle_time_utc": "2026-09-10T06:00:00Z",
        "valid_time_utc": "2026-09-13T06:00:00Z",
        "lead_hours": 72,
        "segment": 1,
        "length_m": 1830006.8
      },
      "geometry": {
        "type": "LineString",
        "coordinates": [
          [-130, 37.24276],
          [-129.98214, 37.23448],
          [-129.98129, 37.23408],
          [-129.9542, 37.23977],
          [-129.92711, 37.24545],
          [-129.90002, 37.25113],
          [-129.86666, 37.23564],
          [-129.8658, 37.23524],
          [-129.83871, 37.24091],
          [-129.81162, 37.24658],
          [-129.77826, 37.23107],
          [-129.77741, 37.23067],
          [-129.74407, 37.21515],
          [-129.74321, 37.21475],
          [-129.71612, 37.2204],
          [-129.68279, 37.20487],
          [-129.68194, 37.20447],
          [-129.65484, 37.21011],
          [-129.62153, 37.19457],
          [-129.62067, 37.19417],
          [-129.59358, 37.1998],
          [-129.56027, 37.18424],
          [-129.55942, 37.18384],
          [-129.53232, 37.18947],
          [-129.49903, 37.17389],
          [-129.49818, 37.1735],
          [-129.47108, 37.17911],
          [-129.44398, 37.18472],
          [-129.41688, 37.19032],
          [-129.3836, 37.17473],
          [-129.38275, 37.17433],
          [-129.35565, 37.17992],
          [-129.32854, 37.18551],
          [-129.29528, 37.1699],
          [-129.29443, 37.1695],
          [-129.26732, 37.17508],
          [-129.23407, 37.15946],
          [-129.23322, 37.15906],
          [-129.19998, 37.14343],
          [-129.19913, 37.14303],
          [-129.1659, 37.12739],
          [-129.16505, 37.12699],
          [-129.13182, 37.11134],
          [-129.13097, 37.11094],
          [-129.09776, 37.09529],
          [-129.09691, 37.09489],
          [-129.06371, 37.07922],
          [-129.06286, 37.07882],
          [-129.03576, 37.08437],
          [-129.00257, 37.06869],
          [-129.00172, 37.06829],
          [-128.97463, 37.07383],
          [-128.94753, 37.07936],
          [-128.91436, 37.06367],
          [-128.91351, 37.06327],
          [-128.88641, 37.06879],
          [-128.85325, 37.05308],
          [-128.85239, 37.05268],
          [-128.8253, 37.05819],
          [-128.79215, 37.04248],
          [-128.7913, 37.04207],
          [-128.7642, 37.04758],
          [-128.73106, 37.03185],
          [-128.73021, 37.03145],
          [-128.69708, 37.01571],
          [-128.69623, 37.0153],
          [-128.66913, 37.02079],
          [-128.63602, 37.00504],
          [-128.63517, 37.00464],
          [-128.60807, 37.01012],
          [-128.57497, 36.99436],
          [-128.57412, 36.99395],
          [-128.54702, 36.99942],
          [-128.51393, 36.98365],
          [-128.51308, 36.98324],
          [-128.48598, 36.9887],
          [-128.4529, 36.97292],
          [-128.45205, 36.97251],
          [-128.42495, 36.97796],
          [-128.39189, 36.96216],
          [-128.39104, 36.96176],
          [-128.36394, 36.9672],
          [-128.33684, 36.97263],
          [-128.30973, 36.97807],
          [-128.28263, 36.98349],
          [-128.24958, 36.96767],
          [-128.24873, 36.96726],
          [-128.21569, 36.95143],
          [-128.21484, 36.95102],
          [-128.18182, 36.93518],
          [-128.18097, 36.93477],
          [-128.15387, 36.94018],
          [-128.12085, 36.92433],
          [-128.12, 36.92392],
          [-128.087, 36.90806],
          [-128.08615, 36.90765],
          [-128.05905, 36.91304],
          [-128.02605, 36.89717],
          [-128.02521, 36.89676],
          [-127.99222, 36.88088],
          [-127.99138, 36.88047],
          [-127.96428, 36.88585],
          [-127.93131, 36.86995],
          [-127.93046, 36.86955],
          [-127.90336, 36.87492],
          [-127.8704, 36.85901],
          [-127.86956, 36.8586],
          [-127.83661, 36.84269],
          [-127.83576, 36.84228],
          [-127.80867, 36.84763],
          [-127.78157, 36.85298],
          [-127.74863, 36.83705],
          [-127.74779, 36.83664],
          [-127.72069, 36.84198],
          [-127.69358, 36.84732],
          [-127.66066, 36.83137],
          [-127.65982, 36.83096],
          [-127.63272, 36.83629],
          [-127.59981, 36.82032],
          [-127.59896, 36.81991],
          [-127.57186, 36.82523],
          [-127.53897, 36.80926],
          [-127.53812, 36.80885],
          [-127.50524, 36.79286],
          [-127.50439, 36.79245],
          [-127.47152, 36.77646],
          [-127.47067, 36.77605],
          [-127.44358, 36.78135],
          [-127.41647, 36.78665],
          [-127.38937, 36.79193],
          [-127.36226, 36.79722],
          [-127.33516, 36.8025],
          [-127.3023, 36.78648],
          [-127.30146, 36.78607],
          [-127.27435, 36.79134],
          [-127.24724, 36.7966],
          [-127.2144, 36.78056],
          [-127.21356, 36.78015],
          [-127.18644, 36.78541],
          [-127.15362, 36.76936],
          [-127.15278, 36.76894],
          [-127.12566, 36.77419],
          [-127.09855, 36.77943],
          [-127.07143, 36.78467],
          [-127.03862, 36.7686],
          [-127.03778, 36.76818],
          [-127.01066, 36.77341],
          [-126.98354, 36.77864],
          [-126.95642, 36.78386],
          [-126.9293, 36.78907],
          [-126.8965, 36.77297],
          [-126.89566, 36.77256],
          [-126.86854, 36.77776],
          [-126.84141, 36.78296],
          [-126.81428, 36.78816],
          [-126.78715, 36.79335],
          [-126.76001, 36.79854],
          [-126.72724, 36.78241],
          [-126.7264, 36.78199],
          [-126.69927, 36.78717],
          [-126.67213, 36.79235],
          [-126.63938, 36.77619],
          [-126.63854, 36.77578],
          [-126.6114, 36.78094],
          [-126.57866, 36.76478],
          [-126.57782, 36.76437],
          [-126.55068, 36.76952],
          [-126.55016, 36.77019],
          [-126.52997, 36.79641],
          [-126.50282, 36.80156],
          [-126.47009, 36.78537],
          [-126.46925, 36.78496],
          [-126.4421, 36.7901],
          [-126.41495, 36.79523],
          [-126.38223, 36.77903],
          [-126.38139, 36.77861],
          [-126.35424, 36.78374],
          [-126.32154, 36.76752],
          [-126.3207, 36.76711],
          [-126.28801, 36.75089],
          [-126.28717, 36.75047],
          [-126.26002, 36.75558],
          [-126.23287, 36.76068],
          [-126.20572, 36.76578],
          [-126.17856, 36.77088],
          [-126.1514, 36.77597],
          [-126.12424, 36.78105],
          [-126.09708, 36.78614],
          [-126.06991, 36.79121],
          [-126.03725, 36.77495],
          [-126.03641, 36.77453],
          [-126.00924, 36.7796],
          [-125.98207, 36.78466],
          [-125.9549, 36.78972],
          [-125.92773, 36.79477],
          [-125.89509, 36.77848],
          [-125.89425, 36.77806],
          [-125.86708, 36.78311],
          [-125.8399, 36.78815],
          [-125.81272, 36.79318],
          [-125.78554, 36.79821],
          [-125.75835, 36.80324],
          [-125.73117, 36.80826],
          [-125.69855, 36.79193],
          [-125.69771, 36.79151],
          [-125.67053, 36.79653],
          [-125.64334, 36.80153],
          [-125.61615, 36.80654],
          [-125.58895, 36.81154],
          [-125.56176, 36.81653],
          [-125.53456, 36.82152],
          [-125.50736, 36.82651],
          [-125.48015, 36.83149],
          [-125.45295, 36.83647],
          [-125.42574, 36.84144],
          [-125.39853, 36.84641],
          [-125.37131, 36.85138],
          [-125.33874, 36.83498],
          [-125.3379, 36.83456],
          [-125.31069, 36.83951],
          [-125.28347, 36.84446],
          [-125.25091, 36.82805],
          [-125.25008, 36.82762],
          [-125.22286, 36.83257],
          [-125.19564, 36.8375],
          [-125.16842, 36.84243],
          [-125.1412, 36.84736],
          [-125.11397, 36.85228],
          [-125.08674, 36.8572],
          [-125.05951, 36.86212],
          [-125.03228, 36.86702],
          [-125.00504, 36.87193],
          [-124.97781, 36.87683],
          [-124.95056, 36.88173],
          [-124.92332, 36.88662],
          [-124.92279, 36.88728],
          [-124.90218, 36.91329],
          [-124.87493, 36.91818],
          [-124.84768, 36.92306],
          [-124.82042, 36.92793],
          [-124.79316, 36.9328],
          [-124.76589, 36.93767],
          [-124.73863, 36.94253],
          [-124.71136, 36.94738],
          [-124.68409, 36.95223],
          [-124.65682, 36.95708],
          [-124.65629, 36.95775],
          [-124.6356, 36.98372],
          [-124.60832, 36.98856],
          [-124.60779, 36.98922],
          [-124.58708, 37.01518],
          [-124.55979, 37.02001],
          [-124.5325, 37.02484],
          [-124.5052, 37.02966],
          [-124.4779, 37.03448],
          [-124.45059, 37.03929],
          [-124.42329, 37.0441],
          [-124.39598, 37.0489],
          [-124.36867, 37.0537],
          [-124.34136, 37.0585],
          [-124.31404, 37.06329],
          [-124.28673, 37.06807],
          [-124.25941, 37.07285],
          [-124.23209, 37.07763],
          [-124.20476, 37.0824],
          [-124.20423, 37.08307],
          [-124.18341, 37.10897],
          [-124.15607, 37.11373],
          [-124.12874, 37.11849],
          [-124.1014, 37.12325],
          [-124.07406, 37.128],
          [-124.04671, 37.13275],
          [-124.01937, 37.13749],
          [-123.99202, 37.14222],
          [-123.96466, 37.14696],
          [-123.93731, 37.15168],
          [-123.90995, 37.15641],
          [-123.8826, 37.16113],
          [-123.85524, 37.16584],
          [-123.82787, 37.17055],
          [-123.80051, 37.17526],
          [-123.77314, 37.17996],
          [-123.74577, 37.18465],
          [-123.74523, 37.18532],
          [-123.72428, 37.21115],
          [-123.6969, 37.21584],
          [-123.66952, 37.22052],
          [-123.64213, 37.2252],
          [-123.61475, 37.22988],
          [-123.58736, 37.23455],
          [-123.55996, 37.23921],
          [-123.55943, 37.23988],
          [-123.53842, 37.26568],
          [-123.51102, 37.27034],
          [-123.48362, 37.27499],
          [-123.45621, 37.27964],
          [-123.45567, 37.2803],
          [-123.43463, 37.30609],
          [-123.40722, 37.31073],
          [-123.40668, 37.31139],
          [-123.38562, 37.33717],
          [-123.3582, 37.34181],
          [-123.33077, 37.34643],
          [-123.33023, 37.34709],
          [-123.30915, 37.37286],
          [-123.28171, 37.37748],
          [-123.25427, 37.38209],
          [-123.22682, 37.3867],
          [-123.19938, 37.39131],
          [-123.17193, 37.39591],
          [-123.14447, 37.4005],
          [-123.11702, 37.40509],
          [-123.08957, 37.40968],
          [-123.08902, 37.41034],
          [-123.06787, 37.43607],
          [-123.04041, 37.44065],
          [-123.01294, 37.44522],
          [-122.98547, 37.44979],
          [-122.958, 37.45436],
          [-122.93052, 37.45892],
          [-122.90304, 37.46347],
          [-122.87556, 37.46803],
          [-122.84808, 37.47257],
          [-122.84754, 37.47323],
          [-122.82632, 37.49893],
          [-122.79883, 37.50346],
          [-122.77133, 37.508],
          [-122.74384, 37.51253],
          [-122.71634, 37.51705],
          [-122.68883, 37.52157],
          [-122.68829, 37.52223],
          [-122.66702, 37.5479],
          [-122.63951, 37.55241],
          [-122.612, 37.55692],
          [-122.61145, 37.55758],
          [-122.59016, 37.58323],
          [-122.56264, 37.58773],
          [-122.56209, 37.58839],
          [-122.54078, 37.61404],
          [-122.51325, 37.61853],
          [-122.48571, 37.62301],
          [-122.45817, 37.62749],
          [-122.43063, 37.63197],
          [-122.40309, 37.63644],
          [-122.40254, 37.6371],
          [-122.38118, 37.66272],
          [-122.35363, 37.66719],
          [-122.32608, 37.67165],
          [-122.32553, 37.6723],
          [-122.30414, 37.69791],
          [-122.27658, 37.70236],
          [-122.27603, 37.70302],
          [-122.25463, 37.72862],
          [-122.22706, 37.73306],
          [-122.19948, 37.7375],
          [-122.19893, 37.73815],
          [-122.1775, 37.76374],
          [-122.14992, 37.76817],
          [-122.14937, 37.76882],
          [-122.12792, 37.7944],
          [-122.10032, 37.79882],
          [-122.09977, 37.79948],
          [-122.07831, 37.82504],
          [-122.05071, 37.82946],
          [-122.05015, 37.83011],
          [-122.02867, 37.85567],
          [-122.00106, 37.86007],
          [-122.00051, 37.86073],
          [-121.97901, 37.88627],
          [-121.97846, 37.88693],
          [-121.95695, 37.91247],
          [-121.9564, 37.91313],
          [-121.93488, 37.93866],
          [-121.93433, 37.93932],
          [-121.9128, 37.96485],
          [-121.91224, 37.9655],
          [-121.8907, 37.99103],
          [-121.89015, 37.99168],
          [-121.8686, 38.0172],
          [-121.86805, 38.01786],
          [-121.84649, 38.04337],
          [-121.84593, 38.04403],
          [-121.82436, 38.06954],
          [-121.82381, 38.07019],
          [-121.80222, 38.09569],
          [-121.80167, 38.09635],
          [-121.78008, 38.12184],
          [-121.75238, 38.1262],
          [-121.75183, 38.12686],
          [-121.73022, 38.15234],
          [-121.72966, 38.153],
          [-121.70804, 38.17848],
          [-121.68033, 38.18282],
          [-121.67977, 38.18348],
          [-121.65813, 38.20895],
          [-121.63041, 38.21329],
          [-121.62985, 38.21394],
          [-121.6082, 38.2394],
          [-121.60764, 38.24006],
          [-121.58597, 38.26551],
          [-121.55823, 38.26984],
          [-121.55767, 38.27049],
          [-121.53599, 38.29594],
          [-121.50824, 38.30025],
          [-121.50768, 38.30091],
          [-121.48597, 38.32634],
          [-121.48542, 38.327],
          [-121.4637, 38.35243],
          [-121.43593, 38.35673],
          [-121.43538, 38.35738],
          [-121.41364, 38.3828],
          [-121.41308, 38.38346],
          [-121.39134, 38.40887],
          [-121.36355, 38.41316],
          [-121.363, 38.41382],
          [-121.34123, 38.43922],
          [-121.34067, 38.43987],
          [-121.3189, 38.46527],
          [-121.2911, 38.46955],
          [-121.29054, 38.4702],
          [-121.26875, 38.4956],
          [-121.26819, 38.49625],
          [-121.24638, 38.52163],
          [-121.21856, 38.5259],
          [-121.218, 38.52655],
          [-121.19618, 38.55192],
          [-121.19562, 38.55257],
          [-121.17379, 38.57794],
          [-121.14595, 38.5822],
          [-121.14539, 38.58285],
          [-121.12354, 38.60821],
          [-121.12298, 38.60886],
          [-121.10112, 38.63421],
          [-121.07326, 38.63845],
          [-121.0454, 38.64269],
          [-121.01754, 38.64692],
          [-120.98968, 38.65114],
          [-120.96181, 38.65536],
          [-120.93394, 38.65958],
          [-120.90607, 38.66379],
          [-120.90551, 38.66444],
          [-120.88359, 38.68976],
          [-120.85571, 38.69397],
          [-120.85514, 38.69462],
          [-120.8332, 38.71993],
          [-120.80531, 38.72412],
          [-120.77742, 38.72831],
          [-120.77685, 38.72896],
          [-120.75489, 38.75426],
          [-120.72698, 38.75844],
          [-120.72642, 38.75909],
          [-120.70443, 38.78438],
          [-120.67652, 38.78855],
          [-120.67596, 38.7892],
          [-120.65395, 38.81447],
          [-120.62603, 38.81864],
          [-120.62546, 38.81929],
          [-120.60344, 38.84455],
          [-120.57551, 38.84871],
          [-120.57494, 38.84936],
          [-120.5529, 38.87462],
          [-120.55234, 38.87526],
          [-120.53029, 38.90052],
          [-120.52972, 38.90116],
          [-120.50766, 38.92641],
          [-120.50709, 38.92706],
          [-120.48502, 38.9523],
          [-120.48445, 38.95294],
          [-120.48977, 38.97469],
          [-120.46768, 38.99992],
          [-120.46712, 39.00057],
          [-120.44502, 39.0258],
          [-120.4448, 39.02639],
          [-120.44977, 39.04818],
          [-120.42765, 39.0734],
          [-120.42744, 39.074],
          [-120.41875, 39.09779],
          [-120.41028, 39.12099],
          [-120.40971, 39.12164],
          [-120.38757, 39.14684],
          [-120.38735, 39.14744],
          [-120.39231, 39.16922],
          [-120.37016, 39.19442],
          [-120.36959, 39.19506],
          [-120.36123, 39.21879],
          [-120.35273, 39.24198],
          [-120.35217, 39.24262],
          [-120.32999, 39.26781],
          [-120.32942, 39.26845],
          [-120.30723, 39.29363],
          [-120.30666, 39.29428],
          [-120.28446, 39.31945],
          [-120.28389, 39.32009],
          [-120.26168, 39.34526],
          [-120.26111, 39.3459],
          [-120.26641, 39.36762],
          [-120.24418, 39.39277],
          [-120.24361, 39.39342],
          [-120.24891, 39.41513],
          [-120.2542, 39.43683],
          [-120.23196, 39.46198],
          [-120.23139, 39.46262],
          [-120.23668, 39.48433],
          [-120.21443, 39.50947],
          [-120.21386, 39.51011],
          [-120.19159, 39.53524],
          [-120.19102, 39.53589],
          [-120.16874, 39.56102],
          [-120.16817, 39.56166],
          [-120.14588, 39.58678],
          [-120.14531, 39.58743],
          [-120.12301, 39.61254],
          [-120.12244, 39.61318],
          [-120.10013, 39.63829],
          [-120.09955, 39.63894],
          [-120.07723, 39.66404],
          [-120.04906, 39.6681],
          [-120.04849, 39.66874],
          [-120.02614, 39.69383],
          [-120.02557, 39.69448],
          [-120.00066, 39.70899],
          [-119.9889, 39.72218],
          [-119.97772, 39.73472],
          [-119.95209, 39.74933],
          [-119.95151, 39.74997],
          [-119.92913, 39.77504],
          [-119.92856, 39.77568],
          [-119.90616, 39.80075],
          [-119.90559, 39.80139],
          [-119.88319, 39.82645],
          [-119.88261, 39.82709],
          [-119.8602, 39.85214],
          [-119.83196, 39.85616],
          [-119.83139, 39.8568],
          [-119.80896, 39.88185],
          [-119.80838, 39.88249],
          [-119.78594, 39.90752],
          [-119.78536, 39.90817],
          [-119.7629, 39.9332],
          [-119.76233, 39.93384],
          [-119.73986, 39.95886],
          [-119.73929, 39.9595],
          [-119.7445, 39.98117],
          [-119.72202, 40.00618],
          [-119.72144, 40.00682],
          [-119.69895, 40.03183],
          [-119.67067, 40.03582],
          [-119.67009, 40.03646],
          [-119.64758, 40.06146],
          [-119.647, 40.0621],
          [-119.62448, 40.0871],
          [-119.6239, 40.08774],
          [-119.60137, 40.11272],
          [-119.60079, 40.11336],
          [-119.57824, 40.13834],
          [-119.54992, 40.14231],
          [-119.54934, 40.14295],
          [-119.52678, 40.16792],
          [-119.49845, 40.17188],
          [-119.49787, 40.17252],
          [-119.47277, 40.18693],
          [-119.44695, 40.20143],
          [-119.41861, 40.20537],
          [-119.39033, 40.20958],
          [-119.38968, 40.20995],
          [-119.36707, 40.23489],
          [-119.33871, 40.23882],
          [-119.33813, 40.23946],
          [-119.3155, 40.26439],
          [-119.28713, 40.26832],
          [-119.28655, 40.26895],
          [-119.2639, 40.29388],
          [-119.23552, 40.29779],
          [-119.23494, 40.29843],
          [-119.21227, 40.32334],
          [-119.18388, 40.32724],
          [-119.15556, 40.33141],
          [-119.15491, 40.33178],
          [-119.13221, 40.35668],
          [-119.10381, 40.36057],
          [-119.10323, 40.36121],
          [-119.08051, 40.38609],
          [-119.05211, 40.38997],
          [-119.05152, 40.39061],
          [-119.02879, 40.41549],
          [-119.00037, 40.41936],
          [-118.99979, 40.42],
          [-118.97703, 40.44486],
          [-118.9486, 40.44873],
          [-118.94802, 40.44936],
          [-118.92524, 40.47422],
          [-118.92466, 40.47486],
          [-118.90187, 40.4997],
          [-118.90129, 40.50034],
          [-118.87849, 40.52518],
          [-118.85004, 40.52903],
          [-118.84945, 40.52967],
          [-118.82663, 40.5545],
          [-118.79817, 40.55834],
          [-118.79759, 40.55897],
          [-118.77475, 40.58379],
          [-118.77416, 40.58443],
          [-118.75132, 40.60925],
          [-118.75073, 40.60988],
          [-118.72787, 40.63469],
          [-118.69938, 40.63851],
          [-118.6988, 40.63915],
          [-118.67592, 40.66394],
          [-118.67533, 40.66458],
          [-118.65244, 40.68937],
          [-118.65186, 40.69001],
          [-118.62896, 40.71479],
          [-118.62837, 40.71543],
          [-118.60546, 40.74021],
          [-118.60487, 40.74084],
          [-118.58195, 40.76562],
          [-118.55341, 40.76941],
          [-118.55283, 40.77005],
          [-118.52988, 40.79481],
          [-118.5293, 40.79544],
          [-118.50634, 40.8202],
          [-118.47779, 40.82398],
          [-118.47721, 40.82461],
          [-118.45423, 40.84936],
          [-118.42567, 40.85313],
          [-118.42508, 40.85377],
          [-118.40209, 40.8785],
          [-118.37352, 40.88227],
          [-118.37293, 40.8829],
          [-118.34992, 40.90762],
          [-118.32134, 40.91138],
          [-118.32075, 40.91201],
          [-118.29531, 40.9262],
          [-118.26914, 40.94047],
          [-118.26855, 40.94111],
          [-118.2455, 40.96581],
          [-118.2169, 40.96955],
          [-118.21631, 40.97018],
          [-118.19324, 40.99487],
          [-118.19265, 40.99551],
          [-118.19759, 41.0171],
          [-118.17451, 41.04178],
          [-118.17391, 41.04241],
          [-118.17886, 41.064],
          [-118.15576, 41.08867],
          [-118.15516, 41.08931],
          [-118.1601, 41.11089],
          [-118.16505, 41.13247],
          [-118.16999, 41.15404],
          [-118.17494, 41.17561],
          [-118.15181, 41.20027],
          [-118.15122, 41.20091],
          [-118.15616, 41.22247],
          [-118.16111, 41.24404],
          [-118.16195, 41.24449],
          [-118.19063, 41.24076],
          [-118.22342, 41.25815],
          [-118.22839, 41.27971],
          [-118.23335, 41.30127],
          [-118.23832, 41.32282],
          [-118.24329, 41.34437],
          [-118.24826, 41.36592],
          [-118.25323, 41.38747],
          [-118.23008, 41.41211],
          [-118.22948, 41.41274],
          [-118.23446, 41.43428],
          [-118.21129, 41.45891],
          [-118.21069, 41.45954],
          [-118.21566, 41.48108],
          [-118.19248, 41.5057],
          [-118.19188, 41.50633],
          [-118.19685, 41.52786],
          [-118.20182, 41.54939],
          [-118.17862, 41.574],
          [-118.17802, 41.57463],
          [-118.15481, 41.59924],
          [-118.15421, 41.59987],
          [-118.13099, 41.62447],
          [-118.13039, 41.6251],
          [-118.10715, 41.64969],
          [-118.10656, 41.65032],
          [-118.08331, 41.67491],
          [-118.08271, 41.67554],
          [-118.05945, 41.70012],
          [-118.05885, 41.70075],
          [-118.03558, 41.72532],
          [-118.03498, 41.72595],
          [-118.0117, 41.75052],
          [-118.0111, 41.75115],
          [-117.98781, 41.77571],
          [-117.95897, 41.77939],
          [-117.95837, 41.78002],
          [-117.93506, 41.80457],
          [-117.90621, 41.80824],
          [-117.90561, 41.80887],
          [-117.88228, 41.8334],
          [-117.88168, 41.83403],
          [-117.85833, 41.85856],
          [-117.85773, 41.85919],
          [-117.83438, 41.88372],
          [-117.8055, 41.88737],
          [-117.8049, 41.888],
          [-117.78153, 41.91251],
          [-117.75264, 41.91616],
          [-117.72376, 41.9198],
          [-117.72316, 41.92042],
          [-117.69975, 41.94492],
          [-117.67086, 41.94855],
          [-117.67026, 41.94918],
          [-117.64683, 41.97367],
          [-117.61793, 41.97729],
          [-117.58902, 41.98091],
          [-117.58842, 41.98154],
          [-117.56496, 42.00601],
          [-117.56436, 42.00664],
          [-117.5409, 42.0311],
          [-117.5403, 42.03173],
          [-117.51682, 42.05619],
          [-117.51622, 42.05682],
          [-117.52107, 42.0783],
          [-117.49758, 42.10275],
          [-117.49698, 42.10337],
          [-117.47348, 42.12782],
          [-117.47287, 42.12845],
          [-117.44936, 42.15288],
          [-117.44876, 42.15351],
          [-117.4536, 42.17498],
          [-117.43007, 42.19941],
          [-117.42946, 42.20003],
          [-117.4343, 42.2215],
          [-117.43515, 42.22195],
          [-117.46813, 42.23937],
          [-117.46898, 42.23982],
          [-117.49797, 42.23623],
          [-117.52695, 42.23263],
          [-117.55995, 42.25004],
          [-117.5608, 42.25049],
          [-117.58979, 42.24688],
          [-117.61877, 42.24327],
          [-117.64775, 42.23966],
          [-117.67673, 42.23604],
          [-117.70571, 42.23241],
          [-117.73469, 42.22878],
          [-117.76366, 42.22515],
          [-117.79263, 42.22151],
          [-117.79323, 42.22088],
          [-117.81668, 42.19641],
          [-117.84564, 42.19276],
          [-117.8746, 42.18911],
          [-117.8752, 42.18848],
          [-117.89862, 42.16399],
          [-117.92757, 42.16033],
          [-117.95652, 42.15667],
          [-117.98546, 42.153],
          [-118.01441, 42.14932],
          [-118.04335, 42.14564],
          [-118.07229, 42.14195],
          [-118.10122, 42.13827],
          [-118.13429, 42.15558],
          [-118.13928, 42.17703],
          [-118.14013, 42.17748],
          [-118.17322, 42.19478],
          [-118.14986, 42.2193],
          [-118.14926, 42.21993],
          [-118.15426, 42.24137],
          [-118.13088, 42.26588],
          [-118.13028, 42.26651],
          [-118.13528, 42.28795],
          [-118.11189, 42.31245],
          [-118.11129, 42.31308],
          [-118.11628, 42.33451],
          [-118.12127, 42.35594],
          [-118.09786, 42.38043],
          [-118.09726, 42.38105],
          [-118.10225, 42.40248],
          [-118.10724, 42.4239],
          [-118.11224, 42.44532],
          [-118.11724, 42.46673],
          [-118.12224, 42.48815],
          [-118.0988, 42.51262],
          [-118.0982, 42.51324],
          [-118.10319, 42.53465],
          [-118.10819, 42.55605],
          [-118.1132, 42.57746],
          [-118.08973, 42.60191],
          [-118.08913, 42.60254],
          [-118.09413, 42.62393],
          [-118.09913, 42.64533],
          [-118.07565, 42.66977],
          [-118.07505, 42.6704],
          [-118.05155, 42.69483],
          [-118.05095, 42.69546],
          [-118.05595, 42.71684],
          [-118.03244, 42.74127],
          [-118.03184, 42.7419],
          [-118.00831, 42.76632],
          [-118.00771, 42.76694],
          [-118.0127, 42.78832],
          [-117.98916, 42.81273],
          [-117.98856, 42.81335],
          [-117.96501, 42.83776],
          [-117.96441, 42.83838],
          [-117.96939, 42.85975],
          [-117.94583, 42.88415],
          [-117.94522, 42.88477],
          [-117.95021, 42.90613],
          [-117.92663, 42.93052],
          [-117.92602, 42.93114],
          [-117.90243, 42.95552],
          [-117.90182, 42.95615],
          [-117.9068, 42.9775],
          [-117.91178, 42.99885],
          [-117.88817, 43.02322],
          [-117.88756, 43.02384],
          [-117.89254, 43.04519],
          [-117.89752, 43.06654],
          [-117.87389, 43.09089],
          [-117.87328, 43.09151],
          [-117.87826, 43.11285],
          [-117.85461, 43.1372],
          [-117.85401, 43.13782],
          [-117.83035, 43.16216],
          [-117.82974, 43.16278],
          [-117.83471, 43.18411],
          [-117.81104, 43.20844],
          [-117.81043, 43.20906],
          [-117.8154, 43.23039],
          [-117.79171, 43.2547],
          [-117.7911, 43.25533],
          [-117.79607, 43.27665],
          [-117.80104, 43.29796],
          [-117.77733, 43.32227],
          [-117.77672, 43.32289],
          [-117.78169, 43.3442],
          [-117.75797, 43.3685],
          [-117.75736, 43.36912],
          [-117.76232, 43.39042],
          [-117.73858, 43.41471],
          [-117.73797, 43.41533],
          [-117.74294, 43.43663],
          [-117.74791, 43.45793],
          [-117.72414, 43.4822],
          [-117.72353, 43.48282],
          [-117.7285, 43.50411],
          [-117.70472, 43.52838],
          [-117.70411, 43.529],
          [-117.70907, 43.55028],
          [-117.68528, 43.57454],
          [-117.68467, 43.57516],
          [-117.68963, 43.59644],
          [-117.66582, 43.62068],
          [-117.66521, 43.6213],
          [-117.64139, 43.64554],
          [-117.64078, 43.64616],
          [-117.61694, 43.6704],
          [-117.61633, 43.67102],
          [-117.59248, 43.69524],
          [-117.59187, 43.69586],
          [-117.56801, 43.72008],
          [-117.56777, 43.72066],
          [-117.57235, 43.74196],
          [-117.54847, 43.76617],
          [-117.54786, 43.76679],
          [-117.53845, 43.78979],
          [-117.52891, 43.81224],
          [-117.5283, 43.81286],
          [-117.50439, 43.83706],
          [-117.50415, 43.83763],
          [-117.50872, 43.85892],
          [-117.4848, 43.8831],
          [-117.48455, 43.88368],
          [-117.48912, 43.90496],
          [-117.46518, 43.92914],
          [-117.46494, 43.92971],
          [-117.4695, 43.95099],
          [-117.46005, 43.97395],
          [-117.45048, 43.99638],
          [-117.44986, 43.997],
          [-117.44041, 44.01995],
          [-117.43082, 44.04237],
          [-117.43021, 44.04299],
          [-117.40623, 44.06714],
          [-117.40561, 44.06775],
          [-117.39614, 44.0907],
          [-117.38654, 44.1131],
          [-117.38592, 44.11372],
          [-117.36191, 44.13785],
          [-117.36129, 44.13847],
          [-117.33727, 44.16258],
          [-117.33702, 44.16316],
          [-117.34157, 44.18441],
          [-117.33207, 44.20733],
          [-117.32244, 44.22971],
          [-117.32183, 44.23033],
          [-117.32674, 44.25153],
          [-117.31723, 44.27444],
          [-117.30759, 44.29681],
          [-117.30698, 44.29743],
          [-117.31189, 44.31862],
          [-117.30237, 44.34152],
          [-117.29273, 44.36388],
          [-117.29211, 44.3645],
          [-117.29703, 44.38568],
          [-117.27292, 44.40975],
          [-117.27268, 44.41032],
          [-117.27722, 44.43154],
          [-117.28214, 44.4527],
          [-117.25802, 44.47676],
          [-117.25777, 44.47733],
          [-117.26231, 44.49854],
          [-117.2617, 44.5]
        ]
      }
    },
    {
      "type": "Feature",
      "id": "2026091006_f072_10000_001",
      "properties": {
        "product_id": "winter_storm_levels",
        "source_id": "nbm_snow_level",
        "parameter": "snow_level",
        "definition": "height of the wet-bulb 0.5 degree C surface",
        "level_ft_msl": 10000,
        "label": "10,000 ft MSL",
        "unit": "ft_msl",
        "cycle_time_utc": "2026-09-10T06:00:00Z",
        "valid_time_utc": "2026-09-13T06:00:00Z",
        "lead_hours": 72,
        "segment": 1,
        "length_m": 1986215.6
      },
      "geometry": {
        "type": "LineString",
        "coordinates": [
          [-130, 36.29031],
          [-129.98965, 36.28545],
          [-129.98256, 36.26381],
          [-129.97832, 36.26182],
          [-129.95148, 36.26753],
          [-129.9218, 36.25358],
          [-129.91756, 36.25159],
          [-129.88789, 36.23763],
          [-129.88365, 36.23564],
          [-129.85399, 36.22167],
          [-129.84975, 36.21968],
          [-129.82291, 36.22537],
          [-129.79326, 36.2114],
          [-129.78902, 36.2094],
          [-129.75938, 36.19542],
          [-129.75514, 36.19342],
          [-129.72551, 36.17943],
          [-129.72127, 36.17744],
          [-129.69444, 36.18311],
          [-129.66481, 36.16911],
          [-129.66058, 36.16711],
          [-129.63374, 36.17277],
          [-129.60413, 36.15876],
          [-129.5999, 36.15676],
          [-129.57306, 36.16241],
          [-129.54346, 36.14839],
          [-129.53923, 36.14638],
          [-129.50964, 36.13236],
          [-129.50541, 36.13035],
          [-129.47857, 36.13599],
          [-129.44899, 36.12195],
          [-129.44476, 36.11994],
          [-129.41519, 36.1059],
          [-129.41096, 36.10389],
          [-129.38413, 36.10951],
          [-129.35456, 36.09546],
          [-129.35034, 36.09345],
          [-129.3235, 36.09906],
          [-129.29395, 36.08499],
          [-129.28973, 36.08298],
          [-129.26018, 36.06891],
          [-129.25596, 36.0669],
          [-129.22913, 36.0725],
          [-129.19959, 36.05841],
          [-129.19538, 36.0564],
          [-129.16854, 36.06199],
          [-129.13902, 36.04789],
          [-129.1348, 36.04587],
          [-129.10796, 36.05145],
          [-129.08113, 36.05703],
          [-129.05162, 36.04292],
          [-129.0474, 36.0409],
          [-129.02056, 36.04646],
          [-128.99372, 36.05202],
          [-128.96422, 36.0379],
          [-128.96001, 36.03588],
          [-128.93317, 36.04143],
          [-128.90368, 36.02729],
          [-128.89947, 36.02527],
          [-128.87262, 36.03081],
          [-128.84578, 36.03635],
          [-128.8163, 36.02219],
          [-128.81209, 36.02017],
          [-128.78525, 36.0257],
          [-128.7584, 36.03122],
          [-128.73155, 36.03674],
          [-128.7047, 36.04225],
          [-128.67524, 36.02808],
          [-128.67103, 36.02605],
          [-128.64418, 36.03155],
          [-128.61732, 36.03705],
          [-128.59046, 36.04255],
          [-128.56102, 36.02835],
          [-128.55681, 36.02632],
          [-128.52995, 36.03181],
          [-128.50309, 36.03729],
          [-128.47623, 36.04277],
          [-128.4468, 36.02855],
          [-128.44259, 36.02652],
          [-128.41573, 36.03199],
          [-128.38886, 36.03745],
          [-128.35944, 36.02322],
          [-128.35524, 36.02118],
          [-128.32837, 36.02664],
          [-128.3015, 36.03209],
          [-128.2721, 36.01784],
          [-128.2679, 36.0158],
          [-128.24103, 36.02124],
          [-128.21415, 36.02668],
          [-128.18728, 36.03211],
          [-128.1604, 36.03754],
          [-128.13352, 36.04296],
          [-128.10663, 36.04838],
          [-128.07974, 36.05379],
          [-128.05036, 36.0395],
          [-128.04617, 36.03746],
          [-128.01928, 36.04287],
          [-127.99239, 36.04827],
          [-127.96302, 36.03396],
          [-127.95883, 36.03192],
          [-127.93194, 36.03731],
          [-127.90258, 36.02299],
          [-127.89839, 36.02095],
          [-127.87149, 36.02633],
          [-127.8446, 36.03171],
          [-127.81771, 36.03708],
          [-127.79081, 36.04245],
          [-127.76391, 36.04781],
          [-127.73457, 36.03347],
          [-127.73038, 36.03142],
          [-127.70348, 36.03677],
          [-127.67657, 36.04212],
          [-127.64725, 36.02776],
          [-127.64306, 36.02571],
          [-127.61615, 36.03105],
          [-127.58925, 36.03638],
          [-127.56234, 36.04172],
          [-127.53542, 36.04704],
          [-127.50612, 36.03266],
          [-127.50193, 36.0306],
          [-127.47502, 36.03592],
          [-127.4481, 36.04123],
          [-127.42118, 36.04654],
          [-127.39189, 36.03214],
          [-127.38771, 36.03008],
          [-127.36079, 36.03538],
          [-127.33387, 36.04067],
          [-127.30695, 36.04596],
          [-127.28002, 36.05125],
          [-127.25075, 36.03682],
          [-127.24656, 36.03476],
          [-127.21964, 36.04004],
          [-127.19271, 36.04531],
          [-127.16578, 36.05058],
          [-127.13885, 36.05584],
          [-127.11191, 36.0611],
          [-127.08497, 36.06635],
          [-127.05572, 36.05189],
          [-127.05154, 36.04982],
          [-127.0246, 36.05507],
          [-126.99766, 36.06031],
          [-126.97071, 36.06555],
          [-126.94377, 36.07078],
          [-126.91453, 36.05629],
          [-126.91036, 36.05422],
          [-126.88341, 36.05944],
          [-126.85418, 36.04495],
          [-126.85001, 36.04287],
          [-126.82306, 36.04809],
          [-126.79611, 36.05329],
          [-126.76916, 36.0585],
          [-126.73995, 36.04398],
          [-126.73578, 36.04191],
          [-126.70883, 36.0471],
          [-126.68187, 36.05229],
          [-126.65492, 36.05748],
          [-126.62572, 36.04294],
          [-126.62155, 36.04086],
          [-126.59459, 36.04604],
          [-126.56541, 36.03149],
          [-126.56124, 36.02941],
          [-126.53429, 36.03458],
          [-126.50733, 36.03974],
          [-126.47816, 36.02517],
          [-126.47399, 36.02309],
          [-126.44703, 36.02825],
          [-126.42007, 36.03339],
          [-126.39091, 36.01881],
          [-126.38675, 36.01673],
          [-126.35978, 36.02187],
          [-126.33282, 36.027],
          [-126.30367, 36.01241],
          [-126.29951, 36.01032],
          [-126.27255, 36.01545],
          [-126.24341, 36.00084],
          [-126.23925, 35.99876],
          [-126.21229, 36.00387],
          [-126.18317, 35.98925],
          [-126.17901, 35.98717],
          [-126.15204, 35.99227],
          [-126.12508, 35.99737],
          [-126.09597, 35.98274],
          [-126.09181, 35.98065],
          [-126.06484, 35.98574],
          [-126.03575, 35.9711],
          [-126.03159, 35.969],
          [-126.00462, 35.97409],
          [-125.97554, 35.95943],
          [-125.97138, 35.95734],
          [-125.94442, 35.96241],
          [-125.91745, 35.96748],
          [-125.89048, 35.97254],
          [-125.8635, 35.9776],
          [-125.83443, 35.96292],
          [-125.83028, 35.96083],
          [-125.80331, 35.96588],
          [-125.77633, 35.97092],
          [-125.74728, 35.95623],
          [-125.74313, 35.95413],
          [-125.71615, 35.95916],
          [-125.68711, 35.94446],
          [-125.68296, 35.94236],
          [-125.65598, 35.94738],
          [-125.629, 35.95241],
          [-125.60202, 35.95742],
          [-125.57504, 35.96244],
          [-125.54805, 35.96745],
          [-125.52106, 35.97245],
          [-125.49204, 35.95771],
          [-125.4879, 35.95561],
          [-125.46091, 35.9606],
          [-125.43392, 35.96559],
          [-125.40692, 35.97058],
          [-125.37993, 35.97556],
          [-125.35092, 35.9608],
          [-125.34678, 35.95869],
          [-125.31979, 35.96366],
          [-125.29279, 35.96863],
          [-125.26579, 35.97359],
          [-125.23878, 35.97855],
          [-125.21178, 35.9835],
          [-125.18477, 35.98845],
          [-125.15776, 35.9934],
          [-125.13075, 35.99834],
          [-125.10373, 36.00328],
          [-125.07671, 36.00821],
          [-125.04703, 36.00357],
          [-125.02001, 36.0085],
          [-124.99371, 36.00324],
          [-124.98995, 36.00249],
          [-124.96255, 36.00603],
          [-124.93552, 36.01094],
          [-124.90849, 36.01585],
          [-124.88146, 36.02075],
          [-124.85443, 36.02564],
          [-124.8274, 36.03054],
          [-124.80036, 36.03542],
          [-124.77332, 36.04031],
          [-124.74628, 36.04518],
          [-124.71924, 36.05006],
          [-124.69219, 36.05493],
          [-124.66326, 36.04005],
          [-124.65913, 36.03792],
          [-124.63208, 36.04278],
          [-124.60503, 36.04764],
          [-124.57798, 36.05249],
          [-124.55093, 36.05734],
          [-124.52387, 36.06218],
          [-124.49496, 36.04727],
          [-124.49083, 36.04514],
          [-124.46378, 36.04997],
          [-124.43672, 36.0548],
          [-124.40966, 36.05963],
          [-124.3826, 36.06445],
          [-124.35553, 36.06926],
          [-124.32847, 36.07407],
          [-124.3014, 36.07888],
          [-124.27433, 36.08368],
          [-124.27168, 36.08701],
          [-124.25319, 36.11035],
          [-124.2261, 36.11515],
          [-124.19902, 36.11994],
          [-124.17193, 36.12472],
          [-124.16929, 36.12805],
          [-124.15076, 36.15138],
          [-124.12366, 36.15616],
          [-124.09656, 36.16093],
          [-124.06946, 36.16569],
          [-124.04236, 36.17046],
          [-124.01525, 36.17521],
          [-123.98815, 36.17997],
          [-123.96103, 36.18472],
          [-123.93392, 36.18946],
          [-123.90681, 36.1942],
          [-123.87969, 36.19894],
          [-123.87703, 36.20227],
          [-123.85843, 36.22555],
          [-123.8313, 36.23028],
          [-123.80417, 36.235],
          [-123.80151, 36.23833],
          [-123.78289, 36.26161],
          [-123.75575, 36.26632],
          [-123.72861, 36.27103],
          [-123.70146, 36.27574],
          [-123.67432, 36.28044],
          [-123.67165, 36.28376],
          [-123.65299, 36.30702],
          [-123.62584, 36.31171],
          [-123.59868, 36.3164],
          [-123.57152, 36.32108],
          [-123.56885, 36.3244],
          [-123.55016, 36.34765],
          [-123.52299, 36.35232],
          [-123.49581, 36.35699],
          [-123.46864, 36.36166],
          [-123.44146, 36.36632],
          [-123.41428, 36.37098],
          [-123.3871, 36.37563],
          [-123.35991, 36.38028],
          [-123.33272, 36.38493],
          [-123.33005, 36.38824],
          [-123.3113, 36.41145],
          [-123.2841, 36.41609],
          [-123.2569, 36.42072],
          [-123.2297, 36.42535],
          [-123.20249, 36.42997],
          [-123.17529, 36.43459],
          [-123.14808, 36.4392],
          [-123.12087, 36.44381],
          [-123.09365, 36.44842],
          [-123.06484, 36.43329],
          [-123.06072, 36.43112],
          [-123.03351, 36.43572],
          [-123.00471, 36.42058],
          [-123.00059, 36.41841],
          [-122.97338, 36.423],
          [-122.94617, 36.42758],
          [-122.91895, 36.43216],
          [-122.89173, 36.43673],
          [-122.86295, 36.42156],
          [-122.85884, 36.4194],
          [-122.83162, 36.42396],
          [-122.8044, 36.42852],
          [-122.77563, 36.41334],
          [-122.77152, 36.41117],
          [-122.7443, 36.41572],
          [-122.71554, 36.40052],
          [-122.71143, 36.39835],
          [-122.68421, 36.40289],
          [-122.65699, 36.40743],
          [-122.62977, 36.41196],
          [-122.60254, 36.41648],
          [-122.57531, 36.42101],
          [-122.54808, 36.42552],
          [-122.52085, 36.43003],
          [-122.49362, 36.43454],
          [-122.46638, 36.43905],
          [-122.43765, 36.42381],
          [-122.43355, 36.42163],
          [-122.40484, 36.40639],
          [-122.40073, 36.40421],
          [-122.3735, 36.4087],
          [-122.3448, 36.39344],
          [-122.3407, 36.39126],
          [-122.31346, 36.39574],
          [-122.28623, 36.40021],
          [-122.25899, 36.40469],
          [-122.23175, 36.40915],
          [-122.20307, 36.39387],
          [-122.19897, 36.39169],
          [-122.17173, 36.39614],
          [-122.14449, 36.4006],
          [-122.11582, 36.3853],
          [-122.11173, 36.38312],
          [-122.08449, 36.38756],
          [-122.05724, 36.392],
          [-122.02859, 36.37669],
          [-122.02449, 36.3745],
          [-121.99725, 36.37893],
          [-121.97001, 36.38335],
          [-121.94276, 36.38777],
          [-121.91552, 36.39219],
          [-121.88688, 36.37685],
          [-121.88279, 36.37466],
          [-121.85554, 36.37907],
          [-121.82692, 36.36372],
          [-121.82283, 36.36153],
          [-121.79558, 36.36592],
          [-121.76834, 36.37032],
          [-121.74108, 36.3747],
          [-121.71248, 36.35934],
          [-121.70839, 36.35714],
          [-121.68114, 36.36152],
          [-121.65389, 36.36589],
          [-121.62664, 36.37026],
          [-121.59938, 36.37463],
          [-121.57212, 36.37899],
          [-121.54486, 36.38334],
          [-121.5176, 36.38769],
          [-121.49033, 36.39204],
          [-121.46307, 36.39638],
          [-121.4358, 36.40072],
          [-121.40852, 36.40505],
          [-121.38125, 36.40938],
          [-121.35397, 36.4137],
          [-121.3267, 36.41802],
          [-121.32396, 36.42131],
          [-121.30478, 36.44429],
          [-121.27749, 36.4486],
          [-121.2502, 36.45291],
          [-121.22291, 36.45721],
          [-121.19561, 36.4615],
          [-121.19287, 36.46479],
          [-121.17132, 36.47815],
          [-121.14635, 36.49204],
          [-121.11904, 36.49632],
          [-121.09174, 36.5006],
          [-121.08899, 36.50388],
          [-121.06974, 36.52683],
          [-121.06699, 36.53011],
          [-121.04774, 36.55305],
          [-121.04499, 36.55633],
          [-121.02573, 36.57927],
          [-121.02297, 36.58255],
          [-121.0037, 36.60548],
          [-120.97636, 36.60974],
          [-120.97361, 36.61302],
          [-120.95432, 36.63594],
          [-120.95156, 36.63922],
          [-120.93227, 36.66214],
          [-120.92951, 36.66541],
          [-120.9102, 36.68833],
          [-120.90744, 36.6916],
          [-120.88813, 36.71451],
          [-120.86076, 36.71875],
          [-120.85799, 36.72203],
          [-120.83866, 36.74493],
          [-120.81128, 36.74916],
          [-120.80852, 36.75243],
          [-120.78917, 36.77533],
          [-120.76178, 36.77955],
          [-120.73439, 36.78377],
          [-120.70699, 36.78798],
          [-120.70422, 36.79125],
          [-120.68485, 36.81413],
          [-120.65744, 36.81833],
          [-120.63004, 36.82253],
          [-120.62726, 36.8258],
          [-120.60787, 36.84867],
          [-120.58045, 36.85286],
          [-120.57768, 36.85612],
          [-120.55826, 36.87898],
          [-120.53084, 36.88317],
          [-120.52806, 36.88643],
          [-120.50863, 36.90928],
          [-120.48119, 36.91346],
          [-120.47842, 36.91672],
          [-120.45897, 36.93956],
          [-120.43153, 36.94373],
          [-120.42875, 36.94699],
          [-120.40928, 36.96983],
          [-120.38183, 36.97398],
          [-120.37905, 36.97725],
          [-120.35957, 37.00007],
          [-120.35679, 37.00333],
          [-120.3373, 37.02615],
          [-120.30983, 37.0303],
          [-120.30704, 37.03356],
          [-120.28754, 37.05637],
          [-120.28475, 37.05963],
          [-120.26524, 37.08244],
          [-120.26245, 37.0857],
          [-120.24293, 37.1085],
          [-120.24014, 37.11176],
          [-120.2206, 37.13455],
          [-120.21781, 37.13781],
          [-120.19827, 37.1606],
          [-120.19548, 37.16386],
          [-120.17593, 37.18665],
          [-120.17314, 37.1899],
          [-120.15358, 37.21269],
          [-120.15078, 37.21594],
          [-120.15595, 37.23786],
          [-120.13638, 37.26064],
          [-120.13358, 37.26389],
          [-120.114, 37.28666],
          [-120.1112, 37.28991],
          [-120.09161, 37.31268],
          [-120.08881, 37.31593],
          [-120.06921, 37.3387],
          [-120.06641, 37.34195],
          [-120.07156, 37.36386],
          [-120.05195, 37.38661],
          [-120.04915, 37.38986],
          [-120.02953, 37.41262],
          [-120.02672, 37.41586],
          [-120.00709, 37.43861],
          [-120.00428, 37.44186],
          [-119.98464, 37.4646],
          [-119.98184, 37.46785],
          [-119.98698, 37.48975],
          [-119.96733, 37.51249],
          [-119.96452, 37.51573],
          [-119.94485, 37.53846],
          [-119.94205, 37.54171],
          [-119.92237, 37.56443],
          [-119.91956, 37.56768],
          [-119.9247, 37.58957],
          [-119.90501, 37.61229],
          [-119.9022, 37.61554],
          [-119.8825, 37.63825],
          [-119.87969, 37.64149],
          [-119.88482, 37.66338],
          [-119.88996, 37.68527],
          [-119.87025, 37.70798],
          [-119.86743, 37.71122],
          [-119.87256, 37.7331],
          [-119.8777, 37.75499],
          [-119.85797, 37.77768],
          [-119.85515, 37.78092],
          [-119.86029, 37.8028],
          [-119.86542, 37.82468],
          [-119.87056, 37.84655],
          [-119.85082, 37.86924],
          [-119.848, 37.87248],
          [-119.85313, 37.89435],
          [-119.85827, 37.91622],
          [-119.86341, 37.93808],
          [-119.86856, 37.95995],
          [-119.8737, 37.98181],
          [-119.87885, 38.00367],
          [-119.884, 38.02552],
          [-119.88915, 38.04738],
          [-119.8943, 38.06923],
          [-119.89946, 38.09108],
          [-119.87968, 38.11375],
          [-119.87685, 38.11698],
          [-119.882, 38.13883],
          [-119.86221, 38.16149],
          [-119.83443, 38.16554],
          [-119.8316, 38.16878],
          [-119.81178, 38.19143],
          [-119.78399, 38.19547],
          [-119.7562, 38.1995],
          [-119.7284, 38.20353],
          [-119.6996, 38.18794],
          [-119.69548, 38.18572],
          [-119.66769, 38.18974],
          [-119.66485, 38.19297],
          [-119.645, 38.2156],
          [-119.64216, 38.21883],
          [-119.64728, 38.24068],
          [-119.62741, 38.2633],
          [-119.62457, 38.26653],
          [-119.62968, 38.28837],
          [-119.60981, 38.31099],
          [-119.60697, 38.31422],
          [-119.61207, 38.33605],
          [-119.59218, 38.35866],
          [-119.58934, 38.36189],
          [-119.56944, 38.3845],
          [-119.5666, 38.38773],
          [-119.54669, 38.41033],
          [-119.54385, 38.41355],
          [-119.52393, 38.43615],
          [-119.52108, 38.43937],
          [-119.52618, 38.4612],
          [-119.50625, 38.48379],
          [-119.5034, 38.48701],
          [-119.48346, 38.5096],
          [-119.48061, 38.51282],
          [-119.46066, 38.5354],
          [-119.4578, 38.53862],
          [-119.43784, 38.56119],
          [-119.43499, 38.56442],
          [-119.41502, 38.58699],
          [-119.41217, 38.59021],
          [-119.39219, 38.61277],
          [-119.38933, 38.61599],
          [-119.36934, 38.63855],
          [-119.36649, 38.64177],
          [-119.34649, 38.66432],
          [-119.34363, 38.66754],
          [-119.32362, 38.69009],
          [-119.32076, 38.69331],
          [-119.30074, 38.71585],
          [-119.27279, 38.7198],
          [-119.26993, 38.72302],
          [-119.2499, 38.74555],
          [-119.24703, 38.74876],
          [-119.22699, 38.77129],
          [-119.22412, 38.77451],
          [-119.20407, 38.79703],
          [-119.2012, 38.80025],
          [-119.18114, 38.82276],
          [-119.15316, 38.82669],
          [-119.15029, 38.8299],
          [-119.13021, 38.85241],
          [-119.12734, 38.85563],
          [-119.13237, 38.87742],
          [-119.11228, 38.89992],
          [-119.08427, 38.90384],
          [-119.0814, 38.90705],
          [-119.06129, 38.92954],
          [-119.05842, 38.93275],
          [-119.0383, 38.95524],
          [-119.03542, 38.95845],
          [-119.01529, 38.98093],
          [-119.01242, 38.98414],
          [-118.99228, 39.00661],
          [-118.96424, 39.01051],
          [-118.96136, 39.01372],
          [-118.9412, 39.03618],
          [-118.93832, 39.03939],
          [-118.91816, 39.06185],
          [-118.91527, 39.06506],
          [-118.8951, 39.08752],
          [-118.89222, 39.09072],
          [-118.87203, 39.11317],
          [-118.86914, 39.11638],
          [-118.84895, 39.13882],
          [-118.84606, 39.14203],
          [-118.82367, 39.15494],
          [-118.79777, 39.16833],
          [-118.79488, 39.17154],
          [-118.77466, 39.19397],
          [-118.77177, 39.19717],
          [-118.74936, 39.21007],
          [-118.72344, 39.22345],
          [-118.72054, 39.22665],
          [-118.70029, 39.24906],
          [-118.6974, 39.25227],
          [-118.67714, 39.27468],
          [-118.67425, 39.27788],
          [-118.65398, 39.30028],
          [-118.65108, 39.30348],
          [-118.6308, 39.32588],
          [-118.62791, 39.32908],
          [-118.60762, 39.35147],
          [-118.60472, 39.35467],
          [-118.58442, 39.37706],
          [-118.58152, 39.38026],
          [-118.56121, 39.40264],
          [-118.55831, 39.40584],
          [-118.53799, 39.42822],
          [-118.53509, 39.43141],
          [-118.5126, 39.44427],
          [-118.49953, 39.45865],
          [-118.48936, 39.46983],
          [-118.47628, 39.48421],
          [-118.46611, 39.49539],
          [-118.44038, 39.51006],
          [-118.43893, 39.51166],
          [-118.41711, 39.53561],
          [-118.41565, 39.5372],
          [-118.39382, 39.56115],
          [-118.3906, 39.56298],
          [-118.37022, 39.58532],
          [-118.36731, 39.58851],
          [-118.34691, 39.61085],
          [-118.344, 39.61404],
          [-118.32145, 39.62685],
          [-118.29567, 39.6415],
          [-118.29244, 39.64333],
          [-118.27202, 39.66565],
          [-118.26911, 39.66884],
          [-118.24867, 39.69115],
          [-118.24575, 39.69434],
          [-118.22317, 39.70714],
          [-118.19736, 39.72177],
          [-118.19414, 39.7236],
          [-118.17368, 39.7459],
          [-118.17075, 39.74908],
          [-118.15029, 39.77138],
          [-118.14736, 39.77456],
          [-118.12688, 39.79685],
          [-118.12396, 39.80004],
          [-118.10134, 39.81281],
          [-118.07518, 39.82606],
          [-118.07225, 39.82924],
          [-118.05175, 39.85151],
          [-118.04882, 39.85469],
          [-118.0283, 39.87696],
          [-118.02537, 39.88014],
          [-118.00484, 39.90241],
          [-117.97683, 39.90749],
          [-117.9736, 39.90931],
          [-117.95305, 39.93156],
          [-117.95012, 39.93474],
          [-117.92957, 39.95699],
          [-117.92663, 39.96017],
          [-117.90607, 39.98241],
          [-117.87773, 39.98611],
          [-117.87479, 39.98929],
          [-117.85421, 40.01152],
          [-117.85127, 40.0147],
          [-117.83068, 40.03693],
          [-117.82774, 40.0401],
          [-117.80714, 40.06233],
          [-117.8042, 40.0655],
          [-117.78359, 40.08772],
          [-117.78064, 40.09089],
          [-117.76002, 40.1131],
          [-117.75708, 40.11628],
          [-117.73645, 40.13848],
          [-117.70806, 40.14215],
          [-117.70511, 40.14533],
          [-117.68447, 40.16752],
          [-117.68152, 40.17069],
          [-117.66086, 40.19288],
          [-117.65791, 40.19605],
          [-117.63724, 40.21824],
          [-117.63429, 40.22141],
          [-117.61361, 40.24359],
          [-117.61066, 40.24676],
          [-117.58997, 40.26893],
          [-117.56154, 40.27258],
          [-117.55858, 40.27574],
          [-117.53788, 40.29791],
          [-117.53492, 40.30108],
          [-117.51421, 40.32323],
          [-117.51125, 40.3264],
          [-117.49052, 40.34855],
          [-117.48756, 40.35172],
          [-117.46683, 40.37387],
          [-117.46387, 40.37703],
          [-117.44312, 40.39917],
          [-117.41465, 40.40279],
          [-117.41169, 40.40595],
          [-117.39093, 40.42809],
          [-117.38796, 40.43125],
          [-117.36719, 40.45338],
          [-117.36422, 40.45654],
          [-117.34344, 40.47866],
          [-117.34047, 40.48182],
          [-117.31968, 40.50393],
          [-117.3167, 40.50709],
          [-117.2959, 40.5292],
          [-117.29293, 40.53236],
          [-117.27212, 40.55447],
          [-117.26914, 40.55762],
          [-117.24832, 40.57972],
          [-117.24535, 40.58288],
          [-117.22451, 40.60497],
          [-117.22154, 40.60813],
          [-117.20069, 40.63022],
          [-117.19772, 40.63337],
          [-117.17686, 40.65545],
          [-117.17388, 40.65861],
          [-117.15302, 40.68068],
          [-117.15004, 40.68384],
          [-117.12916, 40.70591],
          [-117.12618, 40.70906],
          [-117.1053, 40.73113],
          [-117.10231, 40.73428],
          [-117.08142, 40.75634],
          [-117.07843, 40.75949],
          [-117.05753, 40.78154],
          [-117.05454, 40.78469],
          [-117.05924, 40.80634],
          [-117.03832, 40.82838],
          [-117.03533, 40.83153],
          [-117.0144, 40.85357],
          [-117.01141, 40.85672],
          [-116.99047, 40.87875],
          [-116.96185, 40.88229],
          [-116.95886, 40.88544],
          [-116.9379, 40.90746],
          [-116.93491, 40.91061],
          [-116.93958, 40.93224],
          [-116.91861, 40.95426],
          [-116.91562, 40.9574],
          [-116.89464, 40.97942],
          [-116.89164, 40.98256],
          [-116.89631, 41.00419],
          [-116.87531, 41.02619],
          [-116.87231, 41.02933],
          [-116.87698, 41.05095],
          [-116.85597, 41.07295],
          [-116.85297, 41.07609],
          [-116.83195, 41.09808],
          [-116.82895, 41.10122],
          [-116.80792, 41.12321],
          [-116.80492, 41.12635],
          [-116.78388, 41.14832],
          [-116.78087, 41.15146],
          [-116.75982, 41.17344],
          [-116.75682, 41.17657],
          [-116.73576, 41.19854],
          [-116.73275, 41.20168],
          [-116.71168, 41.22364],
          [-116.70867, 41.22677],
          [-116.68759, 41.24873],
          [-116.68458, 41.25187],
          [-116.66349, 41.27381],
          [-116.66047, 41.27695],
          [-116.66511, 41.29855],
          [-116.644, 41.32049],
          [-116.64099, 41.32362],
          [-116.61987, 41.34556],
          [-116.61685, 41.34869],
          [-116.62148, 41.37028],
          [-116.60035, 41.39221],
          [-116.59733, 41.39534],
          [-116.57619, 41.41726],
          [-116.57317, 41.42039],
          [-116.55203, 41.44231],
          [-116.549, 41.44544],
          [-116.52784, 41.46735],
          [-116.52482, 41.47048],
          [-116.50365, 41.49238],
          [-116.50062, 41.49551],
          [-116.47944, 41.51741],
          [-116.47642, 41.52053],
          [-116.48102, 41.54211],
          [-116.45983, 41.564],
          [-116.4568, 41.56712],
          [-116.43559, 41.58901],
          [-116.43256, 41.59213],
          [-116.41135, 41.61401],
          [-116.40832, 41.61714],
          [-116.38709, 41.63901],
          [-116.38406, 41.64213],
          [-116.36282, 41.664],
          [-116.33396, 41.66742],
          [-116.3051, 41.67084],
          [-116.27623, 41.67425],
          [-116.24736, 41.67766],
          [-116.21849, 41.68107],
          [-116.18962, 41.68447],
          [-116.18658, 41.68759],
          [-116.16529, 41.70943],
          [-116.13641, 41.71282],
          [-116.13337, 41.71594],
          [-116.11206, 41.73776],
          [-116.10902, 41.74088],
          [-116.0877, 41.7627],
          [-116.08466, 41.76582],
          [-116.08919, 41.78737],
          [-116.06786, 41.80919],
          [-116.06481, 41.8123],
          [-116.04347, 41.83411],
          [-116.04042, 41.83722],
          [-116.01907, 41.85903],
          [-116.01602, 41.86214],
          [-115.99465, 41.88394],
          [-115.9916, 41.88705],
          [-115.97023, 41.90884],
          [-115.96718, 41.91195],
          [-115.97169, 41.93349],
          [-115.9503, 41.95527],
          [-115.94725, 41.95838],
          [-115.95176, 41.97992],
          [-115.93036, 42.00169],
          [-115.9273, 42.0048],
          [-115.90589, 42.02657],
          [-115.90283, 42.02967],
          [-115.88141, 42.05144],
          [-115.87834, 42.05454],
          [-115.88285, 42.07607],
          [-115.86141, 42.09782],
          [-115.85835, 42.10093],
          [-115.86285, 42.12244],
          [-115.84139, 42.14419],
          [-115.83833, 42.1473],
          [-115.84283, 42.16881],
          [-115.82136, 42.19054],
          [-115.81829, 42.19365],
          [-115.79682, 42.21538],
          [-115.79375, 42.21848],
          [-115.79824, 42.23999],
          [-115.80273, 42.26149],
          [-115.80723, 42.28299],
          [-115.78573, 42.30471],
          [-115.78266, 42.30781],
          [-115.78715, 42.3293],
          [-115.76564, 42.35101],
          [-115.76256, 42.35411],
          [-115.76705, 42.3756],
          [-115.74553, 42.3973],
          [-115.74245, 42.4004],
          [-115.72092, 42.4221],
          [-115.71784, 42.42519],
          [-115.72232, 42.44667],
          [-115.70077, 42.46836],
          [-115.69769, 42.47146],
          [-115.70217, 42.49293],
          [-115.68061, 42.51461],
          [-115.67753, 42.51771],
          [-115.68201, 42.53918],
          [-115.66043, 42.56085],
          [-115.65734, 42.56394],
          [-115.63575, 42.58561],
          [-115.63267, 42.5887],
          [-115.61107, 42.61036],
          [-115.60798, 42.61345],
          [-115.58637, 42.6351],
          [-115.58328, 42.6382],
          [-115.56166, 42.65984],
          [-115.55857, 42.66293],
          [-115.53694, 42.68457],
          [-115.53385, 42.68766],
          [-115.5122, 42.7093],
          [-115.50911, 42.71239],
          [-115.48746, 42.73401],
          [-115.48436, 42.7371],
          [-115.4627, 42.75872],
          [-115.4596, 42.76181],
          [-115.43793, 42.78342],
          [-115.43483, 42.78651],
          [-115.43927, 42.80795],
          [-115.41758, 42.82956],
          [-115.41448, 42.83264],
          [-115.41891, 42.85408],
          [-115.39721, 42.87568],
          [-115.39411, 42.87876],
          [-115.39854, 42.90019],
          [-115.37682, 42.92178],
          [-115.37372, 42.92486],
          [-115.37815, 42.94629],
          [-115.35642, 42.96787],
          [-115.35331, 42.97095],
          [-115.35774, 42.99237],
          [-115.33599, 43.01394],
          [-115.33288, 43.01702],
          [-115.33731, 43.03843],
          [-115.34174, 43.05984],
          [-115.31997, 43.0814],
          [-115.31686, 43.08448],
          [-115.32129, 43.10589],
          [-115.32572, 43.12729],
          [-115.33015, 43.14869],
          [-115.33458, 43.17008],
          [-115.33901, 43.19147],
          [-115.34345, 43.21286],
          [-115.34789, 43.23425],
          [-115.35233, 43.25563],
          [-115.35677, 43.27701],
          [-115.36121, 43.29839],
          [-115.36566, 43.31976],
          [-115.3701, 43.34113],
          [-115.37455, 43.3625],
          [-115.379, 43.38387],
          [-115.38346, 43.40523],
          [-115.38791, 43.42659],
          [-115.39215, 43.42885],
          [-115.42178, 43.4447],
          [-115.42625, 43.46606],
          [-115.43072, 43.48741],
          [-115.43495, 43.48967],
          [-115.46461, 43.50551],
          [-115.46909, 43.52685],
          [-115.47357, 43.54819],
          [-115.47805, 43.56953],
          [-115.48253, 43.59086],
          [-115.46068, 43.61237],
          [-115.45756, 43.61544],
          [-115.46204, 43.63677],
          [-115.44017, 43.65827],
          [-115.43705, 43.66134],
          [-115.44152, 43.68266],
          [-115.44601, 43.70398],
          [-115.42412, 43.72546],
          [-115.42099, 43.72853],
          [-115.42547, 43.74985],
          [-115.42995, 43.77116],
          [-115.43443, 43.79246],
          [-115.43891, 43.81377],
          [-115.4434, 43.83507],
          [-115.44789, 43.85637],
          [-115.45238, 43.87766],
          [-115.45687, 43.89896],
          [-115.46136, 43.92025],
          [-115.46586, 43.94153],
          [-115.47036, 43.96282],
          [-115.47486, 43.9841],
          [-115.45291, 44.00554],
          [-115.44978, 44.00861],
          [-115.45427, 44.02988],
          [-115.45877, 44.05115],
          [-115.46304, 44.05341],
          [-115.49287, 44.06918],
          [-115.49738, 44.09045],
          [-115.50189, 44.11171],
          [-115.50641, 44.13297],
          [-115.51092, 44.15422],
          [-115.51544, 44.17548],
          [-115.49346, 44.1969],
          [-115.49032, 44.19996],
          [-115.49484, 44.22121],
          [-115.49935, 44.24245],
          [-115.50387, 44.26369],
          [-115.50839, 44.28493],
          [-115.51292, 44.30616],
          [-115.51744, 44.32739],
          [-115.52197, 44.34862],
          [-115.5265, 44.36984],
          [-115.50448, 44.39124],
          [-115.50133, 44.3943],
          [-115.50586, 44.41552],
          [-115.51014, 44.41777],
          [-115.54009, 44.4335],
          [-115.54463, 44.45471],
          [-115.54917, 44.47592],
          [-115.55371, 44.49712],
          [-115.55433, 44.5]
        ]
      }
    },
    {
      "type": "Feature",
      "id": "2026091006_f072_11000_001",
      "properties": {
        "product_id": "winter_storm_levels",
        "source_id": "nbm_snow_level",
        "parameter": "snow_level",
        "definition": "height of the wet-bulb 0.5 degree C surface",
        "level_ft_msl": 11000,
        "label": "11,000 ft MSL",
        "unit": "ft_msl",
        "cycle_time_utc": "2026-09-10T06:00:00Z",
        "valid_time_utc": "2026-09-13T06:00:00Z",
        "lead_hours": 72,
        "segment": 1,
        "length_m": 397876.9
      },
      "geometry": {
        "type": "LineString",
        "coordinates": [
          [-119.83967, 33.60969],
          [-119.83478, 33.61561],
          [-119.81795, 33.636],
          [-119.82288, 33.6582],
          [-119.818, 33.66412],
          [-119.80115, 33.6845],
          [-119.79626, 33.69042],
          [-119.77941, 33.7108],
          [-119.78434, 33.73299],
          [-119.78927, 33.75518],
          [-119.78438, 33.7611],
          [-119.76752, 33.78148],
          [-119.77245, 33.80366],
          [-119.77738, 33.82585],
          [-119.77248, 33.83177],
          [-119.75561, 33.85214],
          [-119.75071, 33.85805],
          [-119.73382, 33.87842],
          [-119.73875, 33.9006],
          [-119.73385, 33.90651],
          [-119.71695, 33.92687],
          [-119.71205, 33.93278],
          [-119.69514, 33.95314],
          [-119.70007, 33.97532],
          [-119.69516, 33.98123],
          [-119.67825, 34.00158],
          [-119.68317, 34.02376],
          [-119.67826, 34.02967],
          [-119.66134, 34.05002],
          [-119.66626, 34.07219],
          [-119.66134, 34.0781],
          [-119.64441, 34.09844],
          [-119.64933, 34.12062],
          [-119.64441, 34.12652],
          [-119.62747, 34.14686],
          [-119.63239, 34.16903],
          [-119.62747, 34.17494],
          [-119.61051, 34.19527],
          [-119.61543, 34.21744],
          [-119.61051, 34.22334],
          [-119.59354, 34.24367],
          [-119.59846, 34.26583],
          [-119.59354, 34.27174],
          [-119.57656, 34.29206],
          [-119.58148, 34.31422],
          [-119.57655, 34.32012],
          [-119.55956, 34.34044],
          [-119.56448, 34.3626],
          [-119.55954, 34.3685],
          [-119.54255, 34.38882],
          [-119.54746, 34.41097],
          [-119.54253, 34.41687],
          [-119.52552, 34.43718],
          [-119.53043, 34.45934],
          [-119.52549, 34.46523],
          [-119.50848, 34.48554],
          [-119.51339, 34.50769],
          [-119.5183, 34.52984],
          [-119.51336, 34.53573],
          [-119.49633, 34.55604],
          [-119.50124, 34.57818],
          [-119.4963, 34.58407],
          [-119.47926, 34.60437],
          [-119.47431, 34.61026],
          [-119.45726, 34.63056],
          [-119.45231, 34.63645],
          [-119.42539, 34.64048],
          [-119.40833, 34.66077],
          [-119.40338, 34.66666],
          [-119.37645, 34.67068],
          [-119.35938, 34.69096],
          [-119.35442, 34.69685],
          [-119.32749, 34.70087],
          [-119.3104, 34.72114],
          [-119.30543, 34.72702],
          [-119.28834, 34.74729],
          [-119.28337, 34.75317],
          [-119.26627, 34.77344],
          [-119.2613, 34.77932],
          [-119.24418, 34.79958],
          [-119.23921, 34.80546],
          [-119.22209, 34.82572],
          [-119.21712, 34.8316],
          [-119.19999, 34.85185],
          [-119.19502, 34.85773],
          [-119.16804, 34.86172],
          [-119.14106, 34.8657],
          [-119.11408, 34.86969],
          [-119.09693, 34.88992],
          [-119.09195, 34.8958],
          [-119.06496, 34.89977],
          [-119.05779, 34.89569],
          [-119.03313, 34.8816],
          [-119.00614, 34.88557],
          [-118.99898, 34.88148],
          [-118.97433, 34.86739],
          [-118.96717, 34.8633],
          [-118.94253, 34.8492],
          [-118.93537, 34.84511],
          [-118.93056, 34.82296],
          [-118.90593, 34.80886],
          [-118.89878, 34.80476],
          [-118.89397, 34.78261],
          [-118.86935, 34.7685],
          [-118.86221, 34.76441],
          [-118.85741, 34.74225],
          [-118.85262, 34.7201],
          [-118.84783, 34.69794],
          [-118.84304, 34.67579],
          [-118.84802, 34.66991],
          [-118.86519, 34.64969],
          [-118.8604, 34.62753],
          [-118.86538, 34.62165],
          [-118.88254, 34.60142],
          [-118.88752, 34.59555],
          [-118.90466, 34.57531],
          [-118.89987, 34.55315],
          [-118.90484, 34.54727],
          [-118.92198, 34.52703],
          [-118.92695, 34.52116],
          [-118.94408, 34.50091],
          [-118.94905, 34.49503],
          [-118.96618, 34.47479],
          [-118.97115, 34.46891],
          [-118.99803, 34.46494],
          [-119.01514, 34.44469],
          [-119.02011, 34.43881],
          [-119.03721, 34.41855],
          [-119.03239, 34.39638],
          [-119.03735, 34.3905],
          [-119.05444, 34.37023],
          [-119.04963, 34.34806],
          [-119.05459, 34.34217],
          [-119.07166, 34.32191],
          [-119.06685, 34.29973],
          [-119.0718, 34.29384],
          [-119.08887, 34.27357],
          [-119.09382, 34.26769],
          [-119.11088, 34.24741],
          [-119.11584, 34.24152],
          [-119.13289, 34.22124],
          [-119.13784, 34.21535],
          [-119.15488, 34.19507],
          [-119.15983, 34.18918],
          [-119.17686, 34.16889],
          [-119.17203, 34.14671],
          [-119.17698, 34.14081],
          [-119.194, 34.12052],
          [-119.19894, 34.11463],
          [-119.21596, 34.09433],
          [-119.2209, 34.08844],
          [-119.24769, 34.08443],
          [-119.26469, 34.06413],
          [-119.26963, 34.05823],
          [-119.28662, 34.03792],
          [-119.28178, 34.01574],
          [-119.28671, 34.00984],
          [-119.3037, 33.98953],
          [-119.30863, 33.98363],
          [-119.33539, 33.9796],
          [-119.35236, 33.95929],
          [-119.35728, 33.95339],
          [-119.37425, 33.93306],
          [-119.37917, 33.92716],
          [-119.39613, 33.90684],
          [-119.40105, 33.90093],
          [-119.418, 33.8806],
          [-119.42292, 33.8747],
          [-119.43986, 33.85437],
          [-119.44478, 33.84846],
          [-119.4715, 33.84441],
          [-119.48843, 33.82407],
          [-119.49334, 33.81817],
          [-119.51026, 33.79782],
          [-119.50538, 33.77563],
          [-119.51029, 33.76972],
          [-119.5272, 33.74937],
          [-119.53211, 33.74346],
          [-119.54901, 33.72311],
          [-119.55391, 33.7172],
          [-119.57081, 33.69684],
          [-119.57571, 33.69093],
          [-119.5926, 33.67057],
          [-119.5975, 33.66466],
          [-119.61438, 33.64429],
          [-119.61927, 33.63838],
          [-119.63614, 33.61801],
          [-119.64104, 33.6121],
          [-119.6579, 33.59173],
          [-119.6628, 33.58581],
          [-119.67965, 33.56544],
          [-119.68454, 33.55952],
          [-119.70139, 33.53914],
          [-119.70628, 33.53322],
          [-119.72312, 33.51284],
          [-119.72801, 33.50692],
          [-119.75464, 33.50283],
          [-119.78127, 33.49872],
          [-119.8079, 33.49462],
          [-119.815, 33.49869],
          [-119.81993, 33.52089],
          [-119.82486, 33.54309],
          [-119.82979, 33.5653],
          [-119.83473, 33.5875],
          [-119.83967, 33.60969]
        ]
      }
    },
    {
      "type": "Feature",
      "id": "2026091006_f072_11000_002",
      "properties": {
        "product_id": "winter_storm_levels",
        "source_id": "nbm_snow_level",
        "parameter": "snow_level",
        "definition": "height of the wet-bulb 0.5 degree C surface",
        "level_ft_msl": 11000,
        "label": "11,000 ft MSL",
        "unit": "ft_msl",
        "cycle_time_utc": "2026-09-10T06:00:00Z",
        "valid_time_utc": "2026-09-13T06:00:00Z",
        "lead_hours": 72,
        "segment": 2,
        "length_m": 2468644
      },
      "geometry": {
        "type": "LineString",
        "coordinates": [
          [-130, 35.33453],
          [-129.99702, 35.33312],
          [-129.98945, 35.32952],
          [-129.96284, 35.33525],
          [-129.93677, 35.32286],
          [-129.9292, 35.31926],
          [-129.90258, 35.32498],
          [-129.87653, 35.31258],
          [-129.86896, 35.30897],
          [-129.84234, 35.31468],
          [-129.81629, 35.30227],
          [-129.80873, 35.29867],
          [-129.78211, 35.30437],
          [-129.75607, 35.29195],
          [-129.74851, 35.28834],
          [-129.72189, 35.29403],
          [-129.69586, 35.2816],
          [-129.68831, 35.27799],
          [-129.66169, 35.28367],
          [-129.63506, 35.28935],
          [-129.60904, 35.2769],
          [-129.60149, 35.27329],
          [-129.57487, 35.27896],
          [-129.54885, 35.2665],
          [-129.5413, 35.26289],
          [-129.51468, 35.26855],
          [-129.48805, 35.2742],
          [-129.46205, 35.26173],
          [-129.45451, 35.25811],
          [-129.42788, 35.26376],
          [-129.40189, 35.25128],
          [-129.39434, 35.24765],
          [-129.36771, 35.25329],
          [-129.34173, 35.2408],
          [-129.33419, 35.23717],
          [-129.30822, 35.22468],
          [-129.30068, 35.22105],
          [-129.27405, 35.22667],
          [-129.24809, 35.21417],
          [-129.24055, 35.21053],
          [-129.21392, 35.21615],
          [-129.18797, 35.20363],
          [-129.18043, 35.2],
          [-129.15448, 35.18748],
          [-129.14695, 35.18384],
          [-129.12033, 35.18944],
          [-129.09439, 35.17691],
          [-129.08686, 35.17327],
          [-129.06023, 35.17886],
          [-129.0343, 35.16632],
          [-129.02678, 35.16267],
          [-129.00085, 35.15013],
          [-128.99333, 35.14649],
          [-128.96742, 35.13393],
          [-128.95989, 35.13029],
          [-128.93327, 35.13586],
          [-128.90737, 35.12329],
          [-128.89985, 35.11965],
          [-128.87322, 35.12521],
          [-128.8466, 35.13076],
          [-128.8207, 35.11818],
          [-128.81319, 35.11453],
          [-128.78656, 35.12008],
          [-128.76068, 35.10749],
          [-128.75316, 35.10384],
          [-128.72729, 35.09125],
          [-128.71978, 35.08759],
          [-128.69315, 35.09312],
          [-128.66728, 35.08052],
          [-128.65978, 35.07686],
          [-128.63315, 35.08238],
          [-128.60729, 35.06977],
          [-128.59979, 35.06611],
          [-128.57316, 35.07162],
          [-128.54731, 35.059],
          [-128.53981, 35.05533],
          [-128.51318, 35.06084],
          [-128.48735, 35.04821],
          [-128.47984, 35.04454],
          [-128.45322, 35.05003],
          [-128.42739, 35.03739],
          [-128.41989, 35.03372],
          [-128.39327, 35.0392],
          [-128.36744, 35.02655],
          [-128.35995, 35.02288],
          [-128.33332, 35.02835],
          [-128.30751, 35.01569],
          [-128.30002, 35.01202],
          [-128.27339, 35.01748],
          [-128.24759, 35.00481],
          [-128.2401, 35.00113],
          [-128.21347, 35.00659],
          [-128.18768, 34.99391],
          [-128.18019, 34.99023],
          [-128.15357, 34.99567],
          [-128.12778, 34.98298],
          [-128.1203, 34.9793],
          [-128.09367, 34.98473],
          [-128.0679, 34.97203],
          [-128.06041, 34.96835],
          [-128.03379, 34.97377],
          [-128.00802, 34.96106],
          [-128.00054, 34.95737],
          [-127.97392, 34.96279],
          [-127.94816, 34.95007],
          [-127.94068, 34.94638],
          [-127.91406, 34.95179],
          [-127.88831, 34.93906],
          [-127.88084, 34.93536],
          [-127.85421, 34.94076],
          [-127.82758, 34.94615],
          [-127.80184, 34.93341],
          [-127.79437, 34.92971],
          [-127.76774, 34.9351],
          [-127.74201, 34.92234],
          [-127.73455, 34.91864],
          [-127.70792, 34.92402],
          [-127.6822, 34.91125],
          [-127.67473, 34.90755],
          [-127.6481, 34.91291],
          [-127.6224, 34.90014],
          [-127.61493, 34.89643],
          [-127.5883, 34.90179],
          [-127.56261, 34.88901],
          [-127.55515, 34.8853],
          [-127.52851, 34.89064],
          [-127.50188, 34.89599],
          [-127.47524, 34.90133],
          [-127.4486, 34.90666],
          [-127.42196, 34.91199],
          [-127.39628, 34.89918],
          [-127.38883, 34.89546],
          [-127.36218, 34.90078],
          [-127.33651, 34.88797],
          [-127.32906, 34.88424],
          [-127.30242, 34.88955],
          [-127.27676, 34.87673],
          [-127.26931, 34.873],
          [-127.24266, 34.8783],
          [-127.21602, 34.8836],
          [-127.18937, 34.88889],
          [-127.16272, 34.89418],
          [-127.13707, 34.88133],
          [-127.12963, 34.8776],
          [-127.10298, 34.88288],
          [-127.07633, 34.88815],
          [-127.04967, 34.89342],
          [-127.02404, 34.88056],
          [-127.0166, 34.87682],
          [-126.98994, 34.88208],
          [-126.96328, 34.88734],
          [-126.93662, 34.89259],
          [-126.911, 34.87971],
          [-126.90356, 34.87597],
          [-126.8769, 34.88121],
          [-126.85129, 34.86832],
          [-126.84386, 34.86457],
          [-126.8172, 34.8698],
          [-126.79054, 34.87503],
          [-126.76387, 34.88026],
          [-126.7372, 34.88548],
          [-126.71053, 34.89069],
          [-126.68494, 34.87777],
          [-126.67822, 34.87648],
          [-126.65084, 34.87923],
          [-126.62416, 34.88443],
          [-126.59749, 34.88962],
          [-126.57081, 34.89482],
          [-126.54523, 34.88188],
          [-126.53781, 34.87812],
          [-126.51113, 34.8833],
          [-126.48556, 34.87035],
          [-126.47814, 34.86659],
          [-126.45146, 34.87177],
          [-126.4259, 34.85881],
          [-126.41919, 34.85751],
          [-126.3918, 34.86021],
          [-126.36512, 34.86537],
          [-126.33844, 34.87052],
          [-126.31289, 34.85755],
          [-126.30548, 34.85378],
          [-126.27879, 34.85892],
          [-126.25211, 34.86407],
          [-126.22657, 34.85108],
          [-126.21916, 34.8473],
          [-126.19248, 34.85244],
          [-126.16695, 34.83944],
          [-126.15954, 34.83566],
          [-126.13286, 34.84078],
          [-126.10617, 34.8459],
          [-126.08066, 34.83289],
          [-126.07325, 34.82911],
          [-126.04656, 34.83422],
          [-126.02106, 34.8212],
          [-126.01366, 34.81741],
          [-125.98697, 34.82251],
          [-125.96148, 34.80948],
          [-125.95408, 34.8057],
          [-125.92739, 34.81079],
          [-125.9019, 34.79774],
          [-125.89451, 34.79396],
          [-125.86782, 34.79904],
          [-125.84113, 34.80411],
          [-125.81444, 34.80918],
          [-125.78897, 34.79612],
          [-125.78157, 34.79233],
          [-125.75611, 34.77927],
          [-125.74872, 34.77547],
          [-125.72203, 34.78053],
          [-125.69534, 34.78558],
          [-125.66864, 34.79063],
          [-125.64194, 34.79567],
          [-125.61524, 34.80071],
          [-125.58854, 34.80575],
          [-125.5631, 34.79265],
          [-125.55571, 34.78885],
          [-125.52901, 34.79388],
          [-125.50231, 34.7989],
          [-125.4756, 34.80391],
          [-125.44889, 34.80893],
          [-125.42346, 34.79581],
          [-125.41608, 34.792],
          [-125.38937, 34.797],
          [-125.36266, 34.802],
          [-125.33725, 34.78887],
          [-125.32987, 34.78506],
          [-125.30316, 34.79005],
          [-125.27775, 34.77691],
          [-125.27038, 34.7731],
          [-125.24367, 34.77808],
          [-125.21827, 34.76493],
          [-125.2109, 34.76111],
          [-125.18419, 34.76608],
          [-125.15748, 34.77104],
          [-125.13076, 34.77601],
          [-125.10404, 34.78096],
          [-125.07732, 34.78591],
          [-125.05194, 34.77274],
          [-125.04458, 34.76892],
          [-125.01786, 34.77386],
          [-124.99113, 34.7788],
          [-124.96441, 34.78373],
          [-124.93905, 34.77054],
          [-124.93168, 34.76671],
          [-124.90496, 34.77163],
          [-124.87823, 34.77655],
          [-124.8515, 34.78147],
          [-124.82615, 34.76826],
          [-124.81879, 34.76443],
          [-124.79206, 34.76933],
          [-124.76533, 34.77423],
          [-124.7386, 34.77913],
          [-124.71186, 34.78403],
          [-124.68512, 34.78891],
          [-124.65838, 34.7938],
          [-124.6537, 34.79984],
          [-124.63758, 34.82064],
          [-124.61083, 34.82552],
          [-124.58408, 34.83039],
          [-124.55732, 34.83526],
          [-124.53199, 34.822],
          [-124.52464, 34.81816],
          [-124.49789, 34.82301],
          [-124.47113, 34.82787],
          [-124.44437, 34.83272],
          [-124.41906, 34.81945],
          [-124.41171, 34.81559],
          [-124.38495, 34.82043],
          [-124.35819, 34.82527],
          [-124.33143, 34.8301],
          [-124.30466, 34.83493],
          [-124.27789, 34.83975],
          [-124.2526, 34.82646],
          [-124.24525, 34.82259],
          [-124.21849, 34.82741],
          [-124.19171, 34.83222],
          [-124.16494, 34.83702],
          [-124.13817, 34.84182],
          [-124.11139, 34.84661],
          [-124.08461, 34.85141],
          [-124.0799, 34.85743],
          [-124.06366, 34.87817],
          [-124.03687, 34.88295],
          [-124.01008, 34.88773],
          [-123.98328, 34.8925],
          [-123.95649, 34.89727],
          [-123.92969, 34.90204],
          [-123.90289, 34.9068],
          [-123.87608, 34.91155],
          [-123.84928, 34.9163],
          [-123.82247, 34.92105],
          [-123.79566, 34.92579],
          [-123.76885, 34.93053],
          [-123.76412, 34.93654],
          [-123.74781, 34.95725],
          [-123.72099, 34.96198],
          [-123.69416, 34.96671],
          [-123.66733, 34.97143],
          [-123.66259, 34.97743],
          [-123.64626, 34.99813],
          [-123.61942, 35.00284],
          [-123.59259, 35.00755],
          [-123.58784, 35.01355],
          [-123.57149, 35.03424],
          [-123.54464, 35.03894],
          [-123.51779, 35.04363],
          [-123.49094, 35.04832],
          [-123.48618, 35.05432],
          [-123.46981, 35.07499],
          [-123.44294, 35.07968],
          [-123.43819, 35.08568],
          [-123.4218, 35.10634],
          [-123.41704, 35.11234],
          [-123.40064, 35.133],
          [-123.37376, 35.13767],
          [-123.34688, 35.14233],
          [-123.31999, 35.147],
          [-123.29311, 35.15165],
          [-123.28834, 35.15765],
          [-123.27191, 35.17829],
          [-123.24501, 35.18294],
          [-123.24024, 35.18893],
          [-123.2238, 35.20957],
          [-123.21902, 35.21556],
          [-123.20257, 35.23619],
          [-123.17566, 35.24083],
          [-123.14874, 35.24546],
          [-123.12183, 35.25009],
          [-123.09491, 35.25472],
          [-123.09012, 35.2607],
          [-123.07364, 35.28132],
          [-123.04671, 35.28593],
          [-123.01978, 35.29054],
          [-122.99285, 35.29515],
          [-122.96591, 35.29975],
          [-122.93898, 35.30435],
          [-122.93418, 35.31033],
          [-122.91766, 35.33093],
          [-122.89072, 35.33552],
          [-122.86377, 35.34011],
          [-122.83681, 35.34469],
          [-122.80986, 35.34926],
          [-122.7829, 35.35383],
          [-122.75594, 35.3584],
          [-122.72898, 35.36297],
          [-122.70202, 35.36752],
          [-122.69721, 35.3735],
          [-122.68064, 35.39407],
          [-122.65367, 35.39862],
          [-122.62669, 35.40316],
          [-122.60147, 35.38964],
          [-122.59415, 35.38571],
          [-122.56717, 35.39025],
          [-122.5402, 35.39478],
          [-122.51322, 35.39931],
          [-122.48801, 35.38577],
          [-122.48069, 35.38184],
          [-122.45371, 35.38636],
          [-122.42673, 35.39087],
          [-122.39975, 35.39538],
          [-122.37456, 35.38183],
          [-122.36724, 35.37789],
          [-122.34026, 35.38239],
          [-122.31328, 35.38688],
          [-122.28629, 35.39137],
          [-122.26111, 35.3778],
          [-122.2538, 35.37386],
          [-122.22863, 35.36028],
          [-122.22133, 35.35634],
          [-122.19616, 35.34275],
          [-122.18886, 35.33881],
          [-122.16188, 35.34328],
          [-122.1349, 35.34775],
          [-122.10792, 35.35221],
          [-122.08093, 35.35667],
          [-122.05394, 35.36112],
          [-122.02695, 35.36557],
          [-122.00181, 35.35195],
          [-121.99451, 35.348],
          [-121.96752, 35.35244],
          [-121.94053, 35.35688],
          [-121.91354, 35.36131],
          [-121.88654, 35.36573],
          [-121.85954, 35.37016],
          [-121.83254, 35.37457],
          [-121.80554, 35.37899],
          [-121.77854, 35.38339],
          [-121.75153, 35.3878],
          [-121.72452, 35.3922],
          [-121.71966, 35.39814],
          [-121.7029, 35.41861],
          [-121.67588, 35.423],
          [-121.64886, 35.42739],
          [-121.64399, 35.43333],
          [-121.62722, 35.45379],
          [-121.60019, 35.45817],
          [-121.57316, 35.46254],
          [-121.56828, 35.46848],
          [-121.55148, 35.48893],
          [-121.52444, 35.4933],
          [-121.4974, 35.49766],
          [-121.47035, 35.50201],
          [-121.44331, 35.50637],
          [-121.41626, 35.51071],
          [-121.3892, 35.51506],
          [-121.36411, 35.50135],
          [-121.35682, 35.49738],
          [-121.32977, 35.50171],
          [-121.30272, 35.50604],
          [-121.27764, 35.49232],
          [-121.27035, 35.48834],
          [-121.2433, 35.49266],
          [-121.21823, 35.47893],
          [-121.21095, 35.47495],
          [-121.18589, 35.46121],
          [-121.17861, 35.45723],
          [-121.15355, 35.44349],
          [-121.14628, 35.4395],
          [-121.12123, 35.42576],
          [-121.11396, 35.42176],
          [-121.08892, 35.40802],
          [-121.08165, 35.40402],
          [-121.05662, 35.39027],
          [-121.04935, 35.38627],
          [-121.02432, 35.37251],
          [-121.01706, 35.36852],
          [-120.99003, 35.3728],
          [-120.96501, 35.35903],
          [-120.95775, 35.35503],
          [-120.93274, 35.34125],
          [-120.92549, 35.33725],
          [-120.90049, 35.32347],
          [-120.89323, 35.31947],
          [-120.86824, 35.30568],
          [-120.86099, 35.30168],
          [-120.83396, 35.30593],
          [-120.80898, 35.29214],
          [-120.80173, 35.28813],
          [-120.77471, 35.29238],
          [-120.74974, 35.27857],
          [-120.74249, 35.27456],
          [-120.71753, 35.26075],
          [-120.71029, 35.25674],
          [-120.68533, 35.24292],
          [-120.68015, 35.22086],
          [-120.67291, 35.21685],
          [-120.64797, 35.20302],
          [-120.6428, 35.18095],
          [-120.63764, 35.15889],
          [-120.63247, 35.13681],
          [-120.62731, 35.11474],
          [-120.62214, 35.09267],
          [-120.61699, 35.07059],
          [-120.61183, 35.04851],
          [-120.60667, 35.02643],
          [-120.60152, 35.00435],
          [-120.59637, 34.98227],
          [-120.59122, 34.96018],
          [-120.58607, 34.9381],
          [-120.58093, 34.91601],
          [-120.57578, 34.89392],
          [-120.57064, 34.87183],
          [-120.5655, 34.84973],
          [-120.56037, 34.82764],
          [-120.55523, 34.80554],
          [-120.5501, 34.78344],
          [-120.54497, 34.76134],
          [-120.53776, 34.75732],
          [-120.53286, 34.76324],
          [-120.51598, 34.78363],
          [-120.48907, 34.78784],
          [-120.46216, 34.79204],
          [-120.43525, 34.79624],
          [-120.41043, 34.78236],
          [-120.40323, 34.77833],
          [-120.37631, 34.78252],
          [-120.3494, 34.7867],
          [-120.32248, 34.79088],
          [-120.31757, 34.79679],
          [-120.30065, 34.81716],
          [-120.27372, 34.82133],
          [-120.24679, 34.8255],
          [-120.24188, 34.83141],
          [-120.22493, 34.85177],
          [-120.198, 34.85593],
          [-120.19307, 34.86184],
          [-120.17612, 34.88219],
          [-120.14917, 34.88634],
          [-120.12222, 34.89048],
          [-120.11729, 34.89639],
          [-120.10032, 34.91673],
          [-120.09539, 34.92263],
          [-120.07841, 34.94297],
          [-120.05144, 34.9471],
          [-120.02447, 34.95123],
          [-119.99751, 34.95536],
          [-119.99257, 34.96126],
          [-119.97556, 34.98158],
          [-119.97062, 34.98748],
          [-119.95361, 35.0078],
          [-119.94866, 35.0137],
          [-119.93164, 35.03402],
          [-119.9267, 35.03991],
          [-119.90966, 35.06022],
          [-119.90472, 35.06612],
          [-119.88768, 35.08643],
          [-119.88273, 35.09232],
          [-119.86568, 35.11263],
          [-119.86073, 35.11852],
          [-119.84367, 35.13882],
          [-119.81665, 35.14291],
          [-119.8117, 35.14881],
          [-119.79463, 35.1691],
          [-119.78967, 35.17499],
          [-119.77259, 35.19528],
          [-119.76763, 35.20117],
          [-119.75055, 35.22145],
          [-119.7235, 35.22553],
          [-119.71854, 35.23142],
          [-119.70144, 35.25169],
          [-119.69647, 35.25758],
          [-119.67936, 35.27785],
          [-119.6523, 35.28192],
          [-119.64733, 35.2878],
          [-119.63021, 35.30807],
          [-119.62524, 35.31395],
          [-119.60811, 35.33421],
          [-119.58103, 35.33826],
          [-119.57606, 35.34415],
          [-119.55891, 35.3644],
          [-119.55393, 35.37028],
          [-119.53678, 35.39053],
          [-119.50969, 35.39457],
          [-119.50471, 35.40045],
          [-119.48754, 35.42069],
          [-119.46044, 35.42472],
          [-119.45545, 35.4306],
          [-119.43827, 35.45084],
          [-119.43328, 35.45671],
          [-119.4161, 35.47694],
          [-119.38898, 35.48096],
          [-119.38398, 35.48683],
          [-119.36678, 35.50706],
          [-119.33965, 35.51107],
          [-119.31252, 35.51508],
          [-119.30753, 35.52095],
          [-119.29031, 35.54116],
          [-119.26317, 35.54516],
          [-119.25816, 35.55103],
          [-119.24093, 35.57123],
          [-119.21378, 35.57522],
          [-119.18663, 35.57921],
          [-119.18162, 35.58507],
          [-119.16437, 35.60527],
          [-119.13721, 35.60924],
          [-119.11005, 35.61322],
          [-119.08288, 35.61718],
          [-119.05572, 35.62115],
          [-119.02855, 35.6251],
          [-119.00138, 35.62906],
          [-118.97421, 35.63301],
          [-118.94703, 35.63695],
          [-118.91986, 35.64089],
          [-118.89268, 35.64483],
          [-118.8655, 35.64876],
          [-118.83832, 35.65268],
          [-118.81113, 35.6566],
          [-118.8061, 35.66246],
          [-118.78877, 35.68261],
          [-118.76157, 35.68652],
          [-118.73438, 35.69043],
          [-118.70718, 35.69434],
          [-118.67999, 35.69824],
          [-118.67494, 35.70408],
          [-118.65758, 35.72422],
          [-118.63037, 35.72811],
          [-118.62533, 35.73396],
          [-118.60795, 35.75409],
          [-118.6029, 35.75993],
          [-118.58552, 35.78006],
          [-118.58047, 35.7859],
          [-118.56307, 35.80602],
          [-118.55802, 35.81186],
          [-118.54062, 35.83198],
          [-118.53556, 35.83782],
          [-118.51815, 35.85793],
          [-118.49091, 35.8618],
          [-118.48585, 35.86764],
          [-118.46842, 35.88774],
          [-118.46336, 35.89358],
          [-118.44593, 35.91368],
          [-118.44087, 35.91952],
          [-118.42343, 35.93961],
          [-118.41836, 35.94545],
          [-118.40091, 35.96554],
          [-118.39584, 35.97137],
          [-118.4006, 35.99345],
          [-118.38314, 36.01354],
          [-118.37807, 36.01937],
          [-118.38282, 36.04144],
          [-118.38758, 36.06351],
          [-118.39233, 36.08558],
          [-118.37486, 36.10566],
          [-118.37286, 36.11106],
          [-118.37454, 36.13355],
          [-118.3793, 36.15561],
          [-118.38713, 36.17724],
          [-118.39128, 36.18177],
          [-118.41615, 36.19589],
          [-118.42092, 36.21794],
          [-118.42815, 36.22204],
          [-118.45304, 36.23615],
          [-118.45781, 36.2582],
          [-118.46259, 36.28025],
          [-118.46982, 36.28434],
          [-118.49473, 36.29844],
          [-118.49952, 36.32049],
          [-118.50431, 36.34253],
          [-118.50911, 36.36457],
          [-118.49161, 36.38464],
          [-118.48653, 36.39047],
          [-118.46902, 36.41054],
          [-118.44163, 36.41439],
          [-118.43655, 36.42022],
          [-118.41902, 36.44028],
          [-118.41393, 36.4461],
          [-118.41871, 36.46814],
          [-118.42658, 36.48974],
          [-118.43074, 36.49426],
          [-118.45569, 36.50835],
          [-118.46048, 36.53038],
          [-118.46773, 36.53447],
          [-118.49514, 36.53062],
          [-118.52011, 36.5447],
          [-118.52736, 36.54879],
          [-118.55478, 36.54493],
          [-118.57976, 36.559],
          [-118.58701, 36.56308],
          [-118.612, 36.57715],
          [-118.61682, 36.59917],
          [-118.62408, 36.60325],
          [-118.63845, 36.61881],
          [-118.65391, 36.63932],
          [-118.65875, 36.66133],
          [-118.66359, 36.68335],
          [-118.65779, 36.70686],
          [-118.65091, 36.72542],
          [-118.64891, 36.73081],
          [-118.65066, 36.75325],
          [-118.63312, 36.77331],
          [-118.63112, 36.77869],
          [-118.62222, 36.80263],
          [-118.61532, 36.82118],
          [-118.61331, 36.82657],
          [-118.6044, 36.8505],
          [-118.5975, 36.86905],
          [-118.59549, 36.87443],
          [-118.57538, 36.89739],
          [-118.57386, 36.90015],
          [-118.5639, 36.92422],
          [-118.55511, 36.93424],
          [-118.54683, 36.94928],
          [-118.54071, 36.97281],
          [-118.53725, 36.98208],
          [-118.53178, 36.99672],
          [-118.5366, 37.01871],
          [-118.54143, 37.0407],
          [-118.55283, 37.05298],
          [-118.56182, 37.0605],
          [-118.57584, 37.08119],
          [-118.58986, 37.10188],
          [-118.59302, 37.10654],
          [-118.60745, 37.12207],
          [-118.6123, 37.14405],
          [-118.61715, 37.16602],
          [-118.62201, 37.18799],
          [-118.62686, 37.20995],
          [-118.63735, 37.23113],
          [-118.65037, 37.25195],
          [-118.65457, 37.25645],
          [-118.66547, 37.27247],
          [-118.67954, 37.29314],
          [-118.69361, 37.3138],
          [-118.69678, 37.31845],
          [-118.70769, 37.33447],
          [-118.72177, 37.35512],
          [-118.72666, 37.37707],
          [-118.74075, 37.39773],
          [-118.74564, 37.41967],
          [-118.74881, 37.42432],
          [-118.75974, 37.44032],
          [-118.76464, 37.46226],
          [-118.76953, 37.4842],
          [-118.778, 37.50564],
          [-118.7829, 37.52757],
          [-118.78781, 37.5495],
          [-118.79271, 37.57143],
          [-118.79762, 37.59336],
          [-118.79895, 37.61579],
          [-118.79561, 37.63379],
          [-118.7936, 37.63916],
          [-118.78466, 37.66302],
          [-118.77773, 37.68152],
          [-118.77572, 37.68689],
          [-118.76678, 37.71075],
          [-118.75794, 37.72074],
          [-118.74398, 37.73654],
          [-118.73704, 37.75503],
          [-118.73502, 37.76039],
          [-118.72606, 37.78425],
          [-118.72738, 37.80666],
          [-118.72402, 37.82464],
          [-118.722, 37.83],
          [-118.71304, 37.85384],
          [-118.70608, 37.87232],
          [-118.70407, 37.87768],
          [-118.69509, 37.90152],
          [-118.68813, 37.91999],
          [-118.68299, 37.92579],
          [-118.66526, 37.94576],
          [-118.66012, 37.95155],
          [-118.64239, 37.97151],
          [-118.63724, 37.97731],
          [-118.6195, 37.99727],
          [-118.61435, 38.00306],
          [-118.5966, 38.02301],
          [-118.59145, 38.0288],
          [-118.57369, 38.04875],
          [-118.57166, 38.05411],
          [-118.57342, 38.07643],
          [-118.55565, 38.09637],
          [-118.55049, 38.10216],
          [-118.53271, 38.1221],
          [-118.53068, 38.12746],
          [-118.53243, 38.14977],
          [-118.51464, 38.1697],
          [-118.50947, 38.17549],
          [-118.49168, 38.19542],
          [-118.48651, 38.2012],
          [-118.49138, 38.22308],
          [-118.47357, 38.243],
          [-118.4684, 38.24878],
          [-118.47327, 38.27066],
          [-118.45546, 38.29057],
          [-118.45028, 38.29635],
          [-118.45515, 38.31822],
          [-118.43732, 38.33813],
          [-118.43214, 38.34391],
          [-118.4143, 38.36382],
          [-118.40912, 38.36959],
          [-118.39128, 38.38949],
          [-118.38609, 38.39527],
          [-118.36824, 38.41517],
          [-118.36305, 38.42094],
          [-118.34519, 38.44083],
          [-118.34, 38.44661],
          [-118.32212, 38.46649],
          [-118.31693, 38.47226],
          [-118.29905, 38.49214],
          [-118.29386, 38.49792],
          [-118.29871, 38.51977],
          [-118.28081, 38.53965],
          [-118.27562, 38.54542],
          [-118.25771, 38.56529],
          [-118.25251, 38.57105],
          [-118.2346, 38.59092],
          [-118.2294, 38.59669],
          [-118.21148, 38.61655],
          [-118.20628, 38.62231],
          [-118.18835, 38.64217],
          [-118.16038, 38.64594],
          [-118.15517, 38.6517],
          [-118.13723, 38.67155],
          [-118.13202, 38.67731],
          [-118.11407, 38.69716],
          [-118.08608, 38.70091],
          [-118.08087, 38.70667],
          [-118.0629, 38.72651],
          [-118.05768, 38.73227],
          [-118.03971, 38.7521],
          [-118.03449, 38.75786],
          [-118.03929, 38.77969],
          [-118.02131, 38.79952],
          [-117.99329, 38.80326],
          [-117.98806, 38.80901],
          [-117.97006, 38.82883],
          [-117.96484, 38.83458],
          [-117.94683, 38.85439],
          [-117.91879, 38.85812],
          [-117.91356, 38.86387],
          [-117.89553, 38.88368],
          [-117.86749, 38.8874],
          [-117.86226, 38.89314],
          [-117.84422, 38.91294],
          [-117.81616, 38.91665],
          [-117.81092, 38.9224],
          [-117.79287, 38.94219],
          [-117.76481, 38.94589],
          [-117.75956, 38.95163],
          [-117.74149, 38.97141],
          [-117.71342, 38.9751],
          [-117.68534, 38.97879],
          [-117.68009, 38.98453],
          [-117.66201, 39.0043],
          [-117.65675, 39.01004],
          [-117.63866, 39.0298],
          [-117.61056, 39.03348],
          [-117.60531, 39.03922],
          [-117.58719, 39.05897],
          [-117.58193, 39.06471],
          [-117.56381, 39.08446],
          [-117.55855, 39.09019],
          [-117.54042, 39.10994],
          [-117.53516, 39.11567],
          [-117.51702, 39.13541],
          [-117.48889, 39.13907],
          [-117.48362, 39.1448],
          [-117.46547, 39.16453],
          [-117.4602, 39.17026],
          [-117.44204, 39.18999],
          [-117.43676, 39.19572],
          [-117.41859, 39.21544],
          [-117.41332, 39.22117],
          [-117.39514, 39.24089],
          [-117.36698, 39.24452],
          [-117.3617, 39.25024],
          [-117.3435, 39.26995],
          [-117.31534, 39.27358],
          [-117.31005, 39.2793],
          [-117.29184, 39.299],
          [-117.28655, 39.30472],
          [-117.26834, 39.32442],
          [-117.24015, 39.32803],
          [-117.23486, 39.33375],
          [-117.21663, 39.35344],
          [-117.18896, 39.35949],
          [-117.18314, 39.36276],
          [-117.16489, 39.38244],
          [-117.15959, 39.38815],
          [-117.14133, 39.40783],
          [-117.11312, 39.41142],
          [-117.10782, 39.41713],
          [-117.08955, 39.4368],
          [-117.08424, 39.44251],
          [-117.06596, 39.46217],
          [-117.06066, 39.46788],
          [-117.04237, 39.48754],
          [-117.01413, 39.49111],
          [-117.00882, 39.49682],
          [-116.99051, 39.51647],
          [-116.9852, 39.52217],
          [-116.96689, 39.54182],
          [-116.96157, 39.54752],
          [-116.94325, 39.56716],
          [-116.93793, 39.57287],
          [-116.9196, 39.5925],
          [-116.89133, 39.59605],
          [-116.886, 39.60175],
          [-116.86766, 39.62138],
          [-116.83938, 39.62492],
          [-116.83405, 39.63062],
          [-116.81569, 39.65024],
          [-116.78741, 39.65377],
          [-116.78207, 39.65947],
          [-116.7637, 39.67908],
          [-116.75836, 39.68477],
          [-116.73998, 39.70438],
          [-116.71167, 39.7079],
          [-116.70633, 39.71359],
          [-116.68793, 39.73319],
          [-116.65962, 39.7367],
          [-116.65428, 39.74239],
          [-116.63586, 39.76198],
          [-116.60754, 39.76548],
          [-116.60219, 39.77117],
          [-116.58376, 39.79075],
          [-116.57841, 39.79644],
          [-116.55997, 39.81601],
          [-116.53163, 39.8195],
          [-116.50329, 39.82299],
          [-116.49793, 39.82867],
          [-116.47947, 39.84823],
          [-116.45112, 39.85171],
          [-116.44576, 39.85739],
          [-116.42729, 39.87695],
          [-116.39892, 39.88041],
          [-116.39356, 39.88609],
          [-116.37507, 39.90564],
          [-116.3697, 39.91131],
          [-116.35121, 39.93086],
          [-116.32283, 39.93431],
          [-116.31745, 39.93998],
          [-116.29894, 39.95952],
          [-116.29357, 39.96519],
          [-116.27504, 39.98472],
          [-116.24665, 39.98816],
          [-116.24127, 39.99383],
          [-116.22273, 40.01336],
          [-116.19433, 40.01679],
          [-116.18894, 40.02245],
          [-116.17039, 40.04197],
          [-116.14198, 40.04539],
          [-116.11356, 40.04881],
          [-116.10817, 40.05447],
          [-116.0896, 40.07397],
          [-116.06117, 40.07738],
          [-116.03274, 40.08079],
          [-116.00431, 40.08419],
          [-115.97588, 40.08758],
          [-115.94744, 40.09097],
          [-115.94204, 40.09663],
          [-115.92343, 40.11611],
          [-115.89499, 40.11949],
          [-115.86654, 40.12287],
          [-115.8381, 40.12624],
          [-115.80965, 40.12961],
          [-115.78119, 40.13297],
          [-115.77578, 40.13862],
          [-115.75713, 40.15808],
          [-115.72867, 40.16144],
          [-115.70021, 40.16479],
          [-115.67175, 40.16813],
          [-115.66632, 40.17378],
          [-115.64765, 40.19322],
          [-115.61917, 40.19656],
          [-115.61375, 40.2022],
          [-115.59506, 40.22164],
          [-115.56657, 40.22497],
          [-115.56115, 40.23061],
          [-115.54244, 40.25004],
          [-115.53701, 40.25568],
          [-115.51829, 40.2751],
          [-115.51286, 40.28074],
          [-115.49413, 40.30016],
          [-115.4887, 40.30579],
          [-115.46996, 40.32521],
          [-115.46452, 40.33084],
          [-115.46886, 40.35258],
          [-115.45012, 40.37199],
          [-115.44467, 40.37762],
          [-115.42592, 40.39702],
          [-115.42047, 40.40265],
          [-115.40171, 40.42205],
          [-115.39626, 40.42768],
          [-115.37749, 40.44707],
          [-115.37203, 40.4527],
          [-115.35325, 40.47209],
          [-115.3478, 40.47771],
          [-115.35212, 40.49944],
          [-115.33332, 40.51882],
          [-115.32787, 40.52444],
          [-115.30906, 40.54382],
          [-115.3036, 40.54944],
          [-115.28479, 40.56881],
          [-115.27933, 40.57443],
          [-115.27256, 40.59742],
          [-115.26481, 40.61551],
          [-115.25935, 40.62113],
          [-115.24051, 40.64049],
          [-115.23504, 40.64611],
          [-115.2162, 40.66546],
          [-115.21073, 40.67108],
          [-115.19188, 40.69043],
          [-115.1864, 40.69604],
          [-115.16754, 40.71538],
          [-115.16206, 40.721],
          [-115.14319, 40.74034],
          [-115.13771, 40.74595],
          [-115.11883, 40.76528],
          [-115.11335, 40.77089],
          [-115.09446, 40.79022],
          [-115.08898, 40.79583],
          [-115.07008, 40.81515],
          [-115.06459, 40.82076],
          [-115.04568, 40.84008],
          [-115.04019, 40.84568],
          [-115.02128, 40.86499],
          [-115.01578, 40.8706],
          [-114.99686, 40.88991],
          [-114.99136, 40.89551],
          [-114.97243, 40.91481],
          [-114.96693, 40.92041],
          [-114.97119, 40.9421],
          [-114.95224, 40.96139],
          [-114.94674, 40.96699],
          [-114.92778, 40.98628],
          [-114.92228, 40.99188],
          [-114.90331, 41.01116],
          [-114.8978, 41.01676],
          [-114.87883, 41.03604],
          [-114.87332, 41.04163],
          [-114.85433, 41.06091],
          [-114.82559, 41.0641],
          [-114.82008, 41.0697],
          [-114.80108, 41.08896],
          [-114.79556, 41.09455],
          [-114.77655, 41.11381],
          [-114.77103, 41.1194],
          [-114.75201, 41.13866],
          [-114.74649, 41.14425],
          [-114.72747, 41.1635],
          [-114.72194, 41.16908],
          [-114.72616, 41.19074],
          [-114.70712, 41.20998],
          [-114.70159, 41.21557],
          [-114.7058, 41.23722],
          [-114.68675, 41.25646],
          [-114.68122, 41.26204],
          [-114.68543, 41.28369],
          [-114.66636, 41.30292],
          [-114.66083, 41.3085],
          [-114.64175, 41.32772],
          [-114.63621, 41.3333],
          [-114.64042, 41.35495],
          [-114.62133, 41.37416],
          [-114.61579, 41.37974],
          [-114.59669, 41.39895],
          [-114.59115, 41.40453],
          [-114.57204, 41.42373],
          [-114.5665, 41.42931],
          [-114.57069, 41.45094],
          [-114.55157, 41.47014],
          [-114.54602, 41.47571],
          [-114.52689, 41.4949],
          [-114.52134, 41.50047],
          [-114.5022, 41.51966],
          [-114.49665, 41.52523],
          [-114.4775, 41.54441],
          [-114.47194, 41.54998],
          [-114.47612, 41.5716],
          [-114.45696, 41.59077],
          [-114.4514, 41.59634],
          [-114.43223, 41.61551],
          [-114.42666, 41.62108],
          [-114.40749, 41.64024],
          [-114.40192, 41.6458],
          [-114.38273, 41.66496],
          [-114.37716, 41.67052],
          [-114.38132, 41.69213],
          [-114.36212, 41.71128],
          [-114.35655, 41.71684],
          [-114.36071, 41.73844],
          [-114.3415, 41.75759],
          [-114.33592, 41.76314],
          [-114.3167, 41.78228],
          [-114.31112, 41.78784],
          [-114.31527, 41.80943],
          [-114.29604, 41.82857],
          [-114.29045, 41.83412],
          [-114.27121, 41.85325],
          [-114.26562, 41.8588],
          [-114.24637, 41.87792],
          [-114.24078, 41.88347],
          [-114.22151, 41.90259],
          [-114.21592, 41.90814],
          [-114.19665, 41.92725],
          [-114.19105, 41.93279],
          [-114.17177, 41.9519],
          [-114.16617, 41.95745],
          [-114.14688, 41.97655],
          [-114.14128, 41.98209],
          [-114.12198, 42.00119],
          [-114.11638, 42.00673],
          [-114.09707, 42.02582],
          [-114.09146, 42.03136],
          [-114.07214, 42.05044],
          [-114.06653, 42.05598],
          [-114.0472, 42.07506],
          [-114.04159, 42.0806],
          [-114.0457, 42.10216],
          [-114.02636, 42.12124],
          [-114.02074, 42.12677],
          [-114.02485, 42.14833],
          [-114.00549, 42.16739],
          [-113.99987, 42.17293],
          [-113.98051, 42.19199],
          [-113.97489, 42.19752],
          [-113.95552, 42.21657],
          [-113.94989, 42.2221],
          [-113.93051, 42.24115],
          [-113.92488, 42.24668],
          [-113.90549, 42.26572],
          [-113.87637, 42.26874],
          [-113.87074, 42.27427],
          [-113.85133, 42.2933],
          [-113.82221, 42.29632],
          [-113.79308, 42.29932],
          [-113.78745, 42.30485],
          [-113.76802, 42.32387],
          [-113.73888, 42.32687],
          [-113.73324, 42.33239],
          [-113.71379, 42.3514],
          [-113.70815, 42.35692],
          [-113.68869, 42.37593],
          [-113.68304, 42.38144],
          [-113.66358, 42.40045],
          [-113.65793, 42.40596],
          [-113.63845, 42.42496],
          [-113.63608, 42.43014],
          [-113.63683, 42.452],
          [-113.61735, 42.47099],
          [-113.61169, 42.4765],
          [-113.61572, 42.49802],
          [-113.59622, 42.51701],
          [-113.59056, 42.52252],
          [-113.57105, 42.54149],
          [-113.56539, 42.547],
          [-113.56941, 42.56851],
          [-113.54989, 42.58748],
          [-113.54422, 42.59299],
          [-113.54824, 42.6145],
          [-113.52871, 42.63346],
          [-113.52304, 42.63896],
          [-113.52706, 42.66047],
          [-113.50751, 42.67942],
          [-113.50183, 42.68492],
          [-113.50585, 42.70642],
          [-113.48629, 42.72536],
          [-113.48061, 42.73086],
          [-113.48462, 42.75236],
          [-113.46505, 42.77129],
          [-113.45936, 42.77679],
          [-113.46337, 42.79828],
          [-113.44379, 42.81721],
          [-113.4381, 42.8227],
          [-113.44211, 42.84419],
          [-113.42251, 42.86311],
          [-113.41682, 42.8686],
          [-113.42082, 42.89008],
          [-113.40121, 42.90899],
          [-113.39551, 42.91448],
          [-113.37589, 42.93339],
          [-113.37019, 42.93888],
          [-113.35056, 42.95779],
          [-113.34486, 42.96328],
          [-113.34885, 42.98474],
          [-113.32921, 43.00364],
          [-113.3235, 43.00912],
          [-113.32749, 43.03058],
          [-113.33149, 43.05204],
          [-113.33548, 43.07349],
          [-113.33948, 43.09494],
          [-113.34348, 43.11639],
          [-113.32381, 43.13527],
          [-113.31809, 43.14075],
          [-113.32209, 43.16219],
          [-113.32609, 43.18363],
          [-113.3064, 43.2025],
          [-113.30068, 43.20798],
          [-113.30467, 43.22941],
          [-113.30867, 43.25084],
          [-113.31267, 43.27227],
          [-113.31667, 43.29369],
          [-113.32067, 43.31511],
          [-113.32467, 43.33653],
          [-113.32868, 43.35795],
          [-113.33269, 43.37936],
          [-113.33669, 43.40077],
          [-113.34423, 43.40493],
          [-113.37017, 43.41926],
          [-113.37419, 43.44066],
          [-113.37821, 43.46206],
          [-113.38223, 43.48346],
          [-113.38626, 43.50485],
          [-113.36652, 43.52369],
          [-113.36078, 43.52916],
          [-113.3648, 43.55055],
          [-113.36883, 43.57193],
          [-113.37285, 43.59331],
          [-113.37688, 43.61469],
          [-113.38091, 43.63607],
          [-113.38493, 43.65744],
          [-113.36516, 43.67626],
          [-113.35942, 43.68172],
          [-113.36345, 43.70309],
          [-113.36748, 43.72446],
          [-113.34768, 43.74327],
          [-113.34194, 43.74873],
          [-113.34596, 43.77008],
          [-113.32616, 43.78889],
          [-113.32041, 43.79434],
          [-113.32443, 43.8157],
          [-113.30462, 43.83449],
          [-113.29886, 43.83995],
          [-113.30288, 43.86129],
          [-113.3069, 43.88264],
          [-113.28707, 43.90142],
          [-113.28131, 43.90687],
          [-113.28533, 43.92821],
          [-113.26548, 43.94699],
          [-113.25972, 43.95244],
          [-113.23986, 43.97121],
          [-113.23409, 43.97666],
          [-113.23811, 43.99799],
          [-113.21824, 44.01675],
          [-113.21247, 44.0222],
          [-113.21647, 44.04352],
          [-113.19659, 44.06228],
          [-113.19082, 44.06772],
          [-113.19482, 44.08904],
          [-113.19883, 44.11035],
          [-113.20284, 44.13166],
          [-113.20685, 44.15297],
          [-113.18694, 44.17171],
          [-113.18116, 44.17715],
          [-113.18517, 44.19845],
          [-113.16525, 44.21718],
          [-113.15946, 44.22262],
          [-113.13953, 44.24135],
          [-113.13374, 44.24678],
          [-113.1138, 44.2655],
          [-113.10801, 44.27094],
          [-113.11201, 44.29223],
          [-113.09205, 44.31094],
          [-113.08626, 44.31637],
          [-113.09025, 44.33766],
          [-113.07028, 44.35636],
          [-113.06448, 44.36179],
          [-113.06847, 44.38307],
          [-113.07246, 44.40434],
          [-113.05248, 44.42304],
          [-113.04667, 44.42846],
          [-113.05066, 44.44973],
          [-113.05465, 44.471],
          [-113.03465, 44.48968],
          [-113.02884, 44.49511],
          [-113.0236, 44.5]
        ]
      }
    },
    {
      "type": "Feature",
      "id": "2026091006_f072_12000_001",
      "properties": {
        "product_id": "winter_storm_levels",
        "source_id": "nbm_snow_level",
        "parameter": "snow_level",
        "definition": "height of the wet-bulb 0.5 degree C surface",
        "level_ft_msl": 12000,
        "label": "12,000 ft MSL",
        "unit": "ft_msl",
        "cycle_time_utc": "2026-09-10T06:00:00Z",
        "valid_time_utc": "2026-09-13T06:00:00Z",
        "lead_hours": 72,
        "segment": 1,
        "length_m": 235035
      },
      "geometry": {
        "type": "LineString",
        "coordinates": [
          [-117.89603, 37.74009],
          [-117.8913, 37.71815],
          [-117.86938, 37.70586],
          [-117.85884, 37.69995],
          [-117.85412, 37.678],
          [-117.83222, 37.66571],
          [-117.80449, 37.66944],
          [-117.79395, 37.66351],
          [-117.77206, 37.65121],
          [-117.74433, 37.65493],
          [-117.7166, 37.65865],
          [-117.68888, 37.66236],
          [-117.66114, 37.66606],
          [-117.63341, 37.66976],
          [-117.60568, 37.67346],
          [-117.57794, 37.67715],
          [-117.5502, 37.68084],
          [-117.52246, 37.68453],
          [-117.51193, 37.67859],
          [-117.49007, 37.66625],
          [-117.47448, 37.68355],
          [-117.46697, 37.69188],
          [-117.43923, 37.69555],
          [-117.41148, 37.69921],
          [-117.38373, 37.70287],
          [-117.35597, 37.70653],
          [-117.32822, 37.71018],
          [-117.30046, 37.71383],
          [-117.27271, 37.71747],
          [-117.24495, 37.72111],
          [-117.21718, 37.72474],
          [-117.18942, 37.72837],
          [-117.16166, 37.732],
          [-117.146, 37.74926],
          [-117.13846, 37.75758],
          [-117.11069, 37.76119],
          [-117.08291, 37.7648],
          [-117.05513, 37.76841],
          [-117.03946, 37.78566],
          [-117.03191, 37.79397],
          [-117.00412, 37.79757],
          [-116.97633, 37.80116],
          [-116.96064, 37.81841],
          [-116.95308, 37.82671],
          [-116.93738, 37.84395],
          [-116.94192, 37.8659],
          [-116.94646, 37.88785],
          [-116.951, 37.9098],
          [-116.95555, 37.93175],
          [-116.9774, 37.94414],
          [-116.98792, 37.95011],
          [-116.99248, 37.97205],
          [-116.99704, 37.99399],
          [-117.00159, 38.01593],
          [-117.00615, 38.03787],
          [-117.02803, 38.05025],
          [-117.03857, 38.05621],
          [-117.04314, 38.07814],
          [-117.06503, 38.09051],
          [-117.07558, 38.09647],
          [-117.09748, 38.10884],
          [-117.12534, 38.10523],
          [-117.13589, 38.11118],
          [-117.1578, 38.12354],
          [-117.18567, 38.11993],
          [-117.19622, 38.12587],
          [-117.21814, 38.13822],
          [-117.24601, 38.1346],
          [-117.27388, 38.13097],
          [-117.28444, 38.13691],
          [-117.30637, 38.14925],
          [-117.33424, 38.14561],
          [-117.36211, 38.14196],
          [-117.38997, 38.13831],
          [-117.41783, 38.13466],
          [-117.4457, 38.131],
          [-117.45626, 38.13693],
          [-117.47822, 38.14925],
          [-117.50608, 38.14558],
          [-117.53394, 38.1419],
          [-117.5618, 38.13822],
          [-117.57744, 38.12095],
          [-117.58497, 38.11263],
          [-117.61282, 38.10894],
          [-117.64067, 38.10525],
          [-117.6563, 38.08797],
          [-117.66382, 38.07964],
          [-117.67944, 38.06235],
          [-117.68696, 38.05403],
          [-117.71479, 38.05032],
          [-117.73039, 38.03303],
          [-117.7379, 38.0247],
          [-117.7535, 38.0074],
          [-117.76101, 37.99907],
          [-117.7766, 37.98176],
          [-117.77189, 37.95984],
          [-117.77939, 37.95151],
          [-117.79497, 37.9342],
          [-117.79025, 37.91227],
          [-117.79775, 37.90394],
          [-117.81332, 37.88662],
          [-117.8086, 37.8647],
          [-117.8161, 37.85636],
          [-117.83166, 37.83904],
          [-117.82694, 37.8171],
          [-117.83443, 37.80876],
          [-117.84998, 37.79144],
          [-117.85746, 37.7831],
          [-117.87301, 37.76577],
          [-117.88049, 37.75742],
          [-117.89603, 37.74009]
        ]
      }
    },
    {
      "type": "Feature",
      "id": "2026091006_f072_12000_002",
      "properties": {
        "product_id": "winter_storm_levels",
        "source_id": "nbm_snow_level",
        "parameter": "snow_level",
        "definition": "height of the wet-bulb 0.5 degree C surface",
        "level_ft_msl": 12000,
        "label": "12,000 ft MSL",
        "unit": "ft_msl",
        "cycle_time_utc": "2026-09-10T06:00:00Z",
        "valid_time_utc": "2026-09-13T06:00:00Z",
        "lead_hours": 72,
        "segment": 2,
        "length_m": 1713721.9
      },
      "geometry": {
        "type": "LineString",
        "coordinates": [
          [-120.33466, 30.25715],
          [-120.32094, 30.27452],
          [-120.31412, 30.28316],
          [-120.31901, 30.3055],
          [-120.30484, 30.32344],
          [-120.29801, 30.33207],
          [-120.28383, 30.35],
          [-120.27701, 30.35863],
          [-120.26282, 30.37656],
          [-120.25599, 30.38519],
          [-120.26088, 30.40753],
          [-120.24668, 30.42545],
          [-120.23985, 30.43408],
          [-120.22565, 30.452],
          [-120.21881, 30.46063],
          [-120.21494, 30.48439],
          [-120.20948, 30.50089],
          [-120.20264, 30.50952],
          [-120.18843, 30.52743],
          [-120.18158, 30.53606],
          [-120.18646, 30.5584],
          [-120.17223, 30.57631],
          [-120.16538, 30.58493],
          [-120.15116, 30.60284],
          [-120.1443, 30.61146],
          [-120.13007, 30.62937],
          [-120.12321, 30.63799],
          [-120.10897, 30.65589],
          [-120.10211, 30.66451],
          [-120.08787, 30.68242],
          [-120.081, 30.69103],
          [-120.06675, 30.70893],
          [-120.05988, 30.71755],
          [-120.04562, 30.73545],
          [-120.03876, 30.74406],
          [-120.03484, 30.7678],
          [-120.02934, 30.78429],
          [-120.02247, 30.7929],
          [-120.00819, 30.81079],
          [-120.00132, 30.81941],
          [-119.98704, 30.83729],
          [-119.98016, 30.8459],
          [-119.97623, 30.86964],
          [-119.96908, 30.87858],
          [-119.95505, 30.89614],
          [-119.9479, 30.90508],
          [-119.93386, 30.92262],
          [-119.92835, 30.9391],
          [-119.92146, 30.94771],
          [-119.91751, 30.97144],
          [-119.91199, 30.98791],
          [-119.90509, 30.99652],
          [-119.89078, 31.01439],
          [-119.88388, 31.023],
          [-119.86955, 31.04087],
          [-119.86266, 31.04947],
          [-119.84832, 31.06734],
          [-119.84142, 31.07594],
          [-119.82708, 31.0938],
          [-119.82018, 31.1024],
          [-119.80583, 31.12026],
          [-119.79892, 31.12886],
          [-119.78457, 31.14672],
          [-119.7819, 31.15465],
          [-119.77368, 31.17904],
          [-119.7665, 31.18797],
          [-119.7524, 31.20549],
          [-119.74521, 31.21441],
          [-119.73111, 31.23193],
          [-119.72392, 31.24086],
          [-119.70981, 31.25838],
          [-119.70262, 31.2673],
          [-119.6885, 31.28481],
          [-119.68131, 31.29373],
          [-119.66719, 31.31125],
          [-119.66161, 31.3277],
          [-119.65468, 31.33629],
          [-119.64028, 31.35413],
          [-119.63335, 31.36272],
          [-119.61894, 31.38055],
          [-119.612, 31.38914],
          [-119.60503, 31.4133],
          [-119.60077, 31.42176],
          [-119.58662, 31.43926],
          [-119.57941, 31.44817],
          [-119.56525, 31.46567],
          [-119.55965, 31.48211],
          [-119.5527, 31.4907],
          [-119.53827, 31.50852],
          [-119.53557, 31.51644],
          [-119.52727, 31.5408],
          [-119.52005, 31.54971],
          [-119.50587, 31.56719],
          [-119.49864, 31.5761],
          [-119.48446, 31.59359],
          [-119.47723, 31.60249],
          [-119.46882, 31.61908],
          [-119.4582, 31.64004],
          [-119.45471, 31.64433],
          [-119.44344, 31.66913],
          [-119.43861, 31.67507],
          [-119.42199, 31.69551],
          [-119.41931, 31.71149],
          [-119.4166, 31.7194],
          [-119.40531, 31.7442],
          [-119.40263, 31.76017],
          [-119.39992, 31.76809],
          [-119.38194, 31.79017],
          [-119.37845, 31.79445],
          [-119.37009, 31.81879],
          [-119.36284, 31.82769],
          [-119.3486, 31.84515],
          [-119.34296, 31.86158],
          [-119.34024, 31.86948],
          [-119.32223, 31.89156],
          [-119.31873, 31.89584],
          [-119.3074, 31.92062],
          [-119.30256, 31.92655],
          [-119.28588, 31.94697],
          [-119.28157, 31.95541],
          [-119.2673, 31.97286],
          [-119.26003, 31.98175],
          [-119.24576, 31.9992],
          [-119.24009, 32.01561],
          [-119.23737, 32.02352],
          [-119.21931, 32.04557],
          [-119.21723, 32.04963],
          [-119.20444, 32.07462],
          [-119.20012, 32.08305],
          [-119.19164, 32.0996],
          [-119.18092, 32.12052],
          [-119.17741, 32.1248],
          [-119.16602, 32.14956],
          [-119.1617, 32.15799],
          [-119.15321, 32.17453],
          [-119.14247, 32.19545],
          [-119.13896, 32.19973],
          [-119.12756, 32.22448],
          [-119.12323, 32.23291],
          [-119.11473, 32.24945],
          [-119.10397, 32.27036],
          [-119.10046, 32.27463],
          [-119.08904, 32.29938],
          [-119.08471, 32.3078],
          [-119.07037, 32.32522],
          [-119.06466, 32.34162],
          [-119.06191, 32.34952],
          [-119.05345, 32.37381],
          [-119.04773, 32.3902],
          [-119.04498, 32.3981],
          [-119.03354, 32.42283],
          [-119.03079, 32.43877],
          [-119.02804, 32.44667],
          [-119.01659, 32.4714],
          [-119.01224, 32.47982],
          [-118.99787, 32.49723],
          [-118.99055, 32.50609],
          [-118.97617, 32.5235],
          [-118.97043, 32.53988],
          [-118.96338, 32.54842],
          [-118.94872, 32.56615],
          [-118.94595, 32.57404],
          [-118.93745, 32.59831],
          [-118.93012, 32.60717],
          [-118.91572, 32.62456],
          [-118.90997, 32.64094],
          [-118.9029, 32.64947],
          [-118.88822, 32.66719],
          [-118.88115, 32.67572],
          [-118.86646, 32.69344],
          [-118.86369, 32.70132],
          [-118.85516, 32.72558],
          [-118.8494, 32.74196],
          [-118.84232, 32.75048],
          [-118.82762, 32.76819],
          [-118.82053, 32.77672],
          [-118.80582, 32.79442],
          [-118.80304, 32.8023],
          [-118.79449, 32.82655],
          [-118.78872, 32.84292],
          [-118.78163, 32.85144],
          [-118.7669, 32.86914],
          [-118.75981, 32.87766],
          [-118.74508, 32.89536],
          [-118.74229, 32.90324],
          [-118.73372, 32.92748],
          [-118.72635, 32.93632],
          [-118.71188, 32.95368],
          [-118.70608, 32.97004],
          [-118.69898, 32.97856],
          [-118.68422, 32.99624],
          [-118.67712, 33.00476],
          [-118.66235, 33.02244],
          [-118.65956, 33.03031],
          [-118.64124, 33.05225],
          [-118.63768, 33.05651],
          [-118.62907, 33.08073],
          [-118.62326, 33.09708],
          [-118.61615, 33.10559],
          [-118.60136, 33.12326],
          [-118.59424, 33.13177],
          [-118.57945, 33.14944],
          [-118.57664, 33.15731],
          [-118.55828, 33.17923],
          [-118.55472, 33.18348],
          [-118.53635, 33.2054],
          [-118.53278, 33.20965],
          [-118.52414, 33.23386],
          [-118.51674, 33.24269],
          [-118.50219, 33.26002],
          [-118.49635, 33.27635],
          [-118.48921, 33.28485],
          [-118.47439, 33.30251],
          [-118.47157, 33.31037],
          [-118.45317, 33.33227],
          [-118.44959, 33.33652],
          [-118.44093, 33.36072],
          [-118.4335, 33.36954],
          [-118.41893, 33.38685],
          [-118.41307, 33.40319],
          [-118.40592, 33.41168],
          [-118.39106, 33.42932],
          [-118.38824, 33.43718],
          [-118.3698, 33.45906],
          [-118.36622, 33.4633],
          [-118.35752, 33.48749],
          [-118.35008, 33.49631],
          [-118.33548, 33.51361],
          [-118.32804, 33.52242],
          [-118.31343, 33.53972],
          [-118.30755, 33.55604],
          [-118.30038, 33.56453],
          [-118.28549, 33.58215],
          [-118.28265, 33.59],
          [-118.26416, 33.61186],
          [-118.26058, 33.6161],
          [-118.24208, 33.63796],
          [-118.23849, 33.6422],
          [-118.22675, 33.6668],
          [-118.22229, 33.67517],
          [-118.20765, 33.69245],
          [-118.19967, 33.69876],
          [-118.18253, 33.71897],
          [-118.17755, 33.72484],
          [-118.1604, 33.74505],
          [-118.15594, 33.75342],
          [-118.14127, 33.77069],
          [-118.1338, 33.77949],
          [-118.11913, 33.79676],
          [-118.11165, 33.80555],
          [-118.09697, 33.82282],
          [-118.09105, 33.83912],
          [-118.08384, 33.84759],
          [-118.06888, 33.86518],
          [-118.06167, 33.87364],
          [-118.04669, 33.89123],
          [-118.03948, 33.89969],
          [-118.0245, 33.91727],
          [-118.02164, 33.92512],
          [-118.00305, 33.94693],
          [-117.99944, 33.95116],
          [-117.98084, 33.97297],
          [-117.97723, 33.9772],
          [-117.95861, 33.999],
          [-117.955, 34.00323],
          [-117.93638, 34.02502],
          [-117.93277, 34.02925],
          [-117.91414, 34.05105],
          [-117.91052, 34.05527],
          [-117.89188, 34.07706],
          [-117.88827, 34.08129],
          [-117.86962, 34.10307],
          [-117.866, 34.1073],
          [-117.84607, 34.12288],
          [-117.8303, 34.1352],
          [-117.82278, 34.14397],
          [-117.79845, 34.16006],
          [-117.79458, 34.16308],
          [-117.77591, 34.18485],
          [-117.76792, 34.18968],
          [-117.75132, 34.19973],
          [-117.72672, 34.2146],
          [-117.7231, 34.21882],
          [-117.70439, 34.24058],
          [-117.6964, 34.24541],
          [-117.68132, 34.26294],
          [-117.67405, 34.27138],
          [-117.65897, 34.28891],
          [-117.65607, 34.29674],
          [-117.63734, 34.31848],
          [-117.63371, 34.3227],
          [-117.62479, 34.34679],
          [-117.61877, 34.36305],
          [-117.6115, 34.37148],
          [-117.59638, 34.389],
          [-117.59348, 34.39683],
          [-117.58455, 34.42091],
          [-117.57852, 34.43716],
          [-117.57123, 34.44559],
          [-117.55611, 34.4631],
          [-117.5532, 34.47092],
          [-117.53442, 34.49264],
          [-117.53078, 34.49686],
          [-117.51199, 34.51857],
          [-117.50835, 34.52279],
          [-117.48955, 34.5445],
          [-117.48591, 34.54871],
          [-117.47694, 34.57278],
          [-117.46936, 34.58152],
          [-117.45448, 34.59869],
          [-117.44842, 34.61493],
          [-117.44112, 34.62335],
          [-117.42594, 34.64084],
          [-117.41864, 34.64926],
          [-117.40346, 34.66674],
          [-117.39615, 34.67516],
          [-117.38097, 34.69264],
          [-117.37365, 34.70106],
          [-117.35846, 34.71854],
          [-117.35114, 34.72695],
          [-117.33594, 34.74443],
          [-117.32862, 34.75284],
          [-117.31342, 34.77031],
          [-117.30609, 34.77872],
          [-117.29088, 34.79619],
          [-117.28355, 34.8046],
          [-117.26833, 34.82206],
          [-117.261, 34.83047],
          [-117.24578, 34.84793],
          [-117.23844, 34.85634],
          [-117.22321, 34.87379],
          [-117.21587, 34.8822],
          [-117.20063, 34.89965],
          [-117.19329, 34.90805],
          [-117.17804, 34.9255],
          [-117.1707, 34.9339],
          [-117.15544, 34.95135],
          [-117.14809, 34.95975],
          [-117.13283, 34.97719],
          [-117.12548, 34.98559],
          [-117.11021, 35.00303],
          [-117.10726, 35.01083],
          [-117.0883, 35.03246],
          [-117.08462, 35.03666],
          [-117.07553, 35.06066],
          [-117.06939, 35.07687],
          [-117.06202, 35.08526],
          [-117.04673, 35.10269],
          [-117.03936, 35.11108],
          [-117.02406, 35.1285],
          [-117.01669, 35.13689],
          [-117.00139, 35.15431],
          [-116.99401, 35.1627],
          [-116.9787, 35.18011],
          [-116.97573, 35.18791],
          [-116.9666, 35.21189],
          [-116.95894, 35.2206],
          [-116.94389, 35.23769],
          [-116.93772, 35.25388],
          [-116.93034, 35.26226],
          [-116.915, 35.27966],
          [-116.91203, 35.28746],
          [-116.90287, 35.31143],
          [-116.89669, 35.32761],
          [-116.8893, 35.33599],
          [-116.87395, 35.35339],
          [-116.86655, 35.36176],
          [-116.85119, 35.37916],
          [-116.84821, 35.38694],
          [-116.83903, 35.41091],
          [-116.83284, 35.42708],
          [-116.82543, 35.43545],
          [-116.81005, 35.45284],
          [-116.80707, 35.46062],
          [-116.78798, 35.48219],
          [-116.78427, 35.48638],
          [-116.77507, 35.51033],
          [-116.76886, 35.52649],
          [-116.76145, 35.53486],
          [-116.74604, 35.55223],
          [-116.74305, 35.56001],
          [-116.73384, 35.58396],
          [-116.72762, 35.60012],
          [-116.7202, 35.60848],
          [-116.70478, 35.62585],
          [-116.70178, 35.63363],
          [-116.70175, 35.65635],
          [-116.68632, 35.67371],
          [-116.68332, 35.68149],
          [-116.68329, 35.70422],
          [-116.67848, 35.72757],
          [-116.67224, 35.74372],
          [-116.66481, 35.75207],
          [-116.6692, 35.77421],
          [-116.66439, 35.79755],
          [-116.65815, 35.8137],
          [-116.65514, 35.82147],
          [-116.65511, 35.84418],
          [-116.63964, 35.86153],
          [-116.63663, 35.8693],
          [-116.63659, 35.89201],
          [-116.63177, 35.91534],
          [-116.62551, 35.93148],
          [-116.61806, 35.93983],
          [-116.61323, 35.96316],
          [-116.60697, 35.97929],
          [-116.59951, 35.98764],
          [-116.58402, 36.00497],
          [-116.57656, 36.01331],
          [-116.56106, 36.03064],
          [-116.55359, 36.03898],
          [-116.53809, 36.05631],
          [-116.53062, 36.06465],
          [-116.5151, 36.08197],
          [-116.50763, 36.0903],
          [-116.49211, 36.10762],
          [-116.48464, 36.11596],
          [-116.46911, 36.13327],
          [-116.46163, 36.14161],
          [-116.466, 36.16372],
          [-116.45046, 36.18103],
          [-116.44298, 36.18936],
          [-116.42743, 36.20667],
          [-116.41995, 36.215],
          [-116.42431, 36.23711],
          [-116.40876, 36.25441],
          [-116.40127, 36.26273],
          [-116.39638, 36.28603],
          [-116.39007, 36.30214],
          [-116.38257, 36.31046],
          [-116.367, 36.32775],
          [-116.3595, 36.33608],
          [-116.34392, 36.35336],
          [-116.33641, 36.36169],
          [-116.34077, 36.38379],
          [-116.32518, 36.40107],
          [-116.31767, 36.40939],
          [-116.30207, 36.42667],
          [-116.29456, 36.43499],
          [-116.27896, 36.45226],
          [-116.27144, 36.46058],
          [-116.25583, 36.47785],
          [-116.24831, 36.48617],
          [-116.23269, 36.50343],
          [-116.22517, 36.51175],
          [-116.20954, 36.52901],
          [-116.20202, 36.53732],
          [-116.18639, 36.55458],
          [-116.15889, 36.55806],
          [-116.15136, 36.56637],
          [-116.13571, 36.58362],
          [-116.12817, 36.59193],
          [-116.1325, 36.61401],
          [-116.11684, 36.63126],
          [-116.08932, 36.63473],
          [-116.0618, 36.63819],
          [-116.05426, 36.64649],
          [-116.03858, 36.66373],
          [-116.01105, 36.66718],
          [-116.0035, 36.67548],
          [-115.98782, 36.69271],
          [-115.98026, 36.70101],
          [-115.96457, 36.71824],
          [-115.93702, 36.72168],
          [-115.92946, 36.72997],
          [-115.91376, 36.74719],
          [-115.9062, 36.75548],
          [-115.89048, 36.7727],
          [-115.88292, 36.78099],
          [-115.8672, 36.79821],
          [-115.85963, 36.80649],
          [-115.8639, 36.82857],
          [-115.84817, 36.84578],
          [-115.8406, 36.85406],
          [-115.82486, 36.87127],
          [-115.81728, 36.87955],
          [-115.80154, 36.89675],
          [-115.79396, 36.90503],
          [-115.7782, 36.92223],
          [-115.7506, 36.92564],
          [-115.74301, 36.93392],
          [-115.72725, 36.95111],
          [-115.71966, 36.95939],
          [-115.70388, 36.97657],
          [-115.67626, 36.97997],
          [-115.66867, 36.98824],
          [-115.65288, 37.00542],
          [-115.62525, 37.00881],
          [-115.61765, 37.01708],
          [-115.60185, 37.03425],
          [-115.59425, 37.04252],
          [-115.57844, 37.05969],
          [-115.5508, 37.06306],
          [-115.52315, 37.06643],
          [-115.51553, 37.07469],
          [-115.49971, 37.09185],
          [-115.47206, 37.09521],
          [-115.46444, 37.10347],
          [-115.4486, 37.12062],
          [-115.42094, 37.12398],
          [-115.41331, 37.13223],
          [-115.39747, 37.14938],
          [-115.38983, 37.15763],
          [-115.37398, 37.17478],
          [-115.36635, 37.18303],
          [-115.37054, 37.20509],
          [-115.35468, 37.22222],
          [-115.34704, 37.23047],
          [-115.33117, 37.24761],
          [-115.32352, 37.25586],
          [-115.30765, 37.27299],
          [-115.3, 37.28124],
          [-115.28411, 37.29836],
          [-115.2564, 37.30168],
          [-115.24874, 37.30993],
          [-115.23285, 37.32705],
          [-115.22519, 37.33529],
          [-115.20929, 37.3524],
          [-115.18155, 37.35571],
          [-115.17389, 37.36395],
          [-115.15797, 37.38106],
          [-115.15031, 37.3893],
          [-115.13438, 37.4064],
          [-115.12671, 37.41464],
          [-115.11078, 37.43174],
          [-115.10311, 37.43997],
          [-115.08717, 37.45707],
          [-115.07949, 37.4653],
          [-115.06355, 37.48239],
          [-115.05587, 37.49062],
          [-115.03991, 37.50771],
          [-115.03223, 37.51594],
          [-115.03636, 37.53797],
          [-115.0204, 37.55505],
          [-115.01271, 37.56328],
          [-114.99674, 37.58036],
          [-114.98904, 37.58858],
          [-114.97306, 37.60566],
          [-114.96989, 37.61335],
          [-114.96011, 37.63701],
          [-114.9535, 37.65297],
          [-114.9458, 37.66119],
          [-114.94054, 37.68432],
          [-114.93393, 37.70028],
          [-114.92622, 37.7085],
          [-114.92095, 37.73161],
          [-114.91433, 37.74757],
          [-114.91115, 37.75526],
          [-114.90134, 37.7789],
          [-114.89472, 37.79486],
          [-114.89153, 37.80254],
          [-114.88172, 37.82617],
          [-114.87509, 37.84213],
          [-114.8719, 37.84981],
          [-114.87601, 37.87181],
          [-114.86619, 37.89544],
          [-114.85956, 37.91139],
          [-114.85636, 37.91907],
          [-114.86048, 37.94107],
          [-114.85064, 37.96469],
          [-114.85476, 37.98668],
          [-114.84812, 38.00262],
          [-114.84492, 38.0103],
          [-114.8445, 38.03282],
          [-114.83919, 38.0559],
          [-114.84331, 38.07789],
          [-114.83666, 38.09382],
          [-114.83346, 38.10149],
          [-114.83303, 38.124],
          [-114.83715, 38.14598],
          [-114.83184, 38.16906],
          [-114.82518, 38.18498],
          [-114.82198, 38.19265],
          [-114.82155, 38.21515],
          [-114.82567, 38.23713],
          [-114.82979, 38.2591],
          [-114.81368, 38.27611],
          [-114.80593, 38.2843],
          [-114.81005, 38.30627],
          [-114.79393, 38.32327],
          [-114.78617, 38.33146],
          [-114.79028, 38.35342],
          [-114.77416, 38.37042],
          [-114.76639, 38.37861],
          [-114.77051, 38.40057],
          [-114.75437, 38.41756],
          [-114.7466, 38.42575],
          [-114.75071, 38.4477],
          [-114.73456, 38.46469],
          [-114.72679, 38.47287],
          [-114.7309, 38.49482],
          [-114.71474, 38.51181],
          [-114.70696, 38.51998],
          [-114.69079, 38.53697],
          [-114.68301, 38.54514],
          [-114.66683, 38.56212],
          [-114.65904, 38.57029],
          [-114.64286, 38.58727],
          [-114.63507, 38.59544],
          [-114.61888, 38.61241],
          [-114.61109, 38.62058],
          [-114.59489, 38.63754],
          [-114.58709, 38.64571],
          [-114.57089, 38.66267],
          [-114.54279, 38.66585],
          [-114.53499, 38.67402],
          [-114.51877, 38.69097],
          [-114.51096, 38.69913],
          [-114.49474, 38.71608],
          [-114.48692, 38.72424],
          [-114.47069, 38.74119],
          [-114.46287, 38.74935],
          [-114.44663, 38.76629],
          [-114.41917, 38.77302],
          [-114.41069, 38.77761],
          [-114.39443, 38.79454],
          [-114.36696, 38.80126],
          [-114.35847, 38.80585],
          [-114.34221, 38.82278],
          [-114.33437, 38.83092],
          [-114.3181, 38.84785],
          [-114.31026, 38.85599],
          [-114.29398, 38.87291],
          [-114.28614, 38.88106],
          [-114.26985, 38.89797],
          [-114.26201, 38.90612],
          [-114.24571, 38.92303],
          [-114.23787, 38.93117],
          [-114.22156, 38.94807],
          [-114.21829, 38.9557],
          [-114.20822, 38.97918],
          [-114.20142, 38.99503],
          [-114.19356, 39.00316],
          [-114.18806, 39.02613],
          [-114.18126, 39.04197],
          [-114.17339, 39.0501],
          [-114.15706, 39.06699],
          [-114.1492, 39.07512],
          [-114.13286, 39.09201],
          [-114.12499, 39.10014],
          [-114.10864, 39.11702],
          [-114.10077, 39.12515],
          [-114.08441, 39.14203],
          [-114.07653, 39.15015],
          [-114.06017, 39.16703],
          [-114.05229, 39.17515],
          [-114.03592, 39.19202],
          [-114.02803, 39.20014],
          [-114.03203, 39.22203],
          [-114.03602, 39.24392],
          [-114.04002, 39.26581],
          [-114.02363, 39.28267],
          [-114.01574, 39.29079],
          [-114.01973, 39.31267],
          [-114.00333, 39.32953],
          [-113.97504, 39.33262],
          [-113.96714, 39.34073],
          [-113.95073, 39.35758],
          [-113.92244, 39.36065],
          [-113.89414, 39.36372],
          [-113.88623, 39.37183],
          [-113.8698, 39.38867],
          [-113.84149, 39.39173],
          [-113.83357, 39.39984],
          [-113.81713, 39.41667],
          [-113.78881, 39.41972],
          [-113.78089, 39.42782],
          [-113.76444, 39.44465],
          [-113.75652, 39.45275],
          [-113.74005, 39.46957],
          [-113.73213, 39.47766],
          [-113.71566, 39.49448],
          [-113.68731, 39.49752],
          [-113.67938, 39.50561],
          [-113.6629, 39.52242],
          [-113.65496, 39.53051],
          [-113.63847, 39.54731],
          [-113.63053, 39.5554],
          [-113.61403, 39.5722],
          [-113.60608, 39.58029],
          [-113.58957, 39.59708],
          [-113.58163, 39.60517],
          [-113.56511, 39.62196],
          [-113.53673, 39.62497],
          [-113.52877, 39.63305],
          [-113.51225, 39.64984],
          [-113.50429, 39.65792],
          [-113.48775, 39.6747],
          [-113.47979, 39.68277],
          [-113.46325, 39.69955],
          [-113.45528, 39.70762],
          [-113.45917, 39.72948],
          [-113.44262, 39.74624],
          [-113.43465, 39.75432],
          [-113.43853, 39.77617],
          [-113.42197, 39.79293],
          [-113.41399, 39.801],
          [-113.41788, 39.82284],
          [-113.42177, 39.84468],
          [-113.42566, 39.86652],
          [-113.42955, 39.88836],
          [-113.41297, 39.90511],
          [-113.40498, 39.91318],
          [-113.40887, 39.93501],
          [-113.41276, 39.95684],
          [-113.42328, 39.96296],
          [-113.44513, 39.97568],
          [-113.44903, 39.9975],
          [-113.45293, 40.01932],
          [-113.43633, 40.03607],
          [-113.42834, 40.04413],
          [-113.41173, 40.06087],
          [-113.40373, 40.06893],
          [-113.38711, 40.08566],
          [-113.37911, 40.09372],
          [-113.36249, 40.11045],
          [-113.35448, 40.1185],
          [-113.35836, 40.14031],
          [-113.34173, 40.15704],
          [-113.33372, 40.16509],
          [-113.31707, 40.18181],
          [-113.30906, 40.18986],
          [-113.29241, 40.20658],
          [-113.28439, 40.21463],
          [-113.28826, 40.23643],
          [-113.2716, 40.25314],
          [-113.26358, 40.26118],
          [-113.24691, 40.27789],
          [-113.23888, 40.28593],
          [-113.24275, 40.30772],
          [-113.22606, 40.32442],
          [-113.21803, 40.33246],
          [-113.20134, 40.34916],
          [-113.1933, 40.3572],
          [-113.17661, 40.37389],
          [-113.16857, 40.38192],
          [-113.17242, 40.40371],
          [-113.17628, 40.42549],
          [-113.15957, 40.44217],
          [-113.15152, 40.45021],
          [-113.1348, 40.46689],
          [-113.12675, 40.47492],
          [-113.11002, 40.49159],
          [-113.10197, 40.49962],
          [-113.08523, 40.51629],
          [-113.07717, 40.52431],
          [-113.08102, 40.54608],
          [-113.06427, 40.56275],
          [-113.05621, 40.57077],
          [-113.06005, 40.59254],
          [-113.06389, 40.6143],
          [-113.06773, 40.63606],
          [-113.07158, 40.65782],
          [-113.07542, 40.67957],
          [-113.07927, 40.70133],
          [-113.08312, 40.72308],
          [-113.06635, 40.73973],
          [-113.05827, 40.74774],
          [-113.06211, 40.76949],
          [-113.04533, 40.78613],
          [-113.03725, 40.79414],
          [-113.04109, 40.81588],
          [-113.04494, 40.83762],
          [-113.02814, 40.85426],
          [-113.02005, 40.86226],
          [-113.02389, 40.884],
          [-113.02773, 40.90573],
          [-113.01092, 40.92235],
          [-113.00282, 40.93036],
          [-113.00667, 40.95208],
          [-113.01051, 40.97381],
          [-112.99368, 40.99043],
          [-112.98558, 40.99843],
          [-112.98942, 41.02015],
          [-112.97258, 41.03676],
          [-112.96447, 41.04476],
          [-112.96831, 41.06647],
          [-112.95146, 41.08308],
          [-112.94335, 41.09107],
          [-112.92649, 41.10768],
          [-112.91837, 41.11567],
          [-112.9222, 41.13738],
          [-112.90533, 41.15397],
          [-112.89721, 41.16196],
          [-112.88033, 41.17855],
          [-112.8722, 41.18654],
          [-112.87603, 41.20824],
          [-112.87985, 41.22994],
          [-112.86296, 41.24652],
          [-112.85483, 41.2545],
          [-112.85865, 41.27619],
          [-112.86248, 41.29788],
          [-112.8663, 41.31957],
          [-112.87013, 41.34125],
          [-112.87396, 41.36293],
          [-112.87779, 41.38461],
          [-112.88162, 41.40628],
          [-112.88546, 41.42795],
          [-112.88929, 41.44962],
          [-112.89313, 41.47129],
          [-112.89697, 41.49295],
          [-112.90081, 41.51461],
          [-112.90465, 41.53627],
          [-112.9085, 41.55792],
          [-112.91915, 41.56403],
          [-112.94129, 41.5767],
          [-112.94514, 41.59835],
          [-112.949, 41.61999],
          [-112.95285, 41.64164],
          [-112.95671, 41.66328],
          [-112.96738, 41.66937],
          [-112.98954, 41.68203],
          [-112.99341, 41.70367],
          [-112.99728, 41.7253],
          [-113.00796, 41.73139],
          [-113.03014, 41.74404],
          [-113.03402, 41.76567],
          [-113.0379, 41.78729],
          [-113.04859, 41.79338],
          [-113.07079, 41.80602],
          [-113.07468, 41.82764],
          [-113.07857, 41.84925],
          [-113.08246, 41.87087],
          [-113.08636, 41.89248],
          [-113.09025, 41.91408],
          [-113.07328, 41.93062],
          [-113.06511, 41.93859],
          [-113.069, 41.96019],
          [-113.0729, 41.98179],
          [-113.0768, 42.00339],
          [-113.05981, 42.01992],
          [-113.05163, 42.02787],
          [-113.05552, 42.04947],
          [-113.0496, 42.07203],
          [-113.04242, 42.08758],
          [-113.03423, 42.09553],
          [-113.0283, 42.11809],
          [-113.02111, 42.13363],
          [-113.01291, 42.14158],
          [-113.00698, 42.16413],
          [-112.99978, 42.17967],
          [-112.99158, 42.18762],
          [-112.97455, 42.20412],
          [-112.97108, 42.2116],
          [-112.9604, 42.23461],
          [-112.95318, 42.25014],
          [-112.94497, 42.25808],
          [-112.92792, 42.27457],
          [-112.92445, 42.28205],
          [-112.91375, 42.30504],
          [-112.90652, 42.32056],
          [-112.8983, 42.3285],
          [-112.87993, 42.33771],
          [-112.86316, 42.35388],
          [-112.85462, 42.36212],
          [-112.82738, 42.37575],
          [-112.81853, 42.38018],
          [-112.80143, 42.39665],
          [-112.7932, 42.40458],
          [-112.7761, 42.42104],
          [-112.74753, 42.42738],
          [-112.73867, 42.43181],
          [-112.72155, 42.44827],
          [-112.71331, 42.45619],
          [-112.69618, 42.47264],
          [-112.66697, 42.47547],
          [-112.65872, 42.48339],
          [-112.64158, 42.49983],
          [-112.63333, 42.50775],
          [-112.61618, 42.52419],
          [-112.58696, 42.527],
          [-112.5787, 42.53491],
          [-112.56154, 42.55135],
          [-112.55327, 42.55926],
          [-112.5361, 42.57568],
          [-112.52784, 42.58359],
          [-112.51066, 42.60002],
          [-112.50239, 42.60792],
          [-112.4852, 42.62434],
          [-112.47693, 42.63224],
          [-112.45973, 42.64866],
          [-112.45145, 42.65656],
          [-112.43425, 42.67297],
          [-112.40497, 42.67575],
          [-112.39669, 42.68365],
          [-112.37947, 42.70005],
          [-112.37118, 42.70794],
          [-112.35396, 42.72434],
          [-112.34566, 42.73223],
          [-112.32843, 42.74862],
          [-112.32013, 42.75651],
          [-112.30289, 42.7729],
          [-112.27358, 42.77566],
          [-112.26527, 42.78355],
          [-112.24802, 42.79992],
          [-112.23971, 42.80781],
          [-112.22245, 42.82418],
          [-112.21413, 42.83207],
          [-112.19686, 42.84843],
          [-112.18854, 42.85631],
          [-112.17126, 42.87268],
          [-112.16294, 42.88056],
          [-112.14565, 42.89692],
          [-112.1163, 42.89965],
          [-112.10797, 42.90752],
          [-112.09067, 42.92387],
          [-112.08234, 42.93174],
          [-112.06503, 42.94809],
          [-112.05669, 42.95596],
          [-112.03937, 42.9723],
          [-112.03103, 42.98017],
          [-112.01371, 42.99651],
          [-112.00536, 43.00437],
          [-112, 43.00942]
        ]
      }
    },
    {
      "type": "Feature",
      "id": "2026091006_f072_12000_003",
      "properties": {
        "product_id": "winter_storm_levels",
        "source_id": "nbm_snow_level",
        "parameter": "snow_level",
        "definition": "height of the wet-bulb 0.5 degree C surface",
        "level_ft_msl": 12000,
        "label": "12,000 ft MSL",
        "unit": "ft_msl",
        "cycle_time_utc": "2026-09-10T06:00:00Z",
        "valid_time_utc": "2026-09-13T06:00:00Z",
        "lead_hours": 72,
        "segment": 3,
        "length_m": 1316875.1
      },
      "geometry": {
        "type": "LineString",
        "coordinates": [
          [-130, 33.6014],
          [-129.97477, 33.60694],
          [-129.94856, 33.6127],
          [-129.92234, 33.61845],
          [-129.89613, 33.6242],
          [-129.86991, 33.62995],
          [-129.84369, 33.63569],
          [-129.82134, 33.62482],
          [-129.81058, 33.61959],
          [-129.78435, 33.62532],
          [-129.75813, 33.63105],
          [-129.7319, 33.63677],
          [-129.70567, 33.64249],
          [-129.67944, 33.6482],
          [-129.6532, 33.65391],
          [-129.62697, 33.65961],
          [-129.60073, 33.66531],
          [-129.57448, 33.67101],
          [-129.54824, 33.6767],
          [-129.52591, 33.6658],
          [-129.51516, 33.66055],
          [-129.48891, 33.66623],
          [-129.46266, 33.67191],
          [-129.43641, 33.67758],
          [-129.41409, 33.66666],
          [-129.40334, 33.6614],
          [-129.37709, 33.66707],
          [-129.35084, 33.67273],
          [-129.32853, 33.6618],
          [-129.31779, 33.65653],
          [-129.29153, 33.66218],
          [-129.26527, 33.66783],
          [-129.24297, 33.65688],
          [-129.23224, 33.65161],
          [-129.20598, 33.65725],
          [-129.17971, 33.66288],
          [-129.15742, 33.65193],
          [-129.14669, 33.64665],
          [-129.12043, 33.65228],
          [-129.09815, 33.64131],
          [-129.08742, 33.63603],
          [-129.06116, 33.64164],
          [-129.03888, 33.63067],
          [-129.02816, 33.62539],
          [-129.00589, 33.61441],
          [-128.99517, 33.60912],
          [-128.9729, 33.59814],
          [-128.96219, 33.59285],
          [-128.93593, 33.59845],
          [-128.90967, 33.60404],
          [-128.88741, 33.59304],
          [-128.8767, 33.58775],
          [-128.85044, 33.59333],
          [-128.82819, 33.58233],
          [-128.81748, 33.57703],
          [-128.79524, 33.56602],
          [-128.78454, 33.56072],
          [-128.75828, 33.56628],
          [-128.73605, 33.55527],
          [-128.72534, 33.54996],
          [-128.70312, 33.53894],
          [-128.69242, 33.53363],
          [-128.6702, 33.52261],
          [-128.6595, 33.5173],
          [-128.63729, 33.50627],
          [-128.6266, 33.50095],
          [-128.60439, 33.48992],
          [-128.5937, 33.4846],
          [-128.56745, 33.49014],
          [-128.5412, 33.49567],
          [-128.51494, 33.5012],
          [-128.49274, 33.49015],
          [-128.48206, 33.48483],
          [-128.4558, 33.49035],
          [-128.42954, 33.49586],
          [-128.40328, 33.50137],
          [-128.37702, 33.50687],
          [-128.35075, 33.51238],
          [-128.32857, 33.5013],
          [-128.31789, 33.49597],
          [-128.29162, 33.50146],
          [-128.26535, 33.50695],
          [-128.23908, 33.51243],
          [-128.2128, 33.51791],
          [-128.2064, 33.52681],
          [-128.19309, 33.54529],
          [-128.16681, 33.55076],
          [-128.14052, 33.55623],
          [-128.11423, 33.56169],
          [-128.08794, 33.56715],
          [-128.06577, 33.55604],
          [-128.0551, 33.55069],
          [-128.02881, 33.55614],
          [-128.00251, 33.56159],
          [-127.97621, 33.56703],
          [-127.94991, 33.57246],
          [-127.92361, 33.57789],
          [-127.8973, 33.58332],
          [-127.871, 33.58874],
          [-127.84468, 33.59416],
          [-127.82254, 33.58302],
          [-127.81188, 33.57766],
          [-127.78556, 33.58307],
          [-127.76342, 33.57192],
          [-127.75277, 33.56655],
          [-127.73063, 33.5554],
          [-127.71998, 33.55003],
          [-127.69367, 33.55542],
          [-127.67155, 33.54426],
          [-127.66089, 33.53888],
          [-127.63878, 33.52772],
          [-127.62813, 33.52234],
          [-127.60602, 33.51117],
          [-127.59537, 33.50579],
          [-127.56907, 33.51116],
          [-127.54696, 33.49998],
          [-127.53632, 33.4946],
          [-127.51002, 33.49996],
          [-127.48371, 33.50532],
          [-127.4574, 33.51068],
          [-127.43109, 33.51603],
          [-127.40477, 33.52138],
          [-127.38268, 33.51018],
          [-127.37205, 33.50479],
          [-127.34573, 33.51012],
          [-127.31942, 33.51546],
          [-127.2931, 33.52079],
          [-127.26677, 33.52611],
          [-127.24045, 33.53144],
          [-127.21412, 33.53675],
          [-127.18779, 33.54207],
          [-127.16146, 33.54737],
          [-127.13512, 33.55268],
          [-127.10879, 33.55798],
          [-127.08245, 33.56327],
          [-127.05611, 33.56857],
          [-127.02976, 33.57385],
          [-127.00341, 33.57913],
          [-126.97706, 33.58441],
          [-126.95071, 33.58969],
          [-126.92436, 33.59496],
          [-126.898, 33.60022],
          [-126.87164, 33.60548],
          [-126.84528, 33.61074],
          [-126.81892, 33.61599],
          [-126.79255, 33.62124],
          [-126.76618, 33.62648],
          [-126.73981, 33.63172],
          [-126.71343, 33.63696],
          [-126.68706, 33.64219],
          [-126.66068, 33.64741],
          [-126.6343, 33.65263],
          [-126.61226, 33.64133],
          [-126.60165, 33.63589],
          [-126.57527, 33.6411],
          [-126.54888, 33.64631],
          [-126.5225, 33.65151],
          [-126.50047, 33.64019],
          [-126.48987, 33.63474],
          [-126.46348, 33.63994],
          [-126.43709, 33.64513],
          [-126.4107, 33.65031],
          [-126.38431, 33.65549],
          [-126.36229, 33.64416],
          [-126.35169, 33.6387],
          [-126.3253, 33.64387],
          [-126.2989, 33.64904],
          [-126.27251, 33.6542],
          [-126.24611, 33.65936],
          [-126.22071, 33.66808],
          [-126.21313, 33.67333],
          [-126.19948, 33.69164],
          [-126.17307, 33.69679],
          [-126.14665, 33.70193],
          [-126.12024, 33.70707],
          [-126.11366, 33.71588],
          [-126.09999, 33.73418],
          [-126.07356, 33.73931],
          [-126.04713, 33.74443],
          [-126.0207, 33.74955],
          [-125.99426, 33.75467],
          [-125.96782, 33.75978],
          [-125.94139, 33.76489],
          [-125.91494, 33.76999],
          [-125.8885, 33.77509],
          [-125.86205, 33.78018],
          [-125.85545, 33.78898],
          [-125.84173, 33.80726],
          [-125.81527, 33.81234],
          [-125.78881, 33.81743],
          [-125.76235, 33.8225],
          [-125.74037, 33.81109],
          [-125.72978, 33.80559],
          [-125.70332, 33.81066],
          [-125.67686, 33.81572],
          [-125.65039, 33.82078],
          [-125.62842, 33.80935],
          [-125.61784, 33.80385],
          [-125.59138, 33.8089],
          [-125.56491, 33.81395],
          [-125.53844, 33.81899],
          [-125.51648, 33.80754],
          [-125.50591, 33.80203],
          [-125.48395, 33.79058],
          [-125.47339, 33.78507],
          [-125.45144, 33.77361],
          [-125.44087, 33.7681],
          [-125.41893, 33.75664],
          [-125.40837, 33.75112],
          [-125.38191, 33.75613],
          [-125.35997, 33.74467],
          [-125.34942, 33.73914],
          [-125.32749, 33.72767],
          [-125.31694, 33.72215],
          [-125.29502, 33.71067],
          [-125.28901, 33.68866],
          [-125.27846, 33.68313],
          [-125.25655, 33.67165],
          [-125.25055, 33.64963],
          [-125.24, 33.6441],
          [-125.21811, 33.63261],
          [-125.20757, 33.62708],
          [-125.18568, 33.61558],
          [-125.17969, 33.59356],
          [-125.16916, 33.58803],
          [-125.14728, 33.57652],
          [-125.13675, 33.57098],
          [-125.11487, 33.55948],
          [-125.10891, 33.53745],
          [-125.09838, 33.53191],
          [-125.07652, 33.5204],
          [-125.066, 33.51485],
          [-125.04414, 33.50333],
          [-125.03819, 33.4813],
          [-125.02767, 33.47576],
          [-125.00583, 33.46423],
          [-124.99532, 33.45868],
          [-124.97348, 33.44715],
          [-124.96755, 33.42512],
          [-124.96161, 33.40308],
          [-124.95111, 33.39752],
          [-124.92929, 33.38599],
          [-124.92337, 33.36394],
          [-124.91286, 33.35839],
          [-124.89106, 33.34684],
          [-124.88056, 33.34129],
          [-124.85876, 33.32974],
          [-124.84826, 33.32418],
          [-124.82647, 33.31262],
          [-124.81598, 33.30706],
          [-124.79419, 33.2955],
          [-124.7883, 33.27345],
          [-124.77781, 33.26788],
          [-124.75603, 33.25632],
          [-124.74555, 33.25075],
          [-124.72378, 33.23918],
          [-124.7133, 33.23361],
          [-124.68693, 33.23852],
          [-124.68026, 33.24728],
          [-124.66642, 33.26548],
          [-124.65975, 33.27424],
          [-124.6459, 33.29244],
          [-124.61951, 33.29734],
          [-124.61284, 33.3061],
          [-124.59898, 33.32429],
          [-124.57258, 33.32919],
          [-124.5659, 33.33794],
          [-124.55202, 33.35613],
          [-124.52562, 33.36101],
          [-124.51893, 33.36977],
          [-124.50505, 33.38795],
          [-124.49836, 33.3967],
          [-124.48447, 33.41488],
          [-124.47778, 33.42363],
          [-124.46388, 33.44181],
          [-124.45719, 33.45056],
          [-124.46302, 33.47261],
          [-124.44911, 33.49078],
          [-124.44242, 33.49953],
          [-124.4285, 33.5177],
          [-124.40205, 33.52256],
          [-124.39535, 33.53131],
          [-124.38142, 33.54947],
          [-124.37472, 33.55821],
          [-124.36079, 33.57637],
          [-124.35408, 33.58512],
          [-124.3599, 33.60717],
          [-124.34596, 33.62532],
          [-124.33925, 33.63406],
          [-124.3253, 33.65222],
          [-124.31858, 33.66096],
          [-124.30463, 33.67911],
          [-124.29791, 33.68784],
          [-124.30373, 33.70989],
          [-124.28976, 33.72803],
          [-124.28304, 33.73677],
          [-124.26907, 33.75491],
          [-124.24256, 33.75975],
          [-124.23583, 33.76848],
          [-124.22185, 33.78662],
          [-124.21512, 33.79535],
          [-124.20113, 33.81348],
          [-124.19439, 33.82221],
          [-124.1804, 33.84034],
          [-124.17366, 33.84907],
          [-124.15966, 33.8672],
          [-124.15292, 33.87593],
          [-124.13891, 33.89405],
          [-124.11236, 33.89886],
          [-124.0858, 33.90367],
          [-124.07905, 33.91239],
          [-124.06503, 33.93051],
          [-124.03847, 33.9353],
          [-124.0119, 33.9401],
          [-124.00514, 33.94881],
          [-123.9911, 33.96692],
          [-123.96453, 33.97171],
          [-123.93795, 33.97649],
          [-123.91137, 33.98126],
          [-123.88955, 33.9696],
          [-123.87904, 33.96399],
          [-123.85246, 33.96876],
          [-123.82588, 33.97352],
          [-123.80407, 33.96185],
          [-123.79356, 33.95623],
          [-123.76698, 33.96098],
          [-123.74518, 33.9493],
          [-123.73468, 33.94368],
          [-123.7081, 33.94842],
          [-123.6863, 33.93673],
          [-123.67581, 33.93111],
          [-123.65402, 33.91942],
          [-123.64832, 33.89736],
          [-123.63783, 33.89173],
          [-123.61605, 33.88003],
          [-123.61036, 33.85797],
          [-123.62444, 33.83989],
          [-123.63123, 33.83119],
          [-123.62553, 33.80913],
          [-123.61984, 33.78706],
          [-123.63392, 33.76898],
          [-123.6407, 33.76027],
          [-123.63501, 33.7382],
          [-123.64907, 33.72011],
          [-123.65585, 33.7114],
          [-123.65016, 33.68934],
          [-123.66422, 33.67124],
          [-123.67098, 33.66253],
          [-123.66529, 33.64046],
          [-123.67934, 33.62236],
          [-123.68611, 33.61365],
          [-123.68042, 33.59158],
          [-123.69446, 33.57348],
          [-123.70122, 33.56476],
          [-123.69553, 33.54268],
          [-123.70956, 33.52458],
          [-123.71632, 33.51586],
          [-123.71062, 33.49379],
          [-123.72465, 33.47568],
          [-123.7314, 33.46696],
          [-123.72571, 33.44488],
          [-123.71526, 33.43925],
          [-123.68879, 33.44399],
          [-123.66233, 33.44873],
          [-123.64063, 33.43702],
          [-123.63019, 33.43139],
          [-123.60372, 33.43612],
          [-123.57726, 33.44085],
          [-123.55557, 33.42913],
          [-123.54513, 33.42348],
          [-123.51867, 33.4282],
          [-123.4922, 33.43292],
          [-123.48543, 33.44163],
          [-123.47137, 33.45971],
          [-123.44489, 33.46442],
          [-123.41841, 33.46912],
          [-123.39193, 33.47382],
          [-123.36545, 33.47851],
          [-123.33896, 33.4832],
          [-123.31247, 33.48788],
          [-123.28598, 33.49256],
          [-123.25949, 33.49724],
          [-123.2527, 33.50594],
          [-123.23859, 33.524],
          [-123.21209, 33.52867],
          [-123.18558, 33.53333],
          [-123.15908, 33.53799],
          [-123.13257, 33.54265],
          [-123.10606, 33.5473],
          [-123.07955, 33.55194],
          [-123.05789, 33.54016],
          [-123.04746, 33.53449],
          [-123.02095, 33.53912],
          [-122.9993, 33.52733],
          [-122.98888, 33.52165],
          [-122.96724, 33.50986],
          [-122.9617, 33.48775],
          [-122.95128, 33.48207],
          [-122.92965, 33.47027],
          [-122.92412, 33.44816],
          [-122.91858, 33.42605],
          [-122.91305, 33.40394],
          [-122.90752, 33.38183],
          [-122.90199, 33.35972],
          [-122.89646, 33.3376],
          [-122.89094, 33.31549],
          [-122.88542, 33.29337],
          [-122.8799, 33.27125],
          [-122.86951, 33.26556],
          [-122.84793, 33.25374],
          [-122.84242, 33.23162],
          [-122.83691, 33.20949],
          [-122.82652, 33.2038],
          [-122.80496, 33.19197],
          [-122.79458, 33.18628],
          [-122.77302, 33.17444],
          [-122.76753, 33.15231],
          [-122.76204, 33.13018],
          [-122.75655, 33.10805],
          [-122.75107, 33.08591],
          [-122.74559, 33.06378],
          [-122.7401, 33.04164],
          [-122.73462, 33.0195],
          [-122.74875, 33.00146],
          [-122.75555, 32.99277],
          [-122.75007, 32.97063],
          [-122.74459, 32.94848],
          [-122.73911, 32.92634],
          [-122.75322, 32.90829],
          [-122.76001, 32.8996],
          [-122.75454, 32.87745],
          [-122.74906, 32.85531],
          [-122.74359, 32.83316],
          [-122.75769, 32.8151],
          [-122.76448, 32.80641],
          [-122.759, 32.78426],
          [-122.75353, 32.7621],
          [-122.76762, 32.74405],
          [-122.7744, 32.73535],
          [-122.76893, 32.7132],
          [-122.78301, 32.69513],
          [-122.78979, 32.68644],
          [-122.78432, 32.66428],
          [-122.77885, 32.64212],
          [-122.79292, 32.62405],
          [-122.79969, 32.61535],
          [-122.79422, 32.59319],
          [-122.78875, 32.57103],
          [-122.80281, 32.55296],
          [-122.80958, 32.54426],
          [-122.80411, 32.5221],
          [-122.81816, 32.50402],
          [-122.82492, 32.49532],
          [-122.81945, 32.47316],
          [-122.81398, 32.45099],
          [-122.80852, 32.42882],
          [-122.80306, 32.40665],
          [-122.79759, 32.38448],
          [-122.79214, 32.36231],
          [-122.78668, 32.34013],
          [-122.77638, 32.33443],
          [-122.75498, 32.32257],
          [-122.74468, 32.31685],
          [-122.7233, 32.30499],
          [-122.713, 32.29928],
          [-122.69162, 32.28741],
          [-122.68133, 32.28169],
          [-122.65509, 32.28628],
          [-122.62885, 32.29087],
          [-122.60261, 32.29545],
          [-122.58124, 32.28357],
          [-122.57583, 32.26138],
          [-122.57042, 32.2392],
          [-122.56501, 32.21701],
          [-122.5596, 32.19482],
          [-122.5542, 32.17263],
          [-122.5488, 32.15044],
          [-122.56284, 32.13237],
          [-122.5696, 32.12367],
          [-122.5642, 32.10148],
          [-122.5588, 32.07929],
          [-122.5534, 32.05709],
          [-122.54801, 32.03489],
          [-122.56204, 32.01682],
          [-122.56879, 32.00812],
          [-122.56339, 31.98592],
          [-122.558, 31.96372],
          [-122.57202, 31.94564],
          [-122.57877, 31.93694],
          [-122.57337, 31.91474],
          [-122.56798, 31.89254],
          [-122.56259, 31.87033],
          [-122.5766, 31.85225],
          [-122.58334, 31.84355],
          [-122.57795, 31.82134],
          [-122.59195, 31.80326],
          [-122.59869, 31.79455],
          [-122.5933, 31.77234],
          [-122.60729, 31.75426],
          [-122.61402, 31.74555],
          [-122.60863, 31.72334],
          [-122.62261, 31.70525],
          [-122.62935, 31.69654],
          [-122.62395, 31.67433],
          [-122.63793, 31.65623],
          [-122.64465, 31.64752],
          [-122.63926, 31.62531],
          [-122.65323, 31.60721],
          [-122.65995, 31.5985],
          [-122.65455, 31.57628],
          [-122.64916, 31.55407],
          [-122.64377, 31.53185],
          [-122.65772, 31.51375],
          [-122.66444, 31.50503],
          [-122.65905, 31.48281],
          [-122.65366, 31.46059],
          [-122.64827, 31.43837],
          [-122.63806, 31.43264],
          [-122.61685, 31.42074],
          [-122.60663, 31.41501],
          [-122.58059, 31.4196],
          [-122.55454, 31.42418],
          [-122.5285, 31.42876],
          [-122.50245, 31.43333],
          [-122.49572, 31.44204],
          [-122.48175, 31.46013],
          [-122.45569, 31.4647],
          [-122.44896, 31.4734],
          [-122.43498, 31.49149],
          [-122.40891, 31.49605],
          [-122.38284, 31.5006],
          [-122.3761, 31.5093],
          [-122.3621, 31.52738],
          [-122.33603, 31.53192],
          [-122.30995, 31.53646],
          [-122.3032, 31.54516],
          [-122.28919, 31.56323],
          [-122.2631, 31.56777],
          [-122.23701, 31.57229],
          [-122.21091, 31.57682],
          [-122.18972, 31.56487],
          [-122.17951, 31.55911],
          [-122.15832, 31.54715],
          [-122.14812, 31.54139],
          [-122.12694, 31.52943],
          [-122.12165, 31.50719],
          [-122.11146, 31.50143],
          [-122.09029, 31.48946],
          [-122.08501, 31.46722],
          [-122.07973, 31.44498],
          [-122.09376, 31.42693],
          [-122.10051, 31.41823],
          [-122.09524, 31.39599],
          [-122.08996, 31.37375],
          [-122.08468, 31.3515],
          [-122.0987, 31.33344],
          [-122.10545, 31.32475],
          [-122.10018, 31.3025],
          [-122.0949, 31.28026],
          [-122.10891, 31.2622],
          [-122.11566, 31.2535],
          [-122.11038, 31.23125],
          [-122.10511, 31.209],
          [-122.11911, 31.19094],
          [-122.12162, 31.18297],
          [-122.12057, 31.15999],
          [-122.1153, 31.13773],
          [-122.12929, 31.11967],
          [-122.13603, 31.11097],
          [-122.13076, 31.08871],
          [-122.14474, 31.07064],
          [-122.14725, 31.06268],
          [-122.14619, 31.03969],
          [-122.16017, 31.02161],
          [-122.16267, 31.01364],
          [-122.16162, 30.99065],
          [-122.17558, 30.97258],
          [-122.17809, 30.96461],
          [-122.17703, 30.94161],
          [-122.18052, 30.91783],
          [-122.18572, 30.90127],
          [-122.19243, 30.89257],
          [-122.19591, 30.86878],
          [-122.20111, 30.85222],
          [-122.20782, 30.84352],
          [-122.2113, 30.81972],
          [-122.21648, 30.80317],
          [-122.22319, 30.79446],
          [-122.21792, 30.77219],
          [-122.23185, 30.7541],
          [-122.23855, 30.74539],
          [-122.23328, 30.72313],
          [-122.2472, 30.70504],
          [-122.2539, 30.69633],
          [-122.24863, 30.67406],
          [-122.26254, 30.65596],
          [-122.26924, 30.64725],
          [-122.26396, 30.62498],
          [-122.27787, 30.60688],
          [-122.28456, 30.59817],
          [-122.27928, 30.5759],
          [-122.29318, 30.5578],
          [-122.29987, 30.54908],
          [-122.29459, 30.52681],
          [-122.28931, 30.50454],
          [-122.3032, 30.48644],
          [-122.30989, 30.47772],
          [-122.30461, 30.45544],
          [-122.31849, 30.43734],
          [-122.32097, 30.42936],
          [-122.31989, 30.40634],
          [-122.31462, 30.38407],
          [-122.32849, 30.36596],
          [-122.33516, 30.35724],
          [-122.32989, 30.33496],
          [-122.32461, 30.31268],
          [-122.33847, 30.29457],
          [-122.34514, 30.28585],
          [-122.33987, 30.26357],
          [-122.34812, 30.25277]
        ]
      }
    },
    {
      "type": "Feature",
      "id": "2026091006_f072_13000_001",
      "properties": {
        "product_id": "winter_storm_levels",
        "source_id": "nbm_snow_level",
        "parameter": "snow_level",
        "definition": "height of the wet-bulb 0.5 degree C surface",
        "level_ft_msl": 13000,
        "label": "13,000 ft MSL",
        "unit": "ft_msl",
        "cycle_time_utc": "2026-09-10T06:00:00Z",
        "valid_time_utc": "2026-09-13T06:00:00Z",
        "lead_hours": 72,
        "segment": 1,
        "length_m": 1331484
      },
      "geometry": {
        "type": "LineString",
        "coordinates": [
          [-119.23198, 30.2486],
          [-119.22058, 30.2628],
          [-119.21155, 30.27403],
          [-119.21623, 30.29641],
          [-119.20402, 30.3116],
          [-119.19499, 30.32282],
          [-119.19966, 30.3452],
          [-119.18744, 30.36039],
          [-119.17841, 30.37161],
          [-119.16618, 30.3868],
          [-119.15714, 30.39802],
          [-119.16181, 30.4204],
          [-119.14958, 30.43558],
          [-119.14054, 30.4468],
          [-119.1283, 30.46198],
          [-119.11925, 30.4732],
          [-119.12392, 30.49558],
          [-119.11167, 30.51075],
          [-119.10262, 30.52197],
          [-119.09036, 30.53715],
          [-119.08131, 30.54836],
          [-119.08597, 30.57074],
          [-119.07371, 30.58591],
          [-119.06465, 30.59712],
          [-119.06931, 30.61949],
          [-119.05704, 30.63466],
          [-119.04797, 30.64588],
          [-119.0357, 30.66104],
          [-119.02663, 30.67225],
          [-119.03129, 30.69462],
          [-119.01901, 30.70979],
          [-119.00993, 30.721],
          [-119.01459, 30.74337],
          [-119.0023, 30.75853],
          [-118.99322, 30.76973],
          [-118.98092, 30.7849],
          [-118.97184, 30.7961],
          [-118.95954, 30.81126],
          [-118.95045, 30.82246],
          [-118.9551, 30.84483],
          [-118.94279, 30.85998],
          [-118.93369, 30.87118],
          [-118.93834, 30.89355],
          [-118.92603, 30.9087],
          [-118.91693, 30.9199],
          [-118.92158, 30.94226],
          [-118.90926, 30.95741],
          [-118.90015, 30.96861],
          [-118.90479, 30.99097],
          [-118.89247, 31.00612],
          [-118.88335, 31.01731],
          [-118.888, 31.03967],
          [-118.87566, 31.05481],
          [-118.86654, 31.06601],
          [-118.87119, 31.08837],
          [-118.87583, 31.11072],
          [-118.86349, 31.12586],
          [-118.85436, 31.13705],
          [-118.85901, 31.15941],
          [-118.86365, 31.18176],
          [-118.8513, 31.1969],
          [-118.84217, 31.20809],
          [-118.84681, 31.23044],
          [-118.83445, 31.24558],
          [-118.82531, 31.25677],
          [-118.82996, 31.27912],
          [-118.81759, 31.29425],
          [-118.80845, 31.30543],
          [-118.81309, 31.32778],
          [-118.80071, 31.34291],
          [-118.79156, 31.3541],
          [-118.79621, 31.37644],
          [-118.78382, 31.39157],
          [-118.77467, 31.40275],
          [-118.77931, 31.4251],
          [-118.76692, 31.44022],
          [-118.75776, 31.4514],
          [-118.7624, 31.47374],
          [-118.75, 31.48887],
          [-118.74083, 31.50004],
          [-118.73793, 31.52352],
          [-118.73306, 31.5375],
          [-118.72389, 31.54868],
          [-118.71148, 31.56379],
          [-118.70231, 31.57497],
          [-118.68989, 31.59008],
          [-118.68071, 31.60125],
          [-118.68534, 31.62359],
          [-118.67292, 31.6387],
          [-118.66373, 31.64987],
          [-118.6513, 31.66498],
          [-118.64211, 31.67614],
          [-118.62968, 31.69125],
          [-118.62049, 31.70241],
          [-118.62511, 31.72475],
          [-118.61267, 31.73985],
          [-118.60347, 31.75102],
          [-118.59102, 31.76612],
          [-118.58182, 31.77728],
          [-118.58643, 31.79961],
          [-118.57398, 31.81471],
          [-118.56477, 31.82587],
          [-118.55231, 31.84096],
          [-118.54309, 31.85212],
          [-118.53063, 31.86721],
          [-118.52141, 31.87837],
          [-118.52602, 31.9007],
          [-118.51355, 31.91579],
          [-118.50432, 31.92694],
          [-118.49184, 31.94203],
          [-118.48262, 31.95318],
          [-118.47013, 31.96826],
          [-118.4609, 31.97941],
          [-118.44841, 31.99449],
          [-118.43917, 32.00564],
          [-118.42667, 32.02072],
          [-118.41744, 32.03187],
          [-118.42203, 32.05419],
          [-118.40953, 32.06927],
          [-118.40028, 32.08041],
          [-118.38777, 32.09548],
          [-118.37852, 32.10663],
          [-118.38311, 32.12895],
          [-118.37059, 32.14402],
          [-118.36134, 32.15516],
          [-118.34882, 32.17023],
          [-118.33956, 32.18136],
          [-118.32703, 32.19643],
          [-118.31776, 32.20756],
          [-118.30523, 32.22263],
          [-118.29596, 32.23376],
          [-118.28342, 32.24882],
          [-118.27415, 32.25995],
          [-118.2616, 32.27501],
          [-118.25233, 32.28614],
          [-118.23977, 32.30119],
          [-118.23049, 32.31232],
          [-118.23506, 32.33464],
          [-118.2225, 32.34969],
          [-118.21322, 32.36082],
          [-118.20065, 32.37587],
          [-118.19136, 32.38699],
          [-118.17879, 32.40204],
          [-118.1695, 32.41316],
          [-118.15692, 32.4282],
          [-118.13048, 32.43205],
          [-118.12118, 32.44317],
          [-118.10859, 32.4582],
          [-118.09929, 32.46932],
          [-118.10384, 32.49163],
          [-118.09124, 32.50667],
          [-118.08193, 32.51778],
          [-118.06933, 32.53282],
          [-118.06002, 32.54393],
          [-118.06456, 32.56624],
          [-118.05196, 32.58127],
          [-118.04264, 32.59238],
          [-118.03002, 32.60741],
          [-118.0207, 32.61851],
          [-118.00808, 32.63354],
          [-117.99875, 32.64464],
          [-117.98612, 32.65967],
          [-117.97679, 32.67077],
          [-117.96416, 32.68579],
          [-117.95482, 32.69689],
          [-117.94218, 32.71191],
          [-117.93284, 32.72301],
          [-117.9202, 32.73802],
          [-117.91085, 32.74912],
          [-117.8982, 32.76413],
          [-117.88885, 32.77522],
          [-117.8762, 32.79023],
          [-117.86684, 32.80133],
          [-117.85418, 32.81633],
          [-117.84482, 32.82742],
          [-117.83215, 32.84243],
          [-117.82279, 32.85352],
          [-117.81012, 32.86852],
          [-117.80075, 32.87961],
          [-117.80526, 32.9019],
          [-117.79258, 32.9169],
          [-117.78321, 32.92799],
          [-117.77052, 32.94298],
          [-117.76114, 32.95407],
          [-117.74845, 32.96906],
          [-117.72188, 32.97283],
          [-117.71249, 32.98391],
          [-117.69979, 32.9989],
          [-117.6904, 33.00998],
          [-117.67769, 33.02496],
          [-117.6683, 33.03604],
          [-117.65559, 33.05102],
          [-117.64619, 33.06209],
          [-117.63347, 33.07707],
          [-117.62407, 33.08814],
          [-117.61134, 33.10312],
          [-117.60194, 33.11419],
          [-117.58921, 33.12916],
          [-117.5798, 33.14023],
          [-117.56706, 33.1552],
          [-117.55764, 33.16626],
          [-117.5449, 33.18123],
          [-117.53548, 33.1923],
          [-117.52274, 33.20726],
          [-117.51331, 33.21832],
          [-117.50056, 33.23328],
          [-117.49113, 33.24434],
          [-117.47837, 33.2593],
          [-117.46894, 33.27036],
          [-117.45617, 33.28532],
          [-117.42951, 33.28904],
          [-117.42007, 33.30009],
          [-117.4073, 33.31505],
          [-117.39785, 33.3261],
          [-117.38507, 33.34105],
          [-117.37562, 33.3521],
          [-117.36284, 33.36704],
          [-117.35338, 33.37809],
          [-117.34059, 33.39303],
          [-117.33113, 33.40408],
          [-117.31834, 33.41902],
          [-117.30887, 33.43006],
          [-117.29607, 33.445],
          [-117.2866, 33.45604],
          [-117.27379, 33.47098],
          [-117.24708, 33.47467],
          [-117.23761, 33.4857],
          [-117.22479, 33.50064],
          [-117.21531, 33.51167],
          [-117.20249, 33.5266],
          [-117.17576, 33.53028],
          [-117.16628, 33.54131],
          [-117.15344, 33.55623],
          [-117.12671, 33.5599],
          [-117.11721, 33.57093],
          [-117.10437, 33.58585],
          [-117.07762, 33.58951],
          [-117.06813, 33.60053],
          [-117.05527, 33.61545],
          [-117.04577, 33.62647],
          [-117.0329, 33.64138],
          [-117.0234, 33.6524],
          [-117.01053, 33.6673],
          [-117.00102, 33.67832],
          [-116.98814, 33.69322],
          [-116.97863, 33.70424],
          [-116.96575, 33.71914],
          [-116.95623, 33.73015],
          [-116.94334, 33.74505],
          [-116.93382, 33.75606],
          [-116.92092, 33.77096],
          [-116.91139, 33.78197],
          [-116.8985, 33.79686],
          [-116.88896, 33.80787],
          [-116.87606, 33.82276],
          [-116.86652, 33.83376],
          [-116.85361, 33.84865],
          [-116.84407, 33.85965],
          [-116.83115, 33.87453],
          [-116.82161, 33.88553],
          [-116.80869, 33.90042],
          [-116.79913, 33.91141],
          [-116.80349, 33.93368],
          [-116.79056, 33.94856],
          [-116.781, 33.95955],
          [-116.76807, 33.97443],
          [-116.7585, 33.98542],
          [-116.76285, 34.00768],
          [-116.74991, 34.02255],
          [-116.74034, 34.03354],
          [-116.74469, 34.0558],
          [-116.74903, 34.07806],
          [-116.75338, 34.10032],
          [-116.74043, 34.11518],
          [-116.73085, 34.12617],
          [-116.7352, 34.14842],
          [-116.72224, 34.16329],
          [-116.71265, 34.17427],
          [-116.717, 34.19652],
          [-116.72135, 34.21877],
          [-116.70837, 34.23363],
          [-116.69878, 34.24461],
          [-116.70313, 34.26686],
          [-116.69015, 34.28171],
          [-116.68055, 34.29269],
          [-116.6849, 34.31493],
          [-116.67191, 34.32979],
          [-116.6623, 34.34076],
          [-116.64931, 34.35561],
          [-116.6397, 34.36659],
          [-116.64404, 34.38883],
          [-116.63104, 34.40367],
          [-116.62143, 34.41464],
          [-116.62576, 34.43688],
          [-116.6301, 34.45911],
          [-116.61709, 34.47396],
          [-116.60747, 34.48492],
          [-116.61181, 34.50716],
          [-116.61615, 34.52939],
          [-116.60312, 34.54422],
          [-116.5935, 34.55519],
          [-116.59783, 34.57742],
          [-116.60217, 34.59964],
          [-116.58914, 34.61448],
          [-116.5795, 34.62544],
          [-116.58384, 34.64766],
          [-116.58818, 34.66988],
          [-116.57514, 34.68471],
          [-116.56549, 34.69567],
          [-116.56983, 34.71789],
          [-116.55678, 34.73271],
          [-116.54713, 34.74367],
          [-116.55147, 34.76589],
          [-116.53841, 34.78071],
          [-116.52875, 34.79166],
          [-116.51569, 34.80648],
          [-116.50603, 34.81743],
          [-116.49296, 34.83224],
          [-116.4833, 34.84319],
          [-116.48762, 34.8654],
          [-116.47454, 34.88022],
          [-116.46487, 34.89116],
          [-116.45179, 34.90597],
          [-116.44212, 34.91691],
          [-116.42903, 34.93172],
          [-116.41935, 34.94266],
          [-116.42366, 34.96487],
          [-116.41057, 34.97967],
          [-116.40088, 34.99061],
          [-116.38778, 35.00541],
          [-116.37809, 35.01634],
          [-116.36498, 35.03114],
          [-116.35528, 35.04207],
          [-116.34217, 35.05686],
          [-116.33247, 35.0678],
          [-116.31935, 35.08259],
          [-116.30964, 35.09352],
          [-116.29651, 35.1083],
          [-116.28681, 35.11923],
          [-116.27367, 35.13401],
          [-116.26396, 35.14494],
          [-116.25082, 35.15972],
          [-116.2411, 35.17064],
          [-116.22796, 35.18542],
          [-116.21824, 35.19634],
          [-116.20508, 35.21111],
          [-116.19536, 35.22203],
          [-116.1822, 35.2368],
          [-116.17247, 35.24772],
          [-116.1593, 35.26249],
          [-116.14957, 35.2734],
          [-116.1364, 35.28817],
          [-116.12666, 35.29908],
          [-116.11348, 35.31384],
          [-116.08629, 35.31732],
          [-116.07655, 35.32823],
          [-116.06336, 35.34299],
          [-116.03616, 35.34646],
          [-116.0264, 35.35736],
          [-116.01321, 35.37211],
          [-116.00345, 35.38302],
          [-115.99024, 35.39776],
          [-115.96303, 35.40122],
          [-115.95326, 35.41212],
          [-115.94005, 35.42686],
          [-115.91282, 35.43032],
          [-115.90305, 35.44121],
          [-115.88983, 35.45595],
          [-115.86259, 35.45939],
          [-115.85281, 35.47028],
          [-115.83958, 35.48501],
          [-115.81233, 35.48845],
          [-115.80255, 35.49933],
          [-115.7893, 35.51406],
          [-115.77951, 35.52494],
          [-115.76626, 35.53966],
          [-115.739, 35.54308],
          [-115.7292, 35.55396],
          [-115.71594, 35.56868],
          [-115.70613, 35.57956],
          [-115.69287, 35.59427],
          [-115.68306, 35.60515],
          [-115.66978, 35.61986],
          [-115.6425, 35.62326],
          [-115.63269, 35.63413],
          [-115.6194, 35.64884],
          [-115.59211, 35.65224],
          [-115.58229, 35.6631],
          [-115.56899, 35.6778],
          [-115.55917, 35.68867],
          [-115.54587, 35.70337],
          [-115.53603, 35.71423],
          [-115.52273, 35.72892],
          [-115.49541, 35.7323],
          [-115.48557, 35.74316],
          [-115.47226, 35.75785],
          [-115.44493, 35.76122],
          [-115.41761, 35.76459],
          [-115.39029, 35.76795],
          [-115.36296, 35.77131],
          [-115.33563, 35.77466],
          [-115.32577, 35.78551],
          [-115.31243, 35.80018],
          [-115.28509, 35.80352],
          [-115.25776, 35.80686],
          [-115.24788, 35.81771],
          [-115.23453, 35.83237],
          [-115.20718, 35.8357],
          [-115.1973, 35.84654],
          [-115.18393, 35.8612],
          [-115.17405, 35.87203],
          [-115.16068, 35.88669],
          [-115.15079, 35.89752],
          [-115.13741, 35.91218],
          [-115.12752, 35.92301],
          [-115.11413, 35.93766],
          [-115.10423, 35.94849],
          [-115.10832, 35.97065],
          [-115.09493, 35.9853],
          [-115.08503, 35.99612],
          [-115.08124, 36.01923],
          [-115.07571, 36.03292],
          [-115.0658, 36.04374],
          [-115.06989, 36.0659],
          [-115.05648, 36.08054],
          [-115.04656, 36.09136],
          [-115.05065, 36.11351],
          [-115.03723, 36.12815],
          [-115.0273, 36.13896],
          [-115.03139, 36.16111],
          [-115.01796, 36.17574],
          [-115.00803, 36.18656],
          [-115.01211, 36.2087],
          [-114.99867, 36.22333],
          [-114.98874, 36.23414],
          [-114.99282, 36.25628],
          [-114.97937, 36.2709],
          [-114.96943, 36.28171],
          [-114.95598, 36.29633],
          [-114.92851, 36.29961],
          [-114.91856, 36.31041],
          [-114.9051, 36.32503],
          [-114.87762, 36.3283],
          [-114.86766, 36.3391],
          [-114.85419, 36.35371],
          [-114.8267, 36.35697],
          [-114.80007, 36.36493],
          [-114.78925, 36.37102],
          [-114.77576, 36.38562],
          [-114.74826, 36.38887],
          [-114.72076, 36.39211],
          [-114.71078, 36.4029],
          [-114.69728, 36.41749],
          [-114.66977, 36.42073],
          [-114.65979, 36.43151],
          [-114.64628, 36.4461],
          [-114.63629, 36.45688],
          [-114.62277, 36.47146],
          [-114.59524, 36.47469],
          [-114.58525, 36.48546],
          [-114.58925, 36.50759],
          [-114.57572, 36.52217],
          [-114.56572, 36.53294],
          [-114.56972, 36.55507],
          [-114.57373, 36.5772],
          [-114.56019, 36.59177],
          [-114.55017, 36.60254],
          [-114.55418, 36.62466],
          [-114.55818, 36.64679],
          [-114.56219, 36.6689],
          [-114.5662, 36.69102],
          [-114.5702, 36.71314],
          [-114.57422, 36.73525],
          [-114.57823, 36.75736],
          [-114.58224, 36.77947],
          [-114.58626, 36.80158],
          [-114.59028, 36.82369],
          [-114.57671, 36.83825],
          [-114.56667, 36.84901],
          [-114.57069, 36.87111],
          [-114.55711, 36.88567],
          [-114.54707, 36.89642],
          [-114.55109, 36.91852],
          [-114.5375, 36.93307],
          [-114.52745, 36.94382],
          [-114.51386, 36.95837],
          [-114.50381, 36.96912],
          [-114.50782, 36.99122],
          [-114.49422, 37.00576],
          [-114.48416, 37.01651],
          [-114.47055, 37.03105],
          [-114.46049, 37.04179],
          [-114.44688, 37.05633],
          [-114.43681, 37.06707],
          [-114.42319, 37.0816],
          [-114.41312, 37.09235],
          [-114.41711, 37.11443],
          [-114.42111, 37.13651],
          [-114.4251, 37.15859],
          [-114.4291, 37.18067],
          [-114.41547, 37.1952],
          [-114.40538, 37.20593],
          [-114.40938, 37.22801],
          [-114.41338, 37.25008],
          [-114.39973, 37.2646],
          [-114.38964, 37.27534],
          [-114.39364, 37.2974],
          [-114.39763, 37.31947],
          [-114.38397, 37.33399],
          [-114.37388, 37.34471],
          [-114.37787, 37.36678],
          [-114.3642, 37.38129],
          [-114.3541, 37.39201],
          [-114.35809, 37.41407],
          [-114.34442, 37.42858],
          [-114.33431, 37.4393],
          [-114.32062, 37.4538],
          [-114.31051, 37.46452],
          [-114.3145, 37.48658],
          [-114.30081, 37.50108],
          [-114.29068, 37.51179],
          [-114.27699, 37.52629],
          [-114.26686, 37.537],
          [-114.27084, 37.55905],
          [-114.25713, 37.57354],
          [-114.247, 37.58425],
          [-114.23329, 37.59874],
          [-114.22907, 37.60877],
          [-114.22713, 37.63149],
          [-114.21341, 37.64597],
          [-114.20326, 37.65667],
          [-114.20723, 37.67871],
          [-114.1935, 37.69319],
          [-114.18335, 37.70389],
          [-114.18732, 37.72593],
          [-114.17358, 37.7404],
          [-114.16343, 37.7511],
          [-114.16739, 37.77313],
          [-114.15365, 37.7876],
          [-114.14348, 37.79829],
          [-114.14745, 37.82032],
          [-114.13369, 37.83479],
          [-114.12352, 37.84548],
          [-114.12748, 37.8675],
          [-114.11372, 37.88196],
          [-114.10354, 37.89265],
          [-114.1075, 37.91467],
          [-114.09373, 37.92912],
          [-114.08354, 37.93981],
          [-114.06976, 37.95426],
          [-114.05958, 37.96494],
          [-114.06353, 37.98696],
          [-114.04974, 38.0014],
          [-114.03955, 38.01208],
          [-114.02575, 38.02653],
          [-114.01555, 38.0372],
          [-114.00175, 38.05164],
          [-113.99155, 38.06232],
          [-113.97774, 38.07675],
          [-113.96753, 38.08742],
          [-113.95372, 38.10186],
          [-113.94351, 38.11253],
          [-113.92968, 38.12696],
          [-113.91947, 38.13762],
          [-113.90564, 38.15205],
          [-113.89542, 38.16271],
          [-113.88158, 38.17714],
          [-113.85443, 38.18489],
          [-113.84337, 38.19088],
          [-113.82952, 38.20529],
          [-113.80236, 38.21304],
          [-113.79129, 38.21902],
          [-113.77743, 38.23343],
          [-113.74943, 38.2365],
          [-113.73918, 38.24714],
          [-113.7242, 38.25523],
          [-113.6973, 38.26461],
          [-113.67011, 38.27233],
          [-113.65903, 38.2783],
          [-113.64515, 38.2927],
          [-113.61795, 38.30041],
          [-113.58992, 38.30345],
          [-113.56108, 38.30181],
          [-113.53194, 38.29851],
          [-113.51472, 38.29393],
          [-113.50199, 38.29054],
          [-113.47396, 38.29356],
          [-113.44512, 38.2919],
          [-113.4179, 38.29958],
          [-113.38987, 38.30258],
          [-113.37877, 38.30853],
          [-113.36375, 38.31658],
          [-113.33681, 38.3259],
          [-113.32651, 38.33652],
          [-113.31258, 38.35089],
          [-113.30228, 38.36151],
          [-113.28833, 38.37587],
          [-113.27803, 38.38649],
          [-113.26408, 38.40085],
          [-113.25377, 38.41146],
          [-113.25757, 38.43345],
          [-113.24362, 38.44781],
          [-113.2333, 38.45841],
          [-113.21934, 38.47277],
          [-113.19126, 38.47574],
          [-113.16317, 38.4787],
          [-113.13509, 38.48166],
          [-113.107, 38.48462],
          [-113.07891, 38.48757],
          [-113.06857, 38.49817],
          [-113.05458, 38.51251],
          [-113.02728, 38.52012],
          [-113.01614, 38.52604],
          [-113.00214, 38.54037],
          [-112.99179, 38.55096],
          [-112.97778, 38.56529],
          [-112.96742, 38.57588],
          [-112.95341, 38.5902],
          [-112.94305, 38.60078],
          [-112.92903, 38.6151],
          [-112.91866, 38.62569],
          [-112.90356, 38.63368],
          [-112.8765, 38.64292],
          [-112.86613, 38.6535],
          [-112.85209, 38.66781],
          [-112.82474, 38.67538],
          [-112.81357, 38.68129],
          [-112.79952, 38.69559],
          [-112.77136, 38.69849],
          [-112.74321, 38.70139],
          [-112.71584, 38.70895],
          [-112.70466, 38.71484],
          [-112.68953, 38.72282],
          [-112.66242, 38.73202],
          [-112.63426, 38.73489],
          [-112.62385, 38.74545],
          [-112.60871, 38.75342],
          [-112.58159, 38.7626],
          [-112.55419, 38.77013],
          [-112.543, 38.77602],
          [-112.5289, 38.79029],
          [-112.51848, 38.80084],
          [-112.50437, 38.81512],
          [-112.49395, 38.82566],
          [-112.47983, 38.83993],
          [-112.4694, 38.85048],
          [-112.45528, 38.86474],
          [-112.45084, 38.87468],
          [-112.4485, 38.89725],
          [-112.43437, 38.91151],
          [-112.42393, 38.92204],
          [-112.4098, 38.9363],
          [-112.40535, 38.94623],
          [-112.39487, 38.96961],
          [-112.38885, 38.98304],
          [-112.37839, 38.99358],
          [-112.36424, 39.00782],
          [-112.35979, 39.01775],
          [-112.3493, 39.04111],
          [-112.34326, 39.05454],
          [-112.3328, 39.06507],
          [-112.31863, 39.07931],
          [-112.31417, 39.08924],
          [-112.31179, 39.11178],
          [-112.29761, 39.12601],
          [-112.29315, 39.13593],
          [-112.29076, 39.15847],
          [-112.29439, 39.1804],
          [-112.28988, 39.20315],
          [-112.28383, 39.21656],
          [-112.27334, 39.22708],
          [-112.25915, 39.2413],
          [-112.24866, 39.25181],
          [-112.23445, 39.26603],
          [-112.22396, 39.27654],
          [-112.20975, 39.29076],
          [-112.18142, 39.29356],
          [-112.15309, 39.29635],
          [-112.12476, 39.29913],
          [-112.09642, 39.30192],
          [-112.08591, 39.31242],
          [-112.07064, 39.32032],
          [-112.04333, 39.32939],
          [-112.03281, 39.33989],
          [-112.01754, 39.34778],
          [-112, 39.36525]
        ]
      }
    },
    {
      "type": "Feature",
      "id": "2026091006_f072_13000_002",
      "properties": {
        "product_id": "winter_storm_levels",
        "source_id": "nbm_snow_level",
        "parameter": "snow_level",
        "definition": "height of the wet-bulb 0.5 degree C surface",
        "level_ft_msl": 13000,
        "label": "13,000 ft MSL",
        "unit": "ft_msl",
        "cycle_time_utc": "2026-09-10T06:00:00Z",
        "valid_time_utc": "2026-09-13T06:00:00Z",
        "lead_hours": 72,
        "segment": 2,
        "length_m": 61393.5
      },
      "geometry": {
        "type": "LineString",
        "coordinates": [
          [-126.20988, 30.50898],
          [-126.20386, 30.48685],
          [-126.19784, 30.46472],
          [-126.19183, 30.44258],
          [-126.17836, 30.43538],
          [-126.16014, 30.42563],
          [-126.14668, 30.41842],
          [-126.12101, 30.42359],
          [-126.09533, 30.42877],
          [-126.08697, 30.44037],
          [-126.07565, 30.45607],
          [-126.06728, 30.46768],
          [-126.07327, 30.48982],
          [-126.07926, 30.51195],
          [-126.08526, 30.53409],
          [-126.07393, 30.54979],
          [-126.06555, 30.56139],
          [-126.07155, 30.58353],
          [-126.07755, 30.60566],
          [-126.09103, 30.61287],
          [-126.10927, 30.62263],
          [-126.12276, 30.62984],
          [-126.14847, 30.62466],
          [-126.15685, 30.61306],
          [-126.16817, 30.59735],
          [-126.17654, 30.58575],
          [-126.17052, 30.56362],
          [-126.18184, 30.54791],
          [-126.19021, 30.5363],
          [-126.20152, 30.52059],
          [-126.20988, 30.50898]
        ]
      }
    },
    {
      "type": "Feature",
      "id": "2026091006_f072_13000_003",
      "properties": {
        "product_id": "winter_storm_levels",
        "source_id": "nbm_snow_level",
        "parameter": "snow_level",
        "definition": "height of the wet-bulb 0.5 degree C surface",
        "level_ft_msl": 13000,
        "label": "13,000 ft MSL",
        "unit": "ft_msl",
        "cycle_time_utc": "2026-09-10T06:00:00Z",
        "valid_time_utc": "2026-09-13T06:00:00Z",
        "lead_hours": 72,
        "segment": 3,
        "length_m": 505911.3
      },
      "geometry": {
        "type": "LineString",
        "coordinates": [
          [-127.84721, 30.10903],
          [-127.83663, 30.12419],
          [-127.82846, 30.13589],
          [-127.8174, 30.15173],
          [-127.80923, 30.16343],
          [-127.79817, 30.17926],
          [-127.78999, 30.19096],
          [-127.77892, 30.20679],
          [-127.78522, 30.22887],
          [-127.77704, 30.24057],
          [-127.76597, 30.2564],
          [-127.77227, 30.27848],
          [-127.77857, 30.30056],
          [-127.77039, 30.31225],
          [-127.7593, 30.32808],
          [-127.75111, 30.33977],
          [-127.74002, 30.3556],
          [-127.73183, 30.36729],
          [-127.70624, 30.37272],
          [-127.69514, 30.38854],
          [-127.70144, 30.41062],
          [-127.70774, 30.4327],
          [-127.71404, 30.45477],
          [-127.73239, 30.46434],
          [-127.74595, 30.47141],
          [-127.76431, 30.48098],
          [-127.77788, 30.48805],
          [-127.79624, 30.49761],
          [-127.80981, 30.50467],
          [-127.81614, 30.52674],
          [-127.82246, 30.54881],
          [-127.84084, 30.55836],
          [-127.85442, 30.56542],
          [-127.8728, 30.57497],
          [-127.88639, 30.58203],
          [-127.90477, 30.59158],
          [-127.91836, 30.59863],
          [-127.93675, 30.60818],
          [-127.96238, 30.60271],
          [-127.97598, 30.60975],
          [-127.99437, 30.61929],
          [-128.00797, 30.62634],
          [-128.02637, 30.63587],
          [-128.05201, 30.63038],
          [-128.06561, 30.63743],
          [-128.08402, 30.64695],
          [-128.10965, 30.64146],
          [-128.12326, 30.64849],
          [-128.14168, 30.65801],
          [-128.16731, 30.65251],
          [-128.18092, 30.65954],
          [-128.19934, 30.66905],
          [-128.21296, 30.67608],
          [-128.21937, 30.69812],
          [-128.22578, 30.72017],
          [-128.2322, 30.74221],
          [-128.23861, 30.76426],
          [-128.23044, 30.77597],
          [-128.21937, 30.79181],
          [-128.22579, 30.81385],
          [-128.21761, 30.82556],
          [-128.20654, 30.84141],
          [-128.21296, 30.86345],
          [-128.20477, 30.87515],
          [-128.1937, 30.89099],
          [-128.18551, 30.9027],
          [-128.17443, 30.91854],
          [-128.18084, 30.94058],
          [-128.17265, 30.95228],
          [-128.16156, 30.96812],
          [-128.15337, 30.97982],
          [-128.14227, 30.99565],
          [-128.13407, 31.00735],
          [-128.12297, 31.02318],
          [-128.11477, 31.03488],
          [-128.10366, 31.05071],
          [-128.11007, 31.07275],
          [-128.10186, 31.08445],
          [-128.09075, 31.10027],
          [-128.08254, 31.11197],
          [-128.07142, 31.12779],
          [-128.06321, 31.13949],
          [-128.05209, 31.15531],
          [-128.04386, 31.167],
          [-128.03274, 31.18282],
          [-128.02451, 31.19451],
          [-128.01338, 31.21033],
          [-128.00515, 31.22202],
          [-127.97939, 31.22749],
          [-127.96825, 31.24331],
          [-127.96001, 31.25499],
          [-127.94886, 31.2708],
          [-127.94062, 31.28249],
          [-127.91484, 31.28795],
          [-127.88906, 31.2934],
          [-127.8779, 31.30921],
          [-127.86965, 31.32089],
          [-127.84385, 31.32634],
          [-127.81805, 31.33178],
          [-127.79226, 31.33722],
          [-127.76645, 31.34265],
          [-127.74065, 31.34808],
          [-127.71484, 31.35351],
          [-127.68904, 31.35893],
          [-127.66322, 31.36435],
          [-127.63741, 31.36976],
          [-127.61159, 31.37517],
          [-127.58578, 31.38057],
          [-127.55996, 31.38597],
          [-127.53413, 31.39137],
          [-127.50831, 31.39676],
          [-127.49465, 31.38968],
          [-127.47617, 31.3801],
          [-127.45034, 31.38549],
          [-127.43669, 31.3784],
          [-127.41822, 31.36882],
          [-127.40457, 31.36173],
          [-127.3861, 31.35214],
          [-127.37246, 31.34505],
          [-127.354, 31.33545],
          [-127.34035, 31.32836],
          [-127.3219, 31.31876],
          [-127.30826, 31.31166],
          [-127.28981, 31.30206],
          [-127.27618, 31.29496],
          [-127.25773, 31.28535],
          [-127.2441, 31.27825],
          [-127.22566, 31.26864],
          [-127.21204, 31.26154],
          [-127.20579, 31.23947],
          [-127.18736, 31.22986],
          [-127.17374, 31.22275],
          [-127.1675, 31.20068],
          [-127.16126, 31.17861],
          [-127.15502, 31.15654],
          [-127.14879, 31.13447],
          [-127.14256, 31.1124],
          [-127.15087, 31.10075],
          [-127.16211, 31.08499],
          [-127.15588, 31.06292],
          [-127.16418, 31.05127],
          [-127.17541, 31.03551],
          [-127.18371, 31.02386],
          [-127.19494, 31.00809],
          [-127.20323, 30.99644],
          [-127.22898, 30.99109],
          [-127.2402, 30.97533],
          [-127.24849, 30.96367],
          [-127.2597, 30.9479],
          [-127.26799, 30.93624],
          [-127.29372, 30.93088],
          [-127.31945, 30.92552],
          [-127.34518, 30.92016],
          [-127.37091, 30.91479],
          [-127.39663, 30.90941],
          [-127.40782, 30.89363],
          [-127.41609, 30.88196],
          [-127.42727, 30.86618],
          [-127.43553, 30.85451],
          [-127.44671, 30.83872],
          [-127.44043, 30.81665],
          [-127.44869, 30.80498],
          [-127.45986, 30.78919],
          [-127.45359, 30.76712],
          [-127.46184, 30.75545],
          [-127.47301, 30.73965],
          [-127.46674, 30.71758],
          [-127.46047, 30.6955],
          [-127.46871, 30.68383],
          [-127.47987, 30.66804],
          [-127.4736, 30.64596],
          [-127.48184, 30.63428],
          [-127.49299, 30.61849],
          [-127.48672, 30.59641],
          [-127.49496, 30.58473],
          [-127.5061, 30.56893],
          [-127.48775, 30.55934],
          [-127.47419, 30.55225],
          [-127.45585, 30.54265],
          [-127.43021, 30.54804],
          [-127.40456, 30.55342],
          [-127.37892, 30.5588],
          [-127.36537, 30.5517],
          [-127.34703, 30.54209],
          [-127.33348, 30.53498],
          [-127.31515, 30.52537],
          [-127.28951, 30.53074],
          [-127.26386, 30.5361],
          [-127.23821, 30.54145],
          [-127.21256, 30.54681],
          [-127.18691, 30.55215],
          [-127.16125, 30.5575],
          [-127.1356, 30.56284],
          [-127.12206, 30.55571],
          [-127.10374, 30.54608],
          [-127.07808, 30.55141],
          [-127.06455, 30.54428],
          [-127.04624, 30.53463],
          [-127.02058, 30.53996],
          [-126.99492, 30.54527],
          [-126.96926, 30.55059],
          [-126.95573, 30.54345],
          [-126.93743, 30.53379],
          [-126.91177, 30.53909],
          [-126.8861, 30.54439],
          [-126.86044, 30.54969],
          [-126.83477, 30.55498],
          [-126.82125, 30.54783],
          [-126.80296, 30.53816],
          [-126.77729, 30.54344],
          [-126.76377, 30.53629],
          [-126.74549, 30.52661],
          [-126.71982, 30.53188],
          [-126.70631, 30.52472],
          [-126.68804, 30.51503],
          [-126.66237, 30.52029],
          [-126.63669, 30.52555],
          [-126.62319, 30.51839],
          [-126.60492, 30.50869],
          [-126.57925, 30.51394],
          [-126.55357, 30.51919],
          [-126.54008, 30.51201],
          [-126.52182, 30.50231],
          [-126.50832, 30.49513],
          [-126.49007, 30.48542],
          [-126.47658, 30.47824],
          [-126.45833, 30.46853],
          [-126.44484, 30.46134],
          [-126.43878, 30.43922],
          [-126.42054, 30.4295],
          [-126.40706, 30.42231],
          [-126.40101, 30.40019],
          [-126.39496, 30.37806],
          [-126.40329, 30.36643],
          [-126.41456, 30.3507],
          [-126.40851, 30.32857],
          [-126.40246, 30.30644],
          [-126.39641, 30.28431],
          [-126.39037, 30.26217],
          [-126.37216, 30.25245],
          [-126.35871, 30.24525],
          [-126.35267, 30.22312],
          [-126.33447, 30.21338],
          [-126.32102, 30.20619],
          [-126.30283, 30.19645],
          [-126.28938, 30.18925],
          [-126.28403, 30.16955]
        ]
      }
    },
    {
      "type": "Feature",
      "id": "2026091006_f072_13000_004",
      "properties": {
        "product_id": "winter_storm_levels",
        "source_id": "nbm_snow_level",
        "parameter": "snow_level",
        "definition": "height of the wet-bulb 0.5 degree C surface",
        "level_ft_msl": 13000,
        "label": "13,000 ft MSL",
        "unit": "ft_msl",
        "cycle_time_utc": "2026-09-10T06:00:00Z",
        "valid_time_utc": "2026-09-13T06:00:00Z",
        "lead_hours": 72,
        "segment": 4,
        "length_m": 91381.7
      },
      "geometry": {
        "type": "LineString",
        "coordinates": [
          [-128.98923, 30.0549],
          [-128.98434, 30.06205],
          [-128.97628, 30.07381],
          [-128.96539, 30.08973],
          [-128.95733, 30.10149],
          [-128.94643, 30.1174],
          [-128.95295, 30.13944],
          [-128.94489, 30.1512],
          [-128.93398, 30.16711],
          [-128.92592, 30.17887],
          [-128.915, 30.19478],
          [-128.92152, 30.21682],
          [-128.91345, 30.22858],
          [-128.90253, 30.24448],
          [-128.89446, 30.25624],
          [-128.88354, 30.27214],
          [-128.87546, 30.2839],
          [-128.86453, 30.2998],
          [-128.85645, 30.31156],
          [-128.84552, 30.32746],
          [-128.83743, 30.33921],
          [-128.82649, 30.35511],
          [-128.8184, 30.36686],
          [-128.79287, 30.37247],
          [-128.76732, 30.37808],
          [-128.74178, 30.38368],
          [-128.72817, 30.37669],
          [-128.70975, 30.36724],
          [-128.6842, 30.37283],
          [-128.67059, 30.36584],
          [-128.66412, 30.3438],
          [-128.64571, 30.33434],
          [-128.63211, 30.32734],
          [-128.64021, 30.3156],
          [-128.65117, 30.29972],
          [-128.6447, 30.27767],
          [-128.63823, 30.25563],
          [-128.64633, 30.24388],
          [-128.65729, 30.22799],
          [-128.65082, 30.20595],
          [-128.64436, 30.1839],
          [-128.63789, 30.16185],
          [-128.63144, 30.1398],
          [-128.62498, 30.11775],
          [-128.63307, 30.10601],
          [-128.64401, 30.09012],
          [-128.63882, 30.0724]
        ]
      }
    },
    {
      "type": "Feature",
      "id": "2026091006_f072_13000_005",
      "properties": {
        "product_id": "winter_storm_levels",
        "source_id": "nbm_snow_level",
        "parameter": "snow_level",
        "definition": "height of the wet-bulb 0.5 degree C surface",
        "level_ft_msl": 13000,
        "label": "13,000 ft MSL",
        "unit": "ft_msl",
        "cycle_time_utc": "2026-09-10T06:00:00Z",
        "valid_time_utc": "2026-09-13T06:00:00Z",
        "lead_hours": 72,
        "segment": 5,
        "length_m": 150298.5
      },
      "geometry": {
        "type": "LineString",
        "coordinates": [
          [-129.56321, 31.2109],
          [-129.53752, 31.21662],
          [-129.51183, 31.22234],
          [-129.48614, 31.22806],
          [-129.47521, 31.24397],
          [-129.46712, 31.25574],
          [-129.44142, 31.26145],
          [-129.41571, 31.26715],
          [-129.39001, 31.27285],
          [-129.36429, 31.27854],
          [-129.35334, 31.29445],
          [-129.34524, 31.30621],
          [-129.31952, 31.31189],
          [-129.30855, 31.3278],
          [-129.30045, 31.33955],
          [-129.27472, 31.34523],
          [-129.26374, 31.36113],
          [-129.25563, 31.37288],
          [-129.22989, 31.37855],
          [-129.21891, 31.39445],
          [-129.21079, 31.4062],
          [-129.18504, 31.41186],
          [-129.15929, 31.41752],
          [-129.13353, 31.42318],
          [-129.10777, 31.42883],
          [-129.09401, 31.42189],
          [-129.0754, 31.41249],
          [-129.06165, 31.40555],
          [-129.05504, 31.38357],
          [-129.04843, 31.36158],
          [-129.02983, 31.35219],
          [-129.01608, 31.34524],
          [-129.02422, 31.3335],
          [-129.03522, 31.31761],
          [-129.02862, 31.29563],
          [-129.02203, 31.27364],
          [-129.01543, 31.25165],
          [-129.02356, 31.23991],
          [-129.03456, 31.22402],
          [-129.04269, 31.21228],
          [-129.05368, 31.19639],
          [-129.0618, 31.18464],
          [-129.07278, 31.16875],
          [-129.0809, 31.157],
          [-129.09188, 31.14111],
          [-129.1, 31.12936],
          [-129.11097, 31.11347],
          [-129.10437, 31.09147],
          [-129.11248, 31.07972],
          [-129.12345, 31.06383],
          [-129.13155, 31.05208],
          [-129.14252, 31.03618],
          [-129.15062, 31.02442],
          [-129.17628, 31.01876],
          [-129.18724, 31.00286],
          [-129.19533, 30.9911],
          [-129.20628, 30.97519],
          [-129.21437, 30.96344],
          [-129.22531, 30.94753],
          [-129.2334, 30.93577],
          [-129.24434, 30.91986],
          [-129.25242, 30.9081],
          [-129.26336, 30.89218],
          [-129.27144, 30.88042],
          [-129.28236, 30.86451],
          [-129.29044, 30.85274],
          [-129.30136, 30.83683],
          [-129.30943, 30.82506],
          [-129.32035, 30.80914],
          [-129.32842, 30.79737],
          [-129.35402, 30.79168],
          [-129.36493, 30.77576],
          [-129.37299, 30.76399],
          [-129.3839, 30.74806],
          [-129.39195, 30.73629],
          [-129.41754, 30.73059]
        ]
      }
    },
    {
      "type": "Feature",
      "id": "2026091006_f072_13000_006",
      "properties": {
        "product_id": "winter_storm_levels",
        "source_id": "nbm_snow_level",
        "parameter": "snow_level",
        "definition": "height of the wet-bulb 0.5 degree C surface",
        "level_ft_msl": 13000,
        "label": "13,000 ft MSL",
        "unit": "ft_msl",
        "cycle_time_utc": "2026-09-10T06:00:00Z",
        "valid_time_utc": "2026-09-13T06:00:00Z",
        "lead_hours": 72,
        "segment": 6,
        "length_m": 772755.9
      },
      "geometry": {
        "type": "LineString",
        "coordinates": [
          [-129.73914, 31.78496],
          [-129.71333, 31.79071],
          [-129.68752, 31.79645],
          [-129.67942, 31.80821],
          [-129.66846, 31.82412],
          [-129.64264, 31.82986],
          [-129.61682, 31.83559],
          [-129.60871, 31.84734],
          [-129.59579, 31.85694],
          [-129.5719, 31.86897],
          [-129.54606, 31.87469],
          [-129.52023, 31.8804],
          [-129.49439, 31.88611],
          [-129.46854, 31.89181],
          [-129.4427, 31.89751],
          [-129.41685, 31.90321],
          [-129.391, 31.9089],
          [-129.36515, 31.91459],
          [-129.3393, 31.92027],
          [-129.31344, 31.92595],
          [-129.28758, 31.93162],
          [-129.26171, 31.93729],
          [-129.23393, 31.93665],
          [-129.20806, 31.94231],
          [-129.19127, 31.93925],
          [-129.17745, 31.93233],
          [-129.15158, 31.93798],
          [-129.12571, 31.94363],
          [-129.10701, 31.93425],
          [-129.09319, 31.92731],
          [-129.06732, 31.93295],
          [-129.04862, 31.92357],
          [-129.03481, 31.91663],
          [-129.00894, 31.92226],
          [-128.99025, 31.91287],
          [-128.97644, 31.90592],
          [-128.95056, 31.91154],
          [-128.93188, 31.90214],
          [-128.91808, 31.89519],
          [-128.89221, 31.9008],
          [-128.87353, 31.8914],
          [-128.85973, 31.88444],
          [-128.83386, 31.89004],
          [-128.81519, 31.88063],
          [-128.80139, 31.87367],
          [-128.77552, 31.87926],
          [-128.74964, 31.88485],
          [-128.72376, 31.89043],
          [-128.69788, 31.89601],
          [-128.67923, 31.88658],
          [-128.66544, 31.87961],
          [-128.63956, 31.88518],
          [-128.61367, 31.89075],
          [-128.58779, 31.89631],
          [-128.5619, 31.90187],
          [-128.53601, 31.90742],
          [-128.51011, 31.91297],
          [-128.48422, 31.91851],
          [-128.45832, 31.92405],
          [-128.43241, 31.92959],
          [-128.40651, 31.93512],
          [-128.3806, 31.94065],
          [-128.3547, 31.94617],
          [-128.34645, 31.95786],
          [-128.33529, 31.97368],
          [-128.30937, 31.97919],
          [-128.28345, 31.9847],
          [-128.25753, 31.99021],
          [-128.2316, 31.99571],
          [-128.20567, 32.00121],
          [-128.17974, 32.0067],
          [-128.17147, 32.01838],
          [-128.16028, 32.03418],
          [-128.13434, 32.03967],
          [-128.1084, 32.04515],
          [-128.10012, 32.05683],
          [-128.08891, 32.07262],
          [-128.06296, 32.0781],
          [-128.03701, 32.08357],
          [-128.01105, 32.08903],
          [-128.00276, 32.1007],
          [-127.99153, 32.11649],
          [-127.96557, 32.12194],
          [-127.9396, 32.1274],
          [-127.91362, 32.13285],
          [-127.90532, 32.14451],
          [-127.89408, 32.16029],
          [-127.8681, 32.16573],
          [-127.84211, 32.17116],
          [-127.81613, 32.1766],
          [-127.79014, 32.18203],
          [-127.78182, 32.19368],
          [-127.77055, 32.20945],
          [-127.74456, 32.21487],
          [-127.71856, 32.22029],
          [-127.69255, 32.2257],
          [-127.68422, 32.23735],
          [-127.67294, 32.2531],
          [-127.64692, 32.25851],
          [-127.62091, 32.26391],
          [-127.59489, 32.2693],
          [-127.56887, 32.2747],
          [-127.54285, 32.28008],
          [-127.51682, 32.28547],
          [-127.49079, 32.29085],
          [-127.46476, 32.29622],
          [-127.43873, 32.30159],
          [-127.4127, 32.30696],
          [-127.39408, 32.29739],
          [-127.38032, 32.29031],
          [-127.35428, 32.29567],
          [-127.32825, 32.30102],
          [-127.30964, 32.29144],
          [-127.29588, 32.28436],
          [-127.27728, 32.27477],
          [-127.26353, 32.26769],
          [-127.24493, 32.2581],
          [-127.23118, 32.25101],
          [-127.21259, 32.24142],
          [-127.20629, 32.2194],
          [-127.19255, 32.21231],
          [-127.17396, 32.20271],
          [-127.16023, 32.19561],
          [-127.14165, 32.18601],
          [-127.13536, 32.16399],
          [-127.12164, 32.15689],
          [-127.10307, 32.14728],
          [-127.09679, 32.12525],
          [-127.08307, 32.11815],
          [-127.06451, 32.10854],
          [-127.05079, 32.10143],
          [-127.03224, 32.09181],
          [-127.01853, 32.0847],
          [-126.99998, 32.07508],
          [-126.98627, 32.06797],
          [-126.96772, 32.05834],
          [-126.96148, 32.03631],
          [-126.94778, 32.02919],
          [-126.92924, 32.01956],
          [-126.91554, 32.01244],
          [-126.88955, 32.01773],
          [-126.87102, 32.00809],
          [-126.85733, 32.00096],
          [-126.83881, 31.99132],
          [-126.83259, 31.96928],
          [-126.81891, 31.96215],
          [-126.80039, 31.9525],
          [-126.79418, 31.93045],
          [-126.78798, 31.90841],
          [-126.78178, 31.88635],
          [-126.7681, 31.87922],
          [-126.74961, 31.86957],
          [-126.76098, 31.85386],
          [-126.76938, 31.84225],
          [-126.76318, 31.82019],
          [-126.75699, 31.79814],
          [-126.75079, 31.77608],
          [-126.74461, 31.75402],
          [-126.73842, 31.73196],
          [-126.73223, 31.7099],
          [-126.72605, 31.68784],
          [-126.71987, 31.66578],
          [-126.70623, 31.65863],
          [-126.68778, 31.64897],
          [-126.68161, 31.6269],
          [-126.67544, 31.60483],
          [-126.66181, 31.59769],
          [-126.64336, 31.58801],
          [-126.63721, 31.56594],
          [-126.63105, 31.54387],
          [-126.61743, 31.53672],
          [-126.599, 31.52704],
          [-126.59285, 31.50496],
          [-126.57924, 31.49781],
          [-126.56082, 31.48812],
          [-126.55468, 31.46604],
          [-126.54107, 31.45888],
          [-126.52266, 31.44919],
          [-126.51654, 31.42711],
          [-126.50293, 31.41995],
          [-126.48453, 31.41025],
          [-126.47842, 31.38817],
          [-126.4723, 31.36608],
          [-126.45871, 31.35891],
          [-126.44032, 31.34921],
          [-126.43421, 31.32712],
          [-126.42063, 31.31995],
          [-126.40225, 31.31024],
          [-126.39615, 31.28815],
          [-126.38258, 31.28098],
          [-126.36421, 31.27126],
          [-126.35064, 31.26409],
          [-126.33227, 31.25437],
          [-126.32619, 31.23227],
          [-126.31262, 31.22509],
          [-126.29427, 31.21537],
          [-126.2882, 31.19327],
          [-126.27464, 31.18608],
          [-126.2563, 31.17636],
          [-126.25023, 31.15425],
          [-126.23668, 31.14706],
          [-126.21835, 31.13733],
          [-126.2048, 31.13014],
          [-126.18647, 31.1204],
          [-126.17292, 31.11321],
          [-126.1546, 31.10347],
          [-126.14856, 31.08136],
          [-126.13502, 31.07416],
          [-126.11671, 31.06441],
          [-126.10317, 31.05721],
          [-126.08486, 31.04746],
          [-126.07884, 31.02535],
          [-126.06531, 31.01814],
          [-126.04701, 31.00839],
          [-126.041, 30.98627],
          [-126.02748, 30.97906],
          [-126.00919, 30.9693],
          [-125.99567, 30.96208],
          [-125.97739, 30.95232],
          [-125.96387, 30.94511],
          [-125.94559, 30.93534],
          [-125.93209, 30.92812],
          [-125.91381, 30.91835],
          [-125.90031, 30.91113],
          [-125.88204, 30.90136],
          [-125.86854, 30.89413],
          [-125.84275, 30.89926],
          [-125.81695, 30.90438],
          [-125.80853, 30.91596],
          [-125.79712, 30.93163],
          [-125.77132, 30.93674],
          [-125.74552, 30.94185],
          [-125.71971, 30.94695],
          [-125.71127, 30.95853],
          [-125.69985, 30.97419],
          [-125.67403, 30.97929],
          [-125.66558, 30.99086],
          [-125.65415, 31.00651],
          [-125.6457, 31.01808],
          [-125.63426, 31.03374],
          [-125.60843, 31.03882],
          [-125.59997, 31.05039],
          [-125.58853, 31.06604],
          [-125.56269, 31.07112],
          [-125.55422, 31.08268],
          [-125.54277, 31.09833],
          [-125.51692, 31.1034],
          [-125.49106, 31.10846],
          [-125.48259, 31.12002],
          [-125.47112, 31.13566],
          [-125.44526, 31.14072],
          [-125.43678, 31.15228],
          [-125.4253, 31.16791],
          [-125.39943, 31.17296],
          [-125.39094, 31.18451],
          [-125.37945, 31.20014],
          [-125.35357, 31.20519],
          [-125.34508, 31.21674],
          [-125.33358, 31.23236],
          [-125.32508, 31.24391],
          [-125.31358, 31.25953],
          [-125.30507, 31.27108],
          [-125.29357, 31.2867],
          [-125.26766, 31.29173],
          [-125.24176, 31.29675],
          [-125.23324, 31.30829],
          [-125.22172, 31.32391],
          [-125.19581, 31.32892],
          [-125.16989, 31.33393],
          [-125.16137, 31.34547],
          [-125.14983, 31.36108],
          [-125.12391, 31.36608],
          [-125.11538, 31.37762],
          [-125.10383, 31.39322],
          [-125.0779, 31.39822],
          [-125.05196, 31.40321],
          [-125.04342, 31.41474],
          [-125.03186, 31.43033],
          [-125.00592, 31.43532],
          [-124.97997, 31.4403],
          [-124.95402, 31.44527],
          [-124.92807, 31.45024],
          [-124.90979, 31.44037],
          [-124.89629, 31.43307],
          [-124.87034, 31.43803],
          [-124.85207, 31.42815],
          [-124.83858, 31.42084],
          [-124.82032, 31.41096],
          [-124.80682, 31.40365],
          [-124.78087, 31.40859],
          [-124.76262, 31.3987],
          [-124.74913, 31.39139],
          [-124.73089, 31.38149],
          [-124.7174, 31.37417],
          [-124.69916, 31.36427],
          [-124.69338, 31.34212],
          [-124.68761, 31.31996],
          [-124.67414, 31.31264],
          [-124.65591, 31.30273],
          [-124.65015, 31.28057],
          [-124.64438, 31.25841],
          [-124.65598, 31.24284],
          [-124.66454, 31.23133],
          [-124.65878, 31.20917],
          [-124.65302, 31.187],
          [-124.64726, 31.16484],
          [-124.64151, 31.14268],
          [-124.63575, 31.12051],
          [-124.64733, 31.10493],
          [-124.65589, 31.09342],
          [-124.65014, 31.07125],
          [-124.64439, 31.04908],
          [-124.63864, 31.02691],
          [-124.65021, 31.01133],
          [-124.65876, 30.99981],
          [-124.65301, 30.97764],
          [-124.64726, 30.95547],
          [-124.64152, 30.93329],
          [-124.63577, 30.91112],
          [-124.64733, 30.89554],
          [-124.65587, 30.88402],
          [-124.65013, 30.86184],
          [-124.64439, 30.83966],
          [-124.63865, 30.81748],
          [-124.6502, 30.8019],
          [-124.65873, 30.79038],
          [-124.65299, 30.7682],
          [-124.64726, 30.74601],
          [-124.64152, 30.72383],
          [-124.63579, 30.70165],
          [-124.63006, 30.67947],
          [-124.62433, 30.65728],
          [-124.61861, 30.63509],
          [-124.61288, 30.61291],
          [-124.60716, 30.59072],
          [-124.59378, 30.58338],
          [-124.57567, 30.57345],
          [-124.56996, 30.55126],
          [-124.56425, 30.52906],
          [-124.55087, 30.52172],
          [-124.53278, 30.51179],
          [-124.52707, 30.48959],
          [-124.51371, 30.48224],
          [-124.49562, 30.4723],
          [-124.48993, 30.4501],
          [-124.47657, 30.44275],
          [-124.45849, 30.43281],
          [-124.45281, 30.41061],
          [-124.43945, 30.40325],
          [-124.42139, 30.3933],
          [-124.40804, 30.38595],
          [-124.38998, 30.37599],
          [-124.37663, 30.36863],
          [-124.35857, 30.35867],
          [-124.34523, 30.35131],
          [-124.32718, 30.34135],
          [-124.32153, 30.31914],
          [-124.30819, 30.31177],
          [-124.29015, 30.30181],
          [-124.2845, 30.27959],
          [-124.27886, 30.25738],
          [-124.26553, 30.25001],
          [-124.24751, 30.24004],
          [-124.2437, 30.22503]
        ]
      }
    },
    {
      "type": "Feature",
      "id": "2026091006_f072_14000_001",
      "properties": {
        "product_id": "winter_storm_levels",
        "source_id": "nbm_snow_level",
        "parameter": "snow_level",
        "definition": "height of the wet-bulb 0.5 degree C surface",
        "level_ft_msl": 14000,
        "label": "14,000 ft MSL",
        "unit": "ft_msl",
        "cycle_time_utc": "2026-09-10T06:00:00Z",
        "valid_time_utc": "2026-09-13T06:00:00Z",
        "lead_hours": 72,
        "segment": 1,
        "length_m": 118917.9
      },
      "geometry": {
        "type": "LineString",
        "coordinates": [
          [-112.53471, 37.36496],
          [-112.53109, 37.34285],
          [-112.52748, 37.32075],
          [-112.52387, 37.29864],
          [-112.52025, 37.27653],
          [-112.51664, 37.25441],
          [-112.51303, 37.2323],
          [-112.49813, 37.22316],
          [-112.48165, 37.21305],
          [-112.47805, 37.19093],
          [-112.47445, 37.16881],
          [-112.45956, 37.15966],
          [-112.4431, 37.14955],
          [-112.43951, 37.12742],
          [-112.42462, 37.11827],
          [-112.39687, 37.12113],
          [-112.38042, 37.11101],
          [-112.36554, 37.10185],
          [-112.33779, 37.1047],
          [-112.31004, 37.10754],
          [-112.29855, 37.11941],
          [-112.28585, 37.13251],
          [-112.27435, 37.14437],
          [-112.26165, 37.15748],
          [-112.25014, 37.16933],
          [-112.23743, 37.18244],
          [-112.22592, 37.19429],
          [-112.2132, 37.20739],
          [-112.20169, 37.21924],
          [-112.18896, 37.23233],
          [-112.17745, 37.24418],
          [-112.18099, 37.2663],
          [-112.18453, 37.28842],
          [-112.18807, 37.31054],
          [-112.19162, 37.33265],
          [-112.17888, 37.34574],
          [-112.16734, 37.35758],
          [-112.18224, 37.36675],
          [-112.19871, 37.37688],
          [-112.20226, 37.39899],
          [-112.20581, 37.42109],
          [-112.22072, 37.43025],
          [-112.2372, 37.44038],
          [-112.25212, 37.44953],
          [-112.27996, 37.4467],
          [-112.29645, 37.45682],
          [-112.31137, 37.46597],
          [-112.33921, 37.46313],
          [-112.36705, 37.46028],
          [-112.39489, 37.45744],
          [-112.42273, 37.45458],
          [-112.45057, 37.45172],
          [-112.46208, 37.43987],
          [-112.4748, 37.42676],
          [-112.4863, 37.4149],
          [-112.49901, 37.4018],
          [-112.51051, 37.38993],
          [-112.52322, 37.37682],
          [-112.53471, 37.36496]
        ]
      }
    },
    {
      "type": "Feature",
      "id": "2026091006_f072_14000_002",
      "properties": {
        "product_id": "winter_storm_levels",
        "source_id": "nbm_snow_level",
        "parameter": "snow_level",
        "definition": "height of the wet-bulb 0.5 degree C surface",
        "level_ft_msl": 14000,
        "label": "14,000 ft MSL",
        "unit": "ft_msl",
        "cycle_time_utc": "2026-09-10T06:00:00Z",
        "valid_time_utc": "2026-09-13T06:00:00Z",
        "lead_hours": 72,
        "segment": 2,
        "length_m": 1015717.4
      },
      "geometry": {
        "type": "LineString",
        "coordinates": [
          [-117.45613, 30.21854],
          [-117.44967, 30.22635],
          [-117.43832, 30.2401],
          [-117.44266, 30.26253],
          [-117.447, 30.28496],
          [-117.43672, 30.29739],
          [-117.42536, 30.31114],
          [-117.4297, 30.33357],
          [-117.43404, 30.35599],
          [-117.43838, 30.37842],
          [-117.44272, 30.40085],
          [-117.44706, 30.42327],
          [-117.43678, 30.4357],
          [-117.4254, 30.44944],
          [-117.42974, 30.47187],
          [-117.41945, 30.48429],
          [-117.40807, 30.49803],
          [-117.41241, 30.52045],
          [-117.41675, 30.54287],
          [-117.40645, 30.5553],
          [-117.39506, 30.56903],
          [-117.3994, 30.59145],
          [-117.38909, 30.60388],
          [-117.37769, 30.61761],
          [-117.36738, 30.63003],
          [-117.35598, 30.64376],
          [-117.34566, 30.65618],
          [-117.33425, 30.66991],
          [-117.33858, 30.69233],
          [-117.32826, 30.70474],
          [-117.31684, 30.71847],
          [-117.30651, 30.73089],
          [-117.2951, 30.74461],
          [-117.28476, 30.75702],
          [-117.27334, 30.77074],
          [-117.263, 30.78315],
          [-117.25157, 30.79687],
          [-117.24123, 30.80928],
          [-117.22979, 30.823],
          [-117.23411, 30.84541],
          [-117.23843, 30.86782],
          [-117.22808, 30.88023],
          [-117.21664, 30.89395],
          [-117.22096, 30.91636],
          [-117.2106, 30.92876],
          [-117.19915, 30.94247],
          [-117.18879, 30.95488],
          [-117.17733, 30.96858],
          [-117.16697, 30.98099],
          [-117.1555, 30.99469],
          [-117.14513, 31.00709],
          [-117.13367, 31.02079],
          [-117.12329, 31.03319],
          [-117.11182, 31.04689],
          [-117.11613, 31.0693],
          [-117.10574, 31.0817],
          [-117.09427, 31.09539],
          [-117.09857, 31.1178],
          [-117.08818, 31.13019],
          [-117.0767, 31.14389],
          [-117.081, 31.16629],
          [-117.0853, 31.1887],
          [-117.08961, 31.2111],
          [-117.07921, 31.22349],
          [-117.06772, 31.23718],
          [-117.07202, 31.25959],
          [-117.07632, 31.28199],
          [-117.06592, 31.29437],
          [-117.05442, 31.30806],
          [-117.05872, 31.33046],
          [-117.04831, 31.34285],
          [-117.0368, 31.35653],
          [-117.0411, 31.37893],
          [-117.03068, 31.39131],
          [-117.01916, 31.405],
          [-117.00874, 31.41738],
          [-116.99722, 31.43106],
          [-116.98679, 31.44344],
          [-116.97526, 31.45712],
          [-116.97956, 31.47951],
          [-116.96913, 31.49189],
          [-116.95759, 31.50557],
          [-116.96188, 31.52796],
          [-116.95144, 31.54033],
          [-116.9399, 31.55401],
          [-116.92946, 31.56638],
          [-116.91791, 31.58005],
          [-116.90746, 31.59242],
          [-116.89591, 31.60609],
          [-116.88546, 31.61846],
          [-116.8739, 31.63213],
          [-116.86344, 31.64449],
          [-116.85188, 31.65816],
          [-116.84141, 31.67052],
          [-116.82985, 31.68418],
          [-116.81938, 31.69655],
          [-116.80781, 31.71021],
          [-116.79733, 31.72257],
          [-116.78576, 31.73622],
          [-116.77528, 31.74858],
          [-116.7637, 31.76224],
          [-116.76796, 31.78462],
          [-116.75748, 31.79698],
          [-116.74589, 31.81063],
          [-116.75015, 31.83301],
          [-116.73966, 31.84536],
          [-116.72806, 31.85902],
          [-116.71757, 31.87137],
          [-116.70596, 31.88501],
          [-116.69546, 31.89736],
          [-116.68386, 31.91101],
          [-116.67335, 31.92335],
          [-116.66174, 31.937],
          [-116.65123, 31.94934],
          [-116.63961, 31.96298],
          [-116.6291, 31.97532],
          [-116.61747, 31.98896],
          [-116.60696, 32.0013],
          [-116.59533, 32.01494],
          [-116.5848, 32.02727],
          [-116.57317, 32.04091],
          [-116.56264, 32.05324],
          [-116.53624, 32.05683],
          [-116.5246, 32.07046],
          [-116.51406, 32.08279],
          [-116.50241, 32.09642],
          [-116.49187, 32.10874],
          [-116.46545, 32.11232],
          [-116.4538, 32.12594],
          [-116.44325, 32.13827],
          [-116.41682, 32.14183],
          [-116.40516, 32.15545],
          [-116.3946, 32.16777],
          [-116.36817, 32.17133],
          [-116.35649, 32.18494],
          [-116.34593, 32.19726],
          [-116.31949, 32.20081],
          [-116.3078, 32.21442],
          [-116.29723, 32.22673],
          [-116.27078, 32.23027],
          [-116.25909, 32.24388],
          [-116.24851, 32.25619],
          [-116.22205, 32.25972],
          [-116.21035, 32.27332],
          [-116.19976, 32.28563],
          [-116.18805, 32.29922],
          [-116.17746, 32.31153],
          [-116.16575, 32.32512],
          [-116.16992, 32.3475],
          [-116.15932, 32.35979],
          [-116.1476, 32.37339],
          [-116.15177, 32.39576],
          [-116.14116, 32.40805],
          [-116.12943, 32.42164],
          [-116.1336, 32.44401],
          [-116.12299, 32.45631],
          [-116.11125, 32.4699],
          [-116.11542, 32.49226],
          [-116.1048, 32.50455],
          [-116.09306, 32.51814],
          [-116.09722, 32.5405],
          [-116.08659, 32.55279],
          [-116.07485, 32.56637],
          [-116.06422, 32.57866],
          [-116.05247, 32.59224],
          [-116.05662, 32.6146],
          [-116.04599, 32.62688],
          [-116.03423, 32.64046],
          [-116.03838, 32.66282],
          [-116.02774, 32.6751],
          [-116.01597, 32.68867],
          [-116.02012, 32.71103],
          [-116.00947, 32.72331],
          [-115.9977, 32.73688],
          [-115.98705, 32.74916],
          [-115.97527, 32.76272],
          [-115.96461, 32.775],
          [-115.93802, 32.77848],
          [-115.92623, 32.79204],
          [-115.91557, 32.80431],
          [-115.88897, 32.80779],
          [-115.86237, 32.81126],
          [-115.83577, 32.81472],
          [-115.80917, 32.81818],
          [-115.78257, 32.82164],
          [-115.75596, 32.82509],
          [-115.72936, 32.82854],
          [-115.70275, 32.83198],
          [-115.68816, 32.823],
          [-115.67205, 32.81306],
          [-115.64544, 32.8165],
          [-115.61884, 32.81993],
          [-115.59223, 32.82335],
          [-115.56562, 32.82677],
          [-115.539, 32.83019],
          [-115.51239, 32.8336],
          [-115.50054, 32.84713],
          [-115.48983, 32.85937],
          [-115.4632, 32.86277],
          [-115.43658, 32.86617],
          [-115.42472, 32.8797],
          [-115.41399, 32.89193],
          [-115.40213, 32.90545],
          [-115.3914, 32.91768],
          [-115.36476, 32.92107],
          [-115.35289, 32.93459],
          [-115.34215, 32.94681],
          [-115.3155, 32.95019],
          [-115.30362, 32.9637],
          [-115.29287, 32.97593],
          [-115.26622, 32.9793],
          [-115.25433, 32.9928],
          [-115.24357, 33.00502],
          [-115.2169, 33.00839],
          [-115.20501, 33.02189],
          [-115.19424, 33.0341],
          [-115.18234, 33.0476],
          [-115.17157, 33.05982],
          [-115.15966, 33.07331],
          [-115.14888, 33.08552],
          [-115.13697, 33.09902],
          [-115.12619, 33.11123],
          [-115.0995, 33.11457],
          [-115.08757, 33.12806],
          [-115.07679, 33.14026],
          [-115.06486, 33.15375],
          [-115.05406, 33.16595],
          [-115.02736, 33.16928],
          [-115.01542, 33.18276],
          [-115.00462, 33.19496],
          [-114.99268, 33.20844],
          [-114.98187, 33.22064],
          [-114.95515, 33.22395],
          [-114.9432, 33.23743],
          [-114.93238, 33.24962],
          [-114.92042, 33.26309],
          [-114.9096, 33.27528],
          [-114.89764, 33.28875],
          [-114.88682, 33.30094],
          [-114.87485, 33.31441],
          [-114.86402, 33.32659],
          [-114.85205, 33.34005],
          [-114.84121, 33.35224],
          [-114.82924, 33.3657],
          [-114.8184, 33.37788],
          [-114.80641, 33.39134],
          [-114.79557, 33.40351],
          [-114.78358, 33.41697],
          [-114.77273, 33.42915],
          [-114.76074, 33.4426],
          [-114.74988, 33.45477],
          [-114.73788, 33.46823],
          [-114.72702, 33.4804],
          [-114.71502, 33.49384],
          [-114.70415, 33.50601],
          [-114.69214, 33.51946],
          [-114.68127, 33.53162],
          [-114.66926, 33.54507],
          [-114.65838, 33.55723],
          [-114.64636, 33.57067],
          [-114.63548, 33.58283],
          [-114.62346, 33.59627],
          [-114.61257, 33.60843],
          [-114.60054, 33.62187],
          [-114.58965, 33.63402],
          [-114.57761, 33.64746],
          [-114.56672, 33.65961],
          [-114.55468, 33.67304],
          [-114.54378, 33.68519],
          [-114.53173, 33.69862],
          [-114.52082, 33.71077],
          [-114.49397, 33.714],
          [-114.48192, 33.72743],
          [-114.471, 33.73957],
          [-114.45894, 33.75299],
          [-114.44802, 33.76513],
          [-114.43595, 33.77855],
          [-114.42503, 33.79069],
          [-114.41296, 33.80411],
          [-114.40203, 33.81624],
          [-114.38995, 33.82966],
          [-114.37902, 33.84179],
          [-114.36694, 33.8552],
          [-114.356, 33.86733],
          [-114.34391, 33.88074],
          [-114.33297, 33.89287],
          [-114.32087, 33.90628],
          [-114.30992, 33.9184],
          [-114.29782, 33.93181],
          [-114.30168, 33.95413],
          [-114.29073, 33.96626],
          [-114.27862, 33.97966],
          [-114.26766, 33.99178],
          [-114.25554, 34.00517],
          [-114.2594, 34.0275],
          [-114.24843, 34.03962],
          [-114.23631, 34.05301],
          [-114.22534, 34.06512],
          [-114.21321, 34.07852],
          [-114.21706, 34.10083],
          [-114.20608, 34.11295],
          [-114.19395, 34.12633],
          [-114.18296, 34.13845],
          [-114.17082, 34.15183],
          [-114.15984, 34.16394],
          [-114.14769, 34.17732],
          [-114.15153, 34.19963],
          [-114.14053, 34.21174],
          [-114.12838, 34.22512],
          [-114.11738, 34.23722],
          [-114.10522, 34.2506],
          [-114.10905, 34.27291],
          [-114.09805, 34.28501],
          [-114.08588, 34.29838],
          [-114.07487, 34.31048],
          [-114.0627, 34.32385],
          [-114.06652, 34.34615],
          [-114.0555, 34.35825],
          [-114.04332, 34.37161],
          [-114.0323, 34.38371],
          [-114.02012, 34.39707],
          [-114.00909, 34.40916],
          [-113.9969, 34.42252],
          [-113.98587, 34.43461],
          [-113.97367, 34.44797],
          [-113.96263, 34.46005],
          [-113.95043, 34.4734],
          [-113.95424, 34.4957],
          [-113.9432, 34.50779],
          [-113.93099, 34.52114],
          [-113.91994, 34.53322],
          [-113.90772, 34.54657],
          [-113.91152, 34.56886],
          [-113.91533, 34.59115],
          [-113.90427, 34.60323],
          [-113.89204, 34.61657],
          [-113.89584, 34.63886],
          [-113.89964, 34.66115],
          [-113.90345, 34.68344],
          [-113.89238, 34.69551],
          [-113.88014, 34.70885],
          [-113.88394, 34.73114],
          [-113.88775, 34.75342],
          [-113.87667, 34.76549],
          [-113.86442, 34.77882],
          [-113.85334, 34.79089],
          [-113.84109, 34.80422],
          [-113.83, 34.81628],
          [-113.80287, 34.8194],
          [-113.79061, 34.83272],
          [-113.77951, 34.84478],
          [-113.75237, 34.84789],
          [-113.72522, 34.85099],
          [-113.71295, 34.86431],
          [-113.70184, 34.87636],
          [-113.67468, 34.87945],
          [-113.64753, 34.88253],
          [-113.63524, 34.89585],
          [-113.62412, 34.90789],
          [-113.61183, 34.92121],
          [-113.60071, 34.93325],
          [-113.58841, 34.94656],
          [-113.57728, 34.9586],
          [-113.56498, 34.9719],
          [-113.55385, 34.98394],
          [-113.54154, 34.99724],
          [-113.5304, 35.00928],
          [-113.51808, 35.02258],
          [-113.50694, 35.03461],
          [-113.49462, 35.04791],
          [-113.48347, 35.05994],
          [-113.45627, 35.06299],
          [-113.44394, 35.07628],
          [-113.43278, 35.08831],
          [-113.42045, 35.1016],
          [-113.40928, 35.11362],
          [-113.38206, 35.11666],
          [-113.35484, 35.1197],
          [-113.34249, 35.13298],
          [-113.33132, 35.145],
          [-113.30409, 35.14802],
          [-113.27685, 35.15104],
          [-113.24962, 35.15406],
          [-113.22238, 35.15708],
          [-113.21002, 35.17035],
          [-113.19882, 35.18235],
          [-113.17158, 35.18536],
          [-113.14433, 35.18836],
          [-113.13195, 35.20162],
          [-113.12075, 35.21362],
          [-113.10836, 35.22688],
          [-113.09716, 35.23888],
          [-113.08476, 35.25214],
          [-113.07355, 35.26413],
          [-113.06115, 35.27739],
          [-113.06481, 35.29965],
          [-113.06847, 35.32191],
          [-113.05724, 35.3339],
          [-113.04484, 35.34715],
          [-113.04849, 35.36941],
          [-113.05215, 35.39166],
          [-113.0558, 35.41392],
          [-113.05946, 35.43617],
          [-113.06312, 35.45842],
          [-113.06678, 35.48067],
          [-113.07045, 35.50291],
          [-113.07411, 35.52516],
          [-113.06287, 35.53714],
          [-113.05044, 35.55038],
          [-113.0541, 35.57263],
          [-113.05777, 35.59487],
          [-113.04652, 35.60684],
          [-113.03408, 35.62008],
          [-113.03774, 35.64232],
          [-113.02648, 35.65429],
          [-113.01403, 35.66753],
          [-113.00277, 35.6795],
          [-112.9754, 35.68247],
          [-112.94802, 35.68543],
          [-112.93556, 35.69866],
          [-112.92429, 35.71062],
          [-112.89691, 35.71358],
          [-112.86952, 35.71653],
          [-112.84214, 35.71947],
          [-112.82966, 35.73269],
          [-112.81837, 35.74465],
          [-112.79098, 35.74759],
          [-112.77849, 35.7608],
          [-112.76719, 35.77275],
          [-112.7547, 35.78596],
          [-112.7434, 35.79791],
          [-112.7309, 35.81112],
          [-112.71959, 35.82306],
          [-112.70709, 35.83627],
          [-112.71069, 35.85849],
          [-112.69937, 35.87044],
          [-112.68686, 35.88364],
          [-112.69046, 35.90586],
          [-112.67914, 35.9178],
          [-112.66662, 35.931],
          [-112.67022, 35.95322],
          [-112.65889, 35.96516],
          [-112.64636, 35.97835],
          [-112.64996, 36.00057],
          [-112.65355, 36.02278],
          [-112.65715, 36.045],
          [-112.66075, 36.06721],
          [-112.66435, 36.08942],
          [-112.66795, 36.11163],
          [-112.67156, 36.13383],
          [-112.67516, 36.15604],
          [-112.69149, 36.16617],
          [-112.70627, 36.17533],
          [-112.70989, 36.19753],
          [-112.7135, 36.21973],
          [-112.71712, 36.24192],
          [-112.72073, 36.26412],
          [-112.72435, 36.28631],
          [-112.72797, 36.3085],
          [-112.72506, 36.33138],
          [-112.72023, 36.34262],
          [-112.70767, 36.3558],
          [-112.71129, 36.37798],
          [-112.71491, 36.40017],
          [-112.70354, 36.41209],
          [-112.69097, 36.42526],
          [-112.69459, 36.44744],
          [-112.69821, 36.46962],
          [-112.68683, 36.48154],
          [-112.67424, 36.49471],
          [-112.66286, 36.50662],
          [-112.65027, 36.51979],
          [-112.65388, 36.54196],
          [-112.64249, 36.55387],
          [-112.62989, 36.56703],
          [-112.63351, 36.5892],
          [-112.6221, 36.60111],
          [-112.6095, 36.61427],
          [-112.5981, 36.62617],
          [-112.58549, 36.63933],
          [-112.57407, 36.65123],
          [-112.56146, 36.66438],
          [-112.55004, 36.67628],
          [-112.53742, 36.68943],
          [-112.526, 36.70133],
          [-112.51337, 36.71448],
          [-112.50195, 36.72637],
          [-112.48931, 36.73951],
          [-112.47788, 36.7514],
          [-112.45023, 36.75427],
          [-112.42257, 36.75714],
          [-112.39491, 36.76],
          [-112.36725, 36.76286],
          [-112.33959, 36.76571],
          [-112.32476, 36.75654],
          [-112.30837, 36.74639],
          [-112.28071, 36.74924],
          [-112.26589, 36.74006],
          [-112.24951, 36.72991],
          [-112.22186, 36.73274],
          [-112.20704, 36.72356],
          [-112.19067, 36.71341],
          [-112.16302, 36.71623],
          [-112.14821, 36.70704],
          [-112.13185, 36.69688],
          [-112.11705, 36.68769],
          [-112.10069, 36.67752],
          [-112.08589, 36.66832],
          [-112.06954, 36.65816],
          [-112.05475, 36.64896],
          [-112.03841, 36.63879],
          [-112.01077, 36.64159],
          [-112, 36.64267]
        ]
      }
    },
    {
      "type": "Feature",
      "id": "2026091006_f072_15000_001",
      "properties": {
        "product_id": "winter_storm_levels",
        "source_id": "nbm_snow_level",
        "parameter": "snow_level",
        "definition": "height of the wet-bulb 0.5 degree C surface",
        "level_ft_msl": 15000,
        "label": "15,000 ft MSL",
        "unit": "ft_msl",
        "cycle_time_utc": "2026-09-10T06:00:00Z",
        "valid_time_utc": "2026-09-13T06:00:00Z",
        "lead_hours": 72,
        "segment": 1,
        "length_m": 115823.1
      },
      "geometry": {
        "type": "LineString",
        "coordinates": [
          [-112.30353, 31.69386],
          [-112.30013, 31.67136],
          [-112.29674, 31.64886],
          [-112.29335, 31.62637],
          [-112.28217, 31.61901],
          [-112.26355, 31.60675],
          [-112.26016, 31.58425],
          [-112.24899, 31.57689],
          [-112.23037, 31.56462],
          [-112.2192, 31.55726],
          [-112.19279, 31.56013],
          [-112.17418, 31.54786],
          [-112.16302, 31.54049],
          [-112.13661, 31.54336],
          [-112.1102, 31.54621],
          [-112.08379, 31.54907],
          [-112.05738, 31.55192],
          [-112.04873, 31.56142],
          [-112.05207, 31.58393],
          [-112.03764, 31.59978],
          [-112.02898, 31.60928],
          [-112.03232, 31.63179],
          [-112.04348, 31.63916],
          [-112.06209, 31.65145],
          [-112.06544, 31.67395],
          [-112.051, 31.68979],
          [-112.04234, 31.6993],
          [-112.04568, 31.7218],
          [-112.05686, 31.72917],
          [-112.07548, 31.74145],
          [-112.07883, 31.76395],
          [-112.08218, 31.78645],
          [-112.08554, 31.80894],
          [-112.08889, 31.83144],
          [-112.09225, 31.85393],
          [-112.0956, 31.87642],
          [-112.09896, 31.89891],
          [-112.11016, 31.90628],
          [-112.12882, 31.91855],
          [-112.14002, 31.92591],
          [-112.16651, 31.92305],
          [-112.17518, 31.91354],
          [-112.18963, 31.8977],
          [-112.1983, 31.88819],
          [-112.19492, 31.8657],
          [-112.20936, 31.84985],
          [-112.21802, 31.84034],
          [-112.21464, 31.81785],
          [-112.22907, 31.80199],
          [-112.23772, 31.79248],
          [-112.25215, 31.77662],
          [-112.2608, 31.76711],
          [-112.25741, 31.74462],
          [-112.27183, 31.72876],
          [-112.28048, 31.71924],
          [-112.29488, 31.70338],
          [-112.30353, 31.69386]
        ]
      }
    }
  ]
}

