{
  "type": "FeatureCollection",
  "contract_version": "1.0.0",
  "bbox": [-130, 30.06515, -112, 44.5],
  "features": [
    {
      "type": "Feature",
      "id": "2026082418_f042_07000_001",
      "properties": {
        "product_id": "winter_storm_levels",
        "source_id": "nbm_snow_level",
        "parameter": "snow_level",
        "definition": "height of the wet-bulb 0.5 degree C surface",
        "level_ft_msl": 7000,
        "label": "7,000 ft MSL",
        "unit": "ft_msl",
        "cycle_time_utc": "2026-08-24T18:00:00Z",
        "valid_time_utc": "2026-08-26T12:00:00Z",
        "lead_hours": 42,
        "segment": 1,
        "length_m": 27605
      },
      "geometry": {
        "type": "LineString",
        "coordinates": [
          [-130, 43.90778],
          [-129.99989, 43.90787],
          [-129.97608, 43.92724],
          [-129.97289, 43.93119],
          [-129.96389, 43.95517],
          [-129.96013, 43.96812],
          [-129.95706, 43.97872],
          [-129.94757, 44.00278],
          [-129.94646, 44.01523],
          [-129.94338, 44.02583],
          [-129.93654, 44.04938],
          [-129.94417, 44.07018],
          [-129.95977, 44.08947],
          [-129.97392, 44.10903],
          [-129.98388, 44.11715],
          [-129.99605, 44.12708],
          [-130, 44.13233]
        ]
      }
    },
    {
      "type": "Feature",
      "id": "2026082418_f042_07000_002",
      "properties": {
        "product_id": "winter_storm_levels",
        "source_id": "nbm_snow_level",
        "parameter": "snow_level",
        "definition": "height of the wet-bulb 0.5 degree C surface",
        "level_ft_msl": 7000,
        "label": "7,000 ft MSL",
        "unit": "ft_msl",
        "cycle_time_utc": "2026-08-24T18:00:00Z",
        "valid_time_utc": "2026-08-26T12:00:00Z",
        "lead_hours": 42,
        "segment": 2,
        "length_m": 18989
      },
      "geometry": {
        "type": "LineString",
        "coordinates": [
          [-130, 44.33966],
          [-129.9856, 44.35129],
          [-129.97973, 44.3585],
          [-129.96423, 44.37752],
          [-129.96045, 44.39044],
          [-129.95954, 44.4006],
          [-129.96503, 44.42177],
          [-129.97269, 44.44252],
          [-129.98036, 44.46326],
          [-129.98149, 44.48524],
          [-129.98128, 44.5]
        ]
      }
    },
    {
      "type": "Feature",
      "id": "2026082418_f042_08000_001",
      "properties": {
        "product_id": "winter_storm_levels",
        "source_id": "nbm_snow_level",
        "parameter": "snow_level",
        "definition": "height of the wet-bulb 0.5 degree C surface",
        "level_ft_msl": 8000,
        "label": "8,000 ft MSL",
        "unit": "ft_msl",
        "cycle_time_utc": "2026-08-24T18:00:00Z",
        "valid_time_utc": "2026-08-26T12:00:00Z",
        "lead_hours": 42,
        "segment": 1,
        "length_m": 3535.7
      },
      "geometry": {
        "type": "LineString",
        "coordinates": [
          [-130, 42.05899],
          [-129.99278, 42.0682],
          [-130, 42.0885]
        ]
      }
    },
    {
      "type": "Feature",
      "id": "2026082418_f042_08000_002",
      "properties": {
        "product_id": "winter_storm_levels",
        "source_id": "nbm_snow_level",
        "parameter": "snow_level",
        "definition": "height of the wet-bulb 0.5 degree C surface",
        "level_ft_msl": 8000,
        "label": "8,000 ft MSL",
        "unit": "ft_msl",
        "cycle_time_utc": "2026-08-24T18:00:00Z",
        "valid_time_utc": "2026-08-26T12:00:00Z",
        "lead_hours": 42,
        "segment": 2,
        "length_m": 319493.8
      },
      "geometry": {
        "type": "LineString",
        "coordinates": [
          [-130, 42.1508],
          [-129.99437, 42.15797],
          [-129.98496, 42.16994],
          [-129.97347, 42.18457],
          [-129.96406, 42.19654],
          [-129.93565, 42.20209],
          [-129.92414, 42.21672],
          [-129.91472, 42.22868],
          [-129.9032, 42.2433],
          [-129.89378, 42.25526],
          [-129.88226, 42.26988],
          [-129.87283, 42.28184],
          [-129.8613, 42.29645],
          [-129.85187, 42.30841],
          [-129.82342, 42.31393],
          [-129.81189, 42.32854],
          [-129.80244, 42.34049],
          [-129.7909, 42.35509],
          [-129.79837, 42.37613],
          [-129.81367, 42.39563],
          [-129.82376, 42.41615],
          [-129.83124, 42.43717],
          [-129.82187, 42.46146],
          [-129.81883, 42.47216],
          [-129.81511, 42.48524],
          [-129.8157, 42.50758],
          [-129.81369, 42.53043],
          [-129.81278, 42.54071],
          [-129.80906, 42.55378],
          [-129.80228, 42.57755],
          [-129.79923, 42.58824],
          [-129.78766, 42.60282],
          [-129.77651, 42.61002],
          [-129.76019, 42.63057],
          [-129.75489, 42.63495],
          [-129.72884, 42.64746],
          [-129.71057, 42.66257],
          [-129.70527, 42.66695],
          [-129.68101, 42.68452],
          [-129.66735, 42.69331],
          [-129.65618, 42.7005],
          [-129.63982, 42.72102],
          [-129.63507, 42.72698],
          [-129.61871, 42.7475],
          [-129.61563, 42.75817],
          [-129.60401, 42.77273],
          [-129.5945, 42.78464],
          [-129.58288, 42.79919],
          [-129.57336, 42.81109],
          [-129.5696, 42.82414],
          [-129.55426, 42.84331],
          [-129.54057, 42.85209],
          [-129.53105, 42.86399],
          [-129.50447, 42.87521],
          [-129.4738, 42.8749],
          [-129.44517, 42.88035],
          [-129.41654, 42.8858],
          [-129.38791, 42.89124],
          [-129.35927, 42.89667],
          [-129.34759, 42.9112],
          [-129.33804, 42.92309],
          [-129.30939, 42.92851],
          [-129.29771, 42.94303],
          [-129.28814, 42.95491],
          [-129.27645, 42.96943],
          [-129.26688, 42.98131],
          [-129.25519, 42.99582],
          [-129.24561, 43.00769],
          [-129.23391, 43.0222],
          [-129.22267, 43.02936],
          [-129.19565, 43.03948],
          [-129.18393, 43.05398],
          [-129.17434, 43.06585],
          [-129.16262, 43.08035],
          [-129.15303, 43.09221],
          [-129.1413, 43.10671],
          [-129.13171, 43.11857],
          [-129.11997, 43.13306],
          [-129.1209, 43.15523],
          [-129.11776, 43.16587],
          [-129.10602, 43.18036],
          [-129.10694, 43.20253],
          [-129.10379, 43.21317],
          [-129.09995, 43.22617],
          [-129.09943, 43.24859],
          [-129.10035, 43.27075],
          [-129.09721, 43.28138],
          [-129.09336, 43.29438],
          [-129.09284, 43.3168],
          [-129.08322, 43.32864],
          [-129.07937, 43.34163],
          [-129.07236, 43.36525],
          [-129.06921, 43.37588],
          [-129.05744, 43.39034],
          [-129.0478, 43.40218],
          [-129.04395, 43.41516],
          [-129.04342, 43.43756],
          [-129.04432, 43.45969],
          [-129.04117, 43.47031],
          [-129.03731, 43.48329],
          [-129.03677, 43.50568],
          [-129.0521, 43.52512],
          [-129.0641, 43.53514],
          [-129.07392, 43.54334],
          [-129.08133, 43.56425],
          [-129.07817, 43.57486],
          [-129.06638, 43.58931],
          [-129.06729, 43.61142],
          [-129.06413, 43.62203],
          [-129.05233, 43.63647],
          [-129.05974, 43.65737],
          [-129.06065, 43.67946],
          [-129.06807, 43.70035],
          [-129.07548, 43.72123],
          [-129.10363, 43.73326],
          [-129.11181, 43.73675],
          [-129.13369, 43.75494],
          [-129.14368, 43.75921],
          [-129.1763, 43.76427],
          [-129.19098, 43.76655],
          [-129.21098, 43.77507],
          [-129.22734, 43.78204],
          [-129.2348, 43.80291],
          [-129.22514, 43.81472],
          [-129.19623, 43.8201],
          [-129.18442, 43.83453],
          [-129.17476, 43.84633],
          [-129.16294, 43.86076],
          [-129.17039, 43.88162],
          [-129.17785, 43.90248],
          [-129.1853, 43.92333],
          [-129.17563, 43.93513],
          [-129.17177, 43.94807],
          [-129.17126, 43.9704],
          [-129.16159, 43.98219],
          [-129.14975, 43.99661],
          [-129.14007, 44.0084],
          [-129.12823, 44.02281],
          [-129.13569, 44.04365],
          [-129.15112, 44.06301],
          [-129.15858, 44.08384],
          [-129.15807, 44.10614],
          [-129.16554, 44.12697],
          [-129.15585, 44.13875],
          [-129.12683, 44.14411],
          [-129.09781, 44.14946],
          [-129.07084, 44.16054],
          [-129.05692, 44.1692],
          [-129.04721, 44.18098],
          [-129.03533, 44.19536],
          [-129.02562, 44.20714],
          [-129.01374, 44.22152],
          [-129.02118, 44.24234],
          [-129.02209, 44.26435],
          [-129.03609, 44.28396],
          [-129.04354, 44.30476],
          [-129.051, 44.32556],
          [-129.05846, 44.34636],
          [-129.06593, 44.36716],
          [-129.0734, 44.38795],
          [-129.06366, 44.39971],
          [-129.05977, 44.41261],
          [-129.05269, 44.43606],
          [-129.0495, 44.44662],
          [-129.03759, 44.46098],
          [-129.02785, 44.47273],
          [-129.02395, 44.48562],
          [-129.02359, 44.5]
        ]
      }
    },
    {
      "type": "Feature",
      "id": "2026082418_f042_09000_001",
      "properties": {
        "product_id": "winter_storm_levels",
        "source_id": "nbm_snow_level",
        "parameter": "snow_level",
        "definition": "height of the wet-bulb 0.5 degree C surface",
        "level_ft_msl": 9000,
        "label": "9,000 ft MSL",
        "unit": "ft_msl",
        "cycle_time_utc": "2026-08-24T18:00:00Z",
        "valid_time_utc": "2026-08-26T12:00:00Z",
        "lead_hours": 42,
        "segment": 1,
        "length_m": 964376.7
      },
      "geometry": {
        "type": "LineString",
        "coordinates": [
          [-124.23551, 44.5],
          [-124.23012, 44.48244],
          [-124.23815, 44.4735],
          [-124.24351, 44.45838],
          [-124.24662, 44.43593],
          [-124.24019, 44.41497],
          [-124.24821, 44.40602],
          [-124.2631, 44.38941],
          [-124.25667, 44.36844],
          [-124.25024, 44.34746],
          [-124.25825, 44.33851],
          [-124.27313, 44.32189],
          [-124.2667, 44.30091],
          [-124.26028, 44.27993],
          [-124.26828, 44.27098],
          [-124.27363, 44.25584],
          [-124.27673, 44.23336],
          [-124.2703, 44.21237],
          [-124.269, 44.19057],
          [-124.27188, 44.18241],
          [-124.28673, 44.16577],
          [-124.28031, 44.14477],
          [-124.27389, 44.12377],
          [-124.28189, 44.11481],
          [-124.28722, 44.09965],
          [-124.29031, 44.07715],
          [-124.28389, 44.05614],
          [-124.29188, 44.04717],
          [-124.29721, 44.03201],
          [-124.30029, 44.00949],
          [-124.29388, 43.98847],
          [-124.28746, 43.96745],
          [-124.28105, 43.94642],
          [-124.28903, 43.93744],
          [-124.29436, 43.92227],
          [-124.28795, 43.90124],
          [-124.29103, 43.8787],
          [-124.28463, 43.85766],
          [-124.27822, 43.83662],
          [-124.28619, 43.82764],
          [-124.29151, 43.81246],
          [-124.29459, 43.78991],
          [-124.28819, 43.76886],
          [-124.28179, 43.7478],
          [-124.2754, 43.72675],
          [-124.28336, 43.71776],
          [-124.28868, 43.70257],
          [-124.28228, 43.6815],
          [-124.28536, 43.65894],
          [-124.27897, 43.63787],
          [-124.27258, 43.61679],
          [-124.27129, 43.59491],
          [-124.27415, 43.58672],
          [-124.27946, 43.57152],
          [-124.28253, 43.54893],
          [-124.27615, 43.52785],
          [-124.26977, 43.50676],
          [-124.2634, 43.48567],
          [-124.27134, 43.47667],
          [-124.27664, 43.46146],
          [-124.27971, 43.43886],
          [-124.27334, 43.41776],
          [-124.26697, 43.39665],
          [-124.2606, 43.37555],
          [-124.25423, 43.35444],
          [-124.24787, 43.33333],
          [-124.2558, 43.32432],
          [-124.27053, 43.30759],
          [-124.26417, 43.28647],
          [-124.25781, 43.26535],
          [-124.26573, 43.25633],
          [-124.27103, 43.2411],
          [-124.27409, 43.21847],
          [-124.26773, 43.19734],
          [-124.26138, 43.17621],
          [-124.25502, 43.15507],
          [-124.24867, 43.13393],
          [-124.24233, 43.11279],
          [-124.23598, 43.09165],
          [-124.22964, 43.0705],
          [-124.2233, 43.04935],
          [-124.21697, 43.0282],
          [-124.22488, 43.01917],
          [-124.23956, 43.00241],
          [-124.23323, 42.98125],
          [-124.24113, 42.97222],
          [-124.25581, 42.95545],
          [-124.24947, 42.93429],
          [-124.24314, 42.91312],
          [-124.25104, 42.90409],
          [-124.2657, 42.88731],
          [-124.25937, 42.86614],
          [-124.25304, 42.84496],
          [-124.24671, 42.82378],
          [-124.24038, 42.8026],
          [-124.24827, 42.79356],
          [-124.26292, 42.77677],
          [-124.25659, 42.75559],
          [-124.25027, 42.7344],
          [-124.25815, 42.72535],
          [-124.27279, 42.70856],
          [-124.26647, 42.68736],
          [-124.26014, 42.66616],
          [-124.25382, 42.64496],
          [-124.24751, 42.62376],
          [-124.24119, 42.60255],
          [-124.23488, 42.58134],
          [-124.24276, 42.57229],
          [-124.25737, 42.55548],
          [-124.25106, 42.53426],
          [-124.24475, 42.51304],
          [-124.25262, 42.50399],
          [-124.26723, 42.48717],
          [-124.26092, 42.46595],
          [-124.25461, 42.44472],
          [-124.2483, 42.42349],
          [-124.242, 42.40226],
          [-124.24986, 42.3932],
          [-124.26445, 42.37637],
          [-124.25815, 42.35513],
          [-124.25185, 42.33389],
          [-124.2597, 42.32482],
          [-124.27428, 42.30799],
          [-124.26798, 42.28674],
          [-124.26169, 42.26549],
          [-124.25539, 42.24424],
          [-124.2491, 42.22298],
          [-124.25694, 42.21391],
          [-124.27151, 42.19707],
          [-124.26521, 42.1758],
          [-124.25892, 42.15454],
          [-124.25264, 42.13328],
          [-124.26047, 42.1242],
          [-124.27502, 42.10734],
          [-124.26874, 42.08607],
          [-124.26245, 42.0648],
          [-124.27028, 42.05572],
          [-124.27551, 42.04037],
          [-124.27854, 42.01757],
          [-124.27225, 41.99629],
          [-124.28008, 41.98721],
          [-124.2853, 41.97185],
          [-124.28832, 41.94905],
          [-124.29614, 41.93996],
          [-124.30136, 41.9246],
          [-124.30437, 41.90179],
          [-124.29809, 41.8805],
          [-124.29182, 41.8592],
          [-124.28554, 41.8379],
          [-124.29335, 41.8288],
          [-124.29856, 41.81344],
          [-124.30158, 41.79061],
          [-124.2953, 41.7693],
          [-124.28903, 41.74799],
          [-124.28776, 41.72585],
          [-124.29057, 41.71757],
          [-124.29577, 41.7022],
          [-124.29878, 41.67935],
          [-124.29751, 41.65721],
          [-124.30031, 41.64893],
          [-124.30552, 41.63355],
          [-124.30852, 41.6107],
          [-124.30226, 41.58936],
          [-124.31005, 41.58026],
          [-124.31525, 41.56487],
          [-124.31825, 41.54201],
          [-124.31199, 41.52067],
          [-124.30573, 41.49933],
          [-124.31351, 41.49022],
          [-124.3187, 41.47482],
          [-124.3217, 41.45195],
          [-124.31545, 41.4306],
          [-124.31417, 41.40843],
          [-124.30792, 41.38707],
          [-124.31071, 41.37878],
          [-124.3159, 41.36337],
          [-124.3189, 41.34048],
          [-124.31265, 41.31912],
          [-124.3064, 41.29776],
          [-124.30513, 41.27557],
          [-124.30792, 41.26727],
          [-124.31311, 41.25185],
          [-124.3161, 41.22895],
          [-124.30986, 41.20757],
          [-124.31762, 41.19845],
          [-124.32279, 41.18303],
          [-124.32578, 41.16012],
          [-124.31954, 41.13873],
          [-124.31331, 41.11735],
          [-124.30707, 41.09596],
          [-124.31482, 41.08683],
          [-124.32922, 41.06987],
          [-124.32298, 41.04847],
          [-124.31675, 41.02708],
          [-124.3245, 41.01794],
          [-124.33888, 41.00097],
          [-124.33265, 40.97957],
          [-124.32641, 40.95817],
          [-124.33415, 40.94903],
          [-124.34853, 40.93206],
          [-124.34229, 40.91065],
          [-124.33607, 40.88923],
          [-124.32984, 40.86782],
          [-124.33757, 40.85868],
          [-124.35193, 40.84169],
          [-124.34571, 40.82027],
          [-124.33948, 40.79885],
          [-124.34721, 40.78971],
          [-124.36156, 40.77272],
          [-124.35533, 40.75129],
          [-124.34911, 40.72986],
          [-124.34289, 40.70843],
          [-124.33668, 40.68699],
          [-124.33046, 40.66555],
          [-124.33818, 40.6564],
          [-124.35251, 40.6394],
          [-124.3463, 40.61796],
          [-124.3239, 40.60708],
          [-124.29565, 40.61179],
          [-124.2674, 40.6165],
          [-124.23914, 40.6212],
          [-124.21088, 40.6259],
          [-124.18262, 40.63059],
          [-124.15436, 40.63527],
          [-124.14, 40.65226],
          [-124.13227, 40.6614],
          [-124.10399, 40.66608],
          [-124.07572, 40.67076],
          [-124.04744, 40.67543],
          [-124.03539, 40.66955],
          [-124.01301, 40.65864],
          [-123.98473, 40.6633],
          [-123.97269, 40.65742],
          [-123.95032, 40.6465],
          [-123.93592, 40.66347],
          [-123.92817, 40.67261],
          [-123.91377, 40.68957],
          [-123.90601, 40.6987],
          [-123.87772, 40.70334],
          [-123.8633, 40.7203],
          [-123.85553, 40.72943],
          [-123.84111, 40.74638],
          [-123.83334, 40.75551],
          [-123.81891, 40.77246],
          [-123.81114, 40.78158],
          [-123.7967, 40.79853],
          [-123.78892, 40.80765],
          [-123.77687, 40.80177],
          [-123.7545, 40.79083],
          [-123.74245, 40.78494],
          [-123.72008, 40.774],
          [-123.69175, 40.77861],
          [-123.6773, 40.79554],
          [-123.66951, 40.80466],
          [-123.65505, 40.82159],
          [-123.66113, 40.84304],
          [-123.66721, 40.86448],
          [-123.6733, 40.88591],
          [-123.6655, 40.89503],
          [-123.65103, 40.91195],
          [-123.65711, 40.93338],
          [-123.6632, 40.95481],
          [-123.66929, 40.97624],
          [-123.66149, 40.98535],
          [-123.647, 41.00226],
          [-123.65309, 41.02369],
          [-123.65918, 41.04511],
          [-123.66528, 41.06652],
          [-123.65747, 41.07563],
          [-123.64296, 41.09253],
          [-123.63515, 41.10163],
          [-123.62064, 41.11854],
          [-123.61282, 41.12763],
          [-123.5983, 41.14453],
          [-123.59048, 41.15363],
          [-123.57595, 41.17052],
          [-123.58204, 41.19193],
          [-123.60449, 41.20286],
          [-123.61658, 41.20875],
          [-123.60875, 41.21784],
          [-123.59422, 41.23473],
          [-123.60031, 41.25613],
          [-123.60641, 41.27752],
          [-123.61251, 41.29891],
          [-123.61861, 41.3203],
          [-123.62471, 41.34169],
          [-123.6472, 41.35261],
          [-123.65931, 41.35849],
          [-123.66542, 41.37987],
          [-123.67154, 41.40124],
          [-123.67766, 41.42262],
          [-123.68378, 41.44399],
          [-123.67594, 41.45308],
          [-123.66139, 41.46995],
          [-123.66751, 41.49132],
          [-123.67363, 41.51268],
          [-123.69616, 41.52358],
          [-123.70829, 41.52945],
          [-123.71443, 41.55081],
          [-123.73697, 41.56171],
          [-123.74911, 41.56757],
          [-123.74127, 41.57665],
          [-123.72671, 41.59352],
          [-123.73285, 41.61487],
          [-123.739, 41.63622],
          [-123.73115, 41.6453],
          [-123.71658, 41.66215],
          [-123.72272, 41.6835],
          [-123.72887, 41.70484],
          [-123.73502, 41.72617],
          [-123.74117, 41.74751],
          [-123.74733, 41.76884],
          [-123.75348, 41.79016],
          [-123.75964, 41.81149],
          [-123.75179, 41.82056],
          [-123.73719, 41.8374],
          [-123.74335, 41.85872],
          [-123.74951, 41.88004],
          [-123.75568, 41.90136],
          [-123.76185, 41.92267],
          [-123.76802, 41.94398],
          [-123.77419, 41.96528],
          [-123.78037, 41.98659],
          [-123.78654, 42.00789],
          [-123.79272, 42.02918],
          [-123.79891, 42.05048],
          [-123.80509, 42.07177],
          [-123.81128, 42.09306],
          [-123.81747, 42.11435],
          [-123.82367, 42.13563],
          [-123.82986, 42.15691],
          [-123.82199, 42.16596],
          [-123.80735, 42.18278],
          [-123.81355, 42.20405],
          [-123.81975, 42.22533],
          [-123.81186, 42.23438],
          [-123.79722, 42.25119],
          [-123.80341, 42.27245],
          [-123.80961, 42.29372],
          [-123.81582, 42.31498],
          [-123.82202, 42.33624],
          [-123.82823, 42.35749],
          [-123.83444, 42.37874],
          [-123.84066, 42.39999],
          [-123.84687, 42.42124],
          [-123.85309, 42.44248],
          [-123.85931, 42.46372],
          [-123.86554, 42.48496],
          [-123.87176, 42.5062],
          [-123.87799, 42.52743],
          [-123.88423, 42.54866],
          [-123.89983, 42.56839],
          [-123.90607, 42.58962],
          [-123.90294, 42.61233],
          [-123.90918, 42.63355],
          [-123.91038, 42.65557],
          [-123.90752, 42.66379],
          [-123.89283, 42.68057],
          [-123.88491, 42.6896],
          [-123.87021, 42.70636],
          [-123.87645, 42.72757],
          [-123.8827, 42.74877],
          [-123.88894, 42.76997],
          [-123.88102, 42.779],
          [-123.8757, 42.79427],
          [-123.88195, 42.81546],
          [-123.8882, 42.83665],
          [-123.89445, 42.85784],
          [-123.89131, 42.88052],
          [-123.89757, 42.9017],
          [-123.89877, 42.92369],
          [-123.8959, 42.9319],
          [-123.89056, 42.94716],
          [-123.89683, 42.96833],
          [-123.89368, 42.99099],
          [-123.89488, 43.01296],
          [-123.90115, 43.03413],
          [-123.90742, 43.05529],
          [-123.90454, 43.0635],
          [-123.89921, 43.07874],
          [-123.89606, 43.10139],
          [-123.89726, 43.12334],
          [-123.89438, 43.13155],
          [-123.87962, 43.14827],
          [-123.88082, 43.17022],
          [-123.87794, 43.17842],
          [-123.87259, 43.19365],
          [-123.87886, 43.21479],
          [-123.87571, 43.23742],
          [-123.87691, 43.25936],
          [-123.88318, 43.28049],
          [-123.8803, 43.28869],
          [-123.87495, 43.30391],
          [-123.87179, 43.32652],
          [-123.87299, 43.34844],
          [-123.87927, 43.36957],
          [-123.87639, 43.37776],
          [-123.87103, 43.39297],
          [-123.87731, 43.41409],
          [-123.8836, 43.4352],
          [-123.87535, 43.45859],
          [-123.87246, 43.46678],
          [-123.8671, 43.48198],
          [-123.86393, 43.50457],
          [-123.85595, 43.51355],
          [-123.85058, 43.52875],
          [-123.84741, 43.55133],
          [-123.8486, 43.57322],
          [-123.84571, 43.5814],
          [-123.84033, 43.59659],
          [-123.84663, 43.61768],
          [-123.84345, 43.64025],
          [-123.84465, 43.66213],
          [-123.85094, 43.68321],
          [-123.85724, 43.70429],
          [-123.85435, 43.71246],
          [-123.84897, 43.72764],
          [-123.85527, 43.74871],
          [-123.85209, 43.77126],
          [-123.85329, 43.79313],
          [-123.85039, 43.80129],
          [-123.845, 43.81646],
          [-123.85131, 43.83752],
          [-123.84813, 43.86006],
          [-123.84933, 43.88191],
          [-123.84643, 43.89007],
          [-123.83154, 43.90671],
          [-123.83274, 43.92855],
          [-123.82983, 43.93671],
          [-123.82443, 43.95187],
          [-123.81613, 43.97518],
          [-123.82244, 43.99622],
          [-123.81953, 44.00438],
          [-123.81413, 44.01953],
          [-123.81093, 44.04203],
          [-123.81212, 44.06386],
          [-123.80921, 44.07201],
          [-123.8038, 44.08715],
          [-123.81012, 44.10818],
          [-123.8018, 44.13146],
          [-123.80811, 44.15248],
          [-123.8052, 44.16063],
          [-123.79979, 44.17576],
          [-123.79658, 44.19825],
          [-123.79777, 44.22005],
          [-123.79486, 44.22819],
          [-123.77991, 44.24479],
          [-123.77186, 44.25372],
          [-123.76643, 44.26885],
          [-123.76322, 44.29132],
          [-123.76441, 44.3131],
          [-123.76148, 44.32124],
          [-123.75605, 44.33636],
          [-123.75283, 44.35882],
          [-123.75402, 44.38059],
          [-123.76034, 44.40158],
          [-123.76667, 44.42256],
          [-123.76374, 44.43069],
          [-123.75831, 44.4458],
          [-123.76464, 44.46677],
          [-123.75627, 44.49],
          [-123.75929, 44.5]
        ]
      }
    },
    {
      "type": "Feature",
      "id": "2026082418_f042_09000_002",
      "properties": {
        "product_id": "winter_storm_levels",
        "source_id": "nbm_snow_level",
        "parameter": "snow_level",
        "definition": "height of the wet-bulb 0.5 degree C surface",
        "level_ft_msl": 9000,
        "label": "9,000 ft MSL",
        "unit": "ft_msl",
        "cycle_time_utc": "2026-08-24T18:00:00Z",
        "valid_time_utc": "2026-08-26T12:00:00Z",
        "lead_hours": 42,
        "segment": 2,
        "length_m": 83649.8
      },
      "geometry": {
        "type": "LineString",
        "coordinates": [
          [-130, 39.51125],
          [-129.98754, 39.51379],
          [-129.95986, 39.51942],
          [-129.93219, 39.52505],
          [-129.90451, 39.53067],
          [-129.87683, 39.53629],
          [-129.84914, 39.54191],
          [-129.82146, 39.54752],
          [-129.79377, 39.55312],
          [-129.76607, 39.55872],
          [-129.75279, 39.57624],
          [-129.74563, 39.58567],
          [-129.71793, 39.59126],
          [-129.70463, 39.60877],
          [-129.69747, 39.6182],
          [-129.69918, 39.63268],
          [-129.70182, 39.65496],
          [-129.70755, 39.67661],
          [-129.71481, 39.69795],
          [-129.72207, 39.71929],
          [-129.72934, 39.74063],
          [-129.73432, 39.76242],
          [-129.75176, 39.77771],
          [-129.76275, 39.77949],
          [-129.78206, 39.79839],
          [-129.79044, 39.80411],
          [-129.80611, 39.79354],
          [-129.81328, 39.78412],
          [-129.82658, 39.76661],
          [-129.83374, 39.75719],
          [-129.86148, 39.75158],
          [-129.87477, 39.73407],
          [-129.88192, 39.72464],
          [-129.90965, 39.71903],
          [-129.92293, 39.70151],
          [-129.93007, 39.69208],
          [-129.94334, 39.67456],
          [-129.95048, 39.66512],
          [-129.96375, 39.6476],
          [-129.97089, 39.63816],
          [-129.98414, 39.62063],
          [-129.99128, 39.61119],
          [-130, 39.59965]
        ]
      }
    },
    {
      "type": "Feature",
      "id": "2026082418_f042_09000_003",
      "properties": {
        "product_id": "winter_storm_levels",
        "source_id": "nbm_snow_level",
        "parameter": "snow_level",
        "definition": "height of the wet-bulb 0.5 degree C surface",
        "level_ft_msl": 9000,
        "label": "9,000 ft MSL",
        "unit": "ft_msl",
        "cycle_time_utc": "2026-08-24T18:00:00Z",
        "valid_time_utc": "2026-08-26T12:00:00Z",
        "lead_hours": 42,
        "segment": 3,
        "length_m": 796324.5
      },
      "geometry": {
        "type": "LineString",
        "coordinates": [
          [-130, 40.33067],
          [-129.98921, 40.32588],
          [-129.98185, 40.30462],
          [-129.97449, 40.28336],
          [-129.9516, 40.27318],
          [-129.92372, 40.27878],
          [-129.89584, 40.28439],
          [-129.88248, 40.30185],
          [-129.87529, 40.31125],
          [-129.8474, 40.31684],
          [-129.83403, 40.3343],
          [-129.82683, 40.3437],
          [-129.79893, 40.34928],
          [-129.78555, 40.36673],
          [-129.77834, 40.37613],
          [-129.76496, 40.39357],
          [-129.75775, 40.40297],
          [-129.74435, 40.42041],
          [-129.73714, 40.4298],
          [-129.72374, 40.44724],
          [-129.71652, 40.45663],
          [-129.68858, 40.46219],
          [-129.67517, 40.47962],
          [-129.66794, 40.48901],
          [-129.65452, 40.50644],
          [-129.6473, 40.51582],
          [-129.63387, 40.53324],
          [-129.62664, 40.54262],
          [-129.59867, 40.54817],
          [-129.58523, 40.56559],
          [-129.57799, 40.57496],
          [-129.56454, 40.59238],
          [-129.5573, 40.60175],
          [-129.54385, 40.61916],
          [-129.5366, 40.62853],
          [-129.52314, 40.64594],
          [-129.51589, 40.65531],
          [-129.48789, 40.66084],
          [-129.47442, 40.67824],
          [-129.46716, 40.6876],
          [-129.45368, 40.705],
          [-129.44642, 40.71436],
          [-129.4184, 40.71988],
          [-129.4049, 40.73726],
          [-129.39764, 40.74663],
          [-129.37196, 40.75903],
          [-129.3561, 40.76951],
          [-129.34882, 40.77887],
          [-129.33531, 40.79625],
          [-129.32803, 40.8056],
          [-129.31451, 40.82298],
          [-129.30723, 40.83233],
          [-129.29371, 40.8497],
          [-129.28642, 40.85905],
          [-129.25835, 40.86453],
          [-129.24481, 40.8819],
          [-129.23752, 40.89124],
          [-129.22397, 40.9086],
          [-129.21668, 40.91795],
          [-129.20312, 40.9353],
          [-129.19583, 40.94465],
          [-129.18227, 40.962],
          [-129.17496, 40.97134],
          [-129.1492, 40.9837],
          [-129.13328, 40.99414],
          [-129.12597, 41.00348],
          [-129.1002, 41.01583],
          [-129.08427, 41.02627],
          [-129.07695, 41.03561],
          [-129.04882, 41.04105],
          [-129.03522, 41.05838],
          [-129.0279, 41.06771],
          [-129.01429, 41.08504],
          [-129.00696, 41.09437],
          [-128.99335, 41.11169],
          [-128.98602, 41.12102],
          [-128.9724, 41.13833],
          [-128.96507, 41.14766],
          [-128.9369, 41.15308],
          [-128.92327, 41.17039],
          [-128.91593, 41.17971],
          [-128.88775, 41.18513],
          [-128.85956, 41.19054],
          [-128.84591, 41.20784],
          [-128.83856, 41.21716],
          [-128.81037, 41.22256],
          [-128.7967, 41.23986],
          [-128.78935, 41.24917],
          [-128.77568, 41.26646],
          [-128.76831, 41.27577],
          [-128.75464, 41.29306],
          [-128.74727, 41.30236],
          [-128.73359, 41.31965],
          [-128.72622, 41.32895],
          [-128.71253, 41.34623],
          [-128.70515, 41.35553],
          [-128.69146, 41.37281],
          [-128.68408, 41.38211],
          [-128.65583, 41.38748],
          [-128.64212, 41.40475],
          [-128.63474, 41.41404],
          [-128.60648, 41.41941],
          [-128.59275, 41.43667],
          [-128.58536, 41.44596],
          [-128.55709, 41.45132],
          [-128.54335, 41.46858],
          [-128.53596, 41.47786],
          [-128.50767, 41.48321],
          [-128.49392, 41.50046],
          [-128.48652, 41.50975],
          [-128.45822, 41.51509],
          [-128.44446, 41.53233],
          [-128.43705, 41.54161],
          [-128.42328, 41.55884],
          [-128.41587, 41.56812],
          [-128.38755, 41.57345],
          [-128.37377, 41.59068],
          [-128.36635, 41.59996],
          [-128.33802, 41.60527],
          [-128.32423, 41.6225],
          [-128.3168, 41.63177],
          [-128.28846, 41.63708],
          [-128.27466, 41.65429],
          [-128.26722, 41.66356],
          [-128.23887, 41.66886],
          [-128.22505, 41.68607],
          [-128.21761, 41.69534],
          [-128.18925, 41.70063],
          [-128.16088, 41.70592],
          [-128.14705, 41.72312],
          [-128.13959, 41.73238],
          [-128.11122, 41.73765],
          [-128.08284, 41.74293],
          [-128.05446, 41.7482],
          [-128.02608, 41.75346],
          [-127.99769, 41.75873],
          [-127.9693, 41.76398],
          [-127.94091, 41.76923],
          [-127.91251, 41.77448],
          [-127.89862, 41.79165],
          [-127.89114, 41.8009],
          [-127.86273, 41.80614],
          [-127.83432, 41.81137],
          [-127.80591, 41.8166],
          [-127.77977, 41.82871],
          [-127.75135, 41.83393],
          [-127.72293, 41.83914],
          [-127.6945, 41.84435],
          [-127.6638, 41.84268],
          [-127.63537, 41.84788],
          [-127.60694, 41.85307],
          [-127.58077, 41.86515],
          [-127.55232, 41.87034],
          [-127.5361, 41.88059],
          [-127.52736, 41.88611],
          [-127.49891, 41.89129],
          [-127.47046, 41.89646],
          [-127.44322, 41.90534],
          [-127.41476, 41.91051],
          [-127.38855, 41.92255],
          [-127.3723, 41.93279],
          [-127.36354, 41.9383],
          [-127.33628, 41.94715],
          [-127.30781, 41.9523],
          [-127.29379, 41.96941],
          [-127.28624, 41.97862],
          [-127.25775, 41.98376],
          [-127.22926, 41.98889],
          [-127.20077, 41.99402],
          [-127.17227, 41.99915],
          [-127.14377, 42.00427],
          [-127.13138, 41.99865],
          [-127.10839, 41.9882],
          [-127.09601, 41.98258],
          [-127.07302, 41.97213],
          [-127.04452, 41.97723],
          [-127.01602, 41.98234],
          [-126.98751, 41.98743],
          [-126.95901, 41.99252],
          [-126.94664, 41.98689],
          [-126.92366, 41.97642],
          [-126.89515, 41.9815],
          [-126.86664, 41.98658],
          [-126.83813, 41.99165],
          [-126.82403, 42.00872],
          [-126.81524, 42.0142],
          [-126.78672, 42.01927],
          [-126.75939, 42.02803],
          [-126.73086, 42.03309],
          [-126.70453, 42.04503],
          [-126.676, 42.05007],
          [-126.64746, 42.05511],
          [-126.61892, 42.06015],
          [-126.59037, 42.06518],
          [-126.56182, 42.07021],
          [-126.54547, 42.08036],
          [-126.53784, 42.08954],
          [-126.50928, 42.09455],
          [-126.49511, 42.11159],
          [-126.48748, 42.12076],
          [-126.4733, 42.13779],
          [-126.46566, 42.14696],
          [-126.45147, 42.16398],
          [-126.44383, 42.17315],
          [-126.42964, 42.19017],
          [-126.42199, 42.19933],
          [-126.3934, 42.20433],
          [-126.37919, 42.22134],
          [-126.37154, 42.2305],
          [-126.34293, 42.23549],
          [-126.32871, 42.2525],
          [-126.32106, 42.26165],
          [-126.29244, 42.26663],
          [-126.27821, 42.28363],
          [-126.27054, 42.29279],
          [-126.24191, 42.29776],
          [-126.21328, 42.30272],
          [-126.19903, 42.31971],
          [-126.19135, 42.32886],
          [-126.17709, 42.34584],
          [-126.1838, 42.36702],
          [-126.17612, 42.37616],
          [-126.16185, 42.39314],
          [-126.15417, 42.40228],
          [-126.13989, 42.41926],
          [-126.1322, 42.4284],
          [-126.11792, 42.44537],
          [-126.11023, 42.4545],
          [-126.08154, 42.45944],
          [-126.06725, 42.47641],
          [-126.07394, 42.49757],
          [-126.06624, 42.5067],
          [-126.05193, 42.52366],
          [-126.04423, 42.53279],
          [-126.02992, 42.54974],
          [-126.03661, 42.57089],
          [-126.0289, 42.58002],
          [-126.01457, 42.59697],
          [-126.02126, 42.61811],
          [-126.01355, 42.62723],
          [-125.99922, 42.64418],
          [-126.00591, 42.66532],
          [-125.99819, 42.67444],
          [-125.99319, 42.68977],
          [-125.99054, 42.71251],
          [-125.99723, 42.73364],
          [-125.99889, 42.75563],
          [-125.9962, 42.76388],
          [-125.9912, 42.77921],
          [-125.9979, 42.80033],
          [-125.99524, 42.82305],
          [-126.00194, 42.84417],
          [-126.00864, 42.86528],
          [-126.00091, 42.87439],
          [-125.98654, 42.89131],
          [-125.99324, 42.91241],
          [-125.9855, 42.92152],
          [-125.97112, 42.93843],
          [-125.97783, 42.95953],
          [-125.97008, 42.96863],
          [-125.95569, 42.98554],
          [-125.9624, 43.00663],
          [-125.95465, 43.01573],
          [-125.94025, 43.03263],
          [-125.94695, 43.05372],
          [-125.9392, 43.06282],
          [-125.92479, 43.07971],
          [-125.91703, 43.0888],
          [-125.90261, 43.10569],
          [-125.90932, 43.12677],
          [-125.90155, 43.13586],
          [-125.88713, 43.15274],
          [-125.87936, 43.16183],
          [-125.86492, 43.17871],
          [-125.85715, 43.18779],
          [-125.82824, 43.19267],
          [-125.81579, 43.187],
          [-125.79265, 43.17647],
          [-125.76374, 43.18134],
          [-125.75129, 43.17566],
          [-125.72817, 43.16512],
          [-125.69926, 43.16998],
          [-125.68681, 43.1643],
          [-125.6637, 43.15375],
          [-125.64923, 43.17061],
          [-125.64144, 43.17969],
          [-125.62696, 43.19654],
          [-125.61916, 43.20561],
          [-125.61408, 43.22089],
          [-125.61133, 43.24354],
          [-125.60352, 43.25262],
          [-125.59844, 43.26789],
          [-125.59061, 43.29138],
          [-125.59726, 43.31245],
          [-125.59452, 43.32067],
          [-125.58943, 43.33594],
          [-125.58956, 43.35809],
          [-125.58655, 43.38076],
          [-125.5855, 43.3887],
          [-125.5804, 43.40395],
          [-125.57087, 43.42771],
          [-125.56865, 43.43195],
          [-125.55819, 43.45198],
          [-125.54963, 43.46836],
          [-125.5455, 43.47625],
          [-125.54901, 43.49782],
          [-125.54913, 43.51994],
          [-125.54611, 43.54259],
          [-125.54505, 43.55052],
          [-125.54309, 43.56524],
          [-125.54659, 43.5868],
          [-125.53873, 43.61024],
          [-125.54369, 43.63155],
          [-125.54263, 43.63947],
          [-125.53752, 43.6547],
          [-125.53473, 43.67729],
          [-125.5363, 43.69916],
          [-125.54127, 43.72045],
          [-125.54021, 43.72837],
          [-125.53509, 43.74359],
          [-125.5323, 43.76617],
          [-125.53387, 43.78802],
          [-125.53112, 43.79622],
          [-125.51653, 43.813],
          [-125.50867, 43.82203],
          [-125.49408, 43.83881],
          [-125.50074, 43.85981],
          [-125.49288, 43.86884],
          [-125.47828, 43.88561],
          [-125.48494, 43.9066],
          [-125.49161, 43.92759],
          [-125.48374, 43.93662],
          [-125.4546, 43.94141],
          [-125.43998, 43.95817],
          [-125.44664, 43.97916],
          [-125.4533, 44.00014],
          [-125.47659, 44.01066],
          [-125.48913, 44.01632],
          [-125.48126, 44.02534],
          [-125.46663, 44.04209],
          [-125.4733, 44.06307],
          [-125.47998, 44.08404],
          [-125.48665, 44.105],
          [-125.49333, 44.12597],
          [-125.50002, 44.14693],
          [-125.49213, 44.15594],
          [-125.47749, 44.17268],
          [-125.48417, 44.19363],
          [-125.47628, 44.20264],
          [-125.46162, 44.21937],
          [-125.46831, 44.24032],
          [-125.47499, 44.26126],
          [-125.4671, 44.27027],
          [-125.45243, 44.28699],
          [-125.45911, 44.30793],
          [-125.4658, 44.32887],
          [-125.4579, 44.33787],
          [-125.44531, 44.33222],
          [-125.42195, 44.32172],
          [-125.40937, 44.31606],
          [-125.40269, 44.29512],
          [-125.39602, 44.27418],
          [-125.38935, 44.25323],
          [-125.39726, 44.24423],
          [-125.41193, 44.2275],
          [-125.40526, 44.20655],
          [-125.39859, 44.1856],
          [-125.39193, 44.16464],
          [-125.38527, 44.14368],
          [-125.37861, 44.12271],
          [-125.3553, 44.11219],
          [-125.34275, 44.10652],
          [-125.33611, 44.08555],
          [-125.32946, 44.06458],
          [-125.32282, 44.0436],
          [-125.29954, 44.03306],
          [-125.27035, 44.03783],
          [-125.25569, 44.05456],
          [-125.24779, 44.06357],
          [-125.23311, 44.0803],
          [-125.23974, 44.10128],
          [-125.23183, 44.11028],
          [-125.21715, 44.127],
          [-125.22377, 44.14797],
          [-125.21586, 44.15698],
          [-125.21067, 44.17215],
          [-125.20779, 44.19465],
          [-125.21442, 44.21561],
          [-125.2065, 44.22461],
          [-125.2013, 44.23978],
          [-125.19842, 44.26227],
          [-125.20505, 44.28323],
          [-125.21168, 44.30417],
          [-125.20376, 44.31317],
          [-125.19855, 44.32832],
          [-125.19567, 44.35081],
          [-125.19718, 44.37257],
          [-125.19437, 44.38073],
          [-125.18916, 44.39588],
          [-125.18628, 44.41835],
          [-125.19291, 44.43928],
          [-125.19442, 44.46104],
          [-125.19161, 44.46919],
          [-125.1864, 44.48433],
          [-125.18438, 44.5]
        ]
      }
    },
    {
      "type": "Feature",
      "id": "2026082418_f042_10000_001",
      "properties": {
        "product_id": "winter_storm_levels",
        "source_id": "nbm_snow_level",
        "parameter": "snow_level",
        "definition": "height of the wet-bulb 0.5 degree C surface",
        "level_ft_msl": 10000,
        "label": "10,000 ft MSL",
        "unit": "ft_msl",
        "cycle_time_utc": "2026-08-24T18:00:00Z",
        "valid_time_utc": "2026-08-26T12:00:00Z",
        "lead_hours": 42,
        "segment": 1,
        "length_m": 72374.7
      },
      "geometry": {
        "type": "LineString",
        "coordinates": [
          [-122.01401, 41.50375],
          [-121.99688, 41.52305],
          [-121.99118, 41.52949],
          [-121.99695, 41.5509],
          [-121.97982, 41.5702],
          [-121.9741, 41.57663],
          [-121.95696, 41.59593],
          [-121.92833, 41.60024],
          [-121.92262, 41.60667],
          [-121.90546, 41.62595],
          [-121.89974, 41.63238],
          [-121.88257, 41.65166],
          [-121.87685, 41.65809],
          [-121.85968, 41.67737],
          [-121.83102, 41.68166],
          [-121.80236, 41.68595],
          [-121.77657, 41.67311],
          [-121.76797, 41.66883],
          [-121.74218, 41.65599],
          [-121.73358, 41.6517],
          [-121.7078, 41.63885],
          [-121.725, 41.61958],
          [-121.73073, 41.61316],
          [-121.74792, 41.59389],
          [-121.77655, 41.58961],
          [-121.80519, 41.58532],
          [-121.81091, 41.57889],
          [-121.82808, 41.55961],
          [-121.8338, 41.55318],
          [-121.85095, 41.53389],
          [-121.87957, 41.52959],
          [-121.88528, 41.52316],
          [-121.90243, 41.50387],
          [-121.93103, 41.49956],
          [-121.95963, 41.49524],
          [-121.98823, 41.49092],
          [-122.01401, 41.50375]
        ]
      }
    },
    {
      "type": "Feature",
      "id": "2026082418_f042_10000_002",
      "properties": {
        "product_id": "winter_storm_levels",
        "source_id": "nbm_snow_level",
        "parameter": "snow_level",
        "definition": "height of the wet-bulb 0.5 degree C surface",
        "level_ft_msl": 10000,
        "label": "10,000 ft MSL",
        "unit": "ft_msl",
        "cycle_time_utc": "2026-08-24T18:00:00Z",
        "valid_time_utc": "2026-08-26T12:00:00Z",
        "lead_hours": 42,
        "segment": 2,
        "length_m": 1699815.3
      },
      "geometry": {
        "type": "LineString",
        "coordinates": [
          [-130, 33.40462],
          [-129.9951, 33.4057],
          [-129.98065, 33.4264],
          [-129.97584, 33.4333],
          [-129.94967, 33.43906],
          [-129.92349, 33.44482],
          [-129.90903, 33.46551],
          [-129.90421, 33.47241],
          [-129.88974, 33.4931],
          [-129.88492, 33.5],
          [-129.85873, 33.50575],
          [-129.84425, 33.52643],
          [-129.83942, 33.53333],
          [-129.81322, 33.53906],
          [-129.79872, 33.55974],
          [-129.79389, 33.56663],
          [-129.77939, 33.58731],
          [-129.77455, 33.5942],
          [-129.74834, 33.59993],
          [-129.73382, 33.6206],
          [-129.72898, 33.62749],
          [-129.70275, 33.6332],
          [-129.68823, 33.65387],
          [-129.68338, 33.66076],
          [-129.66885, 33.68142],
          [-129.66401, 33.6883],
          [-129.64947, 33.70896],
          [-129.64462, 33.71585],
          [-129.63007, 33.7365],
          [-129.62522, 33.74339],
          [-129.59896, 33.74909],
          [-129.5844, 33.76973],
          [-129.57954, 33.77662],
          [-129.56498, 33.79726],
          [-129.56012, 33.80414],
          [-129.53384, 33.80983],
          [-129.51926, 33.83047],
          [-129.5144, 33.83735],
          [-129.49981, 33.85798],
          [-129.49495, 33.86486],
          [-129.46865, 33.87054],
          [-129.45405, 33.89117],
          [-129.44919, 33.89804],
          [-129.42288, 33.90371],
          [-129.40827, 33.92434],
          [-129.4034, 33.93121],
          [-129.38878, 33.95183],
          [-129.3839, 33.9587],
          [-129.35758, 33.96436],
          [-129.34295, 33.98497],
          [-129.33807, 33.99184],
          [-129.31174, 33.99749],
          [-129.29709, 34.0181],
          [-129.29221, 34.02497],
          [-129.27756, 34.04558],
          [-129.27267, 34.05244],
          [-129.24632, 34.05808],
          [-129.23165, 34.07868],
          [-129.22676, 34.08554],
          [-129.2004, 34.09117],
          [-129.18573, 34.11177],
          [-129.18083, 34.11863],
          [-129.15446, 34.12425],
          [-129.13977, 34.14484],
          [-129.13487, 34.1517],
          [-129.10849, 34.15731],
          [-129.09379, 34.17789],
          [-129.08889, 34.18475],
          [-129.0625, 34.19036],
          [-129.04778, 34.21093],
          [-129.04287, 34.21779],
          [-129.01647, 34.22339],
          [-129.00174, 34.24396],
          [-128.99683, 34.25081],
          [-128.97042, 34.2564],
          [-128.95568, 34.27696],
          [-128.95077, 34.28382],
          [-128.92434, 34.2894],
          [-128.90959, 34.30995],
          [-128.90467, 34.31681],
          [-128.87824, 34.32238],
          [-128.86347, 34.34293],
          [-128.85855, 34.34978],
          [-128.83211, 34.35534],
          [-128.81733, 34.37589],
          [-128.8124, 34.38273],
          [-128.78595, 34.38829],
          [-128.77116, 34.40883],
          [-128.76538, 34.41295],
          [-128.73976, 34.42122],
          [-128.7133, 34.42677],
          [-128.69849, 34.4473],
          [-128.69355, 34.45414],
          [-128.66708, 34.45968],
          [-128.65225, 34.4802],
          [-128.64731, 34.48704],
          [-128.62334, 34.50076],
          [-128.60599, 34.51309],
          [-128.60104, 34.51992],
          [-128.5862, 34.54044],
          [-128.58041, 34.54454],
          [-128.55474, 34.55279],
          [-128.53075, 34.56649],
          [-128.51338, 34.57881],
          [-128.50842, 34.58564],
          [-128.48442, 34.59933],
          [-128.46703, 34.61164],
          [-128.46207, 34.61848],
          [-128.43805, 34.63216],
          [-128.4173, 34.62195],
          [-128.40485, 34.61582],
          [-128.37499, 34.6104],
          [-128.36753, 34.60904],
          [-128.34264, 34.59678],
          [-128.31861, 34.61044],
          [-128.30121, 34.62274],
          [-128.29624, 34.62956],
          [-128.28132, 34.65004],
          [-128.27552, 34.65414],
          [-128.2523, 34.67052],
          [-128.23488, 34.6828],
          [-128.22907, 34.6869],
          [-128.20584, 34.70327],
          [-128.18841, 34.71555],
          [-128.1826, 34.71964],
          [-128.15935, 34.73601],
          [-128.14191, 34.74828],
          [-128.13692, 34.7551],
          [-128.11283, 34.76873],
          [-128.09538, 34.781],
          [-128.09039, 34.78781],
          [-128.06629, 34.80144],
          [-128.04883, 34.8137],
          [-128.04384, 34.82051],
          [-128.01972, 34.83412],
          [-128.00225, 34.84638],
          [-127.99643, 34.85046],
          [-127.97065, 34.85861],
          [-127.94652, 34.87221],
          [-127.92903, 34.88445],
          [-127.9232, 34.88853],
          [-127.89988, 34.90486],
          [-127.88239, 34.91709],
          [-127.87738, 34.9239],
          [-127.85322, 34.93749],
          [-127.83571, 34.94972],
          [-127.82988, 34.95379],
          [-127.80407, 34.96191],
          [-127.77989, 34.97548],
          [-127.76237, 34.98771],
          [-127.75653, 34.99178],
          [-127.7307, 34.99989],
          [-127.70651, 35.01345],
          [-127.68898, 35.02566],
          [-127.68395, 35.03246],
          [-127.65975, 35.04601],
          [-127.6422, 35.05822],
          [-127.63635, 35.06229],
          [-127.6105, 35.07037],
          [-127.5954, 35.09076],
          [-127.58955, 35.09483],
          [-127.56368, 35.1029],
          [-127.54857, 35.12328],
          [-127.54272, 35.12735],
          [-127.51684, 35.13542],
          [-127.50171, 35.15579],
          [-127.49586, 35.15985],
          [-127.46997, 35.16792],
          [-127.45483, 35.18828],
          [-127.44978, 35.19507],
          [-127.42307, 35.2004],
          [-127.40792, 35.22076],
          [-127.40287, 35.22754],
          [-127.37858, 35.24105],
          [-127.36098, 35.25322],
          [-127.35592, 35.26],
          [-127.34075, 35.28035],
          [-127.33488, 35.28441],
          [-127.31139, 35.30062],
          [-127.29376, 35.31278],
          [-127.2887, 35.31956],
          [-127.26438, 35.33305],
          [-127.24675, 35.3452],
          [-127.24168, 35.35198],
          [-127.22648, 35.37231],
          [-127.22141, 35.37909],
          [-127.19464, 35.38437],
          [-127.17942, 35.4047],
          [-127.17435, 35.41148],
          [-127.14757, 35.41675],
          [-127.13234, 35.43708],
          [-127.12726, 35.44385],
          [-127.10047, 35.44912],
          [-127.08522, 35.46943],
          [-127.08014, 35.4762],
          [-127.06489, 35.49652],
          [-127.0598, 35.50328],
          [-127.033, 35.50854],
          [-127.01773, 35.52885],
          [-127.01264, 35.53561],
          [-126.98582, 35.54086],
          [-126.97054, 35.56116],
          [-126.96545, 35.56793],
          [-126.95016, 35.58822],
          [-126.94507, 35.59498],
          [-126.91823, 35.60022],
          [-126.90293, 35.62051],
          [-126.89783, 35.62727],
          [-126.87099, 35.6325],
          [-126.85567, 35.65278],
          [-126.85057, 35.65954],
          [-126.83525, 35.67982],
          [-126.83014, 35.68658],
          [-126.80328, 35.69179],
          [-126.78794, 35.71206],
          [-126.78283, 35.71882],
          [-126.75596, 35.72403],
          [-126.74061, 35.74429],
          [-126.7355, 35.75104],
          [-126.71102, 35.76442],
          [-126.69325, 35.7765],
          [-126.68813, 35.78325],
          [-126.67276, 35.80351],
          [-126.66684, 35.80753],
          [-126.64074, 35.81545],
          [-126.62536, 35.83569],
          [-126.61943, 35.83972],
          [-126.59332, 35.84762],
          [-126.57793, 35.86786],
          [-126.5728, 35.87461],
          [-126.54588, 35.87978],
          [-126.53047, 35.90001],
          [-126.52454, 35.90403],
          [-126.4984, 35.91192],
          [-126.47147, 35.91708],
          [-126.45605, 35.9373],
          [-126.4509, 35.94404],
          [-126.43547, 35.96426],
          [-126.43032, 35.971],
          [-126.40337, 35.97615],
          [-126.38792, 35.99636],
          [-126.38198, 36.00038],
          [-126.35581, 36.00824],
          [-126.33123, 36.02155],
          [-126.31339, 36.03358],
          [-126.30823, 36.04031],
          [-126.28126, 36.04544],
          [-126.26578, 36.06564],
          [-126.26062, 36.07237],
          [-126.23363, 36.07748],
          [-126.21814, 36.09768],
          [-126.21298, 36.10441],
          [-126.19747, 36.12459],
          [-126.19152, 36.1286],
          [-126.16531, 36.13643],
          [-126.14979, 36.15661],
          [-126.14462, 36.16333],
          [-126.11998, 36.17661],
          [-126.10208, 36.1886],
          [-126.0969, 36.19533],
          [-126.08137, 36.2155],
          [-126.0754, 36.21949],
          [-126.04916, 36.2273],
          [-126.03361, 36.24747],
          [-126.02764, 36.25146],
          [-126.00139, 36.25926],
          [-125.98583, 36.27942],
          [-125.98064, 36.28614],
          [-125.95595, 36.29938],
          [-125.93802, 36.31136],
          [-125.93282, 36.31807],
          [-125.90812, 36.33131],
          [-125.89018, 36.34327],
          [-125.88498, 36.34999],
          [-125.86026, 36.36321],
          [-125.84231, 36.37518],
          [-125.83711, 36.38189],
          [-125.81238, 36.39511],
          [-125.79441, 36.40706],
          [-125.78921, 36.41377],
          [-125.76447, 36.42698],
          [-125.74649, 36.43893],
          [-125.74128, 36.44563],
          [-125.72564, 36.46575],
          [-125.71965, 36.46973],
          [-125.69567, 36.48565],
          [-125.67767, 36.49759],
          [-125.67246, 36.50429],
          [-125.64768, 36.51748],
          [-125.62968, 36.52941],
          [-125.62445, 36.53611],
          [-125.59966, 36.54929],
          [-125.58165, 36.56122],
          [-125.57642, 36.56792],
          [-125.55162, 36.58109],
          [-125.5336, 36.59301],
          [-125.52837, 36.5997],
          [-125.51267, 36.61979],
          [-125.50743, 36.62648],
          [-125.48028, 36.63147],
          [-125.46457, 36.65155],
          [-125.45933, 36.65824],
          [-125.43217, 36.66322],
          [-125.41644, 36.68329],
          [-125.4112, 36.68998],
          [-125.38402, 36.69495],
          [-125.36828, 36.71502],
          [-125.36304, 36.72171],
          [-125.33585, 36.72667],
          [-125.3201, 36.74673],
          [-125.31485, 36.75341],
          [-125.28765, 36.75836],
          [-125.27189, 36.77842],
          [-125.26663, 36.7851],
          [-125.25086, 36.80515],
          [-125.2456, 36.81183],
          [-125.21839, 36.81677],
          [-125.2026, 36.83681],
          [-125.19734, 36.84349],
          [-125.18154, 36.86353],
          [-125.17628, 36.87021],
          [-125.16047, 36.89024],
          [-125.15521, 36.89692],
          [-125.12797, 36.90184],
          [-125.11215, 36.92187],
          [-125.10688, 36.92854],
          [-125.07963, 36.93346],
          [-125.0638, 36.95348],
          [-125.05852, 36.96015],
          [-125.04269, 36.98017],
          [-125.03741, 36.98684],
          [-125.01014, 36.99174],
          [-124.99429, 37.01175],
          [-124.989, 37.01842],
          [-124.97315, 37.03842],
          [-124.96786, 37.04509],
          [-124.95199, 37.06509],
          [-124.9467, 37.07176],
          [-124.91941, 37.07664],
          [-124.90353, 37.09664],
          [-124.89823, 37.1033],
          [-124.88235, 37.12329],
          [-124.87705, 37.12995],
          [-124.86115, 37.14994],
          [-124.85585, 37.1566],
          [-124.83995, 37.17658],
          [-124.83465, 37.18324],
          [-124.80732, 37.18811],
          [-124.79141, 37.20808],
          [-124.7861, 37.21474],
          [-124.77017, 37.23471],
          [-124.76486, 37.24136],
          [-124.74893, 37.26133],
          [-124.74362, 37.26798],
          [-124.72768, 37.28794],
          [-124.72236, 37.2946],
          [-124.69501, 37.29944],
          [-124.67905, 37.3194],
          [-124.67373, 37.32605],
          [-124.65777, 37.346],
          [-124.65245, 37.35265],
          [-124.63648, 37.3726],
          [-124.63115, 37.37924],
          [-124.61517, 37.39919],
          [-124.60985, 37.40583],
          [-124.58246, 37.41066],
          [-124.56646, 37.43059],
          [-124.56113, 37.43724],
          [-124.54513, 37.45717],
          [-124.5398, 37.46381],
          [-124.52379, 37.48374],
          [-124.51845, 37.49038],
          [-124.49104, 37.49519],
          [-124.47502, 37.51511],
          [-124.46967, 37.52175],
          [-124.45364, 37.54166],
          [-124.4483, 37.5483],
          [-124.43226, 37.56821],
          [-124.42692, 37.57485],
          [-124.41087, 37.59476],
          [-124.40552, 37.60139],
          [-124.38947, 37.62129],
          [-124.38412, 37.62793],
          [-124.35666, 37.63271],
          [-124.34059, 37.65261],
          [-124.33523, 37.65924],
          [-124.31916, 37.67913],
          [-124.3138, 37.68576],
          [-124.29772, 37.70565],
          [-124.29236, 37.71228],
          [-124.27627, 37.73216],
          [-124.2709, 37.73879],
          [-124.2548, 37.75867],
          [-124.24943, 37.76529],
          [-124.23333, 37.78517],
          [-124.22796, 37.79179],
          [-124.21184, 37.81166],
          [-124.20647, 37.81828],
          [-124.19035, 37.83815],
          [-124.18497, 37.84477],
          [-124.16884, 37.86463],
          [-124.16346, 37.87125],
          [-124.14733, 37.89111],
          [-124.14194, 37.89773],
          [-124.1258, 37.91758],
          [-124.12042, 37.9242],
          [-124.10426, 37.94405],
          [-124.09887, 37.95066],
          [-124.07132, 37.9554],
          [-124.05515, 37.97524],
          [-124.04976, 37.98185],
          [-124.03359, 38.00169],
          [-124.02819, 38.0083],
          [-124.01201, 38.02814],
          [-124.00661, 38.03475],
          [-123.99042, 38.05458],
          [-123.98502, 38.06118],
          [-123.96882, 38.08101],
          [-123.96342, 38.08762],
          [-123.94721, 38.10744],
          [-123.94181, 38.11404],
          [-123.92559, 38.13386],
          [-123.92018, 38.14046],
          [-123.90396, 38.16028],
          [-123.89855, 38.16688],
          [-123.88232, 38.18669],
          [-123.87691, 38.19329],
          [-123.86067, 38.21309],
          [-123.85525, 38.21969],
          [-123.839, 38.23949],
          [-123.83358, 38.24609],
          [-123.81733, 38.26589],
          [-123.81191, 38.27248],
          [-123.79564, 38.29227],
          [-123.79022, 38.29887],
          [-123.77395, 38.31866],
          [-123.76852, 38.32525],
          [-123.75224, 38.34503],
          [-123.74681, 38.35162],
          [-123.73052, 38.3714],
          [-123.72509, 38.37799],
          [-123.7088, 38.39777],
          [-123.71475, 38.41946],
          [-123.70932, 38.42605],
          [-123.69301, 38.44582],
          [-123.68757, 38.45241],
          [-123.67126, 38.47217],
          [-123.66582, 38.47876],
          [-123.64949, 38.49852],
          [-123.64405, 38.5051],
          [-123.62772, 38.52486],
          [-123.63366, 38.54654],
          [-123.62822, 38.55313],
          [-123.61187, 38.57287],
          [-123.60643, 38.57946],
          [-123.59008, 38.5992],
          [-123.58462, 38.60578],
          [-123.56827, 38.62552],
          [-123.56281, 38.6321],
          [-123.54645, 38.65184],
          [-123.54099, 38.65841],
          [-123.52461, 38.67814],
          [-123.51915, 38.68472],
          [-123.49139, 38.68935],
          [-123.475, 38.70907],
          [-123.46953, 38.71564],
          [-123.45314, 38.73536],
          [-123.44767, 38.74193],
          [-123.41988, 38.74655],
          [-123.40347, 38.76626],
          [-123.398, 38.77283],
          [-123.3702, 38.77743],
          [-123.35378, 38.79714],
          [-123.3483, 38.80371],
          [-123.33187, 38.8234],
          [-123.32639, 38.82997],
          [-123.30995, 38.84967],
          [-123.31584, 38.87133],
          [-123.31036, 38.8779],
          [-123.29391, 38.89758],
          [-123.28842, 38.90415],
          [-123.26059, 38.90873],
          [-123.24412, 38.92841],
          [-123.23863, 38.93497],
          [-123.21078, 38.93955],
          [-123.1943, 38.95922],
          [-123.18881, 38.96578],
          [-123.17232, 38.98545],
          [-123.16682, 38.99201],
          [-123.15033, 39.01167],
          [-123.14483, 39.01823],
          [-123.11695, 39.02279],
          [-123.10044, 39.04244],
          [-123.09494, 39.049],
          [-123.07842, 39.06865],
          [-123.08428, 39.0903],
          [-123.07877, 39.09685],
          [-123.06224, 39.1165],
          [-123.05673, 39.12305],
          [-123.0402, 39.14269],
          [-123.03468, 39.14924],
          [-123.01814, 39.16887],
          [-123.02399, 39.19052],
          [-123.01847, 39.19706],
          [-122.99055, 39.2016],
          [-122.97399, 39.22123],
          [-122.96846, 39.22777],
          [-122.95189, 39.24739],
          [-122.94637, 39.25394],
          [-122.91842, 39.25846],
          [-122.90184, 39.27807],
          [-122.89631, 39.28461],
          [-122.87972, 39.30423],
          [-122.87419, 39.31076],
          [-122.84622, 39.31527],
          [-122.82962, 39.33488],
          [-122.82408, 39.34141],
          [-122.7961, 39.34591],
          [-122.77948, 39.36551],
          [-122.77394, 39.37204],
          [-122.75731, 39.39164],
          [-122.76313, 39.41326],
          [-122.75758, 39.41979],
          [-122.74094, 39.43938],
          [-122.73539, 39.44591],
          [-122.71874, 39.46549],
          [-122.71319, 39.47202],
          [-122.68518, 39.4765],
          [-122.66852, 39.49607],
          [-122.66296, 39.5026],
          [-122.64629, 39.52217],
          [-122.64073, 39.52869],
          [-122.62405, 39.54826],
          [-122.61849, 39.55478],
          [-122.6018, 39.57434],
          [-122.59624, 39.58086],
          [-122.57954, 39.60041],
          [-122.57398, 39.60693],
          [-122.55727, 39.62648],
          [-122.5517, 39.633],
          [-122.53499, 39.65255],
          [-122.54077, 39.67416],
          [-122.5352, 39.68067],
          [-122.51848, 39.70021],
          [-122.5129, 39.70673],
          [-122.49617, 39.72626],
          [-122.49059, 39.73277],
          [-122.47385, 39.75231],
          [-122.46827, 39.75882],
          [-122.45152, 39.77834],
          [-122.44594, 39.78485],
          [-122.42918, 39.80437],
          [-122.43495, 39.82597],
          [-122.42936, 39.83248],
          [-122.41259, 39.85199],
          [-122.407, 39.8585],
          [-122.39023, 39.87801],
          [-122.38463, 39.88451],
          [-122.36785, 39.90402],
          [-122.36225, 39.91052],
          [-122.33411, 39.91494],
          [-122.31731, 39.93444],
          [-122.31171, 39.94094],
          [-122.2949, 39.96043],
          [-122.28929, 39.96693],
          [-122.27248, 39.98642],
          [-122.26687, 39.99291],
          [-122.25005, 40.0124],
          [-122.24444, 40.01889],
          [-122.22761, 40.03837],
          [-122.22199, 40.04487],
          [-122.21573, 40.0627],
          [-122.21089, 40.08592],
          [-122.20527, 40.09241],
          [-122.18842, 40.11188],
          [-122.19063, 40.134],
          [-122.18854, 40.13994],
          [-122.17168, 40.1594],
          [-122.16605, 40.16589],
          [-122.14918, 40.18535],
          [-122.14356, 40.19183],
          [-122.12668, 40.21129],
          [-122.1324, 40.23285],
          [-122.12678, 40.23933],
          [-122.10989, 40.25878],
          [-122.10425, 40.26526],
          [-122.08736, 40.28471],
          [-122.08172, 40.29119],
          [-122.06481, 40.31063],
          [-122.07053, 40.33218],
          [-122.0649, 40.33866],
          [-122.04798, 40.35809],
          [-122.04234, 40.36457],
          [-122.02541, 40.38399],
          [-122.01977, 40.39047],
          [-122.01344, 40.40826],
          [-122.00854, 40.43143],
          [-122.0029, 40.43791],
          [-121.98595, 40.45732],
          [-121.99166, 40.47886],
          [-121.98601, 40.48533],
          [-121.96905, 40.50474],
          [-121.9634, 40.51121],
          [-121.94644, 40.53062],
          [-121.95214, 40.55215],
          [-121.94649, 40.55862],
          [-121.92951, 40.57802],
          [-121.93522, 40.59954],
          [-121.92955, 40.60601],
          [-121.91257, 40.6254],
          [-121.91827, 40.64692],
          [-121.91261, 40.65339],
          [-121.89561, 40.67277],
          [-121.90131, 40.69429],
          [-121.89565, 40.70075],
          [-121.88928, 40.71851],
          [-121.88434, 40.74164],
          [-121.8865, 40.76369],
          [-121.88437, 40.76961],
          [-121.86735, 40.78898],
          [-121.86167, 40.79544],
          [-121.84464, 40.8148],
          [-121.85034, 40.83631],
          [-121.85605, 40.85781],
          [-121.85037, 40.86426],
          [-121.83332, 40.88362],
          [-121.83903, 40.90512],
          [-121.84118, 40.92715],
          [-121.83905, 40.93306],
          [-121.82199, 40.95241],
          [-121.82769, 40.9739],
          [-121.82984, 40.99592],
          [-121.82771, 41.00183],
          [-121.81064, 41.02117],
          [-121.81635, 41.04265],
          [-121.82206, 41.06413],
          [-121.82777, 41.08561],
          [-121.82207, 41.09205],
          [-121.80498, 41.11138],
          [-121.81069, 41.13285],
          [-121.81641, 41.15432],
          [-121.81071, 41.16076],
          [-121.7936, 41.18009],
          [-121.79932, 41.20155],
          [-121.79361, 41.20799],
          [-121.7765, 41.22731],
          [-121.80218, 41.24018],
          [-121.81075, 41.24447],
          [-121.81647, 41.26592],
          [-121.84217, 41.27878],
          [-121.87071, 41.27448],
          [-121.87928, 41.27876],
          [-121.90499, 41.29162],
          [-121.91356, 41.2959],
          [-121.9193, 41.31735],
          [-121.92505, 41.33879],
          [-121.95078, 41.35163],
          [-121.95936, 41.35591],
          [-121.9851, 41.36875],
          [-121.99368, 41.37302],
          [-122.01943, 41.38585],
          [-122.04799, 41.38152],
          [-122.07656, 41.37719],
          [-122.09364, 41.35786],
          [-122.09933, 41.35141],
          [-122.1164, 41.33208],
          [-122.12209, 41.32563],
          [-122.15064, 41.32128],
          [-122.17918, 41.31693],
          [-122.20772, 41.31257],
          [-122.2163, 41.31684],
          [-122.23282, 41.33664],
          [-122.24788, 41.35107],
          [-122.2529, 41.35589],
          [-122.25753, 41.37749],
          [-122.26335, 41.39892],
          [-122.26243, 41.40464],
          [-122.26144, 41.42152],
          [-122.25595, 41.44467],
          [-122.24769, 41.45988],
          [-122.24272, 41.469],
          [-122.23902, 41.49186],
          [-122.23531, 41.51473],
          [-122.23438, 41.52045],
          [-122.22803, 41.53814],
          [-122.21955, 41.56172],
          [-122.21743, 41.56762],
          [-122.21106, 41.5853],
          [-122.21689, 41.6067],
          [-122.21198, 41.62974],
          [-122.2178, 41.65113],
          [-122.22363, 41.67252],
          [-122.22946, 41.69391],
          [-122.23529, 41.7153],
          [-122.24113, 41.73669],
          [-122.267, 41.74945],
          [-122.29566, 41.74509],
          [-122.32431, 41.74073],
          [-122.34141, 41.72141],
          [-122.34711, 41.71498],
          [-122.36419, 41.69566],
          [-122.36989, 41.68922],
          [-122.38697, 41.66989],
          [-122.39266, 41.66345],
          [-122.40128, 41.6677],
          [-122.42716, 41.68045],
          [-122.45579, 41.67607],
          [-122.46441, 41.68031],
          [-122.4903, 41.69305],
          [-122.49893, 41.6973],
          [-122.52482, 41.71003],
          [-122.55346, 41.70563],
          [-122.56209, 41.70987],
          [-122.588, 41.7226],
          [-122.61663, 41.71819],
          [-122.62527, 41.72243],
          [-122.65119, 41.73514],
          [-122.65983, 41.73938],
          [-122.66576, 41.76075],
          [-122.66008, 41.76719],
          [-122.64303, 41.78653],
          [-122.64896, 41.80789],
          [-122.65489, 41.82925],
          [-122.68084, 41.84196],
          [-122.68949, 41.84619],
          [-122.69543, 41.86754],
          [-122.70137, 41.88889],
          [-122.72734, 41.90159],
          [-122.736, 41.90582],
          [-122.74195, 41.92716],
          [-122.76793, 41.93984],
          [-122.7766, 41.94407],
          [-122.80259, 41.95675],
          [-122.81125, 41.96097],
          [-122.83726, 41.97364],
          [-122.86595, 41.9692],
          [-122.87462, 41.97342],
          [-122.88061, 41.99475],
          [-122.90663, 42.00741],
          [-122.9153, 42.01163],
          [-122.9213, 42.03296],
          [-122.9273, 42.05428],
          [-122.92162, 42.06072],
          [-122.90458, 42.08005],
          [-122.91057, 42.10137],
          [-122.91658, 42.12269],
          [-122.92258, 42.144],
          [-122.92858, 42.16531],
          [-122.93459, 42.18661],
          [-122.96067, 42.19925],
          [-122.96936, 42.20346],
          [-122.97538, 42.22476],
          [-122.9814, 42.24606],
          [-122.98743, 42.26736],
          [-122.98174, 42.27379],
          [-122.96467, 42.2931],
          [-122.9707, 42.31439],
          [-122.97672, 42.33568],
          [-122.98275, 42.35696],
          [-122.97706, 42.3634],
          [-122.95998, 42.3827],
          [-122.96601, 42.40398],
          [-122.97204, 42.42525],
          [-122.97807, 42.44653],
          [-122.98411, 42.4678],
          [-122.99015, 42.48906],
          [-122.99619, 42.51033],
          [-123.00223, 42.53159],
          [-123.00828, 42.55284],
          [-123.01433, 42.5741],
          [-123.04051, 42.5867],
          [-123.04563, 42.59145],
          [-123.0553, 42.61214],
          [-123.06137, 42.63339],
          [-123.06743, 42.65463],
          [-123.06989, 42.67643],
          [-123.06779, 42.6823],
          [-123.06151, 42.6999],
          [-123.06758, 42.72113],
          [-123.06281, 42.74403],
          [-123.06888, 42.76526],
          [-123.06317, 42.77168],
          [-123.04603, 42.79095],
          [-123.05211, 42.81217],
          [-123.05818, 42.83339],
          [-123.06426, 42.85461],
          [-123.05854, 42.86102],
          [-123.04139, 42.88027],
          [-123.04746, 42.90149],
          [-123.04174, 42.9079],
          [-123.02458, 42.92715],
          [-123.03066, 42.94835],
          [-123.03673, 42.96955],
          [-123.04281, 42.99075],
          [-123.04527, 43.01251],
          [-123.05136, 43.0337],
          [-123.04925, 43.03956],
          [-123.04295, 43.05712],
          [-123.03815, 43.07997],
          [-123.04062, 43.10171],
          [-123.03851, 43.10757],
          [-123.03219, 43.12512],
          [-123.0274, 43.14797],
          [-123.02986, 43.1697],
          [-123.02775, 43.17555],
          [-123.02143, 43.19309],
          [-123.01663, 43.21593],
          [-123.01089, 43.22233],
          [-123.00456, 43.23987],
          [-122.99975, 43.2627],
          [-123.00221, 43.28441],
          [-123.0001, 43.29026],
          [-122.99376, 43.30779],
          [-122.98895, 43.33061],
          [-122.99504, 43.35176],
          [-123.00113, 43.37291],
          [-122.99538, 43.37931],
          [-122.97813, 43.39849],
          [-122.98422, 43.41964],
          [-122.98668, 43.44133],
          [-122.98457, 43.44717],
          [-122.9673, 43.46634],
          [-122.97339, 43.48748],
          [-122.97585, 43.50917],
          [-122.97373, 43.515],
          [-122.95645, 43.53417],
          [-122.9589, 43.55585],
          [-122.95678, 43.56168],
          [-122.93949, 43.58084],
          [-122.94559, 43.60196],
          [-122.93982, 43.60834],
          [-122.93345, 43.62584],
          [-122.92861, 43.64861],
          [-122.93471, 43.66972],
          [-122.92894, 43.6761],
          [-122.92256, 43.69359],
          [-122.91771, 43.71635],
          [-122.92382, 43.73745],
          [-122.92627, 43.7591],
          [-122.92414, 43.76493],
          [-122.91776, 43.78241],
          [-122.92387, 43.8035],
          [-122.91901, 43.82625],
          [-122.92147, 43.84788],
          [-122.91934, 43.85371],
          [-122.91295, 43.87117],
          [-122.90809, 43.89391],
          [-122.91054, 43.91554],
          [-122.90841, 43.92136],
          [-122.90202, 43.93881],
          [-122.8935, 43.96209],
          [-122.89961, 43.98316],
          [-122.89748, 43.98898],
          [-122.89108, 44.00643],
          [-122.89719, 44.02749],
          [-122.88866, 44.05075],
          [-122.89477, 44.07181],
          [-122.89264, 44.07762],
          [-122.88623, 44.09506],
          [-122.89235, 44.11611],
          [-122.88747, 44.13881],
          [-122.88993, 44.16041],
          [-122.89605, 44.18145],
          [-122.89391, 44.18726],
          [-122.8875, 44.20468],
          [-122.89363, 44.22572],
          [-122.88874, 44.2484],
          [-122.8912, 44.26998],
          [-122.88906, 44.27579],
          [-122.88264, 44.2932],
          [-122.87775, 44.31587],
          [-122.88021, 44.33744],
          [-122.88634, 44.35846],
          [-122.8842, 44.36426],
          [-122.87777, 44.38167],
          [-122.88391, 44.40268],
          [-122.87534, 44.42588],
          [-122.88147, 44.44689],
          [-122.87933, 44.45269],
          [-122.8729, 44.47008],
          [-122.87904, 44.49108],
          [-122.87574, 44.5]
        ]
      }
    },
    {
      "type": "Feature",
      "id": "2026082418_f042_10000_003",
      "properties": {
        "product_id": "winter_storm_levels",
        "source_id": "nbm_snow_level",
        "parameter": "snow_level",
        "definition": "height of the wet-bulb 0.5 degree C surface",
        "level_ft_msl": 10000,
        "label": "10,000 ft MSL",
        "unit": "ft_msl",
        "cycle_time_utc": "2026-08-24T18:00:00Z",
        "valid_time_utc": "2026-08-26T12:00:00Z",
        "lead_hours": 42,
        "segment": 3,
        "length_m": 1534074.4
      },
      "geometry": {
        "type": "LineString",
        "coordinates": [
          [-130, 37.08652],
          [-129.99095, 37.08842],
          [-129.9639, 37.09412],
          [-129.95892, 37.10093],
          [-129.94398, 37.12138],
          [-129.91692, 37.12707],
          [-129.91194, 37.13388],
          [-129.89431, 37.14623],
          [-129.86991, 37.16],
          [-129.84284, 37.16567],
          [-129.83785, 37.17248],
          [-129.82288, 37.19292],
          [-129.79579, 37.19858],
          [-129.76871, 37.20424],
          [-129.76371, 37.21105],
          [-129.74872, 37.23147],
          [-129.72162, 37.23712],
          [-129.69452, 37.24277],
          [-129.68952, 37.24957],
          [-129.6745, 37.26999],
          [-129.64739, 37.27562],
          [-129.62028, 37.28126],
          [-129.61527, 37.28806],
          [-129.60024, 37.30846],
          [-129.57311, 37.31409],
          [-129.54747, 37.30213],
          [-129.53892, 37.29814],
          [-129.51328, 37.28617],
          [-129.50562, 37.28487],
          [-129.4785, 37.29048],
          [-129.45137, 37.29609],
          [-129.44547, 37.30019],
          [-129.42776, 37.31248],
          [-129.40063, 37.31808],
          [-129.37701, 37.33447],
          [-129.3711, 37.33856],
          [-129.35338, 37.35085],
          [-129.32623, 37.35643],
          [-129.30259, 37.37281],
          [-129.27544, 37.37838],
          [-129.26952, 37.38247],
          [-129.25178, 37.39475],
          [-129.22812, 37.41111],
          [-129.22221, 37.41519],
          [-129.20446, 37.42746],
          [-129.17991, 37.44111],
          [-129.1536, 37.44937],
          [-129.14768, 37.45345],
          [-129.13254, 37.4738],
          [-129.12749, 37.48058],
          [-129.10971, 37.49283],
          [-129.08514, 37.50647],
          [-129.05881, 37.51471],
          [-129.05288, 37.51879],
          [-129.03509, 37.53103],
          [-129.0105, 37.54465],
          [-129.00544, 37.55143],
          [-128.98764, 37.56367],
          [-128.96303, 37.57728],
          [-128.93668, 37.5855],
          [-128.93074, 37.58957],
          [-128.91293, 37.6018],
          [-128.8883, 37.6154],
          [-128.86106, 37.62091],
          [-128.83469, 37.6291],
          [-128.82874, 37.63318],
          [-128.81091, 37.64539],
          [-128.78713, 37.66167],
          [-128.78629, 37.66471],
          [-128.78358, 37.68823],
          [-128.77972, 37.71197],
          [-128.77981, 37.72918],
          [-128.77984, 37.73492],
          [-128.78678, 37.75648],
          [-128.79373, 37.77805],
          [-128.80067, 37.79961],
          [-128.79796, 37.82312],
          [-128.7941, 37.84685],
          [-128.7942, 37.86405],
          [-128.78911, 37.87081],
          [-128.77384, 37.89109],
          [-128.74652, 37.89657],
          [-128.74143, 37.90333],
          [-128.72614, 37.9236],
          [-128.69882, 37.92908],
          [-128.69372, 37.93583],
          [-128.67842, 37.9561],
          [-128.65109, 37.96156],
          [-128.64598, 37.96832],
          [-128.63067, 37.98858],
          [-128.60332, 37.99403],
          [-128.57597, 37.99949],
          [-128.57087, 38.00624],
          [-128.55553, 38.02649],
          [-128.52817, 38.03193],
          [-128.50081, 38.03737],
          [-128.49569, 38.04412],
          [-128.48034, 38.06436],
          [-128.45297, 38.06979],
          [-128.42559, 38.07521],
          [-128.42047, 38.08196],
          [-128.4051, 38.10219],
          [-128.37771, 38.1076],
          [-128.35032, 38.11302],
          [-128.34519, 38.11976],
          [-128.3298, 38.13998],
          [-128.3024, 38.14538],
          [-128.275, 38.15078],
          [-128.26986, 38.15752],
          [-128.25445, 38.17773],
          [-128.22704, 38.18312],
          [-128.19962, 38.18851],
          [-128.1722, 38.19389],
          [-128.14478, 38.19927],
          [-128.11735, 38.20465],
          [-128.08992, 38.21002],
          [-128.06249, 38.21538],
          [-128.03506, 38.22074],
          [-128.00762, 38.2261],
          [-127.98103, 38.23414],
          [-127.97502, 38.23818],
          [-127.95954, 38.25835],
          [-127.93209, 38.2637],
          [-127.90464, 38.26903],
          [-127.87719, 38.27437],
          [-127.84973, 38.2797],
          [-127.84456, 38.28642],
          [-127.82651, 38.2985],
          [-127.79904, 38.30382],
          [-127.77411, 38.31722],
          [-127.74663, 38.32253],
          [-127.71916, 38.32784],
          [-127.69252, 38.33584],
          [-127.68649, 38.33986],
          [-127.66841, 38.35191],
          [-127.64346, 38.36529],
          [-127.61596, 38.37058],
          [-127.58931, 38.37856],
          [-127.56181, 38.38385],
          [-127.55578, 38.38786],
          [-127.53767, 38.3999],
          [-127.51269, 38.41326],
          [-127.48601, 38.42122],
          [-127.47998, 38.42523],
          [-127.46438, 38.44535],
          [-127.43685, 38.45061],
          [-127.43165, 38.45731],
          [-127.41352, 38.46934],
          [-127.3885, 38.48267],
          [-127.36097, 38.48792],
          [-127.35576, 38.49462],
          [-127.33761, 38.50663],
          [-127.31258, 38.51995],
          [-127.28586, 38.52788],
          [-127.27981, 38.53189],
          [-127.26416, 38.55197],
          [-127.2366, 38.5572],
          [-127.23138, 38.56389],
          [-127.21321, 38.57589],
          [-127.18814, 38.58919],
          [-127.1614, 38.5971],
          [-127.15534, 38.60109],
          [-127.13965, 38.62116],
          [-127.11207, 38.62637],
          [-127.10683, 38.63306],
          [-127.09113, 38.65312],
          [-127.0859, 38.65981],
          [-127.07019, 38.67986],
          [-127.06495, 38.68655],
          [-127.04924, 38.7066],
          [-127.02162, 38.71179],
          [-126.99484, 38.71967],
          [-126.98877, 38.72366],
          [-126.97054, 38.73562],
          [-126.9454, 38.74888],
          [-126.91778, 38.75405],
          [-126.89097, 38.76191],
          [-126.88489, 38.76589],
          [-126.86665, 38.77784],
          [-126.84149, 38.79108],
          [-126.81467, 38.79893],
          [-126.80859, 38.80291],
          [-126.7928, 38.82293],
          [-126.76515, 38.82807],
          [-126.75989, 38.83474],
          [-126.74409, 38.85476],
          [-126.71642, 38.85989],
          [-126.68876, 38.86502],
          [-126.68349, 38.87169],
          [-126.66767, 38.89169],
          [-126.63999, 38.89682],
          [-126.63472, 38.90348],
          [-126.61889, 38.92348],
          [-126.5912, 38.92859],
          [-126.58592, 38.93526],
          [-126.57007, 38.95524],
          [-126.54237, 38.96035],
          [-126.53709, 38.96701],
          [-126.52123, 38.98699],
          [-126.49352, 38.99209],
          [-126.46662, 38.99987],
          [-126.46051, 39.00384],
          [-126.44463, 39.02381],
          [-126.41691, 39.02889],
          [-126.41161, 39.03555],
          [-126.39327, 39.04744],
          [-126.36799, 39.06059],
          [-126.34025, 39.06566],
          [-126.33495, 39.07231],
          [-126.31659, 39.08419],
          [-126.29129, 39.09733],
          [-126.26435, 39.10508],
          [-126.25823, 39.10903],
          [-126.24229, 39.12897],
          [-126.21453, 39.13402],
          [-126.20922, 39.14067],
          [-126.19327, 39.1606],
          [-126.18795, 39.16725],
          [-126.172, 39.18718],
          [-126.14422, 39.19222],
          [-126.1389, 39.19886],
          [-126.12293, 39.21878],
          [-126.09514, 39.22381],
          [-126.08981, 39.23045],
          [-126.07383, 39.25036],
          [-126.0685, 39.257],
          [-126.05251, 39.27691],
          [-126.04718, 39.28355],
          [-126.03118, 39.30345],
          [-126.00336, 39.30846],
          [-125.99802, 39.3151],
          [-125.98201, 39.335],
          [-125.97667, 39.34163],
          [-125.96065, 39.36152],
          [-125.95531, 39.36815],
          [-125.93928, 39.38804],
          [-125.93393, 39.39467],
          [-125.9179, 39.41456],
          [-125.89085, 39.42224],
          [-125.88818, 39.42555],
          [-125.86945, 39.44874],
          [-125.86677, 39.45206],
          [-125.84804, 39.47524],
          [-125.84536, 39.47855],
          [-125.82661, 39.50173],
          [-125.82394, 39.50504],
          [-125.80518, 39.52822],
          [-125.8025, 39.53153],
          [-125.78374, 39.5547],
          [-125.78105, 39.55801],
          [-125.77355, 39.582],
          [-125.7655, 39.59193],
          [-125.74081, 39.60764],
          [-125.73813, 39.61095],
          [-125.71934, 39.6341],
          [-125.71316, 39.63803],
          [-125.69704, 39.65787],
          [-125.69167, 39.66448],
          [-125.67555, 39.68432],
          [-125.67017, 39.69093],
          [-125.65404, 39.71077],
          [-125.64866, 39.71738],
          [-125.63251, 39.7372],
          [-125.62713, 39.74381],
          [-125.61098, 39.76364],
          [-125.6056, 39.77024],
          [-125.58944, 39.79006],
          [-125.58405, 39.79667],
          [-125.56789, 39.81648],
          [-125.5625, 39.82309],
          [-125.54632, 39.8429],
          [-125.54093, 39.8495],
          [-125.52234, 39.86125],
          [-125.50885, 39.87775],
          [-125.50076, 39.88765],
          [-125.48726, 39.90415],
          [-125.47916, 39.91404],
          [-125.46566, 39.93054],
          [-125.45996, 39.94849],
          [-125.45455, 39.95509],
          [-125.43834, 39.97487],
          [-125.43293, 39.98147],
          [-125.41671, 40.00125],
          [-125.4113, 40.00784],
          [-125.39507, 40.02762],
          [-125.39316, 40.0336],
          [-125.37421, 40.05667],
          [-125.37151, 40.05996],
          [-125.35255, 40.08303],
          [-125.34633, 40.08693],
          [-125.33008, 40.1067],
          [-125.32466, 40.11328],
          [-125.30839, 40.13304],
          [-125.30297, 40.13963],
          [-125.2867, 40.15938],
          [-125.28478, 40.16536],
          [-125.28765, 40.18743],
          [-125.27137, 40.20717],
          [-125.26594, 40.21376],
          [-125.24965, 40.2335],
          [-125.24421, 40.24008],
          [-125.22791, 40.25982],
          [-125.22248, 40.2664],
          [-125.20617, 40.28613],
          [-125.20073, 40.29271],
          [-125.18442, 40.31244],
          [-125.17898, 40.31902],
          [-125.16265, 40.33874],
          [-125.15721, 40.34532],
          [-125.14088, 40.36504],
          [-125.13895, 40.371],
          [-125.14179, 40.39305],
          [-125.12545, 40.41276],
          [-125.12, 40.41934],
          [-125.10365, 40.43905],
          [-125.10172, 40.44501],
          [-125.09399, 40.46886],
          [-125.08819, 40.48675],
          [-125.08274, 40.49332],
          [-125.06637, 40.51302],
          [-125.06443, 40.51898],
          [-125.05669, 40.54282],
          [-125.05088, 40.5607],
          [-125.04895, 40.56666],
          [-125.02982, 40.58963],
          [-125.02827, 40.59271],
          [-125.01934, 40.61675],
          [-125.01352, 40.63462],
          [-125.01158, 40.64058],
          [-125.00382, 40.6644],
          [-124.99799, 40.68227],
          [-124.99605, 40.68822],
          [-124.98475, 40.71265],
          [-124.98007, 40.72188],
          [-124.97227, 40.73726],
          [-124.96134, 40.7588],
          [-124.95978, 40.76188],
          [-124.95082, 40.78589],
          [-124.94498, 40.80374],
          [-124.94421, 40.80949],
          [-124.93524, 40.83349],
          [-124.92939, 40.85134],
          [-124.92862, 40.85709],
          [-124.92554, 40.88009],
          [-124.92246, 40.90308],
          [-124.91776, 40.9123],
          [-124.90994, 40.92767],
          [-124.90685, 40.95066],
          [-124.90215, 40.95987],
          [-124.89432, 40.97524],
          [-124.89122, 40.99822],
          [-124.8889, 41.01545],
          [-124.88695, 41.02139],
          [-124.87559, 41.04576],
          [-124.87326, 41.06299],
          [-124.87131, 41.06894],
          [-124.86348, 41.0927],
          [-124.85761, 41.11052],
          [-124.85683, 41.11626],
          [-124.85372, 41.13923],
          [-124.85062, 41.16218],
          [-124.8459, 41.17139],
          [-124.83805, 41.18673],
          [-124.83493, 41.20969],
          [-124.8326, 41.2269],
          [-124.83064, 41.23284],
          [-124.82279, 41.25658],
          [-124.82559, 41.27853],
          [-124.82325, 41.29573],
          [-124.82129, 41.30167],
          [-124.81343, 41.3254],
          [-124.80753, 41.3432],
          [-124.80557, 41.34913],
          [-124.7977, 41.37286],
          [-124.80406, 41.3942],
          [-124.79816, 41.41199],
          [-124.79619, 41.41792],
          [-124.78832, 41.44163],
          [-124.78241, 41.45942],
          [-124.78044, 41.46535],
          [-124.77256, 41.48906],
          [-124.76665, 41.50684],
          [-124.76468, 41.51276],
          [-124.77104, 41.53409],
          [-124.77384, 41.556],
          [-124.76951, 41.57911],
          [-124.76359, 41.59688],
          [-124.76162, 41.6028],
          [-124.76442, 41.62471],
          [-124.77078, 41.64602],
          [-124.77715, 41.66733],
          [-124.77282, 41.69041],
          [-124.76689, 41.70817],
          [-124.76135, 41.71469],
          [-124.76772, 41.73599],
          [-124.77409, 41.75728],
          [-124.76976, 41.78036],
          [-124.76383, 41.79811],
          [-124.75828, 41.80462],
          [-124.76465, 41.82591],
          [-124.77103, 41.8472],
          [-124.77741, 41.86848],
          [-124.77307, 41.89154],
          [-124.76714, 41.90928],
          [-124.76516, 41.9152],
          [-124.76796, 41.93706],
          [-124.77435, 41.95834],
          [-124.78073, 41.97961],
          [-124.78712, 42.00087],
          [-124.78278, 42.02392],
          [-124.78917, 42.04518],
          [-124.79557, 42.06644],
          [-124.78963, 42.08416],
          [-124.78765, 42.09007],
          [-124.79404, 42.11132],
          [-124.80044, 42.13257],
          [-124.79252, 42.15619],
          [-124.79892, 42.17743],
          [-124.80532, 42.19868],
          [-124.81173, 42.21992],
          [-124.80579, 42.23762],
          [-124.8038, 42.24352],
          [-124.81021, 42.26476],
          [-124.81663, 42.28599],
          [-124.82304, 42.30722],
          [-124.82587, 42.32903],
          [-124.82153, 42.35203],
          [-124.82795, 42.37325],
          [-124.83437, 42.39447],
          [-124.82842, 42.41216],
          [-124.82643, 42.41806],
          [-124.83286, 42.43927],
          [-124.83929, 42.46047],
          [-124.84572, 42.48168],
          [-124.85216, 42.50288],
          [-124.85736, 42.50759],
          [-124.88376, 42.51992],
          [-124.8902, 42.54112],
          [-124.89901, 42.54523],
          [-124.92777, 42.54048],
          [-124.93335, 42.53399],
          [-124.95008, 42.51453],
          [-124.95565, 42.50804],
          [-124.97237, 42.48857],
          [-125.00111, 42.4838],
          [-125.00668, 42.47731],
          [-125.02338, 42.45783],
          [-125.05212, 42.45305],
          [-125.05768, 42.44656],
          [-125.07437, 42.42707],
          [-125.07993, 42.42058],
          [-125.09661, 42.40109],
          [-125.10217, 42.39459],
          [-125.09568, 42.37338],
          [-125.11235, 42.35388],
          [-125.11791, 42.34738],
          [-125.13457, 42.32788],
          [-125.13653, 42.32198],
          [-125.14439, 42.29837],
          [-125.15028, 42.28065],
          [-125.15583, 42.27415],
          [-125.17247, 42.25463],
          [-125.20114, 42.24983],
          [-125.2298, 42.24502],
          [-125.25618, 42.25732],
          [-125.26497, 42.26142],
          [-125.27051, 42.25492],
          [-125.28713, 42.23539],
          [-125.29266, 42.22888],
          [-125.30927, 42.20935],
          [-125.3148, 42.20283],
          [-125.31903, 42.1798],
          [-125.32488, 42.16207],
          [-125.32683, 42.15616],
          [-125.33463, 42.13252],
          [-125.32812, 42.11129],
          [-125.33397, 42.09355],
          [-125.33592, 42.08764],
          [-125.34371, 42.06398],
          [-125.34956, 42.04624],
          [-125.3515, 42.04033],
          [-125.35929, 42.01667],
          [-125.36513, 41.99892],
          [-125.37064, 41.9924],
          [-125.3872, 41.97283],
          [-125.39271, 41.96631],
          [-125.40925, 41.94674],
          [-125.41477, 41.94021],
          [-125.43375, 41.9286],
          [-125.44752, 41.91229],
          [-125.45578, 41.9025],
          [-125.46955, 41.88618],
          [-125.47536, 41.86841],
          [-125.48086, 41.86188],
          [-125.49737, 41.84229],
          [-125.50287, 41.83576],
          [-125.51937, 41.81616],
          [-125.52487, 41.80963],
          [-125.54136, 41.79003],
          [-125.56988, 41.78515],
          [-125.5984, 41.78027],
          [-125.60389, 41.77374],
          [-125.62036, 41.75412],
          [-125.62585, 41.74759],
          [-125.64231, 41.72797],
          [-125.6478, 41.72143],
          [-125.66425, 41.70181],
          [-125.66617, 41.69588],
          [-125.68536, 41.67298],
          [-125.6881, 41.66971],
          [-125.6851, 41.64782],
          [-125.68922, 41.6247],
          [-125.69498, 41.60691],
          [-125.69571, 41.60118],
          [-125.68915, 41.5799],
          [-125.69209, 41.55698],
          [-125.69501, 41.53405],
          [-125.69967, 41.52484],
          [-125.70742, 41.50949],
          [-125.71827, 41.488],
          [-125.72456, 41.48411],
          [-125.74342, 41.47244],
          [-125.75708, 41.45606],
          [-125.7661, 41.44889],
          [-125.79232, 41.43687],
          [-125.81881, 41.42573],
          [-125.84913, 41.42702],
          [-125.87782, 41.43512],
          [-125.8822, 41.43717],
          [-125.91282, 41.45148],
          [-125.91801, 41.45618],
          [-125.93361, 41.47029],
          [-125.9555, 41.48051],
          [-125.96863, 41.48664],
          [-125.99052, 41.49684],
          [-126.01431, 41.50111],
          [-126.02307, 41.50519],
          [-126.05149, 41.50023],
          [-126.0799, 41.49527],
          [-126.10618, 41.5075],
          [-126.11494, 41.51158],
          [-126.14336, 41.50661],
          [-126.17177, 41.50163],
          [-126.20017, 41.49665],
          [-126.22858, 41.49166],
          [-126.25488, 41.50387],
          [-126.26281, 41.50528],
          [-126.29455, 41.51092],
          [-126.31836, 41.51515],
          [-126.32713, 41.51921],
          [-126.35805, 41.52218],
          [-126.38186, 41.5264],
          [-126.3898, 41.5278],
          [-126.42155, 41.53342],
          [-126.44537, 41.53763],
          [-126.45303, 41.53815],
          [-126.48144, 41.53312],
          [-126.48798, 41.53009],
          [-126.50676, 41.51835],
          [-126.53179, 41.50268],
          [-126.5345, 41.49939],
          [-126.55345, 41.47638],
          [-126.55616, 41.47309],
          [-126.5751, 41.45007],
          [-126.5778, 41.44678],
          [-126.58526, 41.42299],
          [-126.59337, 41.41312],
          [-126.61836, 41.39743],
          [-126.62461, 41.39351],
          [-126.64335, 41.38174],
          [-126.66833, 41.36604],
          [-126.67103, 41.36275],
          [-126.68992, 41.33971],
          [-126.69262, 41.33641],
          [-126.71151, 41.31336],
          [-126.71421, 41.31007],
          [-126.72162, 41.28625],
          [-126.72717, 41.26839],
          [-126.73257, 41.2618],
          [-126.73643, 41.23861],
          [-126.74198, 41.22074],
          [-126.74383, 41.21478],
          [-126.74062, 41.19286],
          [-126.73387, 41.17157],
          [-126.72713, 41.15027],
          [-126.72039, 41.12897],
          [-126.73654, 41.10919],
          [-126.74192, 41.10259],
          [-126.75806, 41.0828],
          [-126.76344, 41.07621],
          [-126.77958, 41.05641],
          [-126.78495, 41.04982],
          [-126.80108, 41.03002],
          [-126.80645, 41.02342],
          [-126.7997, 41.00211],
          [-126.81582, 40.9823],
          [-126.82119, 40.9757],
          [-126.8373, 40.95589],
          [-126.84266, 40.94929],
          [-126.85876, 40.92947],
          [-126.86413, 40.92287],
          [-126.88022, 40.90305],
          [-126.90842, 40.89794],
          [-126.91378, 40.89133],
          [-126.92986, 40.8715],
          [-126.95805, 40.86639],
          [-126.96341, 40.85977],
          [-126.97947, 40.83994],
          [-126.98482, 40.83333],
          [-127.00087, 40.81349],
          [-127.02905, 40.80836],
          [-127.0344, 40.80174],
          [-127.05043, 40.7819],
          [-127.0786, 40.77676],
          [-127.08394, 40.77014],
          [-127.10251, 40.75828],
          [-127.12727, 40.74247],
          [-127.13346, 40.73851],
          [-127.14946, 40.71865],
          [-127.17761, 40.71349],
          [-127.18294, 40.70687],
          [-127.19893, 40.687],
          [-127.22706, 40.68184],
          [-127.23239, 40.67521],
          [-127.24837, 40.65533],
          [-127.27649, 40.65016],
          [-127.28182, 40.64353],
          [-127.30034, 40.63164],
          [-127.32589, 40.61846],
          [-127.35314, 40.61061],
          [-127.35931, 40.60664],
          [-127.37526, 40.58675],
          [-127.38057, 40.58011],
          [-127.39651, 40.56021],
          [-127.42459, 40.55501],
          [-127.4299, 40.54837],
          [-127.44582, 40.52847],
          [-127.4739, 40.52326],
          [-127.4792, 40.51662],
          [-127.49511, 40.4967],
          [-127.52317, 40.49148],
          [-127.52847, 40.48484],
          [-127.54437, 40.46492],
          [-127.57242, 40.45969],
          [-127.57771, 40.45305],
          [-127.57084, 40.4317],
          [-127.58672, 40.41177],
          [-127.59201, 40.40513],
          [-127.60788, 40.38519],
          [-127.63591, 40.37995],
          [-127.64119, 40.3733],
          [-127.65705, 40.35336],
          [-127.68507, 40.34811],
          [-127.71308, 40.34286],
          [-127.71836, 40.33621],
          [-127.73419, 40.31625],
          [-127.7622, 40.31099],
          [-127.76747, 40.30433],
          [-127.78329, 40.28437],
          [-127.81128, 40.2791],
          [-127.81655, 40.27245],
          [-127.83236, 40.25247],
          [-127.86034, 40.2472],
          [-127.8656, 40.24054],
          [-127.88139, 40.22056],
          [-127.88665, 40.2139],
          [-127.90244, 40.19391],
          [-127.9304, 40.18862],
          [-127.93566, 40.18196],
          [-127.95142, 40.16197],
          [-127.95668, 40.1553],
          [-127.97244, 40.13531],
          [-128.00038, 40.13],
          [-128.00563, 40.12334],
          [-128.02398, 40.11135],
          [-128.05191, 40.10603],
          [-128.07724, 40.09271],
          [-128.10429, 40.08472],
          [-128.1104, 40.08071],
          [-128.12612, 40.0607],
          [-128.15403, 40.05537],
          [-128.15927, 40.04869],
          [-128.17498, 40.02867],
          [-128.20288, 40.02333],
          [-128.20811, 40.01665],
          [-128.2238, 39.99662],
          [-128.25169, 39.99128],
          [-128.27958, 39.98593],
          [-128.30747, 39.98057],
          [-128.33535, 39.97521],
          [-128.34057, 39.96853],
          [-128.35623, 39.94848],
          [-128.3841, 39.94311],
          [-128.38932, 39.93643],
          [-128.40496, 39.91637],
          [-128.41017, 39.90968],
          [-128.42581, 39.88962],
          [-128.45366, 39.88424],
          [-128.45887, 39.87755],
          [-128.47712, 39.8655],
          [-128.50233, 39.85209],
          [-128.53017, 39.8467],
          [-128.53537, 39.84001],
          [-128.55361, 39.82794],
          [-128.5788, 39.81453],
          [-128.584, 39.80783],
          [-128.60222, 39.79576],
          [-128.6274, 39.78233],
          [-128.65433, 39.77425],
          [-128.6604, 39.77022],
          [-128.67597, 39.75012],
          [-128.70377, 39.7447],
          [-128.70896, 39.738],
          [-128.72451, 39.71789],
          [-128.72969, 39.71119],
          [-128.74524, 39.69108],
          [-128.77302, 39.68565],
          [-128.7782, 39.67894],
          [-128.79373, 39.65883],
          [-128.8215, 39.65338],
          [-128.84927, 39.64793],
          [-128.85444, 39.64122],
          [-128.86995, 39.6211],
          [-128.89771, 39.61564],
          [-128.90287, 39.60893],
          [-128.91837, 39.58879],
          [-128.94612, 39.58333],
          [-128.95128, 39.57661],
          [-128.96676, 39.55647],
          [-128.9945, 39.551],
          [-128.99965, 39.54428],
          [-129.01512, 39.52413],
          [-129.04284, 39.51865],
          [-129.07057, 39.51316],
          [-129.07572, 39.50644],
          [-129.09116, 39.48628],
          [-129.11887, 39.48079],
          [-129.12402, 39.47406],
          [-129.13945, 39.4539],
          [-129.16715, 39.44839],
          [-129.17229, 39.44167],
          [-129.18771, 39.42149],
          [-129.2154, 39.41598],
          [-129.24309, 39.41046],
          [-129.24822, 39.40373],
          [-129.26362, 39.38355],
          [-129.29129, 39.37802],
          [-129.29642, 39.37129],
          [-129.31181, 39.3511],
          [-129.31693, 39.34437],
          [-129.335, 39.3322],
          [-129.35997, 39.31864],
          [-129.38672, 39.31042],
          [-129.39274, 39.30636],
          [-129.40809, 39.28615],
          [-129.43484, 39.27792],
          [-129.43567, 39.2749],
          [-129.43828, 39.25154],
          [-129.44032, 39.22829],
          [-129.44453, 39.21888],
          [-129.45156, 39.20318],
          [-129.46139, 39.18121],
          [-129.46395, 39.17784],
          [-129.48182, 39.15425],
          [-129.48783, 39.15018],
          [-129.50584, 39.13798],
          [-129.52984, 39.1217],
          [-129.53584, 39.11763],
          [-129.55384, 39.10543],
          [-129.57992, 39.09539],
          [-129.60511, 39.08267],
          [-129.6114, 39.07949],
          [-129.62938, 39.06727],
          [-129.65335, 39.05097],
          [-129.65934, 39.0469],
          [-129.67731, 39.03467],
          [-129.70127, 39.01836],
          [-129.72852, 39.01187],
          [-129.73481, 39.00868],
          [-129.75276, 38.99644],
          [-129.7767, 38.98013],
          [-129.78268, 38.97605],
          [-129.80153, 38.96648],
          [-129.82665, 38.95372],
          [-129.85207, 38.94185],
          [-129.8793, 38.93533],
          [-129.88557, 38.93213],
          [-129.9044, 38.92255],
          [-129.92951, 38.90978],
          [-129.9546, 38.897],
          [-129.98211, 38.89135],
          [-129.98838, 38.88815],
          [-130, 38.88223]
        ]
      }
    },
    {
      "type": "Feature",
      "id": "2026082418_f042_11000_001",
      "properties": {
        "product_id": "winter_storm_levels",
        "source_id": "nbm_snow_level",
        "parameter": "snow_level",
        "definition": "height of the wet-bulb 0.5 degree C surface",
        "level_ft_msl": 11000,
        "label": "11,000 ft MSL",
        "unit": "ft_msl",
        "cycle_time_utc": "2026-08-24T18:00:00Z",
        "valid_time_utc": "2026-08-26T12:00:00Z",
        "lead_hours": 42,
        "segment": 1,
        "length_m": 1765390
      },
      "geometry": {
        "type": "LineString",
        "coordinates": [
          [-129.92656, 32.38933],
          [-129.90063, 32.3951],
          [-129.88438, 32.41862],
          [-129.88152, 32.42277],
          [-129.85557, 32.42852],
          [-129.83931, 32.45203],
          [-129.83644, 32.45618],
          [-129.82018, 32.47968],
          [-129.81731, 32.48383],
          [-129.80103, 32.50733],
          [-129.79816, 32.51148],
          [-129.78188, 32.53497],
          [-129.779, 32.53912],
          [-129.75303, 32.54486],
          [-129.73673, 32.56835],
          [-129.73385, 32.5725],
          [-129.71755, 32.59598],
          [-129.71467, 32.60013],
          [-129.69836, 32.62361],
          [-129.69548, 32.62776],
          [-129.67916, 32.65124],
          [-129.67628, 32.65538],
          [-129.65027, 32.6611],
          [-129.63394, 32.68457],
          [-129.63106, 32.68872],
          [-129.61471, 32.71219],
          [-129.61183, 32.71633],
          [-129.59548, 32.73979],
          [-129.59259, 32.74393],
          [-129.56656, 32.74964],
          [-129.5502, 32.7731],
          [-129.54731, 32.77724],
          [-129.53094, 32.8007],
          [-129.52805, 32.80484],
          [-129.51167, 32.82829],
          [-129.50878, 32.83243],
          [-129.49239, 32.85588],
          [-129.4895, 32.86002],
          [-129.4731, 32.88346],
          [-129.47021, 32.8876],
          [-129.4538, 32.91104],
          [-129.45091, 32.91518],
          [-129.42483, 32.92086],
          [-129.40841, 32.94429],
          [-129.40552, 32.94843],
          [-129.38909, 32.97186],
          [-129.38619, 32.976],
          [-129.36976, 32.99942],
          [-129.36686, 33.00356],
          [-129.35041, 33.02698],
          [-129.34751, 33.03112],
          [-129.3214, 33.03678],
          [-129.30495, 33.0602],
          [-129.30204, 33.06433],
          [-129.28558, 33.08775],
          [-129.28267, 33.09188],
          [-129.2662, 33.11529],
          [-129.26329, 33.11942],
          [-129.23716, 33.12507],
          [-129.22067, 33.14847],
          [-129.21776, 33.1526],
          [-129.20127, 33.176],
          [-129.19836, 33.18013],
          [-129.17221, 33.18577],
          [-129.1557, 33.20916],
          [-129.15278, 33.21329],
          [-129.12662, 33.21892],
          [-129.1101, 33.24231],
          [-129.10718, 33.24644],
          [-129.09065, 33.26982],
          [-129.08774, 33.27395],
          [-129.06156, 33.27957],
          [-129.04501, 33.30294],
          [-129.04209, 33.30707],
          [-129.02554, 33.33044],
          [-129.02211, 33.33292],
          [-128.99642, 33.34017],
          [-128.97986, 33.36354],
          [-128.97693, 33.36766],
          [-128.96036, 33.39102],
          [-128.95693, 33.39351],
          [-128.93122, 33.40074],
          [-128.91463, 33.4241],
          [-128.9112, 33.42658],
          [-128.88832, 33.44311],
          [-128.86887, 33.45716],
          [-128.86594, 33.46128],
          [-128.84255, 33.47616],
          [-128.82309, 33.4902],
          [-128.82016, 33.49432],
          [-128.80353, 33.51766],
          [-128.8001, 33.52014],
          [-128.77435, 33.52735],
          [-128.75771, 33.55068],
          [-128.75477, 33.5548],
          [-128.73812, 33.57812],
          [-128.73468, 33.5806],
          [-128.71175, 33.5971],
          [-128.69225, 33.61112],
          [-128.68931, 33.61523],
          [-128.67264, 33.63855],
          [-128.6692, 33.64103],
          [-128.64342, 33.64821],
          [-128.62673, 33.67152],
          [-128.62379, 33.67564],
          [-128.60709, 33.69894],
          [-128.60365, 33.70142],
          [-128.58067, 33.71789],
          [-128.56114, 33.73189],
          [-128.55819, 33.736],
          [-128.54147, 33.7593],
          [-128.53802, 33.76177],
          [-128.5122, 33.76893],
          [-128.49547, 33.79222],
          [-128.49252, 33.79633],
          [-128.46619, 33.80185],
          [-128.44944, 33.82513],
          [-128.44649, 33.82924],
          [-128.42297, 33.84405],
          [-128.40339, 33.85802],
          [-128.40043, 33.86213],
          [-128.3769, 33.87693],
          [-128.35731, 33.8909],
          [-128.35435, 33.895],
          [-128.32799, 33.9005],
          [-128.3112, 33.92376],
          [-128.30824, 33.92786],
          [-128.28187, 33.93335],
          [-128.26507, 33.9566],
          [-128.2621, 33.9607],
          [-128.23572, 33.96618],
          [-128.21891, 33.98943],
          [-128.21544, 33.99189],
          [-128.18955, 33.999],
          [-128.16316, 34.00446],
          [-128.13956, 34.01922],
          [-128.11992, 34.03316],
          [-128.11645, 34.03561],
          [-128.09334, 34.05201],
          [-128.07369, 34.06593],
          [-128.07022, 34.06839],
          [-128.0443, 34.07548],
          [-128.02742, 34.0987],
          [-128.02395, 34.10115],
          [-127.99802, 34.10823],
          [-127.98113, 34.13144],
          [-127.97766, 34.1339],
          [-127.95172, 34.14097],
          [-127.92807, 34.15569],
          [-127.90838, 34.16959],
          [-127.90539, 34.17369],
          [-127.88173, 34.1884],
          [-127.86202, 34.2023],
          [-127.85904, 34.20639],
          [-127.83536, 34.2211],
          [-127.81564, 34.23499],
          [-127.81265, 34.23908],
          [-127.78896, 34.25378],
          [-127.76924, 34.26766],
          [-127.76624, 34.27175],
          [-127.74254, 34.28644],
          [-127.7228, 34.30032],
          [-127.71981, 34.30441],
          [-127.70283, 34.32758],
          [-127.69935, 34.33003],
          [-127.67611, 34.34635],
          [-127.65635, 34.36021],
          [-127.65287, 34.36266],
          [-127.62962, 34.37897],
          [-127.60985, 34.39283],
          [-127.60685, 34.39692],
          [-127.58983, 34.42007],
          [-127.58634, 34.42252],
          [-127.56307, 34.43881],
          [-127.54328, 34.45266],
          [-127.54028, 34.45675],
          [-127.51651, 34.4714],
          [-127.49671, 34.48524],
          [-127.4937, 34.48932],
          [-127.47665, 34.51246],
          [-127.47315, 34.5149],
          [-127.44985, 34.53117],
          [-127.44132, 34.54274],
          [-127.42977, 34.55838],
          [-127.42123, 34.56995],
          [-127.40968, 34.58559],
          [-127.40114, 34.59715],
          [-127.39433, 34.62168],
          [-127.39331, 34.62536],
          [-127.36948, 34.63998],
          [-127.34963, 34.6538],
          [-127.34662, 34.65788],
          [-127.32951, 34.68099],
          [-127.32649, 34.68506],
          [-127.2999, 34.69038],
          [-127.28278, 34.71348],
          [-127.27975, 34.71755],
          [-127.26262, 34.74065],
          [-127.2596, 34.74473],
          [-127.23299, 34.75003],
          [-127.21585, 34.77312],
          [-127.21282, 34.77719],
          [-127.19567, 34.80028],
          [-127.19216, 34.80271],
          [-127.16601, 34.80964],
          [-127.14884, 34.83272],
          [-127.14581, 34.83679],
          [-127.12864, 34.85987],
          [-127.12512, 34.8623],
          [-127.09896, 34.86922],
          [-127.08177, 34.89228],
          [-127.07874, 34.89635],
          [-127.05481, 34.91092],
          [-127.03487, 34.92468],
          [-127.03136, 34.92711],
          [-127.0079, 34.94331],
          [-126.98795, 34.95707],
          [-126.98443, 34.95949],
          [-126.96096, 34.97568],
          [-126.941, 34.98943],
          [-126.93732, 34.99131],
          [-126.91079, 34.99711],
          [-126.8873, 35.01328],
          [-126.86733, 35.02702],
          [-126.86364, 35.0289],
          [-126.83907, 35.04142],
          [-126.81359, 35.05084],
          [-126.7936, 35.06457],
          [-126.79007, 35.06699],
          [-126.76655, 35.08315],
          [-126.74655, 35.09687],
          [-126.74286, 35.09875],
          [-126.71826, 35.11125],
          [-126.69746, 35.12955],
          [-126.69578, 35.13103],
          [-126.67117, 35.14352],
          [-126.64655, 35.15601],
          [-126.62562, 35.16662],
          [-126.62209, 35.16904],
          [-126.59852, 35.18516],
          [-126.57848, 35.19886],
          [-126.57494, 35.20128],
          [-126.55135, 35.21739],
          [-126.5313, 35.23108],
          [-126.52761, 35.23295],
          [-126.50295, 35.24542],
          [-126.47829, 35.25787],
          [-126.45733, 35.26846],
          [-126.45379, 35.27087],
          [-126.43017, 35.28697],
          [-126.41009, 35.30064],
          [-126.40655, 35.30306],
          [-126.38292, 35.31914],
          [-126.36283, 35.33281],
          [-126.35928, 35.33522],
          [-126.33564, 35.3513],
          [-126.31553, 35.36496],
          [-126.31199, 35.36737],
          [-126.28833, 35.38344],
          [-126.26822, 35.39709],
          [-126.26467, 35.3995],
          [-126.24099, 35.41556],
          [-126.22087, 35.42921],
          [-126.21732, 35.43161],
          [-126.19363, 35.44767],
          [-126.17349, 35.4613],
          [-126.16994, 35.46371],
          [-126.14624, 35.47975],
          [-126.12609, 35.49339],
          [-126.123, 35.49743],
          [-126.10551, 35.52035],
          [-126.10196, 35.52275],
          [-126.07824, 35.53878],
          [-126.05807, 35.5524],
          [-126.05498, 35.55645],
          [-126.03746, 35.57935],
          [-126.0339, 35.58176],
          [-126.0075, 35.58848],
          [-125.98997, 35.61138],
          [-125.98641, 35.61378],
          [-125.96265, 35.62979],
          [-125.94245, 35.6434],
          [-125.93935, 35.64744],
          [-125.9218, 35.67032],
          [-125.91823, 35.67272],
          [-125.89445, 35.68872],
          [-125.87424, 35.70231],
          [-125.87113, 35.70635],
          [-125.85356, 35.72922],
          [-125.84999, 35.73162],
          [-125.82619, 35.7476],
          [-125.80595, 35.76118],
          [-125.80238, 35.76358],
          [-125.77856, 35.77955],
          [-125.75831, 35.79313],
          [-125.7552, 35.79716],
          [-125.73091, 35.81149],
          [-125.71064, 35.82505],
          [-125.70753, 35.82908],
          [-125.6899, 35.85193],
          [-125.68633, 35.85433],
          [-125.66247, 35.87028],
          [-125.64219, 35.88383],
          [-125.63861, 35.88622],
          [-125.61475, 35.90217],
          [-125.59445, 35.91572],
          [-125.59134, 35.91975],
          [-125.56699, 35.93404],
          [-125.54669, 35.94758],
          [-125.54357, 35.95161],
          [-125.52588, 35.97443],
          [-125.5223, 35.97682],
          [-125.49839, 35.99274],
          [-125.47807, 36.00627],
          [-125.47495, 36.0103],
          [-125.45057, 36.02457],
          [-125.43023, 36.03809],
          [-125.4271, 36.04212],
          [-125.40938, 36.06492],
          [-125.40579, 36.0673],
          [-125.37923, 36.07392],
          [-125.3615, 36.09671],
          [-125.3579, 36.0991],
          [-125.33395, 36.11499],
          [-125.31358, 36.12849],
          [-125.31045, 36.13251],
          [-125.28602, 36.14676],
          [-125.26564, 36.16026],
          [-125.2625, 36.16427],
          [-125.23806, 36.17851],
          [-125.21767, 36.192],
          [-125.21453, 36.19602],
          [-125.19008, 36.21025],
          [-125.16967, 36.22373],
          [-125.16653, 36.22774],
          [-125.14873, 36.2505],
          [-125.14512, 36.25288],
          [-125.12111, 36.26873],
          [-125.10068, 36.2822],
          [-125.09754, 36.28622],
          [-125.07305, 36.30042],
          [-125.05261, 36.31389],
          [-125.04946, 36.3179],
          [-125.03162, 36.34064],
          [-125.02801, 36.34301],
          [-125.00396, 36.35884],
          [-124.9835, 36.37229],
          [-124.98035, 36.3763],
          [-124.96248, 36.39903],
          [-124.95887, 36.4014],
          [-124.9322, 36.40794],
          [-124.91432, 36.43066],
          [-124.91071, 36.43303],
          [-124.88661, 36.44884],
          [-124.86613, 36.46227],
          [-124.86297, 36.46628],
          [-124.84506, 36.48899],
          [-124.84144, 36.49136],
          [-124.81475, 36.49787],
          [-124.79682, 36.52057],
          [-124.79366, 36.52458],
          [-124.77573, 36.54727],
          [-124.77211, 36.54964],
          [-124.74539, 36.55614],
          [-124.72745, 36.57883],
          [-124.72428, 36.58283],
          [-124.6971, 36.58769],
          [-124.67914, 36.61037],
          [-124.67597, 36.61437],
          [-124.65799, 36.63705],
          [-124.65437, 36.63941],
          [-124.62762, 36.6459],
          [-124.60964, 36.66856],
          [-124.60646, 36.67256],
          [-124.58847, 36.69522],
          [-124.58484, 36.69758],
          [-124.55808, 36.70406],
          [-124.54006, 36.72671],
          [-124.53688, 36.73071],
          [-124.51222, 36.74481],
          [-124.49163, 36.75818],
          [-124.48845, 36.76218],
          [-124.47042, 36.78482],
          [-124.46723, 36.78881],
          [-124.43999, 36.79363],
          [-124.42194, 36.81626],
          [-124.41875, 36.82025],
          [-124.39405, 36.83433],
          [-124.37344, 36.84768],
          [-124.37025, 36.85168],
          [-124.35217, 36.8743],
          [-124.34853, 36.87665],
          [-124.32171, 36.88308],
          [-124.30362, 36.9057],
          [-124.30043, 36.90969],
          [-124.27569, 36.92374],
          [-124.25504, 36.93708],
          [-124.25185, 36.94107],
          [-124.23373, 36.96366],
          [-124.23054, 36.96765],
          [-124.21241, 36.99025],
          [-124.20876, 36.9926],
          [-124.18445, 37.00827],
          [-124.16377, 37.02159],
          [-124.16057, 37.02558],
          [-124.14242, 37.04816],
          [-124.13877, 37.05051],
          [-124.11443, 37.06617],
          [-124.09373, 37.07948],
          [-124.09052, 37.08346],
          [-124.07235, 37.10603],
          [-124.06914, 37.11001],
          [-124.05096, 37.13258],
          [-124.04731, 37.13493],
          [-124.02041, 37.1413],
          [-124.00221, 37.16386],
          [-123.999, 37.16784],
          [-123.98079, 37.19039],
          [-123.97713, 37.19274],
          [-123.95021, 37.1991],
          [-123.93199, 37.22165],
          [-123.92877, 37.22562],
          [-123.91054, 37.24816],
          [-123.90733, 37.25214],
          [-123.88246, 37.26612],
          [-123.8617, 37.27939],
          [-123.85848, 37.28336],
          [-123.84022, 37.30589],
          [-123.837, 37.30987],
          [-123.81874, 37.33239],
          [-123.81551, 37.33636],
          [-123.78811, 37.34106],
          [-123.76983, 37.36358],
          [-123.7666, 37.36755],
          [-123.74831, 37.39006],
          [-123.74508, 37.39403],
          [-123.72679, 37.41654],
          [-123.72311, 37.41887],
          [-123.69612, 37.42519],
          [-123.67781, 37.44769],
          [-123.67458, 37.45166],
          [-123.65626, 37.47415],
          [-123.65302, 37.47812],
          [-123.62557, 37.48279],
          [-123.60723, 37.50527],
          [-123.604, 37.50924],
          [-123.58565, 37.53172],
          [-123.58241, 37.53569],
          [-123.56406, 37.55816],
          [-123.56082, 37.56213],
          [-123.53334, 37.56678],
          [-123.51497, 37.58925],
          [-123.51173, 37.59321],
          [-123.49335, 37.61568],
          [-123.4901, 37.61964],
          [-123.47171, 37.6421],
          [-123.46847, 37.64606],
          [-123.45007, 37.66851],
          [-123.44682, 37.67247],
          [-123.4218, 37.68636],
          [-123.4009, 37.69955],
          [-123.39765, 37.70351],
          [-123.37923, 37.72595],
          [-123.37597, 37.72991],
          [-123.35754, 37.75234],
          [-123.35429, 37.7563],
          [-123.33585, 37.77873],
          [-123.33259, 37.78269],
          [-123.31414, 37.80511],
          [-123.31089, 37.80907],
          [-123.29243, 37.83149],
          [-123.28873, 37.83381],
          [-123.26409, 37.8493],
          [-123.25485, 37.86051],
          [-123.24235, 37.87567],
          [-123.22139, 37.88882],
          [-123.21813, 37.89278],
          [-123.19964, 37.91518],
          [-123.19637, 37.91913],
          [-123.17787, 37.94153],
          [-123.17461, 37.94548],
          [-123.15609, 37.96787],
          [-123.15283, 37.97182],
          [-123.13431, 37.99421],
          [-123.13104, 37.99816],
          [-123.11251, 38.02054],
          [-123.10924, 38.02449],
          [-123.0907, 38.04687],
          [-123.08699, 38.04919],
          [-123.06227, 38.06463],
          [-123.04125, 38.07776],
          [-123.03797, 38.08171],
          [-123.01941, 38.10407],
          [-123.01613, 38.10802],
          [-122.99756, 38.13038],
          [-122.99428, 38.13432],
          [-122.9757, 38.15668],
          [-122.97199, 38.15899],
          [-122.95176, 38.18331],
          [-122.95012, 38.18528],
          [-122.92988, 38.2096],
          [-122.92823, 38.21157],
          [-122.90798, 38.23588],
          [-122.90634, 38.23785],
          [-122.88155, 38.25326],
          [-122.87224, 38.26443],
          [-122.85963, 38.27953],
          [-122.85032, 38.29069],
          [-122.83771, 38.3058],
          [-122.82839, 38.31696],
          [-122.81577, 38.33206],
          [-122.80645, 38.34321],
          [-122.79383, 38.35831],
          [-122.7845, 38.36946],
          [-122.77187, 38.38456],
          [-122.76254, 38.39571],
          [-122.7499, 38.4108],
          [-122.74449, 38.42131],
          [-122.73245, 38.44593],
          [-122.7308, 38.4479],
          [-122.70675, 38.46634],
          [-122.70052, 38.47377],
          [-122.68475, 38.49257],
          [-122.67851, 38.5],
          [-122.66575, 38.52472],
          [-122.6648, 38.52657],
          [-122.64442, 38.55082],
          [-122.64277, 38.55278],
          [-122.62239, 38.57702],
          [-122.62117, 38.58062],
          [-122.61424, 38.60098],
          [-122.60156, 38.61604],
          [-122.59219, 38.62718],
          [-122.5795, 38.64224],
          [-122.57012, 38.65337],
          [-122.55743, 38.66842],
          [-122.55199, 38.67892],
          [-122.53987, 38.7035],
          [-122.53822, 38.70546],
          [-122.51778, 38.72967],
          [-122.51612, 38.73163],
          [-122.49568, 38.75584],
          [-122.49402, 38.7578],
          [-122.47357, 38.782],
          [-122.47191, 38.78397],
          [-122.45144, 38.80816],
          [-122.45021, 38.81175],
          [-122.44323, 38.83209],
          [-122.4305, 38.84712],
          [-122.42109, 38.85823],
          [-122.40726, 38.86911],
          [-122.3936, 38.88523],
          [-122.38619, 38.8994],
          [-122.37677, 38.91051],
          [-122.36402, 38.92554],
          [-122.3546, 38.93664],
          [-122.34184, 38.95166],
          [-122.33241, 38.96276],
          [-122.31856, 38.97363],
          [-122.30487, 38.98973],
          [-122.29635, 38.99974],
          [-122.28266, 39.01584],
          [-122.27414, 39.02585],
          [-122.26044, 39.04195],
          [-122.25301, 39.05611],
          [-122.24356, 39.0672],
          [-122.23077, 39.0822],
          [-122.22132, 39.09329],
          [-122.21233, 39.11729],
          [-122.21122, 39.11859],
          [-122.19007, 39.14337],
          [-122.1891, 39.14522],
          [-122.1685, 39.16934],
          [-122.16683, 39.17129],
          [-122.14622, 39.19541],
          [-122.14455, 39.19736],
          [-122.13255, 39.22012],
          [-122.12509, 39.23426],
          [-122.11561, 39.24534],
          [-122.10659, 39.26931],
          [-122.10562, 39.27115],
          [-122.08498, 39.29525],
          [-122.0833, 39.2972],
          [-122.06265, 39.3213],
          [-122.06097, 39.32325],
          [-122.04894, 39.34599],
          [-122.04038, 39.35597],
          [-122.02659, 39.37202],
          [-122.01911, 39.38615],
          [-122.0096, 39.39721],
          [-121.99674, 39.41217],
          [-121.98723, 39.42323],
          [-121.97437, 39.43819],
          [-121.96883, 39.44863],
          [-121.95648, 39.47308],
          [-121.95481, 39.47503],
          [-121.93409, 39.49909],
          [-121.93283, 39.50266],
          [-121.92571, 39.52291],
          [-121.91282, 39.53786],
          [-121.90329, 39.54891],
          [-121.8949, 39.57272],
          [-121.89321, 39.57467],
          [-121.87246, 39.59871],
          [-121.87078, 39.60066],
          [-121.85001, 39.62469],
          [-121.84875, 39.62826],
          [-121.8416, 39.6485],
          [-121.82869, 39.66343],
          [-121.81914, 39.67447],
          [-121.81072, 39.69826],
          [-121.80946, 39.70183],
          [-121.79034, 39.7239],
          [-121.78697, 39.72779],
          [-121.76785, 39.74985],
          [-121.76447, 39.75374],
          [-121.7573, 39.77396],
          [-121.74436, 39.78888],
          [-121.73479, 39.79991],
          [-121.72184, 39.81482],
          [-121.71226, 39.82584],
          [-121.70381, 39.84962],
          [-121.70212, 39.85156],
          [-121.68126, 39.87554],
          [-121.67999, 39.87911],
          [-121.66082, 39.90114],
          [-121.65744, 39.90503],
          [-121.65023, 39.92523],
          [-121.63726, 39.94013],
          [-121.62766, 39.95114],
          [-121.61917, 39.97489],
          [-121.6179, 39.97846],
          [-121.5987, 40.00047],
          [-121.59531, 40.00436],
          [-121.5761, 40.02637],
          [-121.5727, 40.03025],
          [-121.56547, 40.05043],
          [-121.55247, 40.06532],
          [-121.54285, 40.07631],
          [-121.52984, 40.09119],
          [-121.52022, 40.10219],
          [-121.5072, 40.11707],
          [-121.49758, 40.12806],
          [-121.48455, 40.14293],
          [-121.47492, 40.15393],
          [-121.46189, 40.1688],
          [-121.44025, 40.1816],
          [-121.43685, 40.18547],
          [-121.41757, 40.20745],
          [-121.41416, 40.21132],
          [-121.39487, 40.23329],
          [-121.39105, 40.23555],
          [-121.37005, 40.25945],
          [-121.36835, 40.26138],
          [-121.34733, 40.28528],
          [-121.34563, 40.28721],
          [-121.32461, 40.3111],
          [-121.3229, 40.31304],
          [-121.30187, 40.33692],
          [-121.30058, 40.34047],
          [-121.28124, 40.36241],
          [-121.27783, 40.36629],
          [-121.25848, 40.38822],
          [-121.25507, 40.39209],
          [-121.24775, 40.41222],
          [-121.23465, 40.42705],
          [-121.22497, 40.43802],
          [-121.21635, 40.46169],
          [-121.21464, 40.46363],
          [-121.19355, 40.48748],
          [-121.19226, 40.49103],
          [-121.17287, 40.51294],
          [-121.16945, 40.51681],
          [-121.15005, 40.53871],
          [-121.14662, 40.54258],
          [-121.12722, 40.56448],
          [-121.12379, 40.56834],
          [-121.11643, 40.58845],
          [-121.10991, 40.61179],
          [-121.10648, 40.61565],
          [-121.08705, 40.63754],
          [-121.08362, 40.6414],
          [-121.06418, 40.66328],
          [-121.06075, 40.66714],
          [-121.0413, 40.68902],
          [-121.04682, 40.71056],
          [-121.04339, 40.71442],
          [-121.02393, 40.73629],
          [-121.02049, 40.74015],
          [-121.00102, 40.76201],
          [-120.99758, 40.76587],
          [-120.9781, 40.78773],
          [-120.98362, 40.80926],
          [-120.98018, 40.81312],
          [-120.96069, 40.83497],
          [-120.95725, 40.83883],
          [-120.93774, 40.86067],
          [-120.9343, 40.86453],
          [-120.91478, 40.88637],
          [-120.92029, 40.90789],
          [-120.91685, 40.91174],
          [-120.89732, 40.93357],
          [-120.90283, 40.95509],
          [-120.89938, 40.95895],
          [-120.87985, 40.98077],
          [-120.8764, 40.98462],
          [-120.85685, 41.00644],
          [-120.86235, 41.02795],
          [-120.8589, 41.0318],
          [-120.83934, 41.05361],
          [-120.83589, 41.05746],
          [-120.81631, 41.07927],
          [-120.82181, 41.10077],
          [-120.81836, 41.10462],
          [-120.79877, 41.12642],
          [-120.79532, 41.13027],
          [-120.77572, 41.15206],
          [-120.77226, 41.15591],
          [-120.75266, 41.17769],
          [-120.7492, 41.18154],
          [-120.72958, 41.20332],
          [-120.72612, 41.20716],
          [-120.7065, 41.22894],
          [-120.70303, 41.23278],
          [-120.6834, 41.25455],
          [-120.67993, 41.2584],
          [-120.66029, 41.28016],
          [-120.66577, 41.30165],
          [-120.6623, 41.30549],
          [-120.64264, 41.32724],
          [-120.63917, 41.33108],
          [-120.61951, 41.35284],
          [-120.62498, 41.37431],
          [-120.62151, 41.37815],
          [-120.60183, 41.3999],
          [-120.59836, 41.40373],
          [-120.57867, 41.42547],
          [-120.58414, 41.44694],
          [-120.58066, 41.45078],
          [-120.56096, 41.47251],
          [-120.55748, 41.47635],
          [-120.53777, 41.49807],
          [-120.54323, 41.51953],
          [-120.53975, 41.52337],
          [-120.52003, 41.54509],
          [-120.51654, 41.54892],
          [-120.49681, 41.57063],
          [-120.49333, 41.57446],
          [-120.47358, 41.59617],
          [-120.47009, 41.6],
          [-120.45034, 41.6217],
          [-120.44685, 41.62553],
          [-120.42709, 41.64722],
          [-120.43254, 41.66867],
          [-120.42905, 41.6725],
          [-120.40927, 41.69419],
          [-120.40578, 41.69802],
          [-120.38599, 41.7197],
          [-120.3825, 41.72352],
          [-120.3627, 41.7452],
          [-120.3592, 41.74903],
          [-120.3394, 41.7707],
          [-120.3359, 41.77452],
          [-120.31608, 41.79619],
          [-120.31258, 41.80001],
          [-120.29276, 41.82167],
          [-120.28926, 41.82549],
          [-120.26942, 41.84714],
          [-120.26592, 41.85096],
          [-120.24607, 41.87261],
          [-120.24257, 41.87643],
          [-120.22271, 41.89807],
          [-120.2192, 41.90189],
          [-120.19933, 41.92353],
          [-120.19583, 41.92735],
          [-120.17595, 41.94898],
          [-120.17244, 41.95279],
          [-120.14364, 41.95682],
          [-120.12374, 41.97844],
          [-120.12023, 41.98225],
          [-120.10032, 42.00387],
          [-120.09681, 42.00768],
          [-120.0769, 42.02929],
          [-120.07338, 42.03311],
          [-120.05346, 42.05471],
          [-120.04994, 42.05852],
          [-120.03, 42.08012],
          [-120.03539, 42.10153],
          [-120.03187, 42.10534],
          [-120.01192, 42.12693],
          [-120.0084, 42.13074],
          [-119.98844, 42.15232],
          [-119.98492, 42.15613],
          [-119.96495, 42.17771],
          [-119.97033, 42.19911],
          [-119.96681, 42.20292],
          [-119.94682, 42.22449],
          [-119.9433, 42.22829],
          [-119.92331, 42.24986],
          [-119.91978, 42.25366],
          [-119.89977, 42.27522],
          [-119.90515, 42.29661],
          [-119.90161, 42.30041],
          [-119.8816, 42.32197],
          [-119.87807, 42.32577],
          [-119.85804, 42.34731],
          [-119.86341, 42.36869],
          [-119.85987, 42.37249],
          [-119.83983, 42.39403],
          [-119.8363, 42.39783],
          [-119.81625, 42.41937],
          [-119.81271, 42.42316],
          [-119.79265, 42.44469],
          [-119.79801, 42.46606],
          [-119.79446, 42.46986],
          [-119.77439, 42.49138],
          [-119.77085, 42.49517],
          [-119.75077, 42.51669],
          [-119.74722, 42.52048],
          [-119.72713, 42.54199],
          [-119.73248, 42.56335],
          [-119.72893, 42.56714],
          [-119.70882, 42.58864],
          [-119.70528, 42.59243],
          [-119.68516, 42.61392],
          [-119.6905, 42.63527],
          [-119.68695, 42.63907],
          [-119.66682, 42.66055],
          [-119.66327, 42.66434],
          [-119.64313, 42.68582],
          [-119.64847, 42.70716],
          [-119.64491, 42.71095],
          [-119.62476, 42.73242],
          [-119.6212, 42.73621],
          [-119.60104, 42.75768],
          [-119.60637, 42.77901],
          [-119.60281, 42.7828],
          [-119.58263, 42.80425],
          [-119.57907, 42.80804],
          [-119.55889, 42.82949],
          [-119.55532, 42.83328],
          [-119.53513, 42.85472],
          [-119.54045, 42.87604],
          [-119.53688, 42.87983],
          [-119.51667, 42.90126],
          [-119.51311, 42.90505],
          [-119.49288, 42.92648],
          [-119.48932, 42.93026],
          [-119.46908, 42.95168],
          [-119.46551, 42.95546],
          [-119.44527, 42.97688],
          [-119.45058, 42.99819],
          [-119.44701, 43.00197],
          [-119.42675, 43.02338],
          [-119.43206, 43.04469],
          [-119.43738, 43.06599],
          [-119.44269, 43.08729],
          [-119.43911, 43.09106],
          [-119.41884, 43.11246],
          [-119.42415, 43.13375],
          [-119.42057, 43.13753],
          [-119.40028, 43.15892],
          [-119.40559, 43.18021],
          [-119.41091, 43.20149],
          [-119.41622, 43.22277],
          [-119.42154, 43.24405],
          [-119.42686, 43.26532],
          [-119.43218, 43.28659],
          [-119.4286, 43.29037],
          [-119.40828, 43.31174],
          [-119.4136, 43.333],
          [-119.41893, 43.35427],
          [-119.42425, 43.37553],
          [-119.42958, 43.39678],
          [-119.43491, 43.41804],
          [-119.44024, 43.43929],
          [-119.44558, 43.46054],
          [-119.45091, 43.48178],
          [-119.45625, 43.50302],
          [-119.48569, 43.51778],
          [-119.49088, 43.52039],
          [-119.49623, 43.54162],
          [-119.50159, 43.56285],
          [-119.53104, 43.5776],
          [-119.53405, 43.58049],
          [-119.54161, 43.60143],
          [-119.54697, 43.62265],
          [-119.55234, 43.64387],
          [-119.58183, 43.6586],
          [-119.58704, 43.6612],
          [-119.59242, 43.68241],
          [-119.5978, 43.70362],
          [-119.62731, 43.71834],
          [-119.63252, 43.72094],
          [-119.63791, 43.74214],
          [-119.66745, 43.75685],
          [-119.67266, 43.75944],
          [-119.70221, 43.77414],
          [-119.70742, 43.77674],
          [-119.71283, 43.79793],
          [-119.73073, 43.81746],
          [-119.74781, 43.83381],
          [-119.75303, 43.8364],
          [-119.75846, 43.85759],
          [-119.78804, 43.87226],
          [-119.79327, 43.87485],
          [-119.82286, 43.88952],
          [-119.82809, 43.89211],
          [-119.83353, 43.91329],
          [-119.86315, 43.92795],
          [-119.86837, 43.93053],
          [-119.898, 43.94519],
          [-119.90323, 43.94777],
          [-119.93286, 43.96242],
          [-119.93809, 43.965],
          [-119.96774, 43.97964],
          [-119.97297, 43.98222],
          [-120.00263, 43.99685],
          [-120.00787, 43.99943],
          [-120.01335, 44.02059],
          [-120.04303, 44.03521],
          [-120.04827, 44.03779],
          [-120.07795, 44.0524],
          [-120.08319, 44.05498],
          [-120.11289, 44.06959],
          [-120.11813, 44.07217],
          [-120.12364, 44.09331],
          [-120.15336, 44.10791],
          [-120.15639, 44.11078],
          [-120.16413, 44.13162],
          [-120.18218, 44.15106],
          [-120.1994, 44.16733],
          [-120.20244, 44.1702],
          [-120.21019, 44.19103],
          [-120.22825, 44.21046],
          [-120.2338, 44.23158],
          [-120.25105, 44.24784],
          [-120.25409, 44.25071],
          [-120.25965, 44.27182],
          [-120.26742, 44.29263],
          [-120.27298, 44.31373],
          [-120.27854, 44.33484],
          [-120.28411, 44.35594],
          [-120.30222, 44.37534],
          [-120.3195, 44.39158],
          [-120.32256, 44.39444],
          [-120.33035, 44.41523],
          [-120.33593, 44.43632],
          [-120.34152, 44.4574],
          [-120.35966, 44.47679],
          [-120.36525, 44.49786],
          [-120.36753, 44.5]
        ]
      }
    },
    {
      "type": "Feature",
      "id": "2026082418_f042_12000_001",
      "properties": {
        "product_id": "winter_storm_levels",
        "source_id": "nbm_snow_level",
        "parameter": "snow_level",
        "definition": "height of the wet-bulb 0.5 degree C surface",
        "level_ft_msl": 12000,
        "label": "12,000 ft MSL",
        "unit": "ft_msl",
        "cycle_time_utc": "2026-08-24T18:00:00Z",
        "valid_time_utc": "2026-08-26T12:00:00Z",
        "lead_hours": 42,
        "segment": 1,
        "length_m": 1886926.9
      },
      "geometry": {
        "type": "LineString",
        "coordinates": [
          [-129.64121, 31.46621],
          [-129.61546, 31.47194],
          [-129.59739, 31.49824],
          [-129.59644, 31.49962],
          [-129.57835, 31.52592],
          [-129.5774, 31.5273],
          [-129.55931, 31.5536],
          [-129.55835, 31.55498],
          [-129.54025, 31.58127],
          [-129.5393, 31.58265],
          [-129.52119, 31.60894],
          [-129.52024, 31.61032],
          [-129.50212, 31.63661],
          [-129.50116, 31.63799],
          [-129.48303, 31.66427],
          [-129.48208, 31.66565],
          [-129.46394, 31.69192],
          [-129.46299, 31.69331],
          [-129.44484, 31.71958],
          [-129.44389, 31.72096],
          [-129.41808, 31.72666],
          [-129.39992, 31.75292],
          [-129.39896, 31.7543],
          [-129.38079, 31.78057],
          [-129.37984, 31.78195],
          [-129.36166, 31.8082],
          [-129.3607, 31.80959],
          [-129.34251, 31.83584],
          [-129.34156, 31.83722],
          [-129.32336, 31.86347],
          [-129.3224, 31.86485],
          [-129.3042, 31.8911],
          [-129.30324, 31.89248],
          [-129.28503, 31.91872],
          [-129.28407, 31.9201],
          [-129.26585, 31.94634],
          [-129.26489, 31.94772],
          [-129.24666, 31.97395],
          [-129.2457, 31.97533],
          [-129.22746, 32.00156],
          [-129.2265, 32.00294],
          [-129.20825, 32.02917],
          [-129.20729, 32.03055],
          [-129.18903, 32.05677],
          [-129.18807, 32.05815],
          [-129.16217, 32.06381],
          [-129.1439, 32.09002],
          [-129.14294, 32.0914],
          [-129.12466, 32.11761],
          [-129.1237, 32.11899],
          [-129.10541, 32.1452],
          [-129.10444, 32.14658],
          [-129.08614, 32.17278],
          [-129.08518, 32.17416],
          [-129.05925, 32.1798],
          [-129.04094, 32.20599],
          [-129.03997, 32.20737],
          [-129.02165, 32.23356],
          [-129.02069, 32.23494],
          [-129.00235, 32.26113],
          [-129.00139, 32.26251],
          [-128.98305, 32.2887],
          [-128.98208, 32.29007],
          [-128.96373, 32.31626],
          [-128.96277, 32.31763],
          [-128.94441, 32.34381],
          [-128.94344, 32.34519],
          [-128.91747, 32.3508],
          [-128.89909, 32.37697],
          [-128.89813, 32.37835],
          [-128.87974, 32.40451],
          [-128.87878, 32.40589],
          [-128.85279, 32.41149],
          [-128.83439, 32.43765],
          [-128.83342, 32.43902],
          [-128.81501, 32.46518],
          [-128.81404, 32.46656],
          [-128.78804, 32.47214],
          [-128.76961, 32.49829],
          [-128.76864, 32.49967],
          [-128.75021, 32.52581],
          [-128.74924, 32.52719],
          [-128.72322, 32.53276],
          [-128.70477, 32.5589],
          [-128.7038, 32.56027],
          [-128.68534, 32.58641],
          [-128.68437, 32.58778],
          [-128.6659, 32.61391],
          [-128.66493, 32.61529],
          [-128.64646, 32.64141],
          [-128.64548, 32.64279],
          [-128.61943, 32.64834],
          [-128.60094, 32.67446],
          [-128.59996, 32.67584],
          [-128.58146, 32.70195],
          [-128.58049, 32.70332],
          [-128.56198, 32.72943],
          [-128.56101, 32.73081],
          [-128.53493, 32.73635],
          [-128.5164, 32.76245],
          [-128.51543, 32.76383],
          [-128.4969, 32.78992],
          [-128.49592, 32.7913],
          [-128.46982, 32.79683],
          [-128.45128, 32.82292],
          [-128.4503, 32.82429],
          [-128.43174, 32.85038],
          [-128.43076, 32.85175],
          [-128.4122, 32.87784],
          [-128.41122, 32.87921],
          [-128.3851, 32.88472],
          [-128.36652, 32.9108],
          [-128.36554, 32.91217],
          [-128.34695, 32.93824],
          [-128.34597, 32.93962],
          [-128.32737, 32.96568],
          [-128.32639, 32.96705],
          [-128.30024, 32.97256],
          [-128.28163, 32.99862],
          [-128.28065, 32.99999],
          [-128.26202, 33.02604],
          [-128.26104, 33.02741],
          [-128.24241, 33.05347],
          [-128.24143, 33.05484],
          [-128.21526, 33.06032],
          [-128.19661, 33.08637],
          [-128.19562, 33.08774],
          [-128.16945, 33.09322],
          [-128.15078, 33.11925],
          [-128.1498, 33.12062],
          [-128.13112, 33.14666],
          [-128.13014, 33.14803],
          [-128.11145, 33.17406],
          [-128.11047, 33.17542],
          [-128.08427, 33.18089],
          [-128.06557, 33.20691],
          [-128.06458, 33.20828],
          [-128.04587, 33.2343],
          [-128.04489, 33.23566],
          [-128.01867, 33.24112],
          [-127.99994, 33.26713],
          [-127.99896, 33.26849],
          [-127.97273, 33.27394],
          [-127.95399, 33.29994],
          [-127.953, 33.30131],
          [-127.93425, 33.32731],
          [-127.93326, 33.32867],
          [-127.90702, 33.33411],
          [-127.88825, 33.3601],
          [-127.88726, 33.36147],
          [-127.861, 33.36689],
          [-127.84222, 33.39287],
          [-127.84123, 33.39424],
          [-127.82244, 33.42022],
          [-127.82145, 33.42159],
          [-127.79518, 33.427],
          [-127.77637, 33.45297],
          [-127.77538, 33.45434],
          [-127.7491, 33.45974],
          [-127.73027, 33.4857],
          [-127.72928, 33.48707],
          [-127.71045, 33.51303],
          [-127.70946, 33.5144],
          [-127.68316, 33.51979],
          [-127.66431, 33.54574],
          [-127.66332, 33.54711],
          [-127.64446, 33.57305],
          [-127.64347, 33.57442],
          [-127.61715, 33.5798],
          [-127.59828, 33.60574],
          [-127.59728, 33.6071],
          [-127.5784, 33.63304],
          [-127.57741, 33.6344],
          [-127.55107, 33.63977],
          [-127.53217, 33.6657],
          [-127.53118, 33.66707],
          [-127.51227, 33.69299],
          [-127.51127, 33.69435],
          [-127.48492, 33.69971],
          [-127.466, 33.72563],
          [-127.465, 33.72699],
          [-127.43864, 33.73234],
          [-127.4197, 33.75825],
          [-127.4187, 33.75961],
          [-127.39975, 33.78552],
          [-127.39875, 33.78688],
          [-127.37237, 33.79222],
          [-127.35341, 33.81812],
          [-127.35225, 33.81893],
          [-127.32602, 33.82481],
          [-127.30704, 33.8507],
          [-127.30588, 33.85151],
          [-127.27964, 33.85738],
          [-127.26064, 33.88326],
          [-127.25948, 33.88408],
          [-127.23323, 33.88994],
          [-127.21422, 33.91581],
          [-127.21322, 33.91717],
          [-127.1942, 33.94304],
          [-127.19319, 33.9444],
          [-127.17416, 33.97027],
          [-127.17316, 33.97163],
          [-127.15412, 33.99749],
          [-127.15312, 33.99885],
          [-127.13407, 34.0247],
          [-127.1329, 34.02552],
          [-127.10661, 34.03136],
          [-127.08755, 34.0572],
          [-127.08654, 34.05856],
          [-127.06312, 34.07426],
          [-127.041, 34.08969],
          [-127.04, 34.09105],
          [-127.02091, 34.11688],
          [-127.01974, 34.11769],
          [-126.99645, 34.13393],
          [-126.97432, 34.14934],
          [-126.97331, 34.1507],
          [-126.95419, 34.17652],
          [-126.95303, 34.17734],
          [-126.92669, 34.18314],
          [-126.90756, 34.20896],
          [-126.90639, 34.20977],
          [-126.88005, 34.21557],
          [-126.8609, 34.24138],
          [-126.85973, 34.24219],
          [-126.83338, 34.24798],
          [-126.81421, 34.27378],
          [-126.81304, 34.27459],
          [-126.78668, 34.28037],
          [-126.7675, 34.30617],
          [-126.76633, 34.30697],
          [-126.74296, 34.32316],
          [-126.72076, 34.33853],
          [-126.71975, 34.33989],
          [-126.69621, 34.35552],
          [-126.67399, 34.37089],
          [-126.67298, 34.37224],
          [-126.64942, 34.38787],
          [-126.62719, 34.40322],
          [-126.62618, 34.40458],
          [-126.60694, 34.43034],
          [-126.60577, 34.43115],
          [-126.57936, 34.4369],
          [-126.5601, 34.46265],
          [-126.55893, 34.46346],
          [-126.5355, 34.47961],
          [-126.51323, 34.49495],
          [-126.51222, 34.4963],
          [-126.49294, 34.52205],
          [-126.49176, 34.52285],
          [-126.46831, 34.53899],
          [-126.44603, 34.55432],
          [-126.44501, 34.55567],
          [-126.4257, 34.5814],
          [-126.42453, 34.58221],
          [-126.40105, 34.59833],
          [-126.37874, 34.61364],
          [-126.37757, 34.61445],
          [-126.35408, 34.63057],
          [-126.33176, 34.64587],
          [-126.33074, 34.64723],
          [-126.31139, 34.67293],
          [-126.31022, 34.67374],
          [-126.28671, 34.68984],
          [-126.26437, 34.70514],
          [-126.26319, 34.70594],
          [-126.2433, 34.73231],
          [-126.24279, 34.73299],
          [-126.21926, 34.74908],
          [-126.1969, 34.76436],
          [-126.19572, 34.76517],
          [-126.17217, 34.78125],
          [-126.1498, 34.79653],
          [-126.14862, 34.79733],
          [-126.12506, 34.8134],
          [-126.11535, 34.82624],
          [-126.10461, 34.84043],
          [-126.08221, 34.85569],
          [-126.08104, 34.85649],
          [-126.05745, 34.87255],
          [-126.03504, 34.88781],
          [-126.03386, 34.88861],
          [-126.01027, 34.90466],
          [-126.00053, 34.91749],
          [-125.98977, 34.93166],
          [-125.96734, 34.94691],
          [-125.96616, 34.94771],
          [-125.94254, 34.96375],
          [-125.9201, 34.97898],
          [-125.91907, 34.98033],
          [-125.89957, 35.00597],
          [-125.89839, 35.00677],
          [-125.87475, 35.0228],
          [-125.85228, 35.03802],
          [-125.8511, 35.03882],
          [-125.82745, 35.05484],
          [-125.81768, 35.06765],
          [-125.80688, 35.0818],
          [-125.78439, 35.09701],
          [-125.78321, 35.09781],
          [-125.75953, 35.11382],
          [-125.73703, 35.12902],
          [-125.736, 35.13037],
          [-125.71643, 35.15597],
          [-125.71525, 35.15677],
          [-125.69155, 35.17276],
          [-125.66903, 35.18795],
          [-125.66784, 35.18875],
          [-125.64413, 35.20474],
          [-125.6216, 35.21992],
          [-125.62056, 35.22127],
          [-125.60095, 35.24684],
          [-125.59976, 35.24764],
          [-125.57603, 35.26362],
          [-125.55347, 35.27879],
          [-125.55228, 35.27958],
          [-125.52854, 35.29555],
          [-125.50597, 35.31071],
          [-125.50478, 35.31151],
          [-125.4846, 35.33774],
          [-125.48409, 35.33841],
          [-125.46032, 35.35436],
          [-125.43773, 35.36951],
          [-125.43669, 35.37085],
          [-125.41701, 35.3964],
          [-125.41582, 35.39719],
          [-125.39202, 35.41313],
          [-125.36941, 35.42827],
          [-125.36837, 35.42961],
          [-125.34441, 35.445],
          [-125.32179, 35.46013],
          [-125.32075, 35.46147],
          [-125.30103, 35.48699],
          [-125.29983, 35.48779],
          [-125.276, 35.5037],
          [-125.25336, 35.51882],
          [-125.25232, 35.52016],
          [-125.23257, 35.54567],
          [-125.23137, 35.54647],
          [-125.20752, 35.56237],
          [-125.18485, 35.57748],
          [-125.18366, 35.57827],
          [-125.16336, 35.60444],
          [-125.16284, 35.60511],
          [-125.13607, 35.6106],
          [-125.11628, 35.63609],
          [-125.11508, 35.63689],
          [-125.08831, 35.64237],
          [-125.06849, 35.66785],
          [-125.0673, 35.66865],
          [-125.0434, 35.68452],
          [-125.02068, 35.6996],
          [-125.01964, 35.70094],
          [-124.9998, 35.7264],
          [-124.9986, 35.72719],
          [-124.97468, 35.74306],
          [-124.95194, 35.75812],
          [-124.95074, 35.75891],
          [-124.9268, 35.77476],
          [-124.90406, 35.78982],
          [-124.90301, 35.79116],
          [-124.88313, 35.8166],
          [-124.88193, 35.81739],
          [-124.85797, 35.83323],
          [-124.8352, 35.84828],
          [-124.834, 35.84907],
          [-124.81002, 35.8649],
          [-124.78724, 35.87993],
          [-124.78619, 35.88127],
          [-124.76626, 35.90669],
          [-124.76506, 35.90748],
          [-124.74107, 35.9233],
          [-124.71826, 35.93832],
          [-124.71706, 35.93911],
          [-124.69305, 35.95492],
          [-124.68307, 35.96762],
          [-124.67204, 35.98166],
          [-124.64921, 35.99667],
          [-124.64801, 35.99746],
          [-124.62397, 36.01326],
          [-124.60113, 36.02826],
          [-124.60008, 36.0296],
          [-124.58008, 36.05498],
          [-124.57903, 36.05632],
          [-124.55902, 36.0817],
          [-124.55782, 36.08249],
          [-124.53376, 36.09826],
          [-124.51089, 36.11325],
          [-124.50983, 36.11458],
          [-124.4898, 36.13995],
          [-124.48859, 36.14074],
          [-124.4645, 36.15651],
          [-124.44161, 36.17148],
          [-124.44056, 36.17281],
          [-124.4205, 36.19817],
          [-124.41929, 36.19895],
          [-124.39518, 36.2147],
          [-124.37227, 36.22966],
          [-124.37121, 36.231],
          [-124.35112, 36.25634],
          [-124.34992, 36.25712],
          [-124.32578, 36.27286],
          [-124.30285, 36.28781],
          [-124.30179, 36.28914],
          [-124.28168, 36.31447],
          [-124.28062, 36.3158],
          [-124.26049, 36.34112],
          [-124.25928, 36.34191],
          [-124.23229, 36.34725],
          [-124.21215, 36.37256],
          [-124.21109, 36.37389],
          [-124.19094, 36.3992],
          [-124.18988, 36.40053],
          [-124.16272, 36.40531],
          [-124.14256, 36.43061],
          [-124.1415, 36.43194],
          [-124.12132, 36.45723],
          [-124.12026, 36.45857],
          [-124.0959, 36.47371],
          [-124.07289, 36.48862],
          [-124.07182, 36.48995],
          [-124.05162, 36.51523],
          [-124.05056, 36.51656],
          [-124.02617, 36.53169],
          [-124.00314, 36.54658],
          [-124.00208, 36.54791],
          [-123.98185, 36.57318],
          [-123.98078, 36.57451],
          [-123.95638, 36.58963],
          [-123.93332, 36.60451],
          [-123.93226, 36.60584],
          [-123.912, 36.63109],
          [-123.91093, 36.63242],
          [-123.89067, 36.65767],
          [-123.88945, 36.65845],
          [-123.86236, 36.66372],
          [-123.84208, 36.68896],
          [-123.84101, 36.69029],
          [-123.82072, 36.71552],
          [-123.8195, 36.7163],
          [-123.7924, 36.72156],
          [-123.77208, 36.74678],
          [-123.77101, 36.74811],
          [-123.75069, 36.77333],
          [-123.74962, 36.77466],
          [-123.72929, 36.79987],
          [-123.72807, 36.80065],
          [-123.70094, 36.8059],
          [-123.68059, 36.8311],
          [-123.67952, 36.83243],
          [-123.65916, 36.85763],
          [-123.65794, 36.85841],
          [-123.63358, 36.87401],
          [-123.61042, 36.88883],
          [-123.60935, 36.89016],
          [-123.58896, 36.91534],
          [-123.58774, 36.91612],
          [-123.56335, 36.93171],
          [-123.54017, 36.94652],
          [-123.5391, 36.94784],
          [-123.51868, 36.97301],
          [-123.51761, 36.97434],
          [-123.49718, 36.99951],
          [-123.49596, 37.00029],
          [-123.47154, 37.01586],
          [-123.46132, 37.02844],
          [-123.45002, 37.04234],
          [-123.4268, 37.05712],
          [-123.42573, 37.05844],
          [-123.40527, 37.08359],
          [-123.40419, 37.08492],
          [-123.38372, 37.11006],
          [-123.38264, 37.11138],
          [-123.36216, 37.13652],
          [-123.36108, 37.13784],
          [-123.34059, 37.16297],
          [-123.33951, 37.1643],
          [-123.31901, 37.18942],
          [-123.31793, 37.19075],
          [-123.29742, 37.21587],
          [-123.29634, 37.21719],
          [-123.27582, 37.24231],
          [-123.27474, 37.24363],
          [-123.25421, 37.26874],
          [-123.25313, 37.27006],
          [-123.23259, 37.29517],
          [-123.23151, 37.29649],
          [-123.21095, 37.32159],
          [-123.20973, 37.32236],
          [-123.18862, 37.34812],
          [-123.18808, 37.34878],
          [-123.16354, 37.36428],
          [-123.15325, 37.37683],
          [-123.14187, 37.39069],
          [-123.13158, 37.40323],
          [-123.1202, 37.41709],
          [-123.1099, 37.42963],
          [-123.09851, 37.44348],
          [-123.08821, 37.45602],
          [-123.07682, 37.46987],
          [-123.05346, 37.48458],
          [-123.05237, 37.4859],
          [-123.03174, 37.51096],
          [-123.03066, 37.51228],
          [-123.01002, 37.53733],
          [-123.00879, 37.5381],
          [-122.98759, 37.56381],
          [-122.98705, 37.56447],
          [-122.96585, 37.59017],
          [-122.9653, 37.59083],
          [-122.94067, 37.60629],
          [-122.93033, 37.61881],
          [-122.9189, 37.63264],
          [-122.90856, 37.64516],
          [-122.89712, 37.65899],
          [-122.88678, 37.6715],
          [-122.87534, 37.68533],
          [-122.86498, 37.69784],
          [-122.85354, 37.71166],
          [-122.84318, 37.72417],
          [-122.83173, 37.73799],
          [-122.80827, 37.75265],
          [-122.80718, 37.75396],
          [-122.78645, 37.77897],
          [-122.78535, 37.78028],
          [-122.76461, 37.80528],
          [-122.76351, 37.80659],
          [-122.74275, 37.83158],
          [-122.74166, 37.8329],
          [-122.72089, 37.85789],
          [-122.7198, 37.8592],
          [-122.69902, 37.88418],
          [-122.69793, 37.8855],
          [-122.67714, 37.91047],
          [-122.6759, 37.91124],
          [-122.65455, 37.93687],
          [-122.65401, 37.93752],
          [-122.63265, 37.96315],
          [-122.6321, 37.9638],
          [-122.61073, 37.98942],
          [-122.61019, 37.99007],
          [-122.58881, 38.01568],
          [-122.58826, 38.01634],
          [-122.56687, 38.04195],
          [-122.56632, 38.0426],
          [-122.54492, 38.0682],
          [-122.54437, 38.06886],
          [-122.52296, 38.09445],
          [-122.52242, 38.09511],
          [-122.501, 38.12069],
          [-122.50045, 38.12135],
          [-122.47902, 38.14693],
          [-122.47847, 38.14759],
          [-122.45702, 38.17316],
          [-122.45647, 38.17382],
          [-122.43502, 38.19939],
          [-122.43447, 38.20005],
          [-122.41301, 38.22561],
          [-122.41246, 38.22627],
          [-122.39099, 38.25182],
          [-122.39044, 38.25248],
          [-122.36895, 38.27803],
          [-122.3684, 38.27869],
          [-122.34691, 38.30424],
          [-122.3465, 38.30544],
          [-122.33871, 38.32821],
          [-122.32713, 38.34196],
          [-122.31665, 38.3544],
          [-122.30506, 38.36815],
          [-122.29458, 38.38059],
          [-122.28298, 38.39434],
          [-122.27249, 38.40677],
          [-122.2599, 38.41671],
          [-122.24554, 38.43373],
          [-122.23879, 38.44669],
          [-122.22829, 38.45912],
          [-122.21668, 38.47286],
          [-122.20617, 38.48528],
          [-122.19456, 38.49902],
          [-122.18404, 38.51144],
          [-122.17242, 38.52517],
          [-122.1619, 38.53759],
          [-122.14929, 38.54752],
          [-122.12586, 38.56595],
          [-122.12525, 38.56642],
          [-122.10032, 38.58187],
          [-122.08979, 38.59429],
          [-122.07814, 38.608],
          [-122.06761, 38.62042],
          [-122.05596, 38.63413],
          [-122.04542, 38.64654],
          [-122.03713, 38.67046],
          [-122.03657, 38.67112],
          [-122.01492, 38.69658],
          [-122.01451, 38.69778],
          [-121.9934, 38.72258],
          [-121.99229, 38.72388],
          [-121.97117, 38.74868],
          [-121.97005, 38.74999],
          [-121.94892, 38.77478],
          [-121.94781, 38.77608],
          [-121.92667, 38.80087],
          [-121.92556, 38.80217],
          [-121.90441, 38.82696],
          [-121.9033, 38.82826],
          [-121.88213, 38.85304],
          [-121.88102, 38.85434],
          [-121.8731, 38.87704],
          [-121.86139, 38.89072],
          [-121.8508, 38.90311],
          [-121.8391, 38.91679],
          [-121.81524, 38.93124],
          [-121.81413, 38.93254],
          [-121.80618, 38.95523],
          [-121.79446, 38.96891],
          [-121.78386, 38.98128],
          [-121.77213, 38.99495],
          [-121.76152, 39.00732],
          [-121.74979, 39.021],
          [-121.73917, 39.03336],
          [-121.73079, 39.05723],
          [-121.73023, 39.05788],
          [-121.70842, 39.08326],
          [-121.708, 39.08445],
          [-121.68674, 39.10917],
          [-121.68562, 39.11048],
          [-121.66435, 39.13519],
          [-121.66323, 39.13649],
          [-121.64195, 39.1612],
          [-121.64083, 39.1625],
          [-121.61954, 39.18721],
          [-121.61842, 39.18851],
          [-121.59712, 39.21321],
          [-121.596, 39.21451],
          [-121.58799, 39.23716],
          [-121.57621, 39.2508],
          [-121.56555, 39.26314],
          [-121.55376, 39.27679],
          [-121.5431, 39.28913],
          [-121.53464, 39.31296],
          [-121.53408, 39.31361],
          [-121.51218, 39.33893],
          [-121.51161, 39.33958],
          [-121.4897, 39.3649],
          [-121.48913, 39.36554],
          [-121.4672, 39.39086],
          [-121.46664, 39.39151],
          [-121.4447, 39.41681],
          [-121.44428, 39.418],
          [-121.42289, 39.44265],
          [-121.42176, 39.44395],
          [-121.40036, 39.4686],
          [-121.39924, 39.46989],
          [-121.37783, 39.49453],
          [-121.3767, 39.49583],
          [-121.35528, 39.52046],
          [-121.35415, 39.52176],
          [-121.33272, 39.54639],
          [-121.33159, 39.54768],
          [-121.31015, 39.5723],
          [-121.30889, 39.57306],
          [-121.28687, 39.59832],
          [-121.2863, 39.59897],
          [-121.26428, 39.62423],
          [-121.26371, 39.62487],
          [-121.24167, 39.65013],
          [-121.24111, 39.65077],
          [-121.21906, 39.67602],
          [-121.21863, 39.67721],
          [-121.19714, 39.7018],
          [-121.196, 39.70309],
          [-121.18787, 39.72567],
          [-121.17598, 39.73926],
          [-121.16522, 39.75155],
          [-121.15665, 39.7753],
          [-121.15608, 39.77595],
          [-121.13398, 39.80117],
          [-121.13342, 39.80182],
          [-121.11131, 39.82703],
          [-121.11074, 39.82768],
          [-121.08531, 39.84271],
          [-121.07453, 39.85499],
          [-121.06262, 39.86856],
          [-121.05183, 39.88084],
          [-121.03991, 39.8944],
          [-121.02912, 39.90668],
          [-121.01719, 39.92024],
          [-120.993, 39.9345],
          [-120.99186, 39.93579],
          [-120.97026, 39.96033],
          [-120.96912, 39.96162],
          [-120.94751, 39.98615],
          [-120.94637, 39.98744],
          [-120.92475, 40.01196],
          [-120.92361, 40.01325],
          [-120.90198, 40.03777],
          [-120.9007, 40.03851],
          [-120.87849, 40.06367],
          [-120.87792, 40.06431],
          [-120.8524, 40.0793],
          [-120.82814, 40.09353],
          [-120.827, 40.09482],
          [-120.80533, 40.11931],
          [-120.80419, 40.1206],
          [-120.7825, 40.14509],
          [-120.78136, 40.14638],
          [-120.75967, 40.17086],
          [-120.75852, 40.17215],
          [-120.73682, 40.19662],
          [-120.73568, 40.19791],
          [-120.71396, 40.22238],
          [-120.71282, 40.22367],
          [-120.68452, 40.22781],
          [-120.66278, 40.25227],
          [-120.66164, 40.25356],
          [-120.6359, 40.26796],
          [-120.61157, 40.28215],
          [-120.61043, 40.28343],
          [-120.58866, 40.30788],
          [-120.58752, 40.30916],
          [-120.56574, 40.3336],
          [-120.5646, 40.33489],
          [-120.54281, 40.35932],
          [-120.54166, 40.3606],
          [-120.51987, 40.38503],
          [-120.51872, 40.38632],
          [-120.49691, 40.41074],
          [-120.49576, 40.41202],
          [-120.47394, 40.43643],
          [-120.4728, 40.43772],
          [-120.45097, 40.46213],
          [-120.44982, 40.46341],
          [-120.42798, 40.48781],
          [-120.42683, 40.4891],
          [-120.39844, 40.49319],
          [-120.37658, 40.51758],
          [-120.37543, 40.51886],
          [-120.35356, 40.54325],
          [-120.35241, 40.54453],
          [-120.33053, 40.56891],
          [-120.32938, 40.57019],
          [-120.30749, 40.59457],
          [-120.30634, 40.59585],
          [-120.28443, 40.62022],
          [-120.28328, 40.6215],
          [-120.26137, 40.64586],
          [-120.26021, 40.64714],
          [-120.23829, 40.6715],
          [-120.23713, 40.67278],
          [-120.2152, 40.69713],
          [-120.21404, 40.69841],
          [-120.1921, 40.72275],
          [-120.19094, 40.72403],
          [-120.16899, 40.74837],
          [-120.16783, 40.74965],
          [-120.14586, 40.77398],
          [-120.1447, 40.77526],
          [-120.12273, 40.79958],
          [-120.12157, 40.80086],
          [-120.09958, 40.82518],
          [-120.09842, 40.82646],
          [-120.07642, 40.85077],
          [-120.07526, 40.85205],
          [-120.04676, 40.85608],
          [-120.02474, 40.88038],
          [-120.02358, 40.88166],
          [-120.00155, 40.90596],
          [-120.00039, 40.90724],
          [-119.97835, 40.93152],
          [-119.97719, 40.9328],
          [-119.95514, 40.95709],
          [-119.95398, 40.95836],
          [-119.93191, 40.98264],
          [-119.93651, 41.00428],
          [-119.93593, 41.00492],
          [-119.91327, 41.02983],
          [-119.91282, 41.03101],
          [-119.89073, 41.05527],
          [-119.88957, 41.05654],
          [-119.86747, 41.0808],
          [-119.86617, 41.08154],
          [-119.83774, 41.08607],
          [-119.81562, 41.11032],
          [-119.81445, 41.11159],
          [-119.79232, 41.13583],
          [-119.79116, 41.13711],
          [-119.76902, 41.16134],
          [-119.76785, 41.16261],
          [-119.7457, 41.18684],
          [-119.74453, 41.18812],
          [-119.72237, 41.21234],
          [-119.7212, 41.21361],
          [-119.69903, 41.23783],
          [-119.69786, 41.2391],
          [-119.67568, 41.26331],
          [-119.67451, 41.26458],
          [-119.65231, 41.28878],
          [-119.65114, 41.29006],
          [-119.62894, 41.31425],
          [-119.62777, 41.31553],
          [-119.60555, 41.33972],
          [-119.60438, 41.34099],
          [-119.58215, 41.36517],
          [-119.58098, 41.36644],
          [-119.55874, 41.39062],
          [-119.55757, 41.39189],
          [-119.53532, 41.41606],
          [-119.53414, 41.41734],
          [-119.51188, 41.4415],
          [-119.51071, 41.44277],
          [-119.48843, 41.46693],
          [-119.48726, 41.4682],
          [-119.46498, 41.49235],
          [-119.47021, 41.51385],
          [-119.46904, 41.51512],
          [-119.44674, 41.53926],
          [-119.44557, 41.54053],
          [-119.42326, 41.56467],
          [-119.42208, 41.56594],
          [-119.39976, 41.59007],
          [-119.39858, 41.59134],
          [-119.37625, 41.61546],
          [-119.37507, 41.61673],
          [-119.35273, 41.64085],
          [-119.35155, 41.64212],
          [-119.3292, 41.66623],
          [-119.33441, 41.68771],
          [-119.33324, 41.68898],
          [-119.31087, 41.71308],
          [-119.30969, 41.71435],
          [-119.28731, 41.73845],
          [-119.28613, 41.73971],
          [-119.26374, 41.7638],
          [-119.26256, 41.76507],
          [-119.24015, 41.78916],
          [-119.23897, 41.79042],
          [-119.23024, 41.81266],
          [-119.22176, 41.83596],
          [-119.22058, 41.83723],
          [-119.19815, 41.8613],
          [-119.19697, 41.86257],
          [-119.17453, 41.88663],
          [-119.17334, 41.88789],
          [-119.16459, 41.91011],
          [-119.15608, 41.9334],
          [-119.1549, 41.93467],
          [-119.13243, 41.95872],
          [-119.13125, 41.95998],
          [-119.10877, 41.98402],
          [-119.10759, 41.98529],
          [-119.09881, 42.00749],
          [-119.09028, 42.03076],
          [-119.0891, 42.03203],
          [-119.06659, 42.05605],
          [-119.07105, 42.07759],
          [-119.07059, 42.07876],
          [-119.04807, 42.10277],
          [-119.04688, 42.10404],
          [-119.02435, 42.12805],
          [-119.02317, 42.12931],
          [-119.01435, 42.15149],
          [-119.0058, 42.17474],
          [-119.00461, 42.176],
          [-118.98205, 42.2],
          [-118.98086, 42.20126],
          [-118.95829, 42.22525],
          [-118.95711, 42.22651],
          [-118.93453, 42.25049],
          [-118.93334, 42.25176],
          [-118.92449, 42.27392],
          [-118.91518, 42.29724],
          [-118.91472, 42.29841],
          [-118.89211, 42.32237],
          [-118.89092, 42.32364],
          [-118.88206, 42.34579],
          [-118.87346, 42.369],
          [-118.87226, 42.37026],
          [-118.8634, 42.39241],
          [-118.85406, 42.41571],
          [-118.85359, 42.41688],
          [-118.83094, 42.44082],
          [-118.82975, 42.44208],
          [-118.82087, 42.46421],
          [-118.81152, 42.4875],
          [-118.81105, 42.48867],
          [-118.80216, 42.51079],
          [-118.79279, 42.53408],
          [-118.79232, 42.53524],
          [-118.76964, 42.55916],
          [-118.76844, 42.56042],
          [-118.75953, 42.58253],
          [-118.75088, 42.60571],
          [-118.74968, 42.60697],
          [-118.72697, 42.63087],
          [-118.72577, 42.63212],
          [-118.71685, 42.65423],
          [-118.70745, 42.67749],
          [-118.70698, 42.67865],
          [-118.68424, 42.70254],
          [-118.68304, 42.70379],
          [-118.67411, 42.72588],
          [-118.66469, 42.74913],
          [-118.66422, 42.75029],
          [-118.65527, 42.77238],
          [-118.64585, 42.79562],
          [-118.64538, 42.79678],
          [-118.63643, 42.81885],
          [-118.62699, 42.84209],
          [-118.62652, 42.84325],
          [-118.60372, 42.8671],
          [-118.60252, 42.86836],
          [-118.59355, 42.89042],
          [-118.58483, 42.91355],
          [-118.58363, 42.9148],
          [-118.57465, 42.93686],
          [-118.56592, 42.95998],
          [-118.56472, 42.96123],
          [-118.55573, 42.98328],
          [-118.54627, 43.00649],
          [-118.54579, 43.00765],
          [-118.52294, 43.03146],
          [-118.52173, 43.03272],
          [-118.51273, 43.05475],
          [-118.50325, 43.07795],
          [-118.50277, 43.07911],
          [-118.49376, 43.10114],
          [-118.48427, 43.12432],
          [-118.4838, 43.12548],
          [-118.4609, 43.14928],
          [-118.45969, 43.15053],
          [-118.45066, 43.17255],
          [-118.44115, 43.19572],
          [-118.44068, 43.19688],
          [-118.43164, 43.21889],
          [-118.42212, 43.24205],
          [-118.42165, 43.24321],
          [-118.39871, 43.26698],
          [-118.40308, 43.28837],
          [-118.4026, 43.28953],
          [-118.39355, 43.31153],
          [-118.38401, 43.33468],
          [-118.38353, 43.33583],
          [-118.37447, 43.35782],
          [-118.36493, 43.38096],
          [-118.36445, 43.38212],
          [-118.35538, 43.4041],
          [-118.34583, 43.42724],
          [-118.34535, 43.42839],
          [-118.32235, 43.45212],
          [-118.32671, 43.47349],
          [-118.32623, 43.47465],
          [-118.30321, 43.49837],
          [-118.302, 43.49962],
          [-118.2929, 43.52158],
          [-118.28332, 43.54469],
          [-118.28284, 43.54585],
          [-118.27374, 43.5678],
          [-118.26415, 43.59091],
          [-118.26367, 43.59207],
          [-118.25456, 43.61401],
          [-118.24181, 43.62711],
          [-118.23028, 43.63895],
          [-118.22067, 43.66204],
          [-118.22019, 43.6632],
          [-118.21106, 43.68513],
          [-118.20145, 43.70822],
          [-118.20097, 43.70937],
          [-118.19183, 43.7313],
          [-118.1822, 43.75438],
          [-118.18172, 43.75553],
          [-118.1586, 43.77919],
          [-118.15739, 43.78044],
          [-118.13426, 43.80409],
          [-118.13933, 43.82532],
          [-118.13811, 43.82657],
          [-118.11496, 43.85021],
          [-118.11374, 43.85146],
          [-118.09059, 43.87509],
          [-118.08937, 43.87634],
          [-118.0662, 43.89997],
          [-118.07126, 43.92119],
          [-118.07559, 43.9425],
          [-118.0751, 43.94365],
          [-118.05191, 43.96727],
          [-118.05069, 43.96852],
          [-118.02749, 43.99213],
          [-118.03181, 44.01343],
          [-118.03133, 44.01458],
          [-118.00811, 44.03818],
          [-118.01243, 44.05948],
          [-118.01194, 44.06063],
          [-118.00273, 44.0825],
          [-117.99303, 44.10551],
          [-117.99242, 44.10613],
          [-117.96542, 44.12036],
          [-117.95379, 44.13215],
          [-117.94407, 44.15515],
          [-117.94359, 44.1563],
          [-117.93435, 44.17815],
          [-117.92462, 44.20115],
          [-117.92413, 44.2023],
          [-117.90085, 44.22586],
          [-117.90589, 44.24704],
          [-117.90466, 44.24828],
          [-117.88136, 44.27183],
          [-117.8864, 44.293],
          [-117.89144, 44.31418],
          [-117.92435, 44.33086],
          [-117.92608, 44.33173],
          [-117.959, 44.3484],
          [-117.96073, 44.34928],
          [-117.99366, 44.36595],
          [-117.99539, 44.36682],
          [-118.02834, 44.38348],
          [-118.05794, 44.37985],
          [-118.05967, 44.38072],
          [-118.06476, 44.40188],
          [-118.09772, 44.41852],
          [-118.12733, 44.41488],
          [-118.15694, 44.41123],
          [-118.18655, 44.40758],
          [-118.21615, 44.40393],
          [-118.21789, 44.4048],
          [-118.25088, 44.42141],
          [-118.28049, 44.41775],
          [-118.28223, 44.41862],
          [-118.31523, 44.43522],
          [-118.31697, 44.4361],
          [-118.34999, 44.45269],
          [-118.3796, 44.44901],
          [-118.38134, 44.44988],
          [-118.41438, 44.46646],
          [-118.41612, 44.46733],
          [-118.44917, 44.4839],
          [-118.4509, 44.48478],
          [-118.48129, 44.5]
        ]
      }
    },
    {
      "type": "Feature",
      "id": "2026082418_f042_13000_001",
      "properties": {
        "product_id": "winter_storm_levels",
        "source_id": "nbm_snow_level",
        "parameter": "snow_level",
        "definition": "height of the wet-bulb 0.5 degree C surface",
        "level_ft_msl": 13000,
        "label": "13,000 ft MSL",
        "unit": "ft_msl",
        "cycle_time_utc": "2026-08-24T18:00:00Z",
        "valid_time_utc": "2026-08-26T12:00:00Z",
        "lead_hours": 42,
        "segment": 1,
        "length_m": 38866.3
      },
      "geometry": {
        "type": "LineString",
        "coordinates": [
          [-113.32559, 43.79384],
          [-113.32156, 43.77248],
          [-113.31754, 43.75112],
          [-113.28564, 43.73359],
          [-113.25607, 43.73648],
          [-113.2265, 43.73937],
          [-113.19693, 43.74226],
          [-113.17263, 43.76529],
          [-113.17662, 43.78665],
          [-113.18061, 43.80801],
          [-113.21252, 43.82556],
          [-113.2142, 43.82648],
          [-113.24612, 43.84402],
          [-113.27572, 43.84113],
          [-113.30002, 43.81809],
          [-113.3013, 43.81688],
          [-113.32559, 43.79384]
        ]
      }
    },
    {
      "type": "Feature",
      "id": "2026082418_f042_13000_002",
      "properties": {
        "product_id": "winter_storm_levels",
        "source_id": "nbm_snow_level",
        "parameter": "snow_level",
        "definition": "height of the wet-bulb 0.5 degree C surface",
        "level_ft_msl": 13000,
        "label": "13,000 ft MSL",
        "unit": "ft_msl",
        "cycle_time_utc": "2026-08-24T18:00:00Z",
        "valid_time_utc": "2026-08-26T12:00:00Z",
        "lead_hours": 42,
        "segment": 2,
        "length_m": 134741.2
      },
      "geometry": {
        "type": "LineString",
        "coordinates": [
          [-113.8311, 44.06965],
          [-113.82696, 44.04835],
          [-113.82281, 44.02704],
          [-113.79073, 44.00962],
          [-113.78904, 44.0087],
          [-113.75697, 43.99127],
          [-113.75528, 43.99036],
          [-113.72322, 43.97292],
          [-113.69359, 43.97588],
          [-113.69191, 43.97496],
          [-113.65986, 43.95752],
          [-113.65817, 43.9566],
          [-113.65945, 43.95538],
          [-113.68369, 43.93232],
          [-113.67958, 43.91099],
          [-113.67548, 43.88966],
          [-113.67137, 43.86832],
          [-113.63937, 43.85086],
          [-113.60978, 43.85381],
          [-113.60809, 43.85289],
          [-113.5761, 43.83541],
          [-113.54651, 43.83835],
          [-113.54483, 43.83743],
          [-113.54076, 43.81609],
          [-113.54204, 43.81488],
          [-113.56626, 43.7918],
          [-113.5343, 43.77431],
          [-113.50473, 43.77725],
          [-113.47516, 43.78018],
          [-113.45091, 43.80324],
          [-113.44963, 43.80445],
          [-113.42537, 43.82751],
          [-113.4241, 43.82872],
          [-113.3945, 43.83164],
          [-113.36491, 43.83455],
          [-113.34062, 43.85759],
          [-113.33935, 43.85881],
          [-113.31505, 43.88184],
          [-113.31377, 43.88305],
          [-113.28945, 43.90608],
          [-113.29348, 43.92742],
          [-113.2975, 43.94875],
          [-113.30152, 43.97008],
          [-113.33351, 43.98759],
          [-113.33519, 43.98851],
          [-113.36719, 44.00601],
          [-113.39683, 44.0031],
          [-113.42647, 44.00019],
          [-113.45612, 43.99727],
          [-113.48576, 43.99434],
          [-113.48744, 43.99526],
          [-113.51947, 44.01274],
          [-113.54911, 44.0098],
          [-113.55079, 44.01072],
          [-113.58284, 44.02818],
          [-113.61248, 44.02524],
          [-113.61417, 44.02616],
          [-113.64623, 44.04361],
          [-113.64792, 44.04453],
          [-113.67999, 44.06196],
          [-113.68168, 44.06288],
          [-113.71376, 44.08031],
          [-113.71545, 44.08123],
          [-113.74754, 44.09866],
          [-113.7772, 44.09569],
          [-113.80686, 44.09272],
          [-113.8311, 44.06965]
        ]
      }
    },
    {
      "type": "Feature",
      "id": "2026082418_f042_13000_003",
      "properties": {
        "product_id": "winter_storm_levels",
        "source_id": "nbm_snow_level",
        "parameter": "snow_level",
        "definition": "height of the wet-bulb 0.5 degree C surface",
        "level_ft_msl": 13000,
        "label": "13,000 ft MSL",
        "unit": "ft_msl",
        "cycle_time_utc": "2026-08-24T18:00:00Z",
        "valid_time_utc": "2026-08-26T12:00:00Z",
        "lead_hours": 42,
        "segment": 3,
        "length_m": 34068.8
      },
      "geometry": {
        "type": "LineString",
        "coordinates": [
          [-114.25023, 43.74423],
          [-114.24601, 43.72289],
          [-114.21395, 43.70551],
          [-114.21226, 43.70459],
          [-114.18021, 43.6872],
          [-114.15069, 43.69024],
          [-114.12662, 43.7134],
          [-114.12535, 43.71462],
          [-114.10127, 43.73778],
          [-114.10546, 43.75912],
          [-114.13752, 43.77652],
          [-114.16707, 43.77348],
          [-114.19662, 43.77044],
          [-114.22617, 43.7674],
          [-114.25023, 43.74423]
        ]
      }
    },
    {
      "type": "Feature",
      "id": "2026082418_f042_13000_004",
      "properties": {
        "product_id": "winter_storm_levels",
        "source_id": "nbm_snow_level",
        "parameter": "snow_level",
        "definition": "height of the wet-bulb 0.5 degree C surface",
        "level_ft_msl": 13000,
        "label": "13,000 ft MSL",
        "unit": "ft_msl",
        "cycle_time_utc": "2026-08-24T18:00:00Z",
        "valid_time_utc": "2026-08-26T12:00:00Z",
        "lead_hours": 42,
        "segment": 4,
        "length_m": 116144.3
      },
      "geometry": {
        "type": "LineString",
        "coordinates": [
          [-119.58171, 33.09809],
          [-119.56111, 33.12308],
          [-119.56002, 33.1244],
          [-119.53942, 33.14939],
          [-119.53833, 33.1507],
          [-119.51772, 33.17569],
          [-119.51663, 33.177],
          [-119.49601, 33.20199],
          [-119.49492, 33.2033],
          [-119.47428, 33.22828],
          [-119.44771, 33.23233],
          [-119.44662, 33.23365],
          [-119.42597, 33.25861],
          [-119.39938, 33.26266],
          [-119.37279, 33.2667],
          [-119.3717, 33.26802],
          [-119.35103, 33.29297],
          [-119.32443, 33.29701],
          [-119.32334, 33.29832],
          [-119.30265, 33.32327],
          [-119.30156, 33.32458],
          [-119.28086, 33.34953],
          [-119.25425, 33.35355],
          [-119.25316, 33.35486],
          [-119.23244, 33.3798],
          [-119.20582, 33.38381],
          [-119.17597, 33.3665],
          [-119.1744, 33.36559],
          [-119.14456, 33.34827],
          [-119.13977, 33.32604],
          [-119.16049, 33.30111],
          [-119.16158, 33.2998],
          [-119.1823, 33.27487],
          [-119.18339, 33.27355],
          [-119.2041, 33.24862],
          [-119.20519, 33.24731],
          [-119.22589, 33.22236],
          [-119.25247, 33.21835],
          [-119.25356, 33.21703],
          [-119.27424, 33.19208],
          [-119.27533, 33.19077],
          [-119.296, 33.16582],
          [-119.32257, 33.16178],
          [-119.32366, 33.16047],
          [-119.34431, 33.13551],
          [-119.37087, 33.13147],
          [-119.37196, 33.13016],
          [-119.3926, 33.10519],
          [-119.41915, 33.10114],
          [-119.4457, 33.09709],
          [-119.44678, 33.09577],
          [-119.4674, 33.07079],
          [-119.49394, 33.06673],
          [-119.52048, 33.06266],
          [-119.5503, 33.07993],
          [-119.55187, 33.08083],
          [-119.58171, 33.09809]
        ]
      }
    },
    {
      "type": "Feature",
      "id": "2026082418_f042_13000_005",
      "properties": {
        "product_id": "winter_storm_levels",
        "source_id": "nbm_snow_level",
        "parameter": "snow_level",
        "definition": "height of the wet-bulb 0.5 degree C surface",
        "level_ft_msl": 13000,
        "label": "13,000 ft MSL",
        "unit": "ft_msl",
        "cycle_time_utc": "2026-08-24T18:00:00Z",
        "valid_time_utc": "2026-08-26T12:00:00Z",
        "lead_hours": 42,
        "segment": 5,
        "length_m": 71979.2
      },
      "geometry": {
        "type": "LineString",
        "coordinates": [
          [-120.56731, 32.48275],
          [-120.54704, 32.5079],
          [-120.54597, 32.50923],
          [-120.52569, 32.53438],
          [-120.52462, 32.5357],
          [-120.50433, 32.56085],
          [-120.50327, 32.56218],
          [-120.50829, 32.58441],
          [-120.48799, 32.60956],
          [-120.48692, 32.61088],
          [-120.46661, 32.63602],
          [-120.4662, 32.63724],
          [-120.45802, 32.66158],
          [-120.45024, 32.68471],
          [-120.44917, 32.68603],
          [-120.42883, 32.71117],
          [-120.40241, 32.71538],
          [-120.37255, 32.69826],
          [-120.36755, 32.67603],
          [-120.36255, 32.65379],
          [-120.3701, 32.62956],
          [-120.37789, 32.60643],
          [-120.37896, 32.60511],
          [-120.39928, 32.57998],
          [-120.40035, 32.57865],
          [-120.42067, 32.55352],
          [-120.42173, 32.5522],
          [-120.44204, 32.52706],
          [-120.44311, 32.52573],
          [-120.4634, 32.50059],
          [-120.46447, 32.49927],
          [-120.48476, 32.47412],
          [-120.51112, 32.46989],
          [-120.53749, 32.46565],
          [-120.56731, 32.48275]
        ]
      }
    },
    {
      "type": "Feature",
      "id": "2026082418_f042_13000_006",
      "properties": {
        "product_id": "winter_storm_levels",
        "source_id": "nbm_snow_level",
        "parameter": "snow_level",
        "definition": "height of the wet-bulb 0.5 degree C surface",
        "level_ft_msl": 13000,
        "label": "13,000 ft MSL",
        "unit": "ft_msl",
        "cycle_time_utc": "2026-08-24T18:00:00Z",
        "valid_time_utc": "2026-08-26T12:00:00Z",
        "lead_hours": 42,
        "segment": 6,
        "length_m": 5764
      },
      "geometry": {
        "type": "LineString",
        "coordinates": [
          [-120.97627, 30.79886],
          [-120.97522, 30.80019],
          [-120.97367, 30.79929],
          [-120.96864, 30.77699],
          [-120.96968, 30.77566],
          [-120.97123, 30.77656],
          [-120.97627, 30.79886]
        ]
      }
    },
    {
      "type": "Feature",
      "id": "2026082418_f042_13000_007",
      "properties": {
        "product_id": "winter_storm_levels",
        "source_id": "nbm_snow_level",
        "parameter": "snow_level",
        "definition": "height of the wet-bulb 0.5 degree C surface",
        "level_ft_msl": 13000,
        "label": "13,000 ft MSL",
        "unit": "ft_msl",
        "cycle_time_utc": "2026-08-24T18:00:00Z",
        "valid_time_utc": "2026-08-26T12:00:00Z",
        "lead_hours": 42,
        "segment": 7,
        "length_m": 14331.7
      },
      "geometry": {
        "type": "LineString",
        "coordinates": [
          [-121.2021, 32.37919],
          [-121.20105, 32.38052],
          [-121.17473, 32.38486],
          [-121.14841, 32.38921],
          [-121.14684, 32.38831],
          [-121.14789, 32.38698],
          [-121.16801, 32.36174],
          [-121.16907, 32.36041],
          [-121.19538, 32.35607],
          [-121.19695, 32.35696],
          [-121.2021, 32.37919]
        ]
      }
    },
    {
      "type": "Feature",
      "id": "2026082418_f042_13000_008",
      "properties": {
        "product_id": "winter_storm_levels",
        "source_id": "nbm_snow_level",
        "parameter": "snow_level",
        "definition": "height of the wet-bulb 0.5 degree C surface",
        "level_ft_msl": 13000,
        "label": "13,000 ft MSL",
        "unit": "ft_msl",
        "cycle_time_utc": "2026-08-24T18:00:00Z",
        "valid_time_utc": "2026-08-26T12:00:00Z",
        "lead_hours": 42,
        "segment": 8,
        "length_m": 1003962.3
      },
      "geometry": {
        "type": "LineString",
        "coordinates": [
          [-121.37398, 30.25812],
          [-121.36558, 30.26893],
          [-121.36454, 30.27026],
          [-121.34483, 30.29563],
          [-121.34379, 30.29697],
          [-121.32407, 30.32234],
          [-121.32303, 30.32367],
          [-121.32811, 30.34598],
          [-121.30838, 30.37134],
          [-121.30734, 30.37268],
          [-121.31242, 30.39499],
          [-121.31751, 30.4173],
          [-121.32259, 30.43961],
          [-121.30284, 30.46496],
          [-121.30245, 30.46619],
          [-121.30689, 30.48861],
          [-121.31198, 30.51091],
          [-121.29221, 30.53627],
          [-121.29182, 30.53749],
          [-121.29626, 30.5599],
          [-121.27648, 30.58525],
          [-121.27609, 30.58648],
          [-121.28052, 30.60889],
          [-121.2733, 30.63327],
          [-121.26582, 30.65654],
          [-121.26543, 30.65776],
          [-121.26987, 30.68017],
          [-121.27495, 30.70247],
          [-121.28005, 30.72477],
          [-121.2816, 30.72567],
          [-121.31108, 30.74269],
          [-121.31683, 30.76487],
          [-121.32215, 30.78713],
          [-121.3186, 30.81089],
          [-121.3067, 30.83547],
          [-121.30618, 30.83614],
          [-121.28418, 30.8549],
          [-121.27233, 30.865],
          [-121.26161, 30.87413],
          [-121.23903, 30.89337],
          [-121.23781, 30.89396],
          [-121.21555, 30.90869],
          [-121.20458, 30.92269],
          [-121.19465, 30.93535],
          [-121.18367, 30.94934],
          [-121.17374, 30.962],
          [-121.16276, 30.97599],
          [-121.15523, 30.99924],
          [-121.15484, 31.00046],
          [-121.14691, 31.02493],
          [-121.13938, 31.04817],
          [-121.13833, 31.0495],
          [-121.11844, 31.07481],
          [-121.11739, 31.07614],
          [-121.09749, 31.10144],
          [-121.09644, 31.10278],
          [-121.07653, 31.12807],
          [-121.07613, 31.1293],
          [-121.0812, 31.15159],
          [-121.08627, 31.17387],
          [-121.09135, 31.19616],
          [-121.09578, 31.21855],
          [-121.07584, 31.24384],
          [-121.07544, 31.24506],
          [-121.06749, 31.26952],
          [-121.05751, 31.28216],
          [-121.04649, 31.29613],
          [-121.03892, 31.31936],
          [-121.03787, 31.32069],
          [-121.04294, 31.34297],
          [-121.0445, 31.34387],
          [-121.07411, 31.36091],
          [-121.07554, 31.36125],
          [-121.10163, 31.35691],
          [-121.12784, 31.35312],
          [-121.12889, 31.35179],
          [-121.15125, 31.33708],
          [-121.17491, 31.32215],
          [-121.20098, 31.31779],
          [-121.23061, 31.33481],
          [-121.21068, 31.36011],
          [-121.20963, 31.36144],
          [-121.1897, 31.38674],
          [-121.18865, 31.38807],
          [-121.16629, 31.40279],
          [-121.14274, 31.41828],
          [-121.14221, 31.41894],
          [-121.12173, 31.4449],
          [-121.12055, 31.44567],
          [-121.09817, 31.46038],
          [-121.07294, 31.46861],
          [-121.04852, 31.48037],
          [-121.0224, 31.4847],
          [-120.99628, 31.48903],
          [-120.97016, 31.49335],
          [-120.944, 31.49749],
          [-120.91623, 31.49456],
          [-120.88922, 31.49497],
          [-120.862, 31.48848],
          [-120.86061, 31.48832],
          [-120.8328, 31.48519],
          [-120.80668, 31.48949],
          [-120.78218, 31.50102],
          [-120.75611, 31.50559],
          [-120.75552, 31.50597],
          [-120.7333, 31.52463],
          [-120.70883, 31.53634],
          [-120.70761, 31.53692],
          [-120.68754, 31.56215],
          [-120.66156, 31.56716],
          [-120.66033, 31.56775],
          [-120.64024, 31.59297],
          [-120.61421, 31.59779],
          [-120.61303, 31.59856],
          [-120.61803, 31.62084],
          [-120.62303, 31.64312],
          [-120.62804, 31.6654],
          [-120.60793, 31.69061],
          [-120.60687, 31.69194],
          [-120.58675, 31.71714],
          [-120.58569, 31.71847],
          [-120.56555, 31.74367],
          [-120.56449, 31.745],
          [-120.54435, 31.7702],
          [-120.54329, 31.77152],
          [-120.52314, 31.79672],
          [-120.49693, 31.80096],
          [-120.49587, 31.80229],
          [-120.47571, 31.82747],
          [-120.47465, 31.8288],
          [-120.45447, 31.85398],
          [-120.42825, 31.85821],
          [-120.42718, 31.85954],
          [-120.40699, 31.88471],
          [-120.40593, 31.88604],
          [-120.38337, 31.90063],
          [-120.35949, 31.91543],
          [-120.35843, 31.91675],
          [-120.33821, 31.94192],
          [-120.33714, 31.94324],
          [-120.31456, 31.95782],
          [-120.29066, 31.97261],
          [-120.2896, 31.97393],
          [-120.26936, 31.99908],
          [-120.26829, 32.0004],
          [-120.24569, 32.01497],
          [-120.22177, 32.02975],
          [-120.2207, 32.03107],
          [-120.20044, 32.05621],
          [-120.17428, 32.06095],
          [-120.17309, 32.06172],
          [-120.15281, 32.08685],
          [-120.15174, 32.08817],
          [-120.12911, 32.10272],
          [-120.10515, 32.11748],
          [-120.10408, 32.1188],
          [-120.08144, 32.13334],
          [-120.05747, 32.14808],
          [-120.0564, 32.14941],
          [-120.03374, 32.16394],
          [-120.00989, 32.17923],
          [-120.0087, 32.18],
          [-119.98836, 32.2051],
          [-119.98729, 32.20642],
          [-119.96461, 32.22095],
          [-119.94061, 32.23567],
          [-119.93954, 32.23699],
          [-119.91685, 32.2515],
          [-119.89284, 32.26622],
          [-119.89176, 32.26754],
          [-119.86906, 32.28205],
          [-119.84504, 32.29676],
          [-119.84396, 32.29808],
          [-119.82125, 32.31257],
          [-119.79721, 32.32727],
          [-119.79614, 32.32859],
          [-119.77573, 32.35366],
          [-119.74948, 32.35833],
          [-119.74829, 32.3591],
          [-119.72786, 32.38416],
          [-119.72678, 32.38548],
          [-119.70404, 32.39995],
          [-119.67997, 32.41463],
          [-119.67889, 32.41595],
          [-119.65613, 32.43042],
          [-119.63205, 32.4451],
          [-119.60578, 32.44974],
          [-119.60458, 32.4505],
          [-119.58411, 32.47554],
          [-119.55783, 32.48018],
          [-119.55663, 32.48094],
          [-119.53614, 32.50597],
          [-119.50973, 32.51004],
          [-119.50865, 32.51136],
          [-119.48585, 32.5258],
          [-119.46173, 32.54044],
          [-119.43543, 32.54506],
          [-119.43423, 32.54582],
          [-119.4137, 32.57083],
          [-119.41262, 32.57215],
          [-119.39208, 32.59715],
          [-119.36564, 32.6012],
          [-119.36456, 32.60252],
          [-119.34401, 32.62751],
          [-119.34292, 32.62883],
          [-119.32236, 32.65382],
          [-119.29591, 32.65786],
          [-119.29483, 32.65917],
          [-119.27425, 32.68416],
          [-119.27316, 32.68548],
          [-119.25257, 32.71046],
          [-119.25149, 32.71177],
          [-119.22862, 32.72617],
          [-119.20442, 32.74077],
          [-119.20333, 32.74208],
          [-119.18272, 32.76705],
          [-119.15636, 32.77162],
          [-119.15515, 32.77238],
          [-119.13452, 32.79734],
          [-119.13343, 32.79865],
          [-119.11053, 32.81303],
          [-119.08641, 32.82816],
          [-119.08521, 32.82892],
          [-119.06455, 32.85387],
          [-119.06346, 32.85518],
          [-119.0428, 32.88013],
          [-119.04171, 32.88144],
          [-119.01878, 32.8958],
          [-118.99451, 32.91036],
          [-118.99342, 32.91167],
          [-118.97048, 32.92603],
          [-118.94632, 32.94114],
          [-118.94511, 32.94189],
          [-118.9244, 32.96682],
          [-118.92331, 32.96813],
          [-118.90035, 32.98247],
          [-118.87605, 32.99701],
          [-118.87496, 32.99832],
          [-118.85423, 33.02323],
          [-118.82779, 33.02774],
          [-118.82658, 33.0285],
          [-118.80583, 33.0534],
          [-118.80474, 33.05471],
          [-118.78174, 33.06904],
          [-118.75753, 33.08411],
          [-118.75632, 33.08486],
          [-118.73331, 33.09918],
          [-118.70909, 33.11425],
          [-118.70787, 33.115],
          [-118.68485, 33.12931],
          [-118.66061, 33.14436],
          [-118.6594, 33.14512],
          [-118.63637, 33.15942],
          [-118.61212, 33.17447],
          [-118.6109, 33.17522],
          [-118.59008, 33.20008],
          [-118.58898, 33.20139],
          [-118.56593, 33.21568],
          [-118.54154, 33.23016],
          [-118.54044, 33.23147],
          [-118.51959, 33.25632],
          [-118.51849, 33.25763],
          [-118.49763, 33.28248],
          [-118.47101, 33.28637],
          [-118.46991, 33.28768],
          [-118.44904, 33.31252],
          [-118.4224, 33.3164],
          [-118.4213, 33.31771],
          [-118.40041, 33.34254],
          [-118.37377, 33.34642],
          [-118.34712, 33.35029],
          [-118.34602, 33.3516],
          [-118.32511, 33.37642],
          [-118.29845, 33.38029],
          [-118.2718, 33.38415],
          [-118.24514, 33.388],
          [-118.24404, 33.38931],
          [-118.2231, 33.41411],
          [-118.22199, 33.41542],
          [-118.20104, 33.44022],
          [-118.19994, 33.44152],
          [-118.17897, 33.46632],
          [-118.17787, 33.46762],
          [-118.1569, 33.49241],
          [-118.15579, 33.49372],
          [-118.13481, 33.5185],
          [-118.10812, 33.52234],
          [-118.10701, 33.52364],
          [-118.08601, 33.54842],
          [-118.05931, 33.55224],
          [-118.03261, 33.55606],
          [-118.0315, 33.55736],
          [-118.01048, 33.58213],
          [-118.00937, 33.58343],
          [-117.98834, 33.60819],
          [-117.98723, 33.6095],
          [-117.96619, 33.63425],
          [-117.96508, 33.63556],
          [-117.94403, 33.66031],
          [-117.94292, 33.66161],
          [-117.92186, 33.68636],
          [-117.92075, 33.68766],
          [-117.89968, 33.7124],
          [-117.89857, 33.7137],
          [-117.87749, 33.73844],
          [-117.85074, 33.74223],
          [-117.84963, 33.74353],
          [-117.82853, 33.76826],
          [-117.80177, 33.77204],
          [-117.77501, 33.77581],
          [-117.74824, 33.77959],
          [-117.72147, 33.78335],
          [-117.72036, 33.78465],
          [-117.69923, 33.80936],
          [-117.69811, 33.81066],
          [-117.67697, 33.83537],
          [-117.67586, 33.83667],
          [-117.65471, 33.86137],
          [-117.65359, 33.86267],
          [-117.63243, 33.88736],
          [-117.63132, 33.88866],
          [-117.63288, 33.88959],
          [-117.65968, 33.88584],
          [-117.68647, 33.88208],
          [-117.71326, 33.87832],
          [-117.74006, 33.87456],
          [-117.74117, 33.87326],
          [-117.7623, 33.84855],
          [-117.79206, 33.86609],
          [-117.79363, 33.86702],
          [-117.8234, 33.88456],
          [-117.82497, 33.88548],
          [-117.85475, 33.90301],
          [-117.85632, 33.90394],
          [-117.88611, 33.92146],
          [-117.89067, 33.9437],
          [-117.89524, 33.96593],
          [-117.89982, 33.98816],
          [-117.90439, 34.01039],
          [-117.90896, 34.03262],
          [-117.91354, 34.05485],
          [-117.91812, 34.07707],
          [-117.89697, 34.10179],
          [-117.89586, 34.10309],
          [-117.90044, 34.12531],
          [-117.87928, 34.15002],
          [-117.87884, 34.15122],
          [-117.88274, 34.17354],
          [-117.88732, 34.19576],
          [-117.87914, 34.21977],
          [-117.87072, 34.24267],
          [-117.87028, 34.24388],
          [-117.86142, 34.26799],
          [-117.853, 34.29088],
          [-117.85188, 34.29218],
          [-117.85646, 34.3144],
          [-117.86103, 34.33661],
          [-117.86561, 34.35881],
          [-117.8702, 34.38102],
          [-117.87478, 34.40323],
          [-117.87936, 34.42543],
          [-117.88462, 34.44754],
          [-117.88553, 34.44855],
          [-117.91547, 34.46604],
          [-117.92006, 34.48824],
          [-117.92466, 34.51044],
          [-117.92624, 34.51136],
          [-117.9562, 34.52884],
          [-117.96081, 34.55104],
          [-117.96541, 34.57323],
          [-117.97002, 34.59542],
          [-117.97464, 34.6176],
          [-117.97925, 34.63979],
          [-117.98387, 34.66197],
          [-117.98848, 34.68416],
          [-117.99006, 34.68508],
          [-118.02008, 34.70254],
          [-118.02471, 34.72472],
          [-118.02629, 34.72564],
          [-118.05633, 34.74309],
          [-118.06096, 34.76526],
          [-118.06254, 34.76618],
          [-118.0926, 34.78363],
          [-118.09724, 34.8058],
          [-118.10189, 34.82797],
          [-118.10653, 34.85013],
          [-118.11118, 34.8723],
          [-118.11277, 34.87322],
          [-118.14286, 34.89065],
          [-118.14751, 34.91281],
          [-118.15218, 34.93497],
          [-118.15684, 34.95713],
          [-118.13558, 34.98181],
          [-118.13446, 34.98311],
          [-118.11319, 35.00778],
          [-118.11207, 35.00908],
          [-118.11673, 35.03123],
          [-118.12139, 35.05339],
          [-118.12297, 35.0543],
          [-118.15311, 35.07172],
          [-118.1547, 35.07264],
          [-118.18176, 35.06882],
          [-118.20883, 35.06499],
          [-118.23898, 35.08239],
          [-118.24057, 35.0833],
          [-118.27074, 35.1007],
          [-118.27543, 35.12284],
          [-118.27702, 35.12376],
          [-118.3072, 35.14114],
          [-118.30879, 35.14206],
          [-118.33898, 35.15944],
          [-118.34057, 35.16035],
          [-118.36765, 35.1565],
          [-118.39473, 35.15264],
          [-118.42494, 35.17],
          [-118.42653, 35.17092],
          [-118.45361, 35.16705],
          [-118.48068, 35.16318],
          [-118.51091, 35.18053],
          [-118.5125, 35.18144],
          [-118.53958, 35.17756],
          [-118.56665, 35.17368],
          [-118.56777, 35.17238],
          [-118.58897, 35.14766],
          [-118.61603, 35.14376],
          [-118.6431, 35.13987],
          [-118.67016, 35.13597],
          [-118.69722, 35.13206],
          [-118.72428, 35.12815],
          [-118.75134, 35.12423],
          [-118.77839, 35.12032],
          [-118.7795, 35.11901],
          [-118.80065, 35.09426],
          [-118.8309, 35.11155],
          [-118.83571, 35.13368],
          [-118.84052, 35.15581],
          [-118.84533, 35.17793],
          [-118.84692, 35.17884],
          [-118.87721, 35.19612],
          [-118.88202, 35.21824],
          [-118.88362, 35.21915],
          [-118.91392, 35.23641],
          [-118.91552, 35.23732],
          [-118.94583, 35.25459],
          [-118.94743, 35.25549],
          [-118.97451, 35.25154],
          [-119.00484, 35.26879],
          [-119.00643, 35.2697],
          [-119.03351, 35.26574],
          [-119.03463, 35.26444],
          [-119.05574, 35.23967],
          [-119.05685, 35.23836],
          [-119.05199, 35.21625],
          [-119.07309, 35.19147],
          [-119.0742, 35.19017],
          [-119.09529, 35.16539],
          [-119.0964, 35.16408],
          [-119.11748, 35.1393],
          [-119.11859, 35.13799],
          [-119.11373, 35.11587],
          [-119.1348, 35.09108],
          [-119.16183, 35.0871],
          [-119.18886, 35.08311],
          [-119.21918, 35.10033],
          [-119.22077, 35.10124],
          [-119.2511, 35.11845],
          [-119.25269, 35.11936],
          [-119.28303, 35.13657],
          [-119.28792, 35.15868],
          [-119.28952, 35.15958],
          [-119.31987, 35.17678],
          [-119.32478, 35.19889],
          [-119.32637, 35.19979],
          [-119.35674, 35.21698],
          [-119.36166, 35.23909],
          [-119.36657, 35.26119],
          [-119.36817, 35.26209],
          [-119.39856, 35.27927],
          [-119.40349, 35.30137],
          [-119.40842, 35.32347],
          [-119.41002, 35.32437],
          [-119.44043, 35.34154],
          [-119.44537, 35.36363],
          [-119.44697, 35.36453],
          [-119.4774, 35.38169],
          [-119.48235, 35.40378],
          [-119.48395, 35.40468],
          [-119.5144, 35.42183],
          [-119.516, 35.42273],
          [-119.54646, 35.43987],
          [-119.54807, 35.44077],
          [-119.57853, 35.45791],
          [-119.58014, 35.45881],
          [-119.61062, 35.47594],
          [-119.61559, 35.49802],
          [-119.6172, 35.49892],
          [-119.64431, 35.49486],
          [-119.67143, 35.4908],
          [-119.69854, 35.48674],
          [-119.72565, 35.48267],
          [-119.75276, 35.47859],
          [-119.78327, 35.49569],
          [-119.78487, 35.49659]
        ]
      }
    },
    {
      "type": "Feature",
      "id": "2026082418_f042_13000_009",
      "properties": {
        "product_id": "winter_storm_levels",
        "source_id": "nbm_snow_level",
        "parameter": "snow_level",
        "definition": "height of the wet-bulb 0.5 degree C surface",
        "level_ft_msl": 13000,
        "label": "13,000 ft MSL",
        "unit": "ft_msl",
        "cycle_time_utc": "2026-08-24T18:00:00Z",
        "valid_time_utc": "2026-08-26T12:00:00Z",
        "lead_hours": 42,
        "segment": 9,
        "length_m": 711.5
      },
      "geometry": {
        "type": "LineString",
        "coordinates": [
          [-121.43433, 32.0866],
          [-121.43328, 32.08793],
          [-121.43171, 32.08704],
          [-121.43276, 32.08571],
          [-121.43433, 32.0866]
        ]
      }
    },
    {
      "type": "Feature",
      "id": "2026082418_f042_13000_010",
      "properties": {
        "product_id": "winter_storm_levels",
        "source_id": "nbm_snow_level",
        "parameter": "snow_level",
        "definition": "height of the wet-bulb 0.5 degree C surface",
        "level_ft_msl": 13000,
        "label": "13,000 ft MSL",
        "unit": "ft_msl",
        "cycle_time_utc": "2026-08-24T18:00:00Z",
        "valid_time_utc": "2026-08-26T12:00:00Z",
        "lead_hours": 42,
        "segment": 10,
        "length_m": 12872.2
      },
      "geometry": {
        "type": "LineString",
        "coordinates": [
          [-121.50266, 32.02895],
          [-121.5016, 32.03028],
          [-121.48162, 32.05558],
          [-121.48057, 32.05691],
          [-121.45433, 32.06131],
          [-121.45276, 32.06042],
          [-121.45382, 32.05909],
          [-121.47381, 32.03379],
          [-121.47486, 32.03246],
          [-121.50109, 32.02806],
          [-121.50266, 32.02895]
        ]
      }
    },
    {
      "type": "Feature",
      "id": "2026082418_f042_13000_011",
      "properties": {
        "product_id": "winter_storm_levels",
        "source_id": "nbm_snow_level",
        "parameter": "snow_level",
        "definition": "height of the wet-bulb 0.5 degree C surface",
        "level_ft_msl": 13000,
        "label": "13,000 ft MSL",
        "unit": "ft_msl",
        "cycle_time_utc": "2026-08-24T18:00:00Z",
        "valid_time_utc": "2026-08-26T12:00:00Z",
        "lead_hours": 42,
        "segment": 11,
        "length_m": 711.8
      },
      "geometry": {
        "type": "LineString",
        "coordinates": [
          [-121.52368, 32.00231],
          [-121.52263, 32.00364],
          [-121.52106, 32.00275],
          [-121.52211, 32.00142],
          [-121.52368, 32.00231]
        ]
      }
    },
    {
      "type": "Feature",
      "id": "2026082418_f042_13000_012",
      "properties": {
        "product_id": "winter_storm_levels",
        "source_id": "nbm_snow_level",
        "parameter": "snow_level",
        "definition": "height of the wet-bulb 0.5 degree C surface",
        "level_ft_msl": 13000,
        "label": "13,000 ft MSL",
        "unit": "ft_msl",
        "cycle_time_utc": "2026-08-24T18:00:00Z",
        "valid_time_utc": "2026-08-26T12:00:00Z",
        "lead_hours": 42,
        "segment": 12,
        "length_m": 110432.8
      },
      "geometry": {
        "type": "LineString",
        "coordinates": [
          [-122.23506, 31.00103],
          [-122.22977, 30.97877],
          [-122.22449, 30.95651],
          [-122.19481, 30.93967],
          [-122.19325, 30.93878],
          [-122.16359, 30.92193],
          [-122.14394, 30.94738],
          [-122.14291, 30.94871],
          [-122.11695, 30.95323],
          [-122.09099, 30.95774],
          [-122.07132, 30.98317],
          [-122.07028, 30.98451],
          [-122.0506, 31.00994],
          [-122.04957, 31.01127],
          [-122.02359, 31.01577],
          [-122.0039, 31.04119],
          [-122.00286, 31.04253],
          [-121.97688, 31.04702],
          [-121.95089, 31.05151],
          [-121.93117, 31.07692],
          [-121.93013, 31.07825],
          [-121.90414, 31.08273],
          [-121.87814, 31.08721],
          [-121.8584, 31.1126],
          [-121.85736, 31.11394],
          [-121.83761, 31.13934],
          [-121.84283, 31.1616],
          [-121.87251, 31.1785],
          [-121.89853, 31.17403],
          [-121.92454, 31.16955],
          [-121.9261, 31.17044],
          [-121.9558, 31.18732],
          [-121.98181, 31.18284],
          [-121.98337, 31.18373],
          [-122.01308, 31.2006],
          [-122.03909, 31.19611],
          [-122.06511, 31.19161],
          [-122.09112, 31.1871],
          [-122.11713, 31.18259],
          [-122.13683, 31.15717],
          [-122.13786, 31.15583],
          [-122.16386, 31.15131],
          [-122.18354, 31.12588],
          [-122.17826, 31.10362],
          [-122.1793, 31.10229],
          [-122.19897, 31.07685],
          [-122.19368, 31.05459],
          [-122.19472, 31.05326],
          [-122.21437, 31.02781],
          [-122.21541, 31.02647],
          [-122.23506, 31.00103]
        ]
      }
    },
    {
      "type": "Feature",
      "id": "2026082418_f042_13000_013",
      "properties": {
        "product_id": "winter_storm_levels",
        "source_id": "nbm_snow_level",
        "parameter": "snow_level",
        "definition": "height of the wet-bulb 0.5 degree C surface",
        "level_ft_msl": 13000,
        "label": "13,000 ft MSL",
        "unit": "ft_msl",
        "cycle_time_utc": "2026-08-24T18:00:00Z",
        "valid_time_utc": "2026-08-26T12:00:00Z",
        "lead_hours": 42,
        "segment": 13,
        "length_m": 1250289.7
      },
      "geometry": {
        "type": "LineString",
        "coordinates": [
          [-122.6788, 30.24958],
          [-122.67863, 30.2498],
          [-122.67761, 30.25114],
          [-122.65819, 30.27668],
          [-122.65716, 30.27802],
          [-122.63773, 30.30355],
          [-122.63671, 30.3049],
          [-122.61726, 30.33042],
          [-122.61624, 30.33177],
          [-122.59679, 30.35729],
          [-122.59576, 30.35864],
          [-122.56996, 30.36323],
          [-122.55049, 30.38875],
          [-122.54946, 30.39009],
          [-122.52999, 30.4156],
          [-122.52896, 30.41694],
          [-122.50314, 30.42153],
          [-122.48365, 30.44703],
          [-122.48262, 30.44838],
          [-122.46312, 30.47388],
          [-122.46209, 30.47522],
          [-122.44259, 30.50072],
          [-122.44156, 30.50206],
          [-122.41571, 30.50663],
          [-122.39619, 30.53212],
          [-122.39516, 30.53346],
          [-122.37563, 30.55895],
          [-122.3746, 30.56029],
          [-122.35505, 30.58577],
          [-122.35403, 30.58711],
          [-122.33447, 30.61259],
          [-122.33345, 30.61394],
          [-122.31388, 30.63941],
          [-122.31285, 30.64075],
          [-122.28697, 30.6453],
          [-122.2674, 30.67077],
          [-122.27268, 30.69303],
          [-122.27165, 30.69438],
          [-122.25206, 30.71984],
          [-122.25734, 30.74211],
          [-122.28697, 30.75894],
          [-122.31287, 30.7544],
          [-122.33878, 30.74985],
          [-122.35835, 30.72438],
          [-122.35938, 30.72304],
          [-122.38528, 30.71848],
          [-122.41117, 30.71392],
          [-122.43454, 30.69878],
          [-122.45661, 30.68386],
          [-122.45764, 30.68252],
          [-122.48352, 30.67795],
          [-122.50688, 30.6628],
          [-122.52893, 30.64787],
          [-122.53009, 30.64709],
          [-122.55583, 30.64194],
          [-122.5817, 30.63735],
          [-122.60757, 30.63276],
          [-122.62706, 30.60725],
          [-122.62822, 30.60646],
          [-122.65395, 30.6013],
          [-122.67981, 30.5967],
          [-122.70566, 30.59209],
          [-122.73152, 30.58747],
          [-122.75737, 30.58285],
          [-122.78322, 30.57823],
          [-122.80266, 30.55269],
          [-122.80369, 30.55135],
          [-122.82953, 30.54672],
          [-122.85537, 30.54208],
          [-122.85693, 30.54296],
          [-122.85591, 30.54431],
          [-122.83647, 30.56985],
          [-122.83545, 30.57119],
          [-122.8096, 30.57583],
          [-122.79015, 30.60136],
          [-122.78913, 30.60271],
          [-122.76327, 30.60733],
          [-122.74381, 30.63286],
          [-122.74278, 30.6342],
          [-122.71692, 30.63882],
          [-122.69744, 30.66434],
          [-122.69641, 30.66569],
          [-122.67054, 30.6703],
          [-122.65104, 30.69581],
          [-122.64988, 30.6966],
          [-122.62414, 30.70175],
          [-122.60462, 30.72726],
          [-122.60346, 30.72805],
          [-122.57771, 30.7332],
          [-122.55435, 30.74836],
          [-122.53228, 30.76328],
          [-122.53112, 30.76407],
          [-122.50788, 30.77978],
          [-122.4858, 30.7947],
          [-122.48464, 30.79548],
          [-122.45886, 30.80061],
          [-122.4393, 30.82609],
          [-122.43814, 30.82688],
          [-122.41235, 30.832],
          [-122.39277, 30.85748],
          [-122.39161, 30.85826],
          [-122.36581, 30.86337],
          [-122.34622, 30.88884],
          [-122.34519, 30.89018],
          [-122.31925, 30.89473],
          [-122.29964, 30.92019],
          [-122.30494, 30.94245],
          [-122.3039, 30.94379],
          [-122.28428, 30.96925],
          [-122.28958, 30.9915],
          [-122.29487, 31.01375],
          [-122.30017, 31.03601],
          [-122.30548, 31.05826],
          [-122.31078, 31.08051],
          [-122.31609, 31.10276],
          [-122.3214, 31.125],
          [-122.32606, 31.14736],
          [-122.32567, 31.14859],
          [-122.31837, 31.17188],
          [-122.31068, 31.1964],
          [-122.3103, 31.19763],
          [-122.29063, 31.22307],
          [-122.2896, 31.22441],
          [-122.26992, 31.24985],
          [-122.26889, 31.25119],
          [-122.2492, 31.27663],
          [-122.24817, 31.27797],
          [-122.22848, 31.3034],
          [-122.22744, 31.30474],
          [-122.20141, 31.30927],
          [-122.1817, 31.33469],
          [-122.18066, 31.33603],
          [-122.16095, 31.36145],
          [-122.15991, 31.36279],
          [-122.13637, 31.37787],
          [-122.11413, 31.39272],
          [-122.11309, 31.39406],
          [-122.09335, 31.41947],
          [-122.09218, 31.42025],
          [-122.06624, 31.42531],
          [-122.04018, 31.42981],
          [-122.01411, 31.4343],
          [-121.98804, 31.43879],
          [-121.96196, 31.44328],
          [-121.93589, 31.44776],
          [-121.90981, 31.45224],
          [-121.88622, 31.46728],
          [-121.86014, 31.47174],
          [-121.83784, 31.48655],
          [-121.83667, 31.48733],
          [-121.81071, 31.49235],
          [-121.7871, 31.50737],
          [-121.761, 31.51182],
          [-121.73869, 31.52662],
          [-121.73764, 31.52795],
          [-121.71154, 31.5324],
          [-121.68544, 31.53684],
          [-121.6618, 31.55184],
          [-121.63946, 31.56662],
          [-121.63842, 31.56795],
          [-121.6123, 31.57238],
          [-121.58618, 31.5768],
          [-121.5663, 31.60214],
          [-121.56525, 31.60347],
          [-121.53912, 31.60789],
          [-121.51922, 31.63321],
          [-121.51817, 31.63455],
          [-121.49204, 31.63895],
          [-121.47212, 31.66427],
          [-121.47107, 31.66561],
          [-121.45114, 31.69092],
          [-121.45009, 31.69226],
          [-121.42394, 31.69665],
          [-121.404, 31.72196],
          [-121.40295, 31.72329],
          [-121.38299, 31.7486],
          [-121.38194, 31.74993],
          [-121.36198, 31.77523],
          [-121.36093, 31.77656],
          [-121.34096, 31.80186],
          [-121.3399, 31.80319],
          [-121.31992, 31.82849],
          [-121.31887, 31.82982],
          [-121.29888, 31.85511],
          [-121.29783, 31.85644],
          [-121.27783, 31.88172],
          [-121.27665, 31.8825],
          [-121.25058, 31.88742],
          [-121.23056, 31.9127],
          [-121.22951, 31.91403],
          [-121.20573, 31.92895],
          [-121.18327, 31.94365],
          [-121.18221, 31.94498],
          [-121.16217, 31.97025],
          [-121.16099, 31.97102],
          [-121.13732, 31.98649],
          [-121.1273, 31.99912],
          [-121.11621, 32.01308],
          [-121.10618, 32.0257],
          [-121.09509, 32.03966],
          [-121.08505, 32.05229],
          [-121.07395, 32.06624],
          [-121.06391, 32.07886],
          [-121.05281, 32.09281],
          [-121.03029, 32.10749],
          [-121.02923, 32.10882],
          [-121.00913, 32.13405],
          [-121.00795, 32.13483],
          [-120.9818, 32.1397],
          [-120.96169, 32.16493],
          [-120.96063, 32.16626],
          [-120.9405, 32.19148],
          [-120.93944, 32.19281],
          [-120.9193, 32.21803],
          [-120.92439, 32.24027],
          [-120.92948, 32.26251],
          [-120.95931, 32.27955],
          [-120.96088, 32.28044],
          [-120.96598, 32.30268],
          [-120.97108, 32.32492],
          [-120.97619, 32.34715],
          [-120.98129, 32.36938],
          [-120.9864, 32.39161],
          [-120.98534, 32.39294],
          [-120.96518, 32.41816],
          [-120.97028, 32.44039],
          [-120.97539, 32.46261],
          [-120.9805, 32.48484],
          [-121.0104, 32.50186],
          [-121.01197, 32.50275],
          [-121.01709, 32.52498],
          [-121.02221, 32.5472],
          [-121.02734, 32.56942],
          [-121.02627, 32.57075],
          [-121.00609, 32.59596],
          [-121.01121, 32.61817],
          [-121.01634, 32.64039],
          [-121.04628, 32.65739],
          [-121.07266, 32.65307],
          [-121.09904, 32.64874],
          [-121.12543, 32.64441],
          [-121.1518, 32.64007],
          [-121.17818, 32.63573],
          [-121.20456, 32.63139],
          [-121.23093, 32.62704],
          [-121.2573, 32.62268],
          [-121.27744, 32.59744],
          [-121.27849, 32.59612],
          [-121.29862, 32.57087],
          [-121.29968, 32.56954],
          [-121.31979, 32.54429],
          [-121.32085, 32.54297],
          [-121.34096, 32.51771],
          [-121.34202, 32.51638],
          [-121.36211, 32.49113],
          [-121.36317, 32.4898],
          [-121.38326, 32.46454],
          [-121.38431, 32.46321],
          [-121.41064, 32.45883],
          [-121.43697, 32.45444],
          [-121.45703, 32.42917],
          [-121.45809, 32.42784],
          [-121.4844, 32.42344],
          [-121.51072, 32.41905],
          [-121.53076, 32.39376],
          [-121.53181, 32.39243],
          [-121.55185, 32.36714],
          [-121.54663, 32.34493],
          [-121.54768, 32.3436],
          [-121.5677, 32.31831],
          [-121.56249, 32.29609],
          [-121.56354, 32.29476],
          [-121.58355, 32.26946],
          [-121.57833, 32.24724],
          [-121.57938, 32.24591],
          [-121.59938, 32.22061],
          [-121.60043, 32.21928],
          [-121.62042, 32.19397],
          [-121.62147, 32.19264],
          [-121.64145, 32.16733],
          [-121.6425, 32.16599],
          [-121.66875, 32.16157],
          [-121.68871, 32.13625],
          [-121.68976, 32.13492],
          [-121.716, 32.13048],
          [-121.74224, 32.12604],
          [-121.76218, 32.10072],
          [-121.76323, 32.09938],
          [-121.78946, 32.09494],
          [-121.81569, 32.09048],
          [-121.84191, 32.08603],
          [-121.84349, 32.08692],
          [-121.84875, 32.10914],
          [-121.87867, 32.126],
          [-121.88025, 32.12689],
          [-121.91018, 32.14375],
          [-121.93641, 32.13928],
          [-121.96264, 32.13481],
          [-121.98254, 32.10945],
          [-121.98358, 32.10812],
          [-122.00981, 32.10363],
          [-122.01138, 32.10452],
          [-122.04133, 32.12136],
          [-122.0429, 32.12224],
          [-122.04821, 32.14445],
          [-122.05351, 32.16666],
          [-122.05247, 32.168],
          [-122.03258, 32.19336],
          [-122.03153, 32.19469],
          [-122.00529, 32.19918],
          [-121.97904, 32.20366],
          [-121.95913, 32.22901],
          [-121.95809, 32.23034],
          [-121.93183, 32.23482],
          [-121.91191, 32.26016],
          [-121.91086, 32.26149],
          [-121.89092, 32.28683],
          [-121.88987, 32.28817],
          [-121.86993, 32.3135],
          [-121.87521, 32.33571],
          [-121.88049, 32.35791],
          [-121.88577, 32.38011],
          [-121.89105, 32.40232],
          [-121.89634, 32.42452],
          [-121.92635, 32.44136],
          [-121.92793, 32.44225],
          [-121.93323, 32.46445],
          [-121.96325, 32.48128],
          [-121.98956, 32.47681],
          [-121.99114, 32.47769],
          [-122.02118, 32.49452],
          [-122.02277, 32.49541],
          [-122.05281, 32.51223],
          [-122.07913, 32.50774],
          [-122.08071, 32.50862],
          [-122.08604, 32.53081],
          [-122.09137, 32.553],
          [-122.09032, 32.55433],
          [-122.07037, 32.57968],
          [-122.06932, 32.58101],
          [-122.04299, 32.5855],
          [-122.02303, 32.61083],
          [-122.02198, 32.61217],
          [-122.00201, 32.6375],
          [-122.00096, 32.63883],
          [-121.98097, 32.66416],
          [-121.97992, 32.66549],
          [-121.95993, 32.69082],
          [-121.95888, 32.69215],
          [-121.93888, 32.71747],
          [-121.93783, 32.7188],
          [-121.91782, 32.74411],
          [-121.92313, 32.7663],
          [-121.92844, 32.78848],
          [-121.93375, 32.81065],
          [-121.96387, 32.82748],
          [-121.96545, 32.82836],
          [-121.99558, 32.84518],
          [-121.99717, 32.84607],
          [-122.0273, 32.86288],
          [-122.0537, 32.85839],
          [-122.08009, 32.85391],
          [-122.10648, 32.84942],
          [-122.13287, 32.84492],
          [-122.15926, 32.84042],
          [-122.18564, 32.83592],
          [-122.21203, 32.83141],
          [-122.23841, 32.8269],
          [-122.26478, 32.82238],
          [-122.28473, 32.79703],
          [-122.28591, 32.79625],
          [-122.31215, 32.79117],
          [-122.33851, 32.78664],
          [-122.36488, 32.78211],
          [-122.39124, 32.77757],
          [-122.4176, 32.77303],
          [-122.44396, 32.76848],
          [-122.44555, 32.76936],
          [-122.47573, 32.78609],
          [-122.50209, 32.78154],
          [-122.50368, 32.78242],
          [-122.50264, 32.78375],
          [-122.48274, 32.80913],
          [-122.48169, 32.81047],
          [-122.46179, 32.83585],
          [-122.46074, 32.83718],
          [-122.44083, 32.86255],
          [-122.43978, 32.86389],
          [-122.4134, 32.86843],
          [-122.39347, 32.8938],
          [-122.39242, 32.89513],
          [-122.37248, 32.92049],
          [-122.37143, 32.92183],
          [-122.34504, 32.92636],
          [-122.32508, 32.95171],
          [-122.33048, 32.97387],
          [-122.32943, 32.9752],
          [-122.30946, 33.00055],
          [-122.31486, 33.0227],
          [-122.3138, 33.02404],
          [-122.29383, 33.04938],
          [-122.29922, 33.07153],
          [-122.29817, 33.07286],
          [-122.27818, 33.0982],
          [-122.28357, 33.12035],
          [-122.28897, 33.1425],
          [-122.28791, 33.14383],
          [-122.26791, 33.16916],
          [-122.2733, 33.19131],
          [-122.2787, 33.21345],
          [-122.2841, 33.2356],
          [-122.2895, 33.25774],
          [-122.31979, 33.27448],
          [-122.32139, 33.27536],
          [-122.32034, 33.27669],
          [-122.30031, 33.30202],
          [-122.30572, 33.32415],
          [-122.30467, 33.32549],
          [-122.28463, 33.35081],
          [-122.28358, 33.35214],
          [-122.26354, 33.37746],
          [-122.26248, 33.37879],
          [-122.23597, 33.3833],
          [-122.20946, 33.3878],
          [-122.1894, 33.41311],
          [-122.18834, 33.41444],
          [-122.16182, 33.41894],
          [-122.14174, 33.44424],
          [-122.14068, 33.44557],
          [-122.11415, 33.45006],
          [-122.08762, 33.45454],
          [-122.06109, 33.45902],
          [-122.03455, 33.4635],
          [-122.00802, 33.46797],
          [-121.98148, 33.47244],
          [-121.95494, 33.4769],
          [-121.9284, 33.48136],
          [-121.90185, 33.48581],
          [-121.8753, 33.49026],
          [-121.84875, 33.49471],
          [-121.8222, 33.49915],
          [-121.79565, 33.50358],
          [-121.76909, 33.50802],
          [-121.74891, 33.53326],
          [-121.74784, 33.53459],
          [-121.72128, 33.53901],
          [-121.69471, 33.54343],
          [-121.66814, 33.54784],
          [-121.64793, 33.57307],
          [-121.64686, 33.5744],
          [-121.62664, 33.59962],
          [-121.62557, 33.60095],
          [-121.60534, 33.62617],
          [-121.60427, 33.62749],
          [-121.57768, 33.63189],
          [-121.55743, 33.6571],
          [-121.55636, 33.65843],
          [-121.5361, 33.68364],
          [-121.54138, 33.70577],
          [-121.54031, 33.7071],
          [-121.5137, 33.71149],
          [-121.49342, 33.73669],
          [-121.49235, 33.73801],
          [-121.47206, 33.7632],
          [-121.471, 33.76453],
          [-121.4507, 33.78972],
          [-121.44963, 33.79104],
          [-121.42932, 33.81623],
          [-121.43458, 33.83836],
          [-121.43351, 33.83968],
          [-121.41319, 33.86486],
          [-121.41845, 33.88699],
          [-121.41738, 33.88832],
          [-121.39705, 33.91349],
          [-121.40231, 33.93562],
          [-121.40124, 33.93695],
          [-121.38089, 33.96211],
          [-121.38615, 33.98424],
          [-121.38508, 33.98556],
          [-121.36472, 34.01072],
          [-121.36998, 34.03285],
          [-121.36891, 34.03417],
          [-121.34854, 34.05933],
          [-121.34747, 34.06065],
          [-121.32709, 34.0858],
          [-121.32601, 34.08713],
          [-121.30563, 34.11227],
          [-121.30455, 34.1136],
          [-121.28415, 34.13874],
          [-121.28308, 34.14006],
          [-121.26267, 34.1652],
          [-121.2616, 34.16652],
          [-121.24118, 34.19165],
          [-121.24642, 34.21377],
          [-121.24534, 34.21509],
          [-121.22491, 34.24022],
          [-121.23015, 34.26233],
          [-121.2354, 34.28444],
          [-121.23432, 34.28577],
          [-121.21388, 34.31089],
          [-121.21912, 34.333],
          [-121.21804, 34.33432],
          [-121.19758, 34.35943],
          [-121.20282, 34.38154],
          [-121.20175, 34.38286],
          [-121.18128, 34.40797],
          [-121.18652, 34.43007],
          [-121.18544, 34.4314],
          [-121.16495, 34.4565],
          [-121.16388, 34.45782],
          [-121.13707, 34.46214],
          [-121.11657, 34.48723],
          [-121.11549, 34.48855],
          [-121.09498, 34.51364],
          [-121.0939, 34.51496],
          [-121.07338, 34.54005],
          [-121.0723, 34.54137],
          [-121.05177, 34.56645],
          [-121.05069, 34.56777],
          [-121.03015, 34.59284],
          [-121.02907, 34.59416],
          [-121.00852, 34.61923],
          [-121.00744, 34.62055],
          [-120.98688, 34.64562],
          [-120.9858, 34.64694],
          [-120.96523, 34.672],
          [-120.96415, 34.67332],
          [-120.94357, 34.69838],
          [-120.94249, 34.69969],
          [-120.9219, 34.72475],
          [-120.9271, 34.74684],
          [-120.93231, 34.76893],
          [-120.93752, 34.79101],
          [-120.93643, 34.79233],
          [-120.91583, 34.81738],
          [-120.91474, 34.8187],
          [-120.89413, 34.84373],
          [-120.89933, 34.86582],
          [-120.89824, 34.86714],
          [-120.87761, 34.89217],
          [-120.87653, 34.89349],
          [-120.85589, 34.91851],
          [-120.86109, 34.94059],
          [-120.86629, 34.96267],
          [-120.86521, 34.96399],
          [-120.84455, 34.98901],
          [-120.84346, 34.99033],
          [-120.81652, 34.99459],
          [-120.78957, 34.99884],
          [-120.78796, 34.99795],
          [-120.75743, 34.98101],
          [-120.73048, 34.98525],
          [-120.70353, 34.98949],
          [-120.67658, 34.99373],
          [-120.64963, 34.99796],
          [-120.62892, 35.02295],
          [-120.62783, 35.02426],
          [-120.60086, 35.02849],
          [-120.5739, 35.0327],
          [-120.55316, 35.05768],
          [-120.55207, 35.059],
          [-120.53133, 35.08397],
          [-120.53024, 35.08529],
          [-120.50949, 35.11026],
          [-120.51463, 35.13233],
          [-120.51353, 35.13365],
          [-120.49277, 35.15861],
          [-120.49168, 35.15992],
          [-120.4709, 35.18488],
          [-120.46981, 35.1862],
          [-120.4428, 35.19039],
          [-120.42201, 35.21534],
          [-120.42091, 35.21665],
          [-120.39389, 35.22084],
          [-120.36687, 35.22502],
          [-120.33985, 35.2292],
          [-120.33824, 35.2283],
          [-120.30772, 35.2113],
          [-120.30611, 35.2104],
          [-120.2756, 35.19338],
          [-120.274, 35.19249],
          [-120.24349, 35.17547],
          [-120.24189, 35.17457],
          [-120.2114, 35.15754],
          [-120.18438, 35.16169],
          [-120.15737, 35.16584],
          [-120.13035, 35.16999],
          [-120.10334, 35.17412],
          [-120.08247, 35.19903],
          [-120.08753, 35.22112],
          [-120.09259, 35.2432],
          [-120.09149, 35.24451],
          [-120.07061, 35.26941],
          [-120.06951, 35.27072],
          [-120.04862, 35.29562],
          [-120.04752, 35.29693],
          [-120.02662, 35.32182],
          [-120.02552, 35.32313],
          [-120.00461, 35.34802],
          [-120.00351, 35.34933],
          [-119.97644, 35.35344],
          [-119.94937, 35.35755],
          [-119.9223, 35.36166],
          [-119.89523, 35.36576],
          [-119.86816, 35.36986],
          [-119.8472, 35.39473],
          [-119.85222, 35.4168],
          [-119.85725, 35.43888],
          [-119.85614, 35.44018],
          [-119.83517, 35.46504],
          [-119.84019, 35.48711],
          [-119.83909, 35.48842],
          [-119.81198, 35.49251],
          [-119.78487, 35.49659]
        ]
      }
    },
    {
      "type": "Feature",
      "id": "2026082418_f042_13000_014",
      "properties": {
        "product_id": "winter_storm_levels",
        "source_id": "nbm_snow_level",
        "parameter": "snow_level",
        "definition": "height of the wet-bulb 0.5 degree C surface",
        "level_ft_msl": 13000,
        "label": "13,000 ft MSL",
        "unit": "ft_msl",
        "cycle_time_utc": "2026-08-24T18:00:00Z",
        "valid_time_utc": "2026-08-26T12:00:00Z",
        "lead_hours": 42,
        "segment": 14,
        "length_m": 39261.2
      },
      "geometry": {
        "type": "LineString",
        "coordinates": [
          [-126.42174, 33.00571],
          [-126.41555, 32.9837],
          [-126.40936, 32.9617],
          [-126.37856, 32.94572],
          [-126.35233, 32.9509],
          [-126.3261, 32.95608],
          [-126.30704, 32.98191],
          [-126.30603, 32.98327],
          [-126.28696, 33.0091],
          [-126.29313, 33.03111],
          [-126.32393, 33.0471],
          [-126.32556, 33.04794],
          [-126.35637, 33.06393],
          [-126.38263, 33.05875],
          [-126.40169, 33.03291],
          [-126.40269, 33.03155],
          [-126.42174, 33.00571]
        ]
      }
    },
    {
      "type": "Feature",
      "id": "2026082418_f042_13000_015",
      "properties": {
        "product_id": "winter_storm_levels",
        "source_id": "nbm_snow_level",
        "parameter": "snow_level",
        "definition": "height of the wet-bulb 0.5 degree C surface",
        "level_ft_msl": 13000,
        "label": "13,000 ft MSL",
        "unit": "ft_msl",
        "cycle_time_utc": "2026-08-24T18:00:00Z",
        "valid_time_utc": "2026-08-26T12:00:00Z",
        "lead_hours": 42,
        "segment": 15,
        "length_m": 137998.7
      },
      "geometry": {
        "type": "LineString",
        "coordinates": [
          [-126.60442, 32.62065],
          [-126.59821, 32.59863],
          [-126.59201, 32.57661],
          [-126.58581, 32.55458],
          [-126.57961, 32.53256],
          [-126.57341, 32.51053],
          [-126.56722, 32.4885],
          [-126.56103, 32.46647],
          [-126.55484, 32.44444],
          [-126.54865, 32.42241],
          [-126.54246, 32.40037],
          [-126.5242, 32.38192],
          [-126.52258, 32.38108],
          [-126.5164, 32.35904],
          [-126.49784, 32.33948],
          [-126.49167, 32.31744],
          [-126.4855, 32.29539],
          [-126.47933, 32.27335],
          [-126.47317, 32.25131],
          [-126.45494, 32.23284],
          [-126.43602, 32.25873],
          [-126.44218, 32.28077],
          [-126.44118, 32.28214],
          [-126.42226, 32.30802],
          [-126.42841, 32.33007],
          [-126.42742, 32.33143],
          [-126.40133, 32.33663],
          [-126.38238, 32.36251],
          [-126.38139, 32.36387],
          [-126.35529, 32.36906],
          [-126.32919, 32.37425],
          [-126.31022, 32.40012],
          [-126.30922, 32.40148],
          [-126.29025, 32.42735],
          [-126.29639, 32.44939],
          [-126.30253, 32.47143],
          [-126.30867, 32.49347],
          [-126.30767, 32.49483],
          [-126.28868, 32.52069],
          [-126.28768, 32.52205],
          [-126.26868, 32.5479],
          [-126.27482, 32.56994],
          [-126.28096, 32.59198],
          [-126.28711, 32.61401],
          [-126.29325, 32.63604],
          [-126.2994, 32.65808],
          [-126.33011, 32.67408],
          [-126.33173, 32.67492],
          [-126.36244, 32.69092],
          [-126.38861, 32.68573],
          [-126.39023, 32.68658],
          [-126.42096, 32.70256],
          [-126.44713, 32.69736],
          [-126.4733, 32.69216],
          [-126.49947, 32.68695],
          [-126.52563, 32.68174],
          [-126.55179, 32.67652],
          [-126.57075, 32.65064],
          [-126.57175, 32.64928],
          [-126.5979, 32.64405],
          [-126.60442, 32.62065]
        ]
      }
    },
    {
      "type": "Feature",
      "id": "2026082418_f042_13000_016",
      "properties": {
        "product_id": "winter_storm_levels",
        "source_id": "nbm_snow_level",
        "parameter": "snow_level",
        "definition": "height of the wet-bulb 0.5 degree C surface",
        "level_ft_msl": 13000,
        "label": "13,000 ft MSL",
        "unit": "ft_msl",
        "cycle_time_utc": "2026-08-24T18:00:00Z",
        "valid_time_utc": "2026-08-26T12:00:00Z",
        "lead_hours": 42,
        "segment": 16,
        "length_m": 3490427.2
      },
      "geometry": {
        "type": "LineString",
        "coordinates": [
          [-127.97098, 30.10357],
          [-127.95943, 30.12016],
          [-127.95847, 30.12154],
          [-127.94023, 30.14771],
          [-127.93927, 30.14909],
          [-127.92102, 30.17526],
          [-127.92006, 30.17664],
          [-127.9018, 30.2028],
          [-127.90084, 30.20418],
          [-127.88258, 30.23035],
          [-127.88162, 30.23172],
          [-127.86334, 30.25788],
          [-127.83778, 30.26334],
          [-127.83682, 30.26472],
          [-127.81853, 30.29087],
          [-127.81757, 30.29225],
          [-127.79927, 30.3184],
          [-127.79831, 30.31977],
          [-127.78, 30.34592],
          [-127.77904, 30.3473],
          [-127.76073, 30.37344],
          [-127.75976, 30.37482],
          [-127.74144, 30.40096],
          [-127.74047, 30.40233],
          [-127.72214, 30.42847],
          [-127.72118, 30.42985],
          [-127.70284, 30.45598],
          [-127.70187, 30.45735],
          [-127.68352, 30.48348],
          [-127.68256, 30.48486],
          [-127.6642, 30.51099],
          [-127.63858, 30.51641],
          [-127.63761, 30.51778],
          [-127.61924, 30.5439],
          [-127.61827, 30.54528],
          [-127.59989, 30.57139],
          [-127.59892, 30.57277],
          [-127.58053, 30.59888],
          [-127.57956, 30.60025],
          [-127.56116, 30.62636],
          [-127.5602, 30.62774],
          [-127.54179, 30.65384],
          [-127.51613, 30.65924],
          [-127.51516, 30.66062],
          [-127.49674, 30.68672],
          [-127.49577, 30.68809],
          [-127.47733, 30.71418],
          [-127.47636, 30.71556],
          [-127.45792, 30.74165],
          [-127.45695, 30.74302],
          [-127.43851, 30.76911],
          [-127.43753, 30.77048],
          [-127.41908, 30.79657],
          [-127.41811, 30.79794],
          [-127.39964, 30.82402],
          [-127.37393, 30.8294],
          [-127.34823, 30.83477],
          [-127.34725, 30.83614],
          [-127.32876, 30.86221],
          [-127.30305, 30.86758],
          [-127.30207, 30.86895],
          [-127.28357, 30.89501],
          [-127.25784, 30.90037],
          [-127.25687, 30.90174],
          [-127.23835, 30.9278],
          [-127.23738, 30.92917],
          [-127.21885, 30.95522],
          [-127.1931, 30.96057],
          [-127.16736, 30.96591],
          [-127.14161, 30.97125],
          [-127.11586, 30.97658],
          [-127.09011, 30.98191],
          [-127.06435, 30.98723],
          [-127.06338, 30.9886],
          [-127.0448, 31.01463],
          [-127.01904, 31.01995],
          [-127.0187, 31.02118],
          [-127.01966, 31.02215],
          [-127.05003, 31.03808],
          [-127.05624, 31.06016],
          [-127.03765, 31.08618],
          [-127.03731, 31.08742],
          [-127.04288, 31.10963],
          [-127.03684, 31.13423],
          [-127.04305, 31.15631],
          [-127.04927, 31.17838],
          [-127.05548, 31.20045],
          [-127.0746, 31.21986],
          [-127.08083, 31.24193],
          [-127.08705, 31.264],
          [-127.09328, 31.28607],
          [-127.09951, 31.30813],
          [-127.10575, 31.3302],
          [-127.11198, 31.35226],
          [-127.11822, 31.37433],
          [-127.12446, 31.39639],
          [-127.13005, 31.41858],
          [-127.1363, 31.44064],
          [-127.14255, 31.4627],
          [-127.12391, 31.48871],
          [-127.12293, 31.49008],
          [-127.10429, 31.51609],
          [-127.07841, 31.52141],
          [-127.07743, 31.52278],
          [-127.05877, 31.54879],
          [-127.03289, 31.5541],
          [-127.03191, 31.55547],
          [-127.01324, 31.58146],
          [-126.98734, 31.58677],
          [-126.98636, 31.58814],
          [-126.96471, 31.60365],
          [-126.94177, 31.61942],
          [-126.94078, 31.62079],
          [-126.91913, 31.6363],
          [-126.89617, 31.65207],
          [-126.89518, 31.65343],
          [-126.87646, 31.67941],
          [-126.87548, 31.68078],
          [-126.8538, 31.69627],
          [-126.83082, 31.71203],
          [-126.82983, 31.71339],
          [-126.81109, 31.73936],
          [-126.78531, 31.74518],
          [-126.78416, 31.74599],
          [-126.7654, 31.77195],
          [-126.73946, 31.77722],
          [-126.73847, 31.77858],
          [-126.71969, 31.80453],
          [-126.69389, 31.81034],
          [-126.69275, 31.81115],
          [-126.67396, 31.8371],
          [-126.67297, 31.83846],
          [-126.65417, 31.8644],
          [-126.62819, 31.86964],
          [-126.6272, 31.87101],
          [-126.60839, 31.89694],
          [-126.58241, 31.90218],
          [-126.58142, 31.90354],
          [-126.56258, 31.92947],
          [-126.53659, 31.9347],
          [-126.5356, 31.93606],
          [-126.51675, 31.96198],
          [-126.49075, 31.9672],
          [-126.48976, 31.96856],
          [-126.4709, 31.99447],
          [-126.44489, 31.99968],
          [-126.44454, 32.00092],
          [-126.45004, 32.02311],
          [-126.44382, 32.04764],
          [-126.4373, 32.07106],
          [-126.43631, 32.07243],
          [-126.44245, 32.09448],
          [-126.43624, 32.11901],
          [-126.44239, 32.14106],
          [-126.43586, 32.16449],
          [-126.43486, 32.16585],
          [-126.41595, 32.19174],
          [-126.41496, 32.1931],
          [-126.39604, 32.21899],
          [-126.39505, 32.22036],
          [-126.37612, 32.24624],
          [-126.35005, 32.25143],
          [-126.32397, 32.25662],
          [-126.32298, 32.25799],
          [-126.30403, 32.28386],
          [-126.27795, 32.28904],
          [-126.25186, 32.29422],
          [-126.22577, 32.29939],
          [-126.19968, 32.30456],
          [-126.17359, 32.30973],
          [-126.14749, 32.31489],
          [-126.12155, 32.32059],
          [-126.1204, 32.3214],
          [-126.10139, 32.34725],
          [-126.07528, 32.3524],
          [-126.04918, 32.35754],
          [-126.02322, 32.36323],
          [-125.9971, 32.36837],
          [-125.99595, 32.36917],
          [-125.97402, 32.38453],
          [-125.9479, 32.38965],
          [-125.92481, 32.4058],
          [-125.92366, 32.40661],
          [-125.90171, 32.42195],
          [-125.87846, 32.43754],
          [-125.85247, 32.44321],
          [-125.85132, 32.44401],
          [-125.83223, 32.46982],
          [-125.80608, 32.47492],
          [-125.77993, 32.48002],
          [-125.77893, 32.48138],
          [-125.75982, 32.50718],
          [-125.73366, 32.51227],
          [-125.73265, 32.51362],
          [-125.71353, 32.53941],
          [-125.68736, 32.54449],
          [-125.66134, 32.55012],
          [-125.66018, 32.55093],
          [-125.64104, 32.57671],
          [-125.61486, 32.58178],
          [-125.58868, 32.58684],
          [-125.56249, 32.5919],
          [-125.5363, 32.59696],
          [-125.51012, 32.60202],
          [-125.48392, 32.60706],
          [-125.45773, 32.61211],
          [-125.43153, 32.61715],
          [-125.40534, 32.62218],
          [-125.37914, 32.62722],
          [-125.35293, 32.63224],
          [-125.35192, 32.6336],
          [-125.33269, 32.65933],
          [-125.30648, 32.66435],
          [-125.28026, 32.66937],
          [-125.27925, 32.67072],
          [-125.25717, 32.68596],
          [-125.23377, 32.70145],
          [-125.2077, 32.70701],
          [-125.20653, 32.70781],
          [-125.18726, 32.73352],
          [-125.16102, 32.73852],
          [-125.16001, 32.73987],
          [-125.14071, 32.76558],
          [-125.11447, 32.77056],
          [-125.11345, 32.77192],
          [-125.09133, 32.78713],
          [-125.06789, 32.80259],
          [-125.04163, 32.80757],
          [-125.04062, 32.80892],
          [-125.01848, 32.82412],
          [-124.99502, 32.83957],
          [-124.994, 32.84092],
          [-124.97185, 32.85612],
          [-124.94838, 32.87156],
          [-124.94736, 32.87291],
          [-124.928, 32.89859],
          [-124.92698, 32.89994],
          [-124.90481, 32.91512],
          [-124.88146, 32.9311],
          [-124.8803, 32.9319],
          [-124.85811, 32.94708],
          [-124.83476, 32.96305],
          [-124.83359, 32.96385],
          [-124.81139, 32.97902],
          [-124.78802, 32.99499],
          [-124.76171, 32.99991],
          [-124.76054, 33.00071],
          [-124.73832, 33.01587],
          [-124.712, 33.02079],
          [-124.68568, 33.0257],
          [-124.65936, 33.03061],
          [-124.63157, 33.02479],
          [-124.6301, 33.02448],
          [-124.60378, 33.02938],
          [-124.57745, 33.03428],
          [-124.55112, 33.03917],
          [-124.52478, 33.04406],
          [-124.49845, 33.04894],
          [-124.47211, 33.05382],
          [-124.44562, 33.05814],
          [-124.41928, 33.06301],
          [-124.39293, 33.06787],
          [-124.36659, 33.07273],
          [-124.34024, 33.07759],
          [-124.31388, 33.08244],
          [-124.28753, 33.08729],
          [-124.257, 33.07091],
          [-124.2554, 33.07005],
          [-124.22904, 33.07489],
          [-124.20269, 33.07973],
          [-124.17633, 33.08456],
          [-124.14997, 33.08938],
          [-124.1236, 33.0942],
          [-124.12257, 33.09555],
          [-124.10299, 33.12111],
          [-124.10196, 33.12245],
          [-124.08236, 33.14801],
          [-124.08133, 33.14935],
          [-124.08708, 33.17143],
          [-124.06747, 33.19698],
          [-124.04108, 33.20179],
          [-124.04005, 33.20313],
          [-124.02042, 33.22868],
          [-123.99402, 33.23347],
          [-123.96762, 33.23827],
          [-123.96659, 33.23961],
          [-123.94694, 33.26514],
          [-123.92053, 33.26993],
          [-123.89411, 33.27471],
          [-123.89308, 33.27605],
          [-123.87341, 33.30157],
          [-123.87237, 33.30291],
          [-123.8527, 33.32843],
          [-123.82627, 33.3332],
          [-123.79983, 33.33796],
          [-123.7734, 33.34273],
          [-123.74696, 33.34748],
          [-123.71644, 33.33101],
          [-123.71483, 33.33015],
          [-123.6884, 33.33489],
          [-123.65789, 33.31842],
          [-123.65628, 33.31755],
          [-123.62985, 33.32229],
          [-123.60341, 33.32702],
          [-123.57697, 33.33175],
          [-123.54648, 33.31525],
          [-123.54487, 33.31438],
          [-123.51843, 33.3191],
          [-123.49199, 33.32381],
          [-123.46151, 33.3073],
          [-123.45991, 33.30643],
          [-123.43347, 33.31113],
          [-123.40702, 33.31584],
          [-123.38058, 33.32053],
          [-123.35413, 33.32523],
          [-123.35309, 33.32657],
          [-123.33329, 33.35202],
          [-123.30683, 33.3567],
          [-123.30579, 33.35804],
          [-123.28597, 33.38348],
          [-123.2595, 33.38816],
          [-123.25846, 33.3895],
          [-123.23863, 33.41493],
          [-123.21215, 33.4196],
          [-123.18567, 33.42426],
          [-123.18463, 33.4256],
          [-123.16477, 33.45102],
          [-123.13828, 33.45568],
          [-123.13724, 33.45702],
          [-123.11737, 33.48243],
          [-123.09087, 33.48708],
          [-123.08982, 33.48842],
          [-123.06994, 33.51382],
          [-123.06889, 33.51516],
          [-123.04899, 33.54056],
          [-123.02248, 33.5452],
          [-122.99596, 33.54983],
          [-122.96945, 33.55446],
          [-122.9684, 33.55579],
          [-122.94847, 33.58118],
          [-122.92194, 33.5858],
          [-122.92089, 33.58714],
          [-122.90095, 33.61251],
          [-122.8999, 33.61385],
          [-122.90544, 33.63595],
          [-122.88549, 33.66132],
          [-122.88444, 33.66266],
          [-122.88998, 33.68475],
          [-122.89552, 33.70685],
          [-122.90106, 33.72894],
          [-122.90267, 33.72981],
          [-122.93318, 33.74642],
          [-122.93873, 33.76851],
          [-122.94034, 33.76938],
          [-122.97086, 33.78597],
          [-122.97643, 33.80806],
          [-122.97803, 33.80893],
          [-123.00857, 33.82552],
          [-123.01018, 33.82639],
          [-123.04073, 33.84297],
          [-123.04234, 33.84384],
          [-123.0729, 33.86041],
          [-123.07848, 33.88249],
          [-123.08009, 33.88336],
          [-123.10668, 33.87872],
          [-123.13726, 33.89528],
          [-123.13887, 33.89615],
          [-123.16946, 33.9127],
          [-123.17507, 33.93477],
          [-123.17668, 33.93564],
          [-123.20728, 33.95218],
          [-123.20889, 33.95305],
          [-123.23951, 33.96959],
          [-123.24112, 33.97046],
          [-123.26772, 33.96579],
          [-123.29835, 33.98231],
          [-123.29996, 33.98318],
          [-123.3306, 33.9997],
          [-123.33221, 34.00057],
          [-123.35882, 33.99589],
          [-123.38947, 34.01239],
          [-123.39108, 34.01326],
          [-123.41769, 34.00857],
          [-123.4443, 34.00388],
          [-123.47496, 34.02036],
          [-123.47657, 34.02123],
          [-123.50318, 34.01653],
          [-123.52978, 34.01182],
          [-123.55639, 34.00711],
          [-123.58707, 34.02357],
          [-123.58868, 34.02444],
          [-123.61529, 34.01972],
          [-123.64189, 34.01499],
          [-123.66849, 34.01026],
          [-123.69508, 34.00553],
          [-123.72168, 34.00079],
          [-123.74827, 33.99604],
          [-123.77486, 33.99129],
          [-123.80145, 33.98654],
          [-123.82803, 33.98178],
          [-123.85462, 33.97702],
          [-123.8812, 33.97226],
          [-123.90777, 33.96749],
          [-123.93435, 33.96271],
          [-123.96093, 33.95793],
          [-123.9875, 33.95315],
          [-123.98854, 33.95181],
          [-124.00829, 33.92632],
          [-124.00933, 33.92498],
          [-124.02908, 33.89949],
          [-124.05564, 33.89469],
          [-124.05667, 33.89335],
          [-124.07641, 33.86785],
          [-124.10295, 33.86305],
          [-124.10399, 33.8617],
          [-124.1237, 33.8362],
          [-124.15024, 33.83138],
          [-124.17677, 33.82657],
          [-124.20749, 33.84293],
          [-124.20911, 33.84379],
          [-124.23565, 33.83896],
          [-124.26218, 33.83413],
          [-124.28871, 33.8293],
          [-124.31524, 33.82446],
          [-124.34176, 33.81962],
          [-124.36828, 33.81477],
          [-124.3948, 33.80992],
          [-124.42132, 33.80506],
          [-124.44784, 33.8002],
          [-124.47435, 33.79534],
          [-124.47539, 33.79399],
          [-124.495, 33.76844],
          [-124.52151, 33.76356],
          [-124.54801, 33.75869],
          [-124.54904, 33.75734],
          [-124.56864, 33.73177],
          [-124.59513, 33.72689],
          [-124.59616, 33.72554],
          [-124.61574, 33.69996],
          [-124.64222, 33.69507],
          [-124.6687, 33.69017],
          [-124.69518, 33.68527],
          [-124.72166, 33.68036],
          [-124.74813, 33.67545],
          [-124.7746, 33.67054],
          [-124.80107, 33.66562],
          [-124.82754, 33.66069],
          [-124.854, 33.65576],
          [-124.85503, 33.65442],
          [-124.87454, 33.6288],
          [-124.90099, 33.62387],
          [-124.92745, 33.61893],
          [-124.9539, 33.61398],
          [-124.98035, 33.60903],
          [-125.00679, 33.60408],
          [-125.03323, 33.59912],
          [-125.03426, 33.59777],
          [-125.05372, 33.57213],
          [-125.08015, 33.56717],
          [-125.10658, 33.5622],
          [-125.13301, 33.55722],
          [-125.15944, 33.55224],
          [-125.16046, 33.55089],
          [-125.17988, 33.52523],
          [-125.2063, 33.52025],
          [-125.20732, 33.5189],
          [-125.22673, 33.49323],
          [-125.25313, 33.48824],
          [-125.25415, 33.48689],
          [-125.27354, 33.46121],
          [-125.29994, 33.45621],
          [-125.32634, 33.4512],
          [-125.32736, 33.44985],
          [-125.34672, 33.42417],
          [-125.37311, 33.41915],
          [-125.37413, 33.4178],
          [-125.39348, 33.39211],
          [-125.3945, 33.39076],
          [-125.41384, 33.36506],
          [-125.41485, 33.36371],
          [-125.43418, 33.33801],
          [-125.4352, 33.33666],
          [-125.45452, 33.31095],
          [-125.45554, 33.3096],
          [-125.44952, 33.28757],
          [-125.46883, 33.26186],
          [-125.46985, 33.26051],
          [-125.46382, 33.23848],
          [-125.45781, 33.21645],
          [-125.4771, 33.19073],
          [-125.47812, 33.18938],
          [-125.4974, 33.16366],
          [-125.49842, 33.16231],
          [-125.4924, 33.14027],
          [-125.51167, 33.11455],
          [-125.53798, 33.1095],
          [-125.53899, 33.10815],
          [-125.55825, 33.08242],
          [-125.58455, 33.07736],
          [-125.61085, 33.0723],
          [-125.63714, 33.06724],
          [-125.66786, 33.08336],
          [-125.66948, 33.0842],
          [-125.70021, 33.10031],
          [-125.70627, 33.12234],
          [-125.71234, 33.14437],
          [-125.7184, 33.16639],
          [-125.72447, 33.18842],
          [-125.73054, 33.21044],
          [-125.73661, 33.23246],
          [-125.74268, 33.25448],
          [-125.74876, 33.2765],
          [-125.75484, 33.29851],
          [-125.73559, 33.32426],
          [-125.73457, 33.32561],
          [-125.74065, 33.34762],
          [-125.72139, 33.37336],
          [-125.69503, 33.37843],
          [-125.69401, 33.37979],
          [-125.67473, 33.40551],
          [-125.67372, 33.40687],
          [-125.65443, 33.43259],
          [-125.65342, 33.43395],
          [-125.63412, 33.45967],
          [-125.60773, 33.46472],
          [-125.60672, 33.46608],
          [-125.5874, 33.49179],
          [-125.56101, 33.49684],
          [-125.55999, 33.49819],
          [-125.54066, 33.52389],
          [-125.53964, 33.52525],
          [-125.52031, 33.55095],
          [-125.51929, 33.5523],
          [-125.49994, 33.57799],
          [-125.49892, 33.57935],
          [-125.47956, 33.60504],
          [-125.45314, 33.61007],
          [-125.45212, 33.61142],
          [-125.43274, 33.6371],
          [-125.43172, 33.63845],
          [-125.41234, 33.66413],
          [-125.41132, 33.66548],
          [-125.41735, 33.68749],
          [-125.39796, 33.71316],
          [-125.39694, 33.71451],
          [-125.37753, 33.74018],
          [-125.35107, 33.74519],
          [-125.35005, 33.74655],
          [-125.33063, 33.77221],
          [-125.32961, 33.77356],
          [-125.31018, 33.79921],
          [-125.30916, 33.80056],
          [-125.28972, 33.82622],
          [-125.28869, 33.82757],
          [-125.26925, 33.85321],
          [-125.26822, 33.85456],
          [-125.24876, 33.88021],
          [-125.22226, 33.8852],
          [-125.22124, 33.88655],
          [-125.20177, 33.91218],
          [-125.20074, 33.91353],
          [-125.18126, 33.93916],
          [-125.15474, 33.94414],
          [-125.15371, 33.94549],
          [-125.13421, 33.97111],
          [-125.13319, 33.97246],
          [-125.11368, 33.99808],
          [-125.11265, 33.99943],
          [-125.09313, 34.02504],
          [-125.06659, 34.03],
          [-125.06557, 34.03135],
          [-125.04603, 34.05696],
          [-125.045, 34.05831],
          [-125.02546, 34.08391],
          [-124.9989, 34.08886],
          [-124.99787, 34.0902],
          [-124.97831, 34.1158],
          [-124.95174, 34.12074],
          [-124.95071, 34.12209],
          [-124.93114, 34.14767],
          [-124.90456, 34.15261],
          [-124.90353, 34.15395],
          [-124.88394, 34.17953],
          [-124.8829, 34.18088],
          [-124.8633, 34.20645],
          [-124.83671, 34.21137],
          [-124.83568, 34.21272],
          [-124.81606, 34.23828],
          [-124.78945, 34.2432],
          [-124.76285, 34.24811],
          [-124.76181, 34.24945],
          [-124.74217, 34.27501],
          [-124.71556, 34.27991],
          [-124.71452, 34.28125],
          [-124.69486, 34.3068],
          [-124.66824, 34.31169],
          [-124.6672, 34.31304],
          [-124.64753, 34.33857],
          [-124.62089, 34.34346],
          [-124.61986, 34.3448],
          [-124.62577, 34.36679],
          [-124.60608, 34.39232],
          [-124.60504, 34.39367],
          [-124.61096, 34.41566],
          [-124.59125, 34.44118],
          [-124.59022, 34.44252],
          [-124.5705, 34.46804],
          [-124.54383, 34.47291],
          [-124.51716, 34.47778],
          [-124.49049, 34.48264],
          [-124.48945, 34.48398],
          [-124.4697, 34.50949],
          [-124.44302, 34.51434],
          [-124.44198, 34.51568],
          [-124.42222, 34.54118],
          [-124.42118, 34.54252],
          [-124.40141, 34.56801],
          [-124.40036, 34.56935],
          [-124.40625, 34.59133],
          [-124.41213, 34.61332],
          [-124.39235, 34.6388],
          [-124.39131, 34.64014],
          [-124.39719, 34.66212],
          [-124.37739, 34.6876],
          [-124.37635, 34.68894],
          [-124.35655, 34.71441],
          [-124.3555, 34.71576],
          [-124.33569, 34.74122],
          [-124.33464, 34.74256],
          [-124.31482, 34.76803],
          [-124.31377, 34.76937],
          [-124.29394, 34.79483],
          [-124.29289, 34.79617],
          [-124.27305, 34.82162],
          [-124.272, 34.82296],
          [-124.25215, 34.84841],
          [-124.22537, 34.85323],
          [-124.22433, 34.85457],
          [-124.20446, 34.88001],
          [-124.20341, 34.88135],
          [-124.18353, 34.90678],
          [-124.15674, 34.91158],
          [-124.15569, 34.91292],
          [-124.13579, 34.93835],
          [-124.13474, 34.93969],
          [-124.11484, 34.96511],
          [-124.11379, 34.96645],
          [-124.09387, 34.99187],
          [-124.09282, 34.99321],
          [-124.0729, 35.01862],
          [-124.07185, 35.01996],
          [-124.05191, 35.04537],
          [-124.05086, 35.04671],
          [-124.03092, 35.07211],
          [-124.00408, 35.07689],
          [-124.00303, 35.07823],
          [-123.98307, 35.10362],
          [-123.98202, 35.10496],
          [-123.96204, 35.13035],
          [-123.96099, 35.13169],
          [-123.94101, 35.15708],
          [-123.93996, 35.15841],
          [-123.91997, 35.18379],
          [-123.8931, 35.18855],
          [-123.89204, 35.18988],
          [-123.87204, 35.21526],
          [-123.87098, 35.21659],
          [-123.85097, 35.24196],
          [-123.84991, 35.2433],
          [-123.82988, 35.26866],
          [-123.80299, 35.2734],
          [-123.80194, 35.27474],
          [-123.78189, 35.30009],
          [-123.78084, 35.30143],
          [-123.76078, 35.32678],
          [-123.75973, 35.32811],
          [-123.73966, 35.35346],
          [-123.73861, 35.35479],
          [-123.71854, 35.38014],
          [-123.69161, 35.38486],
          [-123.69055, 35.38619],
          [-123.67046, 35.41152],
          [-123.66941, 35.41286],
          [-123.64931, 35.43818],
          [-123.64825, 35.43952],
          [-123.62814, 35.46484],
          [-123.62708, 35.46617],
          [-123.60696, 35.49149],
          [-123.6059, 35.49283],
          [-123.58577, 35.51814],
          [-123.58471, 35.51947],
          [-123.56458, 35.54478],
          [-123.5376, 35.54947],
          [-123.53654, 35.5508],
          [-123.51639, 35.57611],
          [-123.51533, 35.57744],
          [-123.49516, 35.60273],
          [-123.4941, 35.60406],
          [-123.47393, 35.62935],
          [-123.47286, 35.63069],
          [-123.45268, 35.65597],
          [-123.45162, 35.6573],
          [-123.43142, 35.68258],
          [-123.40441, 35.68725],
          [-123.40335, 35.68858],
          [-123.38314, 35.71385],
          [-123.38207, 35.71518],
          [-123.36185, 35.74045],
          [-123.36079, 35.74178],
          [-123.34056, 35.76705],
          [-123.31352, 35.7717],
          [-123.31246, 35.77303],
          [-123.31819, 35.79496],
          [-123.29794, 35.82021],
          [-123.29687, 35.82154],
          [-123.27661, 35.84679],
          [-123.27554, 35.84812],
          [-123.25527, 35.87336],
          [-123.25421, 35.87469],
          [-123.23393, 35.89993],
          [-123.23286, 35.90126],
          [-123.21257, 35.92649],
          [-123.2115, 35.92782],
          [-123.1912, 35.95305],
          [-123.19014, 35.95438],
          [-123.16983, 35.9796],
          [-123.16876, 35.98093],
          [-123.17447, 36.00285],
          [-123.15415, 36.02807],
          [-123.15308, 36.0294],
          [-123.13275, 36.05461],
          [-123.13168, 36.05594],
          [-123.11134, 36.08114],
          [-123.11027, 36.08247],
          [-123.08992, 36.10767],
          [-123.08884, 36.109],
          [-123.06848, 36.13419],
          [-123.06741, 36.13552],
          [-123.04704, 36.16071],
          [-123.04597, 36.16204],
          [-123.02559, 36.18723],
          [-123.02452, 36.18855],
          [-123.00412, 36.21373],
          [-123.00305, 36.21506],
          [-122.98265, 36.24024],
          [-122.98158, 36.24156],
          [-122.96117, 36.26673],
          [-122.93399, 36.27131],
          [-122.93292, 36.27264],
          [-122.91249, 36.2978],
          [-122.91141, 36.29913],
          [-122.89098, 36.32428],
          [-122.86378, 36.32885],
          [-122.86271, 36.33018],
          [-122.84225, 36.35533],
          [-122.84118, 36.35665],
          [-122.82071, 36.38179],
          [-122.81963, 36.38312],
          [-122.79916, 36.40826],
          [-122.77194, 36.41281],
          [-122.77086, 36.41413],
          [-122.75037, 36.43926],
          [-122.74929, 36.44059],
          [-122.75495, 36.46249],
          [-122.73444, 36.48761],
          [-122.73336, 36.48893],
          [-122.71285, 36.51405],
          [-122.71177, 36.51538],
          [-122.69125, 36.54049],
          [-122.69017, 36.54181],
          [-122.66963, 36.56692],
          [-122.64237, 36.57145],
          [-122.64129, 36.57277],
          [-122.62074, 36.59787],
          [-122.61966, 36.59919],
          [-122.5991, 36.62429],
          [-122.59801, 36.62561],
          [-122.57744, 36.6507],
          [-122.57636, 36.65202],
          [-122.55578, 36.6771],
          [-122.5547, 36.67842],
          [-122.5341, 36.7035],
          [-122.53302, 36.70482],
          [-122.51242, 36.72989],
          [-122.48511, 36.7344],
          [-122.48402, 36.73571],
          [-122.46341, 36.76078],
          [-122.46232, 36.7621],
          [-122.44169, 36.78716],
          [-122.41437, 36.79165],
          [-122.41328, 36.79297],
          [-122.39263, 36.81802],
          [-122.39155, 36.81934],
          [-122.37089, 36.84438],
          [-122.3698, 36.8457],
          [-122.34914, 36.87074],
          [-122.34805, 36.87206],
          [-122.32738, 36.89709],
          [-122.32629, 36.89841],
          [-122.3056, 36.92344],
          [-122.27824, 36.92791],
          [-122.25087, 36.93237],
          [-122.24978, 36.93368],
          [-122.22907, 36.9587],
          [-122.20169, 36.96315],
          [-122.2006, 36.96447],
          [-122.17987, 36.98948],
          [-122.17878, 36.99079],
          [-122.15804, 37.0158],
          [-122.15695, 37.01711],
          [-122.1362, 37.04211],
          [-122.1088, 37.04654],
          [-122.1077, 37.04786],
          [-122.08694, 37.07285],
          [-122.05953, 37.07728],
          [-122.05843, 37.07859],
          [-122.03765, 37.10357],
          [-122.03656, 37.10488],
          [-122.01576, 37.12986],
          [-122.01467, 37.13117],
          [-121.99387, 37.15614],
          [-121.96643, 37.16055],
          [-121.96533, 37.16187],
          [-121.94451, 37.18683],
          [-121.94342, 37.18814],
          [-121.92259, 37.2131],
          [-121.92149, 37.21441],
          [-121.90065, 37.23936],
          [-121.87319, 37.24375],
          [-121.84186, 37.22715],
          [-121.83635, 37.20528],
          [-121.83085, 37.18341],
          [-121.8292, 37.18254],
          [-121.79789, 37.16592],
          [-121.79625, 37.16505],
          [-121.7688, 37.16943],
          [-121.7677, 37.17074],
          [-121.77319, 37.19261],
          [-121.77869, 37.21448],
          [-121.78418, 37.23635],
          [-121.78583, 37.23723],
          [-121.81715, 37.25384],
          [-121.8188, 37.25471],
          [-121.85014, 37.27132],
          [-121.85565, 37.29318],
          [-121.86117, 37.31504],
          [-121.84029, 37.33997],
          [-121.8392, 37.34128],
          [-121.84471, 37.36314],
          [-121.85023, 37.38499],
          [-121.82934, 37.40992],
          [-121.82824, 37.41123],
          [-121.83376, 37.43308],
          [-121.81286, 37.458],
          [-121.81176, 37.45931],
          [-121.79084, 37.48422],
          [-121.78974, 37.48553],
          [-121.76882, 37.51043],
          [-121.76772, 37.51175],
          [-121.77323, 37.53359],
          [-121.75229, 37.55849],
          [-121.75119, 37.5598],
          [-121.7567, 37.58164],
          [-121.73575, 37.60653],
          [-121.73465, 37.60784],
          [-121.71369, 37.63273],
          [-121.71259, 37.63404],
          [-121.71809, 37.65587],
          [-121.69712, 37.68075],
          [-121.69601, 37.68206],
          [-121.67503, 37.70693],
          [-121.64744, 37.71128],
          [-121.61984, 37.71563],
          [-121.58842, 37.69901],
          [-121.58294, 37.67718],
          [-121.60393, 37.65231],
          [-121.60504, 37.651],
          [-121.59956, 37.62916],
          [-121.59408, 37.60732],
          [-121.61506, 37.58245],
          [-121.61616, 37.58114],
          [-121.63713, 37.55626],
          [-121.63824, 37.55495],
          [-121.6592, 37.53006],
          [-121.6603, 37.52875],
          [-121.65482, 37.50691],
          [-121.65316, 37.50603],
          [-121.62562, 37.51038],
          [-121.59808, 37.51473],
          [-121.59697, 37.51604],
          [-121.576, 37.54091],
          [-121.54845, 37.54525],
          [-121.52089, 37.54958],
          [-121.49333, 37.55391],
          [-121.46577, 37.55823],
          [-121.46466, 37.55954],
          [-121.44365, 37.5844],
          [-121.44254, 37.58571],
          [-121.44799, 37.60755],
          [-121.42697, 37.63241],
          [-121.42586, 37.63371],
          [-121.40482, 37.65856],
          [-121.40372, 37.65987],
          [-121.38267, 37.68471],
          [-121.38156, 37.68602],
          [-121.387, 37.70786],
          [-121.36594, 37.73269],
          [-121.36484, 37.734],
          [-121.37028, 37.75583],
          [-121.3492, 37.78066],
          [-121.34809, 37.78197],
          [-121.35353, 37.8038],
          [-121.33245, 37.82862],
          [-121.33134, 37.82992],
          [-121.31024, 37.85474],
          [-121.30913, 37.85604],
          [-121.28802, 37.88085],
          [-121.28691, 37.88216],
          [-121.29234, 37.90398],
          [-121.27122, 37.92878],
          [-121.27011, 37.93009],
          [-121.24898, 37.95489],
          [-121.24787, 37.95619],
          [-121.2533, 37.97801],
          [-121.23215, 38.0028],
          [-121.23104, 38.0041],
          [-121.20989, 38.02889],
          [-121.20877, 38.03019],
          [-121.18761, 38.05497],
          [-121.18649, 38.05627],
          [-121.16532, 38.08105],
          [-121.1642, 38.08235],
          [-121.14302, 38.10712],
          [-121.1419, 38.10842],
          [-121.12071, 38.13318],
          [-121.11959, 38.13448],
          [-121.09839, 38.15924],
          [-121.09727, 38.16054],
          [-121.07606, 38.18529],
          [-121.07494, 38.1866],
          [-121.05371, 38.21134],
          [-121.0526, 38.21264],
          [-121.03136, 38.23738],
          [-121.03024, 38.23868],
          [-121.03564, 38.26048],
          [-121.01439, 38.28522],
          [-121.01327, 38.28652],
          [-120.99201, 38.31124],
          [-120.99089, 38.31254],
          [-120.99628, 38.33434],
          [-121.00168, 38.35613],
          [-121.00707, 38.37792],
          [-121.01247, 38.3997],
          [-120.99119, 38.42442],
          [-120.99007, 38.42572],
          [-120.99547, 38.4475],
          [-120.97417, 38.47221],
          [-120.97305, 38.47351],
          [-120.95174, 38.49821],
          [-120.95062, 38.49951],
          [-120.9293, 38.52421],
          [-120.92818, 38.5255],
          [-120.93357, 38.54728],
          [-120.91224, 38.57197],
          [-120.91111, 38.57327],
          [-120.88977, 38.59795],
          [-120.86192, 38.60216],
          [-120.86079, 38.60345],
          [-120.83943, 38.62813],
          [-120.81157, 38.63233],
          [-120.81044, 38.63362],
          [-120.78906, 38.65829],
          [-120.76119, 38.66248],
          [-120.76006, 38.66377],
          [-120.73867, 38.68843],
          [-120.73754, 38.68972],
          [-120.71613, 38.71437],
          [-120.68824, 38.71855],
          [-120.68711, 38.71985],
          [-120.69246, 38.74161],
          [-120.67104, 38.76625],
          [-120.64313, 38.77041],
          [-120.642, 38.77171],
          [-120.62055, 38.79634],
          [-120.61943, 38.79763],
          [-120.59797, 38.82226],
          [-120.57004, 38.82641],
          [-120.56891, 38.82771],
          [-120.54744, 38.85232],
          [-120.54631, 38.85361],
          [-120.52483, 38.87822],
          [-120.49688, 38.88236],
          [-120.49575, 38.88366],
          [-120.47425, 38.90825],
          [-120.44629, 38.91239],
          [-120.44516, 38.91368],
          [-120.42364, 38.93827],
          [-120.42251, 38.93956],
          [-120.40098, 38.96414],
          [-120.37301, 38.96826],
          [-120.34503, 38.97238],
          [-120.31706, 38.97649],
          [-120.28908, 38.9806],
          [-120.25748, 38.96383],
          [-120.25582, 38.96295],
          [-120.22424, 38.94618],
          [-120.22258, 38.94529],
          [-120.19101, 38.92851],
          [-120.18935, 38.92763],
          [-120.15778, 38.91084],
          [-120.15612, 38.90995],
          [-120.12457, 38.89316],
          [-120.11933, 38.87139],
          [-120.11767, 38.87051],
          [-120.08614, 38.8537],
          [-120.08021, 38.83203],
          [-120.07925, 38.83105],
          [-120.04774, 38.81423],
          [-120.04251, 38.79245],
          [-120.04086, 38.79157],
          [-120.00936, 38.77474],
          [-120.00415, 38.75296],
          [-119.99894, 38.73118],
          [-119.99303, 38.7095],
          [-119.99207, 38.70851],
          [-119.96061, 38.69167],
          [-119.95895, 38.69078],
          [-119.9275, 38.67393],
          [-119.92585, 38.67304],
          [-119.8944, 38.65619],
          [-119.89275, 38.6553],
          [-119.86132, 38.63844],
          [-119.85966, 38.63755],
          [-119.82824, 38.62068],
          [-119.82659, 38.61979],
          [-119.79517, 38.60291],
          [-119.79002, 38.58111],
          [-119.78836, 38.58022],
          [-119.75697, 38.56333],
          [-119.75532, 38.56244],
          [-119.72393, 38.54555],
          [-119.72228, 38.54466],
          [-119.69091, 38.52775],
          [-119.68926, 38.52686],
          [-119.6579, 38.50995],
          [-119.65625, 38.50906],
          [-119.6249, 38.49215],
          [-119.62325, 38.49125],
          [-119.5919, 38.47433],
          [-119.59026, 38.47344],
          [-119.56238, 38.47744],
          [-119.53451, 38.48143],
          [-119.53337, 38.48272],
          [-119.53847, 38.50455],
          [-119.54012, 38.50544],
          [-119.57146, 38.52237],
          [-119.57657, 38.54419],
          [-119.57822, 38.54508],
          [-119.60958, 38.562],
          [-119.6147, 38.58381],
          [-119.61635, 38.5847],
          [-119.64773, 38.60161],
          [-119.64938, 38.6025],
          [-119.67729, 38.59849],
          [-119.70868, 38.61539],
          [-119.71382, 38.63719],
          [-119.71547, 38.63808],
          [-119.74688, 38.65497],
          [-119.75204, 38.67677],
          [-119.75719, 38.69857],
          [-119.73556, 38.72309],
          [-119.70762, 38.72711],
          [-119.70648, 38.7284],
          [-119.68483, 38.75292],
          [-119.68369, 38.75421],
          [-119.68884, 38.776],
          [-119.69398, 38.79779],
          [-119.69564, 38.79867],
          [-119.72709, 38.81556],
          [-119.73225, 38.83734],
          [-119.73741, 38.85912],
          [-119.74257, 38.8809],
          [-119.74423, 38.88178],
          [-119.77572, 38.89865],
          [-119.75404, 38.92316],
          [-119.7529, 38.92445],
          [-119.75807, 38.94622],
          [-119.73638, 38.97071],
          [-119.73524, 38.972],
          [-119.71355, 38.9965],
          [-119.7124, 38.99779],
          [-119.6907, 39.02227],
          [-119.68955, 39.02356],
          [-119.69471, 39.04532],
          [-119.67299, 39.0698],
          [-119.67185, 39.07109],
          [-119.65012, 39.09556],
          [-119.62208, 39.09956],
          [-119.59404, 39.10355],
          [-119.566, 39.10754],
          [-119.56486, 39.10883],
          [-119.54309, 39.13329],
          [-119.54195, 39.13457],
          [-119.54708, 39.15633],
          [-119.55222, 39.17808],
          [-119.55736, 39.19983],
          [-119.53557, 39.22428],
          [-119.53443, 39.22556],
          [-119.53956, 39.24731],
          [-119.51776, 39.27175],
          [-119.51662, 39.27303],
          [-119.52175, 39.29478],
          [-119.52689, 39.31652],
          [-119.53203, 39.33825],
          [-119.51021, 39.36268],
          [-119.50906, 39.36396],
          [-119.5142, 39.3857],
          [-119.51935, 39.40743],
          [-119.49751, 39.43184],
          [-119.49636, 39.43313],
          [-119.5015, 39.45485],
          [-119.47965, 39.47926],
          [-119.4785, 39.48055],
          [-119.48364, 39.50227],
          [-119.46177, 39.52667],
          [-119.46062, 39.52795],
          [-119.46576, 39.54967],
          [-119.44388, 39.57406],
          [-119.44273, 39.57535],
          [-119.44786, 39.59706],
          [-119.453, 39.61877],
          [-119.4311, 39.64315],
          [-119.42995, 39.64443],
          [-119.43509, 39.66614],
          [-119.44023, 39.68784],
          [-119.41831, 39.71222],
          [-119.41716, 39.7135],
          [-119.4223, 39.7352],
          [-119.40037, 39.75956],
          [-119.39921, 39.76084],
          [-119.40435, 39.78254],
          [-119.38241, 39.8069],
          [-119.38125, 39.80818],
          [-119.38639, 39.82987],
          [-119.36443, 39.85422],
          [-119.36327, 39.8555],
          [-119.34131, 39.87984],
          [-119.34015, 39.88112],
          [-119.34528, 39.9028],
          [-119.3233, 39.92714],
          [-119.32214, 39.92842],
          [-119.32727, 39.9501],
          [-119.3324, 39.97177],
          [-119.3104, 39.9961],
          [-119.30924, 39.99738],
          [-119.31437, 40.01905],
          [-119.29236, 40.04337],
          [-119.2912, 40.04465],
          [-119.29632, 40.06631],
          [-119.30145, 40.08798],
          [-119.27942, 40.11229],
          [-119.27826, 40.11356],
          [-119.28339, 40.13522],
          [-119.28852, 40.15688],
          [-119.26647, 40.18118],
          [-119.26531, 40.18246],
          [-119.24325, 40.20675],
          [-119.24209, 40.20803],
          [-119.24722, 40.22968],
          [-119.22514, 40.25396],
          [-119.22398, 40.25524],
          [-119.2291, 40.27688],
          [-119.20702, 40.30116],
          [-119.20585, 40.30243],
          [-119.21097, 40.32407],
          [-119.2161, 40.34571],
          [-119.19399, 40.36998],
          [-119.19283, 40.37125],
          [-119.19795, 40.39289],
          [-119.17583, 40.41714],
          [-119.17467, 40.41842],
          [-119.15254, 40.44267],
          [-119.15137, 40.44395],
          [-119.15649, 40.46557],
          [-119.13434, 40.48981],
          [-119.13318, 40.49109],
          [-119.13829, 40.51271],
          [-119.11613, 40.53695],
          [-119.11497, 40.53822],
          [-119.12008, 40.55984],
          [-119.09791, 40.58406],
          [-119.09674, 40.58534],
          [-119.07455, 40.60956],
          [-119.07339, 40.61083],
          [-119.05119, 40.63504],
          [-119.05002, 40.63632],
          [-119.05513, 40.65793],
          [-119.03292, 40.68213],
          [-119.03175, 40.6834],
          [-119.00952, 40.7076],
          [-119.00835, 40.70888],
          [-119.01345, 40.73048],
          [-118.99122, 40.75467],
          [-118.99005, 40.75594],
          [-118.9678, 40.78012],
          [-118.96663, 40.7814],
          [-118.97172, 40.80299],
          [-118.94946, 40.82717],
          [-118.94829, 40.82844],
          [-118.95338, 40.85003],
          [-118.93111, 40.87419],
          [-118.92994, 40.87547],
          [-118.90765, 40.89963],
          [-118.90647, 40.9009],
          [-118.91156, 40.92248],
          [-118.88926, 40.94663],
          [-118.88809, 40.9479],
          [-118.89317, 40.96948],
          [-118.87086, 40.99362],
          [-118.86968, 40.9949],
          [-118.84735, 41.01903],
          [-118.84618, 41.0203],
          [-118.85126, 41.04187],
          [-118.82892, 41.066],
          [-118.82774, 41.06727],
          [-118.80539, 41.0914],
          [-118.80421, 41.09267],
          [-118.80929, 41.11423],
          [-118.78692, 41.13834],
          [-118.78574, 41.13961],
          [-118.76336, 41.16372],
          [-118.76219, 41.16499],
          [-118.76726, 41.18654],
          [-118.74486, 41.21064],
          [-118.74368, 41.21191],
          [-118.72128, 41.23601],
          [-118.7201, 41.23727],
          [-118.69768, 41.26136],
          [-118.6965, 41.26263],
          [-118.70157, 41.28417],
          [-118.67913, 41.30825],
          [-118.67795, 41.30952],
          [-118.68301, 41.33106],
          [-118.66057, 41.35513],
          [-118.65939, 41.3564],
          [-118.66445, 41.37793],
          [-118.64199, 41.40199],
          [-118.6408, 41.40326],
          [-118.61833, 41.42732],
          [-118.61715, 41.42858],
          [-118.6222, 41.45011],
          [-118.59972, 41.47416],
          [-118.59853, 41.47542],
          [-118.60359, 41.49695],
          [-118.58108, 41.52098],
          [-118.5799, 41.52225],
          [-118.58495, 41.54377],
          [-118.56243, 41.5678],
          [-118.56125, 41.56906],
          [-118.53872, 41.59308],
          [-118.53754, 41.59435],
          [-118.54258, 41.61586],
          [-118.52004, 41.63987],
          [-118.51885, 41.64114],
          [-118.4963, 41.66515],
          [-118.49511, 41.66641],
          [-118.50015, 41.68791],
          [-118.47758, 41.71191],
          [-118.4764, 41.71317],
          [-118.45382, 41.73717],
          [-118.45263, 41.73843],
          [-118.43004, 41.76242],
          [-118.42885, 41.76368],
          [-118.40624, 41.78766],
          [-118.40505, 41.78892],
          [-118.38244, 41.8129],
          [-118.38125, 41.81416],
          [-118.38627, 41.83564],
          [-118.36365, 41.85961],
          [-118.36245, 41.86087],
          [-118.33981, 41.88483],
          [-118.33862, 41.88609],
          [-118.31597, 41.91004],
          [-118.31478, 41.9113],
          [-118.29212, 41.93525],
          [-118.29092, 41.93651],
          [-118.26825, 41.96045],
          [-118.26706, 41.96171],
          [-118.27206, 41.98318],
          [-118.24937, 42.00711],
          [-118.24818, 42.00837],
          [-118.25318, 42.02984],
          [-118.24446, 42.05307],
          [-118.23548, 42.07522],
          [-118.23501, 42.07639],
          [-118.23929, 42.09794],
          [-118.2443, 42.1194],
          [-118.23557, 42.14261],
          [-118.22658, 42.16476],
          [-118.22538, 42.16601],
          [-118.21664, 42.18923],
          [-118.20765, 42.21136],
          [-118.20645, 42.21262],
          [-118.21146, 42.23406],
          [-118.1887, 42.25795],
          [-118.1875, 42.25921],
          [-118.1925, 42.28064],
          [-118.18374, 42.30384],
          [-118.17473, 42.32595],
          [-118.17353, 42.32721],
          [-118.17854, 42.34864],
          [-118.15574, 42.37251],
          [-118.15454, 42.37376],
          [-118.15955, 42.39519],
          [-118.13674, 42.41905],
          [-118.13554, 42.4203],
          [-118.14054, 42.44172],
          [-118.11771, 42.46557],
          [-118.11651, 42.46683],
          [-118.09368, 42.49067],
          [-118.09247, 42.49192],
          [-118.09747, 42.51333],
          [-118.07462, 42.53717],
          [-118.07342, 42.53842],
          [-118.07841, 42.55983],
          [-118.05554, 42.58365],
          [-118.05434, 42.58491],
          [-118.05933, 42.60631],
          [-118.03645, 42.63012],
          [-118.03525, 42.63138],
          [-118.04024, 42.65277],
          [-118.01734, 42.67658],
          [-118.01614, 42.67783],
          [-118.02112, 42.69922],
          [-117.99821, 42.72302],
          [-117.99701, 42.72427],
          [-117.97408, 42.74806],
          [-117.97288, 42.74931],
          [-117.97786, 42.77069],
          [-117.95492, 42.79448],
          [-117.95371, 42.79573],
          [-117.93076, 42.8195],
          [-117.92956, 42.82075],
          [-117.90659, 42.84452],
          [-117.87745, 42.84817],
          [-117.84504, 42.83132],
          [-117.84334, 42.83043],
          [-117.81419, 42.83407],
          [-117.78504, 42.8377],
          [-117.75589, 42.84132],
          [-117.75468, 42.84257],
          [-117.73167, 42.86631],
          [-117.73046, 42.86756],
          [-117.73539, 42.88893],
          [-117.71237, 42.91267],
          [-117.71116, 42.91392],
          [-117.68812, 42.93765],
          [-117.68691, 42.9389],
          [-117.69184, 42.96026],
          [-117.66879, 42.98398],
          [-117.66758, 42.98523],
          [-117.64452, 43.00894],
          [-117.6433, 43.01019],
          [-117.64823, 43.03154],
          [-117.62515, 43.05525],
          [-117.59593, 43.05884],
          [-117.59471, 43.06009],
          [-117.57162, 43.08378],
          [-117.5704, 43.08503],
          [-117.54729, 43.10871],
          [-117.54608, 43.10996],
          [-117.52295, 43.13364],
          [-117.52174, 43.13488],
          [-117.49861, 43.15856],
          [-117.49739, 43.1598],
          [-117.47424, 43.18347],
          [-117.44498, 43.18703],
          [-117.44376, 43.18828],
          [-117.4206, 43.21193],
          [-117.41938, 43.21318],
          [-117.42427, 43.23451],
          [-117.40109, 43.25816],
          [-117.39987, 43.2594],
          [-117.37668, 43.28304],
          [-117.37546, 43.28429],
          [-117.35225, 43.30792],
          [-117.35103, 43.30916],
          [-117.32782, 43.33279],
          [-117.3266, 43.33403],
          [-117.30337, 43.35765],
          [-117.30215, 43.35889],
          [-117.27891, 43.3825],
          [-117.27769, 43.38375],
          [-117.25444, 43.40735],
          [-117.25322, 43.40859],
          [-117.22996, 43.43219],
          [-117.22873, 43.43343],
          [-117.23359, 43.45474],
          [-117.21031, 43.47833],
          [-117.20909, 43.47957],
          [-117.21394, 43.50088],
          [-117.19065, 43.52445],
          [-117.18942, 43.5257],
          [-117.16612, 43.54927],
          [-117.16489, 43.55051],
          [-117.14158, 43.57407],
          [-117.14035, 43.57531],
          [-117.11702, 43.59887],
          [-117.08762, 43.60238],
          [-117.05822, 43.60587],
          [-117.02881, 43.60937],
          [-117.02758, 43.6106],
          [-117.00422, 43.63414],
          [-116.97481, 43.63763],
          [-116.97357, 43.63887],
          [-116.95019, 43.6624],
          [-116.92077, 43.66587],
          [-116.91954, 43.66711],
          [-116.89613, 43.69062],
          [-116.8949, 43.69186],
          [-116.8997, 43.71314],
          [-116.87628, 43.73665],
          [-116.87505, 43.73789],
          [-116.85162, 43.76139],
          [-116.82216, 43.76485],
          [-116.7927, 43.7683],
          [-116.76323, 43.77175],
          [-116.73377, 43.77519],
          [-116.7043, 43.77863],
          [-116.70307, 43.77986],
          [-116.67959, 43.80334],
          [-116.65011, 43.80677],
          [-116.62063, 43.81019],
          [-116.59115, 43.81361],
          [-116.56166, 43.81702],
          [-116.53218, 43.82043],
          [-116.53094, 43.82167],
          [-116.50741, 43.84511],
          [-116.50617, 43.84635],
          [-116.48262, 43.86979],
          [-116.45312, 43.87318],
          [-116.42361, 43.87657],
          [-116.39112, 43.85958],
          [-116.38941, 43.85869],
          [-116.35693, 43.84169],
          [-116.35522, 43.8408],
          [-116.32572, 43.84417],
          [-116.29621, 43.84755],
          [-116.26671, 43.85091],
          [-116.23425, 43.83389],
          [-116.23254, 43.833],
          [-116.2001, 43.81597],
          [-116.19545, 43.79468],
          [-116.19374, 43.79379],
          [-116.16131, 43.77675],
          [-116.15961, 43.77585],
          [-116.13012, 43.7792],
          [-116.10063, 43.78254],
          [-116.07114, 43.78588],
          [-116.04165, 43.78921],
          [-116.01215, 43.79254],
          [-115.97976, 43.77547],
          [-115.97516, 43.75417],
          [-115.97345, 43.75328],
          [-115.94108, 43.73619],
          [-115.93937, 43.73529],
          [-115.90701, 43.7182],
          [-115.90531, 43.7173],
          [-115.87583, 43.72061],
          [-115.84635, 43.72392],
          [-115.8451, 43.72515],
          [-115.82143, 43.74852],
          [-115.82018, 43.74975],
          [-115.7965, 43.77312],
          [-115.79525, 43.77435],
          [-115.77156, 43.79771],
          [-115.77031, 43.79894],
          [-115.7466, 43.82229],
          [-115.74535, 43.82352],
          [-115.72163, 43.84687],
          [-115.68927, 43.82975],
          [-115.68757, 43.82885],
          [-115.65805, 43.83212],
          [-115.6257, 43.815],
          [-115.624, 43.81409],
          [-115.59448, 43.81736],
          [-115.56496, 43.82062],
          [-115.53264, 43.80347],
          [-115.53094, 43.80257],
          [-115.49862, 43.78542],
          [-115.49413, 43.76411],
          [-115.49243, 43.7632],
          [-115.46013, 43.74604],
          [-115.45844, 43.74514],
          [-115.42615, 43.72797],
          [-115.42445, 43.72706],
          [-115.39218, 43.70988],
          [-115.39049, 43.70898],
          [-115.35823, 43.69179],
          [-115.35377, 43.67047],
          [-115.35207, 43.66956],
          [-115.31983, 43.65236],
          [-115.31814, 43.65146],
          [-115.28866, 43.65468],
          [-115.25644, 43.63747],
          [-115.25474, 43.63656],
          [-115.22253, 43.61934],
          [-115.22083, 43.61844],
          [-115.18864, 43.60121],
          [-115.18694, 43.6003],
          [-115.15476, 43.58307],
          [-115.15306, 43.58216],
          [-115.1236, 43.58535],
          [-115.09413, 43.58854],
          [-115.06197, 43.57129],
          [-115.06028, 43.57038],
          [-115.02812, 43.55312],
          [-115.02374, 43.53177],
          [-115.01936, 43.51042],
          [-115.01498, 43.48906],
          [-115.0106, 43.4677],
          [-115.00891, 43.4668],
          [-114.9768, 43.44952],
          [-114.97511, 43.44861],
          [-114.94301, 43.43132],
          [-114.94132, 43.43041],
          [-114.90923, 43.41311],
          [-114.90754, 43.4122],
          [-114.87812, 43.41536],
          [-114.84605, 43.39805],
          [-114.84436, 43.39714],
          [-114.81495, 43.40029],
          [-114.78289, 43.38297],
          [-114.7812, 43.38206],
          [-114.74916, 43.36473],
          [-114.74485, 43.34335],
          [-114.74316, 43.34244],
          [-114.74191, 43.34366],
          [-114.74622, 43.36504],
          [-114.72237, 43.38833],
          [-114.72112, 43.38956],
          [-114.69726, 43.41284],
          [-114.696, 43.41406],
          [-114.67213, 43.43734],
          [-114.6427, 43.44046],
          [-114.64144, 43.44168],
          [-114.61755, 43.46495],
          [-114.61629, 43.46617],
          [-114.59239, 43.48943],
          [-114.56294, 43.49254],
          [-114.56168, 43.49376],
          [-114.53776, 43.517],
          [-114.50829, 43.5201],
          [-114.50703, 43.52133],
          [-114.48309, 43.54456],
          [-114.45362, 43.54765],
          [-114.45236, 43.54887],
          [-114.4284, 43.57209],
          [-114.39892, 43.57517],
          [-114.36943, 43.57825],
          [-114.36817, 43.57947],
          [-114.34418, 43.60268],
          [-114.31469, 43.60575],
          [-114.28519, 43.60881],
          [-114.25569, 43.61186],
          [-114.22619, 43.61491],
          [-114.22493, 43.61613],
          [-114.20089, 43.63932],
          [-114.17138, 43.64236],
          [-114.17012, 43.64358],
          [-114.14607, 43.66675],
          [-114.1448, 43.66797],
          [-114.12074, 43.69114],
          [-114.09121, 43.69417],
          [-114.08994, 43.69539],
          [-114.06586, 43.71854],
          [-114.03632, 43.72156],
          [-114.00678, 43.72458],
          [-113.97724, 43.72759],
          [-113.94523, 43.71016],
          [-113.94354, 43.70924],
          [-113.914, 43.71224],
          [-113.88446, 43.71524],
          [-113.85247, 43.6978],
          [-113.85078, 43.69688],
          [-113.8188, 43.67942],
          [-113.81468, 43.65806],
          [-113.81299, 43.65715],
          [-113.78347, 43.66013],
          [-113.75151, 43.64266],
          [-113.74983, 43.64174],
          [-113.7203, 43.64471],
          [-113.68836, 43.62723],
          [-113.68668, 43.62631],
          [-113.65716, 43.62927],
          [-113.62763, 43.63223],
          [-113.59811, 43.63518],
          [-113.56858, 43.63813],
          [-113.53905, 43.64107],
          [-113.50714, 43.62356],
          [-113.50546, 43.62264],
          [-113.47594, 43.62557],
          [-113.44405, 43.60805],
          [-113.44237, 43.60712],
          [-113.41049, 43.58959],
          [-113.40881, 43.58867],
          [-113.37694, 43.57113],
          [-113.37527, 43.57021],
          [-113.34575, 43.57312],
          [-113.31624, 43.57603],
          [-113.28672, 43.57893],
          [-113.2572, 43.58183],
          [-113.22768, 43.58473],
          [-113.19815, 43.58762],
          [-113.16863, 43.5905],
          [-113.1391, 43.59338],
          [-113.10957, 43.59626],
          [-113.07776, 43.57867],
          [-113.07608, 43.57774],
          [-113.04656, 43.58061],
          [-113.01476, 43.56301],
          [-113.01308, 43.56208],
          [-112.98356, 43.56494],
          [-112.95404, 43.56779],
          [-112.92226, 43.55017],
          [-112.92058, 43.54924],
          [-112.89106, 43.55209],
          [-112.86154, 43.55492],
          [-112.83201, 43.55776],
          [-112.80249, 43.56059],
          [-112.77296, 43.56341],
          [-112.77168, 43.56462],
          [-112.74732, 43.58762],
          [-112.71778, 43.59044],
          [-112.68824, 43.59325],
          [-112.68696, 43.59446],
          [-112.66257, 43.61745],
          [-112.63302, 43.62025],
          [-112.60347, 43.62304],
          [-112.57173, 43.60537],
          [-112.57006, 43.60444],
          [-112.56878, 43.60565],
          [-112.54436, 43.62862],
          [-112.54307, 43.62983],
          [-112.51864, 43.65279],
          [-112.51736, 43.654],
          [-112.5212, 43.67539],
          [-112.52504, 43.69678],
          [-112.52672, 43.69771],
          [-112.55629, 43.69492],
          [-112.58587, 43.69214],
          [-112.61544, 43.68934],
          [-112.64501, 43.68655],
          [-112.67678, 43.7042],
          [-112.67846, 43.70513],
          [-112.70803, 43.70232],
          [-112.7376, 43.69951],
          [-112.7694, 43.71715],
          [-112.77107, 43.71807],
          [-112.80064, 43.71525],
          [-112.83246, 43.73287],
          [-112.83413, 43.7338],
          [-112.86371, 43.73097],
          [-112.89554, 43.74858],
          [-112.89721, 43.74951],
          [-112.92679, 43.74667],
          [-112.95864, 43.76426],
          [-112.96031, 43.76519],
          [-112.99217, 43.78278],
          [-112.99612, 43.80414],
          [-113.00007, 43.8255],
          [-113.00175, 43.82642],
          [-113.03363, 43.844],
          [-113.03531, 43.84492],
          [-113.06721, 43.86249],
          [-113.07118, 43.88384],
          [-113.07515, 43.90518],
          [-113.05078, 43.92817],
          [-113.04949, 43.92938],
          [-113.02511, 43.95237],
          [-113.02383, 43.95358],
          [-112.99943, 43.97656],
          [-112.96978, 43.9794],
          [-112.93786, 43.96183],
          [-112.93618, 43.96091],
          [-112.90428, 43.94333],
          [-112.9026, 43.94241],
          [-112.87296, 43.94524],
          [-112.84332, 43.94807],
          [-112.84203, 43.94927],
          [-112.81759, 43.97223],
          [-112.78794, 43.97505],
          [-112.78665, 43.97626],
          [-112.76219, 43.9992],
          [-112.73253, 44.00201],
          [-112.70287, 44.00481],
          [-112.70158, 44.00602],
          [-112.67709, 44.02895],
          [-112.64742, 44.03174],
          [-112.61554, 44.01413],
          [-112.61386, 44.0132],
          [-112.58419, 44.01598],
          [-112.55452, 44.01877],
          [-112.52267, 44.00113],
          [-112.51881, 43.97979],
          [-112.51714, 43.97886],
          [-112.4853, 43.96121],
          [-112.48146, 43.93986],
          [-112.47978, 43.93893],
          [-112.44797, 43.92128],
          [-112.44629, 43.92035],
          [-112.41665, 43.92311],
          [-112.387, 43.92586],
          [-112.3857, 43.92707],
          [-112.36116, 43.94997],
          [-112.33151, 43.95272],
          [-112.29971, 43.93503],
          [-112.29804, 43.9341],
          [-112.26838, 43.93684],
          [-112.23873, 43.93957],
          [-112.20907, 43.9423],
          [-112.17941, 43.94502],
          [-112.14975, 43.94774],
          [-112.14845, 43.94895],
          [-112.15222, 43.9703],
          [-112.156, 43.99165],
          [-112.15978, 44.013],
          [-112.13516, 44.03586],
          [-112.13386, 44.03706],
          [-112.10924, 44.05991],
          [-112.10794, 44.06111],
          [-112.11171, 44.08245],
          [-112.11548, 44.10379],
          [-112.11925, 44.12512],
          [-112.12302, 44.14646],
          [-112.1268, 44.16778],
          [-112.13057, 44.18911],
          [-112.10591, 44.21193],
          [-112.10461, 44.21313],
          [-112.07993, 44.23595],
          [-112.07863, 44.23715],
          [-112.0824, 44.25847],
          [-112.0577, 44.28128],
          [-112.0564, 44.28248],
          [-112.06017, 44.30379],
          [-112.03546, 44.32659],
          [-112.03415, 44.32779],
          [-112.03792, 44.34909],
          [-112.04168, 44.37039],
          [-112.04336, 44.37132],
          [-112.07525, 44.389],
          [-112.07693, 44.38993],
          [-112.10883, 44.40759],
          [-112.11051, 44.40852],
          [-112.14242, 44.42618],
          [-112.14621, 44.44746],
          [-112.14789, 44.44839],
          [-112.17982, 44.46604],
          [-112.18362, 44.48732],
          [-112.18589, 44.5]
        ]
      }
    },
    {
      "type": "Feature",
      "id": "2026082418_f042_13000_017",
      "properties": {
        "product_id": "winter_storm_levels",
        "source_id": "nbm_snow_level",
        "parameter": "snow_level",
        "definition": "height of the wet-bulb 0.5 degree C surface",
        "level_ft_msl": 13000,
        "label": "13,000 ft MSL",
        "unit": "ft_msl",
        "cycle_time_utc": "2026-08-24T18:00:00Z",
        "valid_time_utc": "2026-08-26T12:00:00Z",
        "lead_hours": 42,
        "segment": 17,
        "length_m": 456685
      },
      "geometry": {
        "type": "LineString",
        "coordinates": [
          [-128.75475, 30.0667],
          [-128.73744, 30.0919],
          [-128.73649, 30.09328],
          [-128.71842, 30.11955],
          [-128.71747, 30.12093],
          [-128.6994, 30.14719],
          [-128.69845, 30.14857],
          [-128.68038, 30.17483],
          [-128.67942, 30.17622],
          [-128.66134, 30.20247],
          [-128.66039, 30.20385],
          [-128.64229, 30.2301],
          [-128.64134, 30.23149],
          [-128.62324, 30.25774],
          [-128.62228, 30.25912],
          [-128.60417, 30.28536],
          [-128.60322, 30.28674],
          [-128.5851, 30.31299],
          [-128.58414, 30.31437],
          [-128.56602, 30.3406],
          [-128.56506, 30.34199],
          [-128.54692, 30.36822],
          [-128.54597, 30.3696],
          [-128.52782, 30.39583],
          [-128.52687, 30.39721],
          [-128.50871, 30.42344],
          [-128.50776, 30.42482],
          [-128.48959, 30.45105],
          [-128.48864, 30.45243],
          [-128.47047, 30.47865],
          [-128.46951, 30.48003],
          [-128.45133, 30.50625],
          [-128.45037, 30.50763],
          [-128.45682, 30.52967],
          [-128.43863, 30.55588],
          [-128.43767, 30.55726],
          [-128.41947, 30.58347],
          [-128.39387, 30.58902],
          [-128.39291, 30.5904],
          [-128.37469, 30.6166],
          [-128.37373, 30.61798],
          [-128.35551, 30.64418],
          [-128.35455, 30.64556],
          [-128.33632, 30.67176],
          [-128.33536, 30.67314],
          [-128.31712, 30.69933],
          [-128.31616, 30.70071],
          [-128.29791, 30.7269],
          [-128.29695, 30.72828],
          [-128.27869, 30.75446],
          [-128.27773, 30.75584],
          [-128.25946, 30.78202],
          [-128.2585, 30.7834],
          [-128.24023, 30.80958],
          [-128.21456, 30.81509],
          [-128.2136, 30.81647],
          [-128.19531, 30.84265],
          [-128.19435, 30.84402],
          [-128.17605, 30.87019],
          [-128.17509, 30.87157],
          [-128.15678, 30.89773],
          [-128.13109, 30.90323],
          [-128.13013, 30.90461],
          [-128.1118, 30.93077],
          [-128.11084, 30.93215],
          [-128.09251, 30.9583],
          [-128.09154, 30.95968],
          [-128.0732, 30.98583],
          [-128.07224, 30.9872],
          [-128.05389, 31.01335],
          [-128.02817, 31.01883],
          [-128.0272, 31.02021],
          [-128.00884, 31.04635],
          [-128.00787, 31.04773],
          [-127.9895, 31.07386],
          [-127.98853, 31.07524],
          [-127.97015, 31.10137],
          [-127.96918, 31.10275],
          [-127.95079, 31.12888],
          [-127.94983, 31.13025],
          [-127.93143, 31.15638],
          [-127.90567, 31.16184],
          [-127.9047, 31.16322],
          [-127.88629, 31.18933],
          [-127.88532, 31.19071],
          [-127.8669, 31.21683],
          [-127.84112, 31.22227],
          [-127.84015, 31.22365],
          [-127.82172, 31.24976],
          [-127.82074, 31.25113],
          [-127.8023, 31.27724],
          [-127.77651, 31.28267],
          [-127.77554, 31.28405],
          [-127.75708, 31.31015],
          [-127.7561, 31.31152],
          [-127.73763, 31.33761],
          [-127.73666, 31.33899],
          [-127.71818, 31.36508],
          [-127.71721, 31.36645],
          [-127.69872, 31.39254],
          [-127.69774, 31.39391],
          [-127.67925, 31.42],
          [-127.65342, 31.42541],
          [-127.62759, 31.43082],
          [-127.62662, 31.43219],
          [-127.6081, 31.45827],
          [-127.58226, 31.46367],
          [-127.58129, 31.46504],
          [-127.56275, 31.49111],
          [-127.5369, 31.49651],
          [-127.51105, 31.5019],
          [-127.51008, 31.50327],
          [-127.49152, 31.52932],
          [-127.46566, 31.53471],
          [-127.4398, 31.54009],
          [-127.43882, 31.54146],
          [-127.42024, 31.5675],
          [-127.41926, 31.56887],
          [-127.40068, 31.59492],
          [-127.3748, 31.60028],
          [-127.37382, 31.60165],
          [-127.35522, 31.62769],
          [-127.32933, 31.63305],
          [-127.30344, 31.63841],
          [-127.27755, 31.64376],
          [-127.24698, 31.6279],
          [-127.24538, 31.62706],
          [-127.21482, 31.61119],
          [-127.20855, 31.58914],
          [-127.20229, 31.56709],
          [-127.19602, 31.54504],
          [-127.18976, 31.52299],
          [-127.20838, 31.49697],
          [-127.20936, 31.4956],
          [-127.22798, 31.46958],
          [-127.22896, 31.46821],
          [-127.24757, 31.44218],
          [-127.24855, 31.44081],
          [-127.26714, 31.41478],
          [-127.26812, 31.41341],
          [-127.28671, 31.38737],
          [-127.28769, 31.386],
          [-127.30627, 31.35996],
          [-127.30725, 31.35859],
          [-127.32582, 31.33254],
          [-127.35164, 31.32718],
          [-127.35262, 31.32581],
          [-127.37117, 31.29976],
          [-127.37215, 31.29839],
          [-127.3907, 31.27233],
          [-127.39167, 31.27096],
          [-127.41021, 31.24491],
          [-127.41119, 31.24353],
          [-127.42972, 31.21747],
          [-127.43069, 31.2161],
          [-127.44921, 31.19003],
          [-127.45019, 31.18866],
          [-127.4687, 31.16259],
          [-127.46968, 31.16122],
          [-127.48818, 31.13515],
          [-127.51395, 31.12976],
          [-127.51492, 31.12839],
          [-127.53341, 31.10231],
          [-127.53438, 31.10093],
          [-127.55286, 31.07485],
          [-127.55383, 31.07348],
          [-127.57231, 31.04739],
          [-127.57328, 31.04602],
          [-127.59174, 31.01993],
          [-127.59271, 31.01855],
          [-127.61116, 30.99246],
          [-127.61214, 30.99109],
          [-127.63058, 30.96499],
          [-127.63155, 30.96361],
          [-127.64999, 30.93751],
          [-127.65096, 30.93614],
          [-127.66938, 30.91003],
          [-127.67035, 30.90866],
          [-127.68877, 30.88255],
          [-127.68974, 30.88118],
          [-127.70815, 30.85506],
          [-127.70912, 30.85369],
          [-127.72752, 30.82757],
          [-127.72849, 30.8262],
          [-127.74688, 30.80008],
          [-127.77256, 30.79464],
          [-127.77353, 30.79327],
          [-127.79191, 30.76714],
          [-127.79288, 30.76577],
          [-127.81124, 30.73964],
          [-127.81221, 30.73826],
          [-127.83057, 30.71213],
          [-127.85623, 30.70668],
          [-127.8572, 30.7053],
          [-127.87554, 30.67916],
          [-127.87651, 30.67779],
          [-127.89484, 30.65164],
          [-127.92048, 30.64618],
          [-127.92145, 30.6448],
          [-127.93977, 30.61865],
          [-127.94073, 30.61728],
          [-127.95904, 30.59112],
          [-127.96001, 30.58975],
          [-127.97831, 30.56359],
          [-127.97927, 30.56221],
          [-127.99757, 30.53605],
          [-127.99853, 30.53468],
          [-128.01682, 30.50851],
          [-128.01778, 30.50713],
          [-128.03606, 30.48097],
          [-128.03702, 30.47959],
          [-128.03066, 30.45753],
          [-128.04892, 30.43136],
          [-128.04988, 30.42998],
          [-128.06814, 30.4038],
          [-128.09372, 30.39831],
          [-128.09468, 30.39693],
          [-128.11293, 30.37075],
          [-128.11389, 30.36937],
          [-128.13212, 30.34319],
          [-128.15768, 30.33768],
          [-128.15864, 30.33631],
          [-128.17686, 30.31011],
          [-128.17782, 30.30874],
          [-128.19603, 30.28254],
          [-128.22158, 30.27703],
          [-128.22254, 30.27565],
          [-128.24073, 30.24944],
          [-128.24169, 30.24807],
          [-128.25988, 30.22186],
          [-128.26083, 30.22048],
          [-128.27901, 30.19427],
          [-128.27997, 30.19289],
          [-128.29814, 30.16668],
          [-128.32366, 30.16115],
          [-128.32461, 30.15977],
          [-128.34277, 30.13355],
          [-128.34372, 30.13217],
          [-128.36187, 30.10595],
          [-128.36282, 30.10457],
          [-128.37636, 30.08499]
        ]
      }
    },
    {
      "type": "Feature",
      "id": "2026082418_f042_14000_001",
      "properties": {
        "product_id": "winter_storm_levels",
        "source_id": "nbm_snow_level",
        "parameter": "snow_level",
        "definition": "height of the wet-bulb 0.5 degree C surface",
        "level_ft_msl": 14000,
        "label": "14,000 ft MSL",
        "unit": "ft_msl",
        "cycle_time_utc": "2026-08-24T18:00:00Z",
        "valid_time_utc": "2026-08-26T12:00:00Z",
        "lead_hours": 42,
        "segment": 1,
        "length_m": 43133.1
      },
      "geometry": {
        "type": "LineString",
        "coordinates": [
          [-112.59699, 34.35207],
          [-112.59549, 34.32951],
          [-112.59196, 34.30717],
          [-112.58737, 34.30425],
          [-112.56032, 34.30717],
          [-112.53354, 34.31175],
          [-112.52975, 34.31386],
          [-112.50974, 34.33532],
          [-112.50621, 34.33911],
          [-112.48619, 34.36056],
          [-112.48266, 34.36435],
          [-112.46263, 34.38579],
          [-112.4591, 34.38958],
          [-112.46261, 34.41192],
          [-112.46611, 34.43425],
          [-112.4707, 34.43717],
          [-112.47424, 34.43339],
          [-112.49427, 34.41194],
          [-112.52134, 34.40904],
          [-112.54815, 34.40446],
          [-112.55195, 34.40235],
          [-112.57196, 34.38089],
          [-112.57549, 34.3771],
          [-112.59549, 34.35564],
          [-112.59699, 34.35207]
        ]
      }
    },
    {
      "type": "Feature",
      "id": "2026082418_f042_14000_002",
      "properties": {
        "product_id": "winter_storm_levels",
        "source_id": "nbm_snow_level",
        "parameter": "snow_level",
        "definition": "height of the wet-bulb 0.5 degree C surface",
        "level_ft_msl": 14000,
        "label": "14,000 ft MSL",
        "unit": "ft_msl",
        "cycle_time_utc": "2026-08-24T18:00:00Z",
        "valid_time_utc": "2026-08-26T12:00:00Z",
        "lead_hours": 42,
        "segment": 2,
        "length_m": 25174.7
      },
      "geometry": {
        "type": "LineString",
        "coordinates": [
          [-113.54698, 40.14278],
          [-113.54329, 40.1465],
          [-113.51476, 40.1495],
          [-113.48623, 40.1525],
          [-113.48137, 40.14968],
          [-113.47746, 40.12787],
          [-113.47354, 40.10606],
          [-113.47724, 40.10234],
          [-113.49814, 40.08126],
          [-113.50183, 40.07754],
          [-113.53034, 40.07454],
          [-113.5352, 40.07736],
          [-113.53913, 40.09917],
          [-113.54305, 40.12098],
          [-113.54698, 40.14278]
        ]
      }
    },
    {
      "type": "Feature",
      "id": "2026082418_f042_14000_003",
      "properties": {
        "product_id": "winter_storm_levels",
        "source_id": "nbm_snow_level",
        "parameter": "snow_level",
        "definition": "height of the wet-bulb 0.5 degree C surface",
        "level_ft_msl": 14000,
        "label": "14,000 ft MSL",
        "unit": "ft_msl",
        "cycle_time_utc": "2026-08-24T18:00:00Z",
        "valid_time_utc": "2026-08-26T12:00:00Z",
        "lead_hours": 42,
        "segment": 3,
        "length_m": 83591.2
      },
      "geometry": {
        "type": "LineString",
        "coordinates": [
          [-114.68672, 32.9263],
          [-114.68531, 32.9299],
          [-114.66596, 32.9517],
          [-114.66254, 32.95555],
          [-114.64318, 32.97735],
          [-114.63976, 32.98119],
          [-114.62039, 33.00298],
          [-114.61697, 33.00683],
          [-114.59759, 33.02862],
          [-114.59417, 33.03246],
          [-114.58613, 33.05287],
          [-114.57867, 33.07662],
          [-114.57495, 33.07879],
          [-114.55019, 33.09322],
          [-114.52349, 33.09647],
          [-114.49514, 33.0902],
          [-114.46843, 33.09344],
          [-114.44901, 33.11521],
          [-114.44558, 33.11905],
          [-114.42615, 33.14081],
          [-114.42243, 33.14297],
          [-114.41814, 33.14178],
          [-114.41428, 33.1194],
          [-114.41771, 33.11556],
          [-114.43714, 33.0938],
          [-114.44057, 33.08996],
          [-114.45999, 33.0682],
          [-114.46341, 33.06435],
          [-114.48282, 33.04258],
          [-114.48654, 33.04042],
          [-114.50765, 33.01672],
          [-114.50936, 33.0148],
          [-114.53411, 33.00037],
          [-114.54381, 32.98948],
          [-114.55692, 32.97474],
          [-114.56661, 32.96385],
          [-114.57607, 32.93984],
          [-114.57778, 32.93792],
          [-114.59885, 32.91421],
          [-114.60056, 32.91228],
          [-114.62528, 32.89783],
          [-114.64628, 32.88554],
          [-114.64999, 32.88338],
          [-114.67634, 32.87843],
          [-114.68093, 32.88129],
          [-114.68482, 32.90367],
          [-114.68672, 32.9263]
        ]
      }
    },
    {
      "type": "Feature",
      "id": "2026082418_f042_14000_004",
      "properties": {
        "product_id": "winter_storm_levels",
        "source_id": "nbm_snow_level",
        "parameter": "snow_level",
        "definition": "height of the wet-bulb 0.5 degree C surface",
        "level_ft_msl": 14000,
        "label": "14,000 ft MSL",
        "unit": "ft_msl",
        "cycle_time_utc": "2026-08-24T18:00:00Z",
        "valid_time_utc": "2026-08-26T12:00:00Z",
        "lead_hours": 42,
        "segment": 4,
        "length_m": 29562
      },
      "geometry": {
        "type": "LineString",
        "coordinates": [
          [-115.59712, 32.1247],
          [-115.59506, 32.10204],
          [-115.59101, 32.07964],
          [-115.58498, 32.05749],
          [-115.5608, 32.05089],
          [-115.53437, 32.05431],
          [-115.51361, 32.06673],
          [-115.51566, 32.08939],
          [-115.52168, 32.11154],
          [-115.54759, 32.12767],
          [-115.55216, 32.13052],
          [-115.57808, 32.14665],
          [-115.59712, 32.1247]
        ]
      }
    },
    {
      "type": "Feature",
      "id": "2026082418_f042_14000_005",
      "properties": {
        "product_id": "winter_storm_levels",
        "source_id": "nbm_snow_level",
        "parameter": "snow_level",
        "definition": "height of the wet-bulb 0.5 degree C surface",
        "level_ft_msl": 14000,
        "label": "14,000 ft MSL",
        "unit": "ft_msl",
        "cycle_time_utc": "2026-08-24T18:00:00Z",
        "valid_time_utc": "2026-08-26T12:00:00Z",
        "lead_hours": 42,
        "segment": 5,
        "length_m": 68805
      },
      "geometry": {
        "type": "LineString",
        "coordinates": [
          [-115.61449, 36.04465],
          [-115.61102, 36.04848],
          [-115.60628, 36.04567],
          [-115.57944, 36.02973],
          [-115.5747, 36.02691],
          [-115.54787, 36.01096],
          [-115.54313, 36.00815],
          [-115.51631, 35.9922],
          [-115.48893, 35.99557],
          [-115.4842, 35.99275],
          [-115.45739, 35.97679],
          [-115.45266, 35.97397],
          [-115.4485, 35.95182],
          [-115.4217, 35.93584],
          [-115.41698, 35.93302],
          [-115.41282, 35.91087],
          [-115.4163, 35.90704],
          [-115.43603, 35.88534],
          [-115.43187, 35.86318],
          [-115.42772, 35.84102],
          [-115.4312, 35.83719],
          [-115.43592, 35.84001],
          [-115.44008, 35.86217],
          [-115.46686, 35.87814],
          [-115.49421, 35.87477],
          [-115.49893, 35.87759],
          [-115.52573, 35.89355],
          [-115.55308, 35.89017],
          [-115.55781, 35.89298],
          [-115.56199, 35.91514],
          [-115.5888, 35.93109],
          [-115.59353, 35.93391],
          [-115.59772, 35.95606],
          [-115.60191, 35.97821],
          [-115.6061, 36.00036],
          [-115.6103, 36.02251],
          [-115.61449, 36.04465]
        ]
      }
    },
    {
      "type": "Feature",
      "id": "2026082418_f042_14000_006",
      "properties": {
        "product_id": "winter_storm_levels",
        "source_id": "nbm_snow_level",
        "parameter": "snow_level",
        "definition": "height of the wet-bulb 0.5 degree C surface",
        "level_ft_msl": 14000,
        "label": "14,000 ft MSL",
        "unit": "ft_msl",
        "cycle_time_utc": "2026-08-24T18:00:00Z",
        "valid_time_utc": "2026-08-26T12:00:00Z",
        "lead_hours": 42,
        "segment": 6,
        "length_m": 2440322.3
      },
      "geometry": {
        "type": "LineString",
        "coordinates": [
          [-115.69127, 30.16872],
          [-115.69372, 30.18252],
          [-115.70878, 30.20353],
          [-115.71328, 30.20638],
          [-115.72774, 30.22401],
          [-115.74476, 30.24476],
          [-115.74878, 30.26723],
          [-115.75133, 30.27035],
          [-115.76212, 30.28847],
          [-115.78284, 30.30871],
          [-115.78539, 30.31182],
          [-115.79435, 30.33019],
          [-115.80488, 30.35179],
          [-115.81293, 30.37373],
          [-115.80827, 30.39735],
          [-115.80432, 30.41744],
          [-115.80362, 30.42098],
          [-115.79495, 30.44514],
          [-115.78662, 30.46753],
          [-115.78301, 30.46974],
          [-115.76199, 30.47905],
          [-115.73869, 30.47563],
          [-115.73448, 30.47447],
          [-115.70665, 30.45688],
          [-115.7041, 30.45377],
          [-115.67853, 30.43761],
          [-115.67453, 30.41514],
          [-115.67052, 30.39267],
          [-115.66602, 30.38981],
          [-115.66271, 30.3937],
          [-115.64396, 30.41574],
          [-115.64326, 30.41928],
          [-115.64661, 30.44184],
          [-115.65061, 30.46431],
          [-115.65265, 30.48704],
          [-115.65666, 30.50951],
          [-115.66066, 30.53198],
          [-115.66467, 30.55445],
          [-115.67064, 30.57665],
          [-115.67465, 30.59912],
          [-115.66561, 30.62331],
          [-115.65792, 30.64387],
          [-115.65656, 30.6475],
          [-115.66057, 30.66996],
          [-115.66458, 30.69242],
          [-115.6686, 30.71488],
          [-115.67116, 30.71799],
          [-115.69678, 30.73415],
          [-115.7013, 30.737],
          [-115.72914, 30.74309],
          [-115.75307, 30.74969],
          [-115.75729, 30.75085],
          [-115.78342, 30.74738],
          [-115.81157, 30.75514],
          [-115.82439, 30.76321],
          [-115.84151, 30.78392],
          [-115.84621, 30.80629],
          [-115.84155, 30.8299],
          [-115.82917, 30.85281],
          [-115.82555, 30.85502],
          [-115.80676, 30.87705],
          [-115.80541, 30.88068],
          [-115.80945, 30.90313],
          [-115.81202, 30.90624],
          [-115.82659, 30.92384],
          [-115.84372, 30.94455],
          [-115.8463, 30.94766],
          [-115.86087, 30.96526],
          [-115.86493, 30.9877],
          [-115.86899, 31.01014],
          [-115.86131, 31.0307],
          [-115.85996, 31.03433],
          [-115.86402, 31.05677],
          [-115.8666, 31.05987],
          [-115.88119, 31.07747],
          [-115.88526, 31.09991],
          [-115.88933, 31.12235],
          [-115.8934, 31.14478],
          [-115.90861, 31.16574],
          [-115.91269, 31.18817],
          [-115.91677, 31.21061],
          [-115.89794, 31.23264],
          [-115.89461, 31.23653],
          [-115.87577, 31.25856],
          [-115.84953, 31.26203],
          [-115.84621, 31.26592],
          [-115.82735, 31.28794],
          [-115.82402, 31.29183],
          [-115.83006, 31.314],
          [-115.83264, 31.3171],
          [-115.85842, 31.33321],
          [-115.86249, 31.35564],
          [-115.86704, 31.35849],
          [-115.89283, 31.37459],
          [-115.89738, 31.37743],
          [-115.92318, 31.39353],
          [-115.92774, 31.39637],
          [-115.95401, 31.39288],
          [-115.97982, 31.40897],
          [-115.98438, 31.41181],
          [-116.0102, 31.42789],
          [-116.0143, 31.45031],
          [-116.00724, 31.47422],
          [-115.99955, 31.49476],
          [-115.99623, 31.49865],
          [-115.97736, 31.52068],
          [-115.97403, 31.52457],
          [-115.95516, 31.54659],
          [-115.95183, 31.55048],
          [-115.93121, 31.56297],
          [-115.9049, 31.56646],
          [-115.87859, 31.56994],
          [-115.85228, 31.57342],
          [-115.82818, 31.56684],
          [-115.82362, 31.564],
          [-115.79731, 31.56747],
          [-115.77099, 31.57093],
          [-115.74498, 31.57607],
          [-115.71866, 31.57953],
          [-115.71502, 31.58173],
          [-115.69436, 31.59419],
          [-115.67006, 31.60885],
          [-115.66839, 31.61079],
          [-115.65927, 31.63493],
          [-115.65152, 31.65545],
          [-115.65015, 31.65908],
          [-115.65273, 31.66218],
          [-115.67856, 31.67831],
          [-115.68312, 31.68115],
          [-115.70896, 31.69728],
          [-115.69001, 31.71926],
          [-115.66365, 31.72271],
          [-115.6373, 31.72615],
          [-115.61094, 31.72959],
          [-115.60759, 31.73346],
          [-115.58862, 31.75544],
          [-115.58527, 31.75931],
          [-115.56628, 31.78128],
          [-115.56491, 31.7849],
          [-115.55576, 31.80903],
          [-115.54626, 31.82001],
          [-115.5334, 31.83487],
          [-115.5239, 31.84585],
          [-115.51104, 31.8607],
          [-115.50325, 31.8812],
          [-115.49989, 31.88508],
          [-115.48087, 31.90703],
          [-115.47751, 31.9109],
          [-115.45848, 31.93285],
          [-115.45512, 31.93672],
          [-115.44791, 31.96058],
          [-115.4401, 31.98108],
          [-115.43872, 31.9847],
          [-115.44273, 32.0071],
          [-115.44477, 32.02977],
          [-115.44878, 32.05217],
          [-115.42802, 32.06459],
          [-115.41512, 32.07943],
          [-115.40729, 32.09992],
          [-115.40591, 32.10353],
          [-115.38515, 32.1274],
          [-115.38347, 32.12933],
          [-115.36147, 32.14628],
          [-115.35286, 32.15617],
          [-115.34616, 32.17994],
          [-115.34394, 32.1997],
          [-115.34322, 32.20323],
          [-115.34514, 32.20642],
          [-115.35605, 32.22451],
          [-115.37705, 32.24473],
          [-115.38106, 32.26713],
          [-115.37182, 32.29122],
          [-115.36397, 32.31169],
          [-115.3606, 32.31556],
          [-115.34148, 32.33748],
          [-115.31497, 32.34086],
          [-115.28677, 32.33472],
          [-115.26226, 32.34929],
          [-115.25858, 32.35148],
          [-115.23944, 32.37338],
          [-115.23805, 32.37699],
          [-115.2172, 32.40082],
          [-115.21617, 32.40267],
          [-115.20623, 32.42682],
          [-115.19665, 32.43777],
          [-115.18368, 32.45258],
          [-115.17409, 32.46352],
          [-115.16112, 32.47833],
          [-115.15097, 32.48609],
          [-115.12707, 32.50437],
          [-115.12528, 32.50574],
          [-115.10316, 32.52265],
          [-115.08941, 32.53315],
          [-115.08149, 32.5536],
          [-115.05493, 32.55694],
          [-115.05154, 32.5608],
          [-115.05612, 32.56366],
          [-115.08207, 32.57985],
          [-115.08635, 32.58103],
          [-115.1149, 32.58888],
          [-115.13918, 32.59555],
          [-115.14346, 32.59672],
          [-115.17202, 32.60456],
          [-115.1963, 32.61122],
          [-115.20089, 32.61407],
          [-115.22687, 32.63024],
          [-115.23086, 32.65262],
          [-115.20996, 32.66499],
          [-115.18537, 32.67954],
          [-115.15888, 32.68346],
          [-115.15509, 32.68508],
          [-115.13362, 32.69427],
          [-115.10835, 32.70507],
          [-115.08307, 32.71587],
          [-115.08128, 32.71724],
          [-115.05851, 32.73068],
          [-115.03383, 32.74493],
          [-115.03203, 32.74629],
          [-115.00986, 32.76317],
          [-115.00117, 32.77303],
          [-114.98659, 32.78543],
          [-114.96963, 32.79984],
          [-114.96293, 32.80553],
          [-114.93921, 32.82535],
          [-114.93741, 32.82672],
          [-114.9146, 32.84014],
          [-114.88989, 32.85435],
          [-114.88809, 32.85572],
          [-114.86587, 32.87258],
          [-114.85206, 32.88305],
          [-114.84184, 32.89079],
          [-114.81781, 32.90901],
          [-114.81601, 32.91037],
          [-114.79498, 32.93412],
          [-114.79327, 32.93604],
          [-114.77223, 32.95978],
          [-114.76853, 32.96195],
          [-114.74919, 32.98376],
          [-114.74777, 32.98736],
          [-114.72672, 33.01109],
          [-114.72501, 33.01302],
          [-114.70394, 33.03674],
          [-114.70023, 33.03891],
          [-114.68086, 33.06071],
          [-114.67744, 33.06455],
          [-114.65807, 33.08635],
          [-114.65465, 33.09019],
          [-114.63526, 33.11198],
          [-114.63384, 33.11558],
          [-114.61274, 33.13929],
          [-114.61103, 33.14121],
          [-114.59777, 33.16566],
          [-114.59131, 33.17292],
          [-114.57494, 33.19129],
          [-114.56847, 33.19854],
          [-114.54433, 33.2167],
          [-114.54251, 33.21806],
          [-114.51958, 33.23141],
          [-114.49478, 33.24583],
          [-114.49292, 33.24691],
          [-114.46997, 33.26025],
          [-114.44515, 33.27466],
          [-114.44329, 33.27574],
          [-114.41997, 33.287],
          [-114.39427, 33.2963],
          [-114.36877, 33.30687],
          [-114.36755, 33.3077],
          [-114.34396, 33.32137],
          [-114.31909, 33.33565],
          [-114.3172, 33.33657],
          [-114.29421, 33.34987],
          [-114.26936, 33.36426],
          [-114.26749, 33.36534],
          [-114.24508, 33.38209],
          [-114.21958, 33.39273],
          [-114.21575, 33.39433],
          [-114.1946, 33.40654],
          [-114.16982, 33.42147],
          [-114.16599, 33.42307],
          [-114.14483, 33.43527],
          [-114.12044, 33.42847],
          [-114.11623, 33.42783],
          [-114.1124, 33.42942],
          [-114.09124, 33.44162],
          [-114.06685, 33.43481],
          [-114.06254, 33.43361],
          [-114.03546, 33.43509],
          [-114.00947, 33.41877],
          [-114.00568, 33.3964],
          [-114.0019, 33.37403],
          [-113.99732, 33.37115],
          [-113.97082, 33.37598],
          [-113.96909, 33.3779],
          [-113.97086, 33.4005],
          [-113.95129, 33.42219],
          [-113.94984, 33.42578],
          [-113.9516, 33.44838],
          [-113.94398, 33.47208],
          [-113.93579, 33.49243],
          [-113.93434, 33.49602],
          [-113.9247, 33.51995],
          [-113.92467, 33.54276],
          [-113.92027, 33.56266],
          [-113.91681, 33.56648],
          [-113.89561, 33.57865],
          [-113.86877, 33.58178],
          [-113.84352, 33.59442],
          [-113.84006, 33.59824],
          [-113.81884, 33.6104],
          [-113.79199, 33.61352],
          [-113.76514, 33.61664],
          [-113.73829, 33.61975],
          [-113.71302, 33.63236],
          [-113.68617, 33.63546],
          [-113.6827, 33.63928],
          [-113.66303, 33.66092],
          [-113.66158, 33.66451],
          [-113.65186, 33.68842],
          [-113.6436, 33.70874],
          [-113.64282, 33.71224],
          [-113.63243, 33.73622],
          [-113.62258, 33.74704],
          [-113.61441, 33.76107],
          [-113.60012, 33.77676],
          [-113.58608, 33.78711],
          [-113.57622, 33.79792],
          [-113.55127, 33.81273],
          [-113.54742, 33.81431],
          [-113.52612, 33.82642],
          [-113.50106, 33.84067],
          [-113.47388, 33.84206],
          [-113.44696, 33.84512],
          [-113.42005, 33.84818],
          [-113.39405, 33.83178],
          [-113.38946, 33.82888],
          [-113.36347, 33.81247],
          [-113.3598, 33.79011],
          [-113.35522, 33.78722],
          [-113.32924, 33.7708],
          [-113.32466, 33.7679],
          [-113.29776, 33.77094],
          [-113.27179, 33.75451],
          [-113.26721, 33.75161],
          [-113.26373, 33.75542],
          [-113.26737, 33.77778],
          [-113.27102, 33.80014],
          [-113.27467, 33.8225],
          [-113.25489, 33.84408],
          [-113.25342, 33.84766],
          [-113.2436, 33.87153],
          [-113.23371, 33.88232],
          [-113.22032, 33.89691],
          [-113.21042, 33.90769],
          [-113.19702, 33.92228],
          [-113.18712, 33.93307],
          [-113.16172, 33.94558],
          [-113.13574, 33.92914],
          [-113.13211, 33.90678],
          [-113.13993, 33.88315],
          [-113.13631, 33.86079],
          [-113.13269, 33.83843],
          [-113.11763, 33.81735],
          [-113.11305, 33.81445],
          [-113.0871, 33.79799],
          [-113.08252, 33.79509],
          [-113.05408, 33.78858],
          [-113.02717, 33.79158],
          [-113.00025, 33.79456],
          [-112.97487, 33.80705],
          [-112.94795, 33.81004],
          [-112.92103, 33.81301],
          [-112.89411, 33.81598],
          [-112.86719, 33.81895],
          [-112.84128, 33.80246],
          [-112.8367, 33.79954],
          [-112.80978, 33.8025],
          [-112.78388, 33.786],
          [-112.77931, 33.78309],
          [-112.7524, 33.78603],
          [-112.72548, 33.78898],
          [-112.72197, 33.79278],
          [-112.70209, 33.81429],
          [-112.69859, 33.81809],
          [-112.70212, 33.84046],
          [-112.68223, 33.86196],
          [-112.65529, 33.8649],
          [-112.65178, 33.86869],
          [-112.63188, 33.89019],
          [-112.60493, 33.89311],
          [-112.60142, 33.89691],
          [-112.5815, 33.9184],
          [-112.57798, 33.92219],
          [-112.5815, 33.94456],
          [-112.58502, 33.96692],
          [-112.58853, 33.98929],
          [-112.59205, 34.01165],
          [-112.59663, 34.01456],
          [-112.62255, 34.03109],
          [-112.62713, 34.034],
          [-112.65411, 34.03108],
          [-112.68109, 34.02815],
          [-112.70806, 34.02521],
          [-112.73504, 34.02227],
          [-112.76201, 34.01933],
          [-112.78898, 34.01638],
          [-112.81494, 34.03287],
          [-112.82053, 34.05501],
          [-112.8241, 34.07736],
          [-112.82834, 34.09963],
          [-112.83124, 34.12206],
          [-112.82648, 34.14532],
          [-112.82105, 34.16865],
          [-112.82271, 34.1912],
          [-112.82001, 34.21082],
          [-112.81919, 34.21432],
          [-112.82209, 34.23673],
          [-112.82566, 34.25907],
          [-112.82924, 34.28141],
          [-112.83281, 34.30375],
          [-112.82805, 34.327],
          [-112.82261, 34.35032],
          [-112.81596, 34.35748],
          [-112.80398, 34.37507],
          [-112.79367, 34.39021],
          [-112.78466, 34.3999],
          [-112.7773, 34.42342],
          [-112.77306, 34.43353],
          [-112.76473, 34.4475],
          [-112.75928, 34.47081],
          [-112.75261, 34.47797],
          [-112.72603, 34.48407],
          [-112.7015, 34.47707],
          [-112.69717, 34.47584],
          [-112.66883, 34.45789],
          [-112.66653, 34.45644],
          [-112.63945, 34.45936],
          [-112.63566, 34.46147],
          [-112.61414, 34.47345],
          [-112.6006, 34.48796],
          [-112.59059, 34.49869],
          [-112.57704, 34.5132],
          [-112.56852, 34.53342],
          [-112.56499, 34.5372],
          [-112.54495, 34.55865],
          [-112.51784, 34.56156],
          [-112.5143, 34.56534],
          [-112.49425, 34.58678],
          [-112.49071, 34.59056],
          [-112.49422, 34.61289],
          [-112.47416, 34.63432],
          [-112.47062, 34.6381],
          [-112.45054, 34.65953],
          [-112.44903, 34.6631],
          [-112.45051, 34.68563],
          [-112.45402, 34.70795],
          [-112.45754, 34.73027],
          [-112.43744, 34.75169],
          [-112.4339, 34.75547],
          [-112.43741, 34.77778],
          [-112.4173, 34.7992],
          [-112.41375, 34.80298],
          [-112.41726, 34.82529],
          [-112.42077, 34.8476],
          [-112.42429, 34.8699],
          [-112.4278, 34.89221],
          [-112.43132, 34.91451],
          [-112.43483, 34.93681],
          [-112.43835, 34.95911],
          [-112.44187, 34.98141],
          [-112.42173, 35.00282],
          [-112.41817, 35.00659],
          [-112.39802, 35.02799],
          [-112.39446, 35.03177],
          [-112.3743, 35.05316],
          [-112.37074, 35.05694],
          [-112.35057, 35.07833],
          [-112.32333, 35.08119],
          [-112.31977, 35.08497],
          [-112.32327, 35.10726],
          [-112.32677, 35.12955],
          [-112.33138, 35.13246],
          [-112.35753, 35.14897],
          [-112.36104, 35.17126],
          [-112.36566, 35.17417],
          [-112.39182, 35.19067],
          [-112.39534, 35.21295],
          [-112.39996, 35.21586],
          [-112.42613, 35.23236],
          [-112.42966, 35.25464],
          [-112.43319, 35.27691],
          [-112.43672, 35.29919],
          [-112.44025, 35.32146],
          [-112.42004, 35.34284],
          [-112.41647, 35.34661],
          [-112.42, 35.36888],
          [-112.39978, 35.39026],
          [-112.39622, 35.39403],
          [-112.37599, 35.4154],
          [-112.37242, 35.41917],
          [-112.35218, 35.44053],
          [-112.32485, 35.4434],
          [-112.32333, 35.44695],
          [-112.32479, 35.46943],
          [-112.30453, 35.49078],
          [-112.30096, 35.49455],
          [-112.30447, 35.51681],
          [-112.30798, 35.53908],
          [-112.31261, 35.54199],
          [-112.33996, 35.53913],
          [-112.36732, 35.53626],
          [-112.39467, 35.53339],
          [-112.42202, 35.53052],
          [-112.44937, 35.52764],
          [-112.45294, 35.52387],
          [-112.47317, 35.5025],
          [-112.50052, 35.49961],
          [-112.52786, 35.49672],
          [-112.55412, 35.51318],
          [-112.55875, 35.51608],
          [-112.5861, 35.51318],
          [-112.61344, 35.51027],
          [-112.64078, 35.50736],
          [-112.66812, 35.50445],
          [-112.69545, 35.50153],
          [-112.72279, 35.49861],
          [-112.74908, 35.51503],
          [-112.75372, 35.51793],
          [-112.78106, 35.515],
          [-112.80736, 35.53141],
          [-112.81201, 35.53431],
          [-112.83935, 35.53137],
          [-112.86669, 35.52842],
          [-112.89402, 35.52547],
          [-112.89758, 35.52169],
          [-112.91773, 35.50027],
          [-112.94506, 35.49731],
          [-112.97238, 35.49434],
          [-112.99971, 35.49137],
          [-113.02703, 35.4884],
          [-113.03058, 35.48461],
          [-113.02693, 35.46237],
          [-113.04704, 35.44092],
          [-113.05059, 35.43714],
          [-113.07069, 35.41569],
          [-113.09799, 35.4127],
          [-113.12529, 35.40971],
          [-113.1526, 35.40672],
          [-113.17989, 35.40372],
          [-113.20719, 35.40071],
          [-113.21073, 35.39692],
          [-113.2308, 35.37545],
          [-113.25809, 35.37244],
          [-113.28537, 35.36942],
          [-113.28891, 35.36563],
          [-113.30895, 35.34415],
          [-113.33623, 35.34112],
          [-113.36351, 35.33809],
          [-113.38986, 35.35443],
          [-113.39451, 35.35731],
          [-113.42179, 35.35427],
          [-113.44815, 35.37059],
          [-113.45281, 35.37347],
          [-113.45634, 35.36968],
          [-113.47635, 35.34818],
          [-113.47988, 35.34438],
          [-113.47614, 35.32213],
          [-113.49614, 35.30062],
          [-113.5234, 35.29757],
          [-113.54976, 35.31388],
          [-113.55442, 35.31676],
          [-113.5692, 35.33436],
          [-113.58455, 35.35531],
          [-113.59036, 35.37732],
          [-113.59297, 35.38043],
          [-113.60777, 35.39803],
          [-113.61154, 35.42027],
          [-113.60314, 35.44048],
          [-113.59961, 35.44427],
          [-113.60427, 35.44715],
          [-113.63069, 35.46344],
          [-113.63535, 35.46631],
          [-113.66265, 35.46324],
          [-113.68995, 35.46015],
          [-113.71886, 35.46652],
          [-113.74368, 35.47334],
          [-113.74834, 35.47621],
          [-113.77478, 35.49247],
          [-113.77945, 35.49534],
          [-113.8059, 35.5116],
          [-113.80971, 35.53383],
          [-113.81438, 35.5367],
          [-113.84169, 35.53359],
          [-113.86816, 35.54984],
          [-113.87283, 35.5527],
          [-113.90015, 35.54959],
          [-113.92746, 35.54647],
          [-113.93098, 35.54267],
          [-113.95093, 35.52112],
          [-113.97824, 35.51799],
          [-114.00554, 35.51486],
          [-114.03203, 35.53108],
          [-114.0367, 35.53394],
          [-114.04022, 35.53014],
          [-114.06014, 35.50857],
          [-114.06366, 35.50477],
          [-114.08357, 35.4832],
          [-114.08709, 35.4794],
          [-114.08322, 35.45717],
          [-114.07935, 35.43494],
          [-114.09926, 35.41337],
          [-114.12653, 35.41022],
          [-114.15301, 35.42643],
          [-114.15768, 35.42929],
          [-114.18417, 35.44549],
          [-114.18885, 35.44835],
          [-114.21534, 35.46454],
          [-114.22128, 35.48653],
          [-114.22392, 35.48962],
          [-114.25043, 35.50581],
          [-114.25638, 35.52779],
          [-114.25901, 35.53089],
          [-114.28554, 35.54707],
          [-114.28945, 35.56928],
          [-114.29336, 35.59149],
          [-114.29805, 35.59435],
          [-114.32536, 35.59116],
          [-114.32887, 35.58735],
          [-114.34875, 35.56576],
          [-114.35226, 35.56195],
          [-114.34833, 35.53974],
          [-114.3682, 35.51814],
          [-114.3717, 35.51433],
          [-114.36778, 35.49211],
          [-114.36385, 35.46989],
          [-114.35993, 35.44767],
          [-114.35601, 35.42545],
          [-114.37585, 35.40385],
          [-114.37936, 35.40003],
          [-114.39919, 35.37842],
          [-114.4257, 35.39459],
          [-114.43038, 35.39744],
          [-114.4569, 35.4136],
          [-114.46158, 35.41645],
          [-114.48811, 35.43261],
          [-114.49206, 35.45483],
          [-114.49675, 35.45768],
          [-114.52329, 35.47382],
          [-114.52929, 35.4958],
          [-114.53193, 35.49889],
          [-114.5469, 35.5164],
          [-114.5645, 35.53699],
          [-114.56847, 35.5592],
          [-114.57111, 35.56229],
          [-114.58609, 35.57979],
          [-114.57786, 35.60004],
          [-114.57641, 35.60361],
          [-114.58038, 35.62582],
          [-114.58436, 35.64802],
          [-114.587, 35.6511],
          [-114.60199, 35.6686],
          [-114.61759, 35.68942],
          [-114.62228, 35.69227],
          [-114.63729, 35.70976],
          [-114.65289, 35.73058],
          [-114.65689, 35.75277],
          [-114.66159, 35.75561],
          [-114.68823, 35.77171],
          [-114.69223, 35.7939],
          [-114.69623, 35.81609],
          [-114.70093, 35.81893],
          [-114.72829, 35.81568],
          [-114.73179, 35.81186],
          [-114.75163, 35.79024],
          [-114.75513, 35.78642],
          [-114.75112, 35.76424],
          [-114.77095, 35.74261],
          [-114.77445, 35.73879],
          [-114.77043, 35.7166],
          [-114.79025, 35.69497],
          [-114.79374, 35.69115],
          [-114.81355, 35.66951],
          [-114.84087, 35.66624],
          [-114.86818, 35.66297],
          [-114.89483, 35.67905],
          [-114.89954, 35.68188],
          [-114.92619, 35.69795],
          [-114.9309, 35.70079],
          [-114.95822, 35.6975],
          [-114.98489, 35.71356],
          [-114.9896, 35.71639],
          [-115.01628, 35.73245],
          [-115.02099, 35.73528],
          [-115.02447, 35.73146],
          [-115.02041, 35.70927],
          [-115.01635, 35.68709],
          [-115.03611, 35.66542],
          [-115.03959, 35.6616],
          [-115.05935, 35.63993],
          [-115.06283, 35.6361],
          [-115.08258, 35.61443],
          [-115.10987, 35.61112],
          [-115.11335, 35.60729],
          [-115.13308, 35.58561],
          [-115.16037, 35.58228],
          [-115.18765, 35.57896],
          [-115.21433, 35.59499],
          [-115.21843, 35.61718],
          [-115.22314, 35.62],
          [-115.24983, 35.63603],
          [-115.25394, 35.65821],
          [-115.25805, 35.68039],
          [-115.26216, 35.70257],
          [-115.26687, 35.7054],
          [-115.29359, 35.72141],
          [-115.29831, 35.72423],
          [-115.32562, 35.72089],
          [-115.35235, 35.73689],
          [-115.35707, 35.73971],
          [-115.38439, 35.73635],
          [-115.38786, 35.73252],
          [-115.40756, 35.71082],
          [-115.41104, 35.70698],
          [-115.43072, 35.68527],
          [-115.45746, 35.70126],
          [-115.46218, 35.70408],
          [-115.48892, 35.72006],
          [-115.49364, 35.72288],
          [-115.5204, 35.73885],
          [-115.52512, 35.74167],
          [-115.52859, 35.73784],
          [-115.54826, 35.71611],
          [-115.55173, 35.71228],
          [-115.54756, 35.69011],
          [-115.56722, 35.66838],
          [-115.57069, 35.66455],
          [-115.56652, 35.64237],
          [-115.58616, 35.62064],
          [-115.61344, 35.61724],
          [-115.64019, 35.6332],
          [-115.64491, 35.63602],
          [-115.67167, 35.65197],
          [-115.67586, 35.67414],
          [-115.68058, 35.67696],
          [-115.70735, 35.6929],
          [-115.71208, 35.69571],
          [-115.73886, 35.71165],
          [-115.74307, 35.73382],
          [-115.74728, 35.75598],
          [-115.75149, 35.77815],
          [-115.75571, 35.80031],
          [-115.75992, 35.82247],
          [-115.76414, 35.84462],
          [-115.74449, 35.86636],
          [-115.74102, 35.8702],
          [-115.74524, 35.89235],
          [-115.74946, 35.9145],
          [-115.75368, 35.93665],
          [-115.7579, 35.9588],
          [-115.76212, 35.98095],
          [-115.76635, 36.00309],
          [-115.77057, 36.02524],
          [-115.7748, 36.04738],
          [-115.77903, 36.06952],
          [-115.78326, 36.09165],
          [-115.76357, 36.11337],
          [-115.7601, 36.11721],
          [-115.7404, 36.13892],
          [-115.73692, 36.14275],
          [-115.71721, 36.16447],
          [-115.71373, 36.1683],
          [-115.71795, 36.19043],
          [-115.7227, 36.19324],
          [-115.7496, 36.20915],
          [-115.75384, 36.23127],
          [-115.75858, 36.23408],
          [-115.7855, 36.24998],
          [-115.79025, 36.25279],
          [-115.81718, 36.26868],
          [-115.82143, 36.2908],
          [-115.82618, 36.29361],
          [-115.85312, 36.30949],
          [-115.85738, 36.33161],
          [-115.86164, 36.35372],
          [-115.8659, 36.37584],
          [-115.87066, 36.37864],
          [-115.89763, 36.39451],
          [-115.90239, 36.39731],
          [-115.92985, 36.39388],
          [-115.95683, 36.40974],
          [-115.9616, 36.41254],
          [-115.98906, 36.40909],
          [-115.99254, 36.40526],
          [-116.01224, 36.38354],
          [-116.01571, 36.3797],
          [-116.0354, 36.35797],
          [-116.03888, 36.35414],
          [-116.05856, 36.3324],
          [-116.06203, 36.32857],
          [-116.0817, 36.30683],
          [-116.10868, 36.32267],
          [-116.11344, 36.32547],
          [-116.14043, 36.34131],
          [-116.14475, 36.36341],
          [-116.14952, 36.36621],
          [-116.17652, 36.38204],
          [-116.18085, 36.40414],
          [-116.18517, 36.42624],
          [-116.18994, 36.42903],
          [-116.21697, 36.44486],
          [-116.22131, 36.46695],
          [-116.2277, 36.48878],
          [-116.23042, 36.49184],
          [-116.24578, 36.50913],
          [-116.25013, 36.53122],
          [-116.25447, 36.55331],
          [-116.27051, 36.57391],
          [-116.27486, 36.59599],
          [-116.27921, 36.61807],
          [-116.28357, 36.64015],
          [-116.28792, 36.66223],
          [-116.29228, 36.68431],
          [-116.29664, 36.70638],
          [-116.301, 36.72845],
          [-116.30537, 36.75052],
          [-116.28566, 36.77225],
          [-116.28218, 36.77609],
          [-116.26247, 36.79781],
          [-116.25899, 36.80164],
          [-116.26335, 36.82371],
          [-116.2677, 36.84577],
          [-116.27207, 36.86783],
          [-116.27643, 36.88989],
          [-116.25669, 36.9116],
          [-116.25528, 36.91517],
          [-116.25964, 36.93723],
          [-116.264, 36.95928],
          [-116.2663, 36.98159],
          [-116.27066, 37.00364],
          [-116.27503, 37.02569],
          [-116.26766, 37.04922],
          [-116.27203, 37.07126],
          [-116.26401, 37.09148],
          [-116.26052, 37.09531],
          [-116.26489, 37.11735],
          [-116.24511, 37.13904],
          [-116.24162, 37.14287],
          [-116.24598, 37.1649],
          [-116.22619, 37.18659],
          [-116.2227, 37.19042],
          [-116.22706, 37.21245],
          [-116.20726, 37.23413],
          [-116.20376, 37.23796],
          [-116.18395, 37.25963],
          [-116.18045, 37.26346],
          [-116.16062, 37.28513],
          [-116.15712, 37.28895],
          [-116.16148, 37.31098],
          [-116.14164, 37.33264],
          [-116.13814, 37.33646],
          [-116.1425, 37.35848],
          [-116.12265, 37.38014],
          [-116.11914, 37.38396],
          [-116.09928, 37.40562],
          [-116.09578, 37.40944],
          [-116.07591, 37.43108],
          [-116.0724, 37.4349],
          [-116.05253, 37.45655],
          [-116.04902, 37.46037],
          [-116.02913, 37.482],
          [-116.0277, 37.48556],
          [-116.03043, 37.48861],
          [-116.0577, 37.50439],
          [-116.06205, 37.5264],
          [-116.06686, 37.52918],
          [-116.09415, 37.54495],
          [-116.0985, 37.56696],
          [-116.10332, 37.56974],
          [-116.13062, 37.58551],
          [-116.13499, 37.6075],
          [-116.13981, 37.61029],
          [-116.16712, 37.62604],
          [-116.1715, 37.64804],
          [-116.17587, 37.67003],
          [-116.18069, 37.67281],
          [-116.20803, 37.68855],
          [-116.21242, 37.71054],
          [-116.2168, 37.73253],
          [-116.22119, 37.75451],
          [-116.20128, 37.77614],
          [-116.19777, 37.77996],
          [-116.17785, 37.80159],
          [-116.17434, 37.8054],
          [-116.15441, 37.82702],
          [-116.15089, 37.83084],
          [-116.15527, 37.85281],
          [-116.15965, 37.87479],
          [-116.13971, 37.8964],
          [-116.13619, 37.90022],
          [-116.11624, 37.92182],
          [-116.11271, 37.92564],
          [-116.09275, 37.94724],
          [-116.0649, 37.95068],
          [-116.03704, 37.95412],
          [-116.00917, 37.95756],
          [-116.00565, 37.96137],
          [-115.98566, 37.98296],
          [-115.95779, 37.98638],
          [-115.95426, 37.99019],
          [-115.9586, 38.01216],
          [-115.93859, 38.03373],
          [-115.93506, 38.03754],
          [-115.9394, 38.0595],
          [-115.94375, 38.08146],
          [-115.94809, 38.10342],
          [-115.95244, 38.12538],
          [-115.95679, 38.14733],
          [-115.96114, 38.16928],
          [-115.96549, 38.19123],
          [-115.96984, 38.21318],
          [-115.9742, 38.23512],
          [-115.95415, 38.25668],
          [-115.95061, 38.26048],
          [-115.95497, 38.28243],
          [-115.93491, 38.30398],
          [-115.93137, 38.30778],
          [-115.9113, 38.32933],
          [-115.90776, 38.33313],
          [-115.88768, 38.35467],
          [-115.88413, 38.35847],
          [-115.88848, 38.3804],
          [-115.86839, 38.40194],
          [-115.86484, 38.40574],
          [-115.84474, 38.42727],
          [-115.84119, 38.43107],
          [-115.82108, 38.45259],
          [-115.81753, 38.45639],
          [-115.79741, 38.47791],
          [-115.7694, 38.4813],
          [-115.74139, 38.48468],
          [-115.71338, 38.48806],
          [-115.70983, 38.49186],
          [-115.68968, 38.51336],
          [-115.66166, 38.51673],
          [-115.63364, 38.52009],
          [-115.60561, 38.52345],
          [-115.60205, 38.52725],
          [-115.58188, 38.54873],
          [-115.57831, 38.55253],
          [-115.5826, 38.57445],
          [-115.56241, 38.59593],
          [-115.55885, 38.59972],
          [-115.53865, 38.62119],
          [-115.53508, 38.62498],
          [-115.53937, 38.6469],
          [-115.51915, 38.66837],
          [-115.51558, 38.67216],
          [-115.51987, 38.69407],
          [-115.49964, 38.71553],
          [-115.49607, 38.71932],
          [-115.50035, 38.74122],
          [-115.48011, 38.76268],
          [-115.47654, 38.76646],
          [-115.48081, 38.78837],
          [-115.46056, 38.80982],
          [-115.45699, 38.8136],
          [-115.46126, 38.8355],
          [-115.441, 38.85694],
          [-115.41288, 38.86026],
          [-115.4093, 38.86405],
          [-115.38902, 38.88548],
          [-115.36089, 38.88879],
          [-115.33276, 38.89211],
          [-115.30463, 38.89541],
          [-115.27649, 38.89871],
          [-115.27291, 38.90249],
          [-115.25259, 38.92391],
          [-115.24901, 38.92768],
          [-115.25324, 38.94958],
          [-115.23291, 38.97098],
          [-115.22933, 38.97476],
          [-115.20899, 38.99616],
          [-115.2054, 38.99994],
          [-115.18505, 39.02133],
          [-115.18146, 39.02511],
          [-115.1611, 39.0465],
          [-115.1575, 39.05027],
          [-115.16173, 39.07215],
          [-115.14135, 39.09353],
          [-115.13776, 39.09731],
          [-115.11738, 39.11869],
          [-115.08918, 39.12195],
          [-115.06098, 39.12522],
          [-115.03278, 39.12848],
          [-115.00524, 39.11264],
          [-115.00038, 39.10985],
          [-114.97249, 39.11474],
          [-114.96858, 39.11687],
          [-114.94816, 39.13822],
          [-114.94455, 39.14199],
          [-114.94873, 39.16387],
          [-114.95292, 39.18575],
          [-114.9571, 39.20762],
          [-114.96129, 39.22949],
          [-114.94085, 39.25083],
          [-114.93724, 39.2546],
          [-114.94142, 39.27647],
          [-114.92097, 39.2978],
          [-114.91735, 39.30157],
          [-114.89689, 39.3229],
          [-114.86863, 39.32613],
          [-114.84106, 39.31029],
          [-114.8369, 39.28842],
          [-114.83274, 39.26655],
          [-114.82858, 39.24468],
          [-114.82442, 39.22281],
          [-114.82026, 39.20094],
          [-114.81399, 39.1793],
          [-114.81125, 39.17626],
          [-114.78373, 39.1604],
          [-114.77888, 39.1576],
          [-114.75066, 39.16081],
          [-114.72243, 39.16402],
          [-114.72094, 39.16754],
          [-114.72296, 39.18966],
          [-114.70247, 39.21098],
          [-114.69886, 39.21474],
          [-114.69099, 39.23798],
          [-114.68249, 39.25793],
          [-114.67888, 39.26169],
          [-114.65837, 39.283],
          [-114.65475, 39.28676],
          [-114.63423, 39.30806],
          [-114.63061, 39.31182],
          [-114.61009, 39.33312],
          [-114.60646, 39.33688],
          [-114.61058, 39.35874],
          [-114.6147, 39.38061],
          [-114.61882, 39.40247],
          [-114.62295, 39.42432],
          [-114.6024, 39.44561],
          [-114.59877, 39.44936],
          [-114.60289, 39.47122],
          [-114.60701, 39.49307],
          [-114.5991, 39.51627],
          [-114.59057, 39.53619],
          [-114.58694, 39.53995],
          [-114.59106, 39.56179],
          [-114.57048, 39.58306],
          [-114.56684, 39.58681],
          [-114.54625, 39.60807],
          [-114.5179, 39.61124],
          [-114.49032, 39.59536],
          [-114.48621, 39.57352],
          [-114.48211, 39.55168],
          [-114.47801, 39.52983],
          [-114.47392, 39.50798],
          [-114.46905, 39.50517],
          [-114.44073, 39.50833],
          [-114.4371, 39.51208],
          [-114.41649, 39.53333],
          [-114.41285, 39.53708],
          [-114.39224, 39.55833],
          [-114.3639, 39.56148],
          [-114.33556, 39.56462],
          [-114.33192, 39.56837],
          [-114.31128, 39.5896],
          [-114.30764, 39.59335],
          [-114.3117, 39.61519],
          [-114.29105, 39.63642],
          [-114.28741, 39.64017],
          [-114.29147, 39.66201],
          [-114.27081, 39.68323],
          [-114.26716, 39.68697],
          [-114.24649, 39.70819],
          [-114.24284, 39.71193],
          [-114.22215, 39.73314],
          [-114.2185, 39.73689],
          [-114.19781, 39.75809],
          [-114.19416, 39.76183],
          [-114.1982, 39.78366],
          [-114.1775, 39.80486],
          [-114.14908, 39.80796],
          [-114.14543, 39.8117],
          [-114.1247, 39.83289],
          [-114.09628, 39.83599],
          [-114.06786, 39.83908],
          [-114.0642, 39.84282],
          [-114.04345, 39.864],
          [-114.01502, 39.86708],
          [-114.01136, 39.87081],
          [-113.99059, 39.89198],
          [-113.96215, 39.89506],
          [-113.95849, 39.89879],
          [-113.96249, 39.92061],
          [-113.94171, 39.94177],
          [-113.93804, 39.9455],
          [-113.94204, 39.96731],
          [-113.92125, 39.98846],
          [-113.91757, 39.99219],
          [-113.89677, 40.01334],
          [-113.8931, 40.01707],
          [-113.87228, 40.0382],
          [-113.86861, 40.04193],
          [-113.84778, 40.06306],
          [-113.8441, 40.06679],
          [-113.82327, 40.08792],
          [-113.81959, 40.09165],
          [-113.82357, 40.11345],
          [-113.80273, 40.13457],
          [-113.79904, 40.13829],
          [-113.77819, 40.15941],
          [-113.7745, 40.16313],
          [-113.77848, 40.18493],
          [-113.75761, 40.20603],
          [-113.72907, 40.20907],
          [-113.72539, 40.21279],
          [-113.7045, 40.23389],
          [-113.70081, 40.23761],
          [-113.70477, 40.2594],
          [-113.70874, 40.28118],
          [-113.7127, 40.30297],
          [-113.69179, 40.32405],
          [-113.6881, 40.32777],
          [-113.69207, 40.34955],
          [-113.67114, 40.37063],
          [-113.66745, 40.37435],
          [-113.64652, 40.39542],
          [-113.64282, 40.39914],
          [-113.62188, 40.42021],
          [-113.59328, 40.42321],
          [-113.56468, 40.42622],
          [-113.53608, 40.42921],
          [-113.50747, 40.43221],
          [-113.47887, 40.4352],
          [-113.45026, 40.43818],
          [-113.42262, 40.4222],
          [-113.41774, 40.41938],
          [-113.38914, 40.42236],
          [-113.36053, 40.42533],
          [-113.35683, 40.42904],
          [-113.33582, 40.45007],
          [-113.33211, 40.45378],
          [-113.31109, 40.4748],
          [-113.28247, 40.47776],
          [-113.25384, 40.48071],
          [-113.25013, 40.48442],
          [-113.22909, 40.50543],
          [-113.20046, 40.50837],
          [-113.19674, 40.51208],
          [-113.20061, 40.53385],
          [-113.17955, 40.55485],
          [-113.17583, 40.55855],
          [-113.15476, 40.57955],
          [-113.15104, 40.58325],
          [-113.12996, 40.60424],
          [-113.10129, 40.60717],
          [-113.07366, 40.59115],
          [-113.06878, 40.58832],
          [-113.04012, 40.59124],
          [-113.0125, 40.57521],
          [-113.00763, 40.57238],
          [-112.97897, 40.57529],
          [-112.95031, 40.57819],
          [-112.92165, 40.58109],
          [-112.89299, 40.58398],
          [-112.86432, 40.58687],
          [-112.83673, 40.57081],
          [-112.83186, 40.56798],
          [-112.8032, 40.57086],
          [-112.77562, 40.55479],
          [-112.77076, 40.55196],
          [-112.7421, 40.55483],
          [-112.71344, 40.55769],
          [-112.68478, 40.56055],
          [-112.65722, 40.54446],
          [-112.65236, 40.54163],
          [-112.6237, 40.54447],
          [-112.59504, 40.54732],
          [-112.5675, 40.53122],
          [-112.56264, 40.52838],
          [-112.53398, 40.53121],
          [-112.50532, 40.53404],
          [-112.4778, 40.51793],
          [-112.47294, 40.51509],
          [-112.44429, 40.51791],
          [-112.41563, 40.52072],
          [-112.41188, 40.52441],
          [-112.39066, 40.54532],
          [-112.36316, 40.52919],
          [-112.3583, 40.52634],
          [-112.33081, 40.51021],
          [-112.32596, 40.50736],
          [-112.29847, 40.49121],
          [-112.29362, 40.48836],
          [-112.26497, 40.49116],
          [-112.23631, 40.49394],
          [-112.20765, 40.49673],
          [-112.2039, 40.50041],
          [-112.18265, 40.5213],
          [-112.15398, 40.52407],
          [-112.12531, 40.52684],
          [-112.09785, 40.51067],
          [-112.09301, 40.50781],
          [-112.06556, 40.49163],
          [-112.06193, 40.46984],
          [-112.05709, 40.46698],
          [-112.02966, 40.45079],
          [-112.02604, 40.42899],
          [-112.0212, 40.42613],
          [-112, 40.41361]
        ]
      }
    },
    {
      "type": "Feature",
      "id": "2026082418_f042_14000_007",
      "properties": {
        "product_id": "winter_storm_levels",
        "source_id": "nbm_snow_level",
        "parameter": "snow_level",
        "definition": "height of the wet-bulb 0.5 degree C surface",
        "level_ft_msl": 14000,
        "label": "14,000 ft MSL",
        "unit": "ft_msl",
        "cycle_time_utc": "2026-08-24T18:00:00Z",
        "valid_time_utc": "2026-08-26T12:00:00Z",
        "lead_hours": 42,
        "segment": 7,
        "length_m": 21902.1
      },
      "geometry": {
        "type": "LineString",
        "coordinates": [
          [-116.49924, 36.58997],
          [-116.49484, 36.5679],
          [-116.46774, 36.55213],
          [-116.44025, 36.55565],
          [-116.42061, 36.57741],
          [-116.42499, 36.59949],
          [-116.4521, 36.61526],
          [-116.4796, 36.61174],
          [-116.49924, 36.58997]
        ]
      }
    },
    {
      "type": "Feature",
      "id": "2026082418_f042_14000_008",
      "properties": {
        "product_id": "winter_storm_levels",
        "source_id": "nbm_snow_level",
        "parameter": "snow_level",
        "definition": "height of the wet-bulb 0.5 degree C surface",
        "level_ft_msl": 14000,
        "label": "14,000 ft MSL",
        "unit": "ft_msl",
        "cycle_time_utc": "2026-08-24T18:00:00Z",
        "valid_time_utc": "2026-08-26T12:00:00Z",
        "lead_hours": 42,
        "segment": 8,
        "length_m": 56393.2
      },
      "geometry": {
        "type": "LineString",
        "coordinates": [
          [-116.61194, 33.61653],
          [-116.60763, 33.59424],
          [-116.60333, 33.57195],
          [-116.57694, 33.55604],
          [-116.55019, 33.55962],
          [-116.52343, 33.56319],
          [-116.49668, 33.56676],
          [-116.46992, 33.57032],
          [-116.44316, 33.57388],
          [-116.42404, 33.59585],
          [-116.4283, 33.61815],
          [-116.43257, 33.64044],
          [-116.43684, 33.66273],
          [-116.46324, 33.67865],
          [-116.4679, 33.68146],
          [-116.47218, 33.70375],
          [-116.49859, 33.71967],
          [-116.52538, 33.7161],
          [-116.5445, 33.69412],
          [-116.54788, 33.69025],
          [-116.56699, 33.66826],
          [-116.57036, 33.66438],
          [-116.58947, 33.6424],
          [-116.59284, 33.63852],
          [-116.61194, 33.61653]
        ]
      }
    },
    {
      "type": "Feature",
      "id": "2026082418_f042_14000_009",
      "properties": {
        "product_id": "winter_storm_levels",
        "source_id": "nbm_snow_level",
        "parameter": "snow_level",
        "definition": "height of the wet-bulb 0.5 degree C surface",
        "level_ft_msl": 14000,
        "label": "14,000 ft MSL",
        "unit": "ft_msl",
        "cycle_time_utc": "2026-08-24T18:00:00Z",
        "valid_time_utc": "2026-08-26T12:00:00Z",
        "lead_hours": 42,
        "segment": 9,
        "length_m": 101516
      },
      "geometry": {
        "type": "LineString",
        "coordinates": [
          [-116.6913, 33.03375],
          [-116.68701, 33.01142],
          [-116.66073, 32.99551],
          [-116.6561, 32.9927],
          [-116.65181, 32.97037],
          [-116.64752, 32.94805],
          [-116.65087, 32.94416],
          [-116.66984, 32.92212],
          [-116.66555, 32.89979],
          [-116.66127, 32.87746],
          [-116.65698, 32.85513],
          [-116.6527, 32.8328],
          [-116.62647, 32.81687],
          [-116.62184, 32.81406],
          [-116.59563, 32.79812],
          [-116.591, 32.79531],
          [-116.56479, 32.77937],
          [-116.53822, 32.78295],
          [-116.51164, 32.78653],
          [-116.48507, 32.7901],
          [-116.4585, 32.79367],
          [-116.45387, 32.79086],
          [-116.42768, 32.77489],
          [-116.40869, 32.79691],
          [-116.40534, 32.80079],
          [-116.38634, 32.82281],
          [-116.39057, 32.84515],
          [-116.41677, 32.86111],
          [-116.4214, 32.86393],
          [-116.42563, 32.88627],
          [-116.45185, 32.90223],
          [-116.45648, 32.90504],
          [-116.4827, 32.92099],
          [-116.48733, 32.92381],
          [-116.51356, 32.93975],
          [-116.51819, 32.94257],
          [-116.52245, 32.9649],
          [-116.5487, 32.98084],
          [-116.55333, 32.98365],
          [-116.5576, 33.00598],
          [-116.56187, 33.0283],
          [-116.56615, 33.05063],
          [-116.59242, 33.06656],
          [-116.61905, 33.06297],
          [-116.64569, 33.05938],
          [-116.67232, 33.05578],
          [-116.6913, 33.03375]
        ]
      }
    },
    {
      "type": "Feature",
      "id": "2026082418_f042_14000_010",
      "properties": {
        "product_id": "winter_storm_levels",
        "source_id": "nbm_snow_level",
        "parameter": "snow_level",
        "definition": "height of the wet-bulb 0.5 degree C surface",
        "level_ft_msl": 14000,
        "label": "14,000 ft MSL",
        "unit": "ft_msl",
        "cycle_time_utc": "2026-08-24T18:00:00Z",
        "valid_time_utc": "2026-08-26T12:00:00Z",
        "lead_hours": 42,
        "segment": 10,
        "length_m": 21958.4
      },
      "geometry": {
        "type": "LineString",
        "coordinates": [
          [-116.69159, 35.86212],
          [-116.68719, 35.83999],
          [-116.66024, 35.82421],
          [-116.63294, 35.82778],
          [-116.61346, 35.84962],
          [-116.61786, 35.87175],
          [-116.64481, 35.88753],
          [-116.67212, 35.88397],
          [-116.69159, 35.86212]
        ]
      }
    },
    {
      "type": "Feature",
      "id": "2026082418_f042_14000_011",
      "properties": {
        "product_id": "winter_storm_levels",
        "source_id": "nbm_snow_level",
        "parameter": "snow_level",
        "definition": "height of the wet-bulb 0.5 degree C surface",
        "level_ft_msl": 14000,
        "label": "14,000 ft MSL",
        "unit": "ft_msl",
        "cycle_time_utc": "2026-08-24T18:00:00Z",
        "valid_time_utc": "2026-08-26T12:00:00Z",
        "lead_hours": 42,
        "segment": 11,
        "length_m": 149107.6
      },
      "geometry": {
        "type": "LineString",
        "coordinates": [
          [-116.99182, 33.31344],
          [-116.98746, 33.29115],
          [-116.98309, 33.26885],
          [-116.97873, 33.24655],
          [-116.95236, 33.23069],
          [-116.94771, 33.22789],
          [-116.94336, 33.20559],
          [-116.939, 33.18328],
          [-116.91266, 33.16741],
          [-116.91, 33.16434],
          [-116.90366, 33.1423],
          [-116.89932, 33.11999],
          [-116.89498, 33.09768],
          [-116.86866, 33.0818],
          [-116.86401, 33.079],
          [-116.85968, 33.05669],
          [-116.86303, 33.0528],
          [-116.88197, 33.03074],
          [-116.87764, 33.00842],
          [-116.87331, 32.9861],
          [-116.87665, 32.98221],
          [-116.88427, 32.96169],
          [-116.86929, 32.94427],
          [-116.86465, 32.94146],
          [-116.86032, 32.91914],
          [-116.83405, 32.90325],
          [-116.80745, 32.90687],
          [-116.78086, 32.91049],
          [-116.76192, 32.93254],
          [-116.75857, 32.93644],
          [-116.73962, 32.95848],
          [-116.73627, 32.96237],
          [-116.71731, 32.98441],
          [-116.72161, 33.00674],
          [-116.71826, 33.01063],
          [-116.69929, 33.03266],
          [-116.72558, 33.04857],
          [-116.73022, 33.05138],
          [-116.73452, 33.0737],
          [-116.73117, 33.07759],
          [-116.71219, 33.09962],
          [-116.70884, 33.10351],
          [-116.68985, 33.12554],
          [-116.69215, 33.14813],
          [-116.6908, 33.15174],
          [-116.6869, 33.17173],
          [-116.67409, 33.19635],
          [-116.6784, 33.21867],
          [-116.6827, 33.24098],
          [-116.71136, 33.25828],
          [-116.71368, 33.25968],
          [-116.73133, 33.28019],
          [-116.74634, 33.29761],
          [-116.74899, 33.30069],
          [-116.76154, 33.32188],
          [-116.76586, 33.34418],
          [-116.7753, 33.36579],
          [-116.78341, 33.38758],
          [-116.79466, 33.4055],
          [-116.79932, 33.40831],
          [-116.8257, 33.42418],
          [-116.83036, 33.42698],
          [-116.85491, 33.43338],
          [-116.88163, 33.42975],
          [-116.90248, 33.41719],
          [-116.90616, 33.41497],
          [-116.93254, 33.40966],
          [-116.95153, 33.38762],
          [-116.95488, 33.38373],
          [-116.96252, 33.36323],
          [-116.97151, 33.33912],
          [-116.97285, 33.3355],
          [-116.99182, 33.31344]
        ]
      }
    },
    {
      "type": "Feature",
      "id": "2026082418_f042_14000_012",
      "properties": {
        "product_id": "winter_storm_levels",
        "source_id": "nbm_snow_level",
        "parameter": "snow_level",
        "definition": "height of the wet-bulb 0.5 degree C surface",
        "level_ft_msl": 14000,
        "label": "14,000 ft MSL",
        "unit": "ft_msl",
        "cycle_time_utc": "2026-08-24T18:00:00Z",
        "valid_time_utc": "2026-08-26T12:00:00Z",
        "lead_hours": 42,
        "segment": 12,
        "length_m": 39256.5
      },
      "geometry": {
        "type": "LineString",
        "coordinates": [
          [-116.9986, 36.23031],
          [-116.99516, 36.23417],
          [-116.97569, 36.25602],
          [-116.97225, 36.25988],
          [-116.96747, 36.25711],
          [-116.96299, 36.23501],
          [-116.95852, 36.21292],
          [-116.95404, 36.19082],
          [-116.94957, 36.16872],
          [-116.9451, 36.14662],
          [-116.94063, 36.12452],
          [-116.94407, 36.12066],
          [-116.96352, 36.0988],
          [-116.96696, 36.09494],
          [-116.97173, 36.09772],
          [-116.9762, 36.11982],
          [-116.98068, 36.14192],
          [-116.98516, 36.16402],
          [-116.98964, 36.18612],
          [-116.99412, 36.20822],
          [-116.9986, 36.23031]
        ]
      }
    },
    {
      "type": "Feature",
      "id": "2026082418_f042_14000_013",
      "properties": {
        "product_id": "winter_storm_levels",
        "source_id": "nbm_snow_level",
        "parameter": "snow_level",
        "definition": "height of the wet-bulb 0.5 degree C surface",
        "level_ft_msl": 14000,
        "label": "14,000 ft MSL",
        "unit": "ft_msl",
        "cycle_time_utc": "2026-08-24T18:00:00Z",
        "valid_time_utc": "2026-08-26T12:00:00Z",
        "lead_hours": 42,
        "segment": 13,
        "length_m": 426946.8
      },
      "geometry": {
        "type": "LineString",
        "coordinates": [
          [-117.1733, 36.02555],
          [-117.16879, 36.00344],
          [-117.14173, 35.98775],
          [-117.13696, 35.98498],
          [-117.13246, 35.96287],
          [-117.12796, 35.94076],
          [-117.12346, 35.91864],
          [-117.11897, 35.89653],
          [-117.09195, 35.88082],
          [-117.08718, 35.87805],
          [-117.08269, 35.85593],
          [-117.07821, 35.83381],
          [-117.07372, 35.81168],
          [-117.06924, 35.78956],
          [-117.04225, 35.77384],
          [-117.03749, 35.77106],
          [-117.01051, 35.75533],
          [-116.98324, 35.75896],
          [-116.97848, 35.75618],
          [-116.95151, 35.74044],
          [-116.94675, 35.73766],
          [-116.91979, 35.72192],
          [-116.91504, 35.71914],
          [-116.88809, 35.70339],
          [-116.86082, 35.70699],
          [-116.84142, 35.72887],
          [-116.83799, 35.73273],
          [-116.81857, 35.7546],
          [-116.84552, 35.77036],
          [-116.85028, 35.77314],
          [-116.85472, 35.79527],
          [-116.85916, 35.81741],
          [-116.8636, 35.83953],
          [-116.86017, 35.84339],
          [-116.84073, 35.86526],
          [-116.8373, 35.86912],
          [-116.81786, 35.89098],
          [-116.81443, 35.89484],
          [-116.78712, 35.89843],
          [-116.7598, 35.90201],
          [-116.74034, 35.92386],
          [-116.73691, 35.92771],
          [-116.71743, 35.94956],
          [-116.72185, 35.97168],
          [-116.73789, 35.99228],
          [-116.73069, 36.01592],
          [-116.72725, 36.01978],
          [-116.70776, 36.04161],
          [-116.70432, 36.04547],
          [-116.68482, 36.0673],
          [-116.68138, 36.07115],
          [-116.66187, 36.09298],
          [-116.66628, 36.11509],
          [-116.66284, 36.11894],
          [-116.64331, 36.14076],
          [-116.63987, 36.14461],
          [-116.62034, 36.16643],
          [-116.62474, 36.18854],
          [-116.6213, 36.19239],
          [-116.60175, 36.2142],
          [-116.59831, 36.21805],
          [-116.5709, 36.2216],
          [-116.56614, 36.21881],
          [-116.53911, 36.20304],
          [-116.53434, 36.20025],
          [-116.50733, 36.18447],
          [-116.47994, 36.188],
          [-116.45254, 36.19153],
          [-116.42514, 36.19506],
          [-116.40556, 36.21685],
          [-116.40992, 36.23895],
          [-116.40647, 36.2428],
          [-116.38687, 36.26458],
          [-116.39123, 36.28669],
          [-116.3956, 36.30879],
          [-116.42263, 36.32459],
          [-116.4274, 36.32737],
          [-116.43177, 36.34947],
          [-116.43615, 36.37157],
          [-116.44052, 36.39367],
          [-116.46758, 36.40945],
          [-116.47235, 36.41223],
          [-116.47674, 36.43433],
          [-116.50381, 36.4501],
          [-116.50859, 36.45288],
          [-116.51298, 36.47497],
          [-116.51738, 36.49706],
          [-116.52178, 36.51914],
          [-116.52618, 36.54122],
          [-116.53058, 36.5633],
          [-116.53498, 36.58538],
          [-116.5621, 36.60114],
          [-116.56689, 36.60392],
          [-116.5713, 36.62599],
          [-116.59843, 36.64174],
          [-116.60322, 36.64452],
          [-116.61933, 36.66508],
          [-116.62376, 36.68714],
          [-116.61649, 36.71072],
          [-116.62092, 36.73278],
          [-116.61745, 36.73662],
          [-116.59781, 36.75839],
          [-116.60224, 36.78045],
          [-116.59877, 36.78429],
          [-116.59082, 36.80454],
          [-116.58354, 36.82811],
          [-116.58796, 36.85016],
          [-116.59032, 36.87248],
          [-116.58892, 36.87605],
          [-116.58097, 36.8963],
          [-116.57367, 36.91985],
          [-116.5781, 36.9419],
          [-116.58253, 36.96394],
          [-116.58696, 36.98598],
          [-116.59139, 37.00802],
          [-116.59582, 37.03006],
          [-116.62306, 37.04578],
          [-116.62787, 37.04856],
          [-116.65512, 37.06427],
          [-116.6748, 37.04252],
          [-116.67827, 37.03868],
          [-116.69795, 37.01693],
          [-116.70142, 37.01309],
          [-116.72109, 36.99134],
          [-116.72456, 36.9875],
          [-116.75215, 36.98393],
          [-116.77973, 36.98036],
          [-116.80732, 36.97679],
          [-116.82696, 36.95502],
          [-116.83042, 36.95118],
          [-116.85005, 36.9294],
          [-116.84557, 36.90736],
          [-116.84109, 36.88532],
          [-116.83661, 36.86327],
          [-116.83213, 36.84122],
          [-116.82766, 36.81918],
          [-116.80045, 36.80348],
          [-116.79565, 36.8007],
          [-116.79911, 36.79686],
          [-116.81872, 36.77507],
          [-116.81425, 36.75302],
          [-116.80978, 36.73096],
          [-116.80532, 36.7089],
          [-116.80085, 36.68684],
          [-116.79639, 36.66478],
          [-116.79193, 36.64272],
          [-116.79539, 36.63887],
          [-116.81497, 36.61707],
          [-116.81842, 36.61322],
          [-116.83799, 36.59142],
          [-116.83353, 36.56935],
          [-116.82906, 36.54728],
          [-116.80192, 36.53156],
          [-116.79713, 36.52879],
          [-116.79268, 36.50671],
          [-116.78823, 36.48464],
          [-116.78378, 36.46256],
          [-116.77933, 36.44048],
          [-116.77488, 36.41839],
          [-116.77043, 36.39631],
          [-116.76599, 36.37422],
          [-116.76361, 36.35186],
          [-116.75917, 36.32977],
          [-116.75473, 36.30768],
          [-116.75612, 36.3041],
          [-116.77565, 36.28227],
          [-116.77121, 36.26018],
          [-116.77465, 36.25633],
          [-116.79417, 36.2345],
          [-116.79761, 36.23065],
          [-116.80238, 36.23342],
          [-116.82945, 36.24916],
          [-116.85685, 36.24557],
          [-116.86163, 36.24834],
          [-116.88871, 36.26407],
          [-116.89349, 36.26684],
          [-116.92058, 36.28256],
          [-116.94798, 36.27895],
          [-116.95277, 36.28172],
          [-116.97987, 36.29743],
          [-116.98465, 36.3002],
          [-117.01176, 36.3159],
          [-117.01655, 36.31867],
          [-117.04367, 36.33437],
          [-117.07108, 36.33074],
          [-117.09055, 36.30889],
          [-117.09399, 36.30503],
          [-117.11345, 36.28317],
          [-117.11688, 36.27931],
          [-117.13633, 36.25744],
          [-117.13182, 36.23536],
          [-117.13525, 36.2315],
          [-117.15469, 36.20963],
          [-117.15018, 36.18753],
          [-117.14566, 36.16544],
          [-117.14115, 36.14334],
          [-117.13665, 36.12125],
          [-117.14007, 36.11738],
          [-117.15949, 36.0955],
          [-117.15498, 36.0734],
          [-117.15047, 36.0513],
          [-117.1539, 36.04744],
          [-117.1733, 36.02555]
        ]
      }
    },
    {
      "type": "Feature",
      "id": "2026082418_f042_14000_014",
      "properties": {
        "product_id": "winter_storm_levels",
        "source_id": "nbm_snow_level",
        "parameter": "snow_level",
        "definition": "height of the wet-bulb 0.5 degree C surface",
        "level_ft_msl": 14000,
        "label": "14,000 ft MSL",
        "unit": "ft_msl",
        "cycle_time_utc": "2026-08-24T18:00:00Z",
        "valid_time_utc": "2026-08-26T12:00:00Z",
        "lead_hours": 42,
        "segment": 14,
        "length_m": 81177.7
      },
      "geometry": {
        "type": "LineString",
        "coordinates": [
          [-117.19061, 36.52236],
          [-117.17113, 36.54421],
          [-117.16769, 36.54807],
          [-117.17222, 36.57013],
          [-117.15272, 36.59197],
          [-117.14928, 36.59583],
          [-117.15381, 36.61788],
          [-117.1343, 36.63972],
          [-117.13085, 36.64358],
          [-117.13538, 36.66563],
          [-117.11586, 36.68746],
          [-117.11241, 36.69132],
          [-117.09288, 36.71314],
          [-117.08943, 36.717],
          [-117.06989, 36.73882],
          [-117.04266, 36.72315],
          [-117.03815, 36.7011],
          [-117.03335, 36.69833],
          [-117.00614, 36.68266],
          [-117.00134, 36.67989],
          [-116.97414, 36.66421],
          [-116.96964, 36.64215],
          [-116.96484, 36.63938],
          [-116.93766, 36.62369],
          [-116.9572, 36.60188],
          [-116.96065, 36.59803],
          [-116.95616, 36.57596],
          [-116.9757, 36.55414],
          [-116.97915, 36.55029],
          [-116.99867, 36.52846],
          [-117.02614, 36.52484],
          [-117.02958, 36.52099],
          [-117.04909, 36.49915],
          [-117.05253, 36.4953],
          [-117.07204, 36.47346],
          [-117.09948, 36.46983],
          [-117.12665, 36.4855],
          [-117.13145, 36.48827],
          [-117.15863, 36.50394],
          [-117.16343, 36.5067],
          [-117.19061, 36.52236]
        ]
      }
    },
    {
      "type": "Feature",
      "id": "2026082418_f042_14000_015",
      "properties": {
        "product_id": "winter_storm_levels",
        "source_id": "nbm_snow_level",
        "parameter": "snow_level",
        "definition": "height of the wet-bulb 0.5 degree C surface",
        "level_ft_msl": 14000,
        "label": "14,000 ft MSL",
        "unit": "ft_msl",
        "cycle_time_utc": "2026-08-24T18:00:00Z",
        "valid_time_utc": "2026-08-26T12:00:00Z",
        "lead_hours": 42,
        "segment": 15,
        "length_m": 16943.8
      },
      "geometry": {
        "type": "LineString",
        "coordinates": [
          [-117.23739, 35.78979],
          [-117.21804, 35.81171],
          [-117.19076, 35.81536],
          [-117.16375, 35.79966],
          [-117.1831, 35.77776],
          [-117.21037, 35.7741],
          [-117.23739, 35.78979]
        ]
      }
    },
    {
      "type": "Feature",
      "id": "2026082418_f042_14000_016",
      "properties": {
        "product_id": "winter_storm_levels",
        "source_id": "nbm_snow_level",
        "parameter": "snow_level",
        "definition": "height of the wet-bulb 0.5 degree C surface",
        "level_ft_msl": 14000,
        "label": "14,000 ft MSL",
        "unit": "ft_msl",
        "cycle_time_utc": "2026-08-24T18:00:00Z",
        "valid_time_utc": "2026-08-26T12:00:00Z",
        "lead_hours": 42,
        "segment": 16,
        "length_m": 8011.6
      },
      "geometry": {
        "type": "LineString",
        "coordinates": [
          [-118.02284, 30.28958],
          [-117.99699, 30.2738],
          [-117.99255, 30.25138],
          [-117.98824, 30.22966]
        ]
      }
    },
    {
      "type": "Feature",
      "id": "2026082418_f042_14000_017",
      "properties": {
        "product_id": "winter_storm_levels",
        "source_id": "nbm_snow_level",
        "parameter": "snow_level",
        "definition": "height of the wet-bulb 0.5 degree C surface",
        "level_ft_msl": 14000,
        "label": "14,000 ft MSL",
        "unit": "ft_msl",
        "cycle_time_utc": "2026-08-24T18:00:00Z",
        "valid_time_utc": "2026-08-26T12:00:00Z",
        "lead_hours": 42,
        "segment": 17,
        "length_m": 11811
      },
      "geometry": {
        "type": "LineString",
        "coordinates": [
          [-118.11424, 30.23203],
          [-118.11449, 30.23329],
          [-118.09624, 30.25562],
          [-118.09301, 30.25956],
          [-118.07475, 30.28189],
          [-118.04879, 30.28574],
          [-118.02284, 30.28958]
        ]
      }
    },
    {
      "type": "Feature",
      "id": "2026082418_f042_14000_018",
      "properties": {
        "product_id": "winter_storm_levels",
        "source_id": "nbm_snow_level",
        "parameter": "snow_level",
        "definition": "height of the wet-bulb 0.5 degree C surface",
        "level_ft_msl": 14000,
        "label": "14,000 ft MSL",
        "unit": "ft_msl",
        "cycle_time_utc": "2026-08-24T18:00:00Z",
        "valid_time_utc": "2026-08-26T12:00:00Z",
        "lead_hours": 42,
        "segment": 18,
        "length_m": 705.6
      },
      "geometry": {
        "type": "LineString",
        "coordinates": [
          [-118.49432, 30.24211],
          [-118.48831, 30.23846]
        ]
      }
    },
    {
      "type": "Feature",
      "id": "2026082418_f042_14000_019",
      "properties": {
        "product_id": "winter_storm_levels",
        "source_id": "nbm_snow_level",
        "parameter": "snow_level",
        "definition": "height of the wet-bulb 0.5 degree C surface",
        "level_ft_msl": 14000,
        "label": "14,000 ft MSL",
        "unit": "ft_msl",
        "cycle_time_utc": "2026-08-24T18:00:00Z",
        "valid_time_utc": "2026-08-26T12:00:00Z",
        "lead_hours": 42,
        "segment": 19,
        "length_m": 2072.3
      },
      "geometry": {
        "type": "LineString",
        "coordinates": [
          [-118.51556, 30.23889],
          [-118.49432, 30.24211]
        ]
      }
    },
    {
      "type": "Feature",
      "id": "2026082418_f042_15000_001",
      "properties": {
        "product_id": "winter_storm_levels",
        "source_id": "nbm_snow_level",
        "parameter": "snow_level",
        "definition": "height of the wet-bulb 0.5 degree C surface",
        "level_ft_msl": 15000,
        "label": "15,000 ft MSL",
        "unit": "ft_msl",
        "cycle_time_utc": "2026-08-24T18:00:00Z",
        "valid_time_utc": "2026-08-26T12:00:00Z",
        "lead_hours": 42,
        "segment": 1,
        "length_m": 15982.5
      },
      "geometry": {
        "type": "LineString",
        "coordinates": [
          [-113.26301, 30.18199],
          [-113.24081, 30.16737],
          [-113.23341, 30.1625],
          [-113.21121, 30.14788],
          [-113.20769, 30.12534],
          [-113.20091, 30.10318],
          [-113.20065, 30.08025],
          [-113.21395, 30.06515]
        ]
      }
    },
    {
      "type": "Feature",
      "id": "2026082418_f042_15000_002",
      "properties": {
        "product_id": "winter_storm_levels",
        "source_id": "nbm_snow_level",
        "parameter": "snow_level",
        "definition": "height of the wet-bulb 0.5 degree C surface",
        "level_ft_msl": 15000,
        "label": "15,000 ft MSL",
        "unit": "ft_msl",
        "cycle_time_utc": "2026-08-24T18:00:00Z",
        "valid_time_utc": "2026-08-26T12:00:00Z",
        "lead_hours": 42,
        "segment": 2,
        "length_m": 9601.1
      },
      "geometry": {
        "type": "LineString",
        "coordinates": [
          [-113.34502, 30.4076],
          [-113.32676, 30.41835],
          [-113.30583, 30.4122],
          [-113.32276, 30.393],
          [-113.34502, 30.4076]
        ]
      }
    },
    {
      "type": "Feature",
      "id": "2026082418_f042_15000_003",
      "properties": {
        "product_id": "winter_storm_levels",
        "source_id": "nbm_snow_level",
        "parameter": "snow_level",
        "definition": "height of the wet-bulb 0.5 degree C surface",
        "level_ft_msl": 15000,
        "label": "15,000 ft MSL",
        "unit": "ft_msl",
        "cycle_time_utc": "2026-08-24T18:00:00Z",
        "valid_time_utc": "2026-08-26T12:00:00Z",
        "lead_hours": 42,
        "segment": 3,
        "length_m": 59380.1
      },
      "geometry": {
        "type": "LineString",
        "coordinates": [
          [-113.44125, 30.511],
          [-113.43767, 30.48848],
          [-113.41539, 30.4739],
          [-113.38925, 30.47697],
          [-113.36445, 30.48849],
          [-113.34618, 30.49924],
          [-113.34009, 30.50282],
          [-113.31572, 30.51715],
          [-113.29745, 30.52789],
          [-113.2918, 30.53429],
          [-113.27484, 30.55347],
          [-113.26919, 30.55987],
          [-113.25223, 30.57905],
          [-113.25577, 30.60157],
          [-113.25932, 30.62409],
          [-113.26287, 30.64662],
          [-113.28516, 30.66122],
          [-113.31134, 30.65816],
          [-113.33618, 30.64665],
          [-113.35448, 30.63591],
          [-113.36013, 30.62951],
          [-113.37708, 30.61032],
          [-113.38317, 30.60673],
          [-113.40294, 30.58434],
          [-113.40532, 30.57832],
          [-113.41245, 30.56028],
          [-113.42195, 30.53622],
          [-113.42432, 30.5302],
          [-113.44125, 30.511]
        ]
      }
    },
    {
      "type": "Feature",
      "id": "2026082418_f042_15000_004",
      "properties": {
        "product_id": "winter_storm_levels",
        "source_id": "nbm_snow_level",
        "parameter": "snow_level",
        "definition": "height of the wet-bulb 0.5 degree C surface",
        "level_ft_msl": 15000,
        "label": "15,000 ft MSL",
        "unit": "ft_msl",
        "cycle_time_utc": "2026-08-24T18:00:00Z",
        "valid_time_utc": "2026-08-26T12:00:00Z",
        "lead_hours": 42,
        "segment": 4,
        "length_m": 47615
      },
      "geometry": {
        "type": "LineString",
        "coordinates": [
          [-113.62012, 30.08483],
          [-113.61935, 30.08528],
          [-113.59465, 30.09684],
          [-113.56861, 30.09995],
          [-113.56299, 30.10636],
          [-113.56658, 30.1289],
          [-113.54973, 30.14812],
          [-113.5275, 30.13355],
          [-113.52009, 30.12869],
          [-113.49787, 30.11411],
          [-113.49046, 30.10925],
          [-113.46824, 30.09467],
          [-113.46084, 30.0898],
          [-113.43479, 30.09289],
          [-113.40874, 30.09597],
          [-113.40312, 30.10237],
          [-113.38625, 30.12159],
          [-113.36019, 30.12466],
          [-113.33798, 30.11006],
          [-113.33058, 30.10519],
          [-113.32496, 30.11159],
          [-113.30807, 30.13079],
          [-113.30244, 30.13719],
          [-113.28554, 30.15639],
          [-113.27991, 30.16279],
          [-113.26301, 30.18199]
        ]
      }
    },
    {
      "type": "Feature",
      "id": "2026082418_f042_15000_005",
      "properties": {
        "product_id": "winter_storm_levels",
        "source_id": "nbm_snow_level",
        "parameter": "snow_level",
        "definition": "height of the wet-bulb 0.5 degree C surface",
        "level_ft_msl": 15000,
        "label": "15,000 ft MSL",
        "unit": "ft_msl",
        "cycle_time_utc": "2026-08-24T18:00:00Z",
        "valid_time_utc": "2026-08-26T12:00:00Z",
        "lead_hours": 42,
        "segment": 5,
        "length_m": 35415.9
      },
      "geometry": {
        "type": "LineString",
        "coordinates": [
          [-113.64147, 30.76259],
          [-113.64112, 30.73969],
          [-113.63422, 30.71757],
          [-113.61187, 30.70302],
          [-113.58524, 30.70332],
          [-113.55906, 30.70642],
          [-113.53332, 30.71233],
          [-113.5262, 30.73038],
          [-113.51998, 30.75405],
          [-113.52358, 30.77656],
          [-113.54459, 30.78268],
          [-113.57259, 30.79083],
          [-113.59879, 30.78773],
          [-113.62454, 30.78181],
          [-113.64147, 30.76259]
        ]
      }
    },
    {
      "type": "Feature",
      "id": "2026082418_f042_15000_006",
      "properties": {
        "product_id": "winter_storm_levels",
        "source_id": "nbm_snow_level",
        "parameter": "snow_level",
        "definition": "height of the wet-bulb 0.5 degree C surface",
        "level_ft_msl": 15000,
        "label": "15,000 ft MSL",
        "unit": "ft_msl",
        "cycle_time_utc": "2026-08-24T18:00:00Z",
        "valid_time_utc": "2026-08-26T12:00:00Z",
        "lead_hours": 42,
        "segment": 6,
        "length_m": 28418.4
      },
      "geometry": {
        "type": "LineString",
        "coordinates": [
          [-113.83939, 30.29708],
          [-113.81709, 30.28255],
          [-113.80966, 30.27771],
          [-113.78737, 30.26317],
          [-113.78048, 30.24104],
          [-113.77631, 30.2358],
          [-113.76381, 30.22008],
          [-113.76018, 30.19756],
          [-113.74352, 30.1766],
          [-113.73935, 30.17136],
          [-113.72687, 30.15564],
          [-113.71347, 30.13428],
          [-113.7303, 30.11503],
          [-113.73265, 30.10901],
          [-113.74853, 30.09083]
        ]
      }
    },
    {
      "type": "Feature",
      "id": "2026082418_f042_15000_007",
      "properties": {
        "product_id": "winter_storm_levels",
        "source_id": "nbm_snow_level",
        "parameter": "snow_level",
        "definition": "height of the wet-bulb 0.5 degree C surface",
        "level_ft_msl": 15000,
        "label": "15,000 ft MSL",
        "unit": "ft_msl",
        "cycle_time_utc": "2026-08-24T18:00:00Z",
        "valid_time_utc": "2026-08-26T12:00:00Z",
        "lead_hours": 42,
        "segment": 7,
        "length_m": 20803.3
      },
      "geometry": {
        "type": "LineString",
        "coordinates": [
          [-113.85725, 31.10377],
          [-113.85357, 31.08128],
          [-113.83113, 31.06677],
          [-113.80487, 31.06992],
          [-113.78792, 31.08914],
          [-113.79159, 31.11163],
          [-113.81404, 31.12614],
          [-113.84031, 31.123],
          [-113.85725, 31.10377]
        ]
      }
    },
    {
      "type": "Feature",
      "id": "2026082418_f042_15000_008",
      "properties": {
        "product_id": "winter_storm_levels",
        "source_id": "nbm_snow_level",
        "parameter": "snow_level",
        "definition": "height of the wet-bulb 0.5 degree C surface",
        "level_ft_msl": 15000,
        "label": "15,000 ft MSL",
        "unit": "ft_msl",
        "cycle_time_utc": "2026-08-24T18:00:00Z",
        "valid_time_utc": "2026-08-26T12:00:00Z",
        "lead_hours": 42,
        "segment": 8,
        "length_m": 28809.6
      },
      "geometry": {
        "type": "LineString",
        "coordinates": [
          [-113.85783, 30.09585],
          [-113.86005, 30.0965],
          [-113.88603, 30.11345],
          [-113.8902, 30.11869],
          [-113.91247, 30.13321],
          [-113.91613, 30.15574],
          [-113.91979, 30.17826],
          [-113.92345, 30.20078],
          [-113.91734, 30.22449],
          [-113.91031, 30.24257],
          [-113.90471, 30.24899],
          [-113.88789, 30.26825],
          [-113.88229, 30.27467],
          [-113.86547, 30.29393],
          [-113.83939, 30.29708]
        ]
      }
    },
    {
      "type": "Feature",
      "id": "2026082418_f042_15000_009",
      "properties": {
        "product_id": "winter_storm_levels",
        "source_id": "nbm_snow_level",
        "parameter": "snow_level",
        "definition": "height of the wet-bulb 0.5 degree C surface",
        "level_ft_msl": 15000,
        "label": "15,000 ft MSL",
        "unit": "ft_msl",
        "cycle_time_utc": "2026-08-24T18:00:00Z",
        "valid_time_utc": "2026-08-26T12:00:00Z",
        "lead_hours": 42,
        "segment": 9,
        "length_m": 155451.5
      },
      "geometry": {
        "type": "LineString",
        "coordinates": [
          [-113.87448, 30.39042],
          [-113.85764, 30.40967],
          [-113.85203, 30.41609],
          [-113.83519, 30.43534],
          [-113.80907, 30.43849],
          [-113.80345, 30.4449],
          [-113.81037, 30.46703],
          [-113.81401, 30.48954],
          [-113.81766, 30.51205],
          [-113.81805, 30.53496],
          [-113.8217, 30.55747],
          [-113.80483, 30.57671],
          [-113.77868, 30.57985],
          [-113.75634, 30.56532],
          [-113.74889, 30.56048],
          [-113.72275, 30.56361],
          [-113.70042, 30.54907],
          [-113.69297, 30.54422],
          [-113.66547, 30.5389],
          [-113.63933, 30.54202],
          [-113.61499, 30.55639],
          [-113.61217, 30.55959],
          [-113.60271, 30.58366],
          [-113.60632, 30.60618],
          [-113.59922, 30.62423],
          [-113.59358, 30.63064],
          [-113.57666, 30.64985],
          [-113.57102, 30.65625],
          [-113.5541, 30.67547],
          [-113.52792, 30.67856],
          [-113.50559, 30.664],
          [-113.49815, 30.65914],
          [-113.47197, 30.66223],
          [-113.44965, 30.64766],
          [-113.46659, 30.62846],
          [-113.46897, 30.62244],
          [-113.47846, 30.59838],
          [-113.48693, 30.58878],
          [-113.50103, 30.57277],
          [-113.50814, 30.55472],
          [-113.51051, 30.54871],
          [-113.51999, 30.52464],
          [-113.5271, 30.50659],
          [-113.53274, 30.50019],
          [-113.54964, 30.48097],
          [-113.55201, 30.47495],
          [-113.55168, 30.45204],
          [-113.54808, 30.42952],
          [-113.54065, 30.42467],
          [-113.51837, 30.4101],
          [-113.51151, 30.38796],
          [-113.51119, 30.36505],
          [-113.52808, 30.34583],
          [-113.53044, 30.33981],
          [-113.53011, 30.3169],
          [-113.54699, 30.29767],
          [-113.55262, 30.29127],
          [-113.57084, 30.28049],
          [-113.59512, 30.26612],
          [-113.60119, 30.26253],
          [-113.6194, 30.25174],
          [-113.64548, 30.24863],
          [-113.66639, 30.25474],
          [-113.67382, 30.25959],
          [-113.69609, 30.27414],
          [-113.70352, 30.27899],
          [-113.7258, 30.29354],
          [-113.73323, 30.29838],
          [-113.75552, 30.31292],
          [-113.76295, 30.31777],
          [-113.78524, 30.33231],
          [-113.79214, 30.35444],
          [-113.79632, 30.35967],
          [-113.81862, 30.3742],
          [-113.82606, 30.37905],
          [-113.85216, 30.3759],
          [-113.87448, 30.39042]
        ]
      }
    },
    {
      "type": "Feature",
      "id": "2026082418_f042_15000_010",
      "properties": {
        "product_id": "winter_storm_levels",
        "source_id": "nbm_snow_level",
        "parameter": "snow_level",
        "definition": "height of the wet-bulb 0.5 degree C surface",
        "level_ft_msl": 15000,
        "label": "15,000 ft MSL",
        "unit": "ft_msl",
        "cycle_time_utc": "2026-08-24T18:00:00Z",
        "valid_time_utc": "2026-08-26T12:00:00Z",
        "lead_hours": 42,
        "segment": 10,
        "length_m": 33006.5
      },
      "geometry": {
        "type": "LineString",
        "coordinates": [
          [-114.04531, 30.78288],
          [-114.02844, 30.80214],
          [-114.02282, 30.80856],
          [-114.02652, 30.83105],
          [-114.03022, 30.85355],
          [-114.01334, 30.8728],
          [-113.98714, 30.87597],
          [-113.96471, 30.86148],
          [-113.96102, 30.83898],
          [-113.95733, 30.81649],
          [-113.97421, 30.79724],
          [-113.97984, 30.79082],
          [-113.99671, 30.77157],
          [-114.02289, 30.76839],
          [-114.04531, 30.78288]
        ]
      }
    },
    {
      "type": "Feature",
      "id": "2026082418_f042_15000_011",
      "properties": {
        "product_id": "winter_storm_levels",
        "source_id": "nbm_snow_level",
        "parameter": "snow_level",
        "definition": "height of the wet-bulb 0.5 degree C surface",
        "level_ft_msl": 15000,
        "label": "15,000 ft MSL",
        "unit": "ft_msl",
        "cycle_time_utc": "2026-08-24T18:00:00Z",
        "valid_time_utc": "2026-08-26T12:00:00Z",
        "lead_hours": 42,
        "segment": 11,
        "length_m": 142396.2
      },
      "geometry": {
        "type": "LineString",
        "coordinates": [
          [-114.10547, 30.5001],
          [-114.10177, 30.47759],
          [-114.09806, 30.45508],
          [-114.07571, 30.4406],
          [-114.0589, 30.45987],
          [-114.05329, 30.46629],
          [-114.03647, 30.48556],
          [-114.04016, 30.50807],
          [-114.03456, 30.51449],
          [-114.01773, 30.53376],
          [-114.01166, 30.53737],
          [-113.98598, 30.54336],
          [-113.96123, 30.55497],
          [-113.9528, 30.5646],
          [-113.938, 30.57595],
          [-113.91726, 30.59185],
          [-113.91445, 30.59506],
          [-113.88831, 30.59822],
          [-113.86216, 30.60137],
          [-113.85516, 30.59935],
          [-113.8328, 30.58482],
          [-113.80666, 30.58797],
          [-113.78978, 30.60721],
          [-113.79016, 30.63011],
          [-113.7878, 30.63613],
          [-113.78073, 30.65419],
          [-113.77129, 30.67827],
          [-113.76847, 30.68147],
          [-113.74876, 30.70391],
          [-113.74594, 30.70711],
          [-113.72622, 30.72955],
          [-113.7234, 30.73275],
          [-113.70367, 30.75518],
          [-113.70131, 30.7612],
          [-113.68439, 30.78042],
          [-113.68475, 30.80332],
          [-113.68838, 30.82582],
          [-113.68602, 30.83184],
          [-113.66908, 30.85105],
          [-113.69147, 30.86559],
          [-113.71768, 30.86247],
          [-113.74253, 30.8509],
          [-113.76874, 30.84777],
          [-113.79495, 30.84463],
          [-113.82115, 30.84149],
          [-113.84736, 30.83834],
          [-113.86564, 30.82754],
          [-113.87173, 30.82394],
          [-113.89747, 30.81797],
          [-113.91436, 30.79873],
          [-113.91999, 30.79232],
          [-113.93687, 30.77307],
          [-113.93319, 30.75057],
          [-113.93278, 30.72767],
          [-113.93513, 30.72165],
          [-113.952, 30.7024],
          [-113.95762, 30.69598],
          [-113.97448, 30.67673],
          [-113.9801, 30.67031],
          [-113.99696, 30.65105],
          [-114.00304, 30.64745],
          [-114.02735, 30.63302],
          [-114.03577, 30.62339],
          [-114.0498, 30.60733],
          [-114.05822, 30.5977],
          [-114.06432, 30.574],
          [-114.06993, 30.56758],
          [-114.08676, 30.54831],
          [-114.09236, 30.54188],
          [-114.09938, 30.52381],
          [-114.10547, 30.5001]
        ]
      }
    }
  ]
}

