{
  "type": "FeatureCollection",
  "contract_version": "1.0.0",
  "bbox": [-129.29795, 30.12617, -112, 44.5],
  "features": [
    {
      "type": "Feature",
      "id": "2026082106_f084_10000_001",
      "properties": {
        "product_id": "winter_storm_levels",
        "source_id": "nbm_snow_level",
        "parameter": "snow_level",
        "definition": "height of the wet-bulb 0.5 degree C surface",
        "level_ft_msl": 10000,
        "label": "10,000 ft MSL",
        "unit": "ft_msl",
        "cycle_time_utc": "2026-08-21T06:00:00Z",
        "valid_time_utc": "2026-08-24T18:00:00Z",
        "lead_hours": 84,
        "segment": 1,
        "length_m": 1980294.7
      },
      "geometry": {
        "type": "LineString",
        "coordinates": [
          [-129.29795, 30.33284],
          [-129.27244, 30.33853],
          [-129.26298, 30.35238],
          [-129.25352, 30.36623],
          [-129.228, 30.37191],
          [-129.21853, 30.38576],
          [-129.20906, 30.39961],
          [-129.18353, 30.40528],
          [-129.17405, 30.41913],
          [-129.16457, 30.43297],
          [-129.15509, 30.44681],
          [-129.14561, 30.46065],
          [-129.12007, 30.46632],
          [-129.11058, 30.48016],
          [-129.10108, 30.49399],
          [-129.07553, 30.49965],
          [-129.06603, 30.51349],
          [-129.05653, 30.52732],
          [-129.04703, 30.54115],
          [-129.03753, 30.55499],
          [-129.01196, 30.56063],
          [-129.00245, 30.57446],
          [-128.99294, 30.58829],
          [-128.96736, 30.59393],
          [-128.95784, 30.60776],
          [-128.94832, 30.62158],
          [-128.9388, 30.63541],
          [-128.92927, 30.64923],
          [-128.90368, 30.65486],
          [-128.89415, 30.66868],
          [-128.88461, 30.6825],
          [-128.87508, 30.69632],
          [-128.86554, 30.71014],
          [-128.83993, 30.71575],
          [-128.83039, 30.72957],
          [-128.82084, 30.74338],
          [-128.79522, 30.74899],
          [-128.78567, 30.7628],
          [-128.77612, 30.77662],
          [-128.75049, 30.78222],
          [-128.74093, 30.79603],
          [-128.73137, 30.80983],
          [-128.7218, 30.82364],
          [-128.71224, 30.83745],
          [-128.68659, 30.84304],
          [-128.67702, 30.85684],
          [-128.66744, 30.87064],
          [-128.64179, 30.87622],
          [-128.63221, 30.89002],
          [-128.62263, 30.90382],
          [-128.59696, 30.9094],
          [-128.58737, 30.92319],
          [-128.57778, 30.93699],
          [-128.55211, 30.94256],
          [-128.54251, 30.95635],
          [-128.53291, 30.97014],
          [-128.50723, 30.9757],
          [-128.49762, 30.98949],
          [-128.48802, 31.00328],
          [-128.47841, 31.01707],
          [-128.4688, 31.03085],
          [-128.4431, 31.0364],
          [-128.43348, 31.05018],
          [-128.42386, 31.06397],
          [-128.39815, 31.06951],
          [-128.38853, 31.08329],
          [-128.3789, 31.09707],
          [-128.36927, 31.11084],
          [-128.35964, 31.12462],
          [-128.33391, 31.13015],
          [-128.32428, 31.14393],
          [-128.31464, 31.1577],
          [-128.2889, 31.16322],
          [-128.27925, 31.17699],
          [-128.26961, 31.19076],
          [-128.25996, 31.20453],
          [-128.2503, 31.2183],
          [-128.22455, 31.22381],
          [-128.21489, 31.23758],
          [-128.20523, 31.25134],
          [-128.19557, 31.2651],
          [-128.18591, 31.27887],
          [-128.16014, 31.28437],
          [-128.15046, 31.29813],
          [-128.14079, 31.31188],
          [-128.13112, 31.32564],
          [-128.12144, 31.3394],
          [-128.09565, 31.34489],
          [-128.08597, 31.35864],
          [-128.07628, 31.3724],
          [-128.05049, 31.37788],
          [-128.0408, 31.39163],
          [-128.0311, 31.40538],
          [-128.02141, 31.41913],
          [-128.01171, 31.43287],
          [-127.9859, 31.43834],
          [-127.97619, 31.45209],
          [-127.96648, 31.46583],
          [-127.95678, 31.47957],
          [-127.94706, 31.49332],
          [-127.92124, 31.49877],
          [-127.91152, 31.51251],
          [-127.9018, 31.52625],
          [-127.89208, 31.53999],
          [-127.88235, 31.55373],
          [-127.85651, 31.55917],
          [-127.84678, 31.57291],
          [-127.83705, 31.58664],
          [-127.82731, 31.60037],
          [-127.81758, 31.6141],
          [-127.79171, 31.61954],
          [-127.78197, 31.63327],
          [-127.77223, 31.64699],
          [-127.74635, 31.65242],
          [-127.7366, 31.66615],
          [-127.72685, 31.67987],
          [-127.71709, 31.69359],
          [-127.70734, 31.70731],
          [-127.69758, 31.72103],
          [-127.68781, 31.73475],
          [-127.66192, 31.74017],
          [-127.65215, 31.75388],
          [-127.64238, 31.7676],
          [-127.61648, 31.773],
          [-127.6067, 31.78672],
          [-127.59692, 31.80043],
          [-127.58714, 31.81414],
          [-127.57736, 31.82785],
          [-127.55143, 31.83324],
          [-127.54165, 31.84695],
          [-127.53185, 31.86066],
          [-127.50592, 31.86604],
          [-127.49613, 31.87975],
          [-127.48633, 31.89345],
          [-127.46039, 31.89883],
          [-127.45058, 31.91253],
          [-127.44077, 31.92623],
          [-127.41482, 31.9316],
          [-127.40501, 31.94529],
          [-127.39519, 31.95899],
          [-127.38537, 31.97268],
          [-127.37555, 31.98638],
          [-127.36573, 32.00007],
          [-127.3559, 32.01376],
          [-127.32993, 32.01911],
          [-127.3201, 32.0328],
          [-127.31026, 32.04649],
          [-127.30043, 32.06018],
          [-127.29059, 32.07386],
          [-127.2646, 32.07921],
          [-127.25475, 32.09289],
          [-127.24491, 32.10657],
          [-127.23506, 32.12025],
          [-127.22521, 32.13393],
          [-127.21535, 32.14761],
          [-127.2055, 32.16128],
          [-127.17948, 32.16661],
          [-127.16962, 32.18029],
          [-127.15976, 32.19396],
          [-127.14989, 32.20763],
          [-127.14002, 32.2213],
          [-127.11399, 32.22662],
          [-127.10412, 32.24029],
          [-127.09424, 32.25396],
          [-127.0682, 32.25927],
          [-127.05831, 32.27293],
          [-127.04843, 32.2866],
          [-127.03854, 32.30026],
          [-127.02865, 32.31392],
          [-127.00259, 32.31922],
          [-126.9927, 32.33288],
          [-126.9828, 32.34654],
          [-126.9729, 32.36019],
          [-126.96299, 32.37385],
          [-126.93692, 32.37914],
          [-126.92701, 32.39279],
          [-126.9171, 32.40644],
          [-126.90719, 32.42009],
          [-126.89727, 32.43374],
          [-126.87118, 32.43902],
          [-126.86126, 32.45266],
          [-126.85133, 32.46631],
          [-126.8414, 32.47995],
          [-126.83148, 32.4936],
          [-126.80537, 32.49886],
          [-126.79543, 32.5125],
          [-126.7855, 32.52614],
          [-126.77556, 32.53978],
          [-126.76561, 32.55342],
          [-126.73949, 32.55867],
          [-126.72954, 32.57231],
          [-126.71959, 32.58594],
          [-126.70964, 32.59957],
          [-126.69968, 32.6132],
          [-126.67354, 32.61844],
          [-126.66358, 32.63207],
          [-126.65362, 32.6457],
          [-126.64365, 32.65933],
          [-126.63368, 32.67295],
          [-126.60752, 32.67818],
          [-126.59755, 32.69181],
          [-126.58757, 32.70543],
          [-126.57759, 32.71905],
          [-126.56761, 32.73267],
          [-126.54144, 32.73789],
          [-126.53145, 32.7515],
          [-126.52146, 32.76512],
          [-126.51147, 32.77873],
          [-126.50147, 32.79235],
          [-126.49147, 32.80596],
          [-126.48147, 32.81957],
          [-126.45528, 32.82477],
          [-126.44527, 32.83838],
          [-126.43526, 32.85199],
          [-126.42525, 32.86559],
          [-126.41524, 32.8792],
          [-126.38903, 32.88439],
          [-126.37901, 32.89799],
          [-126.36899, 32.91159],
          [-126.35896, 32.92519],
          [-126.34894, 32.93879],
          [-126.3227, 32.94397],
          [-126.31267, 32.95757],
          [-126.30264, 32.97117],
          [-126.2926, 32.98476],
          [-126.28256, 32.99835],
          [-126.25631, 33.00352],
          [-126.24627, 33.01711],
          [-126.23622, 33.0307],
          [-126.22617, 33.04429],
          [-126.21612, 33.05787],
          [-126.20606, 33.07146],
          [-126.19601, 33.08504],
          [-126.16974, 33.0902],
          [-126.15967, 33.10378],
          [-126.14961, 33.11736],
          [-126.13954, 33.13094],
          [-126.12947, 33.14452],
          [-126.1194, 33.15809],
          [-126.10932, 33.17167],
          [-126.08302, 33.17681],
          [-126.07294, 33.19038],
          [-126.06286, 33.20395],
          [-126.05277, 33.21752],
          [-126.04269, 33.23109],
          [-126.01637, 33.23622],
          [-126.00628, 33.24979],
          [-125.99618, 33.26335],
          [-125.98608, 33.27692],
          [-125.97598, 33.29048],
          [-125.96588, 33.30404],
          [-125.95577, 33.3176],
          [-125.92943, 33.32271],
          [-125.91932, 33.33627],
          [-125.9092, 33.34983],
          [-125.89909, 33.36339],
          [-125.88897, 33.37694],
          [-125.87885, 33.39049],
          [-125.86872, 33.40405],
          [-125.84236, 33.40914],
          [-125.83223, 33.42269],
          [-125.8221, 33.43624],
          [-125.81196, 33.44979],
          [-125.80182, 33.46334],
          [-125.79168, 33.47688],
          [-125.78154, 33.49042],
          [-125.75515, 33.49551],
          [-125.74501, 33.50905],
          [-125.73485, 33.52259],
          [-125.7247, 33.53613],
          [-125.71454, 33.54966],
          [-125.70439, 33.5632],
          [-125.69422, 33.57674],
          [-125.66781, 33.5818],
          [-125.65765, 33.59533],
          [-125.64748, 33.60886],
          [-125.63731, 33.62239],
          [-125.62713, 33.63592],
          [-125.61695, 33.64945],
          [-125.60678, 33.66298],
          [-125.59659, 33.6765],
          [-125.58641, 33.69003],
          [-125.57622, 33.70355],
          [-125.56603, 33.71707],
          [-125.53959, 33.72212],
          [-125.52939, 33.73564],
          [-125.51919, 33.74915],
          [-125.50899, 33.76267],
          [-125.49879, 33.77619],
          [-125.48859, 33.7897],
          [-125.47838, 33.80321],
          [-125.46817, 33.81673],
          [-125.45796, 33.83024],
          [-125.44774, 33.84375],
          [-125.43752, 33.85726],
          [-125.41104, 33.86228],
          [-125.40081, 33.87578],
          [-125.39059, 33.88929],
          [-125.38036, 33.90279],
          [-125.37013, 33.91629],
          [-125.3599, 33.92979],
          [-125.34966, 33.94329],
          [-125.33942, 33.95679],
          [-125.32918, 33.97029],
          [-125.30266, 33.97529],
          [-125.29242, 33.98879],
          [-125.28217, 34.00228],
          [-125.27192, 34.01577],
          [-125.26166, 34.02926],
          [-125.25141, 34.04275],
          [-125.24115, 34.05624],
          [-125.23089, 34.06973],
          [-125.22062, 34.08322],
          [-125.21036, 34.0967],
          [-125.20009, 34.11019],
          [-125.18982, 34.12367],
          [-125.17954, 34.13715],
          [-125.16927, 34.15063],
          [-125.15899, 34.16411],
          [-125.14871, 34.17759],
          [-125.13842, 34.19107],
          [-125.12814, 34.20454],
          [-125.11785, 34.21802],
          [-125.10756, 34.23149],
          [-125.09726, 34.24496],
          [-125.07067, 34.24992],
          [-125.06037, 34.26339],
          [-125.05007, 34.27686],
          [-125.03977, 34.29033],
          [-125.02946, 34.30379],
          [-125.01915, 34.31726],
          [-125.00884, 34.33072],
          [-124.99852, 34.34418],
          [-124.98821, 34.35764],
          [-124.97789, 34.3711],
          [-124.96756, 34.38456],
          [-124.94093, 34.3895],
          [-124.9306, 34.40295],
          [-124.92027, 34.41641],
          [-124.90994, 34.42986],
          [-124.8996, 34.44331],
          [-124.88927, 34.45676],
          [-124.87893, 34.47021],
          [-124.86858, 34.48366],
          [-124.85824, 34.49711],
          [-124.84789, 34.51055],
          [-124.83754, 34.524],
          [-124.82719, 34.53744],
          [-124.81683, 34.55088],
          [-124.80647, 34.56433],
          [-124.79611, 34.57777],
          [-124.78575, 34.5912],
          [-124.77538, 34.60464],
          [-124.76502, 34.61808],
          [-124.75465, 34.63151],
          [-124.74427, 34.64495],
          [-124.7339, 34.65838],
          [-124.72352, 34.67181],
          [-124.71314, 34.68524],
          [-124.70276, 34.69867],
          [-124.69237, 34.7121],
          [-124.68198, 34.72553],
          [-124.67159, 34.73895],
          [-124.6612, 34.75237],
          [-124.6508, 34.7658],
          [-124.64041, 34.77922],
          [-124.63001, 34.79264],
          [-124.6196, 34.80606],
          [-124.6092, 34.81948],
          [-124.59879, 34.83289],
          [-124.58838, 34.84631],
          [-124.57797, 34.85972],
          [-124.5839, 34.88168],
          [-124.57348, 34.89509],
          [-124.56306, 34.90851],
          [-124.55264, 34.92192],
          [-124.54222, 34.93533],
          [-124.53179, 34.94873],
          [-124.52136, 34.96214],
          [-124.51093, 34.97554],
          [-124.5005, 34.98895],
          [-124.49006, 35.00235],
          [-124.47962, 35.01575],
          [-124.46918, 35.02915],
          [-124.45873, 35.04255],
          [-124.44829, 35.05595],
          [-124.43784, 35.06935],
          [-124.42738, 35.08274],
          [-124.41693, 35.09614],
          [-124.40647, 35.10953],
          [-124.39601, 35.12292],
          [-124.40192, 35.14487],
          [-124.39146, 35.15826],
          [-124.38099, 35.17164],
          [-124.37053, 35.18503],
          [-124.36005, 35.19842],
          [-124.34958, 35.2118],
          [-124.3391, 35.22519],
          [-124.32863, 35.23857],
          [-124.31814, 35.25195],
          [-124.30766, 35.26533],
          [-124.29717, 35.27871],
          [-124.30308, 35.30065],
          [-124.29259, 35.31402],
          [-124.28209, 35.3274],
          [-124.2716, 35.34077],
          [-124.2611, 35.35415],
          [-124.2506, 35.36752],
          [-124.2401, 35.38089],
          [-124.24599, 35.40282],
          [-124.23548, 35.41619],
          [-124.22497, 35.42956],
          [-124.21446, 35.44292],
          [-124.20395, 35.45629],
          [-124.19343, 35.46965],
          [-124.18291, 35.48301],
          [-124.1888, 35.50494],
          [-124.17828, 35.5183],
          [-124.16775, 35.53166],
          [-124.15722, 35.54502],
          [-124.14669, 35.55837],
          [-124.13616, 35.57173],
          [-124.12562, 35.58508],
          [-124.11508, 35.59843],
          [-124.10454, 35.61179],
          [-124.11042, 35.63371],
          [-124.09988, 35.64706],
          [-124.08933, 35.6604],
          [-124.07878, 35.67375],
          [-124.06823, 35.6871],
          [-124.0741, 35.70901],
          [-124.06355, 35.72236],
          [-124.05299, 35.7357],
          [-124.04242, 35.74904],
          [-124.03186, 35.76238],
          [-124.03773, 35.78429],
          [-124.02717, 35.79763],
          [-124.01659, 35.81097],
          [-124.00602, 35.8243],
          [-123.99544, 35.83764],
          [-123.98487, 35.85097],
          [-123.97428, 35.8643],
          [-123.98015, 35.88621],
          [-123.96957, 35.89954],
          [-123.95898, 35.91286],
          [-123.94839, 35.92619],
          [-123.9378, 35.93952],
          [-123.94366, 35.96142],
          [-123.93306, 35.97474],
          [-123.92246, 35.98806],
          [-123.92833, 36.00996],
          [-123.91772, 36.02328],
          [-123.90712, 36.0366],
          [-123.91298, 36.0585],
          [-123.90237, 36.07181],
          [-123.89176, 36.08513],
          [-123.88114, 36.09844],
          [-123.87053, 36.11176],
          [-123.87639, 36.13365],
          [-123.86576, 36.14696],
          [-123.85514, 36.16027],
          [-123.861, 36.18215],
          [-123.85037, 36.19546],
          [-123.83974, 36.20877],
          [-123.8456, 36.23065],
          [-123.83496, 36.24396],
          [-123.82433, 36.25726],
          [-123.83019, 36.27914],
          [-123.81954, 36.29244],
          [-123.8089, 36.30574],
          [-123.81476, 36.32762],
          [-123.80411, 36.34092],
          [-123.79346, 36.35421],
          [-123.79932, 36.37609],
          [-123.78866, 36.38938],
          [-123.77801, 36.40267],
          [-123.78386, 36.42455],
          [-123.7732, 36.43784],
          [-123.76254, 36.45113],
          [-123.76839, 36.47299],
          [-123.75773, 36.48628],
          [-123.74706, 36.49957],
          [-123.75291, 36.52143],
          [-123.74224, 36.53471],
          [-123.73156, 36.548],
          [-123.73742, 36.56986],
          [-123.74327, 36.59172],
          [-123.73259, 36.605],
          [-123.72191, 36.61828],
          [-123.72776, 36.64013],
          [-123.71708, 36.65341],
          [-123.70638, 36.66668],
          [-123.69569, 36.67996],
          [-123.68499, 36.69323],
          [-123.69085, 36.71508],
          [-123.68014, 36.72835],
          [-123.66944, 36.74162],
          [-123.67529, 36.76346],
          [-123.68115, 36.78531],
          [-123.67044, 36.79858],
          [-123.65973, 36.81184],
          [-123.66559, 36.83368],
          [-123.65487, 36.84694],
          [-123.64415, 36.86021],
          [-123.65001, 36.88204],
          [-123.63928, 36.8953],
          [-123.62856, 36.90856],
          [-123.63441, 36.93039],
          [-123.62368, 36.94365],
          [-123.61295, 36.95691],
          [-123.61881, 36.97874],
          [-123.60807, 36.99199],
          [-123.59733, 37.00524],
          [-123.60318, 37.02707],
          [-123.59244, 37.04031],
          [-123.5817, 37.05356],
          [-123.58755, 37.07539],
          [-123.5934, 37.09721],
          [-123.58265, 37.11045],
          [-123.5719, 37.12369],
          [-123.57775, 37.14551],
          [-123.567, 37.15875],
          [-123.55624, 37.17199],
          [-123.56209, 37.19381],
          [-123.55133, 37.20704],
          [-123.54056, 37.22028],
          [-123.54641, 37.24209],
          [-123.55227, 37.2639],
          [-123.5415, 37.27713],
          [-123.53072, 37.29036],
          [-123.53658, 37.31217],
          [-123.54243, 37.33397],
          [-123.53165, 37.3472],
          [-123.52087, 37.36043],
          [-123.52673, 37.38222],
          [-123.51594, 37.39545],
          [-123.50515, 37.40867],
          [-123.51101, 37.43047],
          [-123.50021, 37.44369],
          [-123.48942, 37.45691],
          [-123.49527, 37.4787],
          [-123.50113, 37.50049],
          [-123.49033, 37.51371],
          [-123.47952, 37.52692],
          [-123.48538, 37.54871],
          [-123.47457, 37.56192],
          [-123.46376, 37.57513],
          [-123.46962, 37.59692],
          [-123.4588, 37.61013],
          [-123.44798, 37.62333],
          [-123.45384, 37.64511],
          [-123.4597, 37.66689],
          [-123.44887, 37.68009],
          [-123.43805, 37.6933],
          [-123.44391, 37.71507],
          [-123.44977, 37.73684],
          [-123.45563, 37.7586],
          [-123.4448, 37.7718],
          [-123.43396, 37.785],
          [-123.43982, 37.80677],
          [-123.42898, 37.81996],
          [-123.41814, 37.83316],
          [-123.424, 37.85492],
          [-123.42986, 37.87667],
          [-123.41902, 37.88987],
          [-123.40816, 37.90306],
          [-123.41403, 37.92481],
          [-123.41989, 37.94656],
          [-123.40904, 37.95975],
          [-123.39818, 37.97294],
          [-123.40404, 37.99468],
          [-123.40991, 38.01643],
          [-123.39904, 38.02961],
          [-123.38818, 38.04279],
          [-123.39404, 38.06453],
          [-123.39991, 38.08627],
          [-123.38904, 38.09945],
          [-123.37816, 38.11263],
          [-123.38403, 38.13436],
          [-123.3899, 38.15609],
          [-123.39578, 38.17782],
          [-123.38489, 38.191],
          [-123.37401, 38.20417],
          [-123.37988, 38.22589],
          [-123.38576, 38.24762],
          [-123.37486, 38.26079],
          [-123.36397, 38.27395],
          [-123.36985, 38.29567],
          [-123.37572, 38.31739],
          [-123.36482, 38.33056],
          [-123.35392, 38.34372],
          [-123.3598, 38.36543],
          [-123.36568, 38.38714],
          [-123.35477, 38.4003],
          [-123.34385, 38.41346],
          [-123.34973, 38.43517],
          [-123.35562, 38.45687],
          [-123.3447, 38.47003],
          [-123.33378, 38.48318],
          [-123.33966, 38.50488],
          [-123.34554, 38.52658],
          [-123.33462, 38.53973],
          [-123.32369, 38.55288],
          [-123.32957, 38.57457],
          [-123.33545, 38.59626],
          [-123.32452, 38.60941],
          [-123.31358, 38.62255],
          [-123.31947, 38.64424],
          [-123.32535, 38.66592],
          [-123.33124, 38.68761],
          [-123.3203, 38.70075],
          [-123.30935, 38.71388],
          [-123.31524, 38.73556],
          [-123.32113, 38.75724],
          [-123.31018, 38.77037],
          [-123.29922, 38.78351],
          [-123.30511, 38.80518],
          [-123.31101, 38.82685],
          [-123.30005, 38.83998],
          [-123.28908, 38.85311],
          [-123.29497, 38.87477],
          [-123.30087, 38.89644],
          [-123.30677, 38.9181],
          [-123.29579, 38.93122],
          [-123.28482, 38.94435],
          [-123.29072, 38.966],
          [-123.29662, 38.98766],
          [-123.30252, 39.00931],
          [-123.29154, 39.02243],
          [-123.28055, 39.03554],
          [-123.28645, 39.05719],
          [-123.29236, 39.07884],
          [-123.29826, 39.10048],
          [-123.28727, 39.11359],
          [-123.27628, 39.1267],
          [-123.28218, 39.14834],
          [-123.28809, 39.16998],
          [-123.27709, 39.18309],
          [-123.26608, 39.19619],
          [-123.27199, 39.21782],
          [-123.2779, 39.23945],
          [-123.28381, 39.26108],
          [-123.28973, 39.28271],
          [-123.27872, 39.29581],
          [-123.2677, 39.30891],
          [-123.27361, 39.33053],
          [-123.27953, 39.35214],
          [-123.28545, 39.37376],
          [-123.27443, 39.38685],
          [-123.2634, 39.39995],
          [-123.26932, 39.42156],
          [-123.27524, 39.44317],
          [-123.28116, 39.46477],
          [-123.27013, 39.47786],
          [-123.2591, 39.49095],
          [-123.26502, 39.51255],
          [-123.27094, 39.53415],
          [-123.27687, 39.55575],
          [-123.2828, 39.57734],
          [-123.28873, 39.59893],
          [-123.29467, 39.62052],
          [-123.28362, 39.6336],
          [-123.27257, 39.64668],
          [-123.2785, 39.66827],
          [-123.28444, 39.68985],
          [-123.29038, 39.71143],
          [-123.27932, 39.7245],
          [-123.26826, 39.73758],
          [-123.2742, 39.75915],
          [-123.28014, 39.78072],
          [-123.26908, 39.79379],
          [-123.25801, 39.80686],
          [-123.26395, 39.82843],
          [-123.25287, 39.84149],
          [-123.2418, 39.85456],
          [-123.24774, 39.87612],
          [-123.25368, 39.89768],
          [-123.25962, 39.91924],
          [-123.24854, 39.9323],
          [-123.23746, 39.94535],
          [-123.2434, 39.96691],
          [-123.24935, 39.98846],
          [-123.23825, 40.00151],
          [-123.22716, 40.01457],
          [-123.2331, 40.03611],
          [-123.23905, 40.05766],
          [-123.245, 40.0792],
          [-123.2339, 40.09225],
          [-123.2228, 40.10529],
          [-123.22875, 40.12683],
          [-123.2347, 40.14836],
          [-123.22359, 40.16141],
          [-123.21247, 40.17445],
          [-123.21843, 40.19598],
          [-123.20731, 40.20901],
          [-123.19619, 40.22205],
          [-123.20214, 40.24357],
          [-123.19101, 40.25661],
          [-123.17989, 40.26964],
          [-123.16876, 40.28267],
          [-123.15762, 40.2957],
          [-123.16357, 40.31722],
          [-123.15243, 40.33024],
          [-123.14129, 40.34327],
          [-123.13015, 40.35629],
          [-123.119, 40.36931],
          [-123.10785, 40.38233],
          [-123.0967, 40.39535],
          [-123.10264, 40.41686],
          [-123.09149, 40.42987],
          [-123.08033, 40.44289],
          [-123.06916, 40.4559],
          [-123.058, 40.46891],
          [-123.04683, 40.48192],
          [-123.03566, 40.49493],
          [-123.02449, 40.50793],
          [-123.01331, 40.52094],
          [-123.00213, 40.53394],
          [-122.99095, 40.54694],
          [-122.99688, 40.56844],
          [-122.98569, 40.58143],
          [-122.97451, 40.59443],
          [-122.96331, 40.60743],
          [-122.95212, 40.62042],
          [-122.95804, 40.64191],
          [-122.94684, 40.6549],
          [-122.93564, 40.66789],
          [-122.92444, 40.68088],
          [-122.91323, 40.69386],
          [-122.90202, 40.70685],
          [-122.89081, 40.71983],
          [-122.87959, 40.73281],
          [-122.86837, 40.74579],
          [-122.85715, 40.75877],
          [-122.84593, 40.77175],
          [-122.85184, 40.79322],
          [-122.84061, 40.8062],
          [-122.82938, 40.81917],
          [-122.83529, 40.84064],
          [-122.82405, 40.85361],
          [-122.81281, 40.86658],
          [-122.81872, 40.88804],
          [-122.82463, 40.90951],
          [-122.81338, 40.92247],
          [-122.80214, 40.93543],
          [-122.80805, 40.95689],
          [-122.81396, 40.97835],
          [-122.81987, 40.9998],
          [-122.82579, 41.02125],
          [-122.83171, 41.0427],
          [-122.83763, 41.06414],
          [-122.84356, 41.08559],
          [-122.84948, 41.10703],
          [-122.85541, 41.12846],
          [-122.86135, 41.1499],
          [-122.86728, 41.17133],
          [-122.88448, 41.17981],
          [-122.90169, 41.18829],
          [-122.90764, 41.20971],
          [-122.91358, 41.23114],
          [-122.91953, 41.25256],
          [-122.93676, 41.26103],
          [-122.95398, 41.2695],
          [-122.95994, 41.29091],
          [-122.97717, 41.29938],
          [-122.99441, 41.30784],
          [-123.00038, 41.32925],
          [-123.01762, 41.33771],
          [-123.03487, 41.34617],
          [-123.05211, 41.35462],
          [-123.06937, 41.36308],
          [-123.08662, 41.37153],
          [-123.10387, 41.37998],
          [-123.12113, 41.38843],
          [-123.1384, 41.39687],
          [-123.15566, 41.40532],
          [-123.17293, 41.41376],
          [-123.17894, 41.43515],
          [-123.19622, 41.44359],
          [-123.2135, 41.45202],
          [-123.23078, 41.46046],
          [-123.24806, 41.46889],
          [-123.26535, 41.47732],
          [-123.28263, 41.48575],
          [-123.28868, 41.50712],
          [-123.29472, 41.5285],
          [-123.31202, 41.53692],
          [-123.32933, 41.54534],
          [-123.33538, 41.56671],
          [-123.34144, 41.58808],
          [-123.3475, 41.60944],
          [-123.36482, 41.61785],
          [-123.38214, 41.62627],
          [-123.38821, 41.64762],
          [-123.39429, 41.66898],
          [-123.40037, 41.69033],
          [-123.4177, 41.69874],
          [-123.43504, 41.70714],
          [-123.45238, 41.71554],
          [-123.46973, 41.72394],
          [-123.48708, 41.73233],
          [-123.50443, 41.74073],
          [-123.52178, 41.74912],
          [-123.55038, 41.74456],
          [-123.56774, 41.75295],
          [-123.5851, 41.76134],
          [-123.61371, 41.75677],
          [-123.64231, 41.75219],
          [-123.6709, 41.74762],
          [-123.6995, 41.74303],
          [-123.72809, 41.73845],
          [-123.74546, 41.74682],
          [-123.76283, 41.75519],
          [-123.79143, 41.75059],
          [-123.80881, 41.75895],
          [-123.82619, 41.76732],
          [-123.84357, 41.77568],
          [-123.86096, 41.78403],
          [-123.87835, 41.79239],
          [-123.88454, 41.81371],
          [-123.90194, 41.82206],
          [-123.91934, 41.83041],
          [-123.93674, 41.83876],
          [-123.95415, 41.84711],
          [-123.96035, 41.86842],
          [-123.96656, 41.88973],
          [-123.98398, 41.89807],
          [-124.0014, 41.90641],
          [-124.00762, 41.92771],
          [-124.02505, 41.93605],
          [-124.04248, 41.94438],
          [-124.04871, 41.96568],
          [-124.06615, 41.97401],
          [-124.08359, 41.98234],
          [-124.08983, 42.00363],
          [-124.10728, 42.01195],
          [-124.12473, 42.02027],
          [-124.13098, 42.04156],
          [-124.14844, 42.04987],
          [-124.1659, 42.05819],
          [-124.17216, 42.07947],
          [-124.17843, 42.10074],
          [-124.1959, 42.10906],
          [-124.21338, 42.11736],
          [-124.21966, 42.13863],
          [-124.23714, 42.14694],
          [-124.25462, 42.15524],
          [-124.26091, 42.1765],
          [-124.2784, 42.1848],
          [-124.2959, 42.1931],
          [-124.31339, 42.2014],
          [-124.3309, 42.20969],
          [-124.3372, 42.23094],
          [-124.34351, 42.25219],
          [-124.34983, 42.27344],
          [-124.35615, 42.29469],
          [-124.36246, 42.31593],
          [-124.37999, 42.32421],
          [-124.39752, 42.33249],
          [-124.40385, 42.35373],
          [-124.41018, 42.37496],
          [-124.41652, 42.39619],
          [-124.42285, 42.41742],
          [-124.42919, 42.43864],
          [-124.43554, 42.45987],
          [-124.42433, 42.47282],
          [-124.41311, 42.48576],
          [-124.41946, 42.50698],
          [-124.4258, 42.52819],
          [-124.43215, 42.5494],
          [-124.4385, 42.57061],
          [-124.44486, 42.59182],
          [-124.43363, 42.60476],
          [-124.42241, 42.61769],
          [-124.42876, 42.63889],
          [-124.43512, 42.66009],
          [-124.44148, 42.68128],
          [-124.43024, 42.69422],
          [-124.419, 42.70715],
          [-124.42536, 42.72834],
          [-124.43172, 42.74952],
          [-124.42048, 42.76245],
          [-124.40923, 42.77537],
          [-124.41559, 42.79655],
          [-124.42196, 42.81773],
          [-124.41071, 42.83065],
          [-124.39945, 42.84357],
          [-124.40581, 42.86474],
          [-124.41218, 42.88591],
          [-124.40092, 42.89882],
          [-124.38965, 42.91174],
          [-124.39602, 42.9329],
          [-124.40239, 42.95406],
          [-124.39112, 42.96697],
          [-124.37984, 42.97987],
          [-124.38621, 43.00103],
          [-124.37493, 43.01393],
          [-124.36365, 43.02683],
          [-124.37002, 43.04798],
          [-124.37639, 43.06913],
          [-124.3651, 43.08203],
          [-124.35381, 43.09492],
          [-124.36018, 43.11606],
          [-124.34889, 43.12896],
          [-124.33759, 43.14185],
          [-124.32629, 43.15474],
          [-124.31498, 43.16763],
          [-124.32135, 43.18876],
          [-124.31004, 43.20164],
          [-124.29873, 43.21453],
          [-124.28742, 43.22741],
          [-124.2761, 43.24029],
          [-124.28246, 43.26141],
          [-124.27114, 43.27429],
          [-124.25982, 43.28716],
          [-124.24849, 43.30004],
          [-124.23716, 43.31291],
          [-124.24352, 43.33402],
          [-124.23218, 43.34689],
          [-124.22085, 43.35976],
          [-124.2095, 43.37262],
          [-124.19816, 43.38549],
          [-124.18681, 43.39835],
          [-124.17546, 43.41121],
          [-124.16411, 43.42407],
          [-124.15276, 43.43692],
          [-124.15911, 43.45802],
          [-124.14774, 43.47088],
          [-124.13638, 43.48373],
          [-124.12502, 43.49658],
          [-124.11365, 43.50943],
          [-124.10227, 43.52227],
          [-124.0909, 43.53512],
          [-124.09724, 43.55621],
          [-124.08586, 43.56905],
          [-124.07448, 43.58189],
          [-124.06309, 43.59473],
          [-124.05171, 43.60756],
          [-124.05804, 43.62865],
          [-124.04665, 43.64148],
          [-124.03525, 43.65431],
          [-124.04159, 43.67539],
          [-124.03019, 43.68821],
          [-124.01879, 43.70104],
          [-124.00738, 43.71387],
          [-123.99597, 43.72669],
          [-124.0023, 43.74776],
          [-123.99089, 43.76058],
          [-123.97947, 43.77339],
          [-123.98581, 43.79446],
          [-123.97438, 43.80727],
          [-123.96296, 43.82008],
          [-123.95153, 43.8329],
          [-123.9401, 43.84571],
          [-123.94643, 43.86676],
          [-123.93499, 43.87956],
          [-123.92356, 43.89237],
          [-123.91211, 43.90517],
          [-123.90067, 43.91797],
          [-123.88922, 43.93077],
          [-123.87777, 43.94357],
          [-123.86632, 43.95637],
          [-123.85486, 43.96916],
          [-123.8434, 43.98195],
          [-123.83194, 43.99474],
          [-123.83826, 44.01578],
          [-123.82679, 44.02857],
          [-123.81532, 44.04135],
          [-123.80385, 44.05414],
          [-123.79237, 44.06692],
          [-123.78089, 44.0797],
          [-123.76941, 44.09248],
          [-123.75792, 44.10526],
          [-123.72864, 44.10978],
          [-123.71715, 44.12255],
          [-123.70565, 44.13532],
          [-123.69416, 44.14809],
          [-123.68265, 44.16086],
          [-123.65335, 44.16537],
          [-123.64184, 44.17814],
          [-123.63033, 44.1909],
          [-123.61882, 44.20366],
          [-123.6073, 44.21642],
          [-123.57798, 44.22092],
          [-123.56645, 44.23367],
          [-123.55492, 44.24642],
          [-123.54339, 44.25917],
          [-123.53186, 44.27192],
          [-123.50252, 44.27641],
          [-123.49098, 44.28915],
          [-123.47943, 44.3019],
          [-123.46788, 44.31464],
          [-123.45633, 44.32738],
          [-123.42697, 44.33185],
          [-123.41541, 44.34458],
          [-123.40385, 44.35732],
          [-123.39228, 44.37005],
          [-123.38072, 44.38278],
          [-123.35134, 44.38724],
          [-123.33976, 44.39996],
          [-123.32818, 44.41269],
          [-123.29879, 44.41714],
          [-123.2872, 44.42986],
          [-123.27562, 44.44258],
          [-123.24621, 44.44702],
          [-123.23461, 44.45973],
          [-123.22302, 44.47245],
          [-123.1936, 44.47688],
          [-123.18199, 44.48959],
          [-123.17248, 44.5]
        ]
      }
    },
    {
      "type": "Feature",
      "id": "2026082106_f084_11000_001",
      "properties": {
        "product_id": "winter_storm_levels",
        "source_id": "nbm_snow_level",
        "parameter": "snow_level",
        "definition": "height of the wet-bulb 0.5 degree C surface",
        "level_ft_msl": 11000,
        "label": "11,000 ft MSL",
        "unit": "ft_msl",
        "cycle_time_utc": "2026-08-21T06:00:00Z",
        "valid_time_utc": "2026-08-24T18:00:00Z",
        "lead_hours": 84,
        "segment": 1,
        "length_m": 1852546.9
      },
      "geometry": {
        "type": "LineString",
        "coordinates": [
          [-127.44335, 30.12617],
          [-127.43405, 30.13939],
          [-127.42632, 30.15039],
          [-127.41473, 30.16688],
          [-127.407, 30.17788],
          [-127.39539, 30.19436],
          [-127.38766, 30.20536],
          [-127.37605, 30.22184],
          [-127.36831, 30.23283],
          [-127.3567, 30.24932],
          [-127.34896, 30.26031],
          [-127.33734, 30.27679],
          [-127.32959, 30.28778],
          [-127.31797, 30.30426],
          [-127.31022, 30.31525],
          [-127.29859, 30.33173],
          [-127.29083, 30.34271],
          [-127.2792, 30.35919],
          [-127.27144, 30.37017],
          [-127.2598, 30.38664],
          [-127.25204, 30.39763],
          [-127.24039, 30.4141],
          [-127.23263, 30.42508],
          [-127.22098, 30.44155],
          [-127.21321, 30.45253],
          [-127.20155, 30.46899],
          [-127.19378, 30.47997],
          [-127.18212, 30.49644],
          [-127.17434, 30.50741],
          [-127.16268, 30.52388],
          [-127.1549, 30.53485],
          [-127.14322, 30.55131],
          [-127.13544, 30.56228],
          [-127.10978, 30.56762],
          [-127.0981, 30.58408],
          [-127.09031, 30.59505],
          [-127.07862, 30.6115],
          [-127.07083, 30.62247],
          [-127.05913, 30.63892],
          [-127.05134, 30.64989],
          [-127.03964, 30.66634],
          [-127.03184, 30.67731],
          [-127.02013, 30.69375],
          [-127.01233, 30.70472],
          [-127.00062, 30.72116],
          [-126.99281, 30.73213],
          [-126.98109, 30.74857],
          [-126.97328, 30.75953],
          [-126.96156, 30.77597],
          [-126.95375, 30.78693],
          [-126.94202, 30.80337],
          [-126.9342, 30.81433],
          [-126.92247, 30.83076],
          [-126.91465, 30.84172],
          [-126.90291, 30.85815],
          [-126.89508, 30.86911],
          [-126.88334, 30.88554],
          [-126.87551, 30.89649],
          [-126.86376, 30.91292],
          [-126.85593, 30.92388],
          [-126.83017, 30.92916],
          [-126.81842, 30.94559],
          [-126.81058, 30.95654],
          [-126.79881, 30.97296],
          [-126.79097, 30.98391],
          [-126.7792, 31.00033],
          [-126.77135, 31.01127],
          [-126.75958, 31.02769],
          [-126.75172, 31.03864],
          [-126.73994, 31.05505],
          [-126.73209, 31.066],
          [-126.7063, 31.07126],
          [-126.69451, 31.08767],
          [-126.68665, 31.09861],
          [-126.67485, 31.11502],
          [-126.66699, 31.12596],
          [-126.65519, 31.14237],
          [-126.64732, 31.1533],
          [-126.63551, 31.16971],
          [-126.62764, 31.18064],
          [-126.60182, 31.18589],
          [-126.59, 31.20229],
          [-126.58212, 31.21322],
          [-126.5703, 31.22962],
          [-126.56242, 31.24055],
          [-126.55059, 31.25695],
          [-126.5427, 31.26788],
          [-126.53087, 31.28427],
          [-126.52298, 31.2952],
          [-126.51114, 31.31159],
          [-126.50324, 31.32251],
          [-126.4914, 31.3389],
          [-126.4835, 31.34983],
          [-126.45764, 31.35505],
          [-126.44578, 31.37143],
          [-126.43788, 31.38235],
          [-126.42602, 31.39874],
          [-126.41811, 31.40966],
          [-126.40625, 31.42603],
          [-126.39833, 31.43695],
          [-126.38646, 31.45333],
          [-126.37855, 31.46425],
          [-126.36667, 31.48062],
          [-126.35875, 31.49154],
          [-126.34687, 31.50791],
          [-126.33895, 31.51882],
          [-126.32706, 31.53519],
          [-126.31913, 31.5461],
          [-126.30724, 31.56247],
          [-126.29931, 31.57338],
          [-126.27338, 31.57857],
          [-126.26148, 31.59493],
          [-126.25354, 31.60584],
          [-126.24164, 31.6222],
          [-126.23369, 31.63311],
          [-126.22178, 31.64946],
          [-126.21384, 31.66037],
          [-126.18789, 31.66554],
          [-126.17597, 31.6819],
          [-126.16801, 31.6928],
          [-126.15608, 31.70915],
          [-126.14813, 31.72005],
          [-126.13619, 31.7364],
          [-126.12823, 31.74729],
          [-126.10227, 31.75245],
          [-126.09032, 31.7688],
          [-126.08235, 31.77969],
          [-126.0704, 31.79603],
          [-126.06243, 31.80693],
          [-126.05048, 31.82327],
          [-126.0425, 31.83416],
          [-126.01651, 31.8393],
          [-126.00455, 31.85564],
          [-125.99657, 31.86652],
          [-125.98459, 31.88286],
          [-125.97661, 31.89374],
          [-125.96463, 31.91007],
          [-125.95665, 31.92096],
          [-125.93063, 31.92609],
          [-125.91864, 31.94241],
          [-125.91065, 31.9533],
          [-125.89865, 31.96962],
          [-125.89066, 31.9805],
          [-125.87866, 31.99682],
          [-125.87066, 32.0077],
          [-125.85865, 32.02401],
          [-125.85065, 32.03489],
          [-125.8246, 32.04],
          [-125.81258, 32.05632],
          [-125.80457, 32.06719],
          [-125.79255, 32.0835],
          [-125.78454, 32.09437],
          [-125.77251, 32.11068],
          [-125.76449, 32.12155],
          [-125.73842, 32.12665],
          [-125.72639, 32.14295],
          [-125.71836, 32.15382],
          [-125.70632, 32.17012],
          [-125.69829, 32.18098],
          [-125.68624, 32.19728],
          [-125.67821, 32.20815],
          [-125.66615, 32.22444],
          [-125.65812, 32.23531],
          [-125.64606, 32.2516],
          [-125.63802, 32.26246],
          [-125.61191, 32.26753],
          [-125.59984, 32.28382],
          [-125.59179, 32.29468],
          [-125.57972, 32.31097],
          [-125.57167, 32.32182],
          [-125.55959, 32.33811],
          [-125.55153, 32.34896],
          [-125.5254, 32.35402],
          [-125.51331, 32.3703],
          [-125.50525, 32.38115],
          [-125.49315, 32.39742],
          [-125.48509, 32.40827],
          [-125.47298, 32.42455],
          [-125.46491, 32.4354],
          [-125.45281, 32.45167],
          [-125.44473, 32.46251],
          [-125.43262, 32.47878],
          [-125.42454, 32.48963],
          [-125.39837, 32.49466],
          [-125.38625, 32.51093],
          [-125.37817, 32.52177],
          [-125.36604, 32.53803],
          [-125.35795, 32.54887],
          [-125.34582, 32.56513],
          [-125.33772, 32.57597],
          [-125.32558, 32.59222],
          [-125.31749, 32.60306],
          [-125.29129, 32.60807],
          [-125.27914, 32.62433],
          [-125.27104, 32.63516],
          [-125.25888, 32.65141],
          [-125.25077, 32.66224],
          [-125.23861, 32.67849],
          [-125.2305, 32.68931],
          [-125.21833, 32.70556],
          [-125.21022, 32.71639],
          [-125.19805, 32.73263],
          [-125.18993, 32.74345],
          [-125.17775, 32.75969],
          [-125.16963, 32.77052],
          [-125.15744, 32.78675],
          [-125.14932, 32.79757],
          [-125.13713, 32.81381],
          [-125.129, 32.82463],
          [-125.1168, 32.84086],
          [-125.10867, 32.85168],
          [-125.0824, 32.85666],
          [-125.0702, 32.87288],
          [-125.06206, 32.8837],
          [-125.04984, 32.89992],
          [-125.0417, 32.91074],
          [-125.02948, 32.92696],
          [-125.02134, 32.93777],
          [-125.00911, 32.95399],
          [-125.00096, 32.9648],
          [-124.97466, 32.96976],
          [-124.96243, 32.98597],
          [-124.95427, 32.99678],
          [-124.94203, 33.01299],
          [-124.93387, 33.02379],
          [-124.92162, 33.04],
          [-124.91346, 33.05081],
          [-124.88714, 33.05575],
          [-124.87488, 33.07195],
          [-124.86671, 33.08276],
          [-124.85445, 33.09896],
          [-124.84627, 33.10975],
          [-124.834, 33.12595],
          [-124.82582, 33.13675],
          [-124.81355, 33.15294],
          [-124.80536, 33.16374],
          [-124.77901, 33.16867],
          [-124.76673, 33.18486],
          [-124.75854, 33.19565],
          [-124.74625, 33.21183],
          [-124.73805, 33.22262],
          [-124.72576, 33.23881],
          [-124.71756, 33.2496],
          [-124.70526, 33.26578],
          [-124.69706, 33.27657],
          [-124.67067, 33.28147],
          [-124.65836, 33.29765],
          [-124.65015, 33.30843],
          [-124.63783, 33.32461],
          [-124.62962, 33.33539],
          [-124.6173, 33.35156],
          [-124.60908, 33.36234],
          [-124.59675, 33.37851],
          [-124.58853, 33.38929],
          [-124.5762, 33.40545],
          [-124.56797, 33.41623],
          [-124.54155, 33.42111],
          [-124.52921, 33.43727],
          [-124.52097, 33.44805],
          [-124.50862, 33.46421],
          [-124.50039, 33.47498],
          [-124.48803, 33.49113],
          [-124.47979, 33.5019],
          [-124.46743, 33.51805],
          [-124.45918, 33.52882],
          [-124.44682, 33.54497],
          [-124.43857, 33.55574],
          [-124.42619, 33.57188],
          [-124.41794, 33.58265],
          [-124.39148, 33.58751],
          [-124.37909, 33.60365],
          [-124.37083, 33.61441],
          [-124.35844, 33.63055],
          [-124.35018, 33.64131],
          [-124.33779, 33.65744],
          [-124.32952, 33.6682],
          [-124.31712, 33.68433],
          [-124.30885, 33.69509],
          [-124.28235, 33.69993],
          [-124.26994, 33.71606],
          [-124.26166, 33.72681],
          [-124.24924, 33.74293],
          [-124.24096, 33.75368],
          [-124.22854, 33.76981],
          [-124.22025, 33.78055],
          [-124.20782, 33.79668],
          [-124.19953, 33.80742],
          [-124.1871, 33.82354],
          [-124.1788, 33.83428],
          [-124.16636, 33.8504],
          [-124.15806, 33.86114],
          [-124.13152, 33.86595],
          [-124.11907, 33.88206],
          [-124.11077, 33.8928],
          [-124.09831, 33.90891],
          [-124.09, 33.91965],
          [-124.07754, 33.93575],
          [-124.06922, 33.94648],
          [-124.05675, 33.96259],
          [-124.04844, 33.97332],
          [-124.03596, 33.98942],
          [-124.02764, 34.00015],
          [-124.01516, 34.01624],
          [-124.00684, 34.02697],
          [-123.99435, 34.04307],
          [-123.98602, 34.05379],
          [-123.97353, 34.06988],
          [-123.9652, 34.08061],
          [-123.9527, 34.0967],
          [-123.94436, 34.10742],
          [-123.91775, 34.1122],
          [-123.90524, 34.12828],
          [-123.8969, 34.139],
          [-123.88438, 34.15508],
          [-123.87604, 34.1658],
          [-123.86351, 34.18187],
          [-123.85516, 34.19259],
          [-123.84264, 34.20866],
          [-123.83428, 34.21938],
          [-123.82175, 34.23545],
          [-123.81339, 34.24616],
          [-123.80085, 34.26223],
          [-123.79249, 34.27294],
          [-123.77994, 34.289],
          [-123.77157, 34.29971],
          [-123.75902, 34.31577],
          [-123.75065, 34.32648],
          [-123.73809, 34.34254],
          [-123.72972, 34.35325],
          [-123.71716, 34.3693],
          [-123.70878, 34.38001],
          [-123.69621, 34.39606],
          [-123.68782, 34.40676],
          [-123.67525, 34.42281],
          [-123.66686, 34.43351],
          [-123.65428, 34.44956],
          [-123.64589, 34.46025],
          [-123.6333, 34.4763],
          [-123.62491, 34.48699],
          [-123.61231, 34.50304],
          [-123.60391, 34.51373],
          [-123.59131, 34.52977],
          [-123.58291, 34.54046],
          [-123.57031, 34.5565],
          [-123.5619, 34.56719],
          [-123.54929, 34.58322],
          [-123.54088, 34.59391],
          [-123.52826, 34.60994],
          [-123.51984, 34.62062],
          [-123.50722, 34.63665],
          [-123.4988, 34.64733],
          [-123.48617, 34.66336],
          [-123.47775, 34.67404],
          [-123.46511, 34.69006],
          [-123.45668, 34.70074],
          [-123.44404, 34.71676],
          [-123.43561, 34.72744],
          [-123.42296, 34.74345],
          [-123.41453, 34.75413],
          [-123.40187, 34.77014],
          [-123.40757, 34.79215],
          [-123.39913, 34.80282],
          [-123.38647, 34.81883],
          [-123.37802, 34.8295],
          [-123.36536, 34.84551],
          [-123.35691, 34.85618],
          [-123.34423, 34.87218],
          [-123.33578, 34.88285],
          [-123.3231, 34.89885],
          [-123.31465, 34.90951],
          [-123.30196, 34.92551],
          [-123.2935, 34.93617],
          [-123.28081, 34.95217],
          [-123.27234, 34.96283],
          [-123.25964, 34.97882],
          [-123.25117, 34.98948],
          [-123.23847, 35.00546],
          [-123.24415, 35.02746],
          [-123.23567, 35.03812],
          [-123.22296, 35.0541],
          [-123.21448, 35.06476],
          [-123.20176, 35.08074],
          [-123.19328, 35.09139],
          [-123.18056, 35.10737],
          [-123.17207, 35.11802],
          [-123.15934, 35.134],
          [-123.16501, 35.15598],
          [-123.15652, 35.16663],
          [-123.14378, 35.1826],
          [-123.13528, 35.19325],
          [-123.12254, 35.20922],
          [-123.11404, 35.21986],
          [-123.10129, 35.23583],
          [-123.09279, 35.24647],
          [-123.08003, 35.26243],
          [-123.07152, 35.27307],
          [-123.05876, 35.28903],
          [-123.06441, 35.31101],
          [-123.0559, 35.32165],
          [-123.04313, 35.33761],
          [-123.03461, 35.34824],
          [-123.02184, 35.3642],
          [-123.01332, 35.37483],
          [-123.00053, 35.39078],
          [-123.00618, 35.41276],
          [-122.99765, 35.42339],
          [-122.98486, 35.43933],
          [-122.97633, 35.44996],
          [-122.96354, 35.4659],
          [-122.96918, 35.48788],
          [-122.96065, 35.4985],
          [-122.94784, 35.51444],
          [-122.9393, 35.52507],
          [-122.92649, 35.541],
          [-122.93213, 35.56297],
          [-122.92359, 35.57359],
          [-122.91077, 35.58952],
          [-122.91641, 35.61149],
          [-122.90786, 35.62211],
          [-122.89503, 35.63803],
          [-122.88648, 35.64865],
          [-122.87364, 35.66458],
          [-122.87928, 35.68653],
          [-122.87072, 35.69715],
          [-122.85788, 35.71307],
          [-122.86352, 35.73503],
          [-122.85495, 35.74564],
          [-122.8421, 35.76156],
          [-122.84233, 35.78442],
          [-122.83917, 35.79412],
          [-122.82631, 35.81003],
          [-122.82654, 35.8329],
          [-122.82338, 35.84259],
          [-122.81051, 35.8585],
          [-122.81073, 35.88136],
          [-122.80756, 35.89105],
          [-122.79469, 35.90695],
          [-122.78611, 35.91756],
          [-122.78136, 35.93209],
          [-122.77886, 35.9554],
          [-122.77027, 35.966],
          [-122.75738, 35.9819],
          [-122.76301, 36.00384],
          [-122.75442, 36.01444],
          [-122.74152, 36.03033],
          [-122.74715, 36.05227],
          [-122.73855, 36.06286],
          [-122.72565, 36.07875],
          [-122.73128, 36.10068],
          [-122.72267, 36.11127],
          [-122.70976, 36.12716],
          [-122.71539, 36.14909],
          [-122.72102, 36.17102],
          [-122.71241, 36.18161],
          [-122.69949, 36.19749],
          [-122.70512, 36.21941],
          [-122.6965, 36.23],
          [-122.68357, 36.24587],
          [-122.6892, 36.26779],
          [-122.68058, 36.27838],
          [-122.66764, 36.29425],
          [-122.67327, 36.31617],
          [-122.66464, 36.32675],
          [-122.65169, 36.34262],
          [-122.65732, 36.36453],
          [-122.64869, 36.37511],
          [-122.63573, 36.39097],
          [-122.64136, 36.41289],
          [-122.63272, 36.42346],
          [-122.61976, 36.43932],
          [-122.62539, 36.46123],
          [-122.61674, 36.4718],
          [-122.60377, 36.48766],
          [-122.6094, 36.50956],
          [-122.60075, 36.52013],
          [-122.58777, 36.53598],
          [-122.5934, 36.55788],
          [-122.58474, 36.56845],
          [-122.57176, 36.5843],
          [-122.57738, 36.6062],
          [-122.58301, 36.62809],
          [-122.57435, 36.63866],
          [-122.56135, 36.6545],
          [-122.56698, 36.67639],
          [-122.55831, 36.68695],
          [-122.54531, 36.70279],
          [-122.55093, 36.72468],
          [-122.54226, 36.73524],
          [-122.52925, 36.75107],
          [-122.53487, 36.77296],
          [-122.5405, 36.79484],
          [-122.53182, 36.80539],
          [-122.5188, 36.82122],
          [-122.52442, 36.8431],
          [-122.51574, 36.85365],
          [-122.50271, 36.86948],
          [-122.50834, 36.89136],
          [-122.49965, 36.90191],
          [-122.48661, 36.91773],
          [-122.49223, 36.9396],
          [-122.49786, 36.96147],
          [-122.48916, 36.97201],
          [-122.47611, 36.98783],
          [-122.48174, 37.0097],
          [-122.47304, 37.02024],
          [-122.45998, 37.03605],
          [-122.46561, 37.05791],
          [-122.47124, 37.07977],
          [-122.46253, 37.09031],
          [-122.44946, 37.10612],
          [-122.45509, 37.12798],
          [-122.45523, 37.15073],
          [-122.452, 37.16037],
          [-122.44715, 37.17483],
          [-122.44455, 37.19802],
          [-122.45018, 37.21987],
          [-122.44146, 37.2304],
          [-122.42838, 37.2462],
          [-122.43401, 37.26805],
          [-122.43964, 37.28989],
          [-122.43091, 37.30042],
          [-122.42605, 37.31487],
          [-122.42344, 37.33805],
          [-122.42358, 37.36078],
          [-122.42034, 37.37041],
          [-122.40724, 37.3862],
          [-122.41287, 37.40803],
          [-122.41301, 37.43076],
          [-122.40976, 37.44039],
          [-122.39665, 37.45617],
          [-122.40228, 37.47799],
          [-122.39353, 37.48851],
          [-122.38866, 37.50295],
          [-122.38604, 37.52611],
          [-122.39168, 37.54794],
          [-122.39181, 37.57065],
          [-122.38856, 37.58027],
          [-122.38369, 37.5947],
          [-122.38106, 37.61786],
          [-122.38119, 37.64056],
          [-122.38684, 37.66237],
          [-122.38358, 37.67199],
          [-122.3787, 37.68642],
          [-122.37607, 37.70956],
          [-122.38172, 37.73137],
          [-122.38185, 37.75407],
          [-122.37859, 37.76368],
          [-122.37371, 37.7781],
          [-122.37108, 37.80124],
          [-122.37673, 37.82303],
          [-122.37686, 37.84572],
          [-122.3736, 37.85533],
          [-122.3687, 37.86974],
          [-122.36607, 37.89287],
          [-122.37172, 37.91466],
          [-122.37185, 37.93734],
          [-122.36859, 37.94695],
          [-122.36369, 37.96135],
          [-122.36106, 37.98447],
          [-122.36119, 38.00715],
          [-122.35792, 38.01675],
          [-122.35302, 38.03115],
          [-122.35038, 38.05426],
          [-122.3505, 38.07693],
          [-122.34723, 38.08653],
          [-122.34233, 38.10093],
          [-122.33969, 38.12403],
          [-122.33981, 38.14669],
          [-122.34547, 38.16846],
          [-122.3422, 38.17805],
          [-122.33728, 38.19245],
          [-122.33464, 38.21554],
          [-122.33476, 38.23819],
          [-122.34042, 38.25995],
          [-122.33715, 38.26954],
          [-122.33223, 38.28393],
          [-122.32958, 38.30702],
          [-122.3297, 38.32966],
          [-122.32642, 38.33925],
          [-122.3215, 38.35363],
          [-122.32717, 38.37537],
          [-122.32452, 38.39845],
          [-122.32464, 38.42108],
          [-122.32135, 38.43067],
          [-122.31643, 38.44504],
          [-122.31377, 38.46811],
          [-122.31389, 38.49074],
          [-122.31956, 38.51247],
          [-122.31628, 38.52205],
          [-122.31135, 38.53642],
          [-122.30869, 38.55948],
          [-122.3088, 38.5821],
          [-122.30551, 38.59168],
          [-122.30058, 38.60604],
          [-122.29791, 38.6291],
          [-122.29803, 38.6517],
          [-122.30371, 38.67342],
          [-122.30041, 38.683],
          [-122.29547, 38.69736],
          [-122.29281, 38.7204],
          [-122.29292, 38.743],
          [-122.28962, 38.75257],
          [-122.28468, 38.76692],
          [-122.28201, 38.78996],
          [-122.28769, 38.81167],
          [-122.2878, 38.83426],
          [-122.2845, 38.84382],
          [-122.27955, 38.85817],
          [-122.27688, 38.8812],
          [-122.27699, 38.90378],
          [-122.27369, 38.91334],
          [-122.26873, 38.92769],
          [-122.26605, 38.9507],
          [-122.26616, 38.97328],
          [-122.27185, 38.99497],
          [-122.26854, 39.00453],
          [-122.26359, 39.01886],
          [-122.2609, 39.04187],
          [-122.26101, 39.06444],
          [-122.2577, 39.07399],
          [-122.25274, 39.08833],
          [-122.25005, 39.11133],
          [-122.25015, 39.13389],
          [-122.25585, 39.15556],
          [-122.25254, 39.16511],
          [-122.24757, 39.17944],
          [-122.24488, 39.20243],
          [-122.24498, 39.22498],
          [-122.24167, 39.23452],
          [-122.23669, 39.24885],
          [-122.234, 39.27183],
          [-122.2341, 39.29437],
          [-122.23078, 39.30391],
          [-122.2174, 39.31955],
          [-122.2231, 39.34121],
          [-122.21418, 39.35163],
          [-122.2092, 39.36594],
          [-122.20649, 39.38891],
          [-122.20659, 39.41144],
          [-122.20327, 39.42098],
          [-122.19828, 39.43529],
          [-122.19557, 39.45825],
          [-122.19566, 39.48077],
          [-122.19234, 39.49031],
          [-122.18734, 39.50461],
          [-122.19304, 39.52625],
          [-122.18472, 39.55008],
          [-122.19042, 39.57171],
          [-122.18709, 39.58124],
          [-122.1821, 39.59554],
          [-122.17938, 39.61848],
          [-122.17947, 39.64099],
          [-122.17614, 39.65051],
          [-122.17113, 39.6648],
          [-122.16841, 39.68774],
          [-122.1685, 39.71024],
          [-122.17421, 39.73185],
          [-122.17087, 39.74138],
          [-122.16587, 39.75566],
          [-122.16314, 39.77859],
          [-122.16323, 39.80107],
          [-122.15989, 39.81059],
          [-122.15488, 39.82487],
          [-122.14652, 39.84867],
          [-122.15223, 39.87027],
          [-122.14889, 39.87978],
          [-122.14387, 39.89406],
          [-122.14114, 39.91697],
          [-122.14122, 39.93944],
          [-122.13787, 39.94895],
          [-122.13285, 39.96322],
          [-122.13011, 39.98612],
          [-122.13019, 40.00859],
          [-122.12684, 40.0181],
          [-122.12182, 40.03236],
          [-122.11908, 40.05525],
          [-122.11915, 40.07771],
          [-122.1158, 40.08721],
          [-122.11077, 40.10147],
          [-122.10802, 40.12436],
          [-122.1081, 40.14681],
          [-122.10474, 40.15631],
          [-122.0997, 40.17056],
          [-122.09131, 40.19431],
          [-122.08795, 40.20381],
          [-122.08291, 40.21806],
          [-122.08015, 40.24093],
          [-122.08022, 40.26337],
          [-122.07686, 40.27286],
          [-122.07181, 40.28711],
          [-122.06905, 40.30997],
          [-122.06912, 40.3324],
          [-122.06575, 40.34189],
          [-122.05222, 40.35744],
          [-122.05228, 40.37986],
          [-122.04891, 40.38935],
          [-122.04386, 40.40358],
          [-122.04109, 40.42643],
          [-122.04115, 40.44884],
          [-122.03778, 40.45833],
          [-122.03272, 40.47256],
          [-122.02994, 40.4954],
          [-122.02091, 40.50575],
          [-122.01584, 40.51998],
          [-122.01306, 40.54281],
          [-122.01312, 40.56521],
          [-122.00974, 40.57469],
          [-121.99616, 40.59021],
          [-121.99622, 40.61261],
          [-121.99283, 40.62208],
          [-121.97925, 40.6376],
          [-121.9793, 40.65999],
          [-121.97591, 40.66946],
          [-121.96232, 40.68498],
          [-121.95326, 40.69532],
          [-121.94818, 40.70953],
          [-121.94538, 40.73234],
          [-121.93631, 40.74267],
          [-121.93122, 40.75688],
          [-121.92842, 40.77969],
          [-121.92845, 40.80206],
          [-121.92506, 40.81152],
          [-121.91144, 40.82702],
          [-121.91148, 40.84938],
          [-121.90808, 40.85885],
          [-121.90298, 40.87304],
          [-121.89448, 40.8967],
          [-121.89108, 40.90616],
          [-121.88598, 40.92035],
          [-121.87747, 40.944],
          [-121.87407, 40.95346],
          [-121.86896, 40.96765],
          [-121.86044, 40.99129],
          [-121.85704, 41.00074],
          [-121.85192, 41.01493],
          [-121.8434, 41.03856],
          [-121.83999, 41.04802],
          [-121.82633, 41.06349],
          [-121.82634, 41.08582],
          [-121.82293, 41.09527],
          [-121.80926, 41.11074],
          [-121.80014, 41.12105],
          [-121.79502, 41.13522],
          [-121.78647, 41.15884],
          [-121.78305, 41.16828],
          [-121.77792, 41.18245],
          [-121.76937, 41.20606],
          [-121.76594, 41.2155],
          [-121.75225, 41.23095],
          [-121.75224, 41.25327],
          [-121.74882, 41.26271],
          [-121.73511, 41.27816],
          [-121.73511, 41.30047],
          [-121.73168, 41.3099],
          [-121.71797, 41.32534],
          [-121.70882, 41.33564],
          [-121.70367, 41.34979],
          [-121.7008, 41.37252],
          [-121.69165, 41.38281],
          [-121.67792, 41.39824],
          [-121.6779, 41.42053],
          [-121.67447, 41.42996],
          [-121.66073, 41.44539],
          [-121.6607, 41.46768],
          [-121.65726, 41.47711],
          [-121.64352, 41.49253],
          [-121.63435, 41.50281],
          [-121.62918, 41.51694],
          [-121.62629, 41.53965],
          [-121.61712, 41.54993],
          [-121.60335, 41.56534],
          [-121.60905, 41.58676],
          [-121.59987, 41.59703],
          [-121.58609, 41.61244],
          [-121.59179, 41.63385],
          [-121.5826, 41.64412],
          [-121.56882, 41.65952],
          [-121.56878, 41.68179],
          [-121.56532, 41.6912],
          [-121.55153, 41.70659],
          [-121.54233, 41.71686],
          [-121.52854, 41.73225],
          [-121.53422, 41.75365],
          [-121.52502, 41.76391],
          [-121.51122, 41.7793],
          [-121.50201, 41.78955],
          [-121.4882, 41.80493],
          [-121.49388, 41.82633],
          [-121.48467, 41.83658],
          [-121.47084, 41.85196],
          [-121.46163, 41.86221],
          [-121.4478, 41.87758],
          [-121.43857, 41.88783],
          [-121.42474, 41.90319],
          [-121.43041, 41.92458],
          [-121.42118, 41.93482],
          [-121.40734, 41.95019],
          [-121.39811, 41.96043],
          [-121.38425, 41.97579],
          [-121.37502, 41.98602],
          [-121.36979, 42.00011],
          [-121.36682, 42.02275],
          [-121.35758, 42.03299],
          [-121.34371, 42.04834],
          [-121.33446, 42.05857],
          [-121.32059, 42.07391],
          [-121.31133, 42.08414],
          [-121.29745, 42.09948],
          [-121.30311, 42.12085],
          [-121.29385, 42.13107],
          [-121.27996, 42.14641],
          [-121.27069, 42.15663],
          [-121.2568, 42.17196],
          [-121.24753, 42.18218],
          [-121.23362, 42.19751],
          [-121.22435, 42.20773],
          [-121.21043, 42.22305],
          [-121.21608, 42.2444],
          [-121.2068, 42.25462],
          [-121.19288, 42.26993],
          [-121.1836, 42.28014],
          [-121.16967, 42.29546],
          [-121.16038, 42.30567],
          [-121.14644, 42.32097],
          [-121.13715, 42.33118],
          [-121.1232, 42.34648],
          [-121.12884, 42.36783],
          [-121.11954, 42.37803],
          [-121.10559, 42.39333],
          [-121.09628, 42.40353],
          [-121.08232, 42.41882],
          [-121.07301, 42.42902],
          [-121.05905, 42.44431],
          [-121.04973, 42.4545],
          [-121.03576, 42.46979],
          [-121.04138, 42.49112],
          [-121.03206, 42.50131],
          [-121.01808, 42.51659],
          [-121.00875, 42.52677],
          [-120.99476, 42.54205],
          [-120.98543, 42.55224],
          [-120.97144, 42.56751],
          [-120.97705, 42.58883],
          [-120.96772, 42.59901],
          [-120.95371, 42.61428],
          [-120.94437, 42.62445],
          [-120.93035, 42.63972],
          [-120.93596, 42.66103],
          [-120.92662, 42.6712],
          [-120.91259, 42.68646],
          [-120.90324, 42.69663],
          [-120.88921, 42.71188],
          [-120.89482, 42.73318],
          [-120.88546, 42.74335],
          [-120.87142, 42.7586],
          [-120.86206, 42.76876],
          [-120.84801, 42.78401],
          [-120.83864, 42.79417],
          [-120.82459, 42.80941],
          [-120.81522, 42.81957],
          [-120.80116, 42.8348],
          [-120.79178, 42.84496],
          [-120.77771, 42.86019],
          [-120.76833, 42.87034],
          [-120.75425, 42.88557],
          [-120.74487, 42.89572],
          [-120.73079, 42.91095],
          [-120.72139, 42.92109],
          [-120.7073, 42.93631],
          [-120.69791, 42.94646],
          [-120.68381, 42.96167],
          [-120.67441, 42.97181],
          [-120.66031, 42.98703],
          [-120.6509, 42.99717],
          [-120.62181, 43.00124],
          [-120.6077, 43.01644],
          [-120.59828, 43.02658],
          [-120.58416, 43.04178],
          [-120.57474, 43.05191],
          [-120.54563, 43.05597],
          [-120.5315, 43.07116],
          [-120.52207, 43.08129],
          [-120.50793, 43.09647],
          [-120.4985, 43.1066],
          [-120.48434, 43.12178],
          [-120.47491, 43.13191],
          [-120.46075, 43.14709],
          [-120.45131, 43.15721],
          [-120.43714, 43.17238],
          [-120.4277, 43.1825],
          [-120.41353, 43.19767],
          [-120.41906, 43.21892],
          [-120.4096, 43.22904],
          [-120.39542, 43.2442],
          [-120.38596, 43.25431],
          [-120.37178, 43.26947],
          [-120.36231, 43.27958],
          [-120.34812, 43.29474],
          [-120.33865, 43.30484],
          [-120.32445, 43.32],
          [-120.31497, 43.3301],
          [-120.30076, 43.34525],
          [-120.30628, 43.36648],
          [-120.2968, 43.37658],
          [-120.28258, 43.39172],
          [-120.2731, 43.40182],
          [-120.25887, 43.41696],
          [-120.24938, 43.42705],
          [-120.23515, 43.44218],
          [-120.22565, 43.45227],
          [-120.21141, 43.4674],
          [-120.20191, 43.47749],
          [-120.18766, 43.49262],
          [-120.19316, 43.51383],
          [-120.18366, 43.52392],
          [-120.1694, 43.53904],
          [-120.15989, 43.54912],
          [-120.14563, 43.56423],
          [-120.15112, 43.58544],
          [-120.1416, 43.59552],
          [-120.12733, 43.61063],
          [-120.11781, 43.6207],
          [-120.10352, 43.63581],
          [-120.10901, 43.65701],
          [-120.09949, 43.66708],
          [-120.08519, 43.68218],
          [-120.09068, 43.70338],
          [-120.08115, 43.71344],
          [-120.06685, 43.72854],
          [-120.05731, 43.7386],
          [-120.043, 43.75369],
          [-120.04848, 43.77487],
          [-120.03894, 43.78493],
          [-120.02462, 43.80002],
          [-120.01507, 43.81007],
          [-120.00074, 43.82515],
          [-119.99119, 43.8352],
          [-119.97685, 43.85028],
          [-119.98233, 43.87146],
          [-119.97277, 43.8815],
          [-119.95842, 43.89657],
          [-119.94886, 43.90662],
          [-119.93451, 43.92168],
          [-119.92494, 43.93173],
          [-119.91058, 43.94679],
          [-119.91604, 43.96795],
          [-119.90647, 43.97799],
          [-119.8921, 43.99305],
          [-119.89756, 44.0142],
          [-119.88798, 44.02424],
          [-119.8736, 44.03929],
          [-119.86401, 44.04932],
          [-119.84963, 44.06436],
          [-119.84003, 44.07439],
          [-119.82564, 44.08943],
          [-119.83109, 44.11058],
          [-119.8215, 44.1206],
          [-119.80709, 44.13564],
          [-119.79749, 44.14566],
          [-119.78308, 44.16069],
          [-119.78853, 44.18183],
          [-119.77892, 44.19185],
          [-119.7645, 44.20687],
          [-119.75488, 44.21689],
          [-119.74045, 44.2319],
          [-119.7459, 44.25303],
          [-119.75134, 44.27416],
          [-119.74172, 44.28417],
          [-119.72728, 44.29918],
          [-119.73273, 44.3203],
          [-119.7231, 44.33031],
          [-119.70865, 44.34531],
          [-119.69901, 44.35532],
          [-119.68455, 44.37032],
          [-119.68999, 44.39143],
          [-119.68035, 44.40143],
          [-119.66589, 44.41642],
          [-119.67132, 44.43753],
          [-119.66168, 44.44752],
          [-119.6472, 44.46251],
          [-119.63755, 44.4725],
          [-119.62306, 44.48749],
          [-119.6134, 44.49748],
          [-119.61096, 44.5]
        ]
      }
    },
    {
      "type": "Feature",
      "id": "2026082106_f084_12000_001",
      "properties": {
        "product_id": "winter_storm_levels",
        "source_id": "nbm_snow_level",
        "parameter": "snow_level",
        "definition": "height of the wet-bulb 0.5 degree C surface",
        "level_ft_msl": 12000,
        "label": "12,000 ft MSL",
        "unit": "ft_msl",
        "cycle_time_utc": "2026-08-21T06:00:00Z",
        "valid_time_utc": "2026-08-24T18:00:00Z",
        "lead_hours": 84,
        "segment": 1,
        "length_m": 1978734.8
      },
      "geometry": {
        "type": "LineString",
        "coordinates": [
          [-125.22108, 30.20178],
          [-125.20929, 30.21795],
          [-125.20333, 30.22611],
          [-125.18943, 30.24515],
          [-125.18347, 30.25331],
          [-125.16956, 30.27235],
          [-125.1636, 30.28051],
          [-125.14969, 30.29955],
          [-125.14372, 30.30771],
          [-125.1298, 30.32674],
          [-125.12383, 30.3349],
          [-125.10991, 30.35393],
          [-125.11571, 30.37611],
          [-125.10974, 30.38427],
          [-125.09581, 30.4033],
          [-125.08983, 30.41145],
          [-125.07589, 30.43048],
          [-125.06992, 30.43864],
          [-125.05597, 30.45766],
          [-125.04999, 30.46581],
          [-125.03603, 30.48484],
          [-125.03005, 30.49299],
          [-125.01609, 30.51201],
          [-125.01011, 30.52016],
          [-124.99614, 30.53917],
          [-124.99015, 30.54732],
          [-124.97618, 30.56634],
          [-124.97019, 30.57449],
          [-124.95621, 30.5935],
          [-124.95021, 30.60164],
          [-124.93623, 30.62065],
          [-124.93023, 30.6288],
          [-124.91624, 30.6478],
          [-124.91024, 30.65595],
          [-124.89624, 30.67495],
          [-124.89024, 30.6831],
          [-124.87623, 30.7021],
          [-124.87022, 30.71024],
          [-124.85621, 30.72924],
          [-124.8502, 30.73738],
          [-124.83618, 30.75637],
          [-124.83017, 30.76451],
          [-124.81615, 30.78351],
          [-124.81014, 30.79165],
          [-124.7961, 30.81064],
          [-124.79009, 30.81877],
          [-124.77605, 30.83776],
          [-124.77003, 30.8459],
          [-124.75598, 30.86488],
          [-124.76175, 30.88705],
          [-124.75573, 30.89519],
          [-124.74167, 30.91417],
          [-124.73565, 30.92231],
          [-124.72159, 30.94128],
          [-124.71556, 30.94942],
          [-124.70149, 30.96839],
          [-124.69546, 30.97652],
          [-124.68139, 30.9955],
          [-124.67535, 31.00363],
          [-124.66127, 31.0226],
          [-124.65524, 31.03073],
          [-124.64115, 31.0497],
          [-124.63511, 31.05782],
          [-124.62102, 31.07679],
          [-124.62677, 31.09896],
          [-124.62073, 31.10708],
          [-124.60662, 31.12605],
          [-124.60058, 31.13417],
          [-124.58647, 31.15313],
          [-124.58042, 31.16126],
          [-124.56631, 31.18021],
          [-124.56026, 31.18834],
          [-124.54613, 31.20729],
          [-124.54008, 31.21541],
          [-124.52595, 31.23436],
          [-124.5199, 31.24248],
          [-124.50576, 31.26143],
          [-124.4997, 31.26955],
          [-124.48556, 31.2885],
          [-124.4795, 31.29661],
          [-124.46535, 31.31556],
          [-124.45929, 31.32367],
          [-124.44513, 31.34261],
          [-124.43906, 31.35073],
          [-124.4249, 31.36967],
          [-124.41883, 31.37778],
          [-124.40466, 31.39671],
          [-124.39859, 31.40483],
          [-124.38442, 31.42376],
          [-124.37834, 31.43187],
          [-124.36416, 31.4508],
          [-124.35808, 31.45891],
          [-124.34389, 31.47784],
          [-124.34961, 31.5],
          [-124.34352, 31.50811],
          [-124.32933, 31.52703],
          [-124.32324, 31.53514],
          [-124.30904, 31.55406],
          [-124.30295, 31.56216],
          [-124.28874, 31.58108],
          [-124.29445, 31.60324],
          [-124.28836, 31.61134],
          [-124.27414, 31.63026],
          [-124.26805, 31.63836],
          [-124.25382, 31.65727],
          [-124.24772, 31.66538],
          [-124.23349, 31.68428],
          [-124.22739, 31.69239],
          [-124.21316, 31.71129],
          [-124.20705, 31.71939],
          [-124.19281, 31.73829],
          [-124.1867, 31.74639],
          [-124.17245, 31.76529],
          [-124.16634, 31.77339],
          [-124.15208, 31.79229],
          [-124.14597, 31.80038],
          [-124.13171, 31.81928],
          [-124.12559, 31.82737],
          [-124.11132, 31.84626],
          [-124.1052, 31.85436],
          [-124.09092, 31.87324],
          [-124.0848, 31.88134],
          [-124.07052, 31.90022],
          [-124.0644, 31.90831],
          [-124.0501, 31.9272],
          [-124.04398, 31.93529],
          [-124.02968, 31.95416],
          [-124.02355, 31.96225],
          [-124.00925, 31.98113],
          [-124.01492, 32.00328],
          [-124.00879, 32.01137],
          [-123.99448, 32.03024],
          [-123.98834, 32.03833],
          [-123.97402, 32.05719],
          [-123.96788, 32.06528],
          [-123.95355, 32.08415],
          [-123.94741, 32.09223],
          [-123.93308, 32.11109],
          [-123.92693, 32.11918],
          [-123.91259, 32.13804],
          [-123.90645, 32.14612],
          [-123.8921, 32.16498],
          [-123.88595, 32.17306],
          [-123.8716, 32.19191],
          [-123.86544, 32.19999],
          [-123.85108, 32.21884],
          [-123.84493, 32.22692],
          [-123.83056, 32.24577],
          [-123.8244, 32.25384],
          [-123.81003, 32.27269],
          [-123.80387, 32.28077],
          [-123.78949, 32.29961],
          [-123.78332, 32.30768],
          [-123.76893, 32.32652],
          [-123.76277, 32.33459],
          [-123.74837, 32.35343],
          [-123.7422, 32.3615],
          [-123.7278, 32.38033],
          [-123.72163, 32.3884],
          [-123.70722, 32.40723],
          [-123.71286, 32.42937],
          [-123.70668, 32.43744],
          [-123.69226, 32.45627],
          [-123.68608, 32.46434],
          [-123.67166, 32.48316],
          [-123.66548, 32.49123],
          [-123.65105, 32.51005],
          [-123.64486, 32.51811],
          [-123.63043, 32.53693],
          [-123.62424, 32.54499],
          [-123.60979, 32.56381],
          [-123.61542, 32.58594],
          [-123.60923, 32.594],
          [-123.59478, 32.61281],
          [-123.58858, 32.62087],
          [-123.57412, 32.63968],
          [-123.56792, 32.64774],
          [-123.55346, 32.66655],
          [-123.54726, 32.6746],
          [-123.53278, 32.6934],
          [-123.52658, 32.70146],
          [-123.5121, 32.72026],
          [-123.50589, 32.72832],
          [-123.47959, 32.73304],
          [-123.4651, 32.75183],
          [-123.45889, 32.75988],
          [-123.44439, 32.77867],
          [-123.43817, 32.78672],
          [-123.42367, 32.80551],
          [-123.41745, 32.81356],
          [-123.40294, 32.83234],
          [-123.40854, 32.85447],
          [-123.40232, 32.86252],
          [-123.3878, 32.8813],
          [-123.38157, 32.88935],
          [-123.36704, 32.90812],
          [-123.36082, 32.91617],
          [-123.34628, 32.93494],
          [-123.35188, 32.95706],
          [-123.34565, 32.96511],
          [-123.3311, 32.98388],
          [-123.32487, 32.99192],
          [-123.31032, 33.01069],
          [-123.30408, 33.01873],
          [-123.28953, 33.03749],
          [-123.29511, 33.05961],
          [-123.28887, 33.06765],
          [-123.27431, 33.08641],
          [-123.26806, 33.09445],
          [-123.25349, 33.11321],
          [-123.24725, 33.12125],
          [-123.22084, 33.12592],
          [-123.20625, 33.14467],
          [-123.2, 33.15271],
          [-123.18541, 33.17145],
          [-123.19099, 33.19357],
          [-123.18473, 33.2016],
          [-123.17013, 33.22035],
          [-123.16387, 33.22838],
          [-123.14926, 33.24712],
          [-123.143, 33.25515],
          [-123.12839, 33.27389],
          [-123.12213, 33.28192],
          [-123.1075, 33.30065],
          [-123.10124, 33.30868],
          [-123.08661, 33.32741],
          [-123.08034, 33.33544],
          [-123.06571, 33.35416],
          [-123.05943, 33.36219],
          [-123.04479, 33.38091],
          [-123.03851, 33.38894],
          [-123.02387, 33.40766],
          [-123.01759, 33.41568],
          [-123.00293, 33.4344],
          [-123.00848, 33.45651],
          [-123.0022, 33.46453],
          [-122.98754, 33.48324],
          [-122.98125, 33.49126],
          [-122.96658, 33.50997],
          [-122.96029, 33.51799],
          [-122.94561, 33.5367],
          [-122.93932, 33.54471],
          [-122.92464, 33.56342],
          [-122.91834, 33.57143],
          [-122.90365, 33.59014],
          [-122.90919, 33.61224],
          [-122.90289, 33.62025],
          [-122.88819, 33.63895],
          [-122.88189, 33.64696],
          [-122.86718, 33.66565],
          [-122.86088, 33.67366],
          [-122.84616, 33.69235],
          [-122.8517, 33.71445],
          [-122.84539, 33.72246],
          [-122.83066, 33.74115],
          [-122.82435, 33.74915],
          [-122.80962, 33.76784],
          [-122.80331, 33.77584],
          [-122.78857, 33.79452],
          [-122.78225, 33.80253],
          [-122.76751, 33.82121],
          [-122.77303, 33.8433],
          [-122.76671, 33.8513],
          [-122.75196, 33.86997],
          [-122.74563, 33.87797],
          [-122.73087, 33.89664],
          [-122.7364, 33.91873],
          [-122.73007, 33.92673],
          [-122.7153, 33.9454],
          [-122.72082, 33.96748],
          [-122.71449, 33.97548],
          [-122.69971, 33.99414],
          [-122.69337, 34.00214],
          [-122.67859, 34.0208],
          [-122.67225, 34.02879],
          [-122.65746, 34.04745],
          [-122.66297, 34.06953],
          [-122.65663, 34.07752],
          [-122.64183, 34.09617],
          [-122.63548, 34.10416],
          [-122.62067, 34.12281],
          [-122.61433, 34.1308],
          [-122.59951, 34.14945],
          [-122.60502, 34.17152],
          [-122.59867, 34.17951],
          [-122.58384, 34.19815],
          [-122.57749, 34.20614],
          [-122.56266, 34.22478],
          [-122.5563, 34.23276],
          [-122.54146, 34.2514],
          [-122.54696, 34.27347],
          [-122.5406, 34.28145],
          [-122.52575, 34.30008],
          [-122.51939, 34.30806],
          [-122.50453, 34.32669],
          [-122.49816, 34.33467],
          [-122.4833, 34.35329],
          [-122.47693, 34.36127],
          [-122.46206, 34.37989],
          [-122.46756, 34.40196],
          [-122.46118, 34.40993],
          [-122.4463, 34.42855],
          [-122.43993, 34.43653],
          [-122.42504, 34.45514],
          [-122.43053, 34.4772],
          [-122.42415, 34.48517],
          [-122.40925, 34.50378],
          [-122.40287, 34.51176],
          [-122.38797, 34.53036],
          [-122.39345, 34.55242],
          [-122.38706, 34.56039],
          [-122.37215, 34.57899],
          [-122.36576, 34.58696],
          [-122.35084, 34.60555],
          [-122.35633, 34.62761],
          [-122.34993, 34.63558],
          [-122.32313, 34.64008],
          [-122.3082, 34.65867],
          [-122.31367, 34.68072],
          [-122.30727, 34.68869],
          [-122.29233, 34.70727],
          [-122.28592, 34.71524],
          [-122.27098, 34.73382],
          [-122.26457, 34.74178],
          [-122.24961, 34.76036],
          [-122.25508, 34.78241],
          [-122.24867, 34.79037],
          [-122.23371, 34.80894],
          [-122.22729, 34.8169],
          [-122.21232, 34.83547],
          [-122.21779, 34.85751],
          [-122.21137, 34.86547],
          [-122.19639, 34.88404],
          [-122.18996, 34.89199],
          [-122.17498, 34.91056],
          [-122.18044, 34.93259],
          [-122.17401, 34.94055],
          [-122.15902, 34.95911],
          [-122.15259, 34.96706],
          [-122.13758, 34.98561],
          [-122.14304, 35.00765],
          [-122.13661, 35.0156],
          [-122.12159, 35.03415],
          [-122.11516, 35.0421],
          [-122.10014, 35.06064],
          [-122.10559, 35.08267],
          [-122.09915, 35.09062],
          [-122.08412, 35.10916],
          [-122.08958, 35.13119],
          [-122.08313, 35.13914],
          [-122.06809, 35.15767],
          [-122.06165, 35.16562],
          [-122.0466, 35.18415],
          [-122.05205, 35.20617],
          [-122.0456, 35.21412],
          [-122.03054, 35.23265],
          [-122.03599, 35.25467],
          [-122.02954, 35.26261],
          [-122.01447, 35.28113],
          [-122.01992, 35.30315],
          [-122.01346, 35.31109],
          [-121.99839, 35.32961],
          [-122.00383, 35.35162],
          [-121.99737, 35.35956],
          [-121.98229, 35.37807],
          [-121.98773, 35.40008],
          [-121.98127, 35.40802],
          [-121.96618, 35.42653],
          [-121.97162, 35.44854],
          [-121.96515, 35.45647],
          [-121.95005, 35.47498],
          [-121.94357, 35.48291],
          [-121.92846, 35.50141],
          [-121.93391, 35.52342],
          [-121.92743, 35.53135],
          [-121.91231, 35.54985],
          [-121.91775, 35.57185],
          [-121.91127, 35.57977],
          [-121.89614, 35.59827],
          [-121.90158, 35.62027],
          [-121.89509, 35.62819],
          [-121.87996, 35.64668],
          [-121.8854, 35.66868],
          [-121.87891, 35.6766],
          [-121.86376, 35.69508],
          [-121.8692, 35.71708],
          [-121.8627, 35.725],
          [-121.84755, 35.74348],
          [-121.85299, 35.76547],
          [-121.84649, 35.77338],
          [-121.83132, 35.79186],
          [-121.83676, 35.81385],
          [-121.83026, 35.82176],
          [-121.81508, 35.84024],
          [-121.82052, 35.86222],
          [-121.81401, 35.87013],
          [-121.79883, 35.8886],
          [-121.80426, 35.91058],
          [-121.79775, 35.91849],
          [-121.78256, 35.93695],
          [-121.78799, 35.95893],
          [-121.78148, 35.96684],
          [-121.76628, 35.9853],
          [-121.77171, 36.00727],
          [-121.77714, 36.02924],
          [-121.77062, 36.03715],
          [-121.75541, 36.0556],
          [-121.74889, 36.06351],
          [-121.73367, 36.08196],
          [-121.7391, 36.10392],
          [-121.74453, 36.12588],
          [-121.738, 36.13379],
          [-121.72277, 36.15223],
          [-121.7282, 36.17419],
          [-121.72167, 36.1821],
          [-121.70643, 36.20053],
          [-121.71186, 36.22249],
          [-121.71729, 36.24445],
          [-121.71076, 36.25235],
          [-121.6955, 36.27078],
          [-121.70094, 36.29273],
          [-121.70637, 36.31468],
          [-121.69983, 36.32258],
          [-121.68456, 36.341],
          [-121.69, 36.36295],
          [-121.69543, 36.38489],
          [-121.68889, 36.39279],
          [-121.67361, 36.41121],
          [-121.67904, 36.43315],
          [-121.67249, 36.44104],
          [-121.65721, 36.45946],
          [-121.66264, 36.4814],
          [-121.66808, 36.50333],
          [-121.67352, 36.52527],
          [-121.66696, 36.53316],
          [-121.65166, 36.55157],
          [-121.6571, 36.5735],
          [-121.66254, 36.59542],
          [-121.65598, 36.60331],
          [-121.64066, 36.62172],
          [-121.6461, 36.64364],
          [-121.65154, 36.66556],
          [-121.64498, 36.67345],
          [-121.62965, 36.69185],
          [-121.63509, 36.71376],
          [-121.64054, 36.73568],
          [-121.63397, 36.74356],
          [-121.61863, 36.76196],
          [-121.62407, 36.78387],
          [-121.62951, 36.80578],
          [-121.62294, 36.81366],
          [-121.60759, 36.83205],
          [-121.61303, 36.85395],
          [-121.61848, 36.87586],
          [-121.6119, 36.88374],
          [-121.59654, 36.90212],
          [-121.60198, 36.92402],
          [-121.60743, 36.94592],
          [-121.60084, 36.95379],
          [-121.58547, 36.97217],
          [-121.59092, 36.99406],
          [-121.59636, 37.01596],
          [-121.58977, 37.02383],
          [-121.57439, 37.0422],
          [-121.57984, 37.06409],
          [-121.58529, 37.08598],
          [-121.59074, 37.10787],
          [-121.59619, 37.12975],
          [-121.60165, 37.15163],
          [-121.59505, 37.1595],
          [-121.57964, 37.17786],
          [-121.5851, 37.19974],
          [-121.59056, 37.22162],
          [-121.59602, 37.24349],
          [-121.60148, 37.26536],
          [-121.59487, 37.27323],
          [-121.57945, 37.29158],
          [-121.58491, 37.31345],
          [-121.59038, 37.33531],
          [-121.59584, 37.35718],
          [-121.58923, 37.36504],
          [-121.58343, 37.38186],
          [-121.57926, 37.40524],
          [-121.58473, 37.4271],
          [-121.5902, 37.44896],
          [-121.59567, 37.47081],
          [-121.58905, 37.47867],
          [-121.5736, 37.49701],
          [-121.57907, 37.51886],
          [-121.58454, 37.54071],
          [-121.59001, 37.56255],
          [-121.59549, 37.5844],
          [-121.58886, 37.59225],
          [-121.5734, 37.61058],
          [-121.57887, 37.63242],
          [-121.58435, 37.65426],
          [-121.58983, 37.67609],
          [-121.5832, 37.68394],
          [-121.56772, 37.70226],
          [-121.5732, 37.72409],
          [-121.57868, 37.74592],
          [-121.58002, 37.7684],
          [-121.57753, 37.7756],
          [-121.56203, 37.79391],
          [-121.56752, 37.81574],
          [-121.573, 37.83756],
          [-121.57849, 37.85938],
          [-121.57184, 37.86722],
          [-121.55634, 37.88553],
          [-121.56182, 37.90734],
          [-121.56731, 37.92916],
          [-121.5728, 37.95097],
          [-121.57829, 37.97278],
          [-121.57164, 37.98062],
          [-121.55612, 37.99891],
          [-121.56161, 38.02072],
          [-121.5671, 38.04252],
          [-121.5726, 38.06432],
          [-121.56594, 38.07216],
          [-121.5504, 38.09045],
          [-121.5559, 38.11224],
          [-121.5614, 38.13404],
          [-121.5669, 38.15583],
          [-121.56824, 38.17827],
          [-121.56573, 38.18545],
          [-121.55018, 38.20373],
          [-121.55568, 38.22552],
          [-121.56118, 38.2473],
          [-121.56669, 38.26908],
          [-121.56002, 38.27692],
          [-121.55416, 38.29367],
          [-121.54995, 38.31696],
          [-121.55546, 38.33874],
          [-121.56097, 38.36051],
          [-121.56648, 38.38228],
          [-121.56783, 38.4047],
          [-121.56532, 38.41188],
          [-121.54973, 38.43014],
          [-121.55524, 38.4519],
          [-121.56076, 38.47366],
          [-121.56627, 38.49542],
          [-121.55959, 38.50325],
          [-121.55372, 38.51999],
          [-121.5495, 38.54326],
          [-121.55502, 38.56501],
          [-121.56054, 38.58676],
          [-121.56607, 38.60851],
          [-121.55937, 38.61633],
          [-121.5535, 38.63306],
          [-121.54928, 38.65632],
          [-121.5548, 38.67806],
          [-121.56033, 38.6998],
          [-121.55363, 38.70761],
          [-121.54775, 38.72434],
          [-121.54352, 38.74759],
          [-121.54905, 38.76932],
          [-121.55458, 38.79105],
          [-121.55593, 38.81343],
          [-121.55341, 38.82059],
          [-121.53776, 38.83882],
          [-121.54329, 38.86054],
          [-121.54882, 38.88226],
          [-121.55436, 38.90398],
          [-121.55571, 38.92635],
          [-121.55318, 38.93351],
          [-121.53752, 38.95172],
          [-121.54305, 38.97344],
          [-121.54859, 38.99515],
          [-121.55414, 39.01686],
          [-121.54742, 39.02466],
          [-121.53174, 39.04287],
          [-121.53728, 39.06457],
          [-121.54282, 39.08628],
          [-121.54837, 39.10798],
          [-121.54164, 39.11578],
          [-121.52594, 39.13398],
          [-121.53149, 39.15567],
          [-121.53704, 39.17736],
          [-121.54259, 39.19906],
          [-121.53585, 39.20685],
          [-121.52014, 39.22504],
          [-121.52569, 39.24673],
          [-121.53124, 39.26841],
          [-121.5245, 39.27621],
          [-121.50878, 39.29439],
          [-121.51433, 39.31607],
          [-121.51988, 39.33775],
          [-121.51314, 39.34554],
          [-121.4974, 39.36372],
          [-121.50296, 39.38539],
          [-121.50851, 39.40706],
          [-121.50176, 39.41485],
          [-121.48601, 39.43302],
          [-121.49157, 39.45468],
          [-121.49712, 39.47635],
          [-121.49037, 39.48413],
          [-121.47461, 39.50229],
          [-121.48016, 39.52395],
          [-121.48572, 39.54561],
          [-121.47896, 39.55339],
          [-121.46318, 39.57155],
          [-121.46874, 39.5932],
          [-121.46198, 39.60098],
          [-121.44619, 39.61913],
          [-121.45175, 39.64078],
          [-121.4573, 39.66242],
          [-121.45054, 39.6702],
          [-121.43474, 39.68834],
          [-121.4403, 39.70998],
          [-121.43352, 39.71776],
          [-121.41772, 39.73589],
          [-121.42327, 39.75753],
          [-121.4165, 39.7653],
          [-121.40068, 39.78343],
          [-121.40623, 39.80506],
          [-121.39945, 39.81283],
          [-121.38363, 39.83096],
          [-121.37684, 39.83872],
          [-121.36101, 39.85685],
          [-121.36656, 39.87847],
          [-121.35977, 39.88624],
          [-121.34392, 39.90435],
          [-121.33713, 39.91211],
          [-121.32128, 39.93022],
          [-121.32682, 39.95184],
          [-121.33237, 39.97346],
          [-121.32557, 39.98122],
          [-121.30971, 39.99932],
          [-121.30291, 40.00708],
          [-121.28703, 40.02518],
          [-121.29258, 40.04679],
          [-121.28577, 40.05454],
          [-121.26989, 40.07264],
          [-121.27543, 40.09424],
          [-121.26862, 40.10199],
          [-121.25273, 40.12008],
          [-121.25827, 40.14168],
          [-121.25145, 40.14943],
          [-121.23555, 40.16751],
          [-121.24109, 40.18911],
          [-121.24663, 40.2107],
          [-121.23981, 40.21845],
          [-121.2239, 40.23652],
          [-121.22944, 40.25811],
          [-121.22261, 40.26586],
          [-121.20669, 40.28392],
          [-121.21223, 40.30551],
          [-121.2054, 40.31325],
          [-121.18946, 40.33131],
          [-121.195, 40.35289],
          [-121.20054, 40.37447],
          [-121.19371, 40.3822],
          [-121.17776, 40.40026],
          [-121.1833, 40.42183],
          [-121.17646, 40.42957],
          [-121.1605, 40.44762],
          [-121.16604, 40.46918],
          [-121.17158, 40.49075],
          [-121.16474, 40.49848],
          [-121.14876, 40.51652],
          [-121.1543, 40.53808],
          [-121.14746, 40.54581],
          [-121.13147, 40.56385],
          [-121.13701, 40.5854],
          [-121.13016, 40.59313],
          [-121.11417, 40.61116],
          [-121.1197, 40.63271],
          [-121.12524, 40.65425],
          [-121.11839, 40.66198],
          [-121.10238, 40.68],
          [-121.10792, 40.70154],
          [-121.10106, 40.70926],
          [-121.08504, 40.72728],
          [-121.07817, 40.735],
          [-121.06215, 40.75301],
          [-121.06768, 40.77455],
          [-121.06081, 40.78226],
          [-121.04478, 40.80027],
          [-121.05031, 40.8218],
          [-121.04344, 40.82951],
          [-121.02739, 40.84751],
          [-121.03292, 40.86904],
          [-121.02605, 40.87675],
          [-121.00999, 40.89474],
          [-121.01552, 40.91626],
          [-121.02106, 40.93778],
          [-121.01417, 40.94549],
          [-120.9981, 40.96348],
          [-121.00363, 40.98499],
          [-120.99674, 40.9927],
          [-120.98067, 41.01067],
          [-120.97377, 41.01838],
          [-120.95769, 41.03635],
          [-120.96321, 41.05786],
          [-120.95632, 41.06556],
          [-120.94022, 41.08353],
          [-120.93332, 41.09123],
          [-120.91721, 41.10919],
          [-120.91031, 41.11689],
          [-120.89419, 41.13485],
          [-120.88729, 41.14255],
          [-120.87116, 41.1605],
          [-120.87668, 41.18199],
          [-120.86977, 41.18969],
          [-120.85364, 41.20764],
          [-120.84672, 41.21533],
          [-120.83058, 41.23327],
          [-120.82366, 41.24096],
          [-120.80751, 41.2589],
          [-120.80059, 41.26659],
          [-120.78443, 41.28452],
          [-120.77751, 41.29221],
          [-120.76134, 41.31014],
          [-120.75441, 41.31782],
          [-120.73824, 41.33575],
          [-120.73131, 41.34343],
          [-120.71512, 41.36135],
          [-120.70819, 41.36903],
          [-120.692, 41.38695],
          [-120.68506, 41.39462],
          [-120.66886, 41.41253],
          [-120.66192, 41.42021],
          [-120.64571, 41.43812],
          [-120.6512, 41.45959],
          [-120.64425, 41.46726],
          [-120.62803, 41.48516],
          [-120.62108, 41.49283],
          [-120.60486, 41.51073],
          [-120.5979, 41.51839],
          [-120.58167, 41.53629],
          [-120.57471, 41.54395],
          [-120.55847, 41.56184],
          [-120.56394, 41.5833],
          [-120.55698, 41.59096],
          [-120.54073, 41.60884],
          [-120.53376, 41.6165],
          [-120.5175, 41.63438],
          [-120.51053, 41.64204],
          [-120.49426, 41.65991],
          [-120.48729, 41.66757],
          [-120.47101, 41.68543],
          [-120.46403, 41.69309],
          [-120.43532, 41.69716],
          [-120.41903, 41.71502],
          [-120.41204, 41.72268],
          [-120.39574, 41.74053],
          [-120.38876, 41.74818],
          [-120.37245, 41.76603],
          [-120.36546, 41.77368],
          [-120.34915, 41.79152],
          [-120.34215, 41.79917],
          [-120.32583, 41.81701],
          [-120.31883, 41.82466],
          [-120.29007, 41.8287],
          [-120.27373, 41.84654],
          [-120.26673, 41.85418],
          [-120.25039, 41.87201],
          [-120.24338, 41.87965],
          [-120.22703, 41.89747],
          [-120.22002, 41.90511],
          [-120.20365, 41.92292],
          [-120.19664, 41.93056],
          [-120.16784, 41.93459],
          [-120.15147, 41.9524],
          [-120.14445, 41.96003],
          [-120.12806, 41.97783],
          [-120.12104, 41.98546],
          [-120.10465, 42.00327],
          [-120.09762, 42.01089],
          [-120.0688, 42.0149],
          [-120.05239, 42.0327],
          [-120.04536, 42.04032],
          [-120.01652, 42.04432],
          [-120.0001, 42.06211],
          [-119.99306, 42.06973],
          [-119.96422, 42.07372],
          [-119.94779, 42.0915],
          [-119.94074, 42.09911],
          [-119.9243, 42.11689],
          [-119.91725, 42.1245],
          [-119.88839, 42.12848],
          [-119.87193, 42.14625],
          [-119.86487, 42.15386],
          [-119.84841, 42.17162],
          [-119.84135, 42.17923],
          [-119.82488, 42.19699],
          [-119.81782, 42.2046],
          [-119.80134, 42.22235],
          [-119.79427, 42.22995],
          [-119.76537, 42.23391],
          [-119.74888, 42.25165],
          [-119.7418, 42.25926],
          [-119.7129, 42.2632],
          [-119.69639, 42.28094],
          [-119.68931, 42.28854],
          [-119.66039, 42.29247],
          [-119.63147, 42.29641],
          [-119.61494, 42.31413],
          [-119.60785, 42.32173],
          [-119.57892, 42.32565],
          [-119.54998, 42.32957],
          [-119.53343, 42.34728],
          [-119.52634, 42.35487],
          [-119.4974, 42.35878],
          [-119.46845, 42.36269],
          [-119.45188, 42.38039],
          [-119.44478, 42.38798],
          [-119.41582, 42.39188],
          [-119.39923, 42.40957],
          [-119.39213, 42.41715],
          [-119.36316, 42.42104],
          [-119.34656, 42.43873],
          [-119.33944, 42.44631],
          [-119.31047, 42.45019],
          [-119.29385, 42.46787],
          [-119.28673, 42.47544],
          [-119.25774, 42.47931],
          [-119.24112, 42.49698],
          [-119.23399, 42.50456],
          [-119.21736, 42.52222],
          [-119.21022, 42.52979],
          [-119.18122, 42.53365],
          [-119.16457, 42.55131],
          [-119.15743, 42.55888],
          [-119.14077, 42.57653],
          [-119.13363, 42.5841],
          [-119.10461, 42.58794],
          [-119.08794, 42.60559],
          [-119.08079, 42.61315],
          [-119.05175, 42.61698],
          [-119.02271, 42.62081],
          [-118.99367, 42.62463],
          [-118.97697, 42.64227],
          [-118.96982, 42.64982],
          [-118.94076, 42.65364],
          [-118.91171, 42.65745],
          [-118.89499, 42.67507],
          [-118.88783, 42.68262],
          [-118.85876, 42.68642],
          [-118.8297, 42.69022],
          [-118.81296, 42.70783],
          [-118.80578, 42.71538],
          [-118.77671, 42.71916],
          [-118.75995, 42.73677],
          [-118.75277, 42.74431],
          [-118.72369, 42.74809],
          [-118.6946, 42.75186],
          [-118.6655, 42.75563],
          [-118.64873, 42.77322],
          [-118.64153, 42.78076],
          [-118.61243, 42.78452],
          [-118.59564, 42.8021],
          [-118.58844, 42.80963],
          [-118.57164, 42.82721],
          [-118.56444, 42.83474],
          [-118.53532, 42.83849],
          [-118.51851, 42.85606],
          [-118.5113, 42.86359],
          [-118.49448, 42.88115],
          [-118.48726, 42.88868],
          [-118.47043, 42.90623],
          [-118.46322, 42.91376],
          [-118.43407, 42.91749],
          [-118.41722, 42.93504],
          [-118.41, 42.94256],
          [-118.39315, 42.9601],
          [-118.38592, 42.96762],
          [-118.36906, 42.98516],
          [-118.36183, 42.99268],
          [-118.34496, 43.01021],
          [-118.33773, 43.01773],
          [-118.30855, 43.02144],
          [-118.29166, 43.03896],
          [-118.28442, 43.04647],
          [-118.26753, 43.064],
          [-118.26029, 43.07151],
          [-118.24339, 43.08902],
          [-118.23614, 43.09653],
          [-118.21923, 43.11404],
          [-118.21198, 43.12155],
          [-118.18276, 43.12523],
          [-118.16584, 43.14274],
          [-118.15858, 43.15024],
          [-118.14165, 43.16774],
          [-118.13439, 43.17524],
          [-118.11745, 43.19273],
          [-118.11018, 43.20023],
          [-118.08094, 43.2039],
          [-118.06398, 43.22138],
          [-118.05671, 43.22888],
          [-118.03975, 43.24636],
          [-118.03247, 43.25385],
          [-118.0155, 43.27133],
          [-118.00822, 43.27882],
          [-117.99124, 43.29629],
          [-117.98396, 43.30378],
          [-117.95468, 43.30742],
          [-117.93768, 43.32488],
          [-117.9304, 43.33237],
          [-117.91339, 43.34983],
          [-117.9061, 43.35731],
          [-117.88909, 43.37476],
          [-117.8818, 43.38224],
          [-117.85249, 43.38587],
          [-117.83546, 43.40332],
          [-117.82816, 43.41079],
          [-117.81112, 43.42823],
          [-117.80382, 43.43571],
          [-117.77449, 43.43932],
          [-117.75744, 43.45675],
          [-117.75013, 43.46422],
          [-117.73307, 43.48165],
          [-117.72576, 43.48912],
          [-117.69641, 43.49272],
          [-117.67934, 43.51014],
          [-117.67202, 43.5176],
          [-117.64266, 43.5212],
          [-117.62557, 43.53861],
          [-117.61825, 43.54607],
          [-117.58888, 43.54965],
          [-117.57177, 43.56705],
          [-117.56444, 43.57451],
          [-117.54733, 43.59191],
          [-117.54, 43.59937],
          [-117.51061, 43.60294],
          [-117.49348, 43.62033],
          [-117.48614, 43.62778],
          [-117.45674, 43.63134],
          [-117.4396, 43.64872],
          [-117.43226, 43.65617],
          [-117.40285, 43.65972],
          [-117.37344, 43.66326],
          [-117.35628, 43.68064],
          [-117.34892, 43.68808],
          [-117.3195, 43.69162],
          [-117.30233, 43.70898],
          [-117.29496, 43.71642],
          [-117.26553, 43.71995],
          [-117.24834, 43.7373],
          [-117.24097, 43.74474],
          [-117.21153, 43.74826],
          [-117.19433, 43.7656],
          [-117.18695, 43.77304],
          [-117.1575, 43.77655],
          [-117.12805, 43.78005],
          [-117.11082, 43.79739],
          [-117.10344, 43.80482],
          [-117.07398, 43.80831],
          [-117.05674, 43.82564],
          [-117.04935, 43.83306],
          [-117.01987, 43.83655],
          [-117.00262, 43.85387],
          [-116.99522, 43.86129],
          [-116.96574, 43.86477],
          [-116.94847, 43.88208],
          [-116.94107, 43.8895],
          [-116.91157, 43.89296],
          [-116.89429, 43.91027],
          [-116.88688, 43.91768],
          [-116.86959, 43.93498],
          [-116.86217, 43.94239],
          [-116.83266, 43.94585],
          [-116.81535, 43.96314],
          [-116.80793, 43.97055],
          [-116.77841, 43.97399],
          [-116.76109, 43.99127],
          [-116.75366, 43.99868],
          [-116.73633, 44.01595],
          [-116.7289, 44.02336],
          [-116.69936, 44.02679],
          [-116.68202, 44.04406],
          [-116.67458, 44.05146],
          [-116.65723, 44.06872],
          [-116.64979, 44.07612],
          [-116.62023, 44.07954],
          [-116.60286, 44.09679],
          [-116.59541, 44.10419],
          [-116.56584, 44.10759],
          [-116.54846, 44.12484],
          [-116.541, 44.13223],
          [-116.51142, 44.13563],
          [-116.49402, 44.15287],
          [-116.48657, 44.16026],
          [-116.45697, 44.16365],
          [-116.42738, 44.16703],
          [-116.40996, 44.18426],
          [-116.40249, 44.19164],
          [-116.37289, 44.19502],
          [-116.34328, 44.19839],
          [-116.32584, 44.21561],
          [-116.31837, 44.22298],
          [-116.28875, 44.22635],
          [-116.2713, 44.24355],
          [-116.26381, 44.25093],
          [-116.23419, 44.25428],
          [-116.21672, 44.27148],
          [-116.20923, 44.27885],
          [-116.17959, 44.2822],
          [-116.16211, 44.29939],
          [-116.15461, 44.30675],
          [-116.12497, 44.31009],
          [-116.10747, 44.32727],
          [-116.09997, 44.33463],
          [-116.07031, 44.33796],
          [-116.04065, 44.34128],
          [-116.02313, 44.35845],
          [-116.01562, 44.36581],
          [-115.98595, 44.36912],
          [-115.96841, 44.38629],
          [-115.9609, 44.39364],
          [-115.93122, 44.39694],
          [-115.91367, 44.4141],
          [-115.90615, 44.42145],
          [-115.88859, 44.4386],
          [-115.88106, 44.44595],
          [-115.8635, 44.46309],
          [-115.85597, 44.47044],
          [-115.82626, 44.47372],
          [-115.80868, 44.49086],
          [-115.80114, 44.4982],
          [-115.7993, 44.5]
        ]
      }
    },
    {
      "type": "Feature",
      "id": "2026082106_f084_13000_001",
      "properties": {
        "product_id": "winter_storm_levels",
        "source_id": "nbm_snow_level",
        "parameter": "snow_level",
        "definition": "height of the wet-bulb 0.5 degree C surface",
        "level_ft_msl": 13000,
        "label": "13,000 ft MSL",
        "unit": "ft_msl",
        "cycle_time_utc": "2026-08-21T06:00:00Z",
        "valid_time_utc": "2026-08-24T18:00:00Z",
        "lead_hours": 84,
        "segment": 1,
        "length_m": 2201634.4
      },
      "geometry": {
        "type": "LineString",
        "coordinates": [
          [-121.96353, 30.2556],
          [-121.95968, 30.26061],
          [-121.95556, 30.26596],
          [-121.93907, 30.28739],
          [-121.93494, 30.29275],
          [-121.90912, 30.29723],
          [-121.89262, 30.31865],
          [-121.88849, 30.32401],
          [-121.87198, 30.34543],
          [-121.86785, 30.35078],
          [-121.85133, 30.3722],
          [-121.8472, 30.37755],
          [-121.82136, 30.38202],
          [-121.80482, 30.40343],
          [-121.80069, 30.40878],
          [-121.78415, 30.43019],
          [-121.78001, 30.43554],
          [-121.76347, 30.45694],
          [-121.75933, 30.46229],
          [-121.74277, 30.48369],
          [-121.73863, 30.48904],
          [-121.71276, 30.49349],
          [-121.69619, 30.51488],
          [-121.69205, 30.52023],
          [-121.67547, 30.54162],
          [-121.67133, 30.54697],
          [-121.64544, 30.55141],
          [-121.62885, 30.57279],
          [-121.62471, 30.57814],
          [-121.60811, 30.59952],
          [-121.60396, 30.60487],
          [-121.58736, 30.62624],
          [-121.5832, 30.63159],
          [-121.56659, 30.65296],
          [-121.56244, 30.65831],
          [-121.54582, 30.67968],
          [-121.54166, 30.68502],
          [-121.51574, 30.68944],
          [-121.49911, 30.7108],
          [-121.49495, 30.71614],
          [-121.47831, 30.73751],
          [-121.47415, 30.74285],
          [-121.4575, 30.7642],
          [-121.45334, 30.76954],
          [-121.43668, 30.7909],
          [-121.43252, 30.79624],
          [-121.41585, 30.81759],
          [-121.41169, 30.82293],
          [-121.38573, 30.82732],
          [-121.36906, 30.84867],
          [-121.36489, 30.85401],
          [-121.3482, 30.87535],
          [-121.34403, 30.88068],
          [-121.32734, 30.90202],
          [-121.32316, 30.90736],
          [-121.29719, 30.91174],
          [-121.28048, 30.93307],
          [-121.2763, 30.93841],
          [-121.25959, 30.95974],
          [-121.25541, 30.96507],
          [-121.22942, 30.96944],
          [-121.21269, 30.99076],
          [-121.20851, 30.99609],
          [-121.19178, 31.01741],
          [-121.18759, 31.02274],
          [-121.16158, 31.0271],
          [-121.14484, 31.04842],
          [-121.14065, 31.05374],
          [-121.1239, 31.07505],
          [-121.11971, 31.08038],
          [-121.10295, 31.10169],
          [-121.09876, 31.10702],
          [-121.08199, 31.12832],
          [-121.07779, 31.13365],
          [-121.06102, 31.15495],
          [-121.05682, 31.16027],
          [-121.04004, 31.18157],
          [-121.03584, 31.1869],
          [-121.01905, 31.20819],
          [-121.01485, 31.21351],
          [-120.98879, 31.21784],
          [-120.97199, 31.23913],
          [-120.96778, 31.24445],
          [-120.95097, 31.26574],
          [-120.94677, 31.27106],
          [-120.92995, 31.29234],
          [-120.92574, 31.29766],
          [-120.90891, 31.31894],
          [-120.9047, 31.32426],
          [-120.87862, 31.32856],
          [-120.86177, 31.34984],
          [-120.85756, 31.35515],
          [-120.84071, 31.37642],
          [-120.8365, 31.38174],
          [-120.81964, 31.40301],
          [-120.81543, 31.40832],
          [-120.79856, 31.42958],
          [-120.79435, 31.4349],
          [-120.77747, 31.45616],
          [-120.77325, 31.46147],
          [-120.74713, 31.46576],
          [-120.73025, 31.48701],
          [-120.72602, 31.49232],
          [-120.69989, 31.4966],
          [-120.68299, 31.51785],
          [-120.67877, 31.52316],
          [-120.65262, 31.52743],
          [-120.63571, 31.54867],
          [-120.63148, 31.55397],
          [-120.61456, 31.57521],
          [-120.61033, 31.58052],
          [-120.5934, 31.60175],
          [-120.58917, 31.60706],
          [-120.57224, 31.62829],
          [-120.568, 31.6336],
          [-120.54183, 31.63785],
          [-120.52488, 31.65907],
          [-120.52064, 31.66437],
          [-120.50369, 31.68559],
          [-120.49945, 31.6909],
          [-120.48248, 31.71211],
          [-120.47824, 31.71742],
          [-120.46127, 31.73863],
          [-120.45703, 31.74393],
          [-120.43083, 31.74816],
          [-120.41384, 31.76937],
          [-120.40959, 31.77467],
          [-120.3926, 31.79587],
          [-120.38835, 31.80117],
          [-120.37135, 31.82237],
          [-120.3671, 31.82767],
          [-120.35009, 31.84887],
          [-120.34584, 31.85417],
          [-120.32882, 31.87536],
          [-120.32457, 31.88066],
          [-120.29833, 31.88487],
          [-120.2813, 31.90605],
          [-120.27704, 31.91135],
          [-120.26, 31.93253],
          [-120.25574, 31.93782],
          [-120.2387, 31.959],
          [-120.23444, 31.9643],
          [-120.21738, 31.98547],
          [-120.21312, 31.99077],
          [-120.18685, 31.99496],
          [-120.16979, 32.01612],
          [-120.16552, 32.02142],
          [-120.14845, 32.04258],
          [-120.14418, 32.04787],
          [-120.12709, 32.06903],
          [-120.12282, 32.07432],
          [-120.10573, 32.09548],
          [-120.10146, 32.10077],
          [-120.08436, 32.12193],
          [-120.08008, 32.12721],
          [-120.05378, 32.13138],
          [-120.03667, 32.15253],
          [-120.03239, 32.15781],
          [-120.01527, 32.17896],
          [-120.01099, 32.18424],
          [-119.99387, 32.20539],
          [-119.98958, 32.21067],
          [-119.96326, 32.21482],
          [-119.94612, 32.23595],
          [-119.94183, 32.24124],
          [-119.9155, 32.24538],
          [-119.89835, 32.26651],
          [-119.89406, 32.27179],
          [-119.8769, 32.29291],
          [-119.8726, 32.29819],
          [-119.85544, 32.31931],
          [-119.86032, 32.34158],
          [-119.85603, 32.34686],
          [-119.83885, 32.36798],
          [-119.83455, 32.37326],
          [-119.81736, 32.39437],
          [-119.81307, 32.39965],
          [-119.78669, 32.40377],
          [-119.76949, 32.42487],
          [-119.76519, 32.43015],
          [-119.74798, 32.45125],
          [-119.74368, 32.45653],
          [-119.72646, 32.47763],
          [-119.72216, 32.4829],
          [-119.70493, 32.504],
          [-119.70062, 32.50927],
          [-119.68339, 32.53036],
          [-119.67908, 32.53564],
          [-119.65267, 32.53973],
          [-119.63542, 32.56082],
          [-119.63111, 32.56609],
          [-119.61386, 32.58717],
          [-119.60954, 32.59244],
          [-119.59228, 32.61352],
          [-119.58796, 32.61879],
          [-119.57069, 32.63986],
          [-119.56637, 32.64513],
          [-119.53994, 32.6492],
          [-119.52265, 32.67027],
          [-119.51833, 32.67554],
          [-119.50104, 32.6966],
          [-119.49671, 32.70187],
          [-119.47941, 32.72293],
          [-119.47509, 32.72819],
          [-119.45778, 32.74925],
          [-119.45345, 32.75451],
          [-119.43614, 32.77556],
          [-119.43181, 32.78083],
          [-119.41448, 32.80188],
          [-119.41015, 32.80714],
          [-119.38367, 32.81119],
          [-119.36633, 32.83223],
          [-119.362, 32.83749],
          [-119.3355, 32.84153],
          [-119.31815, 32.86257],
          [-119.31381, 32.86783],
          [-119.29646, 32.88886],
          [-119.29212, 32.89411],
          [-119.27475, 32.91514],
          [-119.27041, 32.9204],
          [-119.24389, 32.92442],
          [-119.22651, 32.94545],
          [-119.22217, 32.9507],
          [-119.20478, 32.97172],
          [-119.20043, 32.97697],
          [-119.18303, 32.99799],
          [-119.17868, 33.00324],
          [-119.15215, 33.00725],
          [-119.13474, 33.02825],
          [-119.13038, 33.03351],
          [-119.10384, 33.03751],
          [-119.08641, 33.05851],
          [-119.08206, 33.06376],
          [-119.0555, 33.06775],
          [-119.03807, 33.08874],
          [-119.03371, 33.09399],
          [-119.01626, 33.11498],
          [-119.0119, 33.12023],
          [-118.98533, 33.12421],
          [-118.96787, 33.14519],
          [-118.96351, 33.15044],
          [-118.94604, 33.17141],
          [-118.94167, 33.17666],
          [-118.91509, 33.18063],
          [-118.89761, 33.2016],
          [-118.89323, 33.20684],
          [-118.87575, 33.22781],
          [-118.87137, 33.23305],
          [-118.85388, 33.25402],
          [-118.8495, 33.25926],
          [-118.82289, 33.26321],
          [-118.80538, 33.28417],
          [-118.801, 33.28941],
          [-118.78349, 33.31036],
          [-118.77911, 33.3156],
          [-118.76158, 33.33655],
          [-118.7572, 33.34179],
          [-118.73966, 33.36273],
          [-118.73528, 33.36797],
          [-118.70864, 33.3719],
          [-118.69109, 33.39284],
          [-118.6867, 33.39807],
          [-118.66006, 33.402],
          [-118.6425, 33.42293],
          [-118.63811, 33.42816],
          [-118.62054, 33.44909],
          [-118.61614, 33.45432],
          [-118.58948, 33.45824],
          [-118.5719, 33.47916],
          [-118.5675, 33.48439],
          [-118.54991, 33.5053],
          [-118.54551, 33.51053],
          [-118.52791, 33.53145],
          [-118.52351, 33.53668],
          [-118.5059, 33.55759],
          [-118.5015, 33.56281],
          [-118.47481, 33.5667],
          [-118.45718, 33.58761],
          [-118.45278, 33.59283],
          [-118.43515, 33.61373],
          [-118.43074, 33.61896],
          [-118.4131, 33.63985],
          [-118.40869, 33.64507],
          [-118.39104, 33.66597],
          [-118.38663, 33.67119],
          [-118.35991, 33.67506],
          [-118.34225, 33.69594],
          [-118.33783, 33.70117],
          [-118.32017, 33.72205],
          [-118.31575, 33.72727],
          [-118.29807, 33.74814],
          [-118.29365, 33.75336],
          [-118.27597, 33.77423],
          [-118.27155, 33.77945],
          [-118.25385, 33.80032],
          [-118.24943, 33.80554],
          [-118.23173, 33.8264],
          [-118.2273, 33.83162],
          [-118.20959, 33.85248],
          [-118.20516, 33.85769],
          [-118.18745, 33.87855],
          [-118.18302, 33.88376],
          [-118.16529, 33.90462],
          [-118.16086, 33.90983],
          [-118.14312, 33.93068],
          [-118.13869, 33.93589],
          [-118.1119, 33.93972],
          [-118.09415, 33.96056],
          [-118.08971, 33.96577],
          [-118.07196, 33.98661],
          [-118.06752, 33.99182],
          [-118.04071, 33.99563],
          [-118.02294, 34.01646],
          [-118.0185, 34.02167],
          [-118.00072, 34.0425],
          [-117.99627, 34.0477],
          [-117.97849, 34.06853],
          [-117.97404, 34.07373],
          [-117.95624, 34.09455],
          [-117.95179, 34.09975],
          [-117.93399, 34.12057],
          [-117.92954, 34.12577],
          [-117.91173, 34.14658],
          [-117.90728, 34.15179],
          [-117.88946, 34.17259],
          [-117.885, 34.17779],
          [-117.86717, 34.1986],
          [-117.86272, 34.2038],
          [-117.84488, 34.2246],
          [-117.84042, 34.22979],
          [-117.82258, 34.25059],
          [-117.82714, 34.2728],
          [-117.82268, 34.278],
          [-117.80483, 34.29879],
          [-117.80036, 34.30399],
          [-117.7825, 34.32477],
          [-117.77803, 34.32997],
          [-117.76016, 34.35075],
          [-117.75569, 34.35595],
          [-117.73781, 34.37673],
          [-117.74237, 34.39893],
          [-117.7379, 34.40413],
          [-117.72001, 34.4249],
          [-117.71553, 34.43009],
          [-117.69763, 34.45086],
          [-117.69316, 34.45605],
          [-117.67525, 34.47682],
          [-117.67077, 34.48201],
          [-117.65286, 34.50277],
          [-117.64838, 34.50796],
          [-117.63045, 34.52872],
          [-117.62597, 34.5339],
          [-117.60804, 34.55466],
          [-117.60355, 34.55984],
          [-117.58561, 34.58059],
          [-117.58113, 34.58578],
          [-117.56318, 34.60652],
          [-117.55869, 34.61171],
          [-117.54073, 34.63245],
          [-117.53624, 34.63763],
          [-117.51828, 34.65837],
          [-117.51378, 34.66355],
          [-117.49581, 34.68429],
          [-117.49132, 34.68947],
          [-117.47333, 34.7102],
          [-117.46884, 34.71538],
          [-117.44184, 34.71909],
          [-117.42384, 34.73981],
          [-117.41934, 34.74499],
          [-117.40133, 34.7657],
          [-117.40584, 34.7879],
          [-117.40134, 34.79307],
          [-117.38332, 34.81378],
          [-117.37882, 34.81896],
          [-117.36079, 34.83967],
          [-117.35628, 34.84485],
          [-117.33825, 34.86555],
          [-117.33374, 34.87072],
          [-117.3157, 34.89142],
          [-117.31119, 34.8966],
          [-117.29314, 34.91729],
          [-117.28863, 34.92246],
          [-117.27057, 34.94315],
          [-117.26605, 34.94833],
          [-117.24799, 34.96901],
          [-117.24347, 34.97418],
          [-117.22539, 34.99487],
          [-117.22088, 35.00004],
          [-117.1938, 35.0037],
          [-117.17571, 35.02438],
          [-117.17118, 35.02954],
          [-117.15309, 35.05022],
          [-117.14856, 35.05538],
          [-117.13046, 35.07605],
          [-117.12593, 35.08121],
          [-117.10781, 35.10188],
          [-117.10329, 35.10704],
          [-117.08516, 35.1277],
          [-117.08063, 35.13286],
          [-117.0625, 35.15352],
          [-117.05797, 35.15868],
          [-117.03983, 35.17933],
          [-117.03529, 35.18449],
          [-117.01714, 35.20514],
          [-117.01261, 35.2103],
          [-116.99445, 35.23094],
          [-116.98991, 35.2361],
          [-116.97174, 35.25674],
          [-116.9672, 35.26189],
          [-116.94903, 35.28253],
          [-116.94448, 35.28768],
          [-116.9263, 35.30831],
          [-116.92176, 35.31347],
          [-116.90357, 35.33409],
          [-116.89902, 35.33925],
          [-116.88082, 35.35987],
          [-116.87627, 35.36502],
          [-116.85806, 35.38564],
          [-116.85351, 35.39079],
          [-116.83529, 35.4114],
          [-116.83074, 35.41655],
          [-116.81251, 35.43716],
          [-116.81693, 35.45932],
          [-116.81237, 35.46447],
          [-116.79414, 35.48507],
          [-116.78958, 35.49022],
          [-116.77133, 35.51082],
          [-116.76677, 35.51597],
          [-116.74852, 35.53656],
          [-116.74395, 35.54171],
          [-116.72569, 35.5623],
          [-116.72113, 35.56744],
          [-116.70286, 35.58803],
          [-116.70725, 35.61018],
          [-116.70269, 35.61533],
          [-116.6844, 35.6359],
          [-116.67983, 35.64105],
          [-116.66154, 35.66162],
          [-116.65697, 35.66677],
          [-116.63867, 35.68734],
          [-116.6341, 35.69248],
          [-116.61579, 35.71304],
          [-116.62018, 35.73519],
          [-116.6156, 35.74033],
          [-116.59728, 35.76089],
          [-116.60167, 35.78303],
          [-116.59708, 35.78817],
          [-116.57875, 35.80872],
          [-116.57417, 35.81386],
          [-116.55583, 35.83441],
          [-116.56021, 35.85655],
          [-116.55563, 35.86169],
          [-116.53728, 35.88223],
          [-116.53269, 35.88737],
          [-116.51433, 35.90791],
          [-116.5187, 35.93004],
          [-116.51411, 35.93517],
          [-116.49574, 35.95571],
          [-116.50012, 35.97784],
          [-116.50449, 35.99996],
          [-116.49989, 36.00509],
          [-116.48151, 36.02562],
          [-116.48588, 36.04775],
          [-116.48129, 36.05288],
          [-116.46289, 36.0734],
          [-116.46726, 36.09552],
          [-116.47163, 36.11764],
          [-116.46703, 36.12277],
          [-116.44862, 36.14328],
          [-116.45299, 36.1654],
          [-116.44839, 36.17053],
          [-116.42997, 36.19104],
          [-116.43433, 36.21315],
          [-116.42973, 36.21827],
          [-116.41129, 36.23878],
          [-116.41566, 36.26089],
          [-116.41105, 36.26601],
          [-116.39261, 36.28651],
          [-116.39697, 36.30862],
          [-116.39236, 36.31374],
          [-116.3739, 36.33423],
          [-116.37826, 36.35633],
          [-116.37365, 36.36146],
          [-116.35518, 36.38194],
          [-116.35954, 36.40404],
          [-116.35492, 36.40916],
          [-116.33644, 36.42965],
          [-116.3408, 36.45174],
          [-116.33618, 36.45686],
          [-116.31769, 36.47734],
          [-116.31307, 36.48246],
          [-116.29457, 36.50293],
          [-116.29892, 36.52502],
          [-116.29429, 36.53013],
          [-116.27578, 36.5506],
          [-116.27115, 36.55572],
          [-116.25263, 36.57618],
          [-116.25698, 36.59826],
          [-116.25235, 36.60338],
          [-116.23382, 36.62383],
          [-116.23816, 36.64591],
          [-116.23353, 36.65103],
          [-116.21499, 36.67148],
          [-116.21933, 36.69355],
          [-116.21469, 36.69867],
          [-116.19614, 36.71911],
          [-116.20048, 36.74119],
          [-116.19584, 36.7463],
          [-116.17727, 36.76673],
          [-116.18161, 36.7888],
          [-116.17697, 36.79391],
          [-116.15839, 36.81435],
          [-116.15374, 36.81945],
          [-116.13516, 36.83988],
          [-116.13949, 36.86195],
          [-116.13484, 36.86705],
          [-116.11625, 36.88748],
          [-116.12058, 36.90954],
          [-116.11593, 36.91464],
          [-116.09732, 36.93506],
          [-116.09266, 36.94016],
          [-116.07404, 36.96058],
          [-116.07837, 36.98263],
          [-116.07371, 36.98773],
          [-116.05508, 37.00814],
          [-116.05042, 37.01324],
          [-116.03178, 37.03364],
          [-116.0361, 37.0557],
          [-116.03144, 37.06079],
          [-116.01279, 37.08119],
          [-116.01711, 37.10324],
          [-116.01245, 37.10834],
          [-115.99378, 37.12873],
          [-115.9981, 37.15077],
          [-116.00242, 37.17281],
          [-116.00674, 37.19485],
          [-116.00207, 37.19995],
          [-115.98339, 37.22033],
          [-115.98771, 37.24236],
          [-115.99203, 37.2644],
          [-115.99635, 37.28643],
          [-116.00067, 37.30846],
          [-116.02629, 37.32333],
          [-116.0327, 37.32704],
          [-116.03703, 37.34907],
          [-116.06267, 37.36393],
          [-116.06908, 37.36764],
          [-116.09472, 37.3825],
          [-116.10113, 37.38621],
          [-116.10548, 37.40823],
          [-116.13114, 37.42307],
          [-116.13755, 37.42679],
          [-116.16322, 37.44163],
          [-116.16964, 37.44534],
          [-116.174, 37.46735],
          [-116.19968, 37.48218],
          [-116.20611, 37.48589],
          [-116.21048, 37.50789],
          [-116.21486, 37.5299],
          [-116.24056, 37.54472],
          [-116.24699, 37.54842],
          [-116.25137, 37.57042],
          [-116.25576, 37.59242],
          [-116.26015, 37.61442],
          [-116.26454, 37.63641],
          [-116.26893, 37.6584],
          [-116.27333, 37.68039],
          [-116.27772, 37.70238],
          [-116.28212, 37.72436],
          [-116.28652, 37.74634],
          [-116.29092, 37.76832],
          [-116.29533, 37.7903],
          [-116.29973, 37.81228],
          [-116.32551, 37.82707],
          [-116.33196, 37.83077],
          [-116.33638, 37.85274],
          [-116.34079, 37.87471],
          [-116.34521, 37.89668],
          [-116.34963, 37.91864],
          [-116.35405, 37.94061],
          [-116.35848, 37.96257],
          [-116.3629, 37.98452],
          [-116.36733, 38.00648],
          [-116.37176, 38.02843],
          [-116.37619, 38.05039],
          [-116.3715, 38.05548],
          [-116.35274, 38.07582],
          [-116.35717, 38.09777],
          [-116.3616, 38.11972],
          [-116.36603, 38.14166],
          [-116.37047, 38.1636],
          [-116.3749, 38.18554],
          [-116.37934, 38.20748],
          [-116.37465, 38.21256],
          [-116.35586, 38.2329],
          [-116.3603, 38.25483],
          [-116.3556, 38.25992],
          [-116.3368, 38.28025],
          [-116.34123, 38.30218],
          [-116.33653, 38.30726],
          [-116.31772, 38.32758],
          [-116.32215, 38.34951],
          [-116.31745, 38.35459],
          [-116.29862, 38.3749],
          [-116.30305, 38.39682],
          [-116.29835, 38.4019],
          [-116.27951, 38.42221],
          [-116.28394, 38.44413],
          [-116.27923, 38.44921],
          [-116.26038, 38.46951],
          [-116.25567, 38.47459],
          [-116.23681, 38.49489],
          [-116.24124, 38.5168],
          [-116.24566, 38.53871],
          [-116.25009, 38.56061],
          [-116.25451, 38.58252],
          [-116.25894, 38.60442],
          [-116.26338, 38.62632],
          [-116.28935, 38.64106],
          [-116.29585, 38.64475],
          [-116.30029, 38.66664],
          [-116.29557, 38.67172],
          [-116.27668, 38.692],
          [-116.30267, 38.70674],
          [-116.33072, 38.70327],
          [-116.3496, 38.68298],
          [-116.35432, 38.67791],
          [-116.38236, 38.67443],
          [-116.40122, 38.65413],
          [-116.40593, 38.64905],
          [-116.42478, 38.62875],
          [-116.42949, 38.62367],
          [-116.45752, 38.62018],
          [-116.48554, 38.61668],
          [-116.51356, 38.61318],
          [-116.54158, 38.60968],
          [-116.56959, 38.60617],
          [-116.59761, 38.60265],
          [-116.62562, 38.59913],
          [-116.65363, 38.59561],
          [-116.66013, 38.59928],
          [-116.68616, 38.61397],
          [-116.69266, 38.61764],
          [-116.71869, 38.63232],
          [-116.7252, 38.63599],
          [-116.75124, 38.65067],
          [-116.77926, 38.64712],
          [-116.78578, 38.65079],
          [-116.81183, 38.66546],
          [-116.83985, 38.6619],
          [-116.86787, 38.65835],
          [-116.89589, 38.65478],
          [-116.9239, 38.65122],
          [-116.93042, 38.65488],
          [-116.95649, 38.66952],
          [-116.96301, 38.67318],
          [-116.9891, 38.68782],
          [-116.99562, 38.69148],
          [-117.02171, 38.70611],
          [-117.04973, 38.70252],
          [-117.06847, 38.68215],
          [-117.07315, 38.67706],
          [-117.10117, 38.67347],
          [-117.12918, 38.66987],
          [-117.1572, 38.66626],
          [-117.18521, 38.66265],
          [-117.21321, 38.65904],
          [-117.24122, 38.65542],
          [-117.26923, 38.6518],
          [-117.29723, 38.64817],
          [-117.32523, 38.64454],
          [-117.35323, 38.6409],
          [-117.38122, 38.63726],
          [-117.40922, 38.63362],
          [-117.43721, 38.62997],
          [-117.44374, 38.63361],
          [-117.46988, 38.64818],
          [-117.47642, 38.65182],
          [-117.50257, 38.66638],
          [-117.50911, 38.67002],
          [-117.53526, 38.68458],
          [-117.5418, 38.68822],
          [-117.56797, 38.70276],
          [-117.57451, 38.7064],
          [-117.57922, 38.72826],
          [-117.58393, 38.75011],
          [-117.61012, 38.76465],
          [-117.61667, 38.76828],
          [-117.62139, 38.79013],
          [-117.62611, 38.81197],
          [-117.63083, 38.83382],
          [-117.63556, 38.85566],
          [-117.64028, 38.8775],
          [-117.64501, 38.89933],
          [-117.64974, 38.92116],
          [-117.65448, 38.943],
          [-117.65921, 38.96482],
          [-117.66395, 38.98665],
          [-117.66869, 39.00848],
          [-117.67343, 39.0303],
          [-117.67817, 39.05212],
          [-117.68292, 39.07393],
          [-117.67825, 39.07903],
          [-117.65956, 39.09943],
          [-117.6643, 39.12124],
          [-117.66905, 39.14305],
          [-117.67379, 39.16486],
          [-117.67854, 39.18667],
          [-117.68329, 39.20847],
          [-117.68805, 39.23027],
          [-117.6928, 39.25207],
          [-117.69756, 39.27387],
          [-117.70232, 39.29566],
          [-117.70708, 39.31745],
          [-117.71184, 39.33924],
          [-117.71661, 39.36103],
          [-117.72137, 39.38281],
          [-117.72614, 39.40459],
          [-117.73091, 39.42637],
          [-117.72623, 39.43147],
          [-117.70749, 39.45184],
          [-117.71226, 39.47361],
          [-117.70757, 39.4787],
          [-117.68881, 39.49906],
          [-117.68412, 39.50415],
          [-117.6559, 39.50783],
          [-117.63713, 39.52818],
          [-117.63244, 39.53327],
          [-117.60421, 39.53694],
          [-117.59762, 39.53331],
          [-117.57124, 39.51882],
          [-117.54301, 39.52248],
          [-117.51479, 39.52613],
          [-117.48656, 39.52978],
          [-117.45833, 39.53342],
          [-117.43009, 39.53706],
          [-117.40186, 39.54069],
          [-117.38303, 39.56102],
          [-117.37832, 39.5661],
          [-117.35008, 39.56972],
          [-117.32183, 39.57334],
          [-117.30298, 39.59365],
          [-117.29827, 39.59873],
          [-117.27941, 39.61904],
          [-117.2747, 39.62411],
          [-117.24644, 39.62772],
          [-117.22756, 39.64802],
          [-117.22284, 39.65309],
          [-117.20396, 39.67338],
          [-117.19924, 39.67846],
          [-117.18035, 39.69874],
          [-117.17563, 39.70382],
          [-117.15673, 39.7241],
          [-117.1614, 39.74586],
          [-117.16606, 39.76762],
          [-117.16134, 39.77269],
          [-117.14242, 39.79296],
          [-117.14709, 39.81472],
          [-117.14236, 39.81978],
          [-117.12343, 39.84005],
          [-117.1281, 39.8618],
          [-117.12336, 39.86687],
          [-117.10442, 39.88713],
          [-117.09969, 39.89219],
          [-117.08074, 39.91245],
          [-117.076, 39.91751],
          [-117.05704, 39.93776],
          [-117.0617, 39.9595],
          [-117.05696, 39.96456],
          [-117.03799, 39.98481],
          [-117.04264, 40.00654],
          [-117.0473, 40.02828],
          [-117.05195, 40.05001],
          [-117.05661, 40.07174],
          [-117.05187, 40.07679],
          [-117.03288, 40.09703],
          [-117.03753, 40.11875],
          [-117.04219, 40.14047],
          [-117.04685, 40.16219],
          [-117.05152, 40.18391],
          [-117.05618, 40.20562],
          [-117.06085, 40.22733],
          [-117.06552, 40.24904],
          [-117.07019, 40.27075],
          [-117.06544, 40.2758],
          [-117.04641, 40.29601],
          [-117.05108, 40.31771],
          [-117.04632, 40.32277],
          [-117.02728, 40.34297],
          [-117.03195, 40.36467],
          [-117.03662, 40.38636],
          [-117.04129, 40.40805],
          [-117.04597, 40.42974],
          [-117.0412, 40.43479],
          [-117.02214, 40.45499],
          [-117.02681, 40.47667],
          [-117.03149, 40.49835],
          [-117.02672, 40.5034],
          [-117.00765, 40.52358],
          [-117.00288, 40.52863],
          [-116.98379, 40.54881],
          [-116.98846, 40.57048],
          [-116.99313, 40.59216],
          [-116.98836, 40.5972],
          [-116.96926, 40.61737],
          [-116.97392, 40.63904],
          [-116.97859, 40.6607],
          [-116.98326, 40.68236],
          [-116.98794, 40.70402],
          [-116.98316, 40.70906],
          [-116.96404, 40.72922],
          [-116.96871, 40.75088],
          [-116.97338, 40.77253],
          [-116.97806, 40.79418],
          [-116.98274, 40.81582],
          [-116.97795, 40.82086],
          [-116.95881, 40.84101],
          [-116.96348, 40.86265],
          [-116.96816, 40.88429],
          [-116.96337, 40.88932],
          [-116.94421, 40.90946],
          [-116.94889, 40.93109],
          [-116.97554, 40.94557],
          [-116.98221, 40.94919],
          [-116.98689, 40.97082],
          [-116.9821, 40.97585],
          [-116.96293, 40.99598],
          [-116.96761, 41.01761],
          [-116.9723, 41.03923],
          [-116.97699, 41.06085],
          [-116.97219, 41.06588],
          [-116.953, 41.08599],
          [-116.95768, 41.10761],
          [-116.96237, 41.12922],
          [-116.95757, 41.13425],
          [-116.93837, 41.15436],
          [-116.94305, 41.17596],
          [-116.94774, 41.19757],
          [-116.94293, 41.20259],
          [-116.92371, 41.22269],
          [-116.9284, 41.24429],
          [-116.92359, 41.24931],
          [-116.90436, 41.26941],
          [-116.90904, 41.291],
          [-116.90423, 41.29602],
          [-116.88498, 41.31611],
          [-116.88966, 41.3377],
          [-116.88485, 41.34272],
          [-116.86559, 41.3628],
          [-116.87027, 41.38438],
          [-116.86545, 41.3894],
          [-116.84618, 41.40947],
          [-116.85086, 41.43105],
          [-116.84604, 41.43606],
          [-116.82675, 41.45613],
          [-116.83143, 41.4777],
          [-116.82661, 41.48272],
          [-116.80731, 41.50277],
          [-116.81198, 41.52434],
          [-116.80716, 41.52935],
          [-116.78785, 41.5494],
          [-116.79252, 41.57097],
          [-116.78769, 41.57598],
          [-116.76836, 41.59602],
          [-116.76353, 41.60103],
          [-116.7442, 41.62107],
          [-116.74887, 41.64262],
          [-116.74403, 41.64763],
          [-116.72469, 41.66766],
          [-116.72935, 41.68921],
          [-116.72451, 41.69421],
          [-116.70515, 41.71424],
          [-116.70981, 41.73578],
          [-116.70497, 41.74079],
          [-116.6856, 41.7608],
          [-116.69026, 41.78234],
          [-116.68542, 41.78734],
          [-116.66603, 41.80735],
          [-116.66119, 41.81235],
          [-116.64179, 41.83235],
          [-116.64645, 41.85389],
          [-116.6416, 41.85888],
          [-116.62219, 41.87888],
          [-116.62684, 41.90041],
          [-116.62199, 41.9054],
          [-116.60257, 41.92539],
          [-116.59771, 41.93039],
          [-116.57828, 41.95037],
          [-116.58293, 41.97189],
          [-116.57807, 41.97688],
          [-116.55863, 41.99686],
          [-116.55377, 42.00185],
          [-116.53432, 42.02182],
          [-116.52945, 42.02681],
          [-116.50999, 42.04677],
          [-116.50512, 42.05176],
          [-116.47616, 42.0552],
          [-116.45668, 42.07516],
          [-116.45181, 42.08014],
          [-116.43232, 42.10009],
          [-116.42745, 42.10508],
          [-116.40795, 42.12502],
          [-116.40308, 42.13001],
          [-116.38357, 42.14995],
          [-116.37869, 42.15493],
          [-116.34969, 42.15835],
          [-116.33017, 42.17827],
          [-116.32529, 42.18326],
          [-116.30576, 42.20318],
          [-116.30087, 42.20816],
          [-116.28133, 42.22808],
          [-116.27644, 42.23306],
          [-116.24742, 42.23645],
          [-116.22786, 42.25636],
          [-116.22297, 42.26134],
          [-116.2034, 42.28124],
          [-116.19851, 42.28622],
          [-116.17893, 42.30612],
          [-116.17403, 42.31109],
          [-116.15445, 42.33098],
          [-116.14955, 42.33595],
          [-116.12995, 42.35584],
          [-116.12505, 42.36081],
          [-116.09598, 42.36418],
          [-116.07637, 42.38406],
          [-116.07147, 42.38903],
          [-116.05184, 42.4089],
          [-116.04694, 42.41387],
          [-116.01785, 42.41723],
          [-115.99821, 42.43709],
          [-115.9933, 42.44206],
          [-115.97365, 42.46191],
          [-115.96874, 42.46688],
          [-115.93963, 42.47022],
          [-115.91052, 42.47356],
          [-115.89085, 42.49341],
          [-115.88593, 42.49837],
          [-115.85682, 42.5017],
          [-115.8277, 42.50503],
          [-115.808, 42.52486],
          [-115.80308, 42.52982],
          [-115.77395, 42.53313],
          [-115.74481, 42.53645],
          [-115.7251, 42.55627],
          [-115.72017, 42.56122],
          [-115.69103, 42.56452],
          [-115.67129, 42.58433],
          [-115.66636, 42.58929],
          [-115.63721, 42.59258],
          [-115.61746, 42.61238],
          [-115.61252, 42.61733],
          [-115.58336, 42.62062],
          [-115.55419, 42.6239],
          [-115.53442, 42.64369],
          [-115.52948, 42.64863],
          [-115.50031, 42.65191],
          [-115.48052, 42.67169],
          [-115.47557, 42.67663],
          [-115.44639, 42.67989],
          [-115.4172, 42.68315],
          [-115.38801, 42.6864],
          [-115.3682, 42.70617],
          [-115.36324, 42.71111],
          [-115.33404, 42.71435],
          [-115.30484, 42.71759],
          [-115.27564, 42.72083],
          [-115.2558, 42.74057],
          [-115.25083, 42.74551],
          [-115.22162, 42.74874],
          [-115.19241, 42.75196],
          [-115.17254, 42.77169],
          [-115.16757, 42.77663],
          [-115.13835, 42.77984],
          [-115.11846, 42.79956],
          [-115.11349, 42.80449],
          [-115.08426, 42.8077],
          [-115.06436, 42.82741],
          [-115.05938, 42.83234],
          [-115.03014, 42.83554],
          [-115.01022, 42.85524],
          [-115.00524, 42.86017],
          [-114.97599, 42.86335],
          [-114.94673, 42.86653],
          [-114.91747, 42.86971],
          [-114.89753, 42.8894],
          [-114.89254, 42.89432],
          [-114.86327, 42.89749],
          [-114.834, 42.90065],
          [-114.81403, 42.92033],
          [-114.80904, 42.92525],
          [-114.77976, 42.9284],
          [-114.75048, 42.93155],
          [-114.73049, 42.95121],
          [-114.72549, 42.95613],
          [-114.6962, 42.95927],
          [-114.67619, 42.97892],
          [-114.67119, 42.98384],
          [-114.64189, 42.98697],
          [-114.61259, 42.99009],
          [-114.59256, 43.00973],
          [-114.58755, 43.01464],
          [-114.55823, 43.01776],
          [-114.52892, 43.02087],
          [-114.50887, 43.0405],
          [-114.50385, 43.04541],
          [-114.47453, 43.04851],
          [-114.4452, 43.05161],
          [-114.42513, 43.07122],
          [-114.42011, 43.07613],
          [-114.39077, 43.07922],
          [-114.37068, 43.09882],
          [-114.36565, 43.10373],
          [-114.33631, 43.1068],
          [-114.3162, 43.1264],
          [-114.31117, 43.1313],
          [-114.28181, 43.13437],
          [-114.26169, 43.15396],
          [-114.25666, 43.15886],
          [-114.22729, 43.16192],
          [-114.19792, 43.16498],
          [-114.17778, 43.18455],
          [-114.17274, 43.18945],
          [-114.14336, 43.19249],
          [-114.11398, 43.19554],
          [-114.0846, 43.19857],
          [-114.05522, 43.20161],
          [-114.03503, 43.22116],
          [-114.02999, 43.22605],
          [-114.0006, 43.22908],
          [-113.9712, 43.23209],
          [-113.94181, 43.23511],
          [-113.91241, 43.23812],
          [-113.88301, 43.24112],
          [-113.85361, 43.24412],
          [-113.82421, 43.24712],
          [-113.7948, 43.25011],
          [-113.7654, 43.2531],
          [-113.74514, 43.27261],
          [-113.74008, 43.27749],
          [-113.71066, 43.28047],
          [-113.68125, 43.28344],
          [-113.65183, 43.28641],
          [-113.6224, 43.28937],
          [-113.59298, 43.29233],
          [-113.57269, 43.31183],
          [-113.56761, 43.3167],
          [-113.53818, 43.31965],
          [-113.50874, 43.32259],
          [-113.47931, 43.32553],
          [-113.44987, 43.32847],
          [-113.42043, 43.3314],
          [-113.39099, 43.33432],
          [-113.36154, 43.33724],
          [-113.3321, 43.34016],
          [-113.30265, 43.34307],
          [-113.2732, 43.34598],
          [-113.24375, 43.34888],
          [-113.2143, 43.35178],
          [-113.18485, 43.35467],
          [-113.15539, 43.35756],
          [-113.135, 43.377],
          [-113.1299, 43.38185],
          [-113.10043, 43.38473],
          [-113.07097, 43.38761],
          [-113.0415, 43.39048],
          [-113.01203, 43.39334],
          [-112.98255, 43.3962],
          [-112.95308, 43.39906],
          [-112.92361, 43.40191],
          [-112.89413, 43.40475],
          [-112.86465, 43.40759],
          [-112.84419, 43.42699],
          [-112.83907, 43.43184],
          [-112.80958, 43.43468],
          [-112.78009, 43.4375],
          [-112.7506, 43.44032],
          [-112.72111, 43.44314],
          [-112.70061, 43.46252],
          [-112.69548, 43.46737],
          [-112.66598, 43.47018],
          [-112.63647, 43.47298],
          [-112.61595, 43.49235],
          [-112.61082, 43.49719],
          [-112.58131, 43.49999],
          [-112.55179, 43.50278],
          [-112.52227, 43.50556],
          [-112.49275, 43.50834],
          [-112.4722, 43.52769],
          [-112.46706, 43.53253],
          [-112.43753, 43.5353],
          [-112.408, 43.53806],
          [-112.37846, 43.54082],
          [-112.34893, 43.54358],
          [-112.31939, 43.54633],
          [-112.28985, 43.54908],
          [-112.26031, 43.55182],
          [-112.2397, 43.57114],
          [-112.23455, 43.57597],
          [-112.205, 43.5787],
          [-112.17545, 43.58143],
          [-112.15482, 43.60074],
          [-112.14966, 43.60556],
          [-112.1201, 43.60828],
          [-112.09053, 43.611],
          [-112.06988, 43.63029],
          [-112.06471, 43.63511],
          [-112.03514, 43.63782],
          [-112.00557, 43.64052],
          [-112, 43.64103]
        ]
      }
    },
    {
      "type": "Feature",
      "id": "2026082106_f084_14000_001",
      "properties": {
        "product_id": "winter_storm_levels",
        "source_id": "nbm_snow_level",
        "parameter": "snow_level",
        "definition": "height of the wet-bulb 0.5 degree C surface",
        "level_ft_msl": 14000,
        "label": "14,000 ft MSL",
        "unit": "ft_msl",
        "cycle_time_utc": "2026-08-21T06:00:00Z",
        "valid_time_utc": "2026-08-24T18:00:00Z",
        "lead_hours": 84,
        "segment": 1,
        "length_m": 1209095
      },
      "geometry": {
        "type": "LineString",
        "coordinates": [
          [-117.35793, 30.21629],
          [-117.34636, 30.23029],
          [-117.35068, 30.25272],
          [-117.34851, 30.25534],
          [-117.32902, 30.27888],
          [-117.32686, 30.2815],
          [-117.30736, 30.30504],
          [-117.31167, 30.32748],
          [-117.30951, 30.33009],
          [-117.28352, 30.33382],
          [-117.264, 30.35735],
          [-117.26831, 30.37978],
          [-117.26614, 30.3824],
          [-117.24661, 30.40593],
          [-117.24444, 30.40854],
          [-117.22491, 30.43207],
          [-117.22274, 30.43469],
          [-117.20319, 30.45821],
          [-117.20749, 30.48064],
          [-117.20532, 30.48325],
          [-117.18576, 30.50678],
          [-117.18359, 30.50939],
          [-117.16402, 30.53291],
          [-117.16832, 30.55533],
          [-117.16615, 30.55795],
          [-117.14657, 30.58146],
          [-117.15086, 30.60388],
          [-117.14869, 30.6065],
          [-117.1291, 30.63001],
          [-117.13339, 30.65243],
          [-117.13121, 30.65504],
          [-117.11161, 30.67855],
          [-117.10944, 30.68116],
          [-117.08983, 30.70466],
          [-117.08765, 30.70727],
          [-117.06803, 30.73077],
          [-117.07231, 30.75319],
          [-117.07013, 30.7558],
          [-117.0505, 30.77929],
          [-117.05479, 30.80171],
          [-117.05261, 30.80432],
          [-117.03296, 30.82781],
          [-117.03078, 30.83042],
          [-117.01113, 30.8539],
          [-117.01541, 30.87632],
          [-117.01969, 30.89874],
          [-117.01751, 30.90135],
          [-116.99784, 30.92483],
          [-117.00212, 30.94725],
          [-116.99993, 30.94986],
          [-116.98026, 30.97333],
          [-116.97807, 30.97594],
          [-116.95839, 30.99941],
          [-116.96266, 31.02182],
          [-116.96047, 31.02443],
          [-116.94077, 31.0479],
          [-116.93858, 31.05051],
          [-116.91888, 31.07397],
          [-116.92315, 31.09638],
          [-116.92096, 31.09899],
          [-116.90124, 31.12245],
          [-116.90551, 31.14486],
          [-116.90978, 31.16727],
          [-116.90758, 31.16987],
          [-116.88785, 31.19333],
          [-116.89212, 31.21574],
          [-116.88992, 31.21834],
          [-116.87018, 31.24179],
          [-116.87445, 31.2642],
          [-116.87871, 31.2866],
          [-116.88298, 31.30901],
          [-116.88079, 31.31161],
          [-116.86102, 31.33506],
          [-116.86529, 31.35746],
          [-116.8631, 31.36006],
          [-116.84332, 31.3835],
          [-116.84759, 31.4059],
          [-116.84539, 31.40851],
          [-116.8256, 31.43194],
          [-116.82987, 31.45434],
          [-116.83413, 31.47674],
          [-116.83193, 31.47934],
          [-116.81213, 31.50277],
          [-116.8164, 31.52517],
          [-116.82066, 31.54757],
          [-116.81846, 31.55017],
          [-116.79865, 31.57359],
          [-116.79644, 31.5762],
          [-116.77662, 31.59962],
          [-116.78088, 31.62201],
          [-116.77868, 31.62461],
          [-116.75884, 31.64803],
          [-116.7631, 31.67042],
          [-116.76089, 31.67302],
          [-116.74104, 31.69643],
          [-116.7453, 31.71882],
          [-116.7431, 31.72142],
          [-116.72324, 31.74483],
          [-116.72749, 31.76722],
          [-116.72528, 31.76982],
          [-116.70541, 31.79322],
          [-116.70967, 31.81561],
          [-116.70746, 31.81821],
          [-116.68757, 31.8416],
          [-116.69182, 31.86399],
          [-116.68961, 31.86659],
          [-116.66972, 31.88998],
          [-116.67397, 31.91236],
          [-116.67176, 31.91496],
          [-116.65185, 31.93835],
          [-116.6561, 31.96073],
          [-116.66035, 31.98311],
          [-116.65814, 31.98571],
          [-116.63821, 32.00909],
          [-116.64246, 32.03147],
          [-116.64025, 32.03406],
          [-116.62031, 32.05744],
          [-116.62456, 32.07982],
          [-116.62234, 32.08241],
          [-116.6024, 32.10579],
          [-116.60664, 32.12816],
          [-116.60442, 32.13076],
          [-116.58446, 32.15413],
          [-116.58225, 32.15672],
          [-116.56228, 32.18009],
          [-116.56652, 32.20246],
          [-116.5643, 32.20505],
          [-116.54432, 32.22841],
          [-116.54856, 32.25078],
          [-116.54634, 32.25338],
          [-116.52634, 32.27673],
          [-116.53058, 32.2991],
          [-116.52836, 32.30169],
          [-116.50835, 32.32504],
          [-116.51259, 32.34741],
          [-116.51037, 32.35],
          [-116.49035, 32.37335],
          [-116.48812, 32.37594],
          [-116.4681, 32.39928],
          [-116.46587, 32.40188],
          [-116.44584, 32.42521],
          [-116.44361, 32.4278],
          [-116.42357, 32.45114],
          [-116.42134, 32.45373],
          [-116.40129, 32.47706],
          [-116.39906, 32.47965],
          [-116.379, 32.50298],
          [-116.38321, 32.52533],
          [-116.38098, 32.52792],
          [-116.36091, 32.55124],
          [-116.35868, 32.55384],
          [-116.33859, 32.57715],
          [-116.33636, 32.57974],
          [-116.31627, 32.60305],
          [-116.31404, 32.60564],
          [-116.29394, 32.62895],
          [-116.2917, 32.63154],
          [-116.27159, 32.65484],
          [-116.27579, 32.67719],
          [-116.27356, 32.67978],
          [-116.25343, 32.70308],
          [-116.25763, 32.72543],
          [-116.2554, 32.72802],
          [-116.23526, 32.75131],
          [-116.23946, 32.77366],
          [-116.23722, 32.77625],
          [-116.21707, 32.79954],
          [-116.22127, 32.82188],
          [-116.22547, 32.84423],
          [-116.22323, 32.84681],
          [-116.20306, 32.8701],
          [-116.20726, 32.89244],
          [-116.21146, 32.91478],
          [-116.20922, 32.91737],
          [-116.18904, 32.94064],
          [-116.19323, 32.96298],
          [-116.19099, 32.96557],
          [-116.1708, 32.98884],
          [-116.17499, 33.01117],
          [-116.17919, 33.03351],
          [-116.17694, 33.0361],
          [-116.15674, 33.05936],
          [-116.16093, 33.08169],
          [-116.15869, 33.08428],
          [-116.13847, 33.10754],
          [-116.14266, 33.12987],
          [-116.14041, 33.13245],
          [-116.12018, 33.15571],
          [-116.12437, 33.17804],
          [-116.12212, 33.18062],
          [-116.10188, 33.20387],
          [-116.10607, 33.2262],
          [-116.10382, 33.22878],
          [-116.08356, 33.25202],
          [-116.08775, 33.27435],
          [-116.0855, 33.27693],
          [-116.06523, 33.30017],
          [-116.06298, 33.30275],
          [-116.0427, 33.32598],
          [-116.04688, 33.3483],
          [-116.04463, 33.35089],
          [-116.02434, 33.37412],
          [-116.02208, 33.3767],
          [-116.00179, 33.39992],
          [-115.99953, 33.4025],
          [-115.97922, 33.42572],
          [-115.98339, 33.44804],
          [-115.98114, 33.45062],
          [-115.96082, 33.47383],
          [-115.95856, 33.47641],
          [-115.93823, 33.49962],
          [-115.9424, 33.52194],
          [-115.94014, 33.52451],
          [-115.91979, 33.54772],
          [-115.91753, 33.5503],
          [-115.89718, 33.5735],
          [-115.90134, 33.59581],
          [-115.89908, 33.59839],
          [-115.87872, 33.62158],
          [-115.87646, 33.62416],
          [-115.85608, 33.64735],
          [-115.85382, 33.64993],
          [-115.83344, 33.67311],
          [-115.83759, 33.69542],
          [-115.83532, 33.69799],
          [-115.81493, 33.72117],
          [-115.81908, 33.74348],
          [-115.81681, 33.74605],
          [-115.79641, 33.76923],
          [-115.80055, 33.79153],
          [-115.79829, 33.7941],
          [-115.77787, 33.81727],
          [-115.7756, 33.81985],
          [-115.75517, 33.84301],
          [-115.7529, 33.84559],
          [-115.73246, 33.86875],
          [-115.73019, 33.87132],
          [-115.70974, 33.89448],
          [-115.70747, 33.89705],
          [-115.68701, 33.9202],
          [-115.68474, 33.92278],
          [-115.66427, 33.94592],
          [-115.6684, 33.96822],
          [-115.66613, 33.97079],
          [-115.64565, 33.99393],
          [-115.64337, 33.9965],
          [-115.62288, 34.01964],
          [-115.62701, 34.04193],
          [-115.62473, 34.0445],
          [-115.60423, 34.06763],
          [-115.60835, 34.08991],
          [-115.60607, 34.09248],
          [-115.58556, 34.11561],
          [-115.58328, 34.11818],
          [-115.56275, 34.1413],
          [-115.56687, 34.16358],
          [-115.56459, 34.16615],
          [-115.54405, 34.18927],
          [-115.54177, 34.19184],
          [-115.52123, 34.21495],
          [-115.51894, 34.21752],
          [-115.49839, 34.24062],
          [-115.5025, 34.2629],
          [-115.50021, 34.26547],
          [-115.47964, 34.28857],
          [-115.47736, 34.29114],
          [-115.45678, 34.31423],
          [-115.46088, 34.33651],
          [-115.4586, 34.33907],
          [-115.43801, 34.36216],
          [-115.44211, 34.38443],
          [-115.43982, 34.387],
          [-115.41922, 34.41009],
          [-115.41693, 34.41265],
          [-115.39631, 34.43573],
          [-115.39402, 34.4383],
          [-115.3734, 34.46137],
          [-115.37749, 34.48364],
          [-115.3752, 34.4862],
          [-115.35457, 34.50927],
          [-115.35228, 34.51183],
          [-115.33163, 34.5349],
          [-115.32934, 34.53746],
          [-115.30869, 34.56052],
          [-115.30639, 34.56309],
          [-115.27936, 34.56644],
          [-115.25869, 34.5895],
          [-115.25639, 34.59206],
          [-115.23571, 34.61511],
          [-115.23342, 34.61767],
          [-115.21273, 34.64071],
          [-115.21043, 34.64327],
          [-115.18973, 34.66631],
          [-115.18743, 34.66887],
          [-115.16673, 34.6919],
          [-115.16443, 34.69446],
          [-115.14371, 34.71749],
          [-115.14141, 34.72005],
          [-115.12068, 34.74307],
          [-115.11838, 34.74563],
          [-115.09765, 34.76865],
          [-115.09534, 34.77121],
          [-115.0746, 34.79422],
          [-115.07864, 34.81647],
          [-115.07633, 34.81903],
          [-115.05558, 34.84204],
          [-115.05327, 34.8446],
          [-115.0325, 34.8676],
          [-115.03654, 34.88985],
          [-115.03423, 34.8924],
          [-115.01345, 34.9154],
          [-115.01114, 34.91796],
          [-114.99036, 34.94095],
          [-114.98805, 34.9435],
          [-114.96725, 34.96649],
          [-114.96494, 34.96905],
          [-114.94413, 34.99203],
          [-114.94815, 35.01427],
          [-114.94584, 35.01682],
          [-114.92502, 35.0398],
          [-114.9227, 35.04235],
          [-114.90187, 35.06533],
          [-114.89956, 35.06788],
          [-114.87872, 35.09085],
          [-114.8764, 35.0934],
          [-114.85555, 35.11637],
          [-114.85323, 35.11892],
          [-114.83238, 35.14188],
          [-114.83006, 35.14443],
          [-114.80919, 35.16738],
          [-114.80687, 35.16993],
          [-114.78599, 35.19288],
          [-114.78367, 35.19543],
          [-114.76278, 35.21837],
          [-114.76046, 35.22092],
          [-114.73956, 35.24386],
          [-114.74355, 35.26609],
          [-114.74123, 35.26864],
          [-114.71401, 35.27189],
          [-114.69309, 35.29482],
          [-114.69077, 35.29737],
          [-114.66984, 35.3203],
          [-114.66752, 35.32284],
          [-114.64028, 35.32609],
          [-114.61934, 35.349],
          [-114.61701, 35.35155],
          [-114.58976, 35.35479],
          [-114.5688, 35.37769],
          [-114.56647, 35.38024],
          [-114.54551, 35.40314],
          [-114.54947, 35.42536],
          [-114.54713, 35.42791],
          [-114.52615, 35.4508],
          [-114.53011, 35.47302],
          [-114.52778, 35.47556],
          [-114.50678, 35.49845],
          [-114.51074, 35.52067],
          [-114.5084, 35.52321],
          [-114.4874, 35.54609],
          [-114.49135, 35.5683],
          [-114.48901, 35.57084],
          [-114.46799, 35.59372],
          [-114.47194, 35.61593],
          [-114.47589, 35.63813],
          [-114.47356, 35.64068],
          [-114.45252, 35.66355],
          [-114.45647, 35.68575],
          [-114.45413, 35.68829],
          [-114.43308, 35.71115],
          [-114.43703, 35.73335],
          [-114.43469, 35.73589],
          [-114.41362, 35.75875],
          [-114.41757, 35.78095],
          [-114.41523, 35.78348],
          [-114.39415, 35.80634],
          [-114.39809, 35.82853],
          [-114.39575, 35.83107],
          [-114.37466, 35.85391],
          [-114.3786, 35.8761],
          [-114.37626, 35.87864],
          [-114.35515, 35.90148],
          [-114.35281, 35.90402],
          [-114.3317, 35.92685],
          [-114.33563, 35.94904],
          [-114.33328, 35.95157],
          [-114.31216, 35.9744],
          [-114.31609, 35.99658],
          [-114.31374, 35.99912],
          [-114.2926, 36.02194],
          [-114.29025, 36.02448],
          [-114.26911, 36.04729],
          [-114.27303, 36.06947],
          [-114.27068, 36.072],
          [-114.24952, 36.09481],
          [-114.25344, 36.11699],
          [-114.25109, 36.11952],
          [-114.22991, 36.14232],
          [-114.22756, 36.14486],
          [-114.20638, 36.16766],
          [-114.20402, 36.17019],
          [-114.18283, 36.19299],
          [-114.18674, 36.21515],
          [-114.18438, 36.21768],
          [-114.16318, 36.24047],
          [-114.16082, 36.243],
          [-114.1396, 36.26579],
          [-114.14351, 36.28795],
          [-114.14115, 36.29048],
          [-114.11992, 36.31325],
          [-114.11756, 36.31578],
          [-114.09632, 36.33856],
          [-114.09396, 36.34109],
          [-114.07271, 36.36385],
          [-114.07034, 36.36638],
          [-114.04908, 36.38914],
          [-114.04672, 36.39167],
          [-114.02545, 36.41443],
          [-114.02934, 36.43658],
          [-114.03323, 36.45873],
          [-114.03087, 36.46126],
          [-114.00958, 36.484],
          [-114.01347, 36.50615],
          [-114.01736, 36.5283],
          [-114.02125, 36.55044],
          [-114.01888, 36.55296],
          [-113.99757, 36.5757],
          [-114.00146, 36.59784],
          [-114.00536, 36.61998],
          [-114.00299, 36.62251],
          [-113.9754, 36.62563],
          [-113.95407, 36.64835],
          [-113.9517, 36.65088],
          [-113.93036, 36.6736],
          [-113.92799, 36.67612],
          [-113.90664, 36.69884],
          [-113.90427, 36.70137],
          [-113.88291, 36.72408],
          [-113.88053, 36.7266],
          [-113.85916, 36.74931],
          [-113.86303, 36.77143],
          [-113.86065, 36.77396],
          [-113.83927, 36.79666],
          [-113.83689, 36.79918],
          [-113.8155, 36.82187],
          [-113.81936, 36.84399],
          [-113.81698, 36.84652],
          [-113.79557, 36.8692],
          [-113.79319, 36.87172],
          [-113.77178, 36.89441],
          [-113.7694, 36.89693],
          [-113.74797, 36.9196],
          [-113.74559, 36.92212],
          [-113.72415, 36.9448],
          [-113.72177, 36.94731],
          [-113.70032, 36.96998],
          [-113.69793, 36.9725],
          [-113.67648, 36.99516],
          [-113.67409, 36.99768],
          [-113.64641, 37.00074],
          [-113.62493, 37.02339],
          [-113.62255, 37.02591],
          [-113.60106, 37.04856],
          [-113.59867, 37.05108],
          [-113.57097, 37.05412],
          [-113.54947, 37.07676],
          [-113.54708, 37.07928],
          [-113.52557, 37.10191],
          [-113.52318, 37.10443],
          [-113.50166, 37.12705],
          [-113.49927, 37.12957],
          [-113.47774, 37.15219],
          [-113.47535, 37.1547],
          [-113.44761, 37.15773],
          [-113.42607, 37.18035],
          [-113.42986, 37.20245],
          [-113.42747, 37.20496],
          [-113.40591, 37.22756],
          [-113.4343, 37.24473],
          [-113.43745, 37.24664],
          [-113.44125, 37.26873],
          [-113.46966, 37.28589],
          [-113.47282, 37.2878],
          [-113.47663, 37.30989],
          [-113.50505, 37.32704],
          [-113.50821, 37.32894],
          [-113.51203, 37.35103],
          [-113.51585, 37.37311],
          [-113.5443, 37.39025],
          [-113.54746, 37.39216],
          [-113.55128, 37.41423],
          [-113.55511, 37.43631],
          [-113.55894, 37.45838],
          [-113.56277, 37.48046],
          [-113.56038, 37.48297],
          [-113.53879, 37.50557],
          [-113.54262, 37.52763],
          [-113.54645, 37.5497],
          [-113.54405, 37.55221],
          [-113.52244, 37.5748],
          [-113.52627, 37.59686],
          [-113.5301, 37.61892],
          [-113.5277, 37.62143],
          [-113.50607, 37.64401],
          [-113.5099, 37.66607],
          [-113.5075, 37.66858],
          [-113.48586, 37.69115],
          [-113.48346, 37.69366],
          [-113.46181, 37.71623],
          [-113.46563, 37.73828],
          [-113.46322, 37.74079],
          [-113.44156, 37.76335],
          [-113.44538, 37.7854],
          [-113.44297, 37.7879],
          [-113.4213, 37.81046],
          [-113.42511, 37.8325],
          [-113.42271, 37.83501],
          [-113.40102, 37.85755],
          [-113.39861, 37.86006],
          [-113.37069, 37.86307],
          [-113.34899, 37.88561],
          [-113.34657, 37.88811],
          [-113.32486, 37.91064],
          [-113.32244, 37.91315],
          [-113.29451, 37.91614],
          [-113.27278, 37.93866],
          [-113.27036, 37.94117],
          [-113.24242, 37.94415],
          [-113.21448, 37.94713],
          [-113.19273, 37.96964],
          [-113.19031, 37.97214],
          [-113.16236, 37.97512],
          [-113.14058, 37.99762],
          [-113.13816, 38.00012],
          [-113.1102, 38.00308],
          [-113.08842, 38.02557],
          [-113.08599, 38.02807],
          [-113.0642, 38.05056],
          [-113.06177, 38.05306],
          [-113.03996, 38.07554],
          [-113.03754, 38.07803],
          [-113.01572, 38.10051],
          [-113.0133, 38.10301],
          [-112.99147, 38.12548],
          [-112.98904, 38.12797],
          [-112.9672, 38.15044],
          [-112.96478, 38.15293],
          [-112.94293, 38.17539],
          [-112.94666, 38.19741],
          [-112.94423, 38.19991],
          [-112.92236, 38.22236],
          [-112.91993, 38.22485],
          [-112.89806, 38.2473],
          [-112.89563, 38.24979],
          [-112.87375, 38.27223],
          [-112.87131, 38.27473],
          [-112.84942, 38.29716],
          [-112.84699, 38.29966],
          [-112.82508, 38.32209],
          [-112.82265, 38.32458],
          [-112.80073, 38.347],
          [-112.7983, 38.34949],
          [-112.77637, 38.37191],
          [-112.77394, 38.3744],
          [-112.752, 38.39682],
          [-112.74956, 38.39931],
          [-112.72762, 38.42171],
          [-112.73131, 38.44371],
          [-112.72887, 38.4462],
          [-112.70691, 38.4686],
          [-112.70447, 38.47109],
          [-112.6825, 38.49349],
          [-112.68006, 38.49597],
          [-112.65808, 38.51836],
          [-112.66176, 38.54036],
          [-112.65932, 38.54284],
          [-112.63732, 38.56522],
          [-112.63488, 38.56771],
          [-112.61288, 38.59009],
          [-112.61043, 38.59257],
          [-112.58842, 38.61494],
          [-112.58597, 38.61743],
          [-112.56394, 38.63979],
          [-112.5615, 38.64228],
          [-112.53946, 38.66464],
          [-112.53701, 38.66712],
          [-112.51497, 38.68948],
          [-112.51251, 38.69196],
          [-112.49046, 38.71431],
          [-112.48801, 38.71679],
          [-112.46594, 38.73913],
          [-112.46349, 38.74162],
          [-112.44141, 38.76395],
          [-112.43896, 38.76643],
          [-112.41078, 38.76927],
          [-112.38868, 38.7916],
          [-112.38623, 38.79408],
          [-112.36412, 38.8164],
          [-112.36167, 38.81888],
          [-112.33955, 38.8412],
          [-112.33709, 38.84368],
          [-112.31497, 38.86599],
          [-112.31251, 38.86847],
          [-112.29037, 38.89077],
          [-112.28791, 38.89325],
          [-112.25969, 38.89606],
          [-112.23754, 38.91836],
          [-112.23508, 38.92084],
          [-112.21292, 38.94313],
          [-112.21045, 38.9456],
          [-112.18828, 38.96789],
          [-112.18582, 38.97036],
          [-112.16363, 38.99264],
          [-112.16117, 38.99512],
          [-112.13897, 39.01739],
          [-112.14256, 39.03934],
          [-112.1401, 39.04182],
          [-112.11789, 39.06408],
          [-112.11542, 39.06655],
          [-112.0932, 39.08881],
          [-112.09073, 39.09129],
          [-112.06245, 39.09407],
          [-112.04022, 39.11632],
          [-112.03775, 39.11879],
          [-112.0155, 39.14103],
          [-112.01303, 39.1435],
          [-112, 39.15652]
        ]
      }
    }
  ]
}

