{
  "type": "FeatureCollection",
  "contract_version": "1.0.0",
  "bbox": [-130, 30.24848, -112, 44.5],
  "features": [
    {
      "type": "Feature",
      "id": "2026082200_f150_09000_001",
      "properties": {
        "product_id": "winter_storm_levels",
        "source_id": "nbm_snow_level",
        "parameter": "snow_level",
        "definition": "height of the wet-bulb 0.5 degree C surface",
        "level_ft_msl": 9000,
        "label": "9,000 ft MSL",
        "unit": "ft_msl",
        "cycle_time_utc": "2026-08-22T00:00:00Z",
        "valid_time_utc": "2026-08-28T06:00:00Z",
        "lead_hours": 150,
        "segment": 1,
        "length_m": 1128191.5
      },
      "geometry": {
        "type": "LineString",
        "coordinates": [
          [-130, 38.229],
          [-129.99531, 38.23533],
          [-129.96797, 38.24099],
          [-129.94063, 38.24666],
          [-129.91329, 38.25231],
          [-129.89256, 38.24282],
          [-129.87874, 38.23649],
          [-129.8514, 38.24214],
          [-129.82405, 38.24778],
          [-129.7967, 38.25342],
          [-129.76934, 38.25906],
          [-129.74199, 38.26469],
          [-129.71463, 38.27032],
          [-129.69391, 38.2608],
          [-129.68011, 38.25445],
          [-129.65275, 38.26007],
          [-129.64466, 38.27091],
          [-129.63253, 38.28717],
          [-129.60516, 38.29278],
          [-129.57778, 38.29838],
          [-129.5504, 38.30398],
          [-129.52302, 38.30957],
          [-129.49564, 38.31516],
          [-129.46826, 38.32075],
          [-129.44087, 38.32633],
          [-129.41347, 38.33191],
          [-129.40536, 38.34273],
          [-129.39318, 38.35897],
          [-129.36578, 38.36454],
          [-129.35766, 38.37536],
          [-129.34547, 38.39159],
          [-129.33734, 38.40241],
          [-129.32515, 38.41863],
          [-129.29773, 38.42419],
          [-129.2703, 38.42974],
          [-129.26217, 38.44055],
          [-129.24996, 38.45677],
          [-129.22252, 38.46232],
          [-129.19508, 38.46785],
          [-129.16764, 38.47339],
          [-129.15949, 38.4842],
          [-129.14726, 38.5004],
          [-129.11981, 38.50593],
          [-129.09235, 38.51145],
          [-129.0649, 38.51697],
          [-129.03744, 38.52248],
          [-129.00997, 38.52799],
          [-128.98251, 38.53349],
          [-128.97433, 38.54429],
          [-128.96207, 38.56048],
          [-128.93459, 38.56597],
          [-128.90711, 38.57146],
          [-128.87963, 38.57695],
          [-128.85214, 38.58243],
          [-128.82465, 38.58791],
          [-128.80396, 38.5783],
          [-128.79016, 38.57189],
          [-128.76267, 38.57736],
          [-128.73518, 38.58282],
          [-128.70769, 38.58828],
          [-128.68019, 38.59374],
          [-128.65269, 38.59919],
          [-128.62519, 38.60463],
          [-128.61697, 38.61541],
          [-128.60464, 38.63157],
          [-128.57713, 38.637],
          [-128.54961, 38.64244],
          [-128.52209, 38.64786],
          [-128.49457, 38.65329],
          [-128.46704, 38.65871],
          [-128.43951, 38.66412],
          [-128.41198, 38.66953],
          [-128.38445, 38.67494],
          [-128.35691, 38.68034],
          [-128.32937, 38.68573],
          [-128.30183, 38.69113],
          [-128.27429, 38.69651],
          [-128.24674, 38.7019],
          [-128.21919, 38.70727],
          [-128.19163, 38.71265],
          [-128.16408, 38.71802],
          [-128.1558, 38.72876],
          [-128.14339, 38.74488],
          [-128.11583, 38.75024],
          [-128.08826, 38.7556],
          [-128.06068, 38.76095],
          [-128.03311, 38.7663],
          [-128.02482, 38.77704],
          [-128.01238, 38.79314],
          [-127.98479, 38.79848],
          [-127.9765, 38.80922],
          [-127.96405, 38.82532],
          [-127.95575, 38.83605],
          [-127.94329, 38.85215],
          [-127.91569, 38.85747],
          [-127.88808, 38.8628],
          [-127.86047, 38.86811],
          [-127.85215, 38.87884],
          [-127.83968, 38.89492],
          [-127.81206, 38.90023],
          [-127.78443, 38.90554],
          [-127.77611, 38.91626],
          [-127.76362, 38.93234],
          [-127.73598, 38.93763],
          [-127.70834, 38.94292],
          [-127.70001, 38.95364],
          [-127.6875, 38.96971],
          [-127.65985, 38.97499],
          [-127.65151, 38.9857],
          [-127.63899, 39.00176],
          [-127.61133, 39.00704],
          [-127.58366, 39.01231],
          [-127.57531, 39.02301],
          [-127.56278, 39.03907],
          [-127.5351, 39.04433],
          [-127.50743, 39.04959],
          [-127.49906, 39.06029],
          [-127.48651, 39.07633],
          [-127.45882, 39.08158],
          [-127.43113, 39.08683],
          [-127.40344, 39.09207],
          [-127.37575, 39.0973],
          [-127.36736, 39.10799],
          [-127.35479, 39.12403],
          [-127.32708, 39.12925],
          [-127.29937, 39.13448],
          [-127.27166, 39.13969],
          [-127.26326, 39.15038],
          [-127.25067, 39.1664],
          [-127.22294, 39.17161],
          [-127.21454, 39.18229],
          [-127.20193, 39.19831],
          [-127.1742, 39.20351],
          [-127.16579, 39.21418],
          [-127.15317, 39.23019],
          [-127.12542, 39.23539],
          [-127.117, 39.24606],
          [-127.10437, 39.26206],
          [-127.09595, 39.27273],
          [-127.08331, 39.28873],
          [-127.07488, 39.2994],
          [-127.06224, 39.3154],
          [-127.05381, 39.32606],
          [-127.04116, 39.34206],
          [-127.03272, 39.35272],
          [-127.02006, 39.36871],
          [-127.01162, 39.37937],
          [-127.01831, 39.40085],
          [-127.00565, 39.41684],
          [-126.9972, 39.42749],
          [-127.00389, 39.44897],
          [-127.01058, 39.47044],
          [-127.01727, 39.49191],
          [-127.02397, 39.51338],
          [-127.03778, 39.5199],
          [-127.0656, 39.51473],
          [-127.08632, 39.5245],
          [-127.10013, 39.53101],
          [-127.12086, 39.54078],
          [-127.13468, 39.54729],
          [-127.15541, 39.55705],
          [-127.16923, 39.56356],
          [-127.19706, 39.55837],
          [-127.22489, 39.55317],
          [-127.25271, 39.54797],
          [-127.27346, 39.55772],
          [-127.28729, 39.56422],
          [-127.31511, 39.55901],
          [-127.33586, 39.56875],
          [-127.34263, 39.5902],
          [-127.35647, 39.59669],
          [-127.37723, 39.60643],
          [-127.39107, 39.61291],
          [-127.41184, 39.62264],
          [-127.42569, 39.62913],
          [-127.44647, 39.63885],
          [-127.43384, 39.65485],
          [-127.42542, 39.66552],
          [-127.43221, 39.68695],
          [-127.41957, 39.70294],
          [-127.39171, 39.70817],
          [-127.38328, 39.71883],
          [-127.39007, 39.74026],
          [-127.37742, 39.75624],
          [-127.36899, 39.7669],
          [-127.35633, 39.78288],
          [-127.34789, 39.79354],
          [-127.33523, 39.80952],
          [-127.30734, 39.81472],
          [-127.29889, 39.82537],
          [-127.28622, 39.84135],
          [-127.27777, 39.852],
          [-127.26509, 39.86797],
          [-127.23718, 39.87316],
          [-127.22872, 39.8838],
          [-127.21603, 39.89977],
          [-127.18811, 39.90495],
          [-127.17964, 39.91559],
          [-127.16694, 39.93155],
          [-127.13901, 39.93673],
          [-127.13053, 39.94736],
          [-127.11782, 39.96332],
          [-127.08988, 39.96848],
          [-127.0814, 39.97912],
          [-127.06867, 39.99506],
          [-127.04072, 40.00022],
          [-127.03223, 40.01085],
          [-127.01949, 40.02679],
          [-127.011, 40.03741],
          [-126.99825, 40.05335],
          [-126.97028, 40.0585],
          [-126.96178, 40.06912],
          [-126.9685, 40.09053],
          [-126.95575, 40.10646],
          [-126.94724, 40.11707],
          [-126.93448, 40.133],
          [-126.90648, 40.13813],
          [-126.89797, 40.14875],
          [-126.88519, 40.16467],
          [-126.87667, 40.17528],
          [-126.86389, 40.19119],
          [-126.83587, 40.19632],
          [-126.82735, 40.20692],
          [-126.81456, 40.22283],
          [-126.80602, 40.23344],
          [-126.79322, 40.24934],
          [-126.78469, 40.25995],
          [-126.77188, 40.27585],
          [-126.76334, 40.28645],
          [-126.75053, 40.30235],
          [-126.74199, 40.31294],
          [-126.72917, 40.32884],
          [-126.70111, 40.33394],
          [-126.69256, 40.34453],
          [-126.67973, 40.36042],
          [-126.65166, 40.36551],
          [-126.6431, 40.3761],
          [-126.63025, 40.39198],
          [-126.62169, 40.40257],
          [-126.60884, 40.41844],
          [-126.58075, 40.42352],
          [-126.57218, 40.4341],
          [-126.55932, 40.44997],
          [-126.55074, 40.46055],
          [-126.53788, 40.47642],
          [-126.50977, 40.48149],
          [-126.50119, 40.49206],
          [-126.48831, 40.50793],
          [-126.46019, 40.51298],
          [-126.4516, 40.52355],
          [-126.43871, 40.53941],
          [-126.43011, 40.54998],
          [-126.43675, 40.57135],
          [-126.42385, 40.5872],
          [-126.41525, 40.59777],
          [-126.40235, 40.61362],
          [-126.3742, 40.61866],
          [-126.36559, 40.62922],
          [-126.35267, 40.64506],
          [-126.34406, 40.65562],
          [-126.33113, 40.67146],
          [-126.32252, 40.68201],
          [-126.30959, 40.69785],
          [-126.30096, 40.7084],
          [-126.30759, 40.72976],
          [-126.29465, 40.74559],
          [-126.28602, 40.75614],
          [-126.27308, 40.77197],
          [-126.26445, 40.78252],
          [-126.27107, 40.80387],
          [-126.25812, 40.81969],
          [-126.2299, 40.8247],
          [-126.20168, 40.82971],
          [-126.17346, 40.83471],
          [-126.14523, 40.8397],
          [-126.11701, 40.8447],
          [-126.10835, 40.85523],
          [-126.09537, 40.87104],
          [-126.08671, 40.88157],
          [-126.0933, 40.90292],
          [-126.08031, 40.91872],
          [-126.07164, 40.92925],
          [-126.07824, 40.9506],
          [-126.08483, 40.97194],
          [-126.09143, 40.99328],
          [-126.09803, 41.01462],
          [-126.10464, 41.03595],
          [-126.11124, 41.05728],
          [-126.09823, 41.07307],
          [-126.08956, 41.08359],
          [-126.07654, 41.09938],
          [-126.06786, 41.1099],
          [-126.05484, 41.12568],
          [-126.02653, 41.13065],
          [-125.99821, 41.13561],
          [-125.9699, 41.14057],
          [-125.94158, 41.14553],
          [-125.92064, 41.1357],
          [-125.90668, 41.12915],
          [-125.87837, 41.1341],
          [-125.86966, 41.14461],
          [-125.8566, 41.16037],
          [-125.8479, 41.17087],
          [-125.83483, 41.18663],
          [-125.80649, 41.19156],
          [-125.78556, 41.18173],
          [-125.7716, 41.17517],
          [-125.74327, 41.18009],
          [-125.71493, 41.18501],
          [-125.68658, 41.18992],
          [-125.67785, 41.20042],
          [-125.66476, 41.21616],
          [-125.6364, 41.22107],
          [-125.60805, 41.22597],
          [-125.59931, 41.23646],
          [-125.5862, 41.2522],
          [-125.55783, 41.25709],
          [-125.52946, 41.26198],
          [-125.52071, 41.27246],
          [-125.50758, 41.28819],
          [-125.47919, 41.29307],
          [-125.45081, 41.29794],
          [-125.44205, 41.30842],
          [-125.4289, 41.32414],
          [-125.40051, 41.329],
          [-125.37211, 41.33386],
          [-125.36333, 41.34434],
          [-125.35017, 41.36004],
          [-125.32176, 41.3649],
          [-125.31298, 41.37536],
          [-125.29981, 41.39107],
          [-125.27139, 41.39591],
          [-125.24296, 41.40075],
          [-125.23417, 41.41121],
          [-125.22098, 41.4269],
          [-125.19255, 41.43173],
          [-125.16411, 41.43656],
          [-125.13567, 41.44138],
          [-125.12686, 41.45184],
          [-125.11365, 41.46752],
          [-125.0852, 41.47233],
          [-125.07638, 41.48278],
          [-125.06316, 41.49846],
          [-125.0347, 41.50326],
          [-125.02587, 41.51371],
          [-125.01264, 41.52937],
          [-125.00381, 41.53982],
          [-124.99057, 41.55548],
          [-124.98174, 41.56592],
          [-124.96849, 41.58158],
          [-124.94, 41.58637],
          [-124.93116, 41.59681],
          [-124.9179, 41.61246],
          [-124.90905, 41.6229],
          [-124.89578, 41.63855],
          [-124.86727, 41.64332],
          [-124.85842, 41.65375],
          [-124.84514, 41.6694],
          [-124.81662, 41.67416],
          [-124.80776, 41.68459],
          [-124.79447, 41.70022],
          [-124.78561, 41.71065],
          [-124.77231, 41.72628],
          [-124.74377, 41.73103],
          [-124.7349, 41.74145],
          [-124.72158, 41.75708],
          [-124.69303, 41.76182],
          [-124.66448, 41.76656],
          [-124.6556, 41.77697],
          [-124.64227, 41.79259],
          [-124.61497, 41.80158],
          [-124.60481, 41.80773],
          [-124.59147, 41.82334],
          [-124.58258, 41.83375],
          [-124.56923, 41.84935],
          [-124.56033, 41.85976],
          [-124.56666, 41.88105],
          [-124.55331, 41.89665],
          [-124.5444, 41.90705],
          [-124.55074, 41.92833],
          [-124.53737, 41.94393],
          [-124.53418, 41.95338],
          [-124.5348, 41.9756],
          [-124.54113, 41.99688],
          [-124.52776, 42.01247],
          [-124.51884, 42.02286],
          [-124.52518, 42.04413],
          [-124.51179, 42.05972],
          [-124.50287, 42.0701],
          [-124.5092, 42.09137],
          [-124.49581, 42.10695],
          [-124.48688, 42.11733],
          [-124.49322, 42.13859],
          [-124.47981, 42.15417],
          [-124.47661, 42.16361],
          [-124.47721, 42.1858],
          [-124.4638, 42.20137],
          [-124.4606, 42.21081],
          [-124.4612, 42.233],
          [-124.45892, 42.25565],
          [-124.45411, 42.2698],
          [-124.44516, 42.28018],
          [-124.43174, 42.29573],
          [-124.42853, 42.30517],
          [-124.42912, 42.32734],
          [-124.41568, 42.34289],
          [-124.40672, 42.35326],
          [-124.40443, 42.3759],
          [-124.39961, 42.39004],
          [-124.39064, 42.4004],
          [-124.37719, 42.41594],
          [-124.36822, 42.4263],
          [-124.35476, 42.44184],
          [-124.34579, 42.4522],
          [-124.33232, 42.46773],
          [-124.32334, 42.47809],
          [-124.30987, 42.49362],
          [-124.30664, 42.50304],
          [-124.3072, 42.52519],
          [-124.29372, 42.54071],
          [-124.28473, 42.55106],
          [-124.27124, 42.56658],
          [-124.26225, 42.57692],
          [-124.24875, 42.59244],
          [-124.23975, 42.60278],
          [-124.22625, 42.61829],
          [-124.21725, 42.62863],
          [-124.20374, 42.64414],
          [-124.19473, 42.65448],
          [-124.18121, 42.66998],
          [-124.1722, 42.68032],
          [-124.15867, 42.69582],
          [-124.14965, 42.70615],
          [-124.13612, 42.72165],
          [-124.1271, 42.73197],
          [-124.11356, 42.74747],
          [-124.0847, 42.75209],
          [-124.07567, 42.76241],
          [-124.06212, 42.7779],
          [-124.05308, 42.78822],
          [-124.03953, 42.8037],
          [-124.03049, 42.81402],
          [-124.01692, 42.82949],
          [-124.00788, 42.83981],
          [-123.99242, 42.84893],
          [-123.96541, 42.85988],
          [-123.95635, 42.87019],
          [-123.94277, 42.88566],
          [-123.93371, 42.89597],
          [-123.92012, 42.91143],
          [-123.91106, 42.92174],
          [-123.89746, 42.9372],
          [-123.88839, 42.9475],
          [-123.87479, 42.96295],
          [-123.86572, 42.97325],
          [-123.85211, 42.9887],
          [-123.84303, 42.999],
          [-123.82941, 43.01445],
          [-123.82033, 43.02474],
          [-123.82658, 43.04591],
          [-123.81295, 43.06135],
          [-123.80387, 43.07164],
          [-123.79023, 43.08708],
          [-123.78114, 43.09737],
          [-123.7675, 43.1128],
          [-123.7584, 43.12308],
          [-123.74475, 43.13851],
          [-123.73565, 43.14879],
          [-123.72199, 43.16422],
          [-123.69299, 43.16876],
          [-123.68388, 43.17904],
          [-123.67021, 43.19446],
          [-123.6611, 43.20474],
          [-123.64742, 43.22015],
          [-123.6184, 43.22468],
          [-123.60928, 43.23495],
          [-123.59559, 43.25036],
          [-123.58646, 43.26063],
          [-123.57277, 43.27603],
          [-123.54373, 43.28055],
          [-123.53459, 43.29081],
          [-123.52088, 43.30621],
          [-123.49183, 43.31072],
          [-123.46277, 43.31523],
          [-123.45363, 43.32549],
          [-123.4399, 43.34087],
          [-123.41084, 43.34537],
          [-123.40168, 43.35562],
          [-123.38794, 43.371],
          [-123.35886, 43.37549],
          [-123.3497, 43.38574],
          [-123.33595, 43.40111],
          [-123.30686, 43.40559],
          [-123.27777, 43.41007],
          [-123.26859, 43.42031],
          [-123.25483, 43.43567],
          [-123.24565, 43.44591],
          [-123.23187, 43.46127],
          [-123.20276, 43.46573],
          [-123.17365, 43.47019],
          [-123.16445, 43.48043],
          [-123.15066, 43.49578],
          [-123.12154, 43.50022],
          [-123.11234, 43.51045],
          [-123.09853, 43.5258],
          [-123.08933, 43.53602],
          [-123.07552, 43.55136],
          [-123.06631, 43.56158],
          [-123.05249, 43.57692],
          [-123.04328, 43.58714],
          [-123.02945, 43.60247],
          [-123.02023, 43.61269],
          [-123.0064, 43.62801],
          [-122.99718, 43.63823],
          [-122.98334, 43.65355],
          [-122.97411, 43.66376],
          [-122.96026, 43.67908],
          [-122.95103, 43.68929],
          [-122.93717, 43.7046],
          [-122.92793, 43.7148],
          [-122.91407, 43.73011],
          [-122.90483, 43.74032],
          [-122.89096, 43.75562],
          [-122.88171, 43.76582],
          [-122.86784, 43.78112],
          [-122.85859, 43.79132],
          [-122.8447, 43.80662],
          [-122.83545, 43.81681],
          [-122.82156, 43.8321],
          [-122.81229, 43.84229],
          [-122.81838, 43.86338],
          [-122.80448, 43.87867],
          [-122.79521, 43.88886],
          [-122.7813, 43.90414],
          [-122.77203, 43.91433],
          [-122.75812, 43.9296],
          [-122.74884, 43.93979],
          [-122.73492, 43.95506],
          [-122.72563, 43.96524],
          [-122.71171, 43.98051],
          [-122.70242, 43.99068],
          [-122.68848, 44.00595],
          [-122.67919, 44.01612],
          [-122.66525, 44.03138],
          [-122.65595, 44.04155],
          [-122.66201, 44.06262],
          [-122.64806, 44.07787],
          [-122.63876, 44.08804],
          [-122.6248, 44.10329],
          [-122.61549, 44.11346],
          [-122.60152, 44.1287],
          [-122.59221, 44.13886],
          [-122.59827, 44.15992],
          [-122.58429, 44.17516],
          [-122.57497, 44.18532],
          [-122.58103, 44.20637],
          [-122.56704, 44.2216],
          [-122.55771, 44.23175],
          [-122.56377, 44.2528],
          [-122.54977, 44.26802],
          [-122.54044, 44.27817],
          [-122.5465, 44.29921],
          [-122.53249, 44.31443],
          [-122.52315, 44.32458],
          [-122.50914, 44.3398],
          [-122.4998, 44.34994],
          [-122.50585, 44.37097],
          [-122.49183, 44.38618],
          [-122.48248, 44.39632],
          [-122.46845, 44.41152],
          [-122.45909, 44.42166],
          [-122.44506, 44.43686],
          [-122.4357, 44.447],
          [-122.42165, 44.46219],
          [-122.41229, 44.47232],
          [-122.41833, 44.49334],
          [-122.41217, 44.5]
        ]
      }
    },
    {
      "type": "Feature",
      "id": "2026082200_f150_10000_001",
      "properties": {
        "product_id": "winter_storm_levels",
        "source_id": "nbm_snow_level",
        "parameter": "snow_level",
        "definition": "height of the wet-bulb 0.5 degree C surface",
        "level_ft_msl": 10000,
        "label": "10,000 ft MSL",
        "unit": "ft_msl",
        "cycle_time_utc": "2026-08-22T00:00:00Z",
        "valid_time_utc": "2026-08-28T06:00:00Z",
        "lead_hours": 150,
        "segment": 1,
        "length_m": 1423902.6
      },
      "geometry": {
        "type": "LineString",
        "coordinates": [
          [-130, 35.87782],
          [-129.99648, 35.87857],
          [-129.96973, 35.88429],
          [-129.94298, 35.89001],
          [-129.91622, 35.89572],
          [-129.88947, 35.90142],
          [-129.8627, 35.90713],
          [-129.83594, 35.91283],
          [-129.80917, 35.91852],
          [-129.78241, 35.92421],
          [-129.77253, 35.93789],
          [-129.76265, 35.95157],
          [-129.73587, 35.95725],
          [-129.70909, 35.96293],
          [-129.68231, 35.9686],
          [-129.65552, 35.97427],
          [-129.62873, 35.97993],
          [-129.60193, 35.98559],
          [-129.57514, 35.99125],
          [-129.54834, 35.9969],
          [-129.52154, 36.00255],
          [-129.49473, 36.00819],
          [-129.46792, 36.01382],
          [-129.44111, 36.01946],
          [-129.43119, 36.03311],
          [-129.42126, 36.04677],
          [-129.39444, 36.0524],
          [-129.36761, 36.05802],
          [-129.34079, 36.06363],
          [-129.33085, 36.07728],
          [-129.3209, 36.09093],
          [-129.29406, 36.09654],
          [-129.26722, 36.10214],
          [-129.24038, 36.10774],
          [-129.23042, 36.12138],
          [-129.22046, 36.13502],
          [-129.19361, 36.14061],
          [-129.16675, 36.1462],
          [-129.15678, 36.15983],
          [-129.14681, 36.17347],
          [-129.11994, 36.17905],
          [-129.09307, 36.18462],
          [-129.08309, 36.19825],
          [-129.0731, 36.21188],
          [-129.04622, 36.21744],
          [-129.01934, 36.223],
          [-129.00934, 36.23662],
          [-128.99934, 36.25025],
          [-128.97245, 36.2558],
          [-128.94556, 36.26135],
          [-128.91866, 36.26689],
          [-128.89176, 36.27243],
          [-128.88174, 36.28604],
          [-128.87172, 36.29966],
          [-128.84481, 36.30519],
          [-128.8179, 36.31071],
          [-128.80787, 36.32432],
          [-128.79783, 36.33793],
          [-128.77091, 36.34344],
          [-128.74398, 36.34896],
          [-128.71706, 36.35447],
          [-128.70701, 36.36807],
          [-128.69696, 36.38166],
          [-128.67002, 36.38717],
          [-128.64308, 36.39266],
          [-128.61613, 36.39816],
          [-128.58918, 36.40365],
          [-128.57912, 36.41723],
          [-128.56905, 36.43082],
          [-128.54209, 36.4363],
          [-128.51513, 36.44178],
          [-128.48816, 36.44725],
          [-128.4612, 36.45272],
          [-128.43423, 36.45818],
          [-128.42414, 36.47176],
          [-128.41404, 36.48533],
          [-128.38706, 36.49078],
          [-128.36008, 36.49623],
          [-128.3331, 36.50168],
          [-128.32299, 36.51525],
          [-128.31288, 36.52881],
          [-128.28588, 36.53425],
          [-128.25888, 36.53969],
          [-128.23188, 36.54511],
          [-128.20488, 36.55054],
          [-128.19475, 36.5641],
          [-128.18462, 36.57765],
          [-128.1576, 36.58307],
          [-128.13059, 36.58848],
          [-128.10357, 36.59389],
          [-128.09342, 36.60744],
          [-128.08327, 36.62098],
          [-128.05624, 36.62638],
          [-128.02921, 36.63178],
          [-128.01905, 36.64532],
          [-128.00889, 36.65886],
          [-127.98185, 36.66425],
          [-127.97168, 36.67779],
          [-127.96151, 36.69132],
          [-127.93446, 36.6967],
          [-127.9074, 36.70207],
          [-127.88035, 36.70744],
          [-127.85328, 36.71281],
          [-127.8431, 36.72634],
          [-127.83291, 36.73986],
          [-127.80584, 36.74522],
          [-127.77876, 36.75057],
          [-127.75168, 36.75592],
          [-127.7246, 36.76126],
          [-127.69752, 36.7666],
          [-127.67044, 36.77194],
          [-127.66022, 36.78545],
          [-127.65, 36.79896],
          [-127.62291, 36.80429],
          [-127.59581, 36.80961],
          [-127.58558, 36.82312],
          [-127.57535, 36.83662],
          [-127.54824, 36.84194],
          [-127.52113, 36.84724],
          [-127.49402, 36.85255],
          [-127.4669, 36.85785],
          [-127.43978, 36.86314],
          [-127.41266, 36.86844],
          [-127.4024, 36.88193],
          [-127.39214, 36.89542],
          [-127.36501, 36.9007],
          [-127.33787, 36.90598],
          [-127.31074, 36.91126],
          [-127.2836, 36.91653],
          [-127.25645, 36.92179],
          [-127.22931, 36.92705],
          [-127.21902, 36.94053],
          [-127.20873, 36.95401],
          [-127.18158, 36.95926],
          [-127.15442, 36.96451],
          [-127.12726, 36.96975],
          [-127.1001, 36.97499],
          [-127.07293, 36.98022],
          [-127.06262, 36.99369],
          [-127.05231, 37.00716],
          [-127.02513, 37.01238],
          [-126.99795, 37.0176],
          [-126.97077, 37.02282],
          [-126.94359, 37.02803],
          [-126.9164, 37.03324],
          [-126.90606, 37.0467],
          [-126.89573, 37.06015],
          [-126.86853, 37.06535],
          [-126.85819, 37.0788],
          [-126.84784, 37.09225],
          [-126.82063, 37.09744],
          [-126.79342, 37.10263],
          [-126.78306, 37.11607],
          [-126.77271, 37.12951],
          [-126.74548, 37.13469],
          [-126.71826, 37.13987],
          [-126.70789, 37.1533],
          [-126.69752, 37.16674],
          [-126.67029, 37.1719],
          [-126.64305, 37.17706],
          [-126.63267, 37.19049],
          [-126.62228, 37.20392],
          [-126.59504, 37.20908],
          [-126.58464, 37.2225],
          [-126.57425, 37.23593],
          [-126.54699, 37.24107],
          [-126.53659, 37.25449],
          [-126.52619, 37.26791],
          [-126.51578, 37.28133],
          [-126.50537, 37.29475],
          [-126.4781, 37.29988],
          [-126.46768, 37.31329],
          [-126.45727, 37.3267],
          [-126.44685, 37.34012],
          [-126.43642, 37.35352],
          [-126.426, 37.36693],
          [-126.41557, 37.38034],
          [-126.40514, 37.39374],
          [-126.39471, 37.40715],
          [-126.3674, 37.41226],
          [-126.35696, 37.42566],
          [-126.34652, 37.43906],
          [-126.3192, 37.44416],
          [-126.29188, 37.44926],
          [-126.28142, 37.46266],
          [-126.27097, 37.47605],
          [-126.26051, 37.48944],
          [-126.25005, 37.50283],
          [-126.23959, 37.51622],
          [-126.22912, 37.52961],
          [-126.21866, 37.54299],
          [-126.20818, 37.55638],
          [-126.19771, 37.56976],
          [-126.18724, 37.58314],
          [-126.17676, 37.59652],
          [-126.18316, 37.6182],
          [-126.17268, 37.63158],
          [-126.1622, 37.64496],
          [-126.16861, 37.66664],
          [-126.17502, 37.68831],
          [-126.16453, 37.70169],
          [-126.15403, 37.71506],
          [-126.16044, 37.73673],
          [-126.16686, 37.7584],
          [-126.15636, 37.77177],
          [-126.14586, 37.78514],
          [-126.16277, 37.79344],
          [-126.17969, 37.80173],
          [-126.18611, 37.8234],
          [-126.19253, 37.84506],
          [-126.19896, 37.86672],
          [-126.20539, 37.88837],
          [-126.21182, 37.91003],
          [-126.21825, 37.93168],
          [-126.22469, 37.95333],
          [-126.23113, 37.97498],
          [-126.23757, 37.99662],
          [-126.22706, 38.00998],
          [-126.21654, 38.02334],
          [-126.20602, 38.0367],
          [-126.1955, 38.05005],
          [-126.18498, 38.06341],
          [-126.17445, 38.07676],
          [-126.16392, 38.09011],
          [-126.15339, 38.10346],
          [-126.14286, 38.11681],
          [-126.11536, 38.12187],
          [-126.10482, 38.13521],
          [-126.09427, 38.14856],
          [-126.06676, 38.15361],
          [-126.05621, 38.16695],
          [-126.04566, 38.18029],
          [-126.01814, 38.18533],
          [-125.99061, 38.19036],
          [-125.98005, 38.2037],
          [-125.96948, 38.21703],
          [-125.95891, 38.23036],
          [-125.94834, 38.24369],
          [-125.9208, 38.24871],
          [-125.91022, 38.26204],
          [-125.89964, 38.27536],
          [-125.87209, 38.28038],
          [-125.84453, 38.28539],
          [-125.81697, 38.29039],
          [-125.78941, 38.29539],
          [-125.77881, 38.30871],
          [-125.76821, 38.32202],
          [-125.74063, 38.32702],
          [-125.71306, 38.33201],
          [-125.68548, 38.33699],
          [-125.67486, 38.3503],
          [-125.66425, 38.3636],
          [-125.63666, 38.36858],
          [-125.60907, 38.37355],
          [-125.58147, 38.37851],
          [-125.55388, 38.38348],
          [-125.54324, 38.39677],
          [-125.5326, 38.41007],
          [-125.50499, 38.41502],
          [-125.47738, 38.41997],
          [-125.46673, 38.43326],
          [-125.45608, 38.44654],
          [-125.42846, 38.45148],
          [-125.4178, 38.46477],
          [-125.40714, 38.47805],
          [-125.37951, 38.48298],
          [-125.35188, 38.48791],
          [-125.3412, 38.50119],
          [-125.33053, 38.51446],
          [-125.30289, 38.51938],
          [-125.27524, 38.5243],
          [-125.26455, 38.53757],
          [-125.25387, 38.55084],
          [-125.22621, 38.55574],
          [-125.21551, 38.56901],
          [-125.20482, 38.58227],
          [-125.17715, 38.58717],
          [-125.16644, 38.60043],
          [-125.15574, 38.61369],
          [-125.12806, 38.61858],
          [-125.11735, 38.63183],
          [-125.10663, 38.64509],
          [-125.09591, 38.65834],
          [-125.08519, 38.67159],
          [-125.05749, 38.67647],
          [-125.04677, 38.68971],
          [-125.03603, 38.70296],
          [-125.00833, 38.70783],
          [-124.99759, 38.72107],
          [-124.98685, 38.73431],
          [-124.95913, 38.73917],
          [-124.94839, 38.75241],
          [-124.93764, 38.76565],
          [-124.92688, 38.77888],
          [-124.91613, 38.79211],
          [-124.90537, 38.80535],
          [-124.89461, 38.81858],
          [-124.86687, 38.82342],
          [-124.8561, 38.83665],
          [-124.84533, 38.84987],
          [-124.83456, 38.8631],
          [-124.82378, 38.87632],
          [-124.81301, 38.88954],
          [-124.80223, 38.90276],
          [-124.79144, 38.91598],
          [-124.78066, 38.92919],
          [-124.76987, 38.94241],
          [-124.75908, 38.95562],
          [-124.74828, 38.96884],
          [-124.73748, 38.98205],
          [-124.70969, 38.98686],
          [-124.69889, 39.00007],
          [-124.68808, 39.01327],
          [-124.67727, 39.02648],
          [-124.66646, 39.03968],
          [-124.63865, 39.04448],
          [-124.62783, 39.05768],
          [-124.61701, 39.07088],
          [-124.60619, 39.08408],
          [-124.59536, 39.09727],
          [-124.56753, 39.10206],
          [-124.5567, 39.11525],
          [-124.54586, 39.12844],
          [-124.51802, 39.13322],
          [-124.49018, 39.138],
          [-124.47933, 39.15118],
          [-124.46848, 39.16436],
          [-124.44063, 39.16913],
          [-124.42977, 39.18231],
          [-124.41891, 39.19549],
          [-124.39105, 39.20025],
          [-124.38018, 39.21342],
          [-124.36931, 39.22659],
          [-124.34144, 39.23134],
          [-124.31356, 39.23609],
          [-124.30268, 39.24926],
          [-124.2918, 39.26242],
          [-124.26391, 39.26716],
          [-124.23602, 39.27189],
          [-124.20813, 39.27662],
          [-124.19723, 39.28978],
          [-124.18634, 39.30293],
          [-124.15843, 39.30765],
          [-124.14753, 39.32081],
          [-124.13662, 39.33396],
          [-124.1087, 39.33867],
          [-124.08079, 39.34338],
          [-124.06987, 39.35652],
          [-124.05895, 39.36967],
          [-124.03102, 39.37436],
          [-124.00309, 39.37906],
          [-123.99216, 39.39219],
          [-123.98122, 39.40533],
          [-123.95328, 39.41002],
          [-123.94234, 39.42315],
          [-123.9314, 39.43628],
          [-123.90344, 39.44096],
          [-123.89249, 39.45409],
          [-123.88154, 39.46722],
          [-123.85358, 39.47188],
          [-123.84262, 39.48501],
          [-123.83165, 39.49813],
          [-123.82069, 39.51125],
          [-123.80972, 39.52437],
          [-123.79875, 39.53749],
          [-123.78777, 39.5506],
          [-123.75978, 39.55525],
          [-123.7488, 39.56837],
          [-123.73782, 39.58148],
          [-123.72683, 39.59459],
          [-123.71584, 39.60769],
          [-123.68783, 39.61233],
          [-123.67684, 39.62544],
          [-123.66584, 39.63854],
          [-123.65484, 39.65164],
          [-123.64383, 39.66474],
          [-123.63282, 39.67784],
          [-123.62181, 39.69094],
          [-123.6108, 39.70403],
          [-123.59978, 39.71713],
          [-123.58876, 39.73022],
          [-123.57774, 39.74331],
          [-123.56672, 39.7564],
          [-123.57272, 39.77796],
          [-123.56169, 39.79105],
          [-123.55066, 39.80414],
          [-123.53963, 39.81722],
          [-123.52859, 39.8303],
          [-123.53459, 39.85186],
          [-123.52355, 39.86494],
          [-123.5125, 39.87802],
          [-123.5185, 39.89957],
          [-123.50745, 39.91264],
          [-123.4964, 39.92572],
          [-123.50239, 39.94727],
          [-123.50839, 39.96881],
          [-123.49734, 39.98188],
          [-123.48628, 39.99495],
          [-123.49227, 40.01649],
          [-123.49828, 40.03803],
          [-123.50428, 40.05957],
          [-123.51028, 40.0811],
          [-123.51629, 40.10263],
          [-123.50522, 40.11569],
          [-123.49415, 40.12875],
          [-123.50016, 40.15028],
          [-123.50617, 40.1718],
          [-123.51218, 40.19332],
          [-123.51819, 40.21484],
          [-123.52421, 40.23636],
          [-123.51313, 40.24941],
          [-123.50204, 40.26246],
          [-123.50806, 40.28397],
          [-123.51408, 40.30548],
          [-123.5201, 40.32699],
          [-123.52612, 40.34849],
          [-123.51503, 40.36154],
          [-123.50393, 40.37458],
          [-123.50995, 40.39608],
          [-123.51598, 40.41758],
          [-123.52201, 40.43907],
          [-123.5109, 40.45211],
          [-123.49979, 40.46515],
          [-123.50582, 40.48664],
          [-123.49471, 40.49967],
          [-123.48359, 40.51271],
          [-123.48962, 40.53419],
          [-123.49565, 40.55567],
          [-123.48453, 40.5687],
          [-123.47341, 40.58173],
          [-123.47944, 40.60321],
          [-123.48547, 40.62468],
          [-123.47434, 40.63771],
          [-123.4632, 40.65073],
          [-123.46924, 40.6722],
          [-123.47527, 40.69366],
          [-123.48131, 40.71513],
          [-123.47017, 40.72815],
          [-123.4661, 40.74002],
          [-123.46506, 40.76262],
          [-123.4711, 40.78408],
          [-123.47714, 40.80553],
          [-123.47609, 40.82813],
          [-123.47203, 40.83999],
          [-123.46087, 40.853],
          [-123.46692, 40.87445],
          [-123.47296, 40.89589],
          [-123.47901, 40.91733],
          [-123.48506, 40.93877],
          [-123.4739, 40.95178],
          [-123.46273, 40.96478],
          [-123.46878, 40.98621],
          [-123.47483, 41.00764],
          [-123.46366, 41.02064],
          [-123.45248, 41.03363],
          [-123.45853, 41.05506],
          [-123.46459, 41.07648],
          [-123.47064, 41.0979],
          [-123.4767, 41.11932],
          [-123.46552, 41.13231],
          [-123.45433, 41.1453],
          [-123.46039, 41.16671],
          [-123.46645, 41.18812],
          [-123.47251, 41.20953],
          [-123.47858, 41.23093],
          [-123.46738, 41.24391],
          [-123.45618, 41.2569],
          [-123.46225, 41.27829],
          [-123.46832, 41.29969],
          [-123.45711, 41.31267],
          [-123.4459, 41.32564],
          [-123.45197, 41.34703],
          [-123.45804, 41.36842],
          [-123.46411, 41.38981],
          [-123.4529, 41.40278],
          [-123.44881, 41.41461],
          [-123.44775, 41.43713],
          [-123.45382, 41.45851],
          [-123.4599, 41.47988],
          [-123.46598, 41.50126],
          [-123.45475, 41.51422],
          [-123.45066, 41.52604],
          [-123.4496, 41.54855],
          [-123.45568, 41.56991],
          [-123.45463, 41.59241],
          [-123.45053, 41.60423],
          [-123.43929, 41.61718],
          [-123.44537, 41.63854],
          [-123.44431, 41.66103],
          [-123.44021, 41.67284],
          [-123.42896, 41.68579],
          [-123.43504, 41.70714],
          [-123.44113, 41.72848],
          [-123.42987, 41.74143],
          [-123.41861, 41.75437],
          [-123.4247, 41.77571],
          [-123.41344, 41.78865],
          [-123.40217, 41.80159],
          [-123.40826, 41.82293],
          [-123.41435, 41.84426],
          [-123.40307, 41.85719],
          [-123.39896, 41.86899],
          [-123.39789, 41.89145],
          [-123.40398, 41.91278],
          [-123.3927, 41.9257],
          [-123.38141, 41.93863],
          [-123.3875, 41.95995],
          [-123.39359, 41.98127],
          [-123.3823, 41.99419],
          [-123.37101, 42.00711],
          [-123.3771, 42.02842],
          [-123.3658, 42.04134],
          [-123.3545, 42.05426],
          [-123.3432, 42.06717],
          [-123.33189, 42.08008],
          [-123.33798, 42.10139],
          [-123.32667, 42.1143],
          [-123.31535, 42.1272],
          [-123.30403, 42.14011],
          [-123.29271, 42.15302],
          [-123.28139, 42.16592],
          [-123.27006, 42.17882],
          [-123.25873, 42.19172],
          [-123.2474, 42.20462],
          [-123.23607, 42.21751],
          [-123.22473, 42.23041],
          [-123.2308, 42.2517],
          [-123.21946, 42.26459],
          [-123.20812, 42.27748],
          [-123.19677, 42.29037],
          [-123.168, 42.29486],
          [-123.15664, 42.30774],
          [-123.14528, 42.32062],
          [-123.13392, 42.33351],
          [-123.12256, 42.34639],
          [-123.11119, 42.35926],
          [-123.09982, 42.37214],
          [-123.08844, 42.38501],
          [-123.07707, 42.39789],
          [-123.06569, 42.41076],
          [-123.05431, 42.42363],
          [-123.04292, 42.43649],
          [-123.03154, 42.44936],
          [-123.02014, 42.46222],
          [-123.00875, 42.47509],
          [-122.99735, 42.48795],
          [-122.98596, 42.50081],
          [-122.97455, 42.51367],
          [-122.96315, 42.52652],
          [-122.95174, 42.53938],
          [-122.94033, 42.55223],
          [-122.92891, 42.56508],
          [-122.9175, 42.57793],
          [-122.90608, 42.59077],
          [-122.89465, 42.60362],
          [-122.88323, 42.61646],
          [-122.8718, 42.62931],
          [-122.86037, 42.64215],
          [-122.84893, 42.65499],
          [-122.8375, 42.66782],
          [-122.82605, 42.68066],
          [-122.81461, 42.69349],
          [-122.80316, 42.70632],
          [-122.77425, 42.71074],
          [-122.7628, 42.72357],
          [-122.75134, 42.73639],
          [-122.73988, 42.74922],
          [-122.72842, 42.76204],
          [-122.69949, 42.76645],
          [-122.68802, 42.77926],
          [-122.67655, 42.79208],
          [-122.66507, 42.8049],
          [-122.6536, 42.81771],
          [-122.62465, 42.8221],
          [-122.61316, 42.83491],
          [-122.60167, 42.84772],
          [-122.5742, 42.85741],
          [-122.56122, 42.86491],
          [-122.54972, 42.87771],
          [-122.53821, 42.89051],
          [-122.52671, 42.90331],
          [-122.49922, 42.91298],
          [-122.48622, 42.92047],
          [-122.4747, 42.93327],
          [-122.46319, 42.94606],
          [-122.45018, 42.95354],
          [-122.42266, 42.9632],
          [-122.41114, 42.97599],
          [-122.39961, 42.98877],
          [-122.38807, 43.00156],
          [-122.37653, 43.01434],
          [-122.36499, 43.02712],
          [-122.35197, 43.03459],
          [-122.32591, 43.04954],
          [-122.31287, 43.05701],
          [-122.30132, 43.06978],
          [-122.28976, 43.08255],
          [-122.27821, 43.09532],
          [-122.26664, 43.10809],
          [-122.25508, 43.12085],
          [-122.24351, 43.13361],
          [-122.23046, 43.14108],
          [-122.20287, 43.15069],
          [-122.1913, 43.16345],
          [-122.17971, 43.17621],
          [-122.15212, 43.18581],
          [-122.13905, 43.19326],
          [-122.12746, 43.20601],
          [-122.09985, 43.21561],
          [-122.08677, 43.22306],
          [-122.07517, 43.2358],
          [-122.04755, 43.24539],
          [-122.03447, 43.25283],
          [-122.02285, 43.26557],
          [-122.01124, 43.27831],
          [-121.99815, 43.28575],
          [-121.9705, 43.29532],
          [-121.95888, 43.30805],
          [-121.94578, 43.31548],
          [-121.91812, 43.32505],
          [-121.89046, 43.33461],
          [-121.87735, 43.34203],
          [-121.86571, 43.35475],
          [-121.85406, 43.36748],
          [-121.84242, 43.38019],
          [-121.81327, 43.38444],
          [-121.80161, 43.39716],
          [-121.78995, 43.40987],
          [-121.77829, 43.42258],
          [-121.76662, 43.43529],
          [-121.75496, 43.448],
          [-121.74328, 43.4607],
          [-121.71411, 43.46494],
          [-121.70243, 43.47764],
          [-121.69075, 43.49034],
          [-121.67906, 43.50304],
          [-121.66737, 43.51573],
          [-121.65568, 43.52843],
          [-121.64399, 43.54112],
          [-121.63229, 43.55381],
          [-121.62059, 43.5665],
          [-121.60889, 43.57919],
          [-121.59719, 43.59188],
          [-121.58548, 43.60456],
          [-121.57376, 43.61724],
          [-121.56205, 43.62993],
          [-121.55033, 43.6426],
          [-121.53861, 43.65528],
          [-121.52689, 43.66796],
          [-121.51516, 43.68063],
          [-121.50343, 43.6933],
          [-121.4917, 43.70597],
          [-121.47996, 43.71864],
          [-121.46822, 43.73131],
          [-121.45648, 43.74397],
          [-121.44474, 43.75664],
          [-121.43299, 43.7693],
          [-121.42124, 43.78196],
          [-121.40948, 43.79462],
          [-121.39773, 43.80727],
          [-121.38597, 43.81993],
          [-121.3742, 43.83258],
          [-121.36244, 43.84523],
          [-121.35067, 43.85788],
          [-121.33889, 43.87053],
          [-121.32712, 43.88317],
          [-121.31534, 43.89582],
          [-121.30356, 43.90846],
          [-121.29177, 43.9211],
          [-121.27999, 43.93374],
          [-121.2682, 43.94637],
          [-121.2564, 43.95901],
          [-121.2446, 43.97164],
          [-121.2328, 43.98427],
          [-121.221, 43.9969],
          [-121.2092, 44.00953],
          [-121.19739, 44.02215],
          [-121.18557, 44.03478],
          [-121.17376, 44.0474],
          [-121.16194, 44.06002],
          [-121.15012, 44.07264],
          [-121.1383, 44.08525],
          [-121.12647, 44.09787],
          [-121.11464, 44.11048],
          [-121.1028, 44.12309],
          [-121.09097, 44.1357],
          [-121.0967, 44.15681],
          [-121.08486, 44.16941],
          [-121.07301, 44.18202],
          [-121.06116, 44.19462],
          [-121.04931, 44.20722],
          [-121.03746, 44.21982],
          [-121.0256, 44.23242],
          [-121.01374, 44.24501],
          [-121.00188, 44.25761],
          [-120.99001, 44.2702],
          [-120.97814, 44.28279],
          [-120.96627, 44.29538],
          [-120.9544, 44.30796],
          [-120.94252, 44.32055],
          [-120.93064, 44.33313],
          [-120.91875, 44.34571],
          [-120.90686, 44.35829],
          [-120.89497, 44.37087],
          [-120.88308, 44.38345],
          [-120.87118, 44.39602],
          [-120.85928, 44.40859],
          [-120.84738, 44.42116],
          [-120.83547, 44.43373],
          [-120.82356, 44.4463],
          [-120.81165, 44.45886],
          [-120.79974, 44.47142],
          [-120.78782, 44.48398],
          [-120.7759, 44.49654],
          [-120.75071, 44.5]
        ]
      }
    },
    {
      "type": "Feature",
      "id": "2026082200_f150_11000_001",
      "properties": {
        "product_id": "winter_storm_levels",
        "source_id": "nbm_snow_level",
        "parameter": "snow_level",
        "definition": "height of the wet-bulb 0.5 degree C surface",
        "level_ft_msl": 11000,
        "label": "11,000 ft MSL",
        "unit": "ft_msl",
        "cycle_time_utc": "2026-08-22T00:00:00Z",
        "valid_time_utc": "2026-08-28T06:00:00Z",
        "lead_hours": 150,
        "segment": 1,
        "length_m": 83434.7
      },
      "geometry": {
        "type": "LineString",
        "coordinates": [
          [-115.6571, 44.5],
          [-115.64842, 44.49546],
          [-115.63471, 44.48828],
          [-115.61414, 44.4775],
          [-115.58442, 44.48075],
          [-115.5547, 44.48399],
          [-115.541, 44.47681],
          [-115.52044, 44.46602],
          [-115.49072, 44.46926],
          [-115.47703, 44.46206],
          [-115.45648, 44.45127],
          [-115.44279, 44.44408],
          [-115.42226, 44.43328],
          [-115.40857, 44.42608],
          [-115.38804, 44.41528],
          [-115.35833, 44.41849],
          [-115.34465, 44.41129],
          [-115.32414, 44.40048],
          [-115.29443, 44.40368],
          [-115.26472, 44.40688],
          [-115.23501, 44.41008],
          [-115.2053, 44.41327],
          [-115.17559, 44.41645],
          [-115.14587, 44.41963],
          [-115.11616, 44.42281],
          [-115.08644, 44.42598],
          [-115.05672, 44.42914],
          [-115.02699, 44.4323],
          [-114.99727, 44.43546],
          [-114.96754, 44.43861],
          [-114.93781, 44.44176],
          [-114.90808, 44.4449],
          [-114.87835, 44.44803],
          [-114.84861, 44.45117],
          [-114.81888, 44.45429],
          [-114.78914, 44.45742],
          [-114.7594, 44.46054],
          [-114.74417, 44.47514],
          [-114.73402, 44.48488],
          [-114.70427, 44.48798],
          [-114.69172, 44.5]
        ]
      }
    },
    {
      "type": "Feature",
      "id": "2026082200_f150_11000_002",
      "properties": {
        "product_id": "winter_storm_levels",
        "source_id": "nbm_snow_level",
        "parameter": "snow_level",
        "definition": "height of the wet-bulb 0.5 degree C surface",
        "level_ft_msl": 11000,
        "label": "11,000 ft MSL",
        "unit": "ft_msl",
        "cycle_time_utc": "2026-08-22T00:00:00Z",
        "valid_time_utc": "2026-08-28T06:00:00Z",
        "lead_hours": 150,
        "segment": 2,
        "length_m": 2287593.8
      },
      "geometry": {
        "type": "LineString",
        "coordinates": [
          [-130, 34.69072],
          [-129.98347, 34.69431],
          [-129.957, 34.70005],
          [-129.93053, 34.70579],
          [-129.90406, 34.71152],
          [-129.87759, 34.71725],
          [-129.85111, 34.72297],
          [-129.82463, 34.72869],
          [-129.79815, 34.7344],
          [-129.77166, 34.74011],
          [-129.74518, 34.74582],
          [-129.7173, 34.74717],
          [-129.69081, 34.75286],
          [-129.66431, 34.75856],
          [-129.63782, 34.76424],
          [-129.61132, 34.76993],
          [-129.58481, 34.77561],
          [-129.55831, 34.78128],
          [-129.5318, 34.78695],
          [-129.51982, 34.78487],
          [-129.50184, 34.78173],
          [-129.47533, 34.7874],
          [-129.46149, 34.79732],
          [-129.45226, 34.80394],
          [-129.42574, 34.80959],
          [-129.39922, 34.81524],
          [-129.38723, 34.81314],
          [-129.36926, 34.81],
          [-129.34273, 34.81564],
          [-129.31621, 34.82127],
          [-129.28968, 34.8269],
          [-129.26109, 34.826],
          [-129.23455, 34.83162],
          [-129.20802, 34.83724],
          [-129.18148, 34.84285],
          [-129.15494, 34.84846],
          [-129.12839, 34.85406],
          [-129.10184, 34.85967],
          [-129.07529, 34.86526],
          [-129.04874, 34.87085],
          [-129.02219, 34.87644],
          [-128.99563, 34.88202],
          [-128.96907, 34.8876],
          [-128.9425, 34.89318],
          [-128.91594, 34.89875],
          [-128.88937, 34.90431],
          [-128.8628, 34.90987],
          [-128.83622, 34.91543],
          [-128.80965, 34.92098],
          [-128.78307, 34.92653],
          [-128.75649, 34.93207],
          [-128.7299, 34.93761],
          [-128.70331, 34.94315],
          [-128.67673, 34.94868],
          [-128.65013, 34.9542],
          [-128.62354, 34.95973],
          [-128.59694, 34.96524],
          [-128.57034, 34.97076],
          [-128.54374, 34.97626],
          [-128.51713, 34.98177],
          [-128.49052, 34.98727],
          [-128.46391, 34.99276],
          [-128.4373, 34.99826],
          [-128.41068, 35.00374],
          [-128.38406, 35.00922],
          [-128.35744, 35.0147],
          [-128.33082, 35.02018],
          [-128.30419, 35.02565],
          [-128.27756, 35.03111],
          [-128.25093, 35.03657],
          [-128.22429, 35.04203],
          [-128.19766, 35.04748],
          [-128.17102, 35.05293],
          [-128.14438, 35.05837],
          [-128.11773, 35.06381],
          [-128.09108, 35.06924],
          [-128.06443, 35.07467],
          [-128.03778, 35.0801],
          [-128.01112, 35.08552],
          [-127.98447, 35.09093],
          [-127.9578, 35.09635],
          [-127.93114, 35.10175],
          [-127.90448, 35.10716],
          [-127.87781, 35.11256],
          [-127.85114, 35.11795],
          [-127.82446, 35.12334],
          [-127.79779, 35.12873],
          [-127.77111, 35.13411],
          [-127.74443, 35.13949],
          [-127.71774, 35.14486],
          [-127.70567, 35.16117],
          [-127.69762, 35.17205],
          [-127.67093, 35.17741],
          [-127.64423, 35.18277],
          [-127.61753, 35.18813],
          [-127.59083, 35.19348],
          [-127.56412, 35.19883],
          [-127.53742, 35.20417],
          [-127.51071, 35.20951],
          [-127.48399, 35.21484],
          [-127.45728, 35.22017],
          [-127.43056, 35.2255],
          [-127.40384, 35.23082],
          [-127.37712, 35.23614],
          [-127.35039, 35.24145],
          [-127.32367, 35.24675],
          [-127.29694, 35.25206],
          [-127.2702, 35.25736],
          [-127.24347, 35.26265],
          [-127.21673, 35.26794],
          [-127.18999, 35.27323],
          [-127.17783, 35.28949],
          [-127.16972, 35.30034],
          [-127.14297, 35.30562],
          [-127.11621, 35.31089],
          [-127.08946, 35.31616],
          [-127.0627, 35.32142],
          [-127.03594, 35.32668],
          [-127.00917, 35.33194],
          [-126.98241, 35.33719],
          [-126.95564, 35.34244],
          [-126.92887, 35.34768],
          [-126.9021, 35.35292],
          [-126.87532, 35.35815],
          [-126.84854, 35.36338],
          [-126.82176, 35.3686],
          [-126.79498, 35.37382],
          [-126.76819, 35.37904],
          [-126.75595, 35.39527],
          [-126.74779, 35.40609],
          [-126.721, 35.4113],
          [-126.6942, 35.4165],
          [-126.6674, 35.4217],
          [-126.64059, 35.42689],
          [-126.61379, 35.43208],
          [-126.58698, 35.43727],
          [-126.56017, 35.44245],
          [-126.53335, 35.44763],
          [-126.50654, 35.4528],
          [-126.47972, 35.45797],
          [-126.4529, 35.46313],
          [-126.42607, 35.46829],
          [-126.39925, 35.47345],
          [-126.38695, 35.48965],
          [-126.37874, 35.50044],
          [-126.35191, 35.50559],
          [-126.32507, 35.51073],
          [-126.29823, 35.51587],
          [-126.27138, 35.521],
          [-126.24454, 35.52613],
          [-126.21769, 35.53126],
          [-126.19084, 35.53638],
          [-126.16398, 35.54149],
          [-126.15164, 35.55767],
          [-126.14341, 35.56846],
          [-126.11654, 35.57356],
          [-126.08968, 35.57867],
          [-126.06281, 35.58376],
          [-126.05044, 35.59993],
          [-126.0422, 35.61071],
          [-126.01532, 35.6158],
          [-125.98844, 35.62089],
          [-125.96156, 35.62597],
          [-125.93467, 35.63105],
          [-125.92228, 35.6472],
          [-125.91402, 35.65797],
          [-125.88713, 35.66304],
          [-125.86023, 35.6681],
          [-125.83333, 35.67316],
          [-125.82092, 35.68931],
          [-125.81264, 35.70007],
          [-125.78573, 35.70513],
          [-125.75882, 35.71017],
          [-125.7319, 35.71522],
          [-125.71948, 35.73135],
          [-125.71119, 35.74211],
          [-125.68426, 35.74714],
          [-125.65733, 35.75217],
          [-125.6304, 35.7572],
          [-125.60347, 35.76222],
          [-125.59102, 35.77835],
          [-125.58272, 35.78909],
          [-125.55577, 35.79411],
          [-125.52883, 35.79912],
          [-125.50188, 35.80412],
          [-125.48941, 35.82024],
          [-125.48109, 35.83098],
          [-125.45413, 35.83597],
          [-125.42717, 35.84096],
          [-125.40021, 35.84595],
          [-125.38772, 35.86206],
          [-125.37939, 35.87279],
          [-125.35242, 35.87777],
          [-125.32544, 35.88274],
          [-125.29846, 35.88771],
          [-125.27148, 35.89268],
          [-125.2445, 35.89764],
          [-125.21751, 35.9026],
          [-125.20499, 35.91869],
          [-125.19664, 35.92941],
          [-125.16964, 35.93436],
          [-125.14265, 35.9393],
          [-125.11565, 35.94424],
          [-125.08864, 35.94918],
          [-125.07609, 35.96525],
          [-125.06773, 35.97597],
          [-125.04071, 35.9809],
          [-125.0137, 35.98582],
          [-125.00114, 36.00188],
          [-124.99276, 36.0126],
          [-124.96573, 36.01751],
          [-124.93871, 36.02242],
          [-124.92613, 36.03848],
          [-124.91774, 36.04918],
          [-124.8907, 36.05409],
          [-124.86366, 36.05898],
          [-124.85107, 36.07504],
          [-124.84267, 36.08574],
          [-124.81562, 36.09062],
          [-124.80302, 36.10667],
          [-124.79461, 36.11737],
          [-124.76755, 36.12225],
          [-124.74049, 36.12712],
          [-124.71343, 36.132],
          [-124.68636, 36.13686],
          [-124.65929, 36.14172],
          [-124.63222, 36.14658],
          [-124.61958, 36.16261],
          [-124.61115, 36.1733],
          [-124.58407, 36.17815],
          [-124.55699, 36.18299],
          [-124.5299, 36.18783],
          [-124.51724, 36.20385],
          [-124.5088, 36.21453],
          [-124.48171, 36.21936],
          [-124.46904, 36.23538],
          [-124.46059, 36.24605],
          [-124.43349, 36.25088],
          [-124.40638, 36.2557],
          [-124.37927, 36.26051],
          [-124.36658, 36.27652],
          [-124.35812, 36.28718],
          [-124.331, 36.29199],
          [-124.3183, 36.30799],
          [-124.30983, 36.31865],
          [-124.2827, 36.32345],
          [-124.25557, 36.32825],
          [-124.22843, 36.33304],
          [-124.21571, 36.34903],
          [-124.20723, 36.35968],
          [-124.18009, 36.36446],
          [-124.16736, 36.38045],
          [-124.15887, 36.3911],
          [-124.13171, 36.39587],
          [-124.10455, 36.40064],
          [-124.07739, 36.40541],
          [-124.06465, 36.42138],
          [-124.05614, 36.43203],
          [-124.02897, 36.43678],
          [-124.01621, 36.45275],
          [-124.00771, 36.46339],
          [-123.98053, 36.46814],
          [-123.95334, 36.47288],
          [-123.94057, 36.48884],
          [-123.93205, 36.49948],
          [-123.90486, 36.50422],
          [-123.89207, 36.52017],
          [-123.88355, 36.5308],
          [-123.85634, 36.53553],
          [-123.82914, 36.54025],
          [-123.81634, 36.5562],
          [-123.8078, 36.56683],
          [-123.78059, 36.57154],
          [-123.75337, 36.57625],
          [-123.74055, 36.59219],
          [-123.73201, 36.60281],
          [-123.70478, 36.60751],
          [-123.69195, 36.62344],
          [-123.6834, 36.63406],
          [-123.67057, 36.64999],
          [-123.66201, 36.66061],
          [-123.64917, 36.67654],
          [-123.64061, 36.68715],
          [-123.62776, 36.70308],
          [-123.61919, 36.71369],
          [-123.60634, 36.72961],
          [-123.59777, 36.74022],
          [-123.58491, 36.75614],
          [-123.57634, 36.76675],
          [-123.56347, 36.78266],
          [-123.5549, 36.79327],
          [-123.52761, 36.79793],
          [-123.50033, 36.8026],
          [-123.47304, 36.80726],
          [-123.44575, 36.81191],
          [-123.43286, 36.82781],
          [-123.42427, 36.83841],
          [-123.39697, 36.84306],
          [-123.38407, 36.85895],
          [-123.37547, 36.86955],
          [-123.36256, 36.88544],
          [-123.35395, 36.89603],
          [-123.32664, 36.90067],
          [-123.31372, 36.91655],
          [-123.30511, 36.92714],
          [-123.29218, 36.94302],
          [-123.28356, 36.95361],
          [-123.25623, 36.95823],
          [-123.24329, 36.97411],
          [-123.23467, 36.98469],
          [-123.22173, 37.00057],
          [-123.2131, 37.01115],
          [-123.18575, 37.01576],
          [-123.15839, 37.02036],
          [-123.14544, 37.03623],
          [-123.1368, 37.0468],
          [-123.10943, 37.0514],
          [-123.09647, 37.06726],
          [-123.08782, 37.07783],
          [-123.06045, 37.08242],
          [-123.03307, 37.087],
          [-123.02009, 37.10286],
          [-123.01143, 37.11342],
          [-122.98404, 37.118],
          [-122.97105, 37.13384],
          [-122.96238, 37.14441],
          [-122.93499, 37.14897],
          [-122.92198, 37.16481],
          [-122.91331, 37.17537],
          [-122.88591, 37.17993],
          [-122.87289, 37.19576],
          [-122.86421, 37.20632],
          [-122.8368, 37.21087],
          [-122.82377, 37.2267],
          [-122.81508, 37.23725],
          [-122.78766, 37.24179],
          [-122.77462, 37.25761],
          [-122.76593, 37.26816],
          [-122.73849, 37.27269],
          [-122.71105, 37.27722],
          [-122.698, 37.29304],
          [-122.6893, 37.30358],
          [-122.66185, 37.3081],
          [-122.64878, 37.32391],
          [-122.64007, 37.33445],
          [-122.61261, 37.33896],
          [-122.59954, 37.35476],
          [-122.59082, 37.3653],
          [-122.56335, 37.3698],
          [-122.53588, 37.3743],
          [-122.52279, 37.39009],
          [-122.51406, 37.40062],
          [-122.48658, 37.40511],
          [-122.47348, 37.4209],
          [-122.46475, 37.43143],
          [-122.43726, 37.43591],
          [-122.40976, 37.44039],
          [-122.38227, 37.44486],
          [-122.35477, 37.44933],
          [-122.32727, 37.45379],
          [-122.31414, 37.46956],
          [-122.30539, 37.48008],
          [-122.27788, 37.48453],
          [-122.25037, 37.48898],
          [-122.23722, 37.50475],
          [-122.22845, 37.51526],
          [-122.20093, 37.5197],
          [-122.18777, 37.53546],
          [-122.179, 37.54597],
          [-122.15147, 37.5504],
          [-122.12394, 37.55483],
          [-122.0964, 37.55925],
          [-122.08322, 37.575],
          [-122.07444, 37.5855],
          [-122.04689, 37.58992],
          [-122.0337, 37.60566],
          [-122.02491, 37.61615],
          [-121.99735, 37.62056],
          [-121.96979, 37.62496],
          [-121.95659, 37.6407],
          [-121.94779, 37.65119],
          [-121.92022, 37.65558],
          [-121.907, 37.67131],
          [-121.89819, 37.6818],
          [-121.87061, 37.68618],
          [-121.85739, 37.70191],
          [-121.84857, 37.71239],
          [-121.82098, 37.71677],
          [-121.80774, 37.73248],
          [-121.79892, 37.74296],
          [-121.77132, 37.74733],
          [-121.74372, 37.75169],
          [-121.73047, 37.7674],
          [-121.72163, 37.77788],
          [-121.69402, 37.78223],
          [-121.68076, 37.79794],
          [-121.67191, 37.8084],
          [-121.65864, 37.8241],
          [-121.64979, 37.83457],
          [-121.63652, 37.85027],
          [-121.62766, 37.86073],
          [-121.60003, 37.86507],
          [-121.57239, 37.8694],
          [-121.54475, 37.87373],
          [-121.53146, 37.88942],
          [-121.52259, 37.89988],
          [-121.49494, 37.9042],
          [-121.46729, 37.90851],
          [-121.45398, 37.92419],
          [-121.4451, 37.93464],
          [-121.41744, 37.93895],
          [-121.38977, 37.94325],
          [-121.37645, 37.95892],
          [-121.36756, 37.96937],
          [-121.33988, 37.97366],
          [-121.31221, 37.97796],
          [-121.29887, 37.99362],
          [-121.28997, 38.00406],
          [-121.27662, 38.01971],
          [-121.26771, 38.03015],
          [-121.24002, 38.03443],
          [-121.22666, 38.05008],
          [-121.21775, 38.06052],
          [-121.19005, 38.06478],
          [-121.17667, 38.08043],
          [-121.16776, 38.09086],
          [-121.15438, 38.1065],
          [-121.14546, 38.11693],
          [-121.11773, 38.12119],
          [-121.10434, 38.13682],
          [-121.09542, 38.14725],
          [-121.08202, 38.16288],
          [-121.07308, 38.1733],
          [-121.04535, 38.17754],
          [-121.03194, 38.19317],
          [-121.023, 38.20359],
          [-121.00958, 38.21921],
          [-121.00064, 38.22963],
          [-120.97288, 38.23386],
          [-120.95946, 38.24948],
          [-120.9505, 38.25989],
          [-120.93707, 38.2755],
          [-120.92811, 38.28591],
          [-120.90034, 38.29013],
          [-120.8869, 38.30574],
          [-120.87793, 38.31614],
          [-120.86448, 38.33174],
          [-120.85551, 38.34215],
          [-120.84206, 38.35775],
          [-120.83308, 38.36815],
          [-120.80529, 38.37235],
          [-120.79182, 38.38794],
          [-120.78284, 38.39834],
          [-120.75503, 38.40253],
          [-120.74155, 38.41812],
          [-120.73256, 38.42851],
          [-120.70474, 38.4327],
          [-120.69125, 38.44828],
          [-120.68226, 38.45867],
          [-120.65443, 38.46284],
          [-120.64093, 38.47842],
          [-120.63192, 38.48881],
          [-120.60409, 38.49297],
          [-120.59057, 38.50854],
          [-120.58156, 38.51892],
          [-120.56804, 38.53449],
          [-120.55903, 38.54487],
          [-120.5455, 38.56043],
          [-120.53648, 38.57081],
          [-120.52295, 38.58637],
          [-120.51393, 38.59674],
          [-120.50039, 38.6123],
          [-120.49136, 38.62267],
          [-120.47781, 38.63822],
          [-120.46878, 38.64859],
          [-120.45523, 38.66414],
          [-120.44619, 38.6745],
          [-120.43263, 38.69005],
          [-120.42359, 38.70041],
          [-120.41002, 38.71596],
          [-120.40098, 38.72632],
          [-120.3874, 38.74186],
          [-120.37835, 38.75221],
          [-120.36477, 38.76775],
          [-120.35572, 38.7781],
          [-120.34213, 38.79364],
          [-120.33307, 38.80399],
          [-120.31948, 38.81952],
          [-120.32476, 38.84128],
          [-120.3157, 38.85163],
          [-120.3021, 38.86716],
          [-120.30737, 38.88892],
          [-120.2983, 38.89926],
          [-120.28469, 38.91478],
          [-120.28997, 38.93654],
          [-120.28089, 38.94688],
          [-120.26728, 38.9624],
          [-120.27255, 38.98415],
          [-120.27783, 39.0059],
          [-120.26875, 39.01624],
          [-120.25512, 39.03175],
          [-120.2604, 39.05349],
          [-120.26567, 39.07523],
          [-120.25658, 39.08557],
          [-120.24294, 39.10107],
          [-120.24822, 39.12281],
          [-120.23912, 39.13314],
          [-120.22548, 39.14864],
          [-120.23075, 39.17037],
          [-120.23603, 39.19211],
          [-120.22693, 39.20244],
          [-120.21327, 39.21793],
          [-120.21855, 39.23965],
          [-120.22383, 39.26138],
          [-120.22911, 39.2831],
          [-120.22, 39.29343],
          [-120.20632, 39.30891],
          [-120.2116, 39.33063],
          [-120.21689, 39.35234],
          [-120.20777, 39.36266],
          [-120.19408, 39.37814],
          [-120.19937, 39.39985],
          [-120.19024, 39.41017],
          [-120.17655, 39.42564],
          [-120.18183, 39.44735],
          [-120.18711, 39.46905],
          [-120.17798, 39.47937],
          [-120.16428, 39.49483],
          [-120.16956, 39.51653],
          [-120.16042, 39.52684],
          [-120.14671, 39.54231],
          [-120.15199, 39.564],
          [-120.14284, 39.57431],
          [-120.12912, 39.58976],
          [-120.11997, 39.60007],
          [-120.10625, 39.61552],
          [-120.11152, 39.63721],
          [-120.10237, 39.64751],
          [-120.08863, 39.66296],
          [-120.07947, 39.67326],
          [-120.06573, 39.6887],
          [-120.071, 39.71038],
          [-120.06183, 39.72068],
          [-120.04808, 39.73612],
          [-120.03891, 39.74641],
          [-120.02515, 39.76185],
          [-120.01598, 39.77214],
          [-120.00221, 39.78757],
          [-119.99303, 39.79786],
          [-119.97926, 39.81328],
          [-119.97008, 39.82357],
          [-119.9563, 39.83899],
          [-119.94711, 39.84928],
          [-119.93332, 39.8647],
          [-119.92413, 39.87498],
          [-119.91034, 39.89039],
          [-119.90114, 39.90067],
          [-119.88734, 39.91608],
          [-119.87814, 39.92636],
          [-119.84989, 39.93038],
          [-119.83608, 39.94578],
          [-119.82687, 39.95605],
          [-119.79861, 39.96006],
          [-119.78479, 39.97546],
          [-119.77557, 39.98573],
          [-119.76174, 40.00113],
          [-119.75252, 40.01139],
          [-119.72424, 40.01539],
          [-119.7104, 40.03078],
          [-119.70117, 40.04104],
          [-119.67288, 40.04503],
          [-119.65903, 40.06041],
          [-119.64979, 40.07066],
          [-119.62149, 40.07464],
          [-119.60762, 40.09002],
          [-119.59838, 40.10027],
          [-119.58451, 40.11565],
          [-119.57526, 40.1259],
          [-119.54694, 40.12986],
          [-119.53306, 40.14523],
          [-119.5238, 40.15547],
          [-119.50991, 40.17084],
          [-119.50065, 40.18108],
          [-119.48675, 40.19644],
          [-119.47749, 40.20668],
          [-119.46359, 40.22204],
          [-119.45431, 40.23227],
          [-119.4404, 40.24762],
          [-119.43113, 40.25786],
          [-119.41721, 40.27321],
          [-119.40793, 40.28344],
          [-119.39401, 40.29878],
          [-119.38472, 40.30901],
          [-119.37079, 40.32435],
          [-119.37595, 40.34599],
          [-119.36666, 40.35621],
          [-119.35272, 40.37155],
          [-119.35788, 40.39318],
          [-119.34858, 40.4034],
          [-119.33463, 40.41873],
          [-119.32533, 40.42895],
          [-119.31137, 40.44428],
          [-119.31653, 40.4659],
          [-119.32168, 40.48752],
          [-119.31237, 40.49774],
          [-119.2984, 40.51306],
          [-119.30356, 40.53467],
          [-119.30871, 40.55628],
          [-119.31387, 40.57789],
          [-119.30455, 40.5881],
          [-119.29057, 40.60342],
          [-119.29572, 40.62502],
          [-119.30088, 40.64662],
          [-119.30604, 40.66822],
          [-119.3112, 40.68982],
          [-119.31637, 40.71142],
          [-119.32153, 40.73301],
          [-119.3267, 40.7546],
          [-119.33187, 40.77618],
          [-119.35208, 40.78678],
          [-119.36555, 40.79385],
          [-119.37073, 40.81543],
          [-119.37591, 40.83701],
          [-119.39614, 40.8476],
          [-119.40962, 40.85466],
          [-119.41482, 40.87623],
          [-119.42001, 40.8978],
          [-119.44025, 40.90839],
          [-119.45375, 40.91544],
          [-119.45895, 40.937],
          [-119.47921, 40.94758],
          [-119.49271, 40.95463],
          [-119.49793, 40.97619],
          [-119.51819, 40.98676],
          [-119.5317, 40.9938],
          [-119.53693, 41.01536],
          [-119.5572, 41.02592],
          [-119.57072, 41.03296],
          [-119.57596, 41.05451],
          [-119.59625, 41.06507],
          [-119.60977, 41.0721],
          [-119.63007, 41.08265],
          [-119.6436, 41.08969],
          [-119.6639, 41.10023],
          [-119.67744, 41.10726],
          [-119.69775, 41.11781],
          [-119.71129, 41.12483],
          [-119.73161, 41.13537],
          [-119.74515, 41.14239],
          [-119.75043, 41.16392],
          [-119.77076, 41.17445],
          [-119.78431, 41.18147],
          [-119.80465, 41.192],
          [-119.81821, 41.19901],
          [-119.83855, 41.20954],
          [-119.85211, 41.21655],
          [-119.85741, 41.23807],
          [-119.87777, 41.24858],
          [-119.89134, 41.25559],
          [-119.89665, 41.2771],
          [-119.91702, 41.28761],
          [-119.9306, 41.29461],
          [-119.93592, 41.31612],
          [-119.94125, 41.33762],
          [-119.94658, 41.35912],
          [-119.95191, 41.38062],
          [-119.95725, 41.40212],
          [-119.96258, 41.42361],
          [-119.96792, 41.4451],
          [-119.97326, 41.46658],
          [-119.97861, 41.48807],
          [-119.98395, 41.50955],
          [-119.9893, 41.53103],
          [-119.97996, 41.54122],
          [-119.96595, 41.55651],
          [-119.9713, 41.57798],
          [-119.97665, 41.59945],
          [-119.982, 41.62092],
          [-119.98735, 41.64239],
          [-119.97801, 41.65257],
          [-119.96398, 41.66785],
          [-119.96933, 41.68931],
          [-119.97469, 41.71077],
          [-119.98004, 41.73222],
          [-119.97069, 41.7424],
          [-119.95665, 41.75767],
          [-119.962, 41.77912],
          [-119.95264, 41.7893],
          [-119.93859, 41.80456],
          [-119.94394, 41.826],
          [-119.9493, 41.84744],
          [-119.95466, 41.86888],
          [-119.94529, 41.87905],
          [-119.93123, 41.89431],
          [-119.93658, 41.91574],
          [-119.9272, 41.92591],
          [-119.91313, 41.94116],
          [-119.91849, 41.96259],
          [-119.9091, 41.97275],
          [-119.89502, 41.98799],
          [-119.90038, 42.00942],
          [-119.92089, 42.01988],
          [-119.93457, 42.02685],
          [-119.95509, 42.03731],
          [-119.96877, 42.04428],
          [-119.9893, 42.05474],
          [-120.01814, 42.05074],
          [-120.03183, 42.05771],
          [-120.05236, 42.06816],
          [-120.0812, 42.06415],
          [-120.0949, 42.07111],
          [-120.11545, 42.08155],
          [-120.12914, 42.08851],
          [-120.1497, 42.09894],
          [-120.17854, 42.09492],
          [-120.20738, 42.0909],
          [-120.22109, 42.09785],
          [-120.24166, 42.10827],
          [-120.2705, 42.10424],
          [-120.29934, 42.1002],
          [-120.32818, 42.09616],
          [-120.34221, 42.08089],
          [-120.35156, 42.07071],
          [-120.38039, 42.06666],
          [-120.40922, 42.0626],
          [-120.42323, 42.04733],
          [-120.43257, 42.03714],
          [-120.46138, 42.03308],
          [-120.47538, 42.01779],
          [-120.48472, 42.0076],
          [-120.51352, 42.00353],
          [-120.52751, 41.98824],
          [-120.53683, 41.97805],
          [-120.56563, 41.97396],
          [-120.59442, 41.96988],
          [-120.60839, 41.95458],
          [-120.6177, 41.94438],
          [-120.64649, 41.94028],
          [-120.67526, 41.93618],
          [-120.70404, 41.93207],
          [-120.71799, 41.91676],
          [-120.72729, 41.90655],
          [-120.75605, 41.90244],
          [-120.78482, 41.89832],
          [-120.81358, 41.8942],
          [-120.84234, 41.89007],
          [-120.8711, 41.88594],
          [-120.88501, 41.87061],
          [-120.89429, 41.86039],
          [-120.92304, 41.85625],
          [-120.95178, 41.8521],
          [-120.98052, 41.84795],
          [-121.00926, 41.84379],
          [-121.038, 41.83963],
          [-121.06673, 41.83547],
          [-121.09546, 41.8313],
          [-121.12419, 41.82712],
          [-121.15292, 41.82294],
          [-121.18165, 41.81876],
          [-121.21037, 41.81457],
          [-121.23909, 41.81038],
          [-121.25294, 41.79502],
          [-121.26217, 41.78477],
          [-121.29088, 41.78057],
          [-121.30472, 41.7652],
          [-121.31395, 41.75496],
          [-121.34265, 41.75074],
          [-121.37134, 41.74653],
          [-121.38517, 41.73115],
          [-121.39438, 41.7209],
          [-121.42306, 41.71667],
          [-121.43688, 41.70129],
          [-121.44608, 41.69103],
          [-121.47476, 41.6868],
          [-121.50343, 41.68256],
          [-121.5321, 41.67832],
          [-121.56077, 41.67407],
          [-121.58943, 41.66982],
          [-121.6181, 41.66556],
          [-121.64676, 41.6613],
          [-121.67542, 41.65704],
          [-121.70407, 41.65277],
          [-121.71782, 41.65962],
          [-121.73845, 41.6699],
          [-121.76711, 41.66562],
          [-121.79576, 41.66133],
          [-121.82441, 41.65705],
          [-121.85306, 41.65275],
          [-121.88171, 41.64845],
          [-121.89544, 41.63303],
          [-121.9046, 41.62274],
          [-121.93323, 41.61844],
          [-121.96187, 41.61412],
          [-121.9905, 41.60981],
          [-122.01913, 41.60549],
          [-122.03289, 41.61232],
          [-122.05354, 41.62257],
          [-122.06731, 41.62939],
          [-122.07311, 41.65079],
          [-122.07891, 41.67219],
          [-122.08471, 41.69359],
          [-122.09051, 41.71498],
          [-122.09631, 41.73637],
          [-122.10212, 41.75775],
          [-122.10793, 41.77914],
          [-122.11374, 41.80052],
          [-122.11956, 41.8219],
          [-122.11041, 41.83218],
          [-122.09668, 41.84761],
          [-122.1025, 41.86898],
          [-122.10831, 41.89035],
          [-122.11413, 41.91172],
          [-122.11995, 41.93308],
          [-122.11079, 41.94336],
          [-122.09705, 41.95877],
          [-122.10287, 41.98013],
          [-122.10869, 42.00149],
          [-122.09953, 42.01176],
          [-122.08578, 42.02717],
          [-122.0916, 42.04852],
          [-122.09742, 42.06987],
          [-122.08825, 42.08013],
          [-122.07448, 42.09553],
          [-122.08031, 42.11688],
          [-122.08613, 42.13822],
          [-122.07695, 42.14848],
          [-122.06318, 42.16387],
          [-122.069, 42.18521],
          [-122.05982, 42.19547],
          [-122.04603, 42.21085],
          [-122.05186, 42.23218],
          [-122.04266, 42.24244],
          [-122.02887, 42.25782],
          [-122.01967, 42.26807],
          [-122.00587, 42.28345],
          [-122.01169, 42.30477],
          [-122.00249, 42.31502],
          [-121.98868, 42.3304],
          [-121.97947, 42.34064],
          [-121.96566, 42.35601],
          [-121.97147, 42.37732],
          [-121.96226, 42.38757],
          [-121.94843, 42.40293],
          [-121.93921, 42.41317],
          [-121.92538, 42.42853],
          [-121.91616, 42.43877],
          [-121.90232, 42.45412],
          [-121.90812, 42.47542],
          [-121.89889, 42.48566],
          [-121.87001, 42.48994],
          [-121.85615, 42.50529],
          [-121.84692, 42.51551],
          [-121.83306, 42.53086],
          [-121.82381, 42.54108],
          [-121.80995, 42.55642],
          [-121.8007, 42.56665],
          [-121.78682, 42.58198],
          [-121.77757, 42.5922],
          [-121.74865, 42.59646],
          [-121.73476, 42.61179],
          [-121.7255, 42.622],
          [-121.69657, 42.62625],
          [-121.68267, 42.64157],
          [-121.6734, 42.65179],
          [-121.6595, 42.6671],
          [-121.65022, 42.67731],
          [-121.62127, 42.68155],
          [-121.60735, 42.69686],
          [-121.59807, 42.70706],
          [-121.56911, 42.71129],
          [-121.55518, 42.72659],
          [-121.54589, 42.7368],
          [-121.51691, 42.74101],
          [-121.48794, 42.74523],
          [-121.47399, 42.76052],
          [-121.46469, 42.77072],
          [-121.4357, 42.77492],
          [-121.42174, 42.79021],
          [-121.41243, 42.8004],
          [-121.38344, 42.80459],
          [-121.35444, 42.80878],
          [-121.32543, 42.81297],
          [-121.29643, 42.81715],
          [-121.26742, 42.82133],
          [-121.25343, 42.8366],
          [-121.2441, 42.84678],
          [-121.21508, 42.85095],
          [-121.18606, 42.85511],
          [-121.15703, 42.85927],
          [-121.12801, 42.86342],
          [-121.11399, 42.87868],
          [-121.10464, 42.88885],
          [-121.0756, 42.89299],
          [-121.04656, 42.89713],
          [-121.01752, 42.90127],
          [-120.98848, 42.9054],
          [-120.95943, 42.90953],
          [-120.93038, 42.91365],
          [-120.91633, 42.92889],
          [-120.90695, 42.93904],
          [-120.87789, 42.94315],
          [-120.84883, 42.94726],
          [-120.83476, 42.96249],
          [-120.82537, 42.97264],
          [-120.7963, 42.97674],
          [-120.76722, 42.98083],
          [-120.75313, 42.99605],
          [-120.74374, 43.00619],
          [-120.71465, 43.01028],
          [-120.68556, 43.01436],
          [-120.67145, 43.02957],
          [-120.66204, 43.03971],
          [-120.63294, 43.04378],
          [-120.60384, 43.04784],
          [-120.58972, 43.06304],
          [-120.5803, 43.07317],
          [-120.55118, 43.07723],
          [-120.52207, 43.08129],
          [-120.50793, 43.09647],
          [-120.4985, 43.1066],
          [-120.46937, 43.11064],
          [-120.44024, 43.11468],
          [-120.41111, 43.11872],
          [-120.38198, 43.12275],
          [-120.36781, 43.13792],
          [-120.35836, 43.14804],
          [-120.32921, 43.15206],
          [-120.30007, 43.15608],
          [-120.27092, 43.16009],
          [-120.25673, 43.17525],
          [-120.24726, 43.18536],
          [-120.2181, 43.18936],
          [-120.18894, 43.19336],
          [-120.15978, 43.19736],
          [-120.13061, 43.20134],
          [-120.10144, 43.20533],
          [-120.07227, 43.20931],
          [-120.0431, 43.21328],
          [-120.01393, 43.21725],
          [-119.99968, 43.23239],
          [-119.99019, 43.24248],
          [-119.961, 43.24644],
          [-119.93181, 43.2504],
          [-119.90262, 43.25435],
          [-119.88836, 43.26948],
          [-119.87885, 43.27956],
          [-119.86458, 43.29468],
          [-119.85506, 43.30476],
          [-119.82585, 43.3087],
          [-119.81157, 43.32381],
          [-119.81698, 43.34507],
          [-119.80745, 43.35514],
          [-119.79316, 43.37025],
          [-119.78363, 43.38032],
          [-119.75439, 43.38424],
          [-119.74009, 43.39935],
          [-119.73055, 43.40941],
          [-119.7013, 43.41333],
          [-119.68699, 43.42842],
          [-119.67744, 43.43849],
          [-119.64818, 43.44239],
          [-119.63385, 43.45748],
          [-119.6243, 43.46754],
          [-119.60996, 43.48262],
          [-119.6004, 43.49268],
          [-119.58605, 43.50775],
          [-119.57649, 43.51781],
          [-119.56214, 43.53288],
          [-119.55257, 43.54293],
          [-119.52327, 43.54682],
          [-119.50891, 43.56188],
          [-119.49933, 43.57193],
          [-119.47003, 43.5758],
          [-119.44072, 43.57968],
          [-119.42634, 43.59473],
          [-119.41675, 43.60477],
          [-119.38743, 43.60863],
          [-119.37304, 43.62369],
          [-119.36344, 43.63372],
          [-119.33411, 43.63757],
          [-119.30478, 43.64142],
          [-119.29037, 43.65646],
          [-119.28076, 43.66649],
          [-119.26634, 43.68153],
          [-119.25673, 43.69155],
          [-119.22738, 43.69539],
          [-119.21295, 43.71042],
          [-119.20333, 43.72044],
          [-119.17397, 43.72426],
          [-119.15952, 43.73929],
          [-119.14989, 43.7493],
          [-119.12052, 43.75312],
          [-119.10607, 43.76814],
          [-119.09643, 43.77815],
          [-119.06704, 43.78195],
          [-119.05258, 43.79697],
          [-119.04293, 43.80697],
          [-119.01354, 43.81077],
          [-118.99905, 43.82577],
          [-118.9894, 43.83577],
          [-118.96, 43.83956],
          [-118.93059, 43.84335],
          [-118.91609, 43.85834],
          [-118.90642, 43.86834],
          [-118.87701, 43.87211],
          [-118.84759, 43.87588],
          [-118.83307, 43.89087],
          [-118.82339, 43.90086],
          [-118.79397, 43.90462],
          [-118.76454, 43.90838],
          [-118.75, 43.92335],
          [-118.74031, 43.93333],
          [-118.71087, 43.93708],
          [-118.69632, 43.95205],
          [-118.68662, 43.96203],
          [-118.65717, 43.96577],
          [-118.64261, 43.98073],
          [-118.6329, 43.9907],
          [-118.60344, 43.99443],
          [-118.57398, 43.99815],
          [-118.5594, 44.0131],
          [-118.54968, 44.02307],
          [-118.5202, 44.02679],
          [-118.49073, 44.0305],
          [-118.47613, 44.04544],
          [-118.4664, 44.0554],
          [-118.43691, 44.0591],
          [-118.40742, 44.0628],
          [-118.39281, 44.07773],
          [-118.38306, 44.08769],
          [-118.35356, 44.09137],
          [-118.33894, 44.1063],
          [-118.32919, 44.11625],
          [-118.29967, 44.11993],
          [-118.28582, 44.11292],
          [-118.26504, 44.10241],
          [-118.23553, 44.10608],
          [-118.20602, 44.10975],
          [-118.17651, 44.11341],
          [-118.16185, 44.12832],
          [-118.15208, 44.13826],
          [-118.12255, 44.14191],
          [-118.09303, 44.14555],
          [-118.0635, 44.1492],
          [-118.03396, 44.15283],
          [-118.00443, 44.15647],
          [-117.97489, 44.1601],
          [-117.9602, 44.17498],
          [-117.9504, 44.18491],
          [-117.92085, 44.18853],
          [-117.89131, 44.19214],
          [-117.86175, 44.19575],
          [-117.84704, 44.21063],
          [-117.83723, 44.22054],
          [-117.80766, 44.22414],
          [-117.7781, 44.22774],
          [-117.74853, 44.23133],
          [-117.71896, 44.23492],
          [-117.70422, 44.24978],
          [-117.69439, 44.25968],
          [-117.66481, 44.26326],
          [-117.63523, 44.26683],
          [-117.60564, 44.2704],
          [-117.57606, 44.27396],
          [-117.54647, 44.27752],
          [-117.51688, 44.28108],
          [-117.48729, 44.28462],
          [-117.4725, 44.29946],
          [-117.46264, 44.30935],
          [-117.43304, 44.31289],
          [-117.40343, 44.31643],
          [-117.37382, 44.31996],
          [-117.34421, 44.32348],
          [-117.3294, 44.33831],
          [-117.31952, 44.34819],
          [-117.2899, 44.3517],
          [-117.26028, 44.35522],
          [-117.23065, 44.35872],
          [-117.20103, 44.36223],
          [-117.1714, 44.36572],
          [-117.15655, 44.38053],
          [-117.14665, 44.3904],
          [-117.11701, 44.39389],
          [-117.10215, 44.40868],
          [-117.09224, 44.41855],
          [-117.06259, 44.42203],
          [-117.03294, 44.4255],
          [-117.01806, 44.44029],
          [-117.00814, 44.45015],
          [-116.97848, 44.45361],
          [-116.96359, 44.46839],
          [-116.95366, 44.47825],
          [-116.92399, 44.4817],
          [-116.89431, 44.48515],
          [-116.87941, 44.49993],
          [-116.87933, 44.5]
        ]
      }
    },
    {
      "type": "Feature",
      "id": "2026082200_f150_12000_001",
      "properties": {
        "product_id": "winter_storm_levels",
        "source_id": "nbm_snow_level",
        "parameter": "snow_level",
        "definition": "height of the wet-bulb 0.5 degree C surface",
        "level_ft_msl": 12000,
        "label": "12,000 ft MSL",
        "unit": "ft_msl",
        "cycle_time_utc": "2026-08-22T00:00:00Z",
        "valid_time_utc": "2026-08-28T06:00:00Z",
        "lead_hours": 150,
        "segment": 1,
        "length_m": 2213822.4
      },
      "geometry": {
        "type": "LineString",
        "coordinates": [
          [-130, 33.28896],
          [-129.98708, 33.29181],
          [-129.96094, 33.29757],
          [-129.9348, 33.30333],
          [-129.92132, 33.32266],
          [-129.91554, 33.33094],
          [-129.88939, 33.33669],
          [-129.86324, 33.34244],
          [-129.83708, 33.34818],
          [-129.81093, 33.35392],
          [-129.79742, 33.37323],
          [-129.79163, 33.38151],
          [-129.76546, 33.38724],
          [-129.73929, 33.39297],
          [-129.71312, 33.39869],
          [-129.68694, 33.40441],
          [-129.66076, 33.41012],
          [-129.64723, 33.42942],
          [-129.64142, 33.43768],
          [-129.63152, 33.43284],
          [-129.6084, 33.42154],
          [-129.59485, 33.44083],
          [-129.58904, 33.44909],
          [-129.56285, 33.45479],
          [-129.53665, 33.46048],
          [-129.51045, 33.46617],
          [-129.48425, 33.47186],
          [-129.45805, 33.47754],
          [-129.43184, 33.48322],
          [-129.40563, 33.48889],
          [-129.37942, 33.49456],
          [-129.36582, 33.51382],
          [-129.35999, 33.52208],
          [-129.33377, 33.52774],
          [-129.30755, 33.53339],
          [-129.28132, 33.53905],
          [-129.25509, 33.54469],
          [-129.22886, 33.55033],
          [-129.20262, 33.55597],
          [-129.17638, 33.56161],
          [-129.15014, 33.56724],
          [-129.1239, 33.57286],
          [-129.09765, 33.57848],
          [-129.07141, 33.5841],
          [-129.04515, 33.58971],
          [-129.0189, 33.59532],
          [-128.99264, 33.60092],
          [-128.97897, 33.62015],
          [-128.97311, 33.62839],
          [-128.94684, 33.63399],
          [-128.92057, 33.63958],
          [-128.91068, 33.63469],
          [-128.88759, 33.62329],
          [-128.8739, 33.64251],
          [-128.86803, 33.65075],
          [-128.84175, 33.65633],
          [-128.83186, 33.65144],
          [-128.80878, 33.64003],
          [-128.7825, 33.6456],
          [-128.75622, 33.65116],
          [-128.72994, 33.65672],
          [-128.71621, 33.67593],
          [-128.71033, 33.68415],
          [-128.68404, 33.68971],
          [-128.65774, 33.69526],
          [-128.63144, 33.7008],
          [-128.60514, 33.70634],
          [-128.57884, 33.71187],
          [-128.55254, 33.7174],
          [-128.52623, 33.72293],
          [-128.49992, 33.72845],
          [-128.47361, 33.73397],
          [-128.44729, 33.73948],
          [-128.42097, 33.74499],
          [-128.39465, 33.7505],
          [-128.36833, 33.756],
          [-128.342, 33.7615],
          [-128.31567, 33.76699],
          [-128.28934, 33.77247],
          [-128.26301, 33.77796],
          [-128.23667, 33.78344],
          [-128.21034, 33.78891],
          [-128.18399, 33.79438],
          [-128.15765, 33.79985],
          [-128.1313, 33.80531],
          [-128.11746, 33.82445],
          [-128.11152, 33.83266],
          [-128.08517, 33.83811],
          [-128.05881, 33.84356],
          [-128.03245, 33.84901],
          [-128.00608, 33.85445],
          [-127.97972, 33.85988],
          [-127.95335, 33.86531],
          [-127.92698, 33.87074],
          [-127.9006, 33.87617],
          [-127.87423, 33.88158],
          [-127.84785, 33.887],
          [-127.82147, 33.89241],
          [-127.80756, 33.91152],
          [-127.80159, 33.91971],
          [-127.7752, 33.92512],
          [-127.74881, 33.93051],
          [-127.72241, 33.93591],
          [-127.69601, 33.9413],
          [-127.66961, 33.94668],
          [-127.64321, 33.95206],
          [-127.6168, 33.95744],
          [-127.59039, 33.96281],
          [-127.56398, 33.96818],
          [-127.53756, 33.97354],
          [-127.51115, 33.9789],
          [-127.48473, 33.98425],
          [-127.45831, 33.9896],
          [-127.43188, 33.99495],
          [-127.40546, 34.00029],
          [-127.37903, 34.00563],
          [-127.35259, 34.01096],
          [-127.32616, 34.01629],
          [-127.29972, 34.02161],
          [-127.28571, 34.04067],
          [-127.2797, 34.04884],
          [-127.25325, 34.05416],
          [-127.22681, 34.05947],
          [-127.20035, 34.06478],
          [-127.1739, 34.07008],
          [-127.14744, 34.07538],
          [-127.12098, 34.08067],
          [-127.09452, 34.08596],
          [-127.06806, 34.09125],
          [-127.04159, 34.09653],
          [-127.01512, 34.1018],
          [-126.98865, 34.10708],
          [-126.96218, 34.11234],
          [-126.9357, 34.11761],
          [-126.90922, 34.12287],
          [-126.88274, 34.12812],
          [-126.85626, 34.13337],
          [-126.82977, 34.13862],
          [-126.80328, 34.14386],
          [-126.77679, 34.1491],
          [-126.76694, 34.14409],
          [-126.74398, 34.1324],
          [-126.71748, 34.13763],
          [-126.69099, 34.14286],
          [-126.67686, 34.16186],
          [-126.6708, 34.17],
          [-126.66096, 34.16499],
          [-126.63799, 34.15329],
          [-126.61149, 34.1585],
          [-126.58499, 34.16371],
          [-126.55848, 34.16891],
          [-126.53197, 34.1741],
          [-126.50546, 34.1793],
          [-126.47895, 34.18449],
          [-126.45243, 34.18967],
          [-126.42591, 34.19485],
          [-126.39939, 34.20003],
          [-126.37287, 34.2052],
          [-126.34634, 34.21036],
          [-126.31982, 34.21553],
          [-126.29329, 34.22068],
          [-126.26675, 34.22584],
          [-126.24022, 34.23099],
          [-126.21368, 34.23613],
          [-126.18714, 34.24127],
          [-126.1606, 34.24641],
          [-126.13405, 34.25154],
          [-126.1075, 34.25667],
          [-126.08095, 34.26179],
          [-126.0544, 34.26691],
          [-126.02784, 34.27202],
          [-126.00129, 34.27713],
          [-125.97473, 34.28224],
          [-125.94816, 34.28734],
          [-125.9216, 34.29244],
          [-125.89503, 34.29753],
          [-125.86846, 34.30262],
          [-125.84189, 34.3077],
          [-125.81532, 34.31278],
          [-125.78874, 34.31786],
          [-125.76216, 34.32293],
          [-125.73558, 34.32799],
          [-125.70899, 34.33305],
          [-125.68241, 34.33811],
          [-125.65582, 34.34316],
          [-125.62923, 34.34821],
          [-125.61942, 34.34314],
          [-125.59653, 34.3313],
          [-125.56994, 34.33634],
          [-125.54334, 34.34137],
          [-125.51675, 34.3464],
          [-125.49015, 34.35143],
          [-125.46355, 34.35645],
          [-125.43694, 34.36147],
          [-125.41034, 34.36648],
          [-125.38373, 34.37149],
          [-125.35712, 34.37649],
          [-125.33051, 34.38149],
          [-125.31612, 34.40037],
          [-125.30995, 34.40845],
          [-125.28332, 34.41345],
          [-125.2567, 34.41843],
          [-125.23007, 34.42342],
          [-125.20344, 34.42839],
          [-125.17681, 34.43337],
          [-125.15018, 34.43834],
          [-125.14038, 34.43324],
          [-125.11752, 34.42133],
          [-125.09089, 34.42629],
          [-125.06425, 34.43125],
          [-125.03761, 34.4362],
          [-125.01097, 34.44115],
          [-124.98433, 34.44609],
          [-124.95768, 34.45103],
          [-124.94322, 34.46986],
          [-124.93702, 34.47794],
          [-124.91036, 34.48287],
          [-124.8837, 34.48779],
          [-124.85704, 34.49271],
          [-124.84726, 34.4876],
          [-124.82442, 34.47565],
          [-124.79776, 34.48057],
          [-124.7711, 34.48547],
          [-124.74443, 34.49038],
          [-124.71777, 34.49528],
          [-124.6911, 34.50017],
          [-124.66443, 34.50506],
          [-124.63775, 34.50995],
          [-124.61108, 34.51483],
          [-124.5844, 34.5197],
          [-124.55772, 34.52458],
          [-124.53103, 34.52944],
          [-124.50435, 34.53431],
          [-124.47766, 34.53917],
          [-124.45097, 34.54402],
          [-124.42428, 34.54887],
          [-124.39758, 34.55372],
          [-124.37089, 34.55856],
          [-124.34419, 34.5634],
          [-124.31748, 34.56823],
          [-124.29078, 34.57306],
          [-124.26407, 34.57788],
          [-124.23737, 34.5827],
          [-124.21065, 34.58752],
          [-124.18394, 34.59233],
          [-124.15723, 34.59713],
          [-124.13051, 34.60193],
          [-124.10379, 34.60673],
          [-124.07706, 34.61152],
          [-124.05034, 34.61631],
          [-124.02361, 34.6211],
          [-123.99688, 34.62588],
          [-123.98223, 34.64462],
          [-123.97595, 34.65265],
          [-123.94922, 34.65742],
          [-123.92247, 34.66219],
          [-123.89573, 34.66695],
          [-123.86898, 34.67171],
          [-123.84224, 34.67646],
          [-123.81549, 34.68121],
          [-123.78873, 34.68596],
          [-123.76198, 34.6907],
          [-123.73522, 34.69543],
          [-123.70846, 34.70017],
          [-123.6817, 34.70489],
          [-123.65494, 34.70962],
          [-123.62817, 34.71434],
          [-123.6014, 34.71905],
          [-123.57463, 34.72376],
          [-123.54786, 34.72847],
          [-123.52108, 34.73317],
          [-123.4943, 34.73786],
          [-123.46753, 34.74256],
          [-123.44074, 34.74724],
          [-123.41396, 34.75193],
          [-123.38717, 34.75661],
          [-123.36038, 34.76128],
          [-123.34561, 34.77996],
          [-123.33928, 34.78796],
          [-123.31248, 34.79263],
          [-123.28568, 34.79729],
          [-123.25887, 34.80194],
          [-123.23207, 34.8066],
          [-123.20526, 34.81125],
          [-123.17845, 34.81589],
          [-123.15164, 34.82053],
          [-123.12483, 34.82517],
          [-123.09801, 34.8298],
          [-123.07119, 34.83442],
          [-123.05636, 34.85307],
          [-123.05, 34.86106],
          [-123.02317, 34.86568],
          [-122.99634, 34.87029],
          [-122.96951, 34.8749],
          [-122.94267, 34.87951],
          [-122.91584, 34.88411],
          [-122.90097, 34.90273],
          [-122.8946, 34.91072],
          [-122.86775, 34.91531],
          [-122.8409, 34.9199],
          [-122.81405, 34.92448],
          [-122.7872, 34.92906],
          [-122.76035, 34.93364],
          [-122.73349, 34.93821],
          [-122.70663, 34.94277],
          [-122.67977, 34.94733],
          [-122.6529, 34.95189],
          [-122.62604, 34.95644],
          [-122.61111, 34.97504],
          [-122.60471, 34.98301],
          [-122.57784, 34.98755],
          [-122.55096, 34.99209],
          [-122.53602, 35.01068],
          [-122.52962, 35.01865],
          [-122.50273, 35.02318],
          [-122.47584, 35.02771],
          [-122.44895, 35.03223],
          [-122.42205, 35.03675],
          [-122.39516, 35.04126],
          [-122.38018, 35.05983],
          [-122.37376, 35.06779],
          [-122.34686, 35.0723],
          [-122.31995, 35.0768],
          [-122.29304, 35.0813],
          [-122.27804, 35.09986],
          [-122.27162, 35.10781],
          [-122.2447, 35.1123],
          [-122.21777, 35.11678],
          [-122.19085, 35.12126],
          [-122.16392, 35.12574],
          [-122.1489, 35.14428],
          [-122.14246, 35.15223],
          [-122.11552, 35.1567],
          [-122.08859, 35.16116],
          [-122.06165, 35.16562],
          [-122.0466, 35.18415],
          [-122.04015, 35.19209],
          [-122.0132, 35.19654],
          [-121.98625, 35.20099],
          [-121.97119, 35.21951],
          [-121.96473, 35.22745],
          [-121.93777, 35.23189],
          [-121.9108, 35.23632],
          [-121.89572, 35.25484],
          [-121.88926, 35.26277],
          [-121.86229, 35.2672],
          [-121.83531, 35.27162],
          [-121.80833, 35.27603],
          [-121.79323, 35.29454],
          [-121.78676, 35.30247],
          [-121.75977, 35.30687],
          [-121.74465, 35.32537],
          [-121.73817, 35.3333],
          [-121.71118, 35.3377],
          [-121.68418, 35.34209],
          [-121.66905, 35.36058],
          [-121.66256, 35.3685],
          [-121.63555, 35.37289],
          [-121.60854, 35.37727],
          [-121.59339, 35.39575],
          [-121.5869, 35.40367],
          [-121.55988, 35.40804],
          [-121.53286, 35.41241],
          [-121.51769, 35.43088],
          [-121.51119, 35.4388],
          [-121.49601, 35.45726],
          [-121.4895, 35.46518],
          [-121.46247, 35.46953],
          [-121.44728, 35.488],
          [-121.44077, 35.49591],
          [-121.41372, 35.50025],
          [-121.38667, 35.5046],
          [-121.35962, 35.50894],
          [-121.33257, 35.51327],
          [-121.31735, 35.53172],
          [-121.31083, 35.53962],
          [-121.28376, 35.54395],
          [-121.2567, 35.54827],
          [-121.24147, 35.56671],
          [-121.23494, 35.57461],
          [-121.20786, 35.57892],
          [-121.18078, 35.58323],
          [-121.1537, 35.58753],
          [-121.13845, 35.60596],
          [-121.13191, 35.61386],
          [-121.10482, 35.61815],
          [-121.07773, 35.62244],
          [-121.05064, 35.62673],
          [-121.03536, 35.64514],
          [-121.02881, 35.65303],
          [-121.00171, 35.65731],
          [-120.9746, 35.66159],
          [-120.95931, 35.67999],
          [-120.95275, 35.68788],
          [-120.92564, 35.69214],
          [-120.91033, 35.71054],
          [-120.90377, 35.71843],
          [-120.87664, 35.72268],
          [-120.86132, 35.74107],
          [-120.85475, 35.74896],
          [-120.82762, 35.7532],
          [-120.81229, 35.77159],
          [-120.80572, 35.77947],
          [-120.77857, 35.78371],
          [-120.76323, 35.80209],
          [-120.75665, 35.80996],
          [-120.7413, 35.82834],
          [-120.73472, 35.83621],
          [-120.71935, 35.85458],
          [-120.71277, 35.86246],
          [-120.6974, 35.88082],
          [-120.69081, 35.88869],
          [-120.67544, 35.90706],
          [-120.66885, 35.91493],
          [-120.64167, 35.91914],
          [-120.62628, 35.9375],
          [-120.61968, 35.94537],
          [-120.60429, 35.96372],
          [-120.59769, 35.97159],
          [-120.58229, 35.98994],
          [-120.57569, 35.9978],
          [-120.56028, 36.01615],
          [-120.55367, 36.02401],
          [-120.53825, 36.04235],
          [-120.53164, 36.05021],
          [-120.51622, 36.06855],
          [-120.50961, 36.07641],
          [-120.49418, 36.09474],
          [-120.49936, 36.11675],
          [-120.49274, 36.1246],
          [-120.4773, 36.14293],
          [-120.47068, 36.15079],
          [-120.45523, 36.16912],
          [-120.44861, 36.17697],
          [-120.43315, 36.19529],
          [-120.42653, 36.20314],
          [-120.41107, 36.22146],
          [-120.40444, 36.22931],
          [-120.37717, 36.23348],
          [-120.36169, 36.25179],
          [-120.35506, 36.25964],
          [-120.32778, 36.2638],
          [-120.3005, 36.26796],
          [-120.28501, 36.28626],
          [-120.27836, 36.2941],
          [-120.25107, 36.29825],
          [-120.22378, 36.30239],
          [-120.20827, 36.32069],
          [-120.20162, 36.32852],
          [-120.17432, 36.33266],
          [-120.14702, 36.33679],
          [-120.13149, 36.35507],
          [-120.12483, 36.36291],
          [-120.09752, 36.36703],
          [-120.08197, 36.38531],
          [-120.07531, 36.39314],
          [-120.04799, 36.39725],
          [-120.02067, 36.40136],
          [-119.99334, 36.40546],
          [-119.96601, 36.40956],
          [-119.93868, 36.41366],
          [-119.91135, 36.41775],
          [-119.89577, 36.436],
          [-119.88909, 36.44383],
          [-119.86175, 36.44791],
          [-119.8344, 36.45199],
          [-119.80706, 36.45606],
          [-119.77971, 36.46013],
          [-119.75236, 36.46419],
          [-119.73674, 36.48243],
          [-119.73005, 36.49024],
          [-119.70269, 36.4943],
          [-119.68707, 36.51253],
          [-119.68037, 36.52035],
          [-119.653, 36.52439],
          [-119.63736, 36.54262],
          [-119.63066, 36.55043],
          [-119.60328, 36.55447],
          [-119.58763, 36.57269],
          [-119.58092, 36.58049],
          [-119.55353, 36.58452],
          [-119.52614, 36.58855],
          [-119.49875, 36.59257],
          [-119.47135, 36.59658],
          [-119.45567, 36.61479],
          [-119.44895, 36.62259],
          [-119.42155, 36.6266],
          [-119.39414, 36.6306],
          [-119.36674, 36.6346],
          [-119.33933, 36.63859],
          [-119.31192, 36.64258],
          [-119.2962, 36.66077],
          [-119.28947, 36.66856],
          [-119.26205, 36.67254],
          [-119.24632, 36.69072],
          [-119.23958, 36.69851],
          [-119.22385, 36.71669],
          [-119.2171, 36.72447],
          [-119.18967, 36.72844],
          [-119.17392, 36.74661],
          [-119.17887, 36.7686],
          [-119.17212, 36.77639],
          [-119.15636, 36.79455],
          [-119.14961, 36.80233],
          [-119.13384, 36.82049],
          [-119.12709, 36.82828],
          [-119.11131, 36.84643],
          [-119.11625, 36.86841],
          [-119.10949, 36.87619],
          [-119.09371, 36.89434],
          [-119.09865, 36.91632],
          [-119.09188, 36.9241],
          [-119.07609, 36.94225],
          [-119.08103, 36.96422],
          [-119.08597, 36.9862],
          [-119.0792, 36.99397],
          [-119.06339, 37.01211],
          [-119.06833, 37.03408],
          [-119.07327, 37.05605],
          [-119.07821, 37.07801],
          [-119.08315, 37.09998],
          [-119.0881, 37.12194],
          [-119.09304, 37.1439],
          [-119.09799, 37.16586],
          [-119.10294, 37.18781],
          [-119.09616, 37.19558],
          [-119.08998, 37.21233],
          [-119.08528, 37.23566],
          [-119.09023, 37.25761],
          [-119.09518, 37.27956],
          [-119.10014, 37.3015],
          [-119.1051, 37.32345],
          [-119.10592, 37.34598],
          [-119.10326, 37.35315],
          [-119.09708, 37.36989],
          [-119.09237, 37.39321],
          [-119.09733, 37.41514],
          [-119.09815, 37.43767],
          [-119.0955, 37.44484],
          [-119.07963, 37.46295],
          [-119.08459, 37.48488],
          [-119.08955, 37.5068],
          [-119.08275, 37.51456],
          [-119.06687, 37.53267],
          [-119.07183, 37.55459],
          [-119.07679, 37.57651],
          [-119.06999, 37.58427],
          [-119.05409, 37.60236],
          [-119.05906, 37.62428],
          [-119.06402, 37.6462],
          [-119.05721, 37.65395],
          [-119.0413, 37.67204],
          [-119.04627, 37.69395],
          [-119.05123, 37.71586],
          [-119.04441, 37.72361],
          [-119.02849, 37.7417],
          [-119.03346, 37.7636],
          [-119.03842, 37.78551],
          [-119.04339, 37.80741],
          [-119.04836, 37.82931],
          [-119.05333, 37.8512],
          [-119.0583, 37.8731],
          [-119.06328, 37.89499],
          [-119.06826, 37.91688],
          [-119.07324, 37.93877],
          [-119.07822, 37.96066],
          [-119.0832, 37.98254],
          [-119.08819, 38.00443],
          [-119.08135, 38.01217],
          [-119.0654, 38.03023],
          [-119.07038, 38.05211],
          [-119.07537, 38.07399],
          [-119.08036, 38.09586],
          [-119.08535, 38.11773],
          [-119.09034, 38.1396],
          [-119.09533, 38.16147],
          [-119.10033, 38.18333],
          [-119.10533, 38.2052],
          [-119.11033, 38.22706],
          [-119.11533, 38.24891],
          [-119.12033, 38.27077],
          [-119.12534, 38.29262],
          [-119.11849, 38.30036],
          [-119.1025, 38.3184],
          [-119.10751, 38.34025],
          [-119.11251, 38.3621],
          [-119.10566, 38.36983],
          [-119.09941, 38.3865],
          [-119.09466, 38.40971],
          [-119.09967, 38.43156],
          [-119.10468, 38.45339],
          [-119.10969, 38.47523],
          [-119.10283, 38.48296],
          [-119.09657, 38.49962],
          [-119.09182, 38.52282],
          [-119.09683, 38.54465],
          [-119.10184, 38.56648],
          [-119.10686, 38.5883],
          [-119.09999, 38.59603],
          [-119.08395, 38.61405],
          [-119.08897, 38.63587],
          [-119.09398, 38.65769],
          [-119.099, 38.67951],
          [-119.09213, 38.68723],
          [-119.07607, 38.70524],
          [-119.08109, 38.72705],
          [-119.08611, 38.74886],
          [-119.07923, 38.75658],
          [-119.06316, 38.77458],
          [-119.05628, 38.7823],
          [-119.0402, 38.8003],
          [-119.04522, 38.8221],
          [-119.03833, 38.82982],
          [-119.02224, 38.84781],
          [-119.02726, 38.86961],
          [-119.02036, 38.87732],
          [-119.00427, 38.89531],
          [-118.99737, 38.90302],
          [-118.98127, 38.92101],
          [-118.97436, 38.92871],
          [-118.95825, 38.9467],
          [-118.95135, 38.9544],
          [-118.93523, 38.97238],
          [-118.92832, 38.98008],
          [-118.9122, 38.99805],
          [-118.90528, 39.00575],
          [-118.88915, 39.02372],
          [-118.88224, 39.03142],
          [-118.86609, 39.04939],
          [-118.85918, 39.05708],
          [-118.84303, 39.07504],
          [-118.8361, 39.08274],
          [-118.80804, 39.08661],
          [-118.79188, 39.10456],
          [-118.78495, 39.11225],
          [-118.76878, 39.1302],
          [-118.76185, 39.13789],
          [-118.73377, 39.14175],
          [-118.71759, 39.15969],
          [-118.71065, 39.16738],
          [-118.68256, 39.17122],
          [-118.66636, 39.18916],
          [-118.65942, 39.19684],
          [-118.63132, 39.20068],
          [-118.60322, 39.20451],
          [-118.587, 39.22243],
          [-118.58005, 39.23011],
          [-118.56383, 39.24803],
          [-118.55687, 39.25571],
          [-118.52875, 39.25953],
          [-118.51252, 39.27744],
          [-118.50556, 39.28512],
          [-118.47743, 39.28893],
          [-118.46118, 39.30683],
          [-118.45421, 39.31451],
          [-118.43795, 39.33241],
          [-118.43098, 39.34008],
          [-118.40284, 39.34388],
          [-118.38657, 39.36177],
          [-118.37959, 39.36944],
          [-118.36331, 39.38733],
          [-118.35633, 39.39499],
          [-118.32817, 39.39878],
          [-118.31188, 39.41666],
          [-118.30489, 39.42432],
          [-118.27672, 39.4281],
          [-118.26041, 39.44597],
          [-118.25342, 39.45363],
          [-118.22524, 39.4574],
          [-118.20892, 39.47526],
          [-118.20193, 39.48292],
          [-118.17373, 39.48668],
          [-118.1574, 39.50454],
          [-118.1504, 39.51219],
          [-118.1222, 39.51594],
          [-118.10585, 39.53379],
          [-118.09884, 39.54144],
          [-118.07063, 39.54518],
          [-118.05427, 39.56303],
          [-118.04726, 39.57068],
          [-118.01904, 39.57441],
          [-117.99081, 39.57813],
          [-117.97443, 39.59597],
          [-117.96741, 39.60361],
          [-117.93918, 39.60733],
          [-117.91094, 39.61104],
          [-117.89455, 39.62887],
          [-117.88752, 39.63651],
          [-117.85927, 39.64021],
          [-117.84286, 39.65803],
          [-117.83583, 39.66566],
          [-117.80757, 39.66936],
          [-117.79115, 39.68717],
          [-117.78411, 39.6948],
          [-117.75584, 39.69849],
          [-117.7394, 39.71629],
          [-117.73236, 39.72392],
          [-117.70408, 39.7276],
          [-117.68763, 39.74539],
          [-117.68058, 39.75302],
          [-117.6523, 39.75669],
          [-117.63583, 39.77448],
          [-117.62877, 39.7821],
          [-117.6123, 39.79988],
          [-117.60524, 39.8075],
          [-117.57694, 39.81116],
          [-117.56045, 39.82893],
          [-117.55339, 39.83655],
          [-117.52507, 39.8402],
          [-117.50858, 39.85797],
          [-117.5015, 39.86558],
          [-117.47318, 39.86922],
          [-117.45667, 39.88698],
          [-117.44959, 39.89459],
          [-117.42126, 39.89822],
          [-117.40473, 39.91598],
          [-117.39765, 39.92358],
          [-117.36931, 39.92721],
          [-117.35277, 39.94495],
          [-117.34568, 39.95256],
          [-117.31733, 39.95617],
          [-117.30078, 39.97391],
          [-117.29368, 39.98151],
          [-117.26532, 39.98511],
          [-117.24875, 40.00284],
          [-117.24165, 40.01044],
          [-117.21328, 40.01404],
          [-117.1967, 40.03176],
          [-117.1896, 40.03936],
          [-117.16122, 40.04294],
          [-117.14462, 40.06066],
          [-117.13751, 40.06825],
          [-117.10912, 40.07183],
          [-117.09251, 40.08954],
          [-117.08539, 40.09712],
          [-117.05699, 40.10069],
          [-117.02859, 40.10426],
          [-117.01197, 40.12195],
          [-117.00484, 40.12954],
          [-116.97643, 40.13309],
          [-116.94802, 40.13664],
          [-116.93137, 40.15433],
          [-116.92424, 40.16191],
          [-116.89581, 40.16545],
          [-116.87916, 40.18313],
          [-116.87201, 40.19071],
          [-116.85535, 40.20838],
          [-116.8482, 40.21596],
          [-116.81976, 40.21949],
          [-116.80308, 40.23715],
          [-116.79593, 40.24473],
          [-116.76748, 40.24825],
          [-116.73903, 40.25176],
          [-116.72233, 40.26942],
          [-116.71518, 40.27698],
          [-116.68671, 40.28049],
          [-116.65825, 40.28399],
          [-116.62978, 40.28749],
          [-116.61306, 40.30513],
          [-116.60589, 40.31269],
          [-116.57742, 40.31618],
          [-116.56068, 40.33382],
          [-116.55351, 40.34138],
          [-116.52502, 40.34485],
          [-116.49654, 40.34833],
          [-116.47978, 40.36595],
          [-116.4726, 40.37351],
          [-116.4441, 40.37697],
          [-116.4156, 40.38043],
          [-116.3871, 40.38389],
          [-116.37032, 40.4015],
          [-116.36313, 40.40905],
          [-116.33462, 40.4125],
          [-116.31783, 40.4301],
          [-116.31063, 40.43764],
          [-116.28211, 40.44108],
          [-116.2653, 40.45868],
          [-116.25809, 40.46622],
          [-116.22957, 40.46965],
          [-116.21274, 40.48724],
          [-116.20553, 40.49478],
          [-116.177, 40.4982],
          [-116.16016, 40.51578],
          [-116.15294, 40.52332],
          [-116.1361, 40.54089],
          [-116.12888, 40.54843],
          [-116.11203, 40.566],
          [-116.10481, 40.57353],
          [-116.07624, 40.57693],
          [-116.05938, 40.5945],
          [-116.05215, 40.60203],
          [-116.02358, 40.60542],
          [-116.0067, 40.62298],
          [-115.99946, 40.6305],
          [-115.97088, 40.63389],
          [-115.95399, 40.65144],
          [-115.94675, 40.65896],
          [-115.91815, 40.66233],
          [-115.90125, 40.67988],
          [-115.894, 40.68739],
          [-115.8654, 40.69076],
          [-115.84848, 40.7083],
          [-115.84123, 40.71581],
          [-115.8243, 40.73334],
          [-115.82873, 40.75502],
          [-115.82147, 40.76254],
          [-115.79285, 40.76589],
          [-115.7759, 40.78341],
          [-115.76864, 40.79092],
          [-115.74, 40.79426],
          [-115.72305, 40.81178],
          [-115.71578, 40.81928],
          [-115.68713, 40.82262],
          [-115.65848, 40.82595],
          [-115.64151, 40.84345],
          [-115.63423, 40.85095],
          [-115.60557, 40.85428],
          [-115.57691, 40.85759],
          [-115.54825, 40.86091],
          [-115.53125, 40.8784],
          [-115.52396, 40.88589],
          [-115.49529, 40.8892],
          [-115.47828, 40.90668],
          [-115.47099, 40.91417],
          [-115.45396, 40.93165],
          [-115.44666, 40.93913],
          [-115.41798, 40.94243],
          [-115.40094, 40.9599],
          [-115.39364, 40.96738],
          [-115.36494, 40.97066],
          [-115.34789, 40.98812],
          [-115.34058, 40.99561],
          [-115.32352, 41.01306],
          [-115.32786, 41.03473],
          [-115.32054, 41.04221],
          [-115.30347, 41.05966],
          [-115.29615, 41.06714],
          [-115.27908, 41.08458],
          [-115.27175, 41.09206],
          [-115.24302, 41.09532],
          [-115.22593, 41.11276],
          [-115.2186, 41.12023],
          [-115.2015, 41.13766],
          [-115.19417, 41.14513],
          [-115.16541, 41.14838],
          [-115.1483, 41.16581],
          [-115.14096, 41.17327],
          [-115.12384, 41.1907],
          [-115.1165, 41.19816],
          [-115.09937, 41.21558],
          [-115.09202, 41.22304],
          [-115.07488, 41.24045],
          [-115.06754, 41.24791],
          [-115.05039, 41.26532],
          [-115.04304, 41.27278],
          [-115.02588, 41.29018],
          [-115.01853, 41.29764],
          [-115.00136, 41.31504],
          [-114.994, 41.32249],
          [-114.97683, 41.33989],
          [-114.96947, 41.34734],
          [-114.95229, 41.36473],
          [-114.94492, 41.37218],
          [-114.92773, 41.38956],
          [-114.92036, 41.39701],
          [-114.90316, 41.41439],
          [-114.89579, 41.42184],
          [-114.87858, 41.43921],
          [-114.87121, 41.44666],
          [-114.85399, 41.46403],
          [-114.84661, 41.47147],
          [-114.82939, 41.48883],
          [-114.82201, 41.49627],
          [-114.80477, 41.51363],
          [-114.79739, 41.52107],
          [-114.78015, 41.53843],
          [-114.77276, 41.54587],
          [-114.75551, 41.56322],
          [-114.74811, 41.57065],
          [-114.73086, 41.588],
          [-114.72346, 41.59543],
          [-114.70619, 41.61277],
          [-114.71042, 41.63438],
          [-114.70302, 41.64181],
          [-114.68574, 41.65914],
          [-114.67834, 41.66657],
          [-114.66105, 41.6839],
          [-114.65364, 41.69132],
          [-114.63635, 41.70865],
          [-114.62893, 41.71607],
          [-114.61163, 41.73339],
          [-114.60421, 41.74081],
          [-114.5869, 41.75813],
          [-114.57948, 41.76555],
          [-114.56216, 41.78286],
          [-114.55474, 41.79028],
          [-114.53741, 41.80758],
          [-114.52998, 41.815],
          [-114.51265, 41.8323],
          [-114.50521, 41.83971],
          [-114.48787, 41.85701],
          [-114.48043, 41.86442],
          [-114.45145, 41.86754],
          [-114.4341, 41.88483],
          [-114.42665, 41.89224],
          [-114.40929, 41.90952],
          [-114.40184, 41.91693],
          [-114.38447, 41.93421],
          [-114.37702, 41.94161],
          [-114.35963, 41.95888],
          [-114.35218, 41.96629],
          [-114.33479, 41.98355],
          [-114.32733, 41.99095],
          [-114.30993, 42.00822],
          [-114.30247, 42.01562],
          [-114.28506, 42.03288],
          [-114.2776, 42.04027],
          [-114.26018, 42.05753],
          [-114.25271, 42.06492],
          [-114.23529, 42.08217],
          [-114.22781, 42.08956],
          [-114.19876, 42.09264],
          [-114.18132, 42.10988],
          [-114.17384, 42.11727],
          [-114.15639, 42.1345],
          [-114.14891, 42.14189],
          [-114.13146, 42.15912],
          [-114.12397, 42.1665],
          [-114.09489, 42.16956],
          [-114.07742, 42.18679],
          [-114.06993, 42.19417],
          [-114.05245, 42.21139],
          [-114.04496, 42.21877],
          [-114.01586, 42.22181],
          [-113.99837, 42.23902],
          [-113.99087, 42.2464],
          [-113.97336, 42.2636],
          [-113.96586, 42.27098],
          [-113.94835, 42.28818],
          [-113.94084, 42.29555],
          [-113.91172, 42.29857],
          [-113.89419, 42.31577],
          [-113.88668, 42.32313],
          [-113.86915, 42.34032],
          [-113.86163, 42.34769],
          [-113.84409, 42.36487],
          [-113.83657, 42.37224],
          [-113.80742, 42.37524],
          [-113.78986, 42.39242],
          [-113.78234, 42.39978],
          [-113.76477, 42.41695],
          [-113.75724, 42.42431],
          [-113.73966, 42.44147],
          [-113.73213, 42.44883],
          [-113.71455, 42.46599],
          [-113.70701, 42.47334],
          [-113.68942, 42.4905],
          [-113.68188, 42.49785],
          [-113.65269, 42.50083],
          [-113.63508, 42.51798],
          [-113.62754, 42.52533],
          [-113.60992, 42.54247],
          [-113.60237, 42.54982],
          [-113.58475, 42.56696],
          [-113.57719, 42.5743],
          [-113.54798, 42.57726],
          [-113.53034, 42.59439],
          [-113.52278, 42.60173],
          [-113.50513, 42.61886],
          [-113.49757, 42.6262],
          [-113.47991, 42.64332],
          [-113.47235, 42.65065],
          [-113.45468, 42.66777],
          [-113.44711, 42.6751],
          [-113.42944, 42.69221],
          [-113.42186, 42.69955],
          [-113.40418, 42.71665],
          [-113.3966, 42.72398],
          [-113.36734, 42.72691],
          [-113.34965, 42.74401],
          [-113.34206, 42.75134],
          [-113.32436, 42.76843],
          [-113.31677, 42.77575],
          [-113.29905, 42.79284],
          [-113.29146, 42.80016],
          [-113.27374, 42.81724],
          [-113.26614, 42.82456],
          [-113.24841, 42.84164],
          [-113.24081, 42.84896],
          [-113.21151, 42.85186],
          [-113.19377, 42.86893],
          [-113.18616, 42.87625],
          [-113.16841, 42.89331],
          [-113.1608, 42.90062],
          [-113.13148, 42.90352],
          [-113.11371, 42.92057],
          [-113.10609, 42.92788],
          [-113.08832, 42.94493],
          [-113.0807, 42.95224],
          [-113.05136, 42.95512],
          [-113.03357, 42.97216],
          [-113.02594, 42.97946],
          [-112.99659, 42.98233],
          [-112.97879, 42.99937],
          [-112.97116, 43.00667],
          [-112.95334, 43.0237],
          [-112.94571, 43.03099],
          [-112.91634, 43.03385],
          [-112.89851, 43.05087],
          [-112.89087, 43.05817],
          [-112.87303, 43.07518],
          [-112.86539, 43.08247],
          [-112.836, 43.08532],
          [-112.81815, 43.10233],
          [-112.8105, 43.10961],
          [-112.78111, 43.11245],
          [-112.76324, 43.12945],
          [-112.75559, 43.13673],
          [-112.72618, 43.13956],
          [-112.7083, 43.15655],
          [-112.70064, 43.16383],
          [-112.67123, 43.16664],
          [-112.64181, 43.16945],
          [-112.62391, 43.18643],
          [-112.61624, 43.19371],
          [-112.58682, 43.19651],
          [-112.5689, 43.21348],
          [-112.56122, 43.22076],
          [-112.53179, 43.22355],
          [-112.51386, 43.24051],
          [-112.50618, 43.24778],
          [-112.47673, 43.25057],
          [-112.45879, 43.26752],
          [-112.4511, 43.27479],
          [-112.43315, 43.29174],
          [-112.42546, 43.299],
          [-112.39599, 43.30177],
          [-112.37803, 43.31871],
          [-112.37033, 43.32597],
          [-112.34086, 43.32873],
          [-112.31139, 43.33149],
          [-112.28191, 43.33424],
          [-112.25244, 43.33698],
          [-112.23444, 43.35391],
          [-112.22673, 43.36116],
          [-112.19724, 43.3639],
          [-112.17923, 43.38082],
          [-112.17151, 43.38807],
          [-112.14202, 43.39079],
          [-112.11252, 43.39351],
          [-112.09449, 43.41042],
          [-112.08676, 43.41766],
          [-112.05725, 43.42038],
          [-112.02775, 43.42309],
          [-112.0097, 43.43998],
          [-112.00196, 43.44722],
          [-112, 43.4474]
        ]
      }
    },
    {
      "type": "Feature",
      "id": "2026082200_f150_13000_001",
      "properties": {
        "product_id": "winter_storm_levels",
        "source_id": "nbm_snow_level",
        "parameter": "snow_level",
        "definition": "height of the wet-bulb 0.5 degree C surface",
        "level_ft_msl": 13000,
        "label": "13,000 ft MSL",
        "unit": "ft_msl",
        "cycle_time_utc": "2026-08-22T00:00:00Z",
        "valid_time_utc": "2026-08-28T06:00:00Z",
        "lead_hours": 150,
        "segment": 1,
        "length_m": 2261334.1
      },
      "geometry": {
        "type": "LineString",
        "coordinates": [
          [-129.66913, 31.55731],
          [-129.64337, 31.56304],
          [-129.61761, 31.56878],
          [-129.60238, 31.59092],
          [-129.59857, 31.59646],
          [-129.57279, 31.60218],
          [-129.55755, 31.62432],
          [-129.55373, 31.62985],
          [-129.52795, 31.63557],
          [-129.50217, 31.64128],
          [-129.47638, 31.64699],
          [-129.45059, 31.65269],
          [-129.43532, 31.67482],
          [-129.43149, 31.68035],
          [-129.4057, 31.68604],
          [-129.37989, 31.69174],
          [-129.35409, 31.69743],
          [-129.32828, 31.70311],
          [-129.30247, 31.70879],
          [-129.28716, 31.7309],
          [-129.28333, 31.73642],
          [-129.25751, 31.74209],
          [-129.23169, 31.74776],
          [-129.20587, 31.75342],
          [-129.18004, 31.75908],
          [-129.15421, 31.76474],
          [-129.12838, 31.77039],
          [-129.10255, 31.77604],
          [-129.07671, 31.78168],
          [-129.05087, 31.78732],
          [-129.0355, 31.80939],
          [-129.03165, 31.81491],
          [-129.0058, 31.82054],
          [-128.97995, 31.82617],
          [-128.9541, 31.83179],
          [-128.92824, 31.83741],
          [-128.90238, 31.84302],
          [-128.87652, 31.84863],
          [-128.85066, 31.85424],
          [-128.82479, 31.85984],
          [-128.79892, 31.86543],
          [-128.77305, 31.87102],
          [-128.74718, 31.87661],
          [-128.7213, 31.88219],
          [-128.70585, 31.90424],
          [-128.70199, 31.90975],
          [-128.6761, 31.91532],
          [-128.65021, 31.92089],
          [-128.62432, 31.92646],
          [-128.59843, 31.93202],
          [-128.59194, 31.92874],
          [-128.56599, 31.9156],
          [-128.54009, 31.92116],
          [-128.5142, 31.92671],
          [-128.4883, 31.93225],
          [-128.46239, 31.93779],
          [-128.43649, 31.94333],
          [-128.41058, 31.94886],
          [-128.38467, 31.95439],
          [-128.35876, 31.95991],
          [-128.33285, 31.96543],
          [-128.30693, 31.97095],
          [-128.28101, 31.97646],
          [-128.25509, 31.98196],
          [-128.22917, 31.98747],
          [-128.20324, 31.99296],
          [-128.17731, 31.99846],
          [-128.15138, 32.00395],
          [-128.12545, 32.00943],
          [-128.10987, 32.03141],
          [-128.10597, 32.03691],
          [-128.08003, 32.04238],
          [-128.05408, 32.04786],
          [-128.02813, 32.05333],
          [-128.00218, 32.05879],
          [-127.97623, 32.06425],
          [-127.95027, 32.06971],
          [-127.92432, 32.07516],
          [-127.89835, 32.08061],
          [-127.87239, 32.08605],
          [-127.84643, 32.09149],
          [-127.83078, 32.11344],
          [-127.82687, 32.11892],
          [-127.8009, 32.12435],
          [-127.77492, 32.12978],
          [-127.74894, 32.1352],
          [-127.72295, 32.14062],
          [-127.69697, 32.14603],
          [-127.67098, 32.15144],
          [-127.64499, 32.15685],
          [-127.619, 32.16225],
          [-127.593, 32.16765],
          [-127.56701, 32.17304],
          [-127.54101, 32.17843],
          [-127.515, 32.18381],
          [-127.49929, 32.20572],
          [-127.49535, 32.2112],
          [-127.46934, 32.21658],
          [-127.44333, 32.22195],
          [-127.42759, 32.24385],
          [-127.42366, 32.24932],
          [-127.39763, 32.25469],
          [-127.37161, 32.26005],
          [-127.34558, 32.2654],
          [-127.32981, 32.28729],
          [-127.32587, 32.29277],
          [-127.29983, 32.29811],
          [-127.27379, 32.30346],
          [-127.25801, 32.32534],
          [-127.25407, 32.33081],
          [-127.22802, 32.33614],
          [-127.20196, 32.34147],
          [-127.17591, 32.3468],
          [-127.1601, 32.36867],
          [-127.15615, 32.37414],
          [-127.13008, 32.37946],
          [-127.10402, 32.38477],
          [-127.08819, 32.40663],
          [-127.08424, 32.41209],
          [-127.05816, 32.4174],
          [-127.03208, 32.4227],
          [-127.01624, 32.44456],
          [-127.01227, 32.45002],
          [-126.98619, 32.45531],
          [-126.97033, 32.47716],
          [-126.96636, 32.48262],
          [-126.94026, 32.4879],
          [-126.92439, 32.50974],
          [-126.92043, 32.5152],
          [-126.89432, 32.52048],
          [-126.86821, 32.52576],
          [-126.84209, 32.53103],
          [-126.81598, 32.53629],
          [-126.80008, 32.55812],
          [-126.7961, 32.56357],
          [-126.76998, 32.56883],
          [-126.75406, 32.59065],
          [-126.75008, 32.5961],
          [-126.72395, 32.60135],
          [-126.69781, 32.6066],
          [-126.67167, 32.61184],
          [-126.65574, 32.63364],
          [-126.65175, 32.6391],
          [-126.6256, 32.64433],
          [-126.59945, 32.64956],
          [-126.5733, 32.65478],
          [-126.54714, 32.66001],
          [-126.52098, 32.66522],
          [-126.49482, 32.67043],
          [-126.46866, 32.67564],
          [-126.44249, 32.68085],
          [-126.41633, 32.68604],
          [-126.39016, 32.69124],
          [-126.36398, 32.69643],
          [-126.33781, 32.70162],
          [-126.32179, 32.72338],
          [-126.31779, 32.72883],
          [-126.29161, 32.734],
          [-126.26542, 32.73918],
          [-126.23923, 32.74435],
          [-126.21304, 32.74951],
          [-126.18684, 32.75468],
          [-126.16065, 32.75983],
          [-126.13445, 32.76498],
          [-126.10825, 32.77013],
          [-126.08205, 32.77528],
          [-126.05584, 32.78042],
          [-126.02963, 32.78555],
          [-126.00342, 32.79068],
          [-125.97721, 32.79581],
          [-125.95099, 32.80093],
          [-125.92478, 32.80605],
          [-125.90867, 32.82777],
          [-125.90464, 32.8332],
          [-125.87841, 32.83831],
          [-125.85218, 32.84342],
          [-125.82595, 32.84852],
          [-125.81949, 32.84513],
          [-125.79365, 32.83157],
          [-125.76742, 32.83667],
          [-125.74119, 32.84175],
          [-125.71495, 32.84684],
          [-125.68871, 32.85192],
          [-125.66247, 32.85699],
          [-125.63623, 32.86206],
          [-125.60998, 32.86713],
          [-125.58374, 32.87219],
          [-125.55748, 32.87725],
          [-125.53123, 32.8823],
          [-125.50498, 32.88735],
          [-125.47872, 32.89239],
          [-125.45246, 32.89743],
          [-125.4262, 32.90247],
          [-125.39993, 32.9075],
          [-125.37367, 32.91253],
          [-125.3474, 32.91755],
          [-125.32113, 32.92257],
          [-125.31468, 32.91916],
          [-125.28888, 32.90553],
          [-125.26261, 32.91053],
          [-125.23634, 32.91554],
          [-125.21006, 32.92054],
          [-125.18379, 32.92554],
          [-125.15751, 32.93053],
          [-125.13122, 32.93551],
          [-125.10494, 32.9405],
          [-125.07865, 32.94548],
          [-125.05236, 32.95045],
          [-125.02607, 32.95542],
          [-124.99978, 32.96039],
          [-124.97348, 32.96535],
          [-124.95717, 32.98696],
          [-124.95309, 32.99237],
          [-124.92678, 32.99732],
          [-124.90047, 33.00227],
          [-124.89403, 32.99885],
          [-124.86827, 32.98515],
          [-124.84196, 32.99009],
          [-124.81565, 32.99502],
          [-124.78934, 32.99995],
          [-124.76303, 33.00488],
          [-124.73671, 33.0098],
          [-124.71039, 33.01472],
          [-124.68407, 33.01963],
          [-124.65775, 33.02454],
          [-124.63142, 33.02945],
          [-124.60509, 33.03435],
          [-124.57876, 33.03924],
          [-124.55243, 33.04413],
          [-124.52609, 33.04902],
          [-124.49976, 33.0539],
          [-124.47342, 33.05878],
          [-124.44707, 33.06366],
          [-124.42073, 33.06853],
          [-124.39438, 33.07339],
          [-124.36804, 33.07825],
          [-124.36161, 33.07481],
          [-124.33589, 33.06103],
          [-124.30954, 33.06588],
          [-124.28319, 33.07073],
          [-124.25684, 33.07557],
          [-124.23048, 33.08041],
          [-124.20413, 33.08525],
          [-124.17777, 33.09008],
          [-124.15141, 33.0949],
          [-124.13492, 33.11643],
          [-124.1308, 33.12181],
          [-124.10443, 33.12663],
          [-124.07805, 33.13144],
          [-124.05168, 33.13625],
          [-124.0253, 33.14105],
          [-123.99892, 33.14585],
          [-123.97254, 33.15065],
          [-123.94615, 33.15544],
          [-123.91976, 33.16023],
          [-123.89338, 33.16501],
          [-123.86698, 33.16979],
          [-123.84059, 33.17456],
          [-123.8142, 33.17933],
          [-123.7878, 33.1841],
          [-123.7614, 33.18886],
          [-123.75498, 33.18539],
          [-123.72932, 33.17152],
          [-123.70292, 33.17627],
          [-123.67651, 33.18102],
          [-123.65011, 33.18576],
          [-123.6237, 33.1905],
          [-123.5973, 33.19524],
          [-123.57088, 33.19997],
          [-123.54447, 33.20469],
          [-123.51806, 33.20941],
          [-123.49164, 33.21413],
          [-123.46522, 33.21884],
          [-123.4388, 33.22355],
          [-123.43239, 33.22007],
          [-123.40676, 33.20615],
          [-123.38033, 33.21085],
          [-123.35391, 33.21554],
          [-123.32749, 33.22023],
          [-123.30106, 33.22492],
          [-123.27463, 33.2296],
          [-123.25796, 33.25103],
          [-123.25379, 33.25638],
          [-123.22735, 33.26106],
          [-123.21066, 33.28248],
          [-123.20649, 33.28783],
          [-123.18004, 33.2925],
          [-123.15359, 33.29716],
          [-123.12714, 33.30182],
          [-123.12073, 33.29832],
          [-123.09512, 33.28436],
          [-123.06867, 33.289],
          [-123.04221, 33.29365],
          [-123.01576, 33.29828],
          [-122.9893, 33.30292],
          [-122.96284, 33.30755],
          [-122.93637, 33.31217],
          [-122.90991, 33.31679],
          [-122.88344, 33.32141],
          [-122.85697, 33.32602],
          [-122.8305, 33.33063],
          [-122.80403, 33.33523],
          [-122.77755, 33.33983],
          [-122.75107, 33.34442],
          [-122.73428, 33.36579],
          [-122.73009, 33.37113],
          [-122.7036, 33.37572],
          [-122.67711, 33.3803],
          [-122.65062, 33.38488],
          [-122.62412, 33.38945],
          [-122.59763, 33.39402],
          [-122.57113, 33.39859],
          [-122.54463, 33.40315],
          [-122.51813, 33.4077],
          [-122.49162, 33.41225],
          [-122.46512, 33.4168],
          [-122.45873, 33.41328],
          [-122.43317, 33.39922],
          [-122.40666, 33.40375],
          [-122.38016, 33.40829],
          [-122.35364, 33.41281],
          [-122.32713, 33.41734],
          [-122.30062, 33.42186],
          [-122.2741, 33.42637],
          [-122.24758, 33.43089],
          [-122.2412, 33.42736],
          [-122.21567, 33.41326],
          [-122.18915, 33.41776],
          [-122.16263, 33.42226],
          [-122.15625, 33.41873],
          [-122.13073, 33.40461],
          [-122.10421, 33.4091],
          [-122.07769, 33.41359],
          [-122.05116, 33.41807],
          [-122.02464, 33.42254],
          [-121.99811, 33.42701],
          [-121.97158, 33.43148],
          [-121.9652, 33.42794],
          [-121.93971, 33.4138],
          [-121.91318, 33.41825],
          [-121.88665, 33.42271],
          [-121.86011, 33.42715],
          [-121.83358, 33.4316],
          [-121.80704, 33.43604],
          [-121.7805, 33.44047],
          [-121.75396, 33.4449],
          [-121.72742, 33.44933],
          [-121.70087, 33.45375],
          [-121.67432, 33.45817],
          [-121.64777, 33.46258],
          [-121.62122, 33.46699],
          [-121.59467, 33.47139],
          [-121.56811, 33.47579],
          [-121.54155, 33.48019],
          [-121.51499, 33.48458],
          [-121.49795, 33.50581],
          [-121.49369, 33.51112],
          [-121.48733, 33.50756],
          [-121.46187, 33.49335],
          [-121.4353, 33.49772],
          [-121.40873, 33.5021],
          [-121.38216, 33.50647],
          [-121.35559, 33.51083],
          [-121.33852, 33.53204],
          [-121.33425, 33.53735],
          [-121.30766, 33.5417],
          [-121.28108, 33.54605],
          [-121.25449, 33.5504],
          [-121.22791, 33.55475],
          [-121.2108, 33.57594],
          [-121.20652, 33.58124],
          [-121.17993, 33.58558],
          [-121.15333, 33.58991],
          [-121.12673, 33.59423],
          [-121.10012, 33.59855],
          [-121.08299, 33.61974],
          [-121.0787, 33.62503],
          [-121.05209, 33.62934],
          [-121.02547, 33.63365],
          [-120.99886, 33.63796],
          [-120.97224, 33.64226],
          [-120.94562, 33.64655],
          [-120.919, 33.65085],
          [-120.90182, 33.67201],
          [-120.89752, 33.67729],
          [-120.87089, 33.68158],
          [-120.84426, 33.68586],
          [-120.81762, 33.69013],
          [-120.79099, 33.6944],
          [-120.76435, 33.69867],
          [-120.73771, 33.70293],
          [-120.71106, 33.70719],
          [-120.68442, 33.71144],
          [-120.66719, 33.73257],
          [-120.66288, 33.73785],
          [-120.63622, 33.7421],
          [-120.60957, 33.74634],
          [-120.58291, 33.75057],
          [-120.55625, 33.7548],
          [-120.53898, 33.77592],
          [-120.53467, 33.78119],
          [-120.508, 33.78542],
          [-120.48133, 33.78964],
          [-120.45465, 33.79385],
          [-120.43736, 33.81495],
          [-120.43304, 33.82023],
          [-120.40636, 33.82443],
          [-120.37967, 33.82863],
          [-120.36237, 33.84973],
          [-120.35804, 33.855],
          [-120.33135, 33.85919],
          [-120.30465, 33.86338],
          [-120.28732, 33.88446],
          [-120.28299, 33.88973],
          [-120.25629, 33.89391],
          [-120.23894, 33.91499],
          [-120.23461, 33.92025],
          [-120.20789, 33.92443],
          [-120.18118, 33.92859],
          [-120.16382, 33.94966],
          [-120.15948, 33.95492],
          [-120.13275, 33.95908],
          [-120.10603, 33.96324],
          [-120.08865, 33.98429],
          [-120.0843, 33.98956],
          [-120.05757, 33.9937],
          [-120.04017, 34.01475],
          [-120.03582, 34.02001],
          [-120.00908, 34.02415],
          [-119.99167, 34.04519],
          [-119.98732, 34.05045],
          [-119.96056, 34.05458],
          [-119.93381, 34.05871],
          [-119.91638, 34.07974],
          [-119.91202, 34.08499],
          [-119.88526, 34.08911],
          [-119.86782, 34.11014],
          [-119.86346, 34.11539],
          [-119.83668, 34.1195],
          [-119.81923, 34.14052],
          [-119.81487, 34.14577],
          [-119.78808, 34.14987],
          [-119.77061, 34.17088],
          [-119.76625, 34.17613],
          [-119.73945, 34.18022],
          [-119.72197, 34.20123],
          [-119.7176, 34.20648],
          [-119.6908, 34.21056],
          [-119.6733, 34.23156],
          [-119.66893, 34.2368],
          [-119.64212, 34.24088],
          [-119.62461, 34.26187],
          [-119.62023, 34.26712],
          [-119.59341, 34.27118],
          [-119.56659, 34.27525],
          [-119.54906, 34.29622],
          [-119.54468, 34.30147],
          [-119.51785, 34.30552],
          [-119.49102, 34.30957],
          [-119.47347, 34.33054],
          [-119.46908, 34.33578],
          [-119.44224, 34.33982],
          [-119.4154, 34.34386],
          [-119.39783, 34.36482],
          [-119.39344, 34.37006],
          [-119.36658, 34.37409],
          [-119.349, 34.39504],
          [-119.34461, 34.40027],
          [-119.31775, 34.40429],
          [-119.29088, 34.40831],
          [-119.27328, 34.42925],
          [-119.26888, 34.43449],
          [-119.24201, 34.43849],
          [-119.21513, 34.4425],
          [-119.19751, 34.46343],
          [-119.19311, 34.46866],
          [-119.16622, 34.47265],
          [-119.13934, 34.47665],
          [-119.1217, 34.49756],
          [-119.11729, 34.50279],
          [-119.09039, 34.50678],
          [-119.07274, 34.52769],
          [-119.06832, 34.53292],
          [-119.04142, 34.53689],
          [-119.02375, 34.5578],
          [-119.01934, 34.56302],
          [-118.99242, 34.56699],
          [-118.97474, 34.58789],
          [-118.97032, 34.59311],
          [-118.95263, 34.614],
          [-118.9482, 34.61923],
          [-118.92128, 34.62318],
          [-118.90357, 34.64407],
          [-118.89914, 34.64929],
          [-118.88143, 34.67017],
          [-118.877, 34.67539],
          [-118.85006, 34.67933],
          [-118.83233, 34.70021],
          [-118.8279, 34.70543],
          [-118.81016, 34.7263],
          [-118.80573, 34.73151],
          [-118.78798, 34.75238],
          [-118.78355, 34.7576],
          [-118.7658, 34.77846],
          [-118.76136, 34.78368],
          [-118.73438, 34.7876],
          [-118.71662, 34.80845],
          [-118.71217, 34.81367],
          [-118.6944, 34.83452],
          [-118.68995, 34.83973],
          [-118.66296, 34.84364],
          [-118.64518, 34.86448],
          [-118.64073, 34.8697],
          [-118.62293, 34.89054],
          [-118.61848, 34.89575],
          [-118.60068, 34.91658],
          [-118.59622, 34.92179],
          [-118.57841, 34.94262],
          [-118.57396, 34.94783],
          [-118.55613, 34.96866],
          [-118.55168, 34.97387],
          [-118.53385, 34.99469],
          [-118.52939, 34.99989],
          [-118.51155, 35.02071],
          [-118.50709, 35.02592],
          [-118.48924, 35.04673],
          [-118.48478, 35.05194],
          [-118.46692, 35.07275],
          [-118.46246, 35.07795],
          [-118.4446, 35.09876],
          [-118.44013, 35.10396],
          [-118.41307, 35.10783],
          [-118.39519, 35.12863],
          [-118.39072, 35.13382],
          [-118.37283, 35.15462],
          [-118.36836, 35.15982],
          [-118.34128, 35.16367],
          [-118.32338, 35.18446],
          [-118.3189, 35.18966],
          [-118.30099, 35.21044],
          [-118.29652, 35.21564],
          [-118.2786, 35.23642],
          [-118.27412, 35.24161],
          [-118.24702, 35.24545],
          [-118.22909, 35.26622],
          [-118.2246, 35.27141],
          [-118.20666, 35.29218],
          [-118.20218, 35.29737],
          [-118.17506, 35.30119],
          [-118.1571, 35.32196],
          [-118.15261, 35.32715],
          [-118.13465, 35.3479],
          [-118.13016, 35.35309],
          [-118.10303, 35.3569],
          [-118.08505, 35.37765],
          [-118.08055, 35.38284],
          [-118.05341, 35.38664],
          [-118.03542, 35.40738],
          [-118.03092, 35.41257],
          [-118.00377, 35.41636],
          [-117.98576, 35.4371],
          [-117.98126, 35.44228],
          [-117.9541, 35.44606],
          [-117.93608, 35.46679],
          [-117.93158, 35.47197],
          [-117.90441, 35.47575],
          [-117.88637, 35.49647],
          [-117.88186, 35.50165],
          [-117.85468, 35.50542],
          [-117.8275, 35.50918],
          [-117.80945, 35.52989],
          [-117.80494, 35.53506],
          [-117.77774, 35.53882],
          [-117.75968, 35.55952],
          [-117.75516, 35.5647],
          [-117.72796, 35.56844],
          [-117.70076, 35.57218],
          [-117.68267, 35.59288],
          [-117.67815, 35.59805],
          [-117.65094, 35.60178],
          [-117.63284, 35.62246],
          [-117.62831, 35.62764],
          [-117.6102, 35.64831],
          [-117.60567, 35.65348],
          [-117.57845, 35.6572],
          [-117.56032, 35.67788],
          [-117.55579, 35.68304],
          [-117.52856, 35.68676],
          [-117.51042, 35.70742],
          [-117.50588, 35.71259],
          [-117.48774, 35.73325],
          [-117.4832, 35.73841],
          [-117.46504, 35.75906],
          [-117.4605, 35.76423],
          [-117.43324, 35.76792],
          [-117.41507, 35.78857],
          [-117.41053, 35.79373],
          [-117.39235, 35.81438],
          [-117.38781, 35.81954],
          [-117.36962, 35.84018],
          [-117.36507, 35.84534],
          [-117.34688, 35.86597],
          [-117.34233, 35.87113],
          [-117.31504, 35.8748],
          [-117.29683, 35.89543],
          [-117.29228, 35.90059],
          [-117.27406, 35.92121],
          [-117.2695, 35.92637],
          [-117.2422, 35.93003],
          [-117.22397, 35.95064],
          [-117.21941, 35.9558],
          [-117.19209, 35.95945],
          [-117.17385, 35.98006],
          [-117.16928, 35.98521],
          [-117.15103, 36.00581],
          [-117.14646, 36.01096],
          [-117.1282, 36.03156],
          [-117.12363, 36.03671],
          [-117.10536, 36.05731],
          [-117.10079, 36.06245],
          [-117.08251, 36.08304],
          [-117.08701, 36.10515],
          [-117.08243, 36.11029],
          [-117.06414, 36.13088],
          [-117.06864, 36.15298],
          [-117.06406, 36.15812],
          [-117.04576, 36.1787],
          [-117.04118, 36.18385],
          [-117.02287, 36.20442],
          [-117.02736, 36.22651],
          [-117.02278, 36.23166],
          [-117.00445, 36.25223],
          [-116.99987, 36.25737],
          [-116.98154, 36.27793],
          [-116.97696, 36.28307],
          [-116.95861, 36.30363],
          [-116.95403, 36.30877],
          [-116.93568, 36.32933],
          [-116.93109, 36.33447],
          [-116.91273, 36.35502],
          [-116.90814, 36.36016],
          [-116.88977, 36.3807],
          [-116.88518, 36.38584],
          [-116.86681, 36.40638],
          [-116.86221, 36.41152],
          [-116.84383, 36.43205],
          [-116.83923, 36.43719],
          [-116.82084, 36.45772],
          [-116.81624, 36.46285],
          [-116.79784, 36.48338],
          [-116.79324, 36.48851],
          [-116.77483, 36.50904],
          [-116.77928, 36.53111],
          [-116.77467, 36.53625],
          [-116.75625, 36.55676],
          [-116.7607, 36.57884],
          [-116.76515, 36.60091],
          [-116.7696, 36.62298],
          [-116.76499, 36.6281],
          [-116.74655, 36.64861],
          [-116.75101, 36.67068],
          [-116.75546, 36.69274],
          [-116.75085, 36.69787],
          [-116.73239, 36.71837],
          [-116.73684, 36.74043],
          [-116.76243, 36.75522],
          [-116.76883, 36.75892],
          [-116.77329, 36.78097],
          [-116.79889, 36.79576],
          [-116.80529, 36.79945],
          [-116.80976, 36.8215],
          [-116.81423, 36.84355],
          [-116.8187, 36.8656],
          [-116.84433, 36.88037],
          [-116.85073, 36.88406],
          [-116.85522, 36.9061],
          [-116.88086, 36.92087],
          [-116.88727, 36.92456],
          [-116.89176, 36.94659],
          [-116.89625, 36.96863],
          [-116.92191, 36.98338],
          [-116.92833, 36.98707],
          [-116.93283, 37.0091],
          [-116.95851, 37.02385],
          [-116.96493, 37.02753],
          [-116.96944, 37.04956],
          [-116.97395, 37.07159],
          [-116.97847, 37.09361],
          [-116.98298, 37.11563],
          [-117.00869, 37.13036],
          [-117.01512, 37.13404],
          [-117.01964, 37.15606],
          [-117.02417, 37.17807],
          [-117.0287, 37.20009],
          [-117.05443, 37.21481],
          [-117.06087, 37.21849],
          [-117.06541, 37.24049],
          [-117.06995, 37.2625],
          [-117.0957, 37.27721],
          [-117.10214, 37.28089],
          [-117.10669, 37.30289],
          [-117.10207, 37.30801],
          [-117.08358, 37.3285],
          [-117.08813, 37.3505],
          [-117.09268, 37.3725],
          [-117.09723, 37.39449],
          [-117.10178, 37.41648],
          [-117.10634, 37.43847],
          [-117.11089, 37.46046],
          [-117.10626, 37.46558],
          [-117.08775, 37.48606],
          [-117.08312, 37.49118],
          [-117.06459, 37.51165],
          [-117.05996, 37.51677],
          [-117.03224, 37.52038],
          [-117.0137, 37.54084],
          [-117.00906, 37.54596],
          [-116.98134, 37.54956],
          [-116.97489, 37.54588],
          [-116.94909, 37.53117],
          [-116.92136, 37.53476],
          [-116.9028, 37.55521],
          [-116.89816, 37.56032],
          [-116.87042, 37.5639],
          [-116.84269, 37.56748],
          [-116.83624, 37.5638],
          [-116.81045, 37.54907],
          [-116.80401, 37.54538],
          [-116.77823, 37.53064],
          [-116.7505, 37.5342],
          [-116.72277, 37.53776],
          [-116.69504, 37.54131],
          [-116.66731, 37.54486],
          [-116.63957, 37.5484],
          [-116.61183, 37.55194],
          [-116.58409, 37.55547],
          [-116.55635, 37.559],
          [-116.54992, 37.55531],
          [-116.52417, 37.54053],
          [-116.49643, 37.54405],
          [-116.46869, 37.54757],
          [-116.44095, 37.55108],
          [-116.43451, 37.54738],
          [-116.40878, 37.53258],
          [-116.38104, 37.53609],
          [-116.37461, 37.53239],
          [-116.3489, 37.51758],
          [-116.32116, 37.52107],
          [-116.29342, 37.52456],
          [-116.26567, 37.52804],
          [-116.23793, 37.53152],
          [-116.21018, 37.53499],
          [-116.19148, 37.55537],
          [-116.18681, 37.56046],
          [-116.15905, 37.56393],
          [-116.14034, 37.5843],
          [-116.13566, 37.58939],
          [-116.11694, 37.60975],
          [-116.11225, 37.61484],
          [-116.08448, 37.61829],
          [-116.06574, 37.63865],
          [-116.06106, 37.64374],
          [-116.03328, 37.64718],
          [-116.02685, 37.64347],
          [-116.00116, 37.62862],
          [-115.97338, 37.63205],
          [-115.9456, 37.63548],
          [-115.91782, 37.63891],
          [-115.9114, 37.63519],
          [-115.88572, 37.62032],
          [-115.8793, 37.6166],
          [-115.85363, 37.60173],
          [-115.84721, 37.59801],
          [-115.82155, 37.58313],
          [-115.79378, 37.58654],
          [-115.77499, 37.60687],
          [-115.7703, 37.61195],
          [-115.74251, 37.61534],
          [-115.72371, 37.63566],
          [-115.71901, 37.64074],
          [-115.69122, 37.64413],
          [-115.66343, 37.64751],
          [-115.6446, 37.66782],
          [-115.6399, 37.67289],
          [-115.62106, 37.6932],
          [-115.61636, 37.69827],
          [-115.59752, 37.71857],
          [-115.5928, 37.72364],
          [-115.57395, 37.74394],
          [-115.56924, 37.74901],
          [-115.55038, 37.7693],
          [-115.55463, 37.7913],
          [-115.54992, 37.79637],
          [-115.53105, 37.81665],
          [-115.52633, 37.82172],
          [-115.50745, 37.842],
          [-115.50273, 37.84707],
          [-115.48384, 37.86734],
          [-115.47912, 37.87241],
          [-115.46022, 37.89267],
          [-115.45549, 37.89774],
          [-115.43659, 37.918],
          [-115.43186, 37.92307],
          [-115.41294, 37.94333],
          [-115.40821, 37.94839],
          [-115.38033, 37.95172],
          [-115.3614, 37.97197],
          [-115.35667, 37.97704],
          [-115.32878, 37.98036],
          [-115.30089, 37.98368],
          [-115.28194, 38.00392],
          [-115.2772, 38.00898],
          [-115.2493, 38.01229],
          [-115.23033, 38.03252],
          [-115.23453, 38.0545],
          [-115.22979, 38.05955],
          [-115.21081, 38.07978],
          [-115.215, 38.10175],
          [-115.21026, 38.10681],
          [-115.19127, 38.12703],
          [-115.19546, 38.149],
          [-115.19965, 38.17097],
          [-115.1949, 38.17602],
          [-115.1759, 38.19623],
          [-115.18009, 38.2182],
          [-115.17534, 38.22325],
          [-115.15632, 38.24346],
          [-115.15156, 38.24851],
          [-115.13254, 38.2687],
          [-115.12778, 38.27375],
          [-115.09981, 38.27704],
          [-115.07183, 38.28031],
          [-115.05278, 38.3005],
          [-115.04802, 38.30555],
          [-115.02003, 38.30882],
          [-114.99205, 38.31208],
          [-114.97298, 38.33226],
          [-114.96821, 38.3373],
          [-114.94913, 38.35747],
          [-114.94436, 38.36251],
          [-114.92528, 38.38268],
          [-114.92943, 38.40463],
          [-114.92465, 38.40967],
          [-114.89664, 38.41292],
          [-114.87753, 38.43308],
          [-114.87275, 38.43812],
          [-114.85364, 38.45827],
          [-114.84886, 38.46331],
          [-114.82974, 38.48345],
          [-114.82496, 38.48849],
          [-114.80583, 38.50863],
          [-114.80104, 38.51367],
          [-114.7819, 38.5338],
          [-114.77712, 38.53884],
          [-114.75797, 38.55897],
          [-114.75318, 38.564],
          [-114.73402, 38.58413],
          [-114.72923, 38.58916],
          [-114.71006, 38.60928],
          [-114.70527, 38.61431],
          [-114.67719, 38.61752],
          [-114.65801, 38.63763],
          [-114.65321, 38.64266],
          [-114.62512, 38.64586],
          [-114.60593, 38.66597],
          [-114.60113, 38.67099],
          [-114.58192, 38.69109],
          [-114.57712, 38.69612],
          [-114.5579, 38.71621],
          [-114.5531, 38.72124],
          [-114.52499, 38.72442],
          [-114.50575, 38.74451],
          [-114.50095, 38.74953],
          [-114.47283, 38.7527],
          [-114.44471, 38.75587],
          [-114.42545, 38.77595],
          [-114.42064, 38.78097],
          [-114.39251, 38.78413],
          [-114.37324, 38.80419],
          [-114.36842, 38.80921],
          [-114.34915, 38.82927],
          [-114.35319, 38.8512],
          [-114.34837, 38.85621],
          [-114.32908, 38.87627],
          [-114.33313, 38.89818],
          [-114.3283, 38.9032],
          [-114.309, 38.92325],
          [-114.30418, 38.92826],
          [-114.28487, 38.9483],
          [-114.2889, 38.97022],
          [-114.28407, 38.97523],
          [-114.26475, 38.99526],
          [-114.26878, 39.01717],
          [-114.26395, 39.02218],
          [-114.24462, 39.04221],
          [-114.23978, 39.04722],
          [-114.22044, 39.06724],
          [-114.22446, 39.08915],
          [-114.21963, 39.09415],
          [-114.20027, 39.11417],
          [-114.20429, 39.13607],
          [-114.19945, 39.14107],
          [-114.18008, 39.16109],
          [-114.18411, 39.18298],
          [-114.18813, 39.20487],
          [-114.19216, 39.22676],
          [-114.19618, 39.24865],
          [-114.19134, 39.25365],
          [-114.17195, 39.27365],
          [-114.17597, 39.29553],
          [-114.18, 39.31741],
          [-114.17515, 39.32241],
          [-114.15574, 39.3424],
          [-114.15976, 39.36428],
          [-114.15491, 39.36927],
          [-114.13549, 39.38926],
          [-114.13951, 39.41113],
          [-114.13466, 39.41613],
          [-114.11522, 39.43611],
          [-114.11924, 39.45797],
          [-114.11438, 39.46297],
          [-114.09494, 39.48294],
          [-114.09896, 39.5048],
          [-114.09409, 39.50979],
          [-114.07463, 39.52976],
          [-114.07865, 39.55162],
          [-114.07378, 39.55661],
          [-114.05431, 39.57657],
          [-114.05833, 39.59842],
          [-114.05346, 39.60341],
          [-114.03397, 39.62336],
          [-114.0291, 39.62835],
          [-114.00961, 39.6483],
          [-114.00474, 39.65328],
          [-113.98523, 39.67322],
          [-113.98036, 39.67821],
          [-113.96085, 39.69815],
          [-113.95597, 39.70313],
          [-113.92758, 39.7062],
          [-113.90805, 39.72613],
          [-113.90317, 39.73111],
          [-113.88363, 39.75103],
          [-113.87875, 39.75601],
          [-113.8592, 39.77593],
          [-113.85431, 39.78091],
          [-113.83476, 39.80082],
          [-113.82987, 39.8058],
          [-113.81031, 39.82571],
          [-113.80542, 39.83069],
          [-113.77698, 39.83373],
          [-113.75741, 39.85363],
          [-113.75251, 39.8586],
          [-113.72407, 39.86164],
          [-113.70448, 39.88153],
          [-113.69958, 39.8865],
          [-113.67113, 39.88953],
          [-113.65152, 39.90941],
          [-113.64661, 39.91438],
          [-113.61816, 39.9174],
          [-113.59853, 39.93728],
          [-113.59362, 39.94224],
          [-113.56516, 39.94525],
          [-113.54551, 39.96512],
          [-113.5406, 39.97008],
          [-113.51213, 39.97308],
          [-113.48365, 39.97608],
          [-113.46399, 39.99593],
          [-113.45907, 40.00089],
          [-113.4394, 40.02074],
          [-113.43448, 40.0257],
          [-113.4148, 40.04555],
          [-113.40988, 40.05051],
          [-113.39019, 40.07034],
          [-113.38526, 40.0753],
          [-113.35675, 40.07827],
          [-113.33705, 40.0981],
          [-113.33212, 40.10306],
          [-113.31241, 40.12288],
          [-113.31628, 40.14469],
          [-113.31135, 40.14965],
          [-113.29163, 40.16946],
          [-113.28669, 40.17442],
          [-113.26696, 40.19423],
          [-113.26202, 40.19918],
          [-113.24227, 40.21898],
          [-113.23734, 40.22394],
          [-113.21758, 40.24374],
          [-113.22144, 40.26553],
          [-113.2165, 40.27048],
          [-113.19673, 40.29028],
          [-113.19179, 40.29522],
          [-113.17201, 40.31501],
          [-113.16707, 40.31996],
          [-113.14728, 40.33974],
          [-113.15113, 40.36153],
          [-113.14618, 40.36648],
          [-113.12638, 40.38625],
          [-113.12143, 40.39119],
          [-113.10162, 40.41096],
          [-113.10546, 40.43275],
          [-113.10051, 40.43769],
          [-113.08068, 40.45745],
          [-113.07573, 40.46239],
          [-113.0471, 40.46531],
          [-113.02726, 40.48507],
          [-113.03109, 40.50684],
          [-113.02613, 40.51178],
          [-113.00628, 40.53153],
          [-113.00132, 40.53646],
          [-112.98145, 40.5562],
          [-112.98528, 40.57797],
          [-112.98031, 40.58291],
          [-112.96044, 40.60264],
          [-112.95547, 40.60758],
          [-112.93558, 40.62731],
          [-112.93061, 40.63224],
          [-112.91072, 40.65196],
          [-112.90574, 40.65689],
          [-112.88584, 40.67661],
          [-112.88086, 40.68154],
          [-112.86095, 40.70125],
          [-112.85597, 40.70618],
          [-112.83605, 40.72589],
          [-112.83985, 40.74764],
          [-112.83487, 40.75257],
          [-112.81493, 40.77227],
          [-112.80995, 40.77719],
          [-112.79, 40.79689],
          [-112.78502, 40.80181],
          [-112.76506, 40.8215],
          [-112.76007, 40.82642],
          [-112.74011, 40.84611],
          [-112.73512, 40.85103],
          [-112.71514, 40.87071],
          [-112.71015, 40.87563],
          [-112.69017, 40.8953],
          [-112.68517, 40.90022],
          [-112.66518, 40.91989],
          [-112.66018, 40.92481],
          [-112.64018, 40.94447],
          [-112.63518, 40.94939],
          [-112.61516, 40.96904],
          [-112.61016, 40.97396],
          [-112.58138, 40.97679],
          [-112.56135, 40.99644],
          [-112.55634, 41.00135],
          [-112.53631, 41.021],
          [-112.5313, 41.02591],
          [-112.5025, 41.02873],
          [-112.48245, 41.04837],
          [-112.47743, 41.05327],
          [-112.45737, 41.0729],
          [-112.45235, 41.07781],
          [-112.43228, 41.09743],
          [-112.42726, 41.10234],
          [-112.40718, 41.12196],
          [-112.40216, 41.12686],
          [-112.37333, 41.12966],
          [-112.35323, 41.14927],
          [-112.34821, 41.15417],
          [-112.31937, 41.15697],
          [-112.29052, 41.15975],
          [-112.27041, 41.17935],
          [-112.26537, 41.18425],
          [-112.23652, 41.18703],
          [-112.20767, 41.1898],
          [-112.17882, 41.19257],
          [-112.14996, 41.19533],
          [-112.12981, 41.21491],
          [-112.12477, 41.2198],
          [-112.09591, 41.22256],
          [-112.07574, 41.24213],
          [-112.07069, 41.24702],
          [-112.04182, 41.24976],
          [-112.02163, 41.26932],
          [-112.01659, 41.27421],
          [-112, 41.27579]
        ]
      }
    },
    {
      "type": "Feature",
      "id": "2026082200_f150_14000_001",
      "properties": {
        "product_id": "winter_storm_levels",
        "source_id": "nbm_snow_level",
        "parameter": "snow_level",
        "definition": "height of the wet-bulb 0.5 degree C surface",
        "level_ft_msl": 14000,
        "label": "14,000 ft MSL",
        "unit": "ft_msl",
        "cycle_time_utc": "2026-08-22T00:00:00Z",
        "valid_time_utc": "2026-08-28T06:00:00Z",
        "lead_hours": 150,
        "segment": 1,
        "length_m": 1032177
      },
      "geometry": {
        "type": "LineString",
        "coordinates": [
          [-119.22132, 30.24848],
          [-119.22048, 30.24953],
          [-119.21835, 30.25217],
          [-119.19924, 30.27594],
          [-119.19712, 30.27859],
          [-119.178, 30.30236],
          [-119.17587, 30.305],
          [-119.14995, 30.30903],
          [-119.13082, 30.3328],
          [-119.12869, 30.33544],
          [-119.10276, 30.33946],
          [-119.07683, 30.34348],
          [-119.05767, 30.36724],
          [-119.05554, 30.36988],
          [-119.03638, 30.39363],
          [-119.03425, 30.39627],
          [-119.0083, 30.40028],
          [-118.98912, 30.42402],
          [-118.98699, 30.42666],
          [-118.96104, 30.43066],
          [-118.93508, 30.43466],
          [-118.90912, 30.43865],
          [-118.88316, 30.44264],
          [-118.85719, 30.44662],
          [-118.83798, 30.47034],
          [-118.83584, 30.47298],
          [-118.81662, 30.4967],
          [-118.81448, 30.49934],
          [-118.7885, 30.50331],
          [-118.76252, 30.50727],
          [-118.73654, 30.51123],
          [-118.71056, 30.51519],
          [-118.6913, 30.5389],
          [-118.68916, 30.54153],
          [-118.66317, 30.54548],
          [-118.66011, 30.54364],
          [-118.6326, 30.52704],
          [-118.60661, 30.53098],
          [-118.60355, 30.52913],
          [-118.57605, 30.51253],
          [-118.55006, 30.51646],
          [-118.52407, 30.52038],
          [-118.49808, 30.52431],
          [-118.49502, 30.52246],
          [-118.46754, 30.50583],
          [-118.44155, 30.50975],
          [-118.41555, 30.51365],
          [-118.38956, 30.51756],
          [-118.36356, 30.52146],
          [-118.33756, 30.52536],
          [-118.31156, 30.52925],
          [-118.28556, 30.53313],
          [-118.25956, 30.53702],
          [-118.23355, 30.5409],
          [-118.2305, 30.53904],
          [-118.20305, 30.52237],
          [-118.17705, 30.52624],
          [-118.15104, 30.53011],
          [-118.14799, 30.52825],
          [-118.12056, 30.51156],
          [-118.09455, 30.51542],
          [-118.06855, 30.51927],
          [-118.04254, 30.52312],
          [-118.01653, 30.52696],
          [-117.99052, 30.5308],
          [-117.96451, 30.53463],
          [-117.93849, 30.53846],
          [-117.91248, 30.54229],
          [-117.88646, 30.54611],
          [-117.86703, 30.56971],
          [-117.86487, 30.57234],
          [-117.83884, 30.57615],
          [-117.8194, 30.59974],
          [-117.81724, 30.60236],
          [-117.79779, 30.62596],
          [-117.79562, 30.62858],
          [-117.77616, 30.65217],
          [-117.78058, 30.67457],
          [-117.77842, 30.67719],
          [-117.75894, 30.70078],
          [-117.76336, 30.72318],
          [-117.76778, 30.74558],
          [-117.7722, 30.76799],
          [-117.77662, 30.79039],
          [-117.78105, 30.81279],
          [-117.78547, 30.83519],
          [-117.7899, 30.85759],
          [-117.78773, 30.86021],
          [-117.76823, 30.88378],
          [-117.77265, 30.90618],
          [-117.77708, 30.92858],
          [-117.78151, 30.95097],
          [-117.77934, 30.95359],
          [-117.75982, 30.97716],
          [-117.76425, 30.99956],
          [-117.76868, 31.02195],
          [-117.77311, 31.04434],
          [-117.77754, 31.06673],
          [-117.77537, 31.06935],
          [-117.75583, 31.09291],
          [-117.76026, 31.1153],
          [-117.75809, 31.11792],
          [-117.73854, 31.14148],
          [-117.74297, 31.16387],
          [-117.7408, 31.16649],
          [-117.72123, 31.19004],
          [-117.72566, 31.21243],
          [-117.73009, 31.23481],
          [-117.73452, 31.2572],
          [-117.73896, 31.27958],
          [-117.73678, 31.2822],
          [-117.7172, 31.30575],
          [-117.72163, 31.32813],
          [-117.72606, 31.35051],
          [-117.7305, 31.37288],
          [-117.72832, 31.3755],
          [-117.70872, 31.39905],
          [-117.71315, 31.42142],
          [-117.71097, 31.42404],
          [-117.69136, 31.44758],
          [-117.69579, 31.46996],
          [-117.69361, 31.47257],
          [-117.67399, 31.49611],
          [-117.67842, 31.51848],
          [-117.67624, 31.5211],
          [-117.6566, 31.54463],
          [-117.66103, 31.567],
          [-117.66546, 31.58937],
          [-117.66989, 31.61174],
          [-117.67433, 31.63411],
          [-117.67214, 31.63672],
          [-117.65249, 31.66025],
          [-117.65692, 31.68261],
          [-117.65474, 31.68523],
          [-117.63507, 31.70875],
          [-117.63288, 31.71136],
          [-117.6132, 31.73488],
          [-117.61102, 31.73749],
          [-117.59133, 31.76101],
          [-117.58914, 31.76362],
          [-117.56945, 31.78713],
          [-117.56726, 31.78974],
          [-117.54755, 31.81325],
          [-117.54536, 31.81586],
          [-117.52565, 31.83936],
          [-117.52346, 31.84197],
          [-117.50374, 31.86547],
          [-117.50155, 31.86808],
          [-117.48182, 31.89158],
          [-117.47962, 31.89419],
          [-117.45329, 31.89793],
          [-117.43354, 31.92141],
          [-117.43134, 31.92402],
          [-117.41159, 31.9475],
          [-117.40939, 31.95011],
          [-117.38304, 31.95384],
          [-117.36327, 31.97732],
          [-117.36108, 31.97992],
          [-117.3413, 32.0034],
          [-117.3391, 32.006],
          [-117.31273, 32.00972],
          [-117.29294, 32.03318],
          [-117.29074, 32.03579],
          [-117.26436, 32.0395],
          [-117.24455, 32.06295],
          [-117.24235, 32.06556],
          [-117.22253, 32.08901],
          [-117.22033, 32.09162],
          [-117.19394, 32.09531],
          [-117.17411, 32.11875],
          [-117.1719, 32.12136],
          [-117.1455, 32.12505],
          [-117.12566, 32.14848],
          [-117.12345, 32.15109],
          [-117.09704, 32.15477],
          [-117.07063, 32.15844],
          [-117.05076, 32.18187],
          [-117.04856, 32.18447],
          [-117.02214, 32.18813],
          [-117.00225, 32.21155],
          [-117.00004, 32.21415],
          [-116.98015, 32.23757],
          [-116.97794, 32.24017],
          [-116.95804, 32.26358],
          [-116.95583, 32.26618],
          [-116.93592, 32.28959],
          [-116.9337, 32.29219],
          [-116.90726, 32.29583],
          [-116.88733, 32.31923],
          [-116.88512, 32.32183],
          [-116.86518, 32.34522],
          [-116.86297, 32.34782],
          [-116.84302, 32.37121],
          [-116.8408, 32.37381],
          [-116.81434, 32.37744],
          [-116.79438, 32.40082],
          [-116.79216, 32.40342],
          [-116.77219, 32.4268],
          [-116.76997, 32.4294],
          [-116.74349, 32.43301],
          [-116.717, 32.43663],
          [-116.69701, 32.45999],
          [-116.69479, 32.46259],
          [-116.67479, 32.48595],
          [-116.67257, 32.48855],
          [-116.64607, 32.49215],
          [-116.62606, 32.5155],
          [-116.62383, 32.5181],
          [-116.60381, 32.54145],
          [-116.60159, 32.54404],
          [-116.57507, 32.54763],
          [-116.55503, 32.57098],
          [-116.55281, 32.57357],
          [-116.52628, 32.57715],
          [-116.50623, 32.60049],
          [-116.504, 32.60308],
          [-116.47747, 32.60665],
          [-116.4574, 32.62998],
          [-116.45517, 32.63257],
          [-116.43509, 32.65589],
          [-116.43286, 32.65848],
          [-116.40631, 32.66205],
          [-116.38622, 32.68536],
          [-116.38399, 32.68795],
          [-116.35743, 32.6915],
          [-116.33733, 32.71481],
          [-116.33509, 32.7174],
          [-116.30853, 32.72094],
          [-116.28841, 32.74424],
          [-116.28617, 32.74683],
          [-116.2596, 32.75037],
          [-116.23946, 32.77366],
          [-116.23722, 32.77625],
          [-116.21064, 32.77978],
          [-116.19049, 32.80306],
          [-116.18825, 32.80565],
          [-116.16808, 32.82893],
          [-116.16584, 32.83151],
          [-116.14567, 32.85479],
          [-116.14343, 32.85737],
          [-116.12325, 32.88065],
          [-116.12101, 32.88323],
          [-116.10082, 32.9065],
          [-116.09857, 32.90908],
          [-116.07196, 32.91259],
          [-116.05175, 32.93585],
          [-116.04951, 32.93843],
          [-116.02929, 32.96168],
          [-116.02705, 32.96427],
          [-116.00682, 32.98752],
          [-116.00457, 32.9901],
          [-115.98434, 33.01335],
          [-115.9885, 33.03569],
          [-115.98625, 33.03827],
          [-115.96601, 33.06151],
          [-115.96376, 33.06409],
          [-115.9435, 33.08733],
          [-115.94125, 33.08991],
          [-115.92099, 33.11314],
          [-115.92514, 33.13548],
          [-115.92288, 33.13806],
          [-115.90261, 33.16129],
          [-115.90035, 33.16387],
          [-115.88007, 33.18709],
          [-115.87781, 33.18967],
          [-115.85752, 33.21289],
          [-115.85526, 33.21547],
          [-115.83496, 33.23868],
          [-115.8327, 33.24126],
          [-115.81239, 33.26447],
          [-115.81013, 33.26705],
          [-115.78343, 33.2705],
          [-115.7631, 33.2937],
          [-115.76084, 33.29628],
          [-115.73412, 33.29973],
          [-115.71378, 33.32292],
          [-115.71152, 33.3255],
          [-115.69116, 33.34869],
          [-115.6889, 33.35126],
          [-115.66217, 33.35469],
          [-115.6418, 33.37788],
          [-115.63954, 33.38045],
          [-115.61916, 33.40363],
          [-115.6169, 33.4062],
          [-115.59015, 33.40962],
          [-115.56976, 33.43279],
          [-115.56749, 33.43536],
          [-115.54709, 33.45853],
          [-115.54482, 33.4611],
          [-115.51806, 33.46451],
          [-115.49764, 33.48767],
          [-115.49537, 33.49024],
          [-115.47495, 33.51339],
          [-115.47268, 33.51596],
          [-115.4459, 33.51936],
          [-115.42546, 33.5425],
          [-115.42318, 33.54507],
          [-115.3964, 33.54846],
          [-115.37594, 33.57159],
          [-115.37367, 33.57416],
          [-115.3532, 33.5973],
          [-115.35093, 33.59987],
          [-115.33045, 33.62299],
          [-115.32817, 33.62556],
          [-115.30137, 33.62893],
          [-115.28088, 33.65205],
          [-115.2786, 33.65462],
          [-115.25178, 33.65798],
          [-115.23128, 33.68109],
          [-115.229, 33.68366],
          [-115.20217, 33.68701],
          [-115.18165, 33.71011],
          [-115.17937, 33.71268],
          [-115.15884, 33.73578],
          [-115.15655, 33.73834],
          [-115.12972, 33.74169],
          [-115.10917, 33.76478],
          [-115.10688, 33.76734],
          [-115.08633, 33.79043],
          [-115.08404, 33.79299],
          [-115.06348, 33.81607],
          [-115.06119, 33.81864],
          [-115.04062, 33.84171],
          [-115.03833, 33.84428],
          [-115.01775, 33.86735],
          [-115.02174, 33.88966],
          [-115.01945, 33.89222],
          [-114.99886, 33.91529],
          [-114.99657, 33.91785],
          [-114.97596, 33.94091],
          [-114.97995, 33.96322],
          [-114.97766, 33.96579],
          [-114.95704, 33.98884],
          [-114.95475, 33.9914],
          [-114.93412, 34.01445],
          [-114.93183, 34.01702],
          [-114.91119, 34.04006],
          [-114.91518, 34.06237],
          [-114.91288, 34.06493],
          [-114.89223, 34.08797],
          [-114.88994, 34.09053],
          [-114.86928, 34.11356],
          [-114.86698, 34.11612],
          [-114.84631, 34.13916],
          [-114.84401, 34.14172],
          [-114.82333, 34.16474],
          [-114.82103, 34.1673],
          [-114.80035, 34.19032],
          [-114.79805, 34.19288],
          [-114.77735, 34.2159],
          [-114.77505, 34.21846],
          [-114.75434, 34.24147],
          [-114.75204, 34.24403],
          [-114.73132, 34.26704],
          [-114.72902, 34.26959],
          [-114.70829, 34.2926],
          [-114.70599, 34.29515],
          [-114.679, 34.29841],
          [-114.65826, 34.32141],
          [-114.65596, 34.32396],
          [-114.63521, 34.34696],
          [-114.6329, 34.34951],
          [-114.6059, 34.35276],
          [-114.5789, 34.356],
          [-114.55189, 34.35924],
          [-114.52488, 34.36248],
          [-114.49788, 34.36571],
          [-114.47087, 34.36893],
          [-114.44386, 34.37216],
          [-114.44077, 34.37025],
          [-114.41295, 34.35308],
          [-114.39214, 34.37604],
          [-114.38983, 34.37859],
          [-114.36902, 34.40154],
          [-114.3667, 34.40409],
          [-114.34588, 34.42704],
          [-114.34356, 34.42959],
          [-114.32273, 34.45253],
          [-114.32041, 34.45508],
          [-114.29337, 34.45828],
          [-114.27252, 34.48122],
          [-114.27021, 34.48376],
          [-114.24935, 34.50669],
          [-114.24703, 34.50924],
          [-114.22616, 34.53217],
          [-114.22384, 34.53472],
          [-114.20296, 34.55764],
          [-114.20064, 34.56018],
          [-114.17975, 34.5831],
          [-114.17743, 34.58565],
          [-114.15653, 34.60856],
          [-114.15421, 34.61111],
          [-114.1333, 34.63401],
          [-114.13098, 34.63656],
          [-114.11006, 34.65946],
          [-114.10773, 34.66201],
          [-114.08681, 34.6849],
          [-114.08448, 34.68745],
          [-114.06354, 34.71034],
          [-114.06122, 34.71288],
          [-114.04027, 34.73577],
          [-114.03794, 34.73832],
          [-114.01699, 34.7612],
          [-114.01466, 34.76374],
          [-113.99369, 34.78662],
          [-113.99136, 34.78916],
          [-113.96424, 34.7923],
          [-113.94326, 34.81517],
          [-113.94092, 34.81771],
          [-113.91993, 34.84058],
          [-113.9176, 34.84312],
          [-113.8966, 34.86598],
          [-113.89427, 34.86852],
          [-113.87326, 34.89138],
          [-113.87092, 34.89392],
          [-113.8499, 34.91677],
          [-113.84757, 34.91931],
          [-113.8204, 34.92242],
          [-113.79324, 34.92553],
          [-113.76607, 34.92863],
          [-113.74503, 34.95147],
          [-113.74269, 34.95401],
          [-113.71551, 34.9571],
          [-113.68834, 34.9602],
          [-113.66116, 34.96328],
          [-113.63398, 34.96637],
          [-113.60681, 34.96944],
          [-113.57962, 34.97252],
          [-113.57653, 34.9706],
          [-113.5487, 34.95331],
          [-113.52152, 34.95638],
          [-113.49434, 34.95944],
          [-113.46716, 34.96249],
          [-113.43998, 34.96554],
          [-113.41279, 34.96859],
          [-113.3856, 34.97163],
          [-113.36447, 34.99442],
          [-113.36212, 34.99695],
          [-113.33493, 34.99998],
          [-113.31378, 35.02276],
          [-113.31143, 35.02529],
          [-113.29027, 35.04806],
          [-113.28792, 35.05059],
          [-113.26675, 35.07335],
          [-113.2644, 35.07588],
          [-113.23718, 35.0789],
          [-113.20996, 35.08191],
          [-113.18274, 35.08492],
          [-113.17965, 35.08299],
          [-113.15185, 35.06565],
          [-113.14877, 35.06372],
          [-113.12098, 35.04637],
          [-113.09376, 35.04936],
          [-113.06655, 35.05235],
          [-113.03933, 35.05533],
          [-113.01212, 35.05831],
          [-112.99089, 35.08104],
          [-112.98853, 35.08357],
          [-112.9613, 35.08654],
          [-112.94006, 35.10926],
          [-112.9377, 35.11179],
          [-112.91645, 35.1345],
          [-112.91409, 35.13703],
          [-112.89282, 35.15974],
          [-112.89046, 35.16226],
          [-112.86321, 35.16521],
          [-112.84193, 35.18792],
          [-112.83957, 35.19044],
          [-112.81828, 35.21314],
          [-112.81592, 35.21566],
          [-112.79462, 35.23835],
          [-112.79225, 35.24087],
          [-112.77095, 35.26356],
          [-112.76858, 35.26608],
          [-112.7413, 35.26901],
          [-112.71998, 35.29169],
          [-112.71761, 35.29421],
          [-112.69628, 35.31689],
          [-112.6939, 35.31941],
          [-112.67256, 35.34208],
          [-112.67019, 35.34459],
          [-112.64884, 35.36726],
          [-112.64647, 35.36978],
          [-112.6251, 35.39244],
          [-112.62273, 35.39495],
          [-112.60136, 35.41761],
          [-112.59898, 35.42013],
          [-112.57166, 35.42303],
          [-112.54434, 35.42593],
          [-112.52295, 35.44857],
          [-112.52057, 35.45109],
          [-112.49324, 35.45398],
          [-112.47183, 35.47661],
          [-112.46945, 35.47913],
          [-112.44212, 35.48201],
          [-112.41478, 35.48488],
          [-112.39335, 35.50751],
          [-112.39097, 35.51002],
          [-112.36362, 35.51289],
          [-112.34217, 35.5355],
          [-112.33979, 35.53801],
          [-112.31243, 35.54087],
          [-112.28508, 35.54373],
          [-112.26361, 35.56633],
          [-112.26122, 35.56884],
          [-112.23386, 35.57169],
          [-112.21237, 35.59428],
          [-112.20998, 35.59679],
          [-112.18261, 35.59962],
          [-112.15524, 35.60246],
          [-112.13373, 35.62504],
          [-112.13134, 35.62755],
          [-112.10395, 35.63037],
          [-112.07657, 35.63319],
          [-112.04919, 35.63601],
          [-112.0218, 35.63882],
          [-112, 35.64105]
        ]
      }
    }
  ]
}

