{
  "type": "FeatureCollection",
  "contract_version": "1.0.0",
  "bbox": [-130, 30.05272, -112, 44.5],
  "features": [
    {
      "type": "Feature",
      "id": "2026090312_f204_08000_001",
      "properties": {
        "product_id": "winter_storm_levels",
        "source_id": "nbm_snow_level",
        "parameter": "snow_level",
        "definition": "height of the wet-bulb 0.5 degree C surface",
        "level_ft_msl": 8000,
        "label": "8,000 ft MSL",
        "unit": "ft_msl",
        "cycle_time_utc": "2026-09-03T12:00:00Z",
        "valid_time_utc": "2026-09-12T00:00:00Z",
        "lead_hours": 204,
        "segment": 1,
        "length_m": 521520
      },
      "geometry": {
        "type": "LineString",
        "coordinates": [
          [-130, 42.65868],
          [-129.98573, 42.67671],
          [-129.98415, 42.6787],
          [-129.95561, 42.68423],
          [-129.93616, 42.70876],
          [-129.93458, 42.71075],
          [-129.90603, 42.71627],
          [-129.87747, 42.7218],
          [-129.84891, 42.72731],
          [-129.82034, 42.73283],
          [-129.79177, 42.73833],
          [-129.7632, 42.74384],
          [-129.73463, 42.74934],
          [-129.70605, 42.75483],
          [-129.67747, 42.76032],
          [-129.64888, 42.76581],
          [-129.6203, 42.77129],
          [-129.59171, 42.77677],
          [-129.57215, 42.80124],
          [-129.57057, 42.80322],
          [-129.54196, 42.80869],
          [-129.51336, 42.81415],
          [-129.48475, 42.81961],
          [-129.45614, 42.82507],
          [-129.42752, 42.83052],
          [-129.3989, 42.83596],
          [-129.37028, 42.8414],
          [-129.36758, 42.84023],
          [-129.33425, 42.82585],
          [-129.30563, 42.83128],
          [-129.277, 42.8367],
          [-129.24838, 42.84212],
          [-129.21974, 42.84754],
          [-129.19111, 42.85295],
          [-129.16247, 42.85836],
          [-129.13383, 42.86376],
          [-129.10519, 42.86916],
          [-129.07654, 42.87455],
          [-129.04789, 42.87994],
          [-129.01924, 42.88533],
          [-128.99058, 42.89071],
          [-128.96192, 42.89608],
          [-128.93326, 42.90145],
          [-128.93056, 42.90028],
          [-128.89727, 42.88582],
          [-128.86861, 42.89118],
          [-128.83994, 42.89653],
          [-128.81128, 42.90189],
          [-128.7826, 42.90723],
          [-128.77991, 42.90606],
          [-128.74664, 42.89157],
          [-128.71797, 42.89691],
          [-128.68929, 42.90224],
          [-128.66061, 42.90757],
          [-128.63193, 42.91289],
          [-128.60324, 42.91821],
          [-128.57456, 42.92352],
          [-128.54587, 42.92883],
          [-128.51717, 42.93414],
          [-128.48847, 42.93944],
          [-128.46862, 42.96377],
          [-128.46701, 42.96574],
          [-128.4383, 42.97103],
          [-128.40959, 42.97632],
          [-128.38087, 42.9816],
          [-128.35215, 42.98688],
          [-128.32343, 42.99215],
          [-128.30352, 43.01646],
          [-128.30191, 43.01843],
          [-128.27317, 43.02369],
          [-128.24444, 43.02895],
          [-128.2157, 43.03421],
          [-128.18696, 43.03946],
          [-128.15821, 43.0447],
          [-128.12946, 43.04994],
          [-128.1095, 43.07422],
          [-128.10788, 43.07619],
          [-128.07912, 43.08142],
          [-128.05913, 43.10569],
          [-128.05751, 43.10765],
          [-128.03751, 43.13191],
          [-128.03589, 43.13388],
          [-128.00711, 43.1391],
          [-127.98709, 43.16335],
          [-127.98547, 43.16532],
          [-127.95668, 43.17053],
          [-127.93664, 43.19477],
          [-127.93502, 43.19673],
          [-127.90622, 43.20193],
          [-127.88616, 43.22616],
          [-127.88454, 43.22813],
          [-127.85572, 43.23332],
          [-127.8269, 43.23851],
          [-127.80682, 43.26272],
          [-127.80519, 43.26468],
          [-127.77636, 43.26986],
          [-127.75626, 43.29407],
          [-127.75463, 43.29603],
          [-127.72579, 43.3012],
          [-127.70567, 43.3254],
          [-127.70404, 43.32736],
          [-127.67519, 43.33252],
          [-127.64633, 43.33768],
          [-127.62619, 43.36186],
          [-127.62455, 43.36382],
          [-127.59568, 43.36896],
          [-127.56681, 43.37411],
          [-127.53793, 43.37925],
          [-127.50906, 43.38438],
          [-127.48887, 43.40854],
          [-127.48723, 43.4105],
          [-127.45834, 43.41562],
          [-127.42945, 43.42074],
          [-127.40055, 43.42586],
          [-127.37165, 43.43097],
          [-127.34275, 43.43608],
          [-127.31384, 43.44118],
          [-127.28494, 43.44627],
          [-127.25602, 43.45137],
          [-127.22711, 43.45646],
          [-127.20684, 43.48057],
          [-127.2052, 43.48253],
          [-127.17627, 43.48761],
          [-127.14734, 43.49268],
          [-127.11841, 43.49775],
          [-127.0981, 43.52185],
          [-127.09645, 43.5238],
          [-127.06751, 43.52886],
          [-127.03856, 43.53392],
          [-127.01823, 43.558],
          [-127.01658, 43.55996],
          [-126.98762, 43.565],
          [-126.95866, 43.57005],
          [-126.9383, 43.59412],
          [-126.93665, 43.59607],
          [-126.90768, 43.6011],
          [-126.8873, 43.62516],
          [-126.88564, 43.62711],
          [-126.85666, 43.63214],
          [-126.82767, 43.63716],
          [-126.80726, 43.6612],
          [-126.80561, 43.66315],
          [-126.77661, 43.66816],
          [-126.74761, 43.67317],
          [-126.72717, 43.6972],
          [-126.72551, 43.69915],
          [-126.72282, 43.69795],
          [-126.68959, 43.68317],
          [-126.66058, 43.68816],
          [-126.63157, 43.69315],
          [-126.62887, 43.69195],
          [-126.59566, 43.67715],
          [-126.59297, 43.67595],
          [-126.58608, 43.65497],
          [-126.55289, 43.64016],
          [-126.5502, 43.63896],
          [-126.51702, 43.62414],
          [-126.48801, 43.62911],
          [-126.48532, 43.6279],
          [-126.45215, 43.61307],
          [-126.44946, 43.61187],
          [-126.41631, 43.59703],
          [-126.41362, 43.59583],
          [-126.38047, 43.58098],
          [-126.37778, 43.57978],
          [-126.34465, 43.56493],
          [-126.34196, 43.56372],
          [-126.30884, 43.54886],
          [-126.30615, 43.54765],
          [-126.27304, 43.53278],
          [-126.24405, 43.53772],
          [-126.21506, 43.54264],
          [-126.19452, 43.56664],
          [-126.19285, 43.56858],
          [-126.16385, 43.5735],
          [-126.14329, 43.59749],
          [-126.14163, 43.59943],
          [-126.11261, 43.60434],
          [-126.09204, 43.62831],
          [-126.09037, 43.63026],
          [-126.06978, 43.65422],
          [-126.06811, 43.65616],
          [-126.04752, 43.68012],
          [-126.04585, 43.68207],
          [-126.0168, 43.68696],
          [-125.99619, 43.71091],
          [-126.00295, 43.73191],
          [-126.00128, 43.73385],
          [-125.98065, 43.75779],
          [-125.97897, 43.75973],
          [-125.95833, 43.78366],
          [-125.95666, 43.7856],
          [-125.93601, 43.80953],
          [-125.93433, 43.81147],
          [-125.90525, 43.81634],
          [-125.88458, 43.84026],
          [-125.8829, 43.8422],
          [-125.86222, 43.86611],
          [-125.86896, 43.88709],
          [-125.86729, 43.88903],
          [-125.84659, 43.91293],
          [-125.84491, 43.91487],
          [-125.82421, 43.93876],
          [-125.82253, 43.9407],
          [-125.80181, 43.96459],
          [-125.80013, 43.96652],
          [-125.7794, 43.99041],
          [-125.77772, 43.99234],
          [-125.74857, 43.99718],
          [-125.72783, 44.02106],
          [-125.72614, 44.02299],
          [-125.69698, 44.02782],
          [-125.67622, 44.05168],
          [-125.67453, 44.05362],
          [-125.64536, 44.05844],
          [-125.62457, 44.08229],
          [-125.62289, 44.08423],
          [-125.60209, 44.10807],
          [-125.6004, 44.11],
          [-125.5796, 44.13384],
          [-125.57791, 44.13577],
          [-125.54871, 44.14058],
          [-125.52788, 44.1644],
          [-125.52619, 44.16634],
          [-125.49698, 44.17113],
          [-125.47613, 44.19495],
          [-125.47444, 44.19688],
          [-125.44522, 44.20167],
          [-125.42435, 44.22547],
          [-125.42266, 44.2274],
          [-125.39342, 44.23218],
          [-125.37254, 44.25598],
          [-125.37084, 44.25791],
          [-125.34159, 44.26268],
          [-125.32069, 44.28646],
          [-125.319, 44.28839],
          [-125.28973, 44.29315],
          [-125.26047, 44.29791],
          [-125.23954, 44.32168],
          [-125.23784, 44.3236],
          [-125.20857, 44.32835],
          [-125.18762, 44.35211],
          [-125.18592, 44.35404],
          [-125.16496, 44.37779],
          [-125.16326, 44.37971],
          [-125.13396, 44.38445],
          [-125.10466, 44.38918],
          [-125.08367, 44.41292],
          [-125.08197, 44.41484],
          [-125.05266, 44.41956],
          [-125.03165, 44.44329],
          [-125.02995, 44.44521],
          [-125.00063, 44.44992],
          [-124.9796, 44.47364],
          [-124.97789, 44.47556],
          [-124.94856, 44.48026],
          [-124.91922, 44.48496],
          [-124.90586, 44.5]
        ]
      }
    },
    {
      "type": "Feature",
      "id": "2026090312_f204_09000_001",
      "properties": {
        "product_id": "winter_storm_levels",
        "source_id": "nbm_snow_level",
        "parameter": "snow_level",
        "definition": "height of the wet-bulb 0.5 degree C surface",
        "level_ft_msl": 9000,
        "label": "9,000 ft MSL",
        "unit": "ft_msl",
        "cycle_time_utc": "2026-09-03T12:00:00Z",
        "valid_time_utc": "2026-09-12T00:00:00Z",
        "lead_hours": 204,
        "segment": 1,
        "length_m": 920269.8
      },
      "geometry": {
        "type": "LineString",
        "coordinates": [
          [-130, 40.20939],
          [-129.98987, 40.21144],
          [-129.96201, 40.21705],
          [-129.93415, 40.22266],
          [-129.89983, 40.20738],
          [-129.89895, 40.20699],
          [-129.87108, 40.21259],
          [-129.84322, 40.21818],
          [-129.81535, 40.22377],
          [-129.78105, 40.20847],
          [-129.78017, 40.20808],
          [-129.7523, 40.21366],
          [-129.72443, 40.21923],
          [-129.69014, 40.20391],
          [-129.68926, 40.20352],
          [-129.66139, 40.20908],
          [-129.62711, 40.19375],
          [-129.62623, 40.19336],
          [-129.59836, 40.19891],
          [-129.57048, 40.20447],
          [-129.53622, 40.18911],
          [-129.53534, 40.18872],
          [-129.50746, 40.19426],
          [-129.47322, 40.1789],
          [-129.47234, 40.1785],
          [-129.44446, 40.18404],
          [-129.41022, 40.16866],
          [-129.40935, 40.16827],
          [-129.38147, 40.17379],
          [-129.35359, 40.17931],
          [-129.3257, 40.18482],
          [-129.29782, 40.19033],
          [-129.26992, 40.19584],
          [-129.24203, 40.20134],
          [-129.24151, 40.20201],
          [-129.22133, 40.22814],
          [-129.22081, 40.22881],
          [-129.20062, 40.25493],
          [-129.17271, 40.26042],
          [-129.17219, 40.26109],
          [-129.15198, 40.28721],
          [-129.12405, 40.29269],
          [-129.12353, 40.29336],
          [-129.1033, 40.31946],
          [-129.07537, 40.32493],
          [-129.04743, 40.3304],
          [-129.04691, 40.33107],
          [-129.02665, 40.35716],
          [-128.9987, 40.36262],
          [-128.99818, 40.36329],
          [-128.97791, 40.38937],
          [-128.94994, 40.39482],
          [-128.94942, 40.39549],
          [-128.92913, 40.42156],
          [-128.90116, 40.427],
          [-128.90064, 40.42767],
          [-128.88032, 40.45373],
          [-128.8798, 40.4544],
          [-128.85948, 40.48045],
          [-128.83149, 40.48588],
          [-128.83096, 40.48655],
          [-128.81062, 40.5126],
          [-128.78262, 40.51801],
          [-128.75461, 40.52343],
          [-128.7266, 40.52884],
          [-128.69859, 40.53425],
          [-128.67058, 40.53965],
          [-128.67005, 40.54032],
          [-128.64966, 40.56634],
          [-128.62163, 40.57173],
          [-128.5936, 40.57712],
          [-128.56557, 40.5825],
          [-128.53754, 40.58788],
          [-128.5095, 40.59326],
          [-128.48146, 40.59863],
          [-128.45341, 40.60399],
          [-128.42537, 40.60935],
          [-128.39732, 40.61471],
          [-128.36927, 40.62006],
          [-128.33505, 40.60451],
          [-128.33417, 40.60411],
          [-128.30612, 40.60945],
          [-128.27806, 40.61479],
          [-128.25, 40.62013],
          [-128.22194, 40.62545],
          [-128.19388, 40.63078],
          [-128.15968, 40.6152],
          [-128.1588, 40.6148],
          [-128.13074, 40.62011],
          [-128.10267, 40.62542],
          [-128.0746, 40.63073],
          [-128.04042, 40.61512],
          [-128.03955, 40.61472],
          [-128.01147, 40.62002],
          [-127.9834, 40.62531],
          [-127.95532, 40.63059],
          [-127.92724, 40.63588],
          [-127.89916, 40.64115],
          [-127.87108, 40.64643],
          [-127.84299, 40.65169],
          [-127.8149, 40.65696],
          [-127.7868, 40.66222],
          [-127.75871, 40.66747],
          [-127.73061, 40.67272],
          [-127.7025, 40.67797],
          [-127.6744, 40.68321],
          [-127.64629, 40.68845],
          [-127.61818, 40.69368],
          [-127.59006, 40.69891],
          [-127.56195, 40.70413],
          [-127.53383, 40.70935],
          [-127.5057, 40.71456],
          [-127.47758, 40.71977],
          [-127.44945, 40.72497],
          [-127.42132, 40.73017],
          [-127.39318, 40.73537],
          [-127.36505, 40.74056],
          [-127.36452, 40.74122],
          [-127.34375, 40.76706],
          [-127.3156, 40.77225],
          [-127.28745, 40.77742],
          [-127.2593, 40.7826],
          [-127.23114, 40.78777],
          [-127.20298, 40.79293],
          [-127.20245, 40.79359],
          [-127.18163, 40.81941],
          [-127.15346, 40.82456],
          [-127.12529, 40.82971],
          [-127.12476, 40.83038],
          [-127.10391, 40.85618],
          [-127.07573, 40.86132],
          [-127.07519, 40.86198],
          [-127.05433, 40.88777],
          [-127.02614, 40.89291],
          [-127.0256, 40.89357],
          [-127.00472, 40.91935],
          [-126.97652, 40.92447],
          [-126.97598, 40.92514],
          [-126.95508, 40.95091],
          [-126.92686, 40.95602],
          [-126.92633, 40.95668],
          [-126.90541, 40.98245],
          [-126.87718, 40.98755],
          [-126.84895, 40.99266],
          [-126.84841, 40.99332],
          [-126.82747, 41.01906],
          [-126.79922, 41.02416],
          [-126.77098, 41.02925],
          [-126.74273, 41.03433],
          [-126.74219, 41.03499],
          [-126.72121, 41.06072],
          [-126.69295, 41.0658],
          [-126.66469, 41.07087],
          [-126.63642, 41.07594],
          [-126.63588, 41.0766],
          [-126.61487, 41.10231],
          [-126.58659, 41.10736],
          [-126.55831, 41.11242],
          [-126.53003, 41.11747],
          [-126.50174, 41.12251],
          [-126.5012, 41.12317],
          [-126.48014, 41.14886],
          [-126.45185, 41.1539],
          [-126.42355, 41.15893],
          [-126.39525, 41.16395],
          [-126.36694, 41.16898],
          [-126.33863, 41.17399],
          [-126.31032, 41.17901],
          [-126.28201, 41.18401],
          [-126.24792, 41.16812],
          [-126.24705, 41.16771],
          [-126.21874, 41.17271],
          [-126.19042, 41.1777],
          [-126.1621, 41.18269],
          [-126.13378, 41.18767],
          [-126.10546, 41.19266],
          [-126.07713, 41.19763],
          [-126.04307, 41.18169],
          [-126.0422, 41.18128],
          [-126.01387, 41.18625],
          [-125.98554, 41.19121],
          [-125.95721, 41.19617],
          [-125.92887, 41.20112],
          [-125.90053, 41.20607],
          [-125.87219, 41.21101],
          [-125.84385, 41.21595],
          [-125.8155, 41.22089],
          [-125.78716, 41.22582],
          [-125.75313, 41.20983],
          [-125.75226, 41.20942],
          [-125.72391, 41.21434],
          [-125.69556, 41.21925],
          [-125.66155, 41.20324],
          [-125.66068, 41.20283],
          [-125.63233, 41.20774],
          [-125.63178, 41.20839],
          [-125.61049, 41.23397],
          [-125.58213, 41.23887],
          [-125.55376, 41.24376],
          [-125.52539, 41.24865],
          [-125.49702, 41.25353],
          [-125.46865, 41.25841],
          [-125.44027, 41.26328],
          [-125.4119, 41.26815],
          [-125.41135, 41.2688],
          [-125.38998, 41.29434],
          [-125.36159, 41.29921],
          [-125.3332, 41.30406],
          [-125.30481, 41.30891],
          [-125.30426, 41.30957],
          [-125.28286, 41.33509],
          [-125.25445, 41.33993],
          [-125.22605, 41.34477],
          [-125.2255, 41.34542],
          [-125.20407, 41.37093],
          [-125.17565, 41.37576],
          [-125.14723, 41.38058],
          [-125.14668, 41.38124],
          [-125.12523, 41.40673],
          [-125.09679, 41.41155],
          [-125.09624, 41.4122],
          [-125.07477, 41.43768],
          [-125.04632, 41.44249],
          [-125.04577, 41.44314],
          [-125.02428, 41.46862],
          [-124.99583, 41.47341],
          [-124.99527, 41.47407],
          [-124.97376, 41.49953],
          [-124.97321, 41.50018],
          [-124.95169, 41.52564],
          [-124.95114, 41.52629],
          [-124.92961, 41.55174],
          [-124.92905, 41.55239],
          [-124.90751, 41.57783],
          [-124.90696, 41.57849],
          [-124.8854, 41.60392],
          [-124.88485, 41.60457],
          [-124.86328, 41.63],
          [-124.86273, 41.63066],
          [-124.84115, 41.65608],
          [-124.8406, 41.65673],
          [-124.81901, 41.68215],
          [-124.79049, 41.68691],
          [-124.78993, 41.68756],
          [-124.76833, 41.71297],
          [-124.76777, 41.71362],
          [-124.74615, 41.73902],
          [-124.7456, 41.73967],
          [-124.72397, 41.76506],
          [-124.72342, 41.76572],
          [-124.70177, 41.7911],
          [-124.70122, 41.79175],
          [-124.67957, 41.81713],
          [-124.67901, 41.81779],
          [-124.65735, 41.84316],
          [-124.65679, 41.84381],
          [-124.63512, 41.86918],
          [-124.63456, 41.86983],
          [-124.61288, 41.89519],
          [-124.61232, 41.89584],
          [-124.59063, 41.9212],
          [-124.59007, 41.92185],
          [-124.59641, 41.94313],
          [-124.5747, 41.96847],
          [-124.57415, 41.96912],
          [-124.55242, 41.99446],
          [-124.55187, 41.99511],
          [-124.53013, 42.02045],
          [-124.52958, 42.0211],
          [-124.53592, 42.04237],
          [-124.51417, 42.06769],
          [-124.51361, 42.06834],
          [-124.49185, 42.09366],
          [-124.49129, 42.09431],
          [-124.46952, 42.11962],
          [-124.46897, 42.12027],
          [-124.44718, 42.14557],
          [-124.44663, 42.14622],
          [-124.45295, 42.16748],
          [-124.43116, 42.19278],
          [-124.4306, 42.19343],
          [-124.40879, 42.21872],
          [-124.40823, 42.21936],
          [-124.38642, 42.24465],
          [-124.38586, 42.2453],
          [-124.39218, 42.26654],
          [-124.37035, 42.29182],
          [-124.36979, 42.29247],
          [-124.37611, 42.31371],
          [-124.35426, 42.33897],
          [-124.3537, 42.33962],
          [-124.36002, 42.36086],
          [-124.33816, 42.38612],
          [-124.3376, 42.38676],
          [-124.34392, 42.40799],
          [-124.32205, 42.43324],
          [-124.32149, 42.43389],
          [-124.32781, 42.45511],
          [-124.30592, 42.48035],
          [-124.30536, 42.481],
          [-124.31168, 42.50222],
          [-124.28977, 42.52745],
          [-124.28921, 42.5281],
          [-124.2673, 42.55332],
          [-124.26673, 42.55397],
          [-124.27305, 42.57518],
          [-124.25112, 42.60039],
          [-124.25056, 42.60104],
          [-124.25687, 42.62225],
          [-124.23493, 42.64745],
          [-124.23437, 42.6481],
          [-124.21241, 42.6733],
          [-124.21185, 42.67394],
          [-124.21816, 42.69514],
          [-124.19619, 42.72033],
          [-124.19563, 42.72098],
          [-124.18787, 42.74443],
          [-124.17995, 42.76735],
          [-124.17939, 42.768],
          [-124.15739, 42.79317],
          [-124.15683, 42.79381],
          [-124.13482, 42.81898],
          [-124.13426, 42.81963],
          [-124.11224, 42.84479],
          [-124.11168, 42.84543],
          [-124.08965, 42.87058],
          [-124.06075, 42.8752],
          [-124.06018, 42.87584],
          [-124.03813, 42.90098],
          [-124.03756, 42.90163],
          [-124.0155, 42.92676],
          [-124.01494, 42.92741],
          [-123.99286, 42.95254],
          [-123.9923, 42.95318],
          [-123.97021, 42.9783],
          [-123.94128, 42.9829],
          [-123.94071, 42.98354],
          [-123.91861, 43.00865],
          [-123.91804, 43.0093],
          [-123.89592, 43.0344],
          [-123.89536, 43.03504],
          [-123.87323, 43.06014],
          [-123.87266, 43.06079],
          [-123.85052, 43.08588],
          [-123.84996, 43.08652],
          [-123.82781, 43.1116],
          [-123.82724, 43.11225],
          [-123.80508, 43.13733],
          [-123.80451, 43.13797],
          [-123.78233, 43.16304],
          [-123.78177, 43.16368],
          [-123.75958, 43.18875],
          [-123.75901, 43.18939],
          [-123.73682, 43.21445],
          [-123.73625, 43.21509],
          [-123.71404, 43.24014],
          [-123.71347, 43.24078],
          [-123.69125, 43.26583],
          [-123.66222, 43.27037],
          [-123.66165, 43.27101],
          [-123.63941, 43.29604],
          [-123.63884, 43.29668],
          [-123.61659, 43.32171],
          [-123.58753, 43.32624],
          [-123.58696, 43.32688],
          [-123.56469, 43.35189],
          [-123.53562, 43.35641],
          [-123.50656, 43.36092],
          [-123.50599, 43.36156],
          [-123.48369, 43.38656],
          [-123.45461, 43.39107],
          [-123.45404, 43.39171],
          [-123.43172, 43.4167],
          [-123.40263, 43.42119],
          [-123.37353, 43.42568],
          [-123.37296, 43.42632],
          [-123.35061, 43.4513],
          [-123.32151, 43.45578],
          [-123.32094, 43.45642],
          [-123.29857, 43.48138],
          [-123.29799, 43.48202],
          [-123.27561, 43.50698],
          [-123.24649, 43.51145],
          [-123.24592, 43.51209],
          [-123.22352, 43.53703],
          [-123.22294, 43.53767],
          [-123.20053, 43.56261],
          [-123.17139, 43.56706],
          [-123.17081, 43.5677],
          [-123.14838, 43.59263],
          [-123.14781, 43.59327],
          [-123.12536, 43.61819],
          [-123.0962, 43.62263],
          [-123.09562, 43.62327],
          [-123.07316, 43.64818],
          [-123.07258, 43.64882],
          [-123.05011, 43.67372],
          [-123.04953, 43.67436],
          [-123.02705, 43.69926],
          [-122.99785, 43.70368],
          [-122.99728, 43.70432],
          [-122.97477, 43.7292],
          [-122.97419, 43.72984],
          [-122.95168, 43.75472],
          [-122.92246, 43.75913],
          [-122.92189, 43.75977],
          [-122.89935, 43.78463],
          [-122.89877, 43.78527],
          [-122.87622, 43.81013],
          [-122.84699, 43.81453],
          [-122.84641, 43.81516],
          [-122.82384, 43.84001],
          [-122.79459, 43.8444],
          [-122.79402, 43.84504],
          [-122.77142, 43.86987],
          [-122.77085, 43.87051],
          [-122.74824, 43.89534],
          [-122.71898, 43.89972],
          [-122.7184, 43.90035],
          [-122.69578, 43.92517],
          [-122.6665, 43.92954],
          [-122.66592, 43.93017],
          [-122.64328, 43.95498],
          [-122.6427, 43.95562],
          [-122.62004, 43.98042],
          [-122.59075, 43.98477],
          [-122.59017, 43.98541],
          [-122.56749, 44.0102],
          [-122.56691, 44.01083],
          [-122.54422, 44.03562],
          [-122.54364, 44.03625],
          [-122.52094, 44.06103],
          [-122.52036, 44.06166],
          [-122.49765, 44.08643],
          [-122.49707, 44.08707],
          [-122.47435, 44.11183],
          [-122.47376, 44.11246],
          [-122.45103, 44.13722],
          [-122.42168, 44.14154],
          [-122.4211, 44.14217],
          [-122.39834, 44.16692],
          [-122.39776, 44.16755],
          [-122.37499, 44.19229],
          [-122.37441, 44.19292],
          [-122.35163, 44.21765],
          [-122.35105, 44.21829],
          [-122.32826, 44.24301],
          [-122.32767, 44.24364],
          [-122.30487, 44.26836],
          [-122.30428, 44.26899],
          [-122.28147, 44.2937],
          [-122.28089, 44.29433],
          [-122.25806, 44.31904],
          [-122.25747, 44.31967],
          [-122.23464, 44.34436],
          [-122.23405, 44.345],
          [-122.2112, 44.36969],
          [-122.21061, 44.37032],
          [-122.18775, 44.395],
          [-122.18717, 44.39563],
          [-122.16429, 44.42031],
          [-122.16371, 44.42094],
          [-122.14082, 44.4456],
          [-122.14023, 44.44624],
          [-122.11734, 44.4709],
          [-122.11675, 44.47153],
          [-122.09384, 44.49618],
          [-122.09325, 44.49681],
          [-122.09029, 44.5]
        ]
      }
    },
    {
      "type": "Feature",
      "id": "2026090312_f204_10000_001",
      "properties": {
        "product_id": "winter_storm_levels",
        "source_id": "nbm_snow_level",
        "parameter": "snow_level",
        "definition": "height of the wet-bulb 0.5 degree C surface",
        "level_ft_msl": 10000,
        "label": "10,000 ft MSL",
        "unit": "ft_msl",
        "cycle_time_utc": "2026-09-03T12:00:00Z",
        "valid_time_utc": "2026-09-12T00:00:00Z",
        "lead_hours": 204,
        "segment": 1,
        "length_m": 2605274.4
      },
      "geometry": {
        "type": "LineString",
        "coordinates": [
          [-130, 37.87287],
          [-129.99118, 37.87471],
          [-129.96393, 37.88038],
          [-129.93668, 37.88605],
          [-129.90943, 37.89172],
          [-129.88217, 37.89738],
          [-129.85491, 37.90304],
          [-129.82765, 37.90869],
          [-129.80039, 37.91434],
          [-129.77312, 37.91998],
          [-129.74585, 37.92562],
          [-129.71858, 37.93126],
          [-129.6913, 37.93689],
          [-129.66402, 37.94251],
          [-129.63392, 37.92861],
          [-129.62962, 37.92662],
          [-129.60234, 37.93224],
          [-129.57506, 37.93785],
          [-129.54777, 37.94346],
          [-129.52048, 37.94906],
          [-129.49039, 37.93513],
          [-129.4861, 37.93314],
          [-129.45881, 37.93873],
          [-129.43152, 37.94432],
          [-129.40144, 37.93037],
          [-129.39714, 37.92838],
          [-129.36985, 37.93396],
          [-129.34256, 37.93953],
          [-129.31249, 37.92557],
          [-129.3082, 37.92358],
          [-129.2809, 37.92914],
          [-129.25361, 37.9347],
          [-129.22355, 37.92072],
          [-129.21926, 37.91873],
          [-129.18922, 37.90474],
          [-129.18493, 37.90274],
          [-129.15763, 37.90829],
          [-129.1276, 37.89429],
          [-129.12331, 37.89229],
          [-129.09329, 37.87829],
          [-129.089, 37.87628],
          [-129.05899, 37.86227],
          [-129.05471, 37.86027],
          [-129.0247, 37.84625],
          [-129.02042, 37.84425],
          [-128.99313, 37.84977],
          [-128.96313, 37.83574],
          [-128.95885, 37.83374],
          [-128.92887, 37.8197],
          [-128.92458, 37.81769],
          [-128.89461, 37.80365],
          [-128.89033, 37.80164],
          [-128.86036, 37.78759],
          [-128.85608, 37.78559],
          [-128.82613, 37.77153],
          [-128.81918, 37.74996],
          [-128.8149, 37.74795],
          [-128.78496, 37.73389],
          [-128.78068, 37.73188],
          [-128.75075, 37.7178],
          [-128.74647, 37.71579],
          [-128.7192, 37.72127],
          [-128.68928, 37.70719],
          [-128.68236, 37.68561],
          [-128.67809, 37.6836],
          [-128.64819, 37.6695],
          [-128.64391, 37.66749],
          [-128.61402, 37.65339],
          [-128.60975, 37.65137],
          [-128.57986, 37.63727],
          [-128.57559, 37.63525],
          [-128.54572, 37.62113],
          [-128.54145, 37.61912],
          [-128.51419, 37.62457],
          [-128.48432, 37.61044],
          [-128.48006, 37.60842],
          [-128.4528, 37.61386],
          [-128.42294, 37.59973],
          [-128.41868, 37.59771],
          [-128.39142, 37.60314],
          [-128.36158, 37.58899],
          [-128.35731, 37.58697],
          [-128.33006, 37.59239],
          [-128.30022, 37.57823],
          [-128.29596, 37.57621],
          [-128.2687, 37.58162],
          [-128.23888, 37.56745],
          [-128.23462, 37.56542],
          [-128.20736, 37.57082],
          [-128.1801, 37.57622],
          [-128.15283, 37.58162],
          [-128.12303, 37.56742],
          [-128.11877, 37.5654],
          [-128.0915, 37.57078],
          [-128.06424, 37.57616],
          [-128.03697, 37.58154],
          [-128.00969, 37.58691],
          [-127.98242, 37.59227],
          [-127.95514, 37.59764],
          [-127.92786, 37.60299],
          [-127.90057, 37.60835],
          [-127.87329, 37.6137],
          [-127.87072, 37.61707],
          [-127.85274, 37.64066],
          [-127.82545, 37.646],
          [-127.79815, 37.65133],
          [-127.77084, 37.65667],
          [-127.74354, 37.66199],
          [-127.71623, 37.66731],
          [-127.68892, 37.67263],
          [-127.6616, 37.67795],
          [-127.65903, 37.68131],
          [-127.64099, 37.70487],
          [-127.61367, 37.71018],
          [-127.58634, 37.71548],
          [-127.55901, 37.72078],
          [-127.53168, 37.72607],
          [-127.50435, 37.73136],
          [-127.47701, 37.73664],
          [-127.44967, 37.74192],
          [-127.42233, 37.74719],
          [-127.39498, 37.75246],
          [-127.36763, 37.75773],
          [-127.36504, 37.76109],
          [-127.34693, 37.78461],
          [-127.31957, 37.78987],
          [-127.29221, 37.79512],
          [-127.26485, 37.80037],
          [-127.23748, 37.80561],
          [-127.20773, 37.79127],
          [-127.20348, 37.78922],
          [-127.20089, 37.79258],
          [-127.18274, 37.81608],
          [-127.15299, 37.80173],
          [-127.14875, 37.79968],
          [-127.12137, 37.80491],
          [-127.094, 37.81013],
          [-127.06662, 37.81535],
          [-127.03924, 37.82056],
          [-127.01186, 37.82576],
          [-126.98447, 37.83097],
          [-126.95708, 37.83616],
          [-126.92736, 37.82178],
          [-126.92312, 37.81972],
          [-126.89573, 37.82491],
          [-126.86834, 37.8301],
          [-126.84094, 37.83527],
          [-126.81124, 37.82087],
          [-126.8047, 37.79923],
          [-126.80045, 37.79717],
          [-126.77077, 37.78276],
          [-126.76423, 37.76111],
          [-126.7577, 37.73947],
          [-126.75346, 37.73741],
          [-126.7238, 37.72298],
          [-126.71956, 37.72092],
          [-126.69218, 37.72608],
          [-126.66481, 37.73123],
          [-126.63743, 37.73638],
          [-126.61005, 37.74152],
          [-126.58267, 37.74666],
          [-126.55528, 37.7518],
          [-126.55267, 37.75515],
          [-126.53438, 37.77858],
          [-126.50698, 37.78371],
          [-126.47958, 37.78883],
          [-126.45218, 37.79395],
          [-126.44956, 37.7973],
          [-126.43125, 37.82072],
          [-126.40383, 37.82583],
          [-126.37642, 37.83093],
          [-126.3738, 37.83428],
          [-126.35546, 37.85769],
          [-126.32803, 37.86279],
          [-126.3006, 37.86788],
          [-126.27317, 37.87297],
          [-126.24574, 37.87805],
          [-126.2161, 37.86354],
          [-126.21187, 37.86147],
          [-126.18444, 37.86654],
          [-126.157, 37.87161],
          [-126.12956, 37.87668],
          [-126.09995, 37.86215],
          [-126.09572, 37.86008],
          [-126.06828, 37.86513],
          [-126.03867, 37.8506],
          [-126.03444, 37.84852],
          [-126.007, 37.85357],
          [-125.97956, 37.85861],
          [-125.94997, 37.84405],
          [-125.94574, 37.84198],
          [-125.9183, 37.84701],
          [-125.88872, 37.83244],
          [-125.8845, 37.83036],
          [-125.85492, 37.81579],
          [-125.8507, 37.81371],
          [-125.82114, 37.79913],
          [-125.81691, 37.79705],
          [-125.78736, 37.78247],
          [-125.78102, 37.76078],
          [-125.7768, 37.7587],
          [-125.74727, 37.74411],
          [-125.74094, 37.72242],
          [-125.73672, 37.72034],
          [-125.7072, 37.70573],
          [-125.70088, 37.68404],
          [-125.69667, 37.68195],
          [-125.66716, 37.66734],
          [-125.66085, 37.64565],
          [-125.65455, 37.62395],
          [-125.64825, 37.60225],
          [-125.64404, 37.60016],
          [-125.61456, 37.58553],
          [-125.61035, 37.58344],
          [-125.58089, 37.56881],
          [-125.5746, 37.5471],
          [-125.57039, 37.54501],
          [-125.54094, 37.53037],
          [-125.53467, 37.50865],
          [-125.5284, 37.48694],
          [-125.5242, 37.48485],
          [-125.49477, 37.47019],
          [-125.49056, 37.4681],
          [-125.46115, 37.45344],
          [-125.45694, 37.45134],
          [-125.42753, 37.43668],
          [-125.42129, 37.41495],
          [-125.41709, 37.41286],
          [-125.3877, 37.39818],
          [-125.38146, 37.37645],
          [-125.37523, 37.35472],
          [-125.369, 37.33298],
          [-125.36481, 37.33088],
          [-125.33544, 37.31619],
          [-125.33125, 37.31409],
          [-125.30189, 37.2994],
          [-125.2977, 37.2973],
          [-125.26835, 37.28259],
          [-125.26215, 37.26085],
          [-125.25595, 37.2391],
          [-125.25176, 37.237],
          [-125.22244, 37.22229],
          [-125.21625, 37.20053],
          [-125.21006, 37.17878],
          [-125.20387, 37.15702],
          [-125.19769, 37.13526],
          [-125.19151, 37.1135],
          [-125.18533, 37.09174],
          [-125.17915, 37.06998],
          [-125.17298, 37.04821],
          [-125.16681, 37.02644],
          [-125.16064, 37.00467],
          [-125.15447, 36.9829],
          [-125.1503, 36.98079],
          [-125.12106, 36.96604],
          [-125.11688, 36.96393],
          [-125.08962, 36.96885],
          [-125.06039, 36.95409],
          [-125.05622, 36.95198],
          [-125.02896, 36.95689],
          [-125.0017, 36.96179],
          [-124.99906, 36.96513],
          [-124.98057, 36.98847],
          [-124.9533, 36.99337],
          [-124.95066, 36.9967],
          [-124.93215, 37.02004],
          [-124.92951, 37.02337],
          [-124.91099, 37.0467],
          [-124.88371, 37.05158],
          [-124.88106, 37.05492],
          [-124.86253, 37.07824],
          [-124.85988, 37.08157],
          [-124.84134, 37.10489],
          [-124.83869, 37.10822],
          [-124.82014, 37.13153],
          [-124.81749, 37.13486],
          [-124.79893, 37.15817],
          [-124.79628, 37.1615],
          [-124.77771, 37.1848],
          [-124.77506, 37.18813],
          [-124.75648, 37.21143],
          [-124.72914, 37.21629],
          [-124.72649, 37.21961],
          [-124.70789, 37.2429],
          [-124.70524, 37.24623],
          [-124.68663, 37.26952],
          [-124.65928, 37.27436],
          [-124.65662, 37.27769],
          [-124.638, 37.30096],
          [-124.61064, 37.3058],
          [-124.60798, 37.30912],
          [-124.58934, 37.33239],
          [-124.58668, 37.33571],
          [-124.56804, 37.35898],
          [-124.54066, 37.3638],
          [-124.53799, 37.36712],
          [-124.51933, 37.39038],
          [-124.51667, 37.3937],
          [-124.498, 37.41695],
          [-124.49533, 37.42027],
          [-124.47665, 37.44352],
          [-124.47398, 37.44684],
          [-124.45529, 37.47008],
          [-124.42788, 37.47488],
          [-124.42521, 37.4782],
          [-124.40651, 37.50144],
          [-124.40383, 37.50476],
          [-124.38512, 37.52798],
          [-124.38245, 37.5313],
          [-124.36373, 37.55453],
          [-124.36105, 37.55784],
          [-124.34232, 37.58106],
          [-124.31487, 37.58584],
          [-124.31219, 37.58916],
          [-124.29345, 37.61237],
          [-124.26599, 37.61714],
          [-124.26331, 37.62046],
          [-124.24455, 37.64366],
          [-124.21708, 37.64842],
          [-124.2144, 37.65173],
          [-124.19562, 37.67493],
          [-124.16814, 37.67968],
          [-124.16545, 37.683],
          [-124.14666, 37.70618],
          [-124.11917, 37.71093],
          [-124.11648, 37.71424],
          [-124.09767, 37.73742],
          [-124.07017, 37.74215],
          [-124.04267, 37.74689],
          [-124.03998, 37.7502],
          [-124.02115, 37.77336],
          [-123.99364, 37.77809],
          [-123.96613, 37.78281],
          [-123.93861, 37.78752],
          [-123.90932, 37.77262],
          [-123.90336, 37.75087],
          [-123.89918, 37.74874],
          [-123.8699, 37.73382],
          [-123.86396, 37.71207],
          [-123.85801, 37.69031],
          [-123.85035, 37.66884],
          [-123.84441, 37.64708],
          [-123.83848, 37.62532],
          [-123.83602, 37.62289],
          [-123.82281, 37.60522],
          [-123.81688, 37.58345],
          [-123.81095, 37.56168],
          [-123.80503, 37.53991],
          [-123.79911, 37.51813],
          [-123.80193, 37.49771],
          [-123.80291, 37.49469],
          [-123.79699, 37.47291],
          [-123.79965, 37.44967],
          [-123.79373, 37.42788],
          [-123.79296, 37.40522],
          [-123.78705, 37.38343],
          [-123.78114, 37.36164],
          [-123.78796, 37.34052],
          [-123.78893, 37.3375],
          [-123.78302, 37.31571],
          [-123.79082, 37.29156],
          [-123.79763, 37.27044],
          [-123.79861, 37.26742],
          [-123.7927, 37.24562],
          [-123.78851, 37.22352],
          [-123.79458, 37.19966],
          [-123.80139, 37.17853],
          [-123.80236, 37.17551],
          [-123.81014, 37.15135],
          [-123.81695, 37.13021],
          [-123.81963, 37.12689],
          [-123.82569, 37.10302],
          [-123.83249, 37.08188],
          [-123.83517, 37.07856],
          [-123.85392, 37.05535],
          [-123.8566, 37.05204],
          [-123.85069, 37.03022],
          [-123.86943, 37.007],
          [-123.87211, 37.00369],
          [-123.89084, 36.98047],
          [-123.89352, 36.97715],
          [-123.91224, 36.95392],
          [-123.91491, 36.9506],
          [-123.92094, 36.92671],
          [-123.92771, 36.90555],
          [-123.93038, 36.90223],
          [-123.94909, 36.87899],
          [-123.95176, 36.87567],
          [-123.97045, 36.85243],
          [-123.97312, 36.84911],
          [-123.9918, 36.82587],
          [-123.99447, 36.82254],
          [-124.01315, 36.79929],
          [-124.01581, 36.79597],
          [-124.03448, 36.77272],
          [-124.03715, 36.76939],
          [-124.0558, 36.74613],
          [-124.05847, 36.74281],
          [-124.07711, 36.71955],
          [-124.07978, 36.71622],
          [-124.09841, 36.69295],
          [-124.10108, 36.68963],
          [-124.11971, 36.66635],
          [-124.12237, 36.66303],
          [-124.14099, 36.63975],
          [-124.14365, 36.63642],
          [-124.1377, 36.61458],
          [-124.15631, 36.5913],
          [-124.15897, 36.58797],
          [-124.17757, 36.56468],
          [-124.18023, 36.56135],
          [-124.19882, 36.53806],
          [-124.20147, 36.53473],
          [-124.22005, 36.51143],
          [-124.22271, 36.5081],
          [-124.24128, 36.4848],
          [-124.24393, 36.48147],
          [-124.26249, 36.45816],
          [-124.26514, 36.45483],
          [-124.2837, 36.43152],
          [-124.31086, 36.42672],
          [-124.3135, 36.42339],
          [-124.33204, 36.40007],
          [-124.33469, 36.39674],
          [-124.35322, 36.37341],
          [-124.38036, 36.3686],
          [-124.383, 36.36527],
          [-124.40152, 36.34193],
          [-124.42865, 36.33712],
          [-124.43129, 36.33378],
          [-124.44979, 36.31044],
          [-124.47691, 36.30561],
          [-124.47955, 36.30228],
          [-124.49803, 36.27893],
          [-124.52514, 36.27409],
          [-124.55225, 36.26926],
          [-124.55489, 36.26592],
          [-124.57335, 36.24256],
          [-124.60045, 36.23771],
          [-124.62754, 36.23286],
          [-124.65464, 36.228],
          [-124.68173, 36.22314],
          [-124.70881, 36.21828],
          [-124.7359, 36.21341],
          [-124.76298, 36.20854],
          [-124.79007, 36.20366],
          [-124.81714, 36.19878],
          [-124.84422, 36.19389],
          [-124.8713, 36.189],
          [-124.89837, 36.1841],
          [-124.92544, 36.1792],
          [-124.92806, 36.17586],
          [-124.94642, 36.15245],
          [-124.94905, 36.1491],
          [-124.9674, 36.12569],
          [-124.99446, 36.12078],
          [-124.99708, 36.11743],
          [-125.01542, 36.09401],
          [-125.04246, 36.08909],
          [-125.04508, 36.08574],
          [-125.0634, 36.06231],
          [-125.09043, 36.05738],
          [-125.11746, 36.05245],
          [-125.12008, 36.0491],
          [-125.13838, 36.02566],
          [-125.14099, 36.02231],
          [-125.13489, 36.00045],
          [-125.13075, 35.99834],
          [-125.10373, 36.00328],
          [-125.07671, 36.00821],
          [-125.04774, 35.9934],
          [-125.04361, 35.99128],
          [-125.01464, 35.97646],
          [-125.01051, 35.97434],
          [-124.98156, 35.95951],
          [-124.97742, 35.9574],
          [-124.94848, 35.94256],
          [-124.94434, 35.94044],
          [-124.91541, 35.9256],
          [-124.91128, 35.92348],
          [-124.88235, 35.90863],
          [-124.87822, 35.90651],
          [-124.8756, 35.90986],
          [-124.85726, 35.93328],
          [-124.85464, 35.93663],
          [-124.83629, 35.96005],
          [-124.80927, 35.96494],
          [-124.80665, 35.96828],
          [-124.81269, 35.99015],
          [-124.79432, 36.01356],
          [-124.7917, 36.0169],
          [-124.77332, 36.04031],
          [-124.74628, 36.04518],
          [-124.74365, 36.04853],
          [-124.72526, 36.07192],
          [-124.69821, 36.07679],
          [-124.69558, 36.08013],
          [-124.70161, 36.102],
          [-124.6832, 36.12539],
          [-124.68057, 36.12873],
          [-124.66215, 36.15211],
          [-124.65952, 36.15545],
          [-124.66554, 36.17731],
          [-124.64711, 36.20068],
          [-124.64448, 36.20402],
          [-124.62604, 36.2274],
          [-124.59894, 36.23225],
          [-124.56998, 36.21736],
          [-124.56398, 36.1955],
          [-124.55797, 36.17364],
          [-124.55198, 36.15178],
          [-124.54598, 36.12991],
          [-124.54185, 36.12779],
          [-124.51477, 36.13263],
          [-124.4877, 36.13746],
          [-124.46062, 36.14229],
          [-124.45798, 36.14563],
          [-124.43951, 36.16898],
          [-124.43687, 36.17232],
          [-124.4184, 36.19567],
          [-124.3913, 36.20049],
          [-124.38866, 36.20383],
          [-124.37017, 36.22717],
          [-124.34123, 36.21225],
          [-124.3371, 36.21012],
          [-124.30818, 36.19518],
          [-124.30405, 36.19305],
          [-124.27513, 36.17811],
          [-124.271, 36.17598],
          [-124.2421, 36.16104],
          [-124.23797, 36.1589],
          [-124.21087, 36.16369],
          [-124.18198, 36.14874],
          [-124.17606, 36.12686],
          [-124.19458, 36.10353],
          [-124.22166, 36.09874],
          [-124.2243, 36.0954],
          [-124.2428, 36.07207],
          [-124.26987, 36.06727],
          [-124.29694, 36.06247],
          [-124.29958, 36.05913],
          [-124.31806, 36.03578],
          [-124.34512, 36.03097],
          [-124.34776, 36.02764],
          [-124.36622, 36.00428],
          [-124.39327, 35.99946],
          [-124.3959, 35.99612],
          [-124.41435, 35.97276],
          [-124.41699, 35.96942],
          [-124.43543, 35.94605],
          [-124.43806, 35.94271],
          [-124.45649, 35.91933],
          [-124.48351, 35.9145],
          [-124.48615, 35.91116],
          [-124.50456, 35.88777],
          [-124.53157, 35.88293],
          [-124.5342, 35.87959],
          [-124.5526, 35.8562],
          [-124.55523, 35.85286],
          [-124.57362, 35.82946],
          [-124.57625, 35.82612],
          [-124.57026, 35.80423],
          [-124.56428, 35.78234],
          [-124.58266, 35.75894],
          [-124.58528, 35.75559],
          [-124.5793, 35.7337],
          [-124.59767, 35.71029],
          [-124.60029, 35.70694],
          [-124.61865, 35.68353],
          [-124.62127, 35.68019],
          [-124.61528, 35.65829],
          [-124.63363, 35.63487],
          [-124.63625, 35.63152],
          [-124.65459, 35.6081],
          [-124.6572, 35.60475],
          [-124.65309, 35.60263],
          [-124.62428, 35.58772],
          [-124.6183, 35.56581],
          [-124.61419, 35.56368],
          [-124.5854, 35.54876],
          [-124.57943, 35.52685],
          [-124.57532, 35.52472],
          [-124.54654, 35.5098],
          [-124.54058, 35.48788],
          [-124.53647, 35.48575],
          [-124.50771, 35.47082],
          [-124.5036, 35.46868],
          [-124.47485, 35.45374],
          [-124.46891, 35.43182],
          [-124.4648, 35.42969],
          [-124.43607, 35.41474],
          [-124.43196, 35.4126],
          [-124.40506, 35.41743],
          [-124.37633, 35.40247],
          [-124.37223, 35.40034],
          [-124.34533, 35.40516],
          [-124.31842, 35.40998],
          [-124.29152, 35.4148],
          [-124.26461, 35.41961],
          [-124.2377, 35.42441],
          [-124.21078, 35.42922],
          [-124.18386, 35.43401],
          [-124.15695, 35.43881],
          [-124.15432, 35.44215],
          [-124.1359, 35.46553],
          [-124.10897, 35.47031],
          [-124.10634, 35.47365],
          [-124.08791, 35.49702],
          [-124.06097, 35.5018],
          [-124.03403, 35.50657],
          [-124.0314, 35.50991],
          [-124.01294, 35.53327],
          [-123.98599, 35.53804],
          [-123.95904, 35.5428],
          [-123.93209, 35.54755],
          [-123.90513, 35.5523],
          [-123.90249, 35.55564],
          [-123.884, 35.57898],
          [-123.85703, 35.58372],
          [-123.85439, 35.58706],
          [-123.86022, 35.60899],
          [-123.84172, 35.63232],
          [-123.81473, 35.63706],
          [-123.81209, 35.64039],
          [-123.79357, 35.66372],
          [-123.79092, 35.66705],
          [-123.79674, 35.68898],
          [-123.77821, 35.7123],
          [-123.77556, 35.71563],
          [-123.78138, 35.73756],
          [-123.78721, 35.75948],
          [-123.79131, 35.76163],
          [-123.82005, 35.77667],
          [-123.80151, 35.79999],
          [-123.79886, 35.80332],
          [-123.80469, 35.82523],
          [-123.81052, 35.84715],
          [-123.81635, 35.86906],
          [-123.82046, 35.87121],
          [-123.84924, 35.88624],
          [-123.85508, 35.90815],
          [-123.85919, 35.9103],
          [-123.88798, 35.92532],
          [-123.89383, 35.94722],
          [-123.89795, 35.94937],
          [-123.92675, 35.96438],
          [-123.93261, 35.98628],
          [-123.91406, 36.0096],
          [-123.91141, 36.01293],
          [-123.91727, 36.03482],
          [-123.92139, 36.03697],
          [-123.95022, 36.05197],
          [-123.95609, 36.07386],
          [-123.96197, 36.09576],
          [-123.96609, 36.0979],
          [-123.99494, 36.11289],
          [-124.00082, 36.13478],
          [-124.00671, 36.15666],
          [-123.98815, 36.17997],
          [-123.98549, 36.1833],
          [-123.96692, 36.2066],
          [-123.9398, 36.21134],
          [-123.93714, 36.21467],
          [-123.91855, 36.23797],
          [-123.89143, 36.2427],
          [-123.86429, 36.24744],
          [-123.86164, 36.25076],
          [-123.84302, 36.27404],
          [-123.81588, 36.27877],
          [-123.78874, 36.28349],
          [-123.7616, 36.2882],
          [-123.73445, 36.29291],
          [-123.70559, 36.27788],
          [-123.70146, 36.27574],
          [-123.67432, 36.28044],
          [-123.64717, 36.28513],
          [-123.62002, 36.28983],
          [-123.59286, 36.29451],
          [-123.59019, 36.29784],
          [-123.57152, 36.32108],
          [-123.54435, 36.32576],
          [-123.51719, 36.33044],
          [-123.51452, 36.33376],
          [-123.49581, 36.35699],
          [-123.46864, 36.36166],
          [-123.44146, 36.36632],
          [-123.43879, 36.36964],
          [-123.42006, 36.39287],
          [-123.39287, 36.39752],
          [-123.36568, 36.40217],
          [-123.33849, 36.40681],
          [-123.33581, 36.41013],
          [-123.31706, 36.43334],
          [-123.31438, 36.43666],
          [-123.29562, 36.45986],
          [-123.26841, 36.46449],
          [-123.26573, 36.46781],
          [-123.24695, 36.49101],
          [-123.24427, 36.49432],
          [-123.22548, 36.51751],
          [-123.2228, 36.52082],
          [-123.204, 36.54401],
          [-123.20132, 36.54732],
          [-123.18251, 36.57051],
          [-123.15527, 36.57512],
          [-123.15258, 36.57843],
          [-123.13376, 36.60161],
          [-123.10651, 36.60621],
          [-123.10382, 36.60952],
          [-123.08498, 36.63269],
          [-123.08229, 36.636],
          [-123.06345, 36.65916],
          [-123.03618, 36.66375],
          [-123.03348, 36.66706],
          [-123.01462, 36.69021],
          [-123.01193, 36.69352],
          [-122.99306, 36.71667],
          [-122.99036, 36.71998],
          [-122.97148, 36.74312],
          [-122.96878, 36.74643],
          [-122.9499, 36.76957],
          [-122.9472, 36.77287],
          [-122.9283, 36.79601],
          [-122.9256, 36.79931],
          [-122.90669, 36.82244],
          [-122.90399, 36.82574],
          [-122.88507, 36.84887],
          [-122.88237, 36.85217],
          [-122.86344, 36.87529],
          [-122.86074, 36.8786],
          [-122.84181, 36.90171],
          [-122.8391, 36.90501],
          [-122.82016, 36.92813],
          [-122.81745, 36.93143],
          [-122.7985, 36.95453],
          [-122.79579, 36.95783],
          [-122.77683, 36.98094],
          [-122.77412, 36.98424],
          [-122.75515, 37.00733],
          [-122.75243, 37.01063],
          [-122.75812, 37.03249],
          [-122.73913, 37.05558],
          [-122.73642, 37.05887],
          [-122.71743, 37.08196],
          [-122.71472, 37.08526],
          [-122.72039, 37.10711],
          [-122.70139, 37.13019],
          [-122.69867, 37.13348],
          [-122.70435, 37.15533],
          [-122.71004, 37.17717],
          [-122.69102, 37.20025],
          [-122.6883, 37.20354],
          [-122.69398, 37.22538],
          [-122.67495, 37.24845],
          [-122.67223, 37.25174],
          [-122.67791, 37.27358],
          [-122.68359, 37.29541],
          [-122.66455, 37.31847],
          [-122.66182, 37.32176],
          [-122.66751, 37.34359],
          [-122.67319, 37.36542],
          [-122.65413, 37.38847],
          [-122.65141, 37.39177],
          [-122.65709, 37.41359],
          [-122.66277, 37.43541],
          [-122.6437, 37.45846],
          [-122.64097, 37.46175],
          [-122.64666, 37.48357],
          [-122.65235, 37.50538],
          [-122.65803, 37.5272],
          [-122.63894, 37.55023],
          [-122.63621, 37.55352],
          [-122.61711, 37.57655],
          [-122.61438, 37.57984],
          [-122.62007, 37.60165],
          [-122.62576, 37.62346],
          [-122.63145, 37.64526],
          [-122.63714, 37.66706],
          [-122.61802, 37.69008],
          [-122.61529, 37.69337],
          [-122.62098, 37.71517],
          [-122.60184, 37.73818],
          [-122.59911, 37.74147],
          [-122.6048, 37.76326],
          [-122.58566, 37.78627],
          [-122.58292, 37.78955],
          [-122.58861, 37.81134],
          [-122.5943, 37.83313],
          [-122.57514, 37.85613],
          [-122.5724, 37.85941],
          [-122.5781, 37.8812],
          [-122.55892, 37.90419],
          [-122.55618, 37.90747],
          [-122.56188, 37.92926],
          [-122.54269, 37.95224],
          [-122.53995, 37.95552],
          [-122.54564, 37.9773],
          [-122.55133, 37.99908],
          [-122.5555, 38.00124],
          [-122.58466, 38.01636],
          [-122.59037, 38.03813],
          [-122.59607, 38.0599],
          [-122.60178, 38.08166],
          [-122.60595, 38.08382],
          [-122.63514, 38.09893],
          [-122.64086, 38.12069],
          [-122.64503, 38.12285],
          [-122.67424, 38.13795],
          [-122.67842, 38.1401],
          [-122.70764, 38.1552],
          [-122.71181, 38.15735],
          [-122.73948, 38.15284],
          [-122.76871, 38.16792],
          [-122.77446, 38.18967],
          [-122.77863, 38.19183],
          [-122.80788, 38.2069],
          [-122.81206, 38.20905],
          [-122.84132, 38.22412],
          [-122.84709, 38.24586],
          [-122.85127, 38.24801],
          [-122.87895, 38.24348],
          [-122.90823, 38.25853],
          [-122.91241, 38.26068],
          [-122.9417, 38.27572],
          [-122.94588, 38.27787],
          [-122.97518, 38.29291],
          [-122.97936, 38.29506],
          [-123.00867, 38.31009],
          [-123.01285, 38.31224],
          [-123.04055, 38.30768],
          [-123.06986, 38.3227],
          [-123.07568, 38.34442],
          [-123.07987, 38.34657],
          [-123.10921, 38.36158],
          [-123.11503, 38.3833],
          [-123.12086, 38.40502],
          [-123.1267, 38.42673],
          [-123.13253, 38.44845],
          [-123.13837, 38.47016],
          [-123.14421, 38.49187],
          [-123.15005, 38.51357],
          [-123.13089, 38.53656],
          [-123.12815, 38.53985],
          [-123.134, 38.56155],
          [-123.11482, 38.58453],
          [-123.11208, 38.58782],
          [-123.11792, 38.60951],
          [-123.12377, 38.63121],
          [-123.12961, 38.6529],
          [-123.11042, 38.67588],
          [-123.10768, 38.67916],
          [-123.11352, 38.70085],
          [-123.11937, 38.72254],
          [-123.12522, 38.74422],
          [-123.10601, 38.76718],
          [-123.10327, 38.77046],
          [-123.10912, 38.79214],
          [-123.11497, 38.81382],
          [-123.12082, 38.8355],
          [-123.12668, 38.85717],
          [-123.13254, 38.87884],
          [-123.1384, 38.90051],
          [-123.14427, 38.92218],
          [-123.15013, 38.94384],
          [-123.156, 38.9655],
          [-123.16187, 38.98716],
          [-123.16775, 39.00882],
          [-123.17197, 39.01096],
          [-123.2015, 39.02591],
          [-123.20738, 39.04756],
          [-123.21327, 39.06921],
          [-123.21916, 39.09085],
          [-123.22505, 39.1125],
          [-123.22927, 39.11463],
          [-123.25884, 39.12957],
          [-123.26474, 39.1512],
          [-123.27065, 39.17284],
          [-123.27655, 39.19448],
          [-123.28246, 39.21611],
          [-123.28837, 39.23774],
          [-123.29429, 39.25936],
          [-123.3002, 39.28099],
          [-123.30612, 39.30261],
          [-123.28685, 39.32554],
          [-123.2841, 39.32881],
          [-123.29001, 39.35043],
          [-123.27073, 39.37335],
          [-123.26797, 39.37662],
          [-123.26165, 39.40023],
          [-123.25459, 39.42114],
          [-123.25184, 39.42442],
          [-123.24551, 39.44802],
          [-123.23844, 39.46893],
          [-123.23743, 39.47191],
          [-123.2416, 39.4938],
          [-123.24752, 39.51541],
          [-123.25344, 39.53701],
          [-123.25936, 39.5586],
          [-123.26529, 39.5802],
          [-123.27122, 39.60179],
          [-123.25188, 39.62468],
          [-123.24912, 39.62795],
          [-123.25505, 39.64954],
          [-123.26098, 39.67112],
          [-123.26691, 39.6927],
          [-123.27285, 39.71429],
          [-123.27878, 39.73586],
          [-123.28472, 39.75744],
          [-123.29067, 39.77901],
          [-123.29661, 39.80058],
          [-123.30256, 39.82215],
          [-123.30851, 39.84372],
          [-123.30217, 39.86728],
          [-123.29509, 39.88814],
          [-123.29408, 39.89112],
          [-123.29827, 39.91297],
          [-123.30423, 39.93452],
          [-123.31018, 39.95608],
          [-123.30384, 39.97962],
          [-123.3098, 40.00117],
          [-123.30271, 40.02202],
          [-123.30169, 40.025],
          [-123.30765, 40.04654],
          [-123.31186, 40.06837],
          [-123.31782, 40.08991],
          [-123.32379, 40.11145],
          [-123.32976, 40.13298],
          [-123.33574, 40.15451],
          [-123.32939, 40.17804],
          [-123.33536, 40.19956],
          [-123.34134, 40.22109],
          [-123.34732, 40.24261],
          [-123.35331, 40.26413],
          [-123.35929, 40.28564],
          [-123.36528, 40.30716],
          [-123.35818, 40.32798],
          [-123.35716, 40.33095],
          [-123.36315, 40.35246],
          [-123.36738, 40.37425],
          [-123.37338, 40.39575],
          [-123.37938, 40.41725],
          [-123.38538, 40.43875],
          [-123.37902, 40.46224],
          [-123.37191, 40.48305],
          [-123.36913, 40.48631],
          [-123.37513, 40.5078],
          [-123.38113, 40.52928],
          [-123.36165, 40.55208],
          [-123.35887, 40.55533],
          [-123.36487, 40.57682],
          [-123.37088, 40.5983],
          [-123.35138, 40.62108],
          [-123.34859, 40.62433],
          [-123.3546, 40.64581],
          [-123.3606, 40.66728],
          [-123.36662, 40.68875],
          [-123.3471, 40.71153],
          [-123.34431, 40.71478],
          [-123.35032, 40.73624],
          [-123.35633, 40.75771],
          [-123.36235, 40.77917],
          [-123.36836, 40.80063],
          [-123.36198, 40.82407],
          [-123.35484, 40.84484],
          [-123.35382, 40.8478],
          [-123.35984, 40.86925],
          [-123.36409, 40.89099],
          [-123.37012, 40.91243],
          [-123.37614, 40.93387],
          [-123.38217, 40.95531],
          [-123.37578, 40.97874],
          [-123.36864, 40.99949],
          [-123.36762, 41.00245],
          [-123.37187, 41.02417],
          [-123.37791, 41.0456],
          [-123.38395, 41.06703],
          [-123.36436, 41.08975],
          [-123.36156, 41.093],
          [-123.3676, 41.11442],
          [-123.348, 41.13714],
          [-123.3452, 41.14039],
          [-123.35123, 41.1618],
          [-123.35727, 41.18322],
          [-123.33766, 41.20593],
          [-123.33485, 41.20917],
          [-123.34089, 41.23058],
          [-123.34693, 41.25199],
          [-123.35297, 41.27339],
          [-123.35902, 41.29479],
          [-123.36506, 41.31619],
          [-123.36938, 41.3183],
          [-123.39787, 41.31375],
          [-123.4281, 41.32849],
          [-123.43416, 41.34988],
          [-123.41453, 41.37258],
          [-123.41173, 41.37582],
          [-123.41779, 41.39721],
          [-123.39815, 41.4199],
          [-123.39534, 41.42314],
          [-123.4014, 41.44452],
          [-123.38175, 41.4672],
          [-123.37894, 41.47044],
          [-123.385, 41.49182],
          [-123.36533, 41.5145],
          [-123.36252, 41.51773],
          [-123.36859, 41.53911],
          [-123.3489, 41.56177],
          [-123.34609, 41.56501],
          [-123.35215, 41.58638],
          [-123.33246, 41.60904],
          [-123.32964, 41.61227],
          [-123.30994, 41.63493],
          [-123.30713, 41.63816],
          [-123.31318, 41.65952],
          [-123.29347, 41.68217],
          [-123.29065, 41.6854],
          [-123.27092, 41.70804],
          [-123.2681, 41.71128],
          [-123.24837, 41.73391],
          [-123.24555, 41.73714],
          [-123.2258, 41.75977],
          [-123.22298, 41.763],
          [-123.20322, 41.78563],
          [-123.2004, 41.78886],
          [-123.18063, 41.81147],
          [-123.1778, 41.8147],
          [-123.15803, 41.83732],
          [-123.1552, 41.84055],
          [-123.13541, 41.86315],
          [-123.13259, 41.86638],
          [-123.13862, 41.88772],
          [-123.11882, 41.91031],
          [-123.11599, 41.91354],
          [-123.09618, 41.93613],
          [-123.09335, 41.93936],
          [-123.09938, 41.96069],
          [-123.07956, 41.98327],
          [-123.07672, 41.9865],
          [-123.05689, 42.00908],
          [-123.02819, 42.01355],
          [-123.02536, 42.01678],
          [-123.0055, 42.03934],
          [-123.00267, 42.04257],
          [-122.98281, 42.06513],
          [-122.97997, 42.06835],
          [-122.9601, 42.09091],
          [-122.93137, 42.09537],
          [-122.92853, 42.09859],
          [-122.90864, 42.12113],
          [-122.8799, 42.12558],
          [-122.87706, 42.1288],
          [-122.85715, 42.15134],
          [-122.82841, 42.15578],
          [-122.82556, 42.159],
          [-122.80564, 42.18153],
          [-122.77688, 42.18596],
          [-122.74812, 42.19038],
          [-122.71935, 42.1948],
          [-122.69059, 42.19922],
          [-122.66182, 42.20363],
          [-122.63304, 42.20804],
          [-122.60427, 42.21244],
          [-122.57549, 42.21684],
          [-122.54671, 42.22124],
          [-122.54386, 42.22445],
          [-122.52386, 42.24694],
          [-122.49507, 42.25132],
          [-122.46627, 42.2557],
          [-122.46341, 42.25891],
          [-122.44339, 42.28139],
          [-122.41459, 42.28576],
          [-122.41172, 42.28897],
          [-122.39168, 42.31143],
          [-122.38882, 42.31464],
          [-122.36876, 42.3371],
          [-122.3659, 42.34031],
          [-122.34584, 42.36276],
          [-122.34297, 42.36597],
          [-122.3229, 42.38842],
          [-122.32003, 42.39162],
          [-122.32592, 42.41292],
          [-122.30583, 42.43536],
          [-122.30296, 42.43857],
          [-122.28287, 42.461],
          [-122.27999, 42.46421],
          [-122.25989, 42.48663],
          [-122.25701, 42.48984],
          [-122.2369, 42.51226],
          [-122.23402, 42.51546],
          [-122.2399, 42.53675],
          [-122.21977, 42.55916],
          [-122.21689, 42.56236],
          [-122.19675, 42.58477],
          [-122.19388, 42.58797],
          [-122.19975, 42.60925],
          [-122.1796, 42.63164],
          [-122.17672, 42.63484],
          [-122.15655, 42.65724],
          [-122.15367, 42.66044],
          [-122.15954, 42.6817],
          [-122.13937, 42.70409],
          [-122.13648, 42.70729],
          [-122.11629, 42.72967],
          [-122.11341, 42.73286],
          [-122.09321, 42.75524],
          [-122.09032, 42.75843],
          [-122.09619, 42.77969],
          [-122.07598, 42.80205],
          [-122.07309, 42.80525],
          [-122.05287, 42.82761],
          [-122.04998, 42.8308],
          [-122.02974, 42.85315],
          [-122.02685, 42.85635],
          [-122.00661, 42.87869],
          [-122.00372, 42.88189],
          [-121.98346, 42.90423],
          [-121.98057, 42.90742],
          [-121.9603, 42.92975],
          [-121.95741, 42.93294],
          [-121.93713, 42.95527],
          [-121.93424, 42.95846],
          [-121.91395, 42.98078],
          [-121.91105, 42.98397],
          [-121.89076, 43.00629],
          [-121.88786, 43.00948],
          [-121.86755, 43.03179],
          [-121.86465, 43.03497],
          [-121.84433, 43.05728],
          [-121.81528, 43.06153],
          [-121.81237, 43.06472],
          [-121.79204, 43.08701],
          [-121.78913, 43.0902],
          [-121.76879, 43.11249],
          [-121.76588, 43.11567],
          [-121.74552, 43.13795],
          [-121.74262, 43.14114],
          [-121.72225, 43.16341],
          [-121.69316, 43.16765],
          [-121.69025, 43.17083],
          [-121.66986, 43.19309],
          [-121.66695, 43.19627],
          [-121.64656, 43.21853],
          [-121.64364, 43.22171],
          [-121.62324, 43.24397],
          [-121.62032, 43.24715],
          [-121.59991, 43.2694],
          [-121.59699, 43.27257],
          [-121.57656, 43.29481],
          [-121.57365, 43.29799],
          [-121.55321, 43.32023],
          [-121.55029, 43.3234],
          [-121.52984, 43.34563],
          [-121.52692, 43.34881],
          [-121.50646, 43.37103],
          [-121.50354, 43.37421],
          [-121.48307, 43.39642],
          [-121.48015, 43.3996],
          [-121.45967, 43.42181],
          [-121.45674, 43.42498],
          [-121.43625, 43.44719],
          [-121.43332, 43.45036],
          [-121.41282, 43.47256],
          [-121.38363, 43.47673],
          [-121.3807, 43.47991],
          [-121.36018, 43.50209],
          [-121.35725, 43.50526],
          [-121.33672, 43.52745],
          [-121.30751, 43.53161],
          [-121.30457, 43.53478],
          [-121.28403, 43.55695],
          [-121.2548, 43.56111],
          [-121.25186, 43.56427],
          [-121.2313, 43.58644],
          [-121.22836, 43.5896],
          [-121.20778, 43.61176],
          [-121.17854, 43.6159],
          [-121.1756, 43.61907],
          [-121.155, 43.64121],
          [-121.15206, 43.64438],
          [-121.13146, 43.66652],
          [-121.10219, 43.67065],
          [-121.09925, 43.67381],
          [-121.07863, 43.69594],
          [-121.04935, 43.70006],
          [-121.0464, 43.70322],
          [-121.02576, 43.72534],
          [-121.02281, 43.7285],
          [-121.00216, 43.75061],
          [-120.97287, 43.75472],
          [-120.96991, 43.75788],
          [-120.94925, 43.77998],
          [-120.94629, 43.78314],
          [-120.92561, 43.80524],
          [-120.92266, 43.80839],
          [-120.90197, 43.83048],
          [-120.87264, 43.83457],
          [-120.86969, 43.83773],
          [-120.84898, 43.85981],
          [-120.84602, 43.86296],
          [-120.8253, 43.88504],
          [-120.79596, 43.88911],
          [-120.79299, 43.89227],
          [-120.77226, 43.91433],
          [-120.7429, 43.9184],
          [-120.71355, 43.92246],
          [-120.68419, 43.92652],
          [-120.68122, 43.92967],
          [-120.66045, 43.95172],
          [-120.63108, 43.95576],
          [-120.60171, 43.95981],
          [-120.57233, 43.96385],
          [-120.54295, 43.96788],
          [-120.53998, 43.97103],
          [-120.51917, 43.99305],
          [-120.48978, 43.99708],
          [-120.46039, 44.0011],
          [-120.431, 44.00511],
          [-120.4016, 44.00912],
          [-120.3722, 44.01313],
          [-120.3428, 44.01713],
          [-120.3134, 44.02113],
          [-120.28399, 44.02512],
          [-120.25459, 44.02911],
          [-120.22518, 44.03309],
          [-120.19576, 44.03707],
          [-120.16635, 44.04104],
          [-120.13693, 44.04501],
          [-120.10751, 44.04897],
          [-120.07809, 44.05293],
          [-120.04866, 44.05689],
          [-120.01811, 44.04184],
          [-120.01375, 44.03969],
          [-119.98432, 44.04363],
          [-119.9549, 44.04757],
          [-119.92547, 44.05151],
          [-119.89604, 44.05544],
          [-119.8666, 44.05937],
          [-119.86361, 44.0625],
          [-119.84262, 44.08444],
          [-119.81318, 44.08836],
          [-119.78374, 44.09227],
          [-119.78073, 44.0954],
          [-119.75973, 44.11732],
          [-119.75672, 44.12045],
          [-119.7357, 44.14237],
          [-119.7327, 44.1455],
          [-119.71167, 44.16741],
          [-119.6822, 44.17131],
          [-119.67919, 44.17444],
          [-119.65814, 44.19634],
          [-119.62866, 44.20022],
          [-119.62565, 44.20335],
          [-119.60458, 44.22524],
          [-119.57508, 44.22912],
          [-119.57207, 44.23224],
          [-119.55099, 44.25412],
          [-119.52148, 44.25799],
          [-119.49197, 44.26185],
          [-119.46246, 44.26571],
          [-119.43294, 44.26956],
          [-119.40343, 44.27341],
          [-119.40041, 44.27654],
          [-119.37928, 44.29839],
          [-119.34975, 44.30223],
          [-119.34673, 44.30535],
          [-119.32558, 44.32719],
          [-119.29604, 44.33102],
          [-119.2665, 44.33485],
          [-119.26347, 44.33797],
          [-119.24229, 44.3598],
          [-119.21274, 44.36362],
          [-119.20972, 44.36673],
          [-119.18852, 44.38855],
          [-119.15896, 44.39236],
          [-119.15593, 44.39548],
          [-119.13471, 44.41729],
          [-119.10514, 44.42108],
          [-119.07556, 44.42488],
          [-119.07253, 44.42799],
          [-119.05129, 44.44979],
          [-119.0217, 44.45357],
          [-118.99212, 44.45735],
          [-118.98908, 44.46046],
          [-118.96781, 44.48225],
          [-118.93821, 44.48602],
          [-118.93517, 44.48913],
          [-118.92454, 44.5]
        ]
      }
    },
    {
      "type": "Feature",
      "id": "2026090312_f204_11000_001",
      "properties": {
        "product_id": "winter_storm_levels",
        "source_id": "nbm_snow_level",
        "parameter": "snow_level",
        "definition": "height of the wet-bulb 0.5 degree C surface",
        "level_ft_msl": 11000,
        "label": "11,000 ft MSL",
        "unit": "ft_msl",
        "cycle_time_utc": "2026-09-03T12:00:00Z",
        "valid_time_utc": "2026-09-12T00:00:00Z",
        "lead_hours": 204,
        "segment": 1,
        "length_m": 11030
      },
      "geometry": {
        "type": "LineString",
        "coordinates": [
          [-120.54516, 32.64762],
          [-120.52859, 32.66813],
          [-120.50423, 32.65418],
          [-120.52079, 32.63367],
          [-120.54516, 32.64762]
        ]
      }
    },
    {
      "type": "Feature",
      "id": "2026090312_f204_11000_002",
      "properties": {
        "product_id": "winter_storm_levels",
        "source_id": "nbm_snow_level",
        "parameter": "snow_level",
        "definition": "height of the wet-bulb 0.5 degree C surface",
        "level_ft_msl": 11000,
        "label": "11,000 ft MSL",
        "unit": "ft_msl",
        "cycle_time_utc": "2026-09-03T12:00:00Z",
        "valid_time_utc": "2026-09-12T00:00:00Z",
        "lead_hours": 204,
        "segment": 2,
        "length_m": 2919242.1
      },
      "geometry": {
        "type": "LineString",
        "coordinates": [
          [-127.31729, 30.1313],
          [-127.31399, 30.13599],
          [-127.28843, 30.14136],
          [-127.26287, 30.14673],
          [-127.25851, 30.15291],
          [-127.2435, 30.17419],
          [-127.21793, 30.17955],
          [-127.21357, 30.18573],
          [-127.19855, 30.20701],
          [-127.19419, 30.21318],
          [-127.17916, 30.23446],
          [-127.17479, 30.24064],
          [-127.15976, 30.26191],
          [-127.15539, 30.26809],
          [-127.14035, 30.28936],
          [-127.11475, 30.2947],
          [-127.08914, 30.30003],
          [-127.06354, 30.30536],
          [-127.05917, 30.31154],
          [-127.0441, 30.3328],
          [-127.03973, 30.33897],
          [-127.02465, 30.36023],
          [-126.99903, 30.36554],
          [-126.97341, 30.37086],
          [-126.94778, 30.37617],
          [-126.9434, 30.38234],
          [-126.9283, 30.40359],
          [-126.92392, 30.40975],
          [-126.90882, 30.431],
          [-126.88317, 30.4363],
          [-126.85753, 30.44159],
          [-126.85314, 30.44776],
          [-126.83802, 30.46899],
          [-126.81237, 30.47428],
          [-126.78671, 30.47957],
          [-126.76105, 30.48485],
          [-126.73539, 30.49012],
          [-126.70973, 30.49539],
          [-126.68406, 30.50066],
          [-126.6584, 30.50592],
          [-126.63273, 30.51118],
          [-126.60705, 30.51643],
          [-126.58138, 30.52168],
          [-126.5557, 30.52693],
          [-126.53002, 30.53217],
          [-126.50434, 30.53741],
          [-126.47866, 30.54264],
          [-126.47425, 30.54879],
          [-126.45904, 30.56999],
          [-126.43335, 30.57521],
          [-126.40766, 30.58043],
          [-126.38196, 30.58565],
          [-126.35626, 30.59086],
          [-126.33056, 30.59607],
          [-126.30485, 30.60127],
          [-126.27915, 30.60647],
          [-126.25344, 30.61167],
          [-126.24901, 30.61782],
          [-126.23376, 30.63899],
          [-126.20804, 30.64417],
          [-126.18232, 30.64936],
          [-126.17789, 30.6555],
          [-126.16262, 30.67667],
          [-126.13689, 30.68184],
          [-126.11116, 30.68701],
          [-126.08542, 30.69218],
          [-126.05968, 30.69734],
          [-126.03395, 30.7025],
          [-126.00821, 30.70766],
          [-125.98246, 30.71281],
          [-125.97802, 30.71894],
          [-125.9627, 30.74009],
          [-125.93695, 30.74523],
          [-125.91119, 30.75037],
          [-125.88544, 30.7555],
          [-125.85968, 30.76063],
          [-125.83392, 30.76576],
          [-125.80815, 30.77088],
          [-125.8037, 30.77701],
          [-125.78834, 30.79813],
          [-125.76257, 30.80324],
          [-125.73679, 30.80835],
          [-125.71221, 30.79515],
          [-125.70508, 30.79132],
          [-125.6793, 30.79642],
          [-125.65352, 30.80151],
          [-125.62774, 30.80661],
          [-125.62328, 30.81273],
          [-125.60788, 30.83384],
          [-125.5821, 30.83892],
          [-125.55631, 30.844],
          [-125.53051, 30.84907],
          [-125.50472, 30.85414],
          [-125.47892, 30.85921],
          [-125.45312, 30.86427],
          [-125.42732, 30.86933],
          [-125.40151, 30.87439],
          [-125.37571, 30.87943],
          [-125.3499, 30.88448],
          [-125.32534, 30.87122],
          [-125.31822, 30.86737],
          [-125.29241, 30.87241],
          [-125.2666, 30.87744],
          [-125.24078, 30.88246],
          [-125.21497, 30.88749],
          [-125.21048, 30.8936],
          [-125.195, 30.91466],
          [-125.16917, 30.91968],
          [-125.16468, 30.92579],
          [-125.14919, 30.94684],
          [-125.12335, 30.95185],
          [-125.11885, 30.95796],
          [-125.10335, 30.97901],
          [-125.07751, 30.98401],
          [-125.05166, 30.98901],
          [-125.04716, 30.99512],
          [-125.03164, 31.01616],
          [-125.00578, 31.02114],
          [-124.97993, 31.02613],
          [-124.95407, 31.03111],
          [-124.92821, 31.03608],
          [-124.92369, 31.04219],
          [-124.90815, 31.06321],
          [-124.88228, 31.06818],
          [-124.87776, 31.07428],
          [-124.8622, 31.0953],
          [-124.83632, 31.10026],
          [-124.8318, 31.10636],
          [-124.81622, 31.12738],
          [-124.79033, 31.13233],
          [-124.76444, 31.13727],
          [-124.73855, 31.14222],
          [-124.71266, 31.14716],
          [-124.68676, 31.15209],
          [-124.68223, 31.15819],
          [-124.66662, 31.17918],
          [-124.64071, 31.18411],
          [-124.63618, 31.19021],
          [-124.62056, 31.2112],
          [-124.61602, 31.21729],
          [-124.60039, 31.23828],
          [-124.57447, 31.24319],
          [-124.56993, 31.24929],
          [-124.55429, 31.27027],
          [-124.54975, 31.27636],
          [-124.5341, 31.29734],
          [-124.50816, 31.30224],
          [-124.50362, 31.30833],
          [-124.48795, 31.32931],
          [-124.46201, 31.3342],
          [-124.43606, 31.33909],
          [-124.41011, 31.34398],
          [-124.40555, 31.35007],
          [-124.38987, 31.37103],
          [-124.36391, 31.37591],
          [-124.35935, 31.38199],
          [-124.34366, 31.40295],
          [-124.3391, 31.40903],
          [-124.32339, 31.42999],
          [-124.29742, 31.43485],
          [-124.29285, 31.44093],
          [-124.27714, 31.46188],
          [-124.25115, 31.46674],
          [-124.24658, 31.47282],
          [-124.23085, 31.49376],
          [-124.20486, 31.49862],
          [-124.20029, 31.50469],
          [-124.18455, 31.52563],
          [-124.15854, 31.53047],
          [-124.13254, 31.53531],
          [-124.10653, 31.54015],
          [-124.08052, 31.54498],
          [-124.07594, 31.55105],
          [-124.06017, 31.57198],
          [-124.03415, 31.5768],
          [-124.00813, 31.58162],
          [-123.9821, 31.58643],
          [-123.97752, 31.5925],
          [-123.96172, 31.61341],
          [-123.93569, 31.61822],
          [-123.90965, 31.62302],
          [-123.88362, 31.62782],
          [-123.85758, 31.63262],
          [-123.83154, 31.63741],
          [-123.82694, 31.64347],
          [-123.81111, 31.66436],
          [-123.78506, 31.66915],
          [-123.75901, 31.67392],
          [-123.73295, 31.6787],
          [-123.7069, 31.68347],
          [-123.70229, 31.68953],
          [-123.68643, 31.7104],
          [-123.66037, 31.71517],
          [-123.65576, 31.72123],
          [-123.63989, 31.7421],
          [-123.61381, 31.74685],
          [-123.6092, 31.75291],
          [-123.59332, 31.77377],
          [-123.56724, 31.77852],
          [-123.54115, 31.78326],
          [-123.51506, 31.788],
          [-123.48897, 31.79273],
          [-123.46288, 31.79746],
          [-123.45826, 31.80351],
          [-123.44234, 31.82436],
          [-123.41624, 31.82908],
          [-123.39013, 31.83379],
          [-123.38551, 31.83984],
          [-123.36957, 31.86068],
          [-123.34346, 31.86539],
          [-123.31734, 31.8701],
          [-123.29122, 31.87479],
          [-123.28659, 31.88084],
          [-123.27063, 31.90167],
          [-123.2445, 31.90636],
          [-123.21837, 31.91105],
          [-123.19224, 31.91573],
          [-123.16772, 31.90216],
          [-123.1606, 31.89822],
          [-123.13447, 31.9029],
          [-123.10834, 31.90757],
          [-123.0822, 31.91223],
          [-123.05607, 31.91689],
          [-123.05142, 31.92293],
          [-123.03541, 31.94373],
          [-123.03076, 31.94977],
          [-123.01475, 31.97057],
          [-122.9886, 31.97522],
          [-122.98394, 31.98126],
          [-122.96791, 32.00205],
          [-122.94175, 32.00669],
          [-122.9371, 32.01273],
          [-122.94257, 32.03491],
          [-122.92652, 32.0557],
          [-122.92186, 32.06173],
          [-122.90581, 32.08251],
          [-122.87963, 32.08714],
          [-122.87497, 32.09318],
          [-122.8589, 32.11395],
          [-122.83271, 32.11857],
          [-122.82805, 32.1246],
          [-122.81197, 32.14537],
          [-122.8073, 32.1514],
          [-122.79122, 32.17217],
          [-122.78654, 32.1782],
          [-122.77045, 32.19896],
          [-122.76578, 32.20499],
          [-122.77123, 32.22717],
          [-122.75512, 32.24793],
          [-122.75045, 32.25396],
          [-122.73434, 32.27472],
          [-122.72966, 32.28074],
          [-122.71354, 32.3015],
          [-122.70886, 32.30752],
          [-122.69274, 32.32827],
          [-122.66649, 32.33286],
          [-122.66181, 32.33888],
          [-122.64567, 32.35963],
          [-122.61941, 32.36421],
          [-122.61473, 32.37023],
          [-122.59858, 32.39097],
          [-122.57231, 32.39555],
          [-122.54604, 32.40012],
          [-122.51977, 32.40469],
          [-122.4935, 32.40925],
          [-122.46723, 32.41381],
          [-122.44095, 32.41836],
          [-122.41467, 32.42291],
          [-122.38839, 32.42746],
          [-122.36211, 32.432],
          [-122.33758, 32.41832],
          [-122.33046, 32.41435],
          [-122.30417, 32.41888],
          [-122.27789, 32.42341],
          [-122.25161, 32.42793],
          [-122.22532, 32.43245],
          [-122.19903, 32.43697],
          [-122.17274, 32.44148],
          [-122.14644, 32.44598],
          [-122.12193, 32.43227],
          [-122.11481, 32.42829],
          [-122.08852, 32.43279],
          [-122.06223, 32.43728],
          [-122.03593, 32.44177],
          [-122.01143, 32.42804],
          [-122.00432, 32.42406],
          [-121.97983, 32.41032],
          [-121.97272, 32.40634],
          [-121.94824, 32.3926],
          [-121.94113, 32.38861],
          [-121.91484, 32.39308],
          [-121.89037, 32.37933],
          [-121.88327, 32.37534],
          [-121.85698, 32.3798],
          [-121.83251, 32.36604],
          [-121.82541, 32.36205],
          [-121.80096, 32.34829],
          [-121.79386, 32.34429],
          [-121.76757, 32.34874],
          [-121.76284, 32.35473],
          [-121.7681, 32.37694],
          [-121.75179, 32.39759],
          [-121.72734, 32.38382],
          [-121.72024, 32.37982],
          [-121.6958, 32.36605],
          [-121.6887, 32.36205],
          [-121.66426, 32.34826],
          [-121.65902, 32.32605],
          [-121.65193, 32.32205],
          [-121.62564, 32.32647],
          [-121.60122, 32.31268],
          [-121.59413, 32.30867],
          [-121.56784, 32.31309],
          [-121.54343, 32.29929],
          [-121.53634, 32.29528],
          [-121.51006, 32.29968],
          [-121.48377, 32.30408],
          [-121.45748, 32.30847],
          [-121.43308, 32.29466],
          [-121.426, 32.29064],
          [-121.40161, 32.27682],
          [-121.39453, 32.2728],
          [-121.37014, 32.25898],
          [-121.36307, 32.25496],
          [-121.33678, 32.25933],
          [-121.3105, 32.26371],
          [-121.28421, 32.26807],
          [-121.25792, 32.27243],
          [-121.23163, 32.27679],
          [-121.20534, 32.28114],
          [-121.17905, 32.28549],
          [-121.15275, 32.28984],
          [-121.12839, 32.27597],
          [-121.12132, 32.27195],
          [-121.09502, 32.27628],
          [-121.07068, 32.26241],
          [-121.06361, 32.25838],
          [-121.03731, 32.2627],
          [-121.01297, 32.24882],
          [-121.00591, 32.24479],
          [-120.98158, 32.2309],
          [-120.97648, 32.20866],
          [-120.96942, 32.20463],
          [-120.9451, 32.19073],
          [-120.93804, 32.18669],
          [-120.93327, 32.19267],
          [-120.91684, 32.21324],
          [-120.91207, 32.21922],
          [-120.89564, 32.23979],
          [-120.89086, 32.24576],
          [-120.89792, 32.2498],
          [-120.92225, 32.2637],
          [-120.92734, 32.28594],
          [-120.9109, 32.30651],
          [-120.90612, 32.31248],
          [-120.88967, 32.33304],
          [-120.86336, 32.33734],
          [-120.85858, 32.34331],
          [-120.86366, 32.36555],
          [-120.8472, 32.38611],
          [-120.82086, 32.3904],
          [-120.81608, 32.39636],
          [-120.82116, 32.4186],
          [-120.80468, 32.43915],
          [-120.77833, 32.44343],
          [-120.75399, 32.42952],
          [-120.74692, 32.42548],
          [-120.72258, 32.41155],
          [-120.71752, 32.38931],
          [-120.71046, 32.38527],
          [-120.70567, 32.39123],
          [-120.71073, 32.41347],
          [-120.71578, 32.43571],
          [-120.69928, 32.45625],
          [-120.69449, 32.46222],
          [-120.67798, 32.48275],
          [-120.67319, 32.48872],
          [-120.65667, 32.50925],
          [-120.6303, 32.51351],
          [-120.60596, 32.49957],
          [-120.59889, 32.49552],
          [-120.57253, 32.49977],
          [-120.54616, 32.50401],
          [-120.52183, 32.49006],
          [-120.5168, 32.46782],
          [-120.51178, 32.44558],
          [-120.50677, 32.42333],
          [-120.49971, 32.41928],
          [-120.49491, 32.42524],
          [-120.47837, 32.44576],
          [-120.47356, 32.45172],
          [-120.45702, 32.47223],
          [-120.45221, 32.47819],
          [-120.45927, 32.48224],
          [-120.48359, 32.4962],
          [-120.49065, 32.50025],
          [-120.51498, 32.51421],
          [-120.52001, 32.53645],
          [-120.52503, 32.55868],
          [-120.53006, 32.58092],
          [-120.5135, 32.60143],
          [-120.5087, 32.60739],
          [-120.49213, 32.6279],
          [-120.46573, 32.63213],
          [-120.46092, 32.63808],
          [-120.46799, 32.64214],
          [-120.49235, 32.65609],
          [-120.49737, 32.67832],
          [-120.5024, 32.70055],
          [-120.48582, 32.72106],
          [-120.46145, 32.7071],
          [-120.45643, 32.68487],
          [-120.45141, 32.66264],
          [-120.44434, 32.65859],
          [-120.43953, 32.66454],
          [-120.44454, 32.68677],
          [-120.44956, 32.70901],
          [-120.43297, 32.72951],
          [-120.42816, 32.73546],
          [-120.41156, 32.75595],
          [-120.40674, 32.7619],
          [-120.41175, 32.78413],
          [-120.39514, 32.80462],
          [-120.39032, 32.81057],
          [-120.39533, 32.8328],
          [-120.40241, 32.83685],
          [-120.4268, 32.85081],
          [-120.43183, 32.87303],
          [-120.41521, 32.89352],
          [-120.41038, 32.89947],
          [-120.4154, 32.92169],
          [-120.39878, 32.94218],
          [-120.39395, 32.94813],
          [-120.37732, 32.96861],
          [-120.37249, 32.97455],
          [-120.35584, 32.99503],
          [-120.35101, 33.00098],
          [-120.33436, 33.02145],
          [-120.32953, 33.0274],
          [-120.31287, 33.04787],
          [-120.30803, 33.05381],
          [-120.31304, 33.07603],
          [-120.29637, 33.09649],
          [-120.29153, 33.10244],
          [-120.29654, 33.12465],
          [-120.27986, 33.14511],
          [-120.27502, 33.15105],
          [-120.25833, 33.17151],
          [-120.25349, 33.17745],
          [-120.23679, 33.19791],
          [-120.21025, 33.20209],
          [-120.2054, 33.20803],
          [-120.18869, 33.22847],
          [-120.16214, 33.23265],
          [-120.15729, 33.23858],
          [-120.14057, 33.25902],
          [-120.13571, 33.26496],
          [-120.11899, 33.2854],
          [-120.11413, 33.29133],
          [-120.09739, 33.31177],
          [-120.09253, 33.3177],
          [-120.07579, 33.33813],
          [-120.04921, 33.34228],
          [-120.04435, 33.34821],
          [-120.02759, 33.36864],
          [-120.02272, 33.37457],
          [-120.02769, 33.39677],
          [-120.01092, 33.4172],
          [-120.00605, 33.42312],
          [-119.98928, 33.44354],
          [-119.98441, 33.44947],
          [-119.98937, 33.47167],
          [-119.97259, 33.49208],
          [-119.94596, 33.49622],
          [-119.94109, 33.50214],
          [-119.92429, 33.52255],
          [-119.91941, 33.52847],
          [-119.90261, 33.54887],
          [-119.89773, 33.5548],
          [-119.88091, 33.57519],
          [-119.87603, 33.58112],
          [-119.85921, 33.60151],
          [-119.83256, 33.60563],
          [-119.82767, 33.61155],
          [-119.81084, 33.63193],
          [-119.78418, 33.63604],
          [-119.77929, 33.64196],
          [-119.76244, 33.66234],
          [-119.75755, 33.66826],
          [-119.74069, 33.68863],
          [-119.7358, 33.69455],
          [-119.71893, 33.71492],
          [-119.69225, 33.71901],
          [-119.68735, 33.72493],
          [-119.67048, 33.74529],
          [-119.64378, 33.74938],
          [-119.63888, 33.75529],
          [-119.62199, 33.77565],
          [-119.59529, 33.77972],
          [-119.59038, 33.78563],
          [-119.57348, 33.80598],
          [-119.54677, 33.81005],
          [-119.52006, 33.81411],
          [-119.49334, 33.81817],
          [-119.46663, 33.82222],
          [-119.43991, 33.82627],
          [-119.41319, 33.83031],
          [-119.38646, 33.83435],
          [-119.35974, 33.83838],
          [-119.33301, 33.84241],
          [-119.30855, 33.82833],
          [-119.30144, 33.82424],
          [-119.27698, 33.81015],
          [-119.26988, 33.80606],
          [-119.24316, 33.81007],
          [-119.21871, 33.79597],
          [-119.21161, 33.79188],
          [-119.18489, 33.79588],
          [-119.15817, 33.79989],
          [-119.13145, 33.80388],
          [-119.10701, 33.78977],
          [-119.09992, 33.78567],
          [-119.0732, 33.78966],
          [-119.04647, 33.79364],
          [-119.01975, 33.79762],
          [-119.01481, 33.80351],
          [-118.9978, 33.8238],
          [-118.97106, 33.82777],
          [-118.96612, 33.83366],
          [-118.9491, 33.85395],
          [-118.94416, 33.85984],
          [-118.92713, 33.88012],
          [-118.92218, 33.88601],
          [-118.92695, 33.90822],
          [-118.90991, 33.92849],
          [-118.90496, 33.93438],
          [-118.90973, 33.95659],
          [-118.9145, 33.97879],
          [-118.91928, 34.00099],
          [-118.92638, 34.00509],
          [-118.95083, 34.01923],
          [-118.95794, 34.02333],
          [-118.9824, 34.03746],
          [-118.98951, 34.04156],
          [-119.01629, 34.03759],
          [-119.04308, 34.03362],
          [-119.06756, 34.04773],
          [-119.07466, 34.05183],
          [-119.10145, 34.04784],
          [-119.12594, 34.06195],
          [-119.13305, 34.06605],
          [-119.15755, 34.08015],
          [-119.16466, 34.08424],
          [-119.18917, 34.09834],
          [-119.19628, 34.10243],
          [-119.2208, 34.11652],
          [-119.22792, 34.12061],
          [-119.25244, 34.13469],
          [-119.25956, 34.13878],
          [-119.28409, 34.15286],
          [-119.29121, 34.15695],
          [-119.31575, 34.17102],
          [-119.32287, 34.17511],
          [-119.34742, 34.18917],
          [-119.35455, 34.19326],
          [-119.3791, 34.20732],
          [-119.38623, 34.2114],
          [-119.41079, 34.22546],
          [-119.41793, 34.22954],
          [-119.44249, 34.24359],
          [-119.44963, 34.24767],
          [-119.47421, 34.26172],
          [-119.4791, 34.28389],
          [-119.48624, 34.28796],
          [-119.51083, 34.302],
          [-119.51797, 34.30608],
          [-119.54257, 34.32011],
          [-119.54971, 34.32418],
          [-119.57432, 34.33821],
          [-119.58147, 34.34228],
          [-119.60608, 34.35631],
          [-119.61101, 34.37846],
          [-119.61594, 34.40062],
          [-119.62309, 34.40469],
          [-119.64772, 34.4187],
          [-119.65266, 34.44085],
          [-119.65981, 34.44492],
          [-119.68446, 34.45893],
          [-119.68941, 34.48107],
          [-119.69436, 34.50322],
          [-119.70152, 34.50728],
          [-119.72618, 34.52128],
          [-119.73114, 34.54342],
          [-119.7361, 34.56556],
          [-119.74326, 34.56963],
          [-119.76795, 34.58361],
          [-119.77292, 34.60575],
          [-119.77789, 34.62789],
          [-119.78506, 34.63194],
          [-119.80976, 34.64592],
          [-119.81474, 34.66806],
          [-119.81973, 34.69018],
          [-119.80273, 34.71051],
          [-119.79779, 34.71641],
          [-119.80277, 34.73853],
          [-119.80775, 34.76066],
          [-119.81274, 34.78278],
          [-119.81772, 34.8049],
          [-119.82271, 34.82702],
          [-119.8277, 34.84914],
          [-119.8327, 34.87126],
          [-119.81567, 34.89157],
          [-119.81073, 34.89747],
          [-119.81572, 34.91958],
          [-119.82071, 34.94169],
          [-119.80368, 34.962],
          [-119.79873, 34.96789],
          [-119.80372, 34.99],
          [-119.80871, 35.01211],
          [-119.79166, 35.03241],
          [-119.78671, 35.0383],
          [-119.79171, 35.06041],
          [-119.77465, 35.0807],
          [-119.76969, 35.08659],
          [-119.77468, 35.1087],
          [-119.77968, 35.1308],
          [-119.78467, 35.15289],
          [-119.7676, 35.17318],
          [-119.74056, 35.17726],
          [-119.7356, 35.18315],
          [-119.71851, 35.20343],
          [-119.69147, 35.2075],
          [-119.68651, 35.21339],
          [-119.66941, 35.23367],
          [-119.64235, 35.23773],
          [-119.63739, 35.24362],
          [-119.62027, 35.26388],
          [-119.59321, 35.26794],
          [-119.56615, 35.27199],
          [-119.53908, 35.27603],
          [-119.51202, 35.28008],
          [-119.48495, 35.28411],
          [-119.45788, 35.28814],
          [-119.43081, 35.29217],
          [-119.40374, 35.2962],
          [-119.37666, 35.30021],
          [-119.37167, 35.30609],
          [-119.3545, 35.32633],
          [-119.32742, 35.33034],
          [-119.30033, 35.33434],
          [-119.29534, 35.34022],
          [-119.27814, 35.36044],
          [-119.25105, 35.36444],
          [-119.22395, 35.36843],
          [-119.21895, 35.3743],
          [-119.20174, 35.39452],
          [-119.17463, 35.3985],
          [-119.14752, 35.40248],
          [-119.12041, 35.40646],
          [-119.11541, 35.41233],
          [-119.09817, 35.43253],
          [-119.09316, 35.43839],
          [-119.07592, 35.45859],
          [-119.04879, 35.46256],
          [-119.04378, 35.46842],
          [-119.02652, 35.48861],
          [-119.02151, 35.49447],
          [-119.02637, 35.51657],
          [-119.0091, 35.53675],
          [-119.00408, 35.54261],
          [-119.00894, 35.5647],
          [-118.99166, 35.58488],
          [-118.98664, 35.59074],
          [-118.9915, 35.61283],
          [-118.99636, 35.63491],
          [-118.97906, 35.65509],
          [-118.97404, 35.66095],
          [-118.9789, 35.68303],
          [-118.98376, 35.70511],
          [-118.98862, 35.72719],
          [-118.97131, 35.74736],
          [-118.96628, 35.75321],
          [-118.97114, 35.77529],
          [-118.95382, 35.79545],
          [-118.94879, 35.8013],
          [-118.95365, 35.82337],
          [-118.95851, 35.84544],
          [-118.96337, 35.86751],
          [-118.94604, 35.88767],
          [-118.941, 35.89352],
          [-118.94586, 35.91558],
          [-118.95073, 35.93765],
          [-118.95559, 35.95971],
          [-118.96046, 35.98177],
          [-118.9431, 36.00192],
          [-118.93806, 36.00776],
          [-118.94293, 36.02982],
          [-118.9478, 36.05187],
          [-118.95267, 36.07393],
          [-118.95754, 36.09598],
          [-118.96241, 36.11803],
          [-118.94504, 36.13816],
          [-118.93999, 36.14401],
          [-118.94486, 36.16606],
          [-118.94974, 36.1881],
          [-118.95461, 36.21014],
          [-118.95949, 36.23218],
          [-118.96437, 36.25422],
          [-118.96925, 36.27625],
          [-118.97414, 36.29829],
          [-118.97903, 36.32032],
          [-118.98391, 36.34235],
          [-118.9888, 36.36438],
          [-118.9937, 36.38641],
          [-118.99859, 36.40843],
          [-119.00657, 36.43001],
          [-119.01146, 36.45203],
          [-119.01565, 36.45654],
          [-119.04067, 36.47055],
          [-119.04557, 36.49256],
          [-119.05048, 36.51458],
          [-119.05539, 36.53659],
          [-119.06031, 36.5586],
          [-119.06758, 36.56266],
          [-119.09263, 36.57666],
          [-119.09755, 36.59866],
          [-119.10247, 36.62067],
          [-119.11049, 36.64223],
          [-119.11468, 36.64673],
          [-119.13975, 36.66071],
          [-119.14469, 36.68271],
          [-119.14963, 36.70471],
          [-119.15766, 36.72625],
          [-119.1626, 36.74825],
          [-119.1668, 36.75275],
          [-119.18127, 36.76825],
          [-119.19686, 36.7887],
          [-119.20181, 36.81069],
          [-119.2091, 36.81474],
          [-119.22359, 36.83024],
          [-119.23919, 36.85068],
          [-119.24649, 36.85473],
          [-119.26098, 36.87023],
          [-119.2766, 36.89066],
          [-119.2839, 36.89471],
          [-119.29841, 36.9102],
          [-119.31404, 36.93063],
          [-119.32211, 36.95215],
          [-119.3271, 36.97412],
          [-119.33132, 36.97861],
          [-119.34584, 36.99409],
          [-119.35083, 37.01605],
          [-119.36144, 37.0372],
          [-119.37458, 37.05798],
          [-119.37958, 37.07994],
          [-119.38562, 37.10174],
          [-119.38881, 37.10638],
          [-119.40336, 37.12185],
          [-119.41904, 37.14225],
          [-119.42715, 37.16375],
          [-119.43138, 37.16823],
          [-119.44594, 37.18369],
          [-119.46164, 37.20409],
          [-119.46897, 37.20812],
          [-119.48354, 37.22357],
          [-119.50236, 37.24351],
          [-119.50659, 37.24799],
          [-119.52117, 37.26344],
          [-119.54, 37.28337],
          [-119.54423, 37.28785],
          [-119.56951, 37.30174],
          [-119.57685, 37.30577],
          [-119.59146, 37.3212],
          [-119.6103, 37.34112],
          [-119.61455, 37.3456],
          [-119.62916, 37.36103],
          [-119.64492, 37.38139],
          [-119.65309, 37.40286],
          [-119.65734, 37.40734],
          [-119.67197, 37.42276],
          [-119.69085, 37.44266],
          [-119.6951, 37.44714],
          [-119.70617, 37.46308],
          [-119.72046, 37.48364],
          [-119.73372, 37.50436],
          [-119.73985, 37.52611],
          [-119.74307, 37.53074],
          [-119.75416, 37.54667],
          [-119.76283, 37.56805],
          [-119.77358, 37.58912],
          [-119.7879, 37.60967],
          [-119.79301, 37.63157],
          [-119.79624, 37.63619],
          [-119.80734, 37.65211],
          [-119.81603, 37.67348],
          [-119.8268, 37.69454],
          [-119.84011, 37.71523],
          [-119.84628, 37.73696],
          [-119.84951, 37.74158],
          [-119.86063, 37.75749],
          [-119.86934, 37.77885],
          [-119.88013, 37.79989],
          [-119.88527, 37.82177],
          [-119.89964, 37.84229],
          [-119.90479, 37.86416],
          [-119.90803, 37.86878],
          [-119.91917, 37.88467],
          [-119.92433, 37.90654],
          [-119.92948, 37.92841],
          [-119.94388, 37.94891],
          [-119.94904, 37.97077],
          [-119.96344, 37.99127],
          [-119.96669, 37.99588],
          [-119.97786, 38.01177],
          [-119.98303, 38.03362],
          [-119.99745, 38.05412],
          [-120.01187, 38.07461],
          [-120.01512, 38.07922],
          [-120.02631, 38.09509],
          [-120.03508, 38.11641],
          [-120.04593, 38.13742],
          [-120.06038, 38.1579],
          [-120.06557, 38.17973],
          [-120.06883, 38.18434],
          [-120.08003, 38.20021],
          [-120.09449, 38.22067],
          [-120.10792, 38.2413],
          [-120.11417, 38.26297],
          [-120.11743, 38.26757],
          [-120.12865, 38.28343],
          [-120.13746, 38.30472],
          [-120.14835, 38.32571],
          [-120.1618, 38.34632],
          [-120.16807, 38.36798],
          [-120.17133, 38.37258],
          [-120.18616, 38.3879],
          [-120.19708, 38.40887],
          [-120.21055, 38.42946],
          [-120.21683, 38.45112],
          [-120.2201, 38.45572],
          [-120.23135, 38.47155],
          [-120.2402, 38.49282],
          [-120.24544, 38.51462],
          [-120.25638, 38.53558],
          [-120.26163, 38.55738],
          [-120.26689, 38.57917],
          [-120.27215, 38.60096],
          [-120.27741, 38.62275],
          [-120.28267, 38.64453],
          [-120.28793, 38.66631],
          [-120.2875, 38.68893],
          [-120.29277, 38.71071],
          [-120.29443, 38.73302],
          [-120.2997, 38.75479],
          [-120.29657, 38.77273],
          [-120.29566, 38.77793],
          [-120.29989, 38.79986],
          [-120.2969, 38.82284],
          [-120.29647, 38.84545],
          [-120.30175, 38.86721],
          [-120.29501, 38.88566],
          [-120.29305, 38.89102],
          [-120.29833, 38.91278],
          [-120.28962, 38.93659],
          [-120.28287, 38.95504],
          [-120.28091, 38.9604],
          [-120.28619, 38.98215],
          [-120.28833, 39.00436],
          [-120.28276, 39.0277],
          [-120.27601, 39.04614],
          [-120.27405, 39.05149],
          [-120.27933, 39.07324],
          [-120.28146, 39.09544],
          [-120.28675, 39.11717],
          [-120.28118, 39.1405],
          [-120.27441, 39.15893],
          [-120.27245, 39.16428],
          [-120.27458, 39.18648],
          [-120.27987, 39.2082],
          [-120.28516, 39.22993],
          [-120.29046, 39.25165],
          [-120.29575, 39.27338],
          [-120.30105, 39.2951],
          [-120.30635, 39.31681],
          [-120.31165, 39.33853],
          [-120.31696, 39.36024],
          [-120.32226, 39.38195],
          [-120.32757, 39.40366],
          [-120.33288, 39.42536],
          [-120.32731, 39.44865],
          [-120.33262, 39.47035],
          [-120.32584, 39.48876],
          [-120.32388, 39.4941],
          [-120.32603, 39.51626],
          [-120.33135, 39.53795],
          [-120.33666, 39.55964],
          [-120.34198, 39.58133],
          [-120.34731, 39.60302],
          [-120.32962, 39.623],
          [-120.32448, 39.6288],
          [-120.3298, 39.65048],
          [-120.33513, 39.67216],
          [-120.34045, 39.69384],
          [-120.32275, 39.71381],
          [-120.31761, 39.71961],
          [-120.32293, 39.74128],
          [-120.32826, 39.76295],
          [-120.33359, 39.78462],
          [-120.33892, 39.80628],
          [-120.32119, 39.82624],
          [-120.31605, 39.83204],
          [-120.32138, 39.8537],
          [-120.32893, 39.85765],
          [-120.35493, 39.87126],
          [-120.36027, 39.89291],
          [-120.36561, 39.91457],
          [-120.37096, 39.93621],
          [-120.3763, 39.95786],
          [-120.38165, 39.97951],
          [-120.387, 40.00115],
          [-120.39236, 40.02279],
          [-120.37461, 40.04273],
          [-120.36945, 40.04852],
          [-120.3748, 40.07016],
          [-120.38016, 40.09179],
          [-120.36239, 40.11173],
          [-120.35723, 40.11752],
          [-120.36259, 40.13914],
          [-120.36794, 40.16077],
          [-120.3733, 40.18239],
          [-120.37866, 40.20401],
          [-120.38403, 40.22563],
          [-120.38939, 40.24724],
          [-120.39476, 40.26886],
          [-120.40013, 40.29047],
          [-120.40771, 40.29441],
          [-120.43383, 40.30797],
          [-120.43921, 40.32958],
          [-120.44459, 40.35118],
          [-120.44998, 40.37278],
          [-120.45757, 40.37672],
          [-120.48372, 40.39027],
          [-120.48911, 40.41187],
          [-120.49671, 40.4158],
          [-120.52287, 40.42935],
          [-120.53047, 40.43328],
          [-120.55664, 40.44682],
          [-120.56424, 40.45075],
          [-120.59043, 40.46428],
          [-120.59803, 40.46821],
          [-120.62422, 40.48174],
          [-120.63183, 40.48566],
          [-120.65803, 40.49919],
          [-120.66563, 40.50311],
          [-120.69184, 40.51663],
          [-120.69945, 40.52055],
          [-120.72567, 40.53406],
          [-120.73328, 40.53798],
          [-120.76167, 40.53383],
          [-120.7879, 40.54733],
          [-120.79551, 40.55125],
          [-120.82175, 40.56474],
          [-120.82937, 40.56866],
          [-120.85776, 40.5645],
          [-120.88401, 40.57798],
          [-120.89163, 40.5819],
          [-120.91789, 40.59537],
          [-120.92551, 40.59929],
          [-120.95178, 40.61276],
          [-120.95941, 40.61667],
          [-120.98568, 40.63013],
          [-120.9912, 40.65168],
          [-120.99671, 40.67323],
          [-121.00223, 40.69478],
          [-121.00775, 40.71632],
          [-121.01327, 40.73786],
          [-121.01879, 40.7594],
          [-121.02432, 40.78093],
          [-121.00656, 40.80087],
          [-121.0014, 40.80665],
          [-120.98363, 40.82658],
          [-120.97847, 40.83236],
          [-120.96069, 40.85228],
          [-120.95553, 40.85806],
          [-120.93774, 40.87798],
          [-120.93258, 40.88376],
          [-120.91478, 40.90367],
          [-120.90961, 40.90945],
          [-120.89181, 40.92936],
          [-120.86332, 40.93352],
          [-120.85815, 40.93929],
          [-120.84033, 40.95919],
          [-120.83516, 40.96497],
          [-120.81733, 40.98486],
          [-120.81215, 40.99063],
          [-120.79431, 41.01052],
          [-120.78913, 41.01629],
          [-120.77129, 41.03618],
          [-120.74276, 41.04031],
          [-120.73758, 41.04608],
          [-120.71972, 41.06596],
          [-120.71453, 41.07173],
          [-120.69666, 41.09159],
          [-120.69147, 41.09736],
          [-120.67359, 41.11723],
          [-120.64504, 41.12135],
          [-120.63985, 41.12711],
          [-120.62195, 41.14697],
          [-120.61676, 41.15273],
          [-120.59885, 41.17258],
          [-120.59365, 41.17834],
          [-120.57574, 41.19819],
          [-120.54717, 41.20229],
          [-120.54196, 41.20805],
          [-120.52403, 41.22789],
          [-120.51883, 41.23365],
          [-120.50089, 41.25348],
          [-120.4723, 41.25757],
          [-120.46709, 41.26332],
          [-120.44913, 41.28315],
          [-120.44392, 41.2889],
          [-120.42596, 41.30872],
          [-120.39735, 41.31279],
          [-120.39213, 41.31855],
          [-120.37415, 41.33836],
          [-120.36893, 41.34411],
          [-120.37435, 41.36559],
          [-120.35636, 41.3854],
          [-120.35114, 41.39115],
          [-120.33314, 41.41094],
          [-120.32792, 41.41669],
          [-120.33333, 41.43817],
          [-120.31532, 41.45796],
          [-120.31009, 41.46371],
          [-120.31551, 41.48518],
          [-120.32092, 41.50665],
          [-120.3029, 41.52644],
          [-120.29767, 41.53218],
          [-120.30308, 41.55364],
          [-120.3085, 41.57511],
          [-120.31392, 41.59657],
          [-120.29588, 41.61634],
          [-120.29064, 41.62208],
          [-120.29606, 41.64354],
          [-120.30148, 41.66499],
          [-120.28342, 41.68475],
          [-120.27818, 41.69049],
          [-120.2836, 41.71194],
          [-120.26553, 41.73169],
          [-120.26028, 41.73743],
          [-120.24221, 41.75718],
          [-120.21346, 41.76122],
          [-120.20821, 41.76695],
          [-120.19012, 41.78669],
          [-120.18486, 41.79242],
          [-120.16676, 41.81216],
          [-120.138, 41.81618],
          [-120.13274, 41.82191],
          [-120.11462, 41.84164],
          [-120.08585, 41.84565],
          [-120.05707, 41.84966],
          [-120.0518, 41.85539],
          [-120.03367, 41.8751],
          [-120.00488, 41.8791],
          [-119.99961, 41.88483],
          [-119.98145, 41.90453],
          [-119.97618, 41.91026],
          [-119.95802, 41.92996],
          [-119.92921, 41.93395],
          [-119.9004, 41.93793],
          [-119.89513, 41.94365],
          [-119.87694, 41.96334],
          [-119.84812, 41.96731],
          [-119.8193, 41.97128],
          [-119.79048, 41.97525],
          [-119.78519, 41.98096],
          [-119.76698, 42.00063],
          [-119.73814, 42.00459],
          [-119.70931, 42.00854],
          [-119.70401, 42.01425],
          [-119.68578, 42.03392],
          [-119.65693, 42.03786],
          [-119.62808, 42.0418],
          [-119.62278, 42.0475],
          [-119.60453, 42.06715],
          [-119.57567, 42.07108],
          [-119.57036, 42.07679],
          [-119.55209, 42.09643],
          [-119.52322, 42.10035],
          [-119.51791, 42.10605],
          [-119.49963, 42.12568],
          [-119.47075, 42.1296],
          [-119.46543, 42.13529],
          [-119.44713, 42.15492],
          [-119.41824, 42.15882],
          [-119.41292, 42.16452],
          [-119.3946, 42.18414],
          [-119.3657, 42.18803],
          [-119.3368, 42.19192],
          [-119.33147, 42.19761],
          [-119.31313, 42.21721],
          [-119.28422, 42.22109],
          [-119.2553, 42.22497],
          [-119.22638, 42.22884],
          [-119.19746, 42.2327],
          [-119.16854, 42.23657],
          [-119.13962, 42.24042],
          [-119.11069, 42.24427],
          [-119.10535, 42.24996],
          [-119.08695, 42.26953],
          [-119.05802, 42.27338],
          [-119.02908, 42.27721],
          [-119.00014, 42.28105],
          [-118.97119, 42.28488],
          [-118.96584, 42.29055],
          [-118.94741, 42.31011],
          [-118.91846, 42.31393],
          [-118.8895, 42.31775],
          [-118.88415, 42.32342],
          [-118.86569, 42.34297],
          [-118.83673, 42.34677],
          [-118.83137, 42.35245],
          [-118.8129, 42.37198],
          [-118.78392, 42.37578],
          [-118.77856, 42.38145],
          [-118.76007, 42.40098],
          [-118.73109, 42.40477],
          [-118.7021, 42.40855],
          [-118.6731, 42.41233],
          [-118.66773, 42.418],
          [-118.64922, 42.43751],
          [-118.62022, 42.44128],
          [-118.59121, 42.44504],
          [-118.5622, 42.4488],
          [-118.53319, 42.45256],
          [-118.50418, 42.45631],
          [-118.47776, 42.44262],
          [-118.4701, 42.43865],
          [-118.44109, 42.44239],
          [-118.41207, 42.44613],
          [-118.38306, 42.44986],
          [-118.37767, 42.45552],
          [-118.35909, 42.47499],
          [-118.3537, 42.48065],
          [-118.35875, 42.50205],
          [-118.34016, 42.52153],
          [-118.31113, 42.52524],
          [-118.30573, 42.5309],
          [-118.28712, 42.55036],
          [-118.25807, 42.55407],
          [-118.22902, 42.55777],
          [-118.19997, 42.56148],
          [-118.17091, 42.56517],
          [-118.14186, 42.56886],
          [-118.13644, 42.57451],
          [-118.1178, 42.59395],
          [-118.0914, 42.58022],
          [-118.08373, 42.57623],
          [-118.05467, 42.57991],
          [-118.0256, 42.58358],
          [-117.99654, 42.58725],
          [-117.96747, 42.59091],
          [-117.94109, 42.57716],
          [-117.93343, 42.57317],
          [-117.90436, 42.57682],
          [-117.87799, 42.56306],
          [-117.87034, 42.55906],
          [-117.84127, 42.5627],
          [-117.81491, 42.54893],
          [-117.80726, 42.54493],
          [-117.7782, 42.54857],
          [-117.74913, 42.5522],
          [-117.72006, 42.55582],
          [-117.69099, 42.55944],
          [-117.66192, 42.56306],
          [-117.63284, 42.56667],
          [-117.60377, 42.57027],
          [-117.57469, 42.57388],
          [-117.5456, 42.57747],
          [-117.54016, 42.5831],
          [-117.5214, 42.60248],
          [-117.4923, 42.60607],
          [-117.48685, 42.61169],
          [-117.46808, 42.63106],
          [-117.43897, 42.63464],
          [-117.43352, 42.64026],
          [-117.41473, 42.65963],
          [-117.38561, 42.6632],
          [-117.3565, 42.66676],
          [-117.32738, 42.67032],
          [-117.32192, 42.67594],
          [-117.3031, 42.69528],
          [-117.27397, 42.69884],
          [-117.24484, 42.70238],
          [-117.21571, 42.70592],
          [-117.21024, 42.71154],
          [-117.19139, 42.73087],
          [-117.16225, 42.7344],
          [-117.1331, 42.73793],
          [-117.10396, 42.74145],
          [-117.09848, 42.74706],
          [-117.0796, 42.76638],
          [-117.05044, 42.76989],
          [-117.02129, 42.7734],
          [-117.0158, 42.77901],
          [-116.9969, 42.79831],
          [-116.96773, 42.80181],
          [-116.96224, 42.80741],
          [-116.94333, 42.82671],
          [-116.93783, 42.83231],
          [-116.91891, 42.8516],
          [-116.88972, 42.85508],
          [-116.88422, 42.86068],
          [-116.86528, 42.87996],
          [-116.85978, 42.88556],
          [-116.84083, 42.90483],
          [-116.81162, 42.90831],
          [-116.80612, 42.9139],
          [-116.78715, 42.93317],
          [-116.75794, 42.93663],
          [-116.75243, 42.94222],
          [-116.73344, 42.96148],
          [-116.70422, 42.96494],
          [-116.67499, 42.96839],
          [-116.64576, 42.97183],
          [-116.61653, 42.97527],
          [-116.5873, 42.97871],
          [-116.55806, 42.98214],
          [-116.52883, 42.98557],
          [-116.50254, 42.97165],
          [-116.49491, 42.9676],
          [-116.46568, 42.97102],
          [-116.4394, 42.95709],
          [-116.43178, 42.95304],
          [-116.40254, 42.95645],
          [-116.37331, 42.95985],
          [-116.34705, 42.94591],
          [-116.33943, 42.94186],
          [-116.3102, 42.94525],
          [-116.28096, 42.94864],
          [-116.25173, 42.95202],
          [-116.22249, 42.9554],
          [-116.19325, 42.95878],
          [-116.16702, 42.9448],
          [-116.1594, 42.94075],
          [-116.13016, 42.94411],
          [-116.10092, 42.94747],
          [-116.07168, 42.95083],
          [-116.04244, 42.95418],
          [-116.01319, 42.95753],
          [-115.98394, 42.96087],
          [-115.95774, 42.94687],
          [-115.95013, 42.9428],
          [-115.92089, 42.94613],
          [-115.89164, 42.94946],
          [-115.86239, 42.95278],
          [-115.83621, 42.93876],
          [-115.82861, 42.93469],
          [-115.79936, 42.938],
          [-115.77011, 42.94131],
          [-115.74086, 42.94462],
          [-115.71469, 42.93058],
          [-115.7071, 42.9265],
          [-115.67785, 42.9298],
          [-115.6486, 42.93309],
          [-115.62245, 42.91903],
          [-115.61486, 42.91495],
          [-115.58561, 42.91823],
          [-115.55636, 42.92151],
          [-115.52711, 42.92478],
          [-115.49785, 42.92804],
          [-115.46859, 42.93131],
          [-115.44247, 42.91723],
          [-115.43489, 42.91314],
          [-115.40564, 42.91639],
          [-115.37638, 42.91964],
          [-115.34712, 42.92288],
          [-115.32102, 42.90878],
          [-115.31344, 42.90469],
          [-115.28419, 42.90792],
          [-115.25493, 42.91115],
          [-115.22567, 42.91437],
          [-115.19641, 42.91759],
          [-115.16714, 42.92081],
          [-115.14107, 42.90668],
          [-115.1335, 42.90258],
          [-115.10424, 42.90579],
          [-115.07497, 42.90899],
          [-115.04571, 42.91218],
          [-115.01644, 42.91537],
          [-114.98717, 42.91856],
          [-114.9579, 42.92174],
          [-114.95229, 42.92728],
          [-114.93296, 42.94635],
          [-114.90368, 42.94952],
          [-114.8744, 42.95269],
          [-114.86878, 42.95822],
          [-114.84943, 42.97728],
          [-114.82014, 42.98044],
          [-114.79085, 42.98359],
          [-114.78522, 42.98912],
          [-114.76585, 43.00817],
          [-114.73655, 43.01132],
          [-114.73092, 43.01684],
          [-114.71153, 43.03588],
          [-114.68222, 43.03902],
          [-114.67659, 43.04454],
          [-114.68087, 43.06597],
          [-114.66147, 43.08499],
          [-114.65583, 43.09052],
          [-114.66339, 43.09463],
          [-114.68945, 43.10881],
          [-114.69374, 43.13022],
          [-114.69804, 43.15163],
          [-114.70233, 43.17304],
          [-114.70663, 43.19445],
          [-114.71093, 43.21585],
          [-114.71523, 43.23725],
          [-114.69579, 43.25626],
          [-114.69015, 43.26178],
          [-114.69445, 43.28318],
          [-114.69875, 43.30457],
          [-114.70633, 43.30868],
          [-114.73245, 43.32282],
          [-114.73676, 43.34421],
          [-114.74107, 43.36559],
          [-114.74866, 43.3697],
          [-114.7748, 43.38383],
          [-114.77912, 43.40521],
          [-114.78345, 43.42658],
          [-114.78777, 43.44795],
          [-114.7921, 43.46932],
          [-114.7997, 43.47342],
          [-114.82588, 43.48754],
          [-114.83021, 43.5089],
          [-114.83455, 43.53026],
          [-114.8389, 43.55161],
          [-114.84324, 43.57297],
          [-114.84758, 43.59432],
          [-114.85193, 43.61566],
          [-114.85628, 43.637],
          [-114.86063, 43.65834],
          [-114.86498, 43.67968],
          [-114.84549, 43.69865],
          [-114.83983, 43.70416],
          [-114.84418, 43.72549],
          [-114.82468, 43.74446],
          [-114.81901, 43.74996],
          [-114.82336, 43.77129],
          [-114.82771, 43.79261],
          [-114.80819, 43.81156],
          [-114.80252, 43.81707],
          [-114.78299, 43.83601],
          [-114.77731, 43.84152],
          [-114.78166, 43.86283],
          [-114.76211, 43.88177],
          [-114.75644, 43.88727],
          [-114.76078, 43.90858],
          [-114.76512, 43.92988],
          [-114.74556, 43.94881],
          [-114.73988, 43.95431],
          [-114.7203, 43.97323],
          [-114.71462, 43.97873],
          [-114.71896, 44.00002],
          [-114.69937, 44.01894],
          [-114.69368, 44.02443],
          [-114.69802, 44.04572],
          [-114.67842, 44.06463],
          [-114.67273, 44.07012],
          [-114.67706, 44.0914],
          [-114.65745, 44.11031],
          [-114.62781, 44.11341],
          [-114.62211, 44.1189],
          [-114.60248, 44.13779],
          [-114.59678, 44.14327],
          [-114.6011, 44.16455],
          [-114.58146, 44.18343],
          [-114.57576, 44.18892],
          [-114.55611, 44.2078],
          [-114.5504, 44.21328],
          [-114.53074, 44.23215],
          [-114.52503, 44.23763],
          [-114.50536, 44.2565],
          [-114.49965, 44.26197],
          [-114.47997, 44.28083],
          [-114.47425, 44.28631],
          [-114.47855, 44.30757],
          [-114.45885, 44.32642],
          [-114.45314, 44.33189],
          [-114.43343, 44.35074],
          [-114.42771, 44.35621],
          [-114.408, 44.37506],
          [-114.40227, 44.38053],
          [-114.38255, 44.39936],
          [-114.37682, 44.40483],
          [-114.35709, 44.42366],
          [-114.35136, 44.42913],
          [-114.33161, 44.44795],
          [-114.32588, 44.45342],
          [-114.30613, 44.47224],
          [-114.30039, 44.4777],
          [-114.28063, 44.49652],
          [-114.27697, 44.5]
        ]
      }
    },
    {
      "type": "Feature",
      "id": "2026090312_f204_11000_003",
      "properties": {
        "product_id": "winter_storm_levels",
        "source_id": "nbm_snow_level",
        "parameter": "snow_level",
        "definition": "height of the wet-bulb 0.5 degree C surface",
        "level_ft_msl": 11000,
        "label": "11,000 ft MSL",
        "unit": "ft_msl",
        "cycle_time_utc": "2026-09-03T12:00:00Z",
        "valid_time_utc": "2026-09-12T00:00:00Z",
        "lead_hours": 204,
        "segment": 3,
        "length_m": 28306.2
      },
      "geometry": {
        "type": "LineString",
        "coordinates": [
          [-127.50897, 30.94259],
          [-127.50268, 30.92053],
          [-127.47788, 30.90761],
          [-127.45216, 30.91299],
          [-127.42643, 30.91838],
          [-127.41136, 30.93965],
          [-127.41763, 30.96172],
          [-127.44244, 30.97465],
          [-127.44964, 30.9784],
          [-127.47446, 30.99133],
          [-127.48953, 30.97005],
          [-127.4939, 30.96387],
          [-127.50897, 30.94259]
        ]
      }
    },
    {
      "type": "Feature",
      "id": "2026090312_f204_11000_004",
      "properties": {
        "product_id": "winter_storm_levels",
        "source_id": "nbm_snow_level",
        "parameter": "snow_level",
        "definition": "height of the wet-bulb 0.5 degree C surface",
        "level_ft_msl": 11000,
        "label": "11,000 ft MSL",
        "unit": "ft_msl",
        "cycle_time_utc": "2026-09-03T12:00:00Z",
        "valid_time_utc": "2026-09-12T00:00:00Z",
        "lead_hours": 204,
        "segment": 4,
        "length_m": 36948.7
      },
      "geometry": {
        "type": "LineString",
        "coordinates": [
          [-127.54315, 30.58453],
          [-127.53687, 30.56245],
          [-127.51214, 30.54953],
          [-127.50496, 30.54577],
          [-127.48024, 30.53284],
          [-127.4546, 30.53823],
          [-127.42896, 30.54362],
          [-127.41393, 30.56491],
          [-127.42018, 30.58699],
          [-127.42644, 30.60907],
          [-127.45117, 30.62201],
          [-127.45835, 30.62577],
          [-127.4831, 30.6387],
          [-127.50875, 30.6333],
          [-127.52377, 30.61201],
          [-127.52813, 30.60583],
          [-127.54315, 30.58453]
        ]
      }
    },
    {
      "type": "Feature",
      "id": "2026090312_f204_11000_005",
      "properties": {
        "product_id": "winter_storm_levels",
        "source_id": "nbm_snow_level",
        "parameter": "snow_level",
        "definition": "height of the wet-bulb 0.5 degree C surface",
        "level_ft_msl": 11000,
        "label": "11,000 ft MSL",
        "unit": "ft_msl",
        "cycle_time_utc": "2026-09-03T12:00:00Z",
        "valid_time_utc": "2026-09-12T00:00:00Z",
        "lead_hours": 204,
        "segment": 5,
        "length_m": 26225.8
      },
      "geometry": {
        "type": "LineString",
        "coordinates": [
          [-127.63219, 30.70615],
          [-127.62589, 30.68408],
          [-127.6196, 30.66201],
          [-127.59484, 30.6491],
          [-127.56918, 30.65451],
          [-127.55416, 30.6758],
          [-127.56044, 30.69788],
          [-127.56673, 30.71995],
          [-127.59151, 30.73286],
          [-127.61718, 30.72745],
          [-127.63219, 30.70615]
        ]
      }
    },
    {
      "type": "Feature",
      "id": "2026090312_f204_11000_006",
      "properties": {
        "product_id": "winter_storm_levels",
        "source_id": "nbm_snow_level",
        "parameter": "snow_level",
        "definition": "height of the wet-bulb 0.5 degree C surface",
        "level_ft_msl": 11000,
        "label": "11,000 ft MSL",
        "unit": "ft_msl",
        "cycle_time_utc": "2026-09-03T12:00:00Z",
        "valid_time_utc": "2026-09-12T00:00:00Z",
        "lead_hours": 204,
        "segment": 6,
        "length_m": 131887.8
      },
      "geometry": {
        "type": "LineString",
        "coordinates": [
          [-127.79417, 30.22696],
          [-127.78786, 30.20488],
          [-127.78156, 30.1828],
          [-127.75688, 30.1699],
          [-127.73134, 30.17534],
          [-127.72418, 30.1716],
          [-127.69951, 30.15869],
          [-127.67396, 30.16412],
          [-127.64841, 30.16955],
          [-127.62286, 30.17497],
          [-127.59731, 30.18039],
          [-127.57175, 30.18581],
          [-127.54619, 30.19122],
          [-127.52063, 30.19662],
          [-127.50567, 30.21793],
          [-127.50132, 30.22412],
          [-127.48634, 30.24542],
          [-127.482, 30.25161],
          [-127.45642, 30.257],
          [-127.43084, 30.26239],
          [-127.40526, 30.26778],
          [-127.39026, 30.28907],
          [-127.41492, 30.30202],
          [-127.42209, 30.30578],
          [-127.44676, 30.31873],
          [-127.45392, 30.32249],
          [-127.46017, 30.34458],
          [-127.45581, 30.35076],
          [-127.44081, 30.37206],
          [-127.44706, 30.39415],
          [-127.47175, 30.40709],
          [-127.47892, 30.41084],
          [-127.50362, 30.42378],
          [-127.51079, 30.42753],
          [-127.5355, 30.44046],
          [-127.54267, 30.44421],
          [-127.54894, 30.46629],
          [-127.55522, 30.48838],
          [-127.57994, 30.5013],
          [-127.60556, 30.49588],
          [-127.61274, 30.49963],
          [-127.63748, 30.51254],
          [-127.6631, 30.50712],
          [-127.68872, 30.5017],
          [-127.71434, 30.49627],
          [-127.72931, 30.47495],
          [-127.723, 30.45287],
          [-127.7167, 30.4308],
          [-127.7104, 30.40872],
          [-127.71474, 30.40253],
          [-127.72969, 30.38121],
          [-127.72339, 30.35913],
          [-127.7171, 30.33705],
          [-127.7108, 30.31497],
          [-127.71514, 30.30878],
          [-127.73008, 30.28745],
          [-127.73442, 30.28126],
          [-127.74935, 30.25993],
          [-127.75369, 30.25374],
          [-127.77925, 30.2483],
          [-127.79417, 30.22696]
        ]
      }
    },
    {
      "type": "Feature",
      "id": "2026090312_f204_11000_007",
      "properties": {
        "product_id": "winter_storm_levels",
        "source_id": "nbm_snow_level",
        "parameter": "snow_level",
        "definition": "height of the wet-bulb 0.5 degree C surface",
        "level_ft_msl": 11000,
        "label": "11,000 ft MSL",
        "unit": "ft_msl",
        "cycle_time_utc": "2026-09-03T12:00:00Z",
        "valid_time_utc": "2026-09-12T00:00:00Z",
        "lead_hours": 204,
        "segment": 7,
        "length_m": 46162.6
      },
      "geometry": {
        "type": "LineString",
        "coordinates": [
          [-129.30636, 30.36091],
          [-129.28148, 30.34826],
          [-129.27425, 30.34458],
          [-129.24938, 30.33193],
          [-129.23992, 30.31055],
          [-129.23557, 30.30623],
          [-129.21071, 30.29357],
          [-129.20127, 30.27219],
          [-129.19692, 30.26787],
          [-129.17207, 30.2552],
          [-129.1655, 30.23318],
          [-129.15607, 30.21179],
          [-129.15173, 30.20747],
          [-129.1269, 30.19479],
          [-129.12034, 30.17277],
          [-129.11379, 30.15074],
          [-129.10659, 30.14705],
          [-129.08177, 30.13437],
          [-129.07523, 30.11234],
          [-129.06869, 30.0903],
          [-129.05929, 30.0689],
          [-129.05496, 30.06458],
          [-129.0318, 30.05272]
        ]
      }
    },
    {
      "type": "Feature",
      "id": "2026090312_f204_12000_001",
      "properties": {
        "product_id": "winter_storm_levels",
        "source_id": "nbm_snow_level",
        "parameter": "snow_level",
        "definition": "height of the wet-bulb 0.5 degree C surface",
        "level_ft_msl": 12000,
        "label": "12,000 ft MSL",
        "unit": "ft_msl",
        "cycle_time_utc": "2026-09-03T12:00:00Z",
        "valid_time_utc": "2026-09-12T00:00:00Z",
        "lead_hours": 204,
        "segment": 1,
        "length_m": 64591.7
      },
      "geometry": {
        "type": "LineString",
        "coordinates": [
          [-115.83081, 33.33068],
          [-115.82667, 33.30835],
          [-115.82254, 33.28602],
          [-115.8184, 33.26369],
          [-115.80838, 33.25756],
          [-115.78757, 33.24482],
          [-115.77755, 33.23868],
          [-115.75674, 33.22593],
          [-115.74673, 33.21979],
          [-115.72003, 33.22324],
          [-115.69923, 33.21048],
          [-115.68922, 33.20434],
          [-115.66252, 33.20777],
          [-115.63582, 33.2112],
          [-115.60912, 33.21462],
          [-115.60177, 33.223],
          [-115.58651, 33.24038],
          [-115.57915, 33.24875],
          [-115.58324, 33.27109],
          [-115.58733, 33.29342],
          [-115.59734, 33.29957],
          [-115.61814, 33.31234],
          [-115.62816, 33.31848],
          [-115.65489, 33.31506],
          [-115.68161, 33.31163],
          [-115.70833, 33.30819],
          [-115.73505, 33.30475],
          [-115.75587, 33.3175],
          [-115.76589, 33.32364],
          [-115.78672, 33.33638],
          [-115.79674, 33.34251],
          [-115.82347, 33.33906],
          [-115.83081, 33.33068]
        ]
      }
    },
    {
      "type": "Feature",
      "id": "2026090312_f204_12000_002",
      "properties": {
        "product_id": "winter_storm_levels",
        "source_id": "nbm_snow_level",
        "parameter": "snow_level",
        "definition": "height of the wet-bulb 0.5 degree C surface",
        "level_ft_msl": 12000,
        "label": "12,000 ft MSL",
        "unit": "ft_msl",
        "cycle_time_utc": "2026-09-03T12:00:00Z",
        "valid_time_utc": "2026-09-12T00:00:00Z",
        "lead_hours": 204,
        "segment": 2,
        "length_m": 23212.1
      },
      "geometry": {
        "type": "LineString",
        "coordinates": [
          [-116.10788, 33.20308],
          [-116.1037, 33.18075],
          [-116.09367, 33.17463],
          [-116.06699, 33.17814],
          [-116.05967, 33.18653],
          [-116.04448, 33.20396],
          [-116.0178, 33.20745],
          [-116.01048, 33.21584],
          [-116.02051, 33.22197],
          [-116.0472, 33.21847],
          [-116.07389, 33.21498],
          [-116.10057, 33.21148],
          [-116.10788, 33.20308]
        ]
      }
    },
    {
      "type": "Feature",
      "id": "2026090312_f204_12000_003",
      "properties": {
        "product_id": "winter_storm_levels",
        "source_id": "nbm_snow_level",
        "parameter": "snow_level",
        "definition": "height of the wet-bulb 0.5 degree C surface",
        "level_ft_msl": 12000,
        "label": "12,000 ft MSL",
        "unit": "ft_msl",
        "cycle_time_utc": "2026-09-03T12:00:00Z",
        "valid_time_utc": "2026-09-12T00:00:00Z",
        "lead_hours": 204,
        "segment": 3,
        "length_m": 2511150.8
      },
      "geometry": {
        "type": "LineString",
        "coordinates": [
          [-118.08913, 30.23156],
          [-118.08401, 30.23782],
          [-118.06951, 30.25555],
          [-118.04356, 30.2594],
          [-118.01761, 30.26325],
          [-117.99166, 30.26709],
          [-117.9657, 30.27092],
          [-117.93975, 30.27475],
          [-117.91379, 30.27858],
          [-117.90679, 30.28711],
          [-117.89226, 30.30482],
          [-117.86629, 30.30864],
          [-117.84032, 30.31246],
          [-117.81435, 30.31627],
          [-117.78838, 30.32007],
          [-117.76241, 30.32388],
          [-117.73644, 30.32767],
          [-117.71046, 30.33147],
          [-117.68448, 30.33526],
          [-117.65851, 30.33904],
          [-117.63252, 30.34282],
          [-117.60654, 30.3466],
          [-117.58056, 30.35037],
          [-117.55457, 30.35414],
          [-117.54754, 30.36265],
          [-117.53294, 30.38033],
          [-117.50695, 30.38408],
          [-117.48095, 30.38784],
          [-117.45496, 30.39159],
          [-117.42896, 30.39534],
          [-117.40296, 30.39908],
          [-117.39592, 30.40758],
          [-117.38129, 30.42524],
          [-117.35528, 30.42898],
          [-117.32927, 30.43271],
          [-117.30326, 30.43643],
          [-117.29621, 30.44493],
          [-117.28156, 30.46258],
          [-117.25554, 30.4663],
          [-117.22952, 30.47001],
          [-117.22246, 30.47851],
          [-117.20779, 30.49615],
          [-117.18176, 30.49986],
          [-117.1747, 30.50835],
          [-117.16002, 30.52599],
          [-117.13399, 30.52968],
          [-117.10795, 30.53338],
          [-117.10088, 30.54186],
          [-117.08619, 30.55949],
          [-117.07911, 30.56798],
          [-117.06441, 30.58561],
          [-117.05734, 30.59409],
          [-117.04263, 30.61172],
          [-117.01657, 30.61539],
          [-117.00949, 30.62388],
          [-116.99478, 30.6415],
          [-116.98769, 30.64998],
          [-116.97297, 30.66759],
          [-116.94689, 30.67126],
          [-116.92082, 30.67492],
          [-116.91372, 30.6834],
          [-116.89899, 30.701],
          [-116.89189, 30.70948],
          [-116.87715, 30.72709],
          [-116.87005, 30.73556],
          [-116.8553, 30.75316],
          [-116.8482, 30.76164],
          [-116.83344, 30.77924],
          [-116.82633, 30.78771],
          [-116.81157, 30.8053],
          [-116.80446, 30.81378],
          [-116.78969, 30.83137],
          [-116.76358, 30.835],
          [-116.75646, 30.84347],
          [-116.76069, 30.8659],
          [-116.74591, 30.88348],
          [-116.73879, 30.89195],
          [-116.724, 30.90954],
          [-116.71688, 30.918],
          [-116.7211, 30.94043],
          [-116.7063, 30.95801],
          [-116.69918, 30.96647],
          [-116.68437, 30.98405],
          [-116.67724, 30.99251],
          [-116.68146, 31.01494],
          [-116.66665, 31.03251],
          [-116.65952, 31.04097],
          [-116.6447, 31.05854],
          [-116.63756, 31.067],
          [-116.64177, 31.08942],
          [-116.64599, 31.11184],
          [-116.63116, 31.12941],
          [-116.62402, 31.13787],
          [-116.60918, 31.15543],
          [-116.60203, 31.16389],
          [-116.60624, 31.18631],
          [-116.61613, 31.19242],
          [-116.63666, 31.20512],
          [-116.64088, 31.22753],
          [-116.6451, 31.24994],
          [-116.64933, 31.27236],
          [-116.65355, 31.29477],
          [-116.66345, 31.30088],
          [-116.68401, 31.31356],
          [-116.68824, 31.33597],
          [-116.69247, 31.35838],
          [-116.69671, 31.38079],
          [-116.70094, 31.40319],
          [-116.68608, 31.42075],
          [-116.67893, 31.42921],
          [-116.68316, 31.45161],
          [-116.66829, 31.46917],
          [-116.66113, 31.47763],
          [-116.64626, 31.49518],
          [-116.63909, 31.50364],
          [-116.62421, 31.52119],
          [-116.61705, 31.52964],
          [-116.60216, 31.54719],
          [-116.59499, 31.55564],
          [-116.59921, 31.57804],
          [-116.58431, 31.59559],
          [-116.57714, 31.60404],
          [-116.58136, 31.62644],
          [-116.56645, 31.64398],
          [-116.55927, 31.65243],
          [-116.54436, 31.66997],
          [-116.53718, 31.67841],
          [-116.54139, 31.70081],
          [-116.52647, 31.71835],
          [-116.51929, 31.72679],
          [-116.5235, 31.74918],
          [-116.50857, 31.76672],
          [-116.50138, 31.77516],
          [-116.50559, 31.79755],
          [-116.50981, 31.81994],
          [-116.49487, 31.83747],
          [-116.48767, 31.84591],
          [-116.49188, 31.8683],
          [-116.4961, 31.89069],
          [-116.50031, 31.91307],
          [-116.50453, 31.93546],
          [-116.50875, 31.95784],
          [-116.51297, 31.98022],
          [-116.5172, 32.00261],
          [-116.52142, 32.02499],
          [-116.52565, 32.04736],
          [-116.52988, 32.06974],
          [-116.51491, 32.08726],
          [-116.5077, 32.0957],
          [-116.51192, 32.11808],
          [-116.51615, 32.14045],
          [-116.52038, 32.16282],
          [-116.50539, 32.18034],
          [-116.49818, 32.18878],
          [-116.50241, 32.21115],
          [-116.48741, 32.22866],
          [-116.48019, 32.23709],
          [-116.48442, 32.25946],
          [-116.46941, 32.27697],
          [-116.46219, 32.2854],
          [-116.46641, 32.30777],
          [-116.4514, 32.32528],
          [-116.44417, 32.33371],
          [-116.42915, 32.35121],
          [-116.42192, 32.35964],
          [-116.42614, 32.382],
          [-116.41111, 32.3995],
          [-116.40387, 32.40793],
          [-116.40809, 32.43029],
          [-116.39305, 32.44779],
          [-116.38581, 32.45621],
          [-116.37076, 32.4737],
          [-116.36352, 32.48213],
          [-116.36773, 32.50449],
          [-116.37194, 32.52684],
          [-116.35689, 32.54433],
          [-116.34964, 32.55275],
          [-116.35385, 32.57511],
          [-116.35806, 32.59746],
          [-116.36228, 32.61982],
          [-116.3665, 32.64217],
          [-116.37072, 32.66452],
          [-116.38072, 32.67063],
          [-116.40149, 32.68332],
          [-116.41149, 32.68942],
          [-116.43805, 32.68586],
          [-116.45883, 32.69854],
          [-116.46307, 32.72088],
          [-116.47308, 32.72699],
          [-116.49387, 32.73966],
          [-116.49812, 32.762],
          [-116.50237, 32.78434],
          [-116.50662, 32.80668],
          [-116.51087, 32.82902],
          [-116.51513, 32.85136],
          [-116.51939, 32.87369],
          [-116.52364, 32.89603],
          [-116.50856, 32.91351],
          [-116.5013, 32.92193],
          [-116.50555, 32.94427],
          [-116.50981, 32.9666],
          [-116.51407, 32.98892],
          [-116.51833, 33.01125],
          [-116.52259, 33.03358],
          [-116.52686, 33.0559],
          [-116.5369, 33.062],
          [-116.55777, 33.07465],
          [-116.56204, 33.09697],
          [-116.56631, 33.11929],
          [-116.57059, 33.14161],
          [-116.57487, 33.16393],
          [-116.58492, 33.17002],
          [-116.60581, 33.18266],
          [-116.6101, 33.20498],
          [-116.61438, 33.22729],
          [-116.61867, 33.2496],
          [-116.62874, 33.25568],
          [-116.64965, 33.26832],
          [-116.65395, 33.29063],
          [-116.65825, 33.31293],
          [-116.66255, 33.33524],
          [-116.66685, 33.35754],
          [-116.67116, 33.37985],
          [-116.67546, 33.40215],
          [-116.67977, 33.42445],
          [-116.68408, 33.44674],
          [-116.68839, 33.46904],
          [-116.69271, 33.49134],
          [-116.69702, 33.51363],
          [-116.70568, 33.53534],
          [-116.71, 33.55763],
          [-116.71433, 33.57992],
          [-116.7143, 33.60279],
          [-116.71862, 33.62508],
          [-116.72295, 33.64736],
          [-116.72728, 33.66964],
          [-116.7316, 33.69193],
          [-116.73594, 33.71421],
          [-116.74027, 33.73649],
          [-116.7446, 33.75876],
          [-116.74894, 33.78104],
          [-116.75327, 33.80331],
          [-116.7634, 33.80938],
          [-116.78442, 33.82198],
          [-116.78877, 33.84425],
          [-116.79312, 33.86652],
          [-116.80325, 33.87258],
          [-116.82429, 33.88517],
          [-116.82865, 33.90744],
          [-116.83878, 33.9135],
          [-116.85078, 33.92731],
          [-116.8642, 33.94835],
          [-116.86857, 33.97061],
          [-116.8773, 33.99228],
          [-116.88308, 33.99892],
          [-116.89509, 34.01272],
          [-116.90853, 34.03376],
          [-116.91868, 34.03981],
          [-116.93071, 34.0536],
          [-116.94102, 34.07505],
          [-116.95291, 34.09629],
          [-116.9573, 34.11854],
          [-116.96169, 34.14079],
          [-116.96749, 34.14743],
          [-116.97953, 34.16121],
          [-116.98393, 34.18346],
          [-116.98833, 34.2057],
          [-116.99273, 34.22794],
          [-117.00621, 34.24895],
          [-117.01062, 34.27119],
          [-117.01502, 34.29343],
          [-117.01943, 34.31566],
          [-117.01476, 34.33912],
          [-117.00865, 34.35536],
          [-117.00571, 34.36317],
          [-117.00574, 34.386],
          [-117.01015, 34.40822],
          [-117.01457, 34.43045],
          [-117.01898, 34.45268],
          [-117.0234, 34.4749],
          [-117.02782, 34.49712],
          [-117.0126, 34.51458],
          [-117.00527, 34.52298],
          [-117.00969, 34.5452],
          [-117.01411, 34.56742],
          [-116.99887, 34.58487],
          [-116.99154, 34.59327],
          [-116.9763, 34.61072],
          [-116.96896, 34.61912],
          [-116.97338, 34.64134],
          [-116.95813, 34.65878],
          [-116.95079, 34.66718],
          [-116.93553, 34.68462],
          [-116.92819, 34.69301],
          [-116.91293, 34.71045],
          [-116.90558, 34.71885],
          [-116.89031, 34.73628],
          [-116.86328, 34.7399],
          [-116.85593, 34.74829],
          [-116.84065, 34.76571],
          [-116.83329, 34.7741],
          [-116.818, 34.79153],
          [-116.81064, 34.79992],
          [-116.79535, 34.81734],
          [-116.7683, 34.82094],
          [-116.76093, 34.82932],
          [-116.74563, 34.84674],
          [-116.71857, 34.85033],
          [-116.69151, 34.85391],
          [-116.68413, 34.86229],
          [-116.66881, 34.8797],
          [-116.64174, 34.88328],
          [-116.61467, 34.88685],
          [-116.5876, 34.89042],
          [-116.58022, 34.89879],
          [-116.56487, 34.91619],
          [-116.53779, 34.91975],
          [-116.51071, 34.9233],
          [-116.50332, 34.93167],
          [-116.48796, 34.94906],
          [-116.46087, 34.9526],
          [-116.43378, 34.95615],
          [-116.40668, 34.95968],
          [-116.37959, 34.96322],
          [-116.35249, 34.96675],
          [-116.3313, 34.95414],
          [-116.32109, 34.94806],
          [-116.294, 34.95158],
          [-116.2669, 34.9551],
          [-116.2398, 34.95861],
          [-116.2127, 34.96211],
          [-116.19152, 34.94949],
          [-116.18133, 34.9434],
          [-116.15423, 34.9469],
          [-116.12713, 34.95039],
          [-116.10597, 34.93775],
          [-116.09578, 34.93167],
          [-116.06868, 34.93515],
          [-116.04752, 34.9225],
          [-116.03734, 34.91641],
          [-116.01024, 34.91988],
          [-115.98314, 34.92335],
          [-115.95604, 34.92682],
          [-115.9349, 34.91415],
          [-115.92473, 34.90805],
          [-115.91729, 34.9164],
          [-115.9215, 34.93862],
          [-115.90463, 34.94845],
          [-115.87752, 34.9519],
          [-115.85041, 34.95535],
          [-115.83069, 34.95017],
          [-115.8265, 34.92795],
          [-115.81632, 34.92185],
          [-115.78922, 34.92529],
          [-115.78177, 34.93362],
          [-115.7663, 34.95094],
          [-115.75885, 34.95928],
          [-115.74337, 34.97659],
          [-115.73591, 34.98493],
          [-115.72042, 35.00224],
          [-115.71296, 35.01057],
          [-115.71714, 35.03279],
          [-115.70165, 35.0501],
          [-115.69418, 35.05843],
          [-115.67868, 35.07573],
          [-115.67121, 35.08406],
          [-115.67538, 35.10627],
          [-115.65987, 35.12357],
          [-115.6524, 35.1319],
          [-115.65657, 35.15411],
          [-115.66074, 35.17632],
          [-115.64522, 35.19361],
          [-115.63774, 35.20194],
          [-115.64191, 35.22414],
          [-115.64608, 35.24635],
          [-115.65025, 35.26855],
          [-115.65443, 35.29075],
          [-115.63889, 35.30804],
          [-115.6314, 35.31636],
          [-115.63557, 35.33856],
          [-115.63975, 35.36076],
          [-115.64393, 35.38295],
          [-115.6481, 35.40515],
          [-115.65228, 35.42734],
          [-115.63672, 35.44461],
          [-115.62923, 35.45293],
          [-115.6334, 35.47512],
          [-115.63758, 35.49731],
          [-115.64177, 35.51949],
          [-115.64595, 35.54168],
          [-115.65013, 35.56386],
          [-115.65432, 35.58604],
          [-115.65851, 35.60821],
          [-115.6627, 35.63039],
          [-115.66689, 35.65257],
          [-115.6513, 35.66983],
          [-115.64379, 35.67814],
          [-115.64798, 35.70031],
          [-115.65217, 35.72248],
          [-115.65636, 35.74465],
          [-115.66056, 35.76682],
          [-115.64495, 35.78407],
          [-115.63743, 35.79238],
          [-115.64162, 35.81454],
          [-115.64582, 35.83671],
          [-115.6302, 35.85396],
          [-115.62267, 35.86226],
          [-115.62686, 35.88442],
          [-115.63106, 35.90658],
          [-115.61542, 35.92382],
          [-115.6079, 35.93213],
          [-115.61209, 35.95428],
          [-115.61628, 35.97643],
          [-115.62048, 35.99858],
          [-115.62467, 36.02072],
          [-115.62887, 36.04287],
          [-115.63914, 36.04896],
          [-115.66046, 36.06161],
          [-115.66467, 36.08375],
          [-115.67494, 36.08984],
          [-115.69628, 36.10249],
          [-115.7005, 36.12463],
          [-115.71077, 36.13071],
          [-115.73212, 36.14335],
          [-115.73635, 36.16548],
          [-115.74503, 36.18706],
          [-115.75086, 36.1937],
          [-115.77223, 36.20633],
          [-115.78092, 36.2279],
          [-115.78676, 36.23453],
          [-115.80813, 36.24716],
          [-115.81238, 36.26928],
          [-115.82268, 36.27536],
          [-115.83481, 36.28913],
          [-115.84832, 36.31009],
          [-115.85704, 36.33165],
          [-115.86288, 36.33828],
          [-115.87502, 36.35205],
          [-115.87928, 36.37416],
          [-115.89282, 36.39512],
          [-115.89709, 36.41722],
          [-115.90136, 36.43933],
          [-115.89635, 36.46259],
          [-115.90062, 36.48469],
          [-115.89423, 36.50077],
          [-115.89115, 36.50851],
          [-115.89542, 36.53061],
          [-115.89522, 36.55327],
          [-115.8995, 36.57536],
          [-115.90377, 36.59745],
          [-115.90805, 36.61954],
          [-115.91233, 36.64163],
          [-115.89663, 36.65886],
          [-115.88908, 36.66715],
          [-115.89335, 36.68924],
          [-115.89763, 36.71132],
          [-115.90191, 36.7334],
          [-115.8862, 36.75062],
          [-115.87864, 36.75891],
          [-115.88292, 36.78099],
          [-115.8872, 36.80307],
          [-115.89148, 36.82514],
          [-115.89576, 36.84721],
          [-115.88004, 36.86442],
          [-115.87246, 36.87271],
          [-115.87674, 36.89478],
          [-115.88103, 36.91685],
          [-115.88531, 36.93891],
          [-115.8896, 36.96097],
          [-115.89389, 36.98303],
          [-115.89818, 37.00509],
          [-115.90247, 37.02715],
          [-115.91285, 37.0332],
          [-115.9344, 37.04577],
          [-115.9387, 37.06782],
          [-115.94908, 37.07388],
          [-115.97672, 37.07044],
          [-116.00435, 37.067],
          [-116.03198, 37.06355],
          [-116.05961, 37.0601],
          [-116.06719, 37.05181],
          [-116.08291, 37.0346],
          [-116.11053, 37.03114],
          [-116.13815, 37.02767],
          [-116.14572, 37.01938],
          [-116.16142, 37.00215],
          [-116.18904, 36.99868],
          [-116.21664, 36.99521],
          [-116.24425, 36.99172],
          [-116.27186, 36.98824],
          [-116.29946, 36.98475],
          [-116.32706, 36.98125],
          [-116.34865, 36.99377],
          [-116.35905, 36.9998],
          [-116.38665, 36.9963],
          [-116.41425, 36.99279],
          [-116.43585, 37.00529],
          [-116.44626, 37.01132],
          [-116.46787, 37.02382],
          [-116.47227, 37.04586],
          [-116.48268, 37.05188],
          [-116.5043, 37.06438],
          [-116.51471, 37.07039],
          [-116.53634, 37.08288],
          [-116.54676, 37.0889],
          [-116.56839, 37.10138],
          [-116.57283, 37.12342],
          [-116.58325, 37.12943],
          [-116.60489, 37.14191],
          [-116.61532, 37.14791],
          [-116.63697, 37.16039],
          [-116.6474, 37.1664],
          [-116.67504, 37.16285],
          [-116.70268, 37.15929],
          [-116.71021, 37.15098],
          [-116.70574, 37.12895],
          [-116.72138, 37.11168],
          [-116.74304, 37.12415],
          [-116.75347, 37.13015],
          [-116.77514, 37.14261],
          [-116.78557, 37.1486],
          [-116.80724, 37.16106],
          [-116.79162, 37.17833],
          [-116.76398, 37.1819],
          [-116.75645, 37.19022],
          [-116.76689, 37.19621],
          [-116.79453, 37.19264],
          [-116.81621, 37.20509],
          [-116.82666, 37.21109],
          [-116.83418, 37.20277],
          [-116.84981, 37.18549],
          [-116.87744, 37.18191],
          [-116.88496, 37.17359],
          [-116.90057, 37.15631],
          [-116.90809, 37.14799],
          [-116.92369, 37.1307],
          [-116.9312, 37.12238],
          [-116.9267, 37.10035],
          [-116.94229, 37.08306],
          [-116.9498, 37.07474],
          [-116.94529, 37.05271],
          [-116.94078, 37.03068],
          [-116.95637, 37.01338],
          [-116.96387, 37.00506],
          [-116.95936, 36.98302],
          [-116.95485, 36.96099],
          [-116.97042, 36.94369],
          [-116.97792, 36.93535],
          [-116.99348, 36.91805],
          [-117.00097, 36.90971],
          [-116.99646, 36.88767],
          [-117.01201, 36.87036],
          [-117.0195, 36.86203],
          [-117.03505, 36.84471],
          [-117.04253, 36.83637],
          [-117.03801, 36.81433],
          [-117.05355, 36.79701],
          [-117.06103, 36.78866],
          [-117.05651, 36.76662],
          [-117.05199, 36.74457],
          [-117.04748, 36.72252],
          [-117.04296, 36.70047],
          [-117.03256, 36.69447],
          [-117.01095, 36.68203],
          [-117.00055, 36.67603],
          [-116.97895, 36.66358],
          [-116.96855, 36.65758],
          [-116.94696, 36.64512],
          [-116.93656, 36.63912],
          [-116.91498, 36.62666],
          [-116.91049, 36.6046],
          [-116.90601, 36.58253],
          [-116.89563, 36.57653],
          [-116.87406, 36.56406],
          [-116.86959, 36.54199],
          [-116.85921, 36.53598],
          [-116.83765, 36.5235],
          [-116.85318, 36.50618],
          [-116.86065, 36.49784],
          [-116.85618, 36.47576],
          [-116.85172, 36.45369],
          [-116.86723, 36.43636],
          [-116.8747, 36.42801],
          [-116.87024, 36.40593],
          [-116.86577, 36.38385],
          [-116.88127, 36.36651],
          [-116.88874, 36.35817],
          [-116.88427, 36.33608],
          [-116.89976, 36.31874],
          [-116.90722, 36.31039],
          [-116.9227, 36.29305],
          [-116.93016, 36.2847],
          [-116.94564, 36.26735],
          [-116.95309, 36.259],
          [-116.96856, 36.24165],
          [-116.99595, 36.23804],
          [-117.02334, 36.23442],
          [-117.05073, 36.2308],
          [-117.07225, 36.24326],
          [-117.07675, 36.26535],
          [-117.08712, 36.27135],
          [-117.10865, 36.2838],
          [-117.11316, 36.30589],
          [-117.12353, 36.31189],
          [-117.14508, 36.32434],
          [-117.1496, 36.34642],
          [-117.15412, 36.3685],
          [-117.1645, 36.37449],
          [-117.18606, 36.38693],
          [-117.19645, 36.39292],
          [-117.22387, 36.38927],
          [-117.25129, 36.38562],
          [-117.25873, 36.37726],
          [-117.27417, 36.35988],
          [-117.30158, 36.35622],
          [-117.30901, 36.34786],
          [-117.32443, 36.33048],
          [-117.33186, 36.32211],
          [-117.34728, 36.30473],
          [-117.3547, 36.29636],
          [-117.37011, 36.27898],
          [-117.37753, 36.27061],
          [-117.39293, 36.25322],
          [-117.40035, 36.24485],
          [-117.41575, 36.22745],
          [-117.42316, 36.21908],
          [-117.43855, 36.20168],
          [-117.44596, 36.19331],
          [-117.46134, 36.17591],
          [-117.46874, 36.16753],
          [-117.48412, 36.15013],
          [-117.49152, 36.14175],
          [-117.48694, 36.11966],
          [-117.50231, 36.10225],
          [-117.5097, 36.09387],
          [-117.52506, 36.07646],
          [-117.55239, 36.07275],
          [-117.55979, 36.06437],
          [-117.57513, 36.04695],
          [-117.60245, 36.04323],
          [-117.60984, 36.03484],
          [-117.62517, 36.01742],
          [-117.65249, 36.0137],
          [-117.6798, 36.00997],
          [-117.70135, 36.02236],
          [-117.71173, 36.02833],
          [-117.73904, 36.02459],
          [-117.76636, 36.02085],
          [-117.79367, 36.0171],
          [-117.82097, 36.01335],
          [-117.82834, 36.00495],
          [-117.84364, 35.9875],
          [-117.87094, 35.98374],
          [-117.8783, 35.97534],
          [-117.89358, 35.95789],
          [-117.92087, 35.95412],
          [-117.94816, 35.95035],
          [-117.96973, 35.96271],
          [-117.98011, 35.96866],
          [-118.0074, 35.96488],
          [-118.03469, 35.96109],
          [-118.05627, 35.97344],
          [-118.06667, 35.97938],
          [-118.09396, 35.97559],
          [-118.11555, 35.98793],
          [-118.12594, 35.99387],
          [-118.14754, 36.0062],
          [-118.15794, 36.01214],
          [-118.17955, 36.02447],
          [-118.18995, 36.03041],
          [-118.21156, 36.04274],
          [-118.21629, 36.06481],
          [-118.2267, 36.07074],
          [-118.24832, 36.08306],
          [-118.25873, 36.08899],
          [-118.27115, 36.1026],
          [-118.28954, 36.12275],
          [-118.29552, 36.1293],
          [-118.31717, 36.14161],
          [-118.32759, 36.14754],
          [-118.34924, 36.15984],
          [-118.35967, 36.16576],
          [-118.3721, 36.17936],
          [-118.39336, 36.19142],
          [-118.40419, 36.19757],
          [-118.42546, 36.20963],
          [-118.4363, 36.21578],
          [-118.45757, 36.22784],
          [-118.46841, 36.23398],
          [-118.4897, 36.24603],
          [-118.50054, 36.25217],
          [-118.519, 36.27229],
          [-118.52501, 36.27883],
          [-118.53747, 36.2924],
          [-118.55743, 36.31231],
          [-118.56118, 36.31547],
          [-118.58048, 36.33177],
          [-118.59441, 36.35252],
          [-118.59893, 36.35926],
          [-118.60834, 36.37326],
          [-118.61846, 36.39455],
          [-118.6271, 36.41604],
          [-118.64105, 36.43678],
          [-118.64662, 36.45871],
          [-118.65041, 36.46555],
          [-118.65984, 36.47955],
          [-118.66467, 36.50157],
          [-118.67481, 36.52284],
          [-118.68347, 36.54432],
          [-118.68831, 36.56634],
          [-118.69315, 36.58836],
          [-118.70714, 36.60908],
          [-118.71198, 36.6311],
          [-118.71683, 36.65311],
          [-118.72138, 36.65984],
          [-118.73083, 36.67382],
          [-118.73568, 36.69583],
          [-118.74363, 36.7174],
          [-118.75455, 36.73854],
          [-118.75941, 36.76055],
          [-118.77194, 36.78146],
          [-118.77681, 36.80346],
          [-118.78168, 36.82545],
          [-118.78773, 36.83197],
          [-118.7972, 36.84594],
          [-118.80207, 36.86793],
          [-118.81004, 36.88948],
          [-118.81492, 36.91147],
          [-118.83356, 36.9315],
          [-118.83844, 36.95348],
          [-118.8445, 36.95999],
          [-118.85709, 36.97351],
          [-118.86198, 36.99549],
          [-118.88064, 37.01551],
          [-118.8867, 37.02202],
          [-118.8993, 37.03553],
          [-118.91797, 37.05554],
          [-118.92404, 37.06205],
          [-118.94594, 37.07423],
          [-118.95649, 37.0801],
          [-118.9691, 37.0936],
          [-118.98779, 37.1136],
          [-118.99307, 37.11653],
          [-119.01258, 37.13273],
          [-119.02669, 37.15338],
          [-119.03128, 37.1601],
          [-119.04392, 37.17359],
          [-119.06264, 37.19358],
          [-119.06758, 37.21553],
          [-119.07253, 37.23748],
          [-119.07748, 37.25943],
          [-119.08243, 37.28138],
          [-119.08738, 37.30333],
          [-119.09234, 37.32527],
          [-119.09729, 37.34721],
          [-119.10225, 37.36915],
          [-119.10273, 37.39173],
          [-119.10769, 37.41367],
          [-119.11265, 37.4356],
          [-119.10829, 37.45886],
          [-119.12259, 37.47946],
          [-119.12756, 37.50139],
          [-119.13253, 37.52331],
          [-119.14313, 37.52915],
          [-119.16515, 37.54129],
          [-119.17013, 37.56321],
          [-119.18074, 37.56905],
          [-119.20277, 37.58117],
          [-119.21338, 37.58701],
          [-119.23542, 37.59913],
          [-119.24604, 37.60497],
          [-119.2737, 37.601],
          [-119.29575, 37.61311],
          [-119.30636, 37.61895],
          [-119.33402, 37.61497],
          [-119.35608, 37.62708],
          [-119.36671, 37.6329],
          [-119.38878, 37.645],
          [-119.3994, 37.65083],
          [-119.41214, 37.66427],
          [-119.42652, 37.68482],
          [-119.43606, 37.70607],
          [-119.44219, 37.71254],
          [-119.45494, 37.72597],
          [-119.45999, 37.74787],
          [-119.46504, 37.76976],
          [-119.47945, 37.7903],
          [-119.48901, 37.81154],
          [-119.49407, 37.83343],
          [-119.49913, 37.85531],
          [-119.50419, 37.87719],
          [-119.50926, 37.89907],
          [-119.51433, 37.92095],
          [-119.52048, 37.92741],
          [-119.53327, 37.94083],
          [-119.53834, 37.9627],
          [-119.54342, 37.98457],
          [-119.5485, 38.00644],
          [-119.54256, 38.02255],
          [-119.5397, 38.03031],
          [-119.54027, 38.05282],
          [-119.54536, 38.07468],
          [-119.55044, 38.09654],
          [-119.55553, 38.1184],
          [-119.56061, 38.14026],
          [-119.56571, 38.16211],
          [-119.55038, 38.17956],
          [-119.543, 38.18796],
          [-119.54809, 38.20981],
          [-119.55318, 38.23166],
          [-119.53784, 38.2491],
          [-119.53046, 38.2575],
          [-119.51511, 38.27494],
          [-119.50772, 38.28334],
          [-119.49237, 38.30078],
          [-119.46454, 38.30476],
          [-119.4367, 38.30875],
          [-119.40887, 38.31272],
          [-119.40146, 38.32111],
          [-119.38609, 38.33854],
          [-119.35824, 38.34251],
          [-119.35084, 38.35089],
          [-119.33545, 38.36831],
          [-119.32804, 38.3767],
          [-119.31264, 38.39411],
          [-119.28478, 38.39807],
          [-119.27736, 38.40645],
          [-119.26195, 38.42386],
          [-119.23408, 38.4278],
          [-119.20621, 38.43175],
          [-119.19878, 38.44013],
          [-119.18335, 38.45752],
          [-119.15547, 38.46146],
          [-119.12758, 38.46539],
          [-119.09969, 38.46931],
          [-119.0718, 38.47323],
          [-119.0496, 38.46114],
          [-119.03891, 38.45531],
          [-119.01102, 38.45922],
          [-118.98313, 38.46313],
          [-118.95524, 38.46703],
          [-118.92734, 38.47093],
          [-118.90515, 38.45881],
          [-118.89447, 38.45298],
          [-118.86658, 38.45687],
          [-118.8444, 38.44474],
          [-118.83373, 38.4389],
          [-118.80583, 38.44278],
          [-118.77794, 38.44666],
          [-118.75004, 38.45053],
          [-118.72214, 38.45439],
          [-118.69424, 38.45825],
          [-118.66634, 38.46211],
          [-118.63843, 38.46596],
          [-118.61053, 38.4698],
          [-118.58262, 38.47365],
          [-118.55471, 38.47748],
          [-118.53256, 38.46532],
          [-118.5219, 38.45946],
          [-118.49399, 38.46329],
          [-118.46608, 38.46711],
          [-118.43816, 38.47093],
          [-118.41025, 38.47475],
          [-118.38233, 38.47856],
          [-118.35441, 38.48236],
          [-118.32649, 38.48616],
          [-118.29857, 38.48996],
          [-118.27064, 38.49375],
          [-118.24271, 38.49754],
          [-118.21478, 38.50132],
          [-118.18685, 38.5051],
          [-118.15892, 38.50887],
          [-118.1514, 38.5172],
          [-118.1358, 38.5345],
          [-118.10785, 38.53826],
          [-118.10033, 38.54659],
          [-118.08471, 38.56388],
          [-118.07719, 38.5722],
          [-118.06156, 38.58949],
          [-118.0336, 38.59324],
          [-118.00564, 38.59699],
          [-117.97768, 38.60073],
          [-117.94971, 38.60447],
          [-117.92174, 38.6082],
          [-117.9142, 38.61652],
          [-117.89854, 38.63378],
          [-117.87056, 38.63751],
          [-117.84258, 38.64123],
          [-117.8146, 38.64494],
          [-117.78662, 38.64865],
          [-117.75863, 38.65236],
          [-117.75108, 38.66067],
          [-117.73538, 38.67792],
          [-117.70739, 38.68161],
          [-117.67939, 38.68531],
          [-117.65139, 38.689],
          [-117.64382, 38.6973],
          [-117.62811, 38.71453],
          [-117.6001, 38.71821],
          [-117.59253, 38.72651],
          [-117.5768, 38.74374],
          [-117.56922, 38.75204],
          [-117.55348, 38.76926],
          [-117.5459, 38.77756],
          [-117.53016, 38.79478],
          [-117.52258, 38.80307],
          [-117.50682, 38.82029],
          [-117.49924, 38.82858],
          [-117.48347, 38.84579],
          [-117.47588, 38.85408],
          [-117.46012, 38.87129],
          [-117.43206, 38.87494],
          [-117.42446, 38.88322],
          [-117.40868, 38.90043],
          [-117.40108, 38.90871],
          [-117.38529, 38.92591],
          [-117.35722, 38.92955],
          [-117.34961, 38.93782],
          [-117.33381, 38.95502],
          [-117.30573, 38.95864],
          [-117.27765, 38.96227],
          [-117.24956, 38.96589],
          [-117.22147, 38.9695],
          [-117.19338, 38.97311],
          [-117.16529, 38.97672],
          [-117.13719, 38.98032],
          [-117.12957, 38.98858],
          [-117.11372, 39.00575],
          [-117.08562, 39.00934],
          [-117.07799, 39.01761],
          [-117.06213, 39.03477],
          [-117.05449, 39.04303],
          [-117.03863, 39.06019],
          [-117.03098, 39.06845],
          [-117.01511, 39.0856],
          [-117.00747, 39.09386],
          [-116.99159, 39.11101],
          [-116.98394, 39.11926],
          [-116.98854, 39.14109],
          [-116.97265, 39.15823],
          [-116.965, 39.16649],
          [-116.9491, 39.18363],
          [-116.94144, 39.19188],
          [-116.92554, 39.20901],
          [-116.91788, 39.21726],
          [-116.90196, 39.23439],
          [-116.8943, 39.24264],
          [-116.87838, 39.25976],
          [-116.87071, 39.26801],
          [-116.85478, 39.28513],
          [-116.82659, 39.28868],
          [-116.81892, 39.29692],
          [-116.80298, 39.31403],
          [-116.7953, 39.32227],
          [-116.77935, 39.33938],
          [-116.77167, 39.34762],
          [-116.75571, 39.36473],
          [-116.7275, 39.36826],
          [-116.71981, 39.37649],
          [-116.70384, 39.39359],
          [-116.69615, 39.40182],
          [-116.68017, 39.41892],
          [-116.65194, 39.42243],
          [-116.64424, 39.43066],
          [-116.62825, 39.44775],
          [-116.60001, 39.45125],
          [-116.59231, 39.45948],
          [-116.57631, 39.47656],
          [-116.5686, 39.48478],
          [-116.55259, 39.50186],
          [-116.52433, 39.50535],
          [-116.51662, 39.51357],
          [-116.50059, 39.53064],
          [-116.47233, 39.53413],
          [-116.46461, 39.54234],
          [-116.44857, 39.55941],
          [-116.4203, 39.56288],
          [-116.41257, 39.57109],
          [-116.39652, 39.58815],
          [-116.38879, 39.59636],
          [-116.37273, 39.61341],
          [-116.34444, 39.61687],
          [-116.3367, 39.62508],
          [-116.32063, 39.64213],
          [-116.31289, 39.65033],
          [-116.29681, 39.66737],
          [-116.28907, 39.67557],
          [-116.27298, 39.69261],
          [-116.26524, 39.70081],
          [-116.24914, 39.71784],
          [-116.24139, 39.72604],
          [-116.22529, 39.74307],
          [-116.21753, 39.75127],
          [-116.20142, 39.76829],
          [-116.17308, 39.77172],
          [-116.14474, 39.77515],
          [-116.13698, 39.78334],
          [-116.12085, 39.80035],
          [-116.0925, 39.80377],
          [-116.08473, 39.81196],
          [-116.06859, 39.82897],
          [-116.04023, 39.83238],
          [-116.01187, 39.83578],
          [-115.9835, 39.83918],
          [-115.97572, 39.84736],
          [-115.95956, 39.86436],
          [-115.93118, 39.86775],
          [-115.90281, 39.87114],
          [-115.87443, 39.87452],
          [-115.86664, 39.88269],
          [-115.85045, 39.89967],
          [-115.82206, 39.90305],
          [-115.79367, 39.90642],
          [-115.76528, 39.90978],
          [-115.73689, 39.91314],
          [-115.7085, 39.91649],
          [-115.6801, 39.91985],
          [-115.6517, 39.92319],
          [-115.64389, 39.93136],
          [-115.62766, 39.94831],
          [-115.59925, 39.95165],
          [-115.57084, 39.95498],
          [-115.56302, 39.96314],
          [-115.54677, 39.98008],
          [-115.51835, 39.98341],
          [-115.48993, 39.98673],
          [-115.46151, 39.99004],
          [-115.43308, 39.99335],
          [-115.42525, 40.0015],
          [-115.40897, 40.01843],
          [-115.38054, 40.02173],
          [-115.3521, 40.02503],
          [-115.34426, 40.03317],
          [-115.32796, 40.05009],
          [-115.29952, 40.05338],
          [-115.29167, 40.06152],
          [-115.27536, 40.07844],
          [-115.2675, 40.08658],
          [-115.25118, 40.10348],
          [-115.22272, 40.10676],
          [-115.21486, 40.1149],
          [-115.19853, 40.1318],
          [-115.19067, 40.13993],
          [-115.17433, 40.15683],
          [-115.16646, 40.16496],
          [-115.15011, 40.18185],
          [-115.12163, 40.18511],
          [-115.11375, 40.19324],
          [-115.09739, 40.21012],
          [-115.08951, 40.21825],
          [-115.07315, 40.23513],
          [-115.04464, 40.23837],
          [-115.03676, 40.2465],
          [-115.02038, 40.26337],
          [-114.99187, 40.2666],
          [-114.96335, 40.26983],
          [-114.95546, 40.27795],
          [-114.93906, 40.29482],
          [-114.93116, 40.30293],
          [-114.91476, 40.31979],
          [-114.90685, 40.32791],
          [-114.89044, 40.34476],
          [-114.8619, 40.34797],
          [-114.85399, 40.35608],
          [-114.83757, 40.37293],
          [-114.82965, 40.38104],
          [-114.81322, 40.39788],
          [-114.78466, 40.40108],
          [-114.7561, 40.40427],
          [-114.72754, 40.40746],
          [-114.71962, 40.41557],
          [-114.70316, 40.4324],
          [-114.67459, 40.43558],
          [-114.64602, 40.43875],
          [-114.61745, 40.44192],
          [-114.58887, 40.44509],
          [-114.5603, 40.44825],
          [-114.55236, 40.45635],
          [-114.53586, 40.47315],
          [-114.52792, 40.48125],
          [-114.51142, 40.49805],
          [-114.50348, 40.50614],
          [-114.48697, 40.52294],
          [-114.45837, 40.52609],
          [-114.45041, 40.53417],
          [-114.43389, 40.55097],
          [-114.42593, 40.55905],
          [-114.4094, 40.57584],
          [-114.40144, 40.58392],
          [-114.38491, 40.60071],
          [-114.37694, 40.60879],
          [-114.3604, 40.62556],
          [-114.35243, 40.63364],
          [-114.35654, 40.65537],
          [-114.33999, 40.67215],
          [-114.31134, 40.67526],
          [-114.30336, 40.68334],
          [-114.2868, 40.7001],
          [-114.25814, 40.70321],
          [-114.22948, 40.70632],
          [-114.2215, 40.71439],
          [-114.20491, 40.73114],
          [-114.17624, 40.73424],
          [-114.14757, 40.73733],
          [-114.1189, 40.74042],
          [-114.0968, 40.72783],
          [-114.08616, 40.72177],
          [-114.06407, 40.70918],
          [-114.05344, 40.70312],
          [-114.02477, 40.70619],
          [-114.00269, 40.69359],
          [-113.99206, 40.68753],
          [-113.96999, 40.67492],
          [-113.95937, 40.66886],
          [-113.93071, 40.67191],
          [-113.90865, 40.6593],
          [-113.89803, 40.65323],
          [-113.87598, 40.64061],
          [-113.86536, 40.63453],
          [-113.83671, 40.63758],
          [-113.81467, 40.62495],
          [-113.80406, 40.61887],
          [-113.77541, 40.6219],
          [-113.74676, 40.62493],
          [-113.72473, 40.6123],
          [-113.71413, 40.60621],
          [-113.68548, 40.60923],
          [-113.66346, 40.59658],
          [-113.65286, 40.59049],
          [-113.63085, 40.57784],
          [-113.62026, 40.57175],
          [-113.59162, 40.57475],
          [-113.56962, 40.56209],
          [-113.55903, 40.556],
          [-113.53704, 40.54333],
          [-113.52645, 40.53723],
          [-113.49782, 40.54022],
          [-113.47584, 40.52755],
          [-113.46526, 40.52144],
          [-113.43663, 40.52443],
          [-113.41466, 40.51174],
          [-113.40408, 40.50564],
          [-113.37545, 40.50861],
          [-113.34682, 40.51157],
          [-113.31819, 40.51453],
          [-113.28956, 40.51749],
          [-113.28151, 40.52553],
          [-113.2648, 40.54221],
          [-113.23616, 40.54516],
          [-113.20752, 40.5481],
          [-113.19947, 40.55613],
          [-113.18274, 40.57281],
          [-113.15408, 40.57574],
          [-113.14602, 40.58377],
          [-113.12928, 40.60043],
          [-113.10062, 40.60336],
          [-113.09255, 40.61138],
          [-113.0758, 40.62804],
          [-113.04713, 40.63096],
          [-113.01845, 40.63387],
          [-113.01038, 40.64189],
          [-112.99361, 40.65853],
          [-112.96492, 40.66144],
          [-112.93624, 40.66433],
          [-112.90755, 40.66723],
          [-112.87887, 40.67012],
          [-112.85018, 40.673],
          [-112.84209, 40.68101],
          [-112.82528, 40.69764],
          [-112.79658, 40.70051],
          [-112.76788, 40.70338],
          [-112.73918, 40.70625],
          [-112.71048, 40.70911],
          [-112.68177, 40.71197],
          [-112.65307, 40.71482],
          [-112.62436, 40.71767],
          [-112.59565, 40.72051],
          [-112.56694, 40.72335],
          [-112.53822, 40.72618],
          [-112.5301, 40.73417],
          [-112.51324, 40.75077],
          [-112.48452, 40.75359],
          [-112.45579, 40.75641],
          [-112.42707, 40.75923],
          [-112.41894, 40.76721],
          [-112.40205, 40.78379],
          [-112.37332, 40.7866],
          [-112.34458, 40.7894],
          [-112.33644, 40.79738],
          [-112.31953, 40.81395],
          [-112.29079, 40.81674],
          [-112.28264, 40.82472],
          [-112.26572, 40.84129],
          [-112.23697, 40.84407],
          [-112.20821, 40.84685],
          [-112.20006, 40.85482],
          [-112.18312, 40.87137],
          [-112.15436, 40.87414],
          [-112.12559, 40.87691],
          [-112.09682, 40.87967],
          [-112.08866, 40.88763],
          [-112.07169, 40.90417],
          [-112.04292, 40.90692],
          [-112.01414, 40.90967],
          [-112, 40.91102]
        ]
      }
    },
    {
      "type": "Feature",
      "id": "2026090312_f204_13000_001",
      "properties": {
        "product_id": "winter_storm_levels",
        "source_id": "nbm_snow_level",
        "parameter": "snow_level",
        "definition": "height of the wet-bulb 0.5 degree C surface",
        "level_ft_msl": 13000,
        "label": "13,000 ft MSL",
        "unit": "ft_msl",
        "cycle_time_utc": "2026-09-03T12:00:00Z",
        "valid_time_utc": "2026-09-12T00:00:00Z",
        "lead_hours": 204,
        "segment": 1,
        "length_m": 931872.1
      },
      "geometry": {
        "type": "LineString",
        "coordinates": [
          [-113.73621, 30.09026],
          [-113.72785, 30.09983],
          [-113.71832, 30.11073],
          [-113.70542, 30.12549],
          [-113.67938, 30.12861],
          [-113.65332, 30.13174],
          [-113.63627, 30.12057],
          [-113.62367, 30.11232],
          [-113.61413, 30.12322],
          [-113.60122, 30.13797],
          [-113.57516, 30.14108],
          [-113.56561, 30.15197],
          [-113.55269, 30.16671],
          [-113.54314, 30.17761],
          [-113.53022, 30.19235],
          [-113.50415, 30.19544],
          [-113.49459, 30.20633],
          [-113.48165, 30.22107],
          [-113.45557, 30.22416],
          [-113.44601, 30.23505],
          [-113.43306, 30.24977],
          [-113.42349, 30.26066],
          [-113.41054, 30.27539],
          [-113.40097, 30.28627],
          [-113.38801, 30.301],
          [-113.36192, 30.30407],
          [-113.35234, 30.31495],
          [-113.33937, 30.32967],
          [-113.32978, 30.34055],
          [-113.31681, 30.35526],
          [-113.30722, 30.36614],
          [-113.29425, 30.38086],
          [-113.28465, 30.39173],
          [-113.2882, 30.41426],
          [-113.27521, 30.42897],
          [-113.26562, 30.43985],
          [-113.26916, 30.46237],
          [-113.25617, 30.47708],
          [-113.24656, 30.48795],
          [-113.23356, 30.50266],
          [-113.20742, 30.50571],
          [-113.1978, 30.51657],
          [-113.1848, 30.53128],
          [-113.17518, 30.54214],
          [-113.16217, 30.55684],
          [-113.15255, 30.5677],
          [-113.13953, 30.5824],
          [-113.1299, 30.59326],
          [-113.11688, 30.60796],
          [-113.10725, 30.61882],
          [-113.11077, 30.64134],
          [-113.09774, 30.65603],
          [-113.0881, 30.66689],
          [-113.07506, 30.68158],
          [-113.06543, 30.69244],
          [-113.06894, 30.71496],
          [-113.05589, 30.72965],
          [-113.04625, 30.7405],
          [-113.04976, 30.76302],
          [-113.0367, 30.7777],
          [-113.02705, 30.78856],
          [-113.03056, 30.81108],
          [-113.0175, 30.82576],
          [-113.00784, 30.83661],
          [-113.01135, 30.85912],
          [-112.99828, 30.8738],
          [-112.98862, 30.88465],
          [-112.99212, 30.90717],
          [-112.97904, 30.92184],
          [-112.96938, 30.93269],
          [-112.97288, 30.9552],
          [-112.97638, 30.97772],
          [-112.96329, 30.99239],
          [-112.95362, 31.00323],
          [-112.95712, 31.02574],
          [-112.96062, 31.04825],
          [-112.96412, 31.07076],
          [-112.95102, 31.08543],
          [-112.94134, 31.09627],
          [-112.94484, 31.11878],
          [-112.94834, 31.14129],
          [-112.95184, 31.1638],
          [-112.93873, 31.17846],
          [-112.92904, 31.1893],
          [-112.93254, 31.2118],
          [-112.93604, 31.23431],
          [-112.93954, 31.25681],
          [-112.94304, 31.27931],
          [-112.94655, 31.30181],
          [-112.93342, 31.31647],
          [-112.92372, 31.32731],
          [-112.92722, 31.34981],
          [-112.93073, 31.3723],
          [-112.93423, 31.3948],
          [-112.92109, 31.40946],
          [-112.91138, 31.42029],
          [-112.91488, 31.44278],
          [-112.91839, 31.46528],
          [-112.9219, 31.48777],
          [-112.9254, 31.51026],
          [-112.92891, 31.53275],
          [-112.93242, 31.55524],
          [-112.93593, 31.57773],
          [-112.93945, 31.60022],
          [-112.94296, 31.62271],
          [-112.94648, 31.64519],
          [-112.95, 31.66768],
          [-112.93683, 31.68232],
          [-112.92709, 31.69315],
          [-112.93061, 31.71563],
          [-112.93412, 31.73811],
          [-112.93764, 31.76059],
          [-112.94116, 31.78307],
          [-112.94468, 31.80555],
          [-112.9482, 31.82803],
          [-112.95173, 31.8505],
          [-112.95525, 31.87298],
          [-112.95878, 31.89545],
          [-112.96231, 31.91792],
          [-112.96584, 31.94039],
          [-112.96937, 31.96286],
          [-112.9729, 31.98533],
          [-112.98566, 31.9936],
          [-113.00292, 32.0048],
          [-113.00646, 32.02726],
          [-113.01, 32.04973],
          [-113.01355, 32.07219],
          [-113.02632, 32.08046],
          [-113.0436, 32.09165],
          [-113.04715, 32.11411],
          [-113.0507, 32.13657],
          [-113.06349, 32.14483],
          [-113.08078, 32.15601],
          [-113.08434, 32.17847],
          [-113.0879, 32.20092],
          [-113.1007, 32.20918],
          [-113.11801, 32.22036],
          [-113.12158, 32.24281],
          [-113.12515, 32.26526],
          [-113.12872, 32.28771],
          [-113.14152, 32.29597],
          [-113.15885, 32.30714],
          [-113.16243, 32.32958],
          [-113.16601, 32.35203],
          [-113.16959, 32.37447],
          [-113.17317, 32.39692],
          [-113.17676, 32.41936],
          [-113.18035, 32.4418],
          [-113.18393, 32.46424],
          [-113.18752, 32.48668],
          [-113.19111, 32.50911],
          [-113.17788, 32.52375],
          [-113.17375, 32.53393],
          [-113.17168, 32.55701],
          [-113.17527, 32.57944],
          [-113.17887, 32.60187],
          [-113.18246, 32.6243],
          [-113.18605, 32.64673],
          [-113.18965, 32.66916],
          [-113.19324, 32.69159],
          [-113.17999, 32.70622],
          [-113.17019, 32.71704],
          [-113.17378, 32.73946],
          [-113.17738, 32.76189],
          [-113.18098, 32.78431],
          [-113.17691, 32.8076],
          [-113.17131, 32.82136],
          [-113.1615, 32.83217],
          [-113.16509, 32.85459],
          [-113.16869, 32.87701],
          [-113.17229, 32.89942],
          [-113.17589, 32.92184],
          [-113.17181, 32.94512],
          [-113.16621, 32.95887],
          [-113.15638, 32.96968],
          [-113.15998, 32.99209],
          [-113.16358, 33.0145],
          [-113.16719, 33.03691],
          [-113.17079, 33.05932],
          [-113.1744, 33.08172],
          [-113.178, 33.10413],
          [-113.18161, 33.12653],
          [-113.18522, 33.14893],
          [-113.18883, 33.17133],
          [-113.19244, 33.19373],
          [-113.19606, 33.21612],
          [-113.19967, 33.23852],
          [-113.20329, 33.26091],
          [-113.18997, 33.27553],
          [-113.18012, 33.28633],
          [-113.18374, 33.30872],
          [-113.18735, 33.33111],
          [-113.17402, 33.34572],
          [-113.16417, 33.35652],
          [-113.15083, 33.37113],
          [-113.14097, 33.38192],
          [-113.12763, 33.39653],
          [-113.11776, 33.40732],
          [-113.12137, 33.42971],
          [-113.12498, 33.45209],
          [-113.11162, 33.46669],
          [-113.10175, 33.47748],
          [-113.10536, 33.49987],
          [-113.092, 33.51446],
          [-113.08212, 33.52525],
          [-113.06875, 33.53985],
          [-113.0419, 33.54284],
          [-113.03201, 33.55363],
          [-113.03561, 33.57601],
          [-113.0392, 33.59839],
          [-113.05215, 33.60662],
          [-113.06967, 33.61776],
          [-113.07327, 33.64014],
          [-113.07688, 33.66251],
          [-113.08983, 33.67074],
          [-113.11671, 33.66774],
          [-113.14359, 33.66473],
          [-113.16113, 33.67586],
          [-113.16475, 33.69823],
          [-113.17772, 33.70645],
          [-113.19527, 33.71758],
          [-113.18189, 33.73217],
          [-113.172, 33.74296],
          [-113.15862, 33.75755],
          [-113.14873, 33.76834],
          [-113.15235, 33.7907],
          [-113.16533, 33.79892],
          [-113.19224, 33.79591],
          [-113.20213, 33.78512],
          [-113.21551, 33.77053],
          [-113.24241, 33.7675],
          [-113.25997, 33.77862],
          [-113.27296, 33.78683],
          [-113.29053, 33.79794],
          [-113.29418, 33.8203],
          [-113.29783, 33.84266],
          [-113.30149, 33.86501],
          [-113.31449, 33.87322],
          [-113.33207, 33.88433],
          [-113.31869, 33.89893],
          [-113.3088, 33.90972],
          [-113.29542, 33.92432],
          [-113.28553, 33.9351],
          [-113.27214, 33.9497],
          [-113.26224, 33.96049],
          [-113.24884, 33.97508],
          [-113.22189, 33.9781],
          [-113.21199, 33.98888],
          [-113.21563, 34.01123],
          [-113.20222, 34.02582],
          [-113.17526, 34.02883],
          [-113.16534, 34.03961],
          [-113.16898, 34.06196],
          [-113.17262, 34.0843],
          [-113.15919, 34.09888],
          [-113.14927, 34.10965],
          [-113.15291, 34.13199],
          [-113.15654, 34.15433],
          [-113.16018, 34.17667],
          [-113.14675, 34.19125],
          [-113.13681, 34.20202],
          [-113.14045, 34.22435],
          [-113.14409, 34.24669],
          [-113.13064, 34.26126],
          [-113.1207, 34.27202],
          [-113.12434, 34.29436],
          [-113.12797, 34.31669],
          [-113.13161, 34.33901],
          [-113.13525, 34.36134],
          [-113.12179, 34.3759],
          [-113.11184, 34.38667],
          [-113.11547, 34.40899],
          [-113.11911, 34.43131],
          [-113.12275, 34.45363],
          [-113.12639, 34.47595],
          [-113.13003, 34.49827],
          [-113.13368, 34.52059],
          [-113.13732, 34.5429],
          [-113.14097, 34.56521],
          [-113.15403, 34.57342],
          [-113.17172, 34.58452],
          [-113.17537, 34.60683],
          [-113.17903, 34.62913],
          [-113.18268, 34.65144],
          [-113.19576, 34.65964],
          [-113.21346, 34.67073],
          [-113.21713, 34.69303],
          [-113.2208, 34.71533],
          [-113.22446, 34.73763],
          [-113.22813, 34.75993],
          [-113.23181, 34.78223],
          [-113.23548, 34.80452],
          [-113.23915, 34.82681],
          [-113.24283, 34.8491],
          [-113.24651, 34.87139],
          [-113.25019, 34.89368],
          [-113.25387, 34.91597],
          [-113.24036, 34.93051],
          [-113.23037, 34.94127],
          [-113.23405, 34.96355],
          [-113.23773, 34.98583],
          [-113.2242, 35.00037],
          [-113.21421, 35.01112],
          [-113.22367, 35.03276],
          [-113.22156, 35.05568],
          [-113.21742, 35.07882],
          [-113.21171, 35.09249],
          [-113.18527, 35.10023],
          [-113.17448, 35.10624],
          [-113.17815, 35.12851],
          [-113.1646, 35.14305],
          [-113.15459, 35.15379],
          [-113.15826, 35.17606],
          [-113.16193, 35.19832],
          [-113.1656, 35.22059],
          [-113.16928, 35.24285],
          [-113.17295, 35.26512],
          [-113.17663, 35.28738],
          [-113.18978, 35.29556],
          [-113.20758, 35.30663],
          [-113.21127, 35.32889],
          [-113.22443, 35.33707],
          [-113.24224, 35.34813],
          [-113.25541, 35.35631],
          [-113.27322, 35.36737],
          [-113.28639, 35.37554],
          [-113.30421, 35.3866],
          [-113.31739, 35.39477],
          [-113.33522, 35.40582],
          [-113.33893, 35.42807],
          [-113.34265, 35.45031],
          [-113.35584, 35.45848],
          [-113.37368, 35.46953],
          [-113.3774, 35.49177],
          [-113.36384, 35.5063],
          [-113.35381, 35.51704],
          [-113.35753, 35.53928],
          [-113.36125, 35.56151],
          [-113.36498, 35.58375],
          [-113.3514, 35.59827],
          [-113.34136, 35.60901],
          [-113.34508, 35.63124],
          [-113.3315, 35.64576],
          [-113.32145, 35.65649],
          [-113.30786, 35.67101],
          [-113.29781, 35.68174],
          [-113.30153, 35.70397],
          [-113.28792, 35.71848],
          [-113.27787, 35.72921],
          [-113.26426, 35.74372],
          [-113.2542, 35.75444],
          [-113.25791, 35.77666],
          [-113.24429, 35.79117],
          [-113.23423, 35.80189],
          [-113.2206, 35.8164],
          [-113.21053, 35.82712],
          [-113.1969, 35.84162],
          [-113.18683, 35.85233],
          [-113.19053, 35.87455],
          [-113.17689, 35.88905],
          [-113.16681, 35.89976],
          [-113.15316, 35.91425],
          [-113.14307, 35.92497],
          [-113.12942, 35.93946],
          [-113.11933, 35.95017],
          [-113.10568, 35.96465],
          [-113.09558, 35.97536],
          [-113.08192, 35.98984],
          [-113.07182, 36.00055],
          [-113.05815, 36.01503],
          [-113.04804, 36.02573],
          [-113.03437, 36.04021],
          [-113.02426, 36.05091],
          [-113.01057, 36.06538],
          [-113.00046, 36.07608],
          [-112.98677, 36.09055],
          [-112.97665, 36.10124],
          [-112.96296, 36.11571],
          [-112.93548, 36.11867],
          [-112.92535, 36.12936],
          [-112.91164, 36.14382],
          [-112.88415, 36.14677],
          [-112.87402, 36.15745],
          [-112.8603, 36.17191],
          [-112.8328, 36.17485],
          [-112.82266, 36.18553],
          [-112.80894, 36.19998],
          [-112.79879, 36.21066],
          [-112.78506, 36.22511],
          [-112.75754, 36.22804],
          [-112.74739, 36.23871],
          [-112.73365, 36.25315],
          [-112.70612, 36.25607],
          [-112.69596, 36.26674],
          [-112.68221, 36.28118],
          [-112.65468, 36.28409],
          [-112.64451, 36.29475],
          [-112.63074, 36.30918],
          [-112.6032, 36.31208],
          [-112.59303, 36.32275],
          [-112.57925, 36.33717],
          [-112.56907, 36.34783],
          [-112.55529, 36.36225],
          [-112.54511, 36.37291],
          [-112.53132, 36.38733],
          [-112.52113, 36.39799],
          [-112.50734, 36.4124],
          [-112.47977, 36.41528],
          [-112.46957, 36.42593],
          [-112.45577, 36.44034],
          [-112.44556, 36.45099],
          [-112.43175, 36.46539],
          [-112.42155, 36.47604],
          [-112.40773, 36.49044],
          [-112.39752, 36.50109],
          [-112.3837, 36.51549],
          [-112.37348, 36.52613],
          [-112.35965, 36.54052],
          [-112.34943, 36.55116],
          [-112.35298, 36.57334],
          [-112.33915, 36.58773],
          [-112.32892, 36.59837],
          [-112.31507, 36.61276],
          [-112.30484, 36.62339],
          [-112.29099, 36.63777],
          [-112.28075, 36.64841],
          [-112.2669, 36.66279],
          [-112.25665, 36.67342],
          [-112.24279, 36.68779],
          [-112.21515, 36.69063],
          [-112.2049, 36.70125],
          [-112.19102, 36.71562],
          [-112.18077, 36.72624],
          [-112.16689, 36.74061],
          [-112.15663, 36.75123],
          [-112.14274, 36.7656],
          [-112.13248, 36.77622],
          [-112.11859, 36.79058],
          [-112.09091, 36.79339],
          [-112.08064, 36.804],
          [-112.06674, 36.81836],
          [-112.05646, 36.82897],
          [-112.04255, 36.84332],
          [-112.03227, 36.85393],
          [-112.01836, 36.86828],
          [-112.00807, 36.87888],
          [-112, 36.8872]
        ]
      }
    },
    {
      "type": "Feature",
      "id": "2026090312_f204_13000_002",
      "properties": {
        "product_id": "winter_storm_levels",
        "source_id": "nbm_snow_level",
        "parameter": "snow_level",
        "definition": "height of the wet-bulb 0.5 degree C surface",
        "level_ft_msl": 13000,
        "label": "13,000 ft MSL",
        "unit": "ft_msl",
        "cycle_time_utc": "2026-09-03T12:00:00Z",
        "valid_time_utc": "2026-09-12T00:00:00Z",
        "lead_hours": 204,
        "segment": 2,
        "length_m": 7358.1
      },
      "geometry": {
        "type": "LineString",
        "coordinates": [
          [-114.78342, 30.43869],
          [-114.76952, 30.44705],
          [-114.75342, 30.44248],
          [-114.76622, 30.42765],
          [-114.78342, 30.43869]
        ]
      }
    },
    {
      "type": "Feature",
      "id": "2026090312_f204_13000_003",
      "properties": {
        "product_id": "winter_storm_levels",
        "source_id": "nbm_snow_level",
        "parameter": "snow_level",
        "definition": "height of the wet-bulb 0.5 degree C surface",
        "level_ft_msl": 13000,
        "label": "13,000 ft MSL",
        "unit": "ft_msl",
        "cycle_time_utc": "2026-09-03T12:00:00Z",
        "valid_time_utc": "2026-09-12T00:00:00Z",
        "lead_hours": 204,
        "segment": 3,
        "length_m": 266263.5
      },
      "geometry": {
        "type": "LineString",
        "coordinates": [
          [-115.57833, 30.97959],
          [-115.57432, 30.95714],
          [-115.57032, 30.93468],
          [-115.56632, 30.91223],
          [-115.56232, 30.88977],
          [-115.55832, 30.86732],
          [-115.55432, 30.84486],
          [-115.53725, 30.82412],
          [-115.53326, 30.80166],
          [-115.52927, 30.77919],
          [-115.51946, 30.76726],
          [-115.51221, 30.75845],
          [-115.49516, 30.73769],
          [-115.48535, 30.72576],
          [-115.47811, 30.71694],
          [-115.46858, 30.6952],
          [-115.45128, 30.68425],
          [-115.43849, 30.67615],
          [-115.42118, 30.66519],
          [-115.41395, 30.65637],
          [-115.40444, 30.63462],
          [-115.38715, 30.62366],
          [-115.37437, 30.61555],
          [-115.35708, 30.60459],
          [-115.34431, 30.59648],
          [-115.32703, 30.58551],
          [-115.31425, 30.5774],
          [-115.29698, 30.56643],
          [-115.27088, 30.56982],
          [-115.25811, 30.5617],
          [-115.24084, 30.55073],
          [-115.22808, 30.54261],
          [-115.21082, 30.53163],
          [-115.19807, 30.52351],
          [-115.18081, 30.51252],
          [-115.15471, 30.51589],
          [-115.14196, 30.50776],
          [-115.15139, 30.49678],
          [-115.16415, 30.48192],
          [-115.15274, 30.4604],
          [-115.143, 30.44844],
          [-115.1358, 30.4396],
          [-115.11886, 30.4188],
          [-115.11024, 30.4133],
          [-115.08305, 30.41019],
          [-115.05697, 30.41354],
          [-115.04421, 30.4284],
          [-115.03478, 30.43938],
          [-115.00869, 30.44273],
          [-114.98261, 30.44607],
          [-114.95652, 30.4494],
          [-114.93044, 30.45274],
          [-114.91765, 30.46758],
          [-114.90821, 30.47855],
          [-114.89542, 30.4934],
          [-114.88597, 30.50437],
          [-114.87317, 30.51921],
          [-114.86372, 30.53017],
          [-114.85092, 30.54501],
          [-114.85477, 30.5675],
          [-114.84531, 30.57847],
          [-114.8325, 30.5933],
          [-114.83635, 30.61579],
          [-114.8402, 30.63827],
          [-114.83073, 30.64924],
          [-114.81792, 30.66407],
          [-114.82177, 30.68655],
          [-114.82562, 30.70903],
          [-114.82947, 30.73151],
          [-114.83332, 30.75399],
          [-114.82384, 30.76496],
          [-114.81101, 30.77978],
          [-114.81486, 30.80226],
          [-114.81872, 30.82474],
          [-114.82257, 30.84722],
          [-114.82643, 30.86969],
          [-114.83029, 30.89217],
          [-114.83414, 30.91464],
          [-114.838, 30.93711],
          [-114.84187, 30.95959],
          [-114.84573, 30.98206],
          [-114.8496, 31.00453],
          [-114.86689, 31.01554],
          [-114.87968, 31.02368],
          [-114.88355, 31.04614],
          [-114.88743, 31.06861],
          [-114.90474, 31.07962],
          [-114.91754, 31.08775],
          [-114.93485, 31.09876],
          [-114.94765, 31.10689],
          [-114.96498, 31.11789],
          [-114.97778, 31.12602],
          [-114.99511, 31.13702],
          [-115.00792, 31.14514],
          [-115.02525, 31.15614],
          [-115.03807, 31.16426],
          [-115.05541, 31.17525],
          [-115.08165, 31.1719],
          [-115.1079, 31.16855],
          [-115.12072, 31.17667],
          [-115.13807, 31.18765],
          [-115.16431, 31.18428],
          [-115.19056, 31.18092],
          [-115.20339, 31.18903],
          [-115.22075, 31.2],
          [-115.24699, 31.19662],
          [-115.27324, 31.19324],
          [-115.29948, 31.18986],
          [-115.31232, 31.19796],
          [-115.32969, 31.20892],
          [-115.35593, 31.20552],
          [-115.38218, 31.20212],
          [-115.40842, 31.19872],
          [-115.43352, 31.18886],
          [-115.44746, 31.18045],
          [-115.45691, 31.16946],
          [-115.4697, 31.15459],
          [-115.47915, 31.1436],
          [-115.49194, 31.12872],
          [-115.50138, 31.11773],
          [-115.51416, 31.10285],
          [-115.5236, 31.09186],
          [-115.53638, 31.07698],
          [-115.54581, 31.06598],
          [-115.55105, 31.05209],
          [-115.56014, 31.02792],
          [-115.56401, 31.01765],
          [-115.56924, 31.00376],
          [-115.57833, 30.97959]
        ]
      }
    }
  ]
}

