{
  "type": "FeatureCollection",
  "contract_version": "1.0.0",
  "bbox": [-130, 30.04852, -112, 44.5],
  "features": [
    {
      "type": "Feature",
      "id": "2026082406_f006_09000_001",
      "properties": {
        "product_id": "winter_storm_levels",
        "source_id": "nbm_snow_level",
        "parameter": "snow_level",
        "definition": "height of the wet-bulb 0.5 degree C surface",
        "level_ft_msl": 9000,
        "label": "9,000 ft MSL",
        "unit": "ft_msl",
        "cycle_time_utc": "2026-08-24T06:00:00Z",
        "valid_time_utc": "2026-08-24T12:00:00Z",
        "lead_hours": 6,
        "segment": 1,
        "length_m": 13606.7
      },
      "geometry": {
        "type": "LineString",
        "coordinates": [
          [-129.40975, 31.32886],
          [-129.40784, 31.33162],
          [-129.39069, 31.35652],
          [-129.38879, 31.35929],
          [-129.36306, 31.36498],
          [-129.35982, 31.36336],
          [-129.36173, 31.36059],
          [-129.37888, 31.33569],
          [-129.38079, 31.33292],
          [-129.40651, 31.32723],
          [-129.40975, 31.32886]
        ]
      }
    },
    {
      "type": "Feature",
      "id": "2026082406_f006_09000_002",
      "properties": {
        "product_id": "winter_storm_levels",
        "source_id": "nbm_snow_level",
        "parameter": "snow_level",
        "definition": "height of the wet-bulb 0.5 degree C surface",
        "level_ft_msl": 9000,
        "label": "9,000 ft MSL",
        "unit": "ft_msl",
        "cycle_time_utc": "2026-08-24T06:00:00Z",
        "valid_time_utc": "2026-08-24T12:00:00Z",
        "lead_hours": 6,
        "segment": 2,
        "length_m": 11521.2
      },
      "geometry": {
        "type": "LineString",
        "coordinates": [
          [-129.44683, 31.17991],
          [-129.44493, 31.18268],
          [-129.41924, 31.18838],
          [-129.41601, 31.18675],
          [-129.40934, 31.16478],
          [-129.41124, 31.16201],
          [-129.43693, 31.15631],
          [-129.44016, 31.15793],
          [-129.44683, 31.17991]
        ]
      }
    },
    {
      "type": "Feature",
      "id": "2026082406_f006_09000_003",
      "properties": {
        "product_id": "winter_storm_levels",
        "source_id": "nbm_snow_level",
        "parameter": "snow_level",
        "definition": "height of the wet-bulb 0.5 degree C surface",
        "level_ft_msl": 9000,
        "label": "9,000 ft MSL",
        "unit": "ft_msl",
        "cycle_time_utc": "2026-08-24T06:00:00Z",
        "valid_time_utc": "2026-08-24T12:00:00Z",
        "lead_hours": 6,
        "segment": 3,
        "length_m": 30542.7
      },
      "geometry": {
        "type": "LineString",
        "coordinates": [
          [-129.61467, 31.37948],
          [-129.59756, 31.4044],
          [-129.59565, 31.40716],
          [-129.56992, 31.41289],
          [-129.54419, 31.41861],
          [-129.54095, 31.41699],
          [-129.53425, 31.39503],
          [-129.50506, 31.3804],
          [-129.50182, 31.37878],
          [-129.49513, 31.35681],
          [-129.48844, 31.33485],
          [-129.49035, 31.33208],
          [-129.51606, 31.32637],
          [-129.54178, 31.32065],
          [-129.56749, 31.31492],
          [-129.59319, 31.3092]
        ]
      }
    },
    {
      "type": "Feature",
      "id": "2026082406_f006_09000_004",
      "properties": {
        "product_id": "winter_storm_levels",
        "source_id": "nbm_snow_level",
        "parameter": "snow_level",
        "definition": "height of the wet-bulb 0.5 degree C surface",
        "level_ft_msl": 9000,
        "label": "9,000 ft MSL",
        "unit": "ft_msl",
        "cycle_time_utc": "2026-08-24T06:00:00Z",
        "valid_time_utc": "2026-08-24T12:00:00Z",
        "lead_hours": 6,
        "segment": 4,
        "length_m": 712.6
      },
      "geometry": {
        "type": "LineString",
        "coordinates": [
          [-129.65499, 31.51121],
          [-129.65175, 31.50959],
          [-129.65365, 31.50682]
        ]
      }
    },
    {
      "type": "Feature",
      "id": "2026082406_f006_09000_005",
      "properties": {
        "product_id": "winter_storm_levels",
        "source_id": "nbm_snow_level",
        "parameter": "snow_level",
        "definition": "height of the wet-bulb 0.5 degree C surface",
        "level_ft_msl": 9000,
        "label": "9,000 ft MSL",
        "unit": "ft_msl",
        "cycle_time_utc": "2026-08-24T06:00:00Z",
        "valid_time_utc": "2026-08-24T12:00:00Z",
        "lead_hours": 6,
        "segment": 5,
        "length_m": 85883.2
      },
      "geometry": {
        "type": "LineString",
        "coordinates": [
          [-129.70457, 32.20091],
          [-129.70266, 32.20368],
          [-129.68545, 32.22856],
          [-129.68353, 32.23133],
          [-129.65762, 32.23706],
          [-129.63171, 32.24279],
          [-129.60579, 32.24851],
          [-129.58855, 32.27338],
          [-129.58663, 32.27614],
          [-129.56071, 32.28186],
          [-129.53478, 32.28757],
          [-129.51752, 32.31243],
          [-129.5156, 32.31519],
          [-129.48966, 32.3209],
          [-129.46372, 32.32659],
          [-129.44643, 32.35145],
          [-129.44451, 32.35421],
          [-129.41856, 32.3599],
          [-129.4153, 32.35828],
          [-129.38588, 32.34366],
          [-129.38262, 32.34204],
          [-129.37589, 32.32011],
          [-129.37781, 32.31735],
          [-129.39511, 32.29251],
          [-129.39703, 32.28974],
          [-129.42296, 32.28406],
          [-129.44024, 32.2592],
          [-129.44216, 32.25644],
          [-129.45944, 32.23158],
          [-129.46135, 32.22882],
          [-129.47862, 32.20396],
          [-129.48053, 32.20119],
          [-129.50645, 32.19549],
          [-129.53235, 32.18979],
          [-129.5496, 32.16491],
          [-129.55151, 32.16215],
          [-129.57741, 32.15644],
          [-129.60331, 32.15072],
          [-129.60657, 32.15234],
          [-129.63596, 32.16692],
          [-129.66186, 32.16119],
          [-129.68775, 32.15546],
          [-129.69102, 32.15708],
          [-129.69779, 32.17899],
          [-129.70457, 32.20091]
        ]
      }
    },
    {
      "type": "Feature",
      "id": "2026082406_f006_09000_006",
      "properties": {
        "product_id": "winter_storm_levels",
        "source_id": "nbm_snow_level",
        "parameter": "snow_level",
        "definition": "height of the wet-bulb 0.5 degree C surface",
        "level_ft_msl": 9000,
        "label": "9,000 ft MSL",
        "unit": "ft_msl",
        "cycle_time_utc": "2026-08-24T06:00:00Z",
        "valid_time_utc": "2026-08-24T12:00:00Z",
        "lead_hours": 6,
        "segment": 6,
        "length_m": 11823.1
      },
      "geometry": {
        "type": "LineString",
        "coordinates": [
          [-129.80366, 31.99384],
          [-129.77781, 31.9996],
          [-129.75195, 32.00534],
          [-129.74869, 32.00373],
          [-129.7506, 32.00096],
          [-129.76776, 31.97605],
          [-129.76967, 31.97329],
          [-129.79552, 31.96753]
        ]
      }
    },
    {
      "type": "Feature",
      "id": "2026082406_f006_09000_007",
      "properties": {
        "product_id": "winter_storm_levels",
        "source_id": "nbm_snow_level",
        "parameter": "snow_level",
        "definition": "height of the wet-bulb 0.5 degree C surface",
        "level_ft_msl": 9000,
        "label": "9,000 ft MSL",
        "unit": "ft_msl",
        "cycle_time_utc": "2026-08-24T06:00:00Z",
        "valid_time_utc": "2026-08-24T12:00:00Z",
        "lead_hours": 6,
        "segment": 7,
        "length_m": 1436224.6
      },
      "geometry": {
        "type": "LineString",
        "coordinates": [
          [-130, 33.92685],
          [-129.99457, 33.93458],
          [-129.99264, 33.93734],
          [-129.97522, 33.96215],
          [-129.97329, 33.9649],
          [-129.95586, 33.98971],
          [-129.92956, 33.99545],
          [-129.92762, 33.99821],
          [-129.91018, 34.02301],
          [-129.88387, 34.02875],
          [-129.88193, 34.0315],
          [-129.86448, 34.05629],
          [-129.83816, 34.06202],
          [-129.83622, 34.06477],
          [-129.81875, 34.08956],
          [-129.81681, 34.09231],
          [-129.79933, 34.11709],
          [-129.77299, 34.12281],
          [-129.77105, 34.12556],
          [-129.75355, 34.15033],
          [-129.7272, 34.15604],
          [-129.72526, 34.15879],
          [-129.70775, 34.18356],
          [-129.7058, 34.18631],
          [-129.68829, 34.21106],
          [-129.66192, 34.21677],
          [-129.65997, 34.21952],
          [-129.64244, 34.24427],
          [-129.61606, 34.24996],
          [-129.61411, 34.25271],
          [-129.59656, 34.27745],
          [-129.57018, 34.28314],
          [-129.56823, 34.28589],
          [-129.55066, 34.31062],
          [-129.54871, 34.31337],
          [-129.53114, 34.33811],
          [-129.52919, 34.34085],
          [-129.5116, 34.36558],
          [-129.48519, 34.37125],
          [-129.48324, 34.374],
          [-129.46564, 34.39872],
          [-129.46369, 34.40147],
          [-129.44608, 34.42618],
          [-129.44413, 34.42893],
          [-129.42651, 34.45364],
          [-129.42455, 34.45639],
          [-129.40693, 34.48109],
          [-129.38049, 34.48675],
          [-129.37853, 34.48949],
          [-129.36089, 34.51419],
          [-129.35893, 34.51694],
          [-129.34128, 34.54163],
          [-129.33932, 34.54438],
          [-129.32167, 34.56907],
          [-129.2952, 34.5747],
          [-129.29324, 34.57745],
          [-129.27557, 34.60213],
          [-129.24909, 34.60776],
          [-129.24712, 34.6105],
          [-129.22944, 34.63518],
          [-129.22747, 34.63792],
          [-129.20978, 34.6626],
          [-129.20781, 34.66534],
          [-129.19011, 34.69001],
          [-129.1636, 34.69562],
          [-129.16163, 34.69836],
          [-129.14391, 34.72302],
          [-129.14195, 34.72576],
          [-129.12422, 34.75042],
          [-129.12225, 34.75316],
          [-129.10451, 34.77781],
          [-129.07798, 34.78341],
          [-129.07601, 34.78615],
          [-129.05826, 34.81079],
          [-129.03172, 34.81638],
          [-129.02974, 34.81912],
          [-129.01198, 34.84376],
          [-129.01, 34.8465],
          [-128.99223, 34.87113],
          [-128.96567, 34.87671],
          [-128.96369, 34.87944],
          [-128.9459, 34.90407],
          [-128.94392, 34.90681],
          [-128.92612, 34.93143],
          [-128.92415, 34.93416],
          [-128.90634, 34.95878],
          [-128.87975, 34.96434],
          [-128.87777, 34.96708],
          [-128.85995, 34.99169],
          [-128.85797, 34.99442],
          [-128.84014, 35.01903],
          [-128.81353, 35.02458],
          [-128.81155, 35.02731],
          [-128.7937, 35.05191],
          [-128.76709, 35.05745],
          [-128.76511, 35.06019],
          [-128.74724, 35.08478],
          [-128.72062, 35.09031],
          [-128.71863, 35.09304],
          [-128.70075, 35.11763],
          [-128.67412, 35.12315],
          [-128.67214, 35.12589],
          [-128.65424, 35.15046],
          [-128.65225, 35.15319],
          [-128.63435, 35.17776],
          [-128.63236, 35.18049],
          [-128.63911, 35.20227],
          [-128.62119, 35.22684],
          [-128.6192, 35.22957],
          [-128.60128, 35.25413],
          [-128.57461, 35.25964],
          [-128.57262, 35.26236],
          [-128.55468, 35.28692],
          [-128.55268, 35.28965],
          [-128.53473, 35.3142],
          [-128.50805, 35.31969],
          [-128.50605, 35.32242],
          [-128.48809, 35.34696],
          [-128.48609, 35.34969],
          [-128.46812, 35.37422],
          [-128.44141, 35.37971],
          [-128.43941, 35.38243],
          [-128.42143, 35.40696],
          [-128.39471, 35.41244],
          [-128.39271, 35.41517],
          [-128.37471, 35.43969],
          [-128.34798, 35.44516],
          [-128.34598, 35.44788],
          [-128.32796, 35.47239],
          [-128.30122, 35.47785],
          [-128.29922, 35.48058],
          [-128.28118, 35.50508],
          [-128.25444, 35.51054],
          [-128.25243, 35.51326],
          [-128.23438, 35.53776],
          [-128.20762, 35.5432],
          [-128.20562, 35.54592],
          [-128.18755, 35.57041],
          [-128.18554, 35.57313],
          [-128.16747, 35.59762],
          [-128.14069, 35.60305],
          [-128.13868, 35.60577],
          [-128.12059, 35.63025],
          [-128.11858, 35.63297],
          [-128.10048, 35.65744],
          [-128.07369, 35.66286],
          [-128.07167, 35.66558],
          [-128.05356, 35.69005],
          [-128.05154, 35.69277],
          [-128.03342, 35.71723],
          [-128.00661, 35.72264],
          [-128.00459, 35.72535],
          [-127.98645, 35.74981],
          [-127.98444, 35.75252],
          [-127.96629, 35.77697],
          [-127.96427, 35.77969],
          [-127.97092, 35.80145],
          [-127.95276, 35.8259],
          [-127.95074, 35.82861],
          [-127.93257, 35.85305],
          [-127.93055, 35.85577],
          [-127.93721, 35.87752],
          [-127.91903, 35.90196],
          [-127.89217, 35.90734],
          [-127.89014, 35.91006],
          [-127.87195, 35.93448],
          [-127.84508, 35.93986],
          [-127.84305, 35.94258],
          [-127.82484, 35.96699],
          [-127.79796, 35.97236],
          [-127.79593, 35.97508],
          [-127.77771, 35.99948],
          [-127.77568, 36.0022],
          [-127.75744, 36.0266],
          [-127.73054, 36.03196],
          [-127.72851, 36.03467],
          [-127.71026, 36.05907],
          [-127.70823, 36.06178],
          [-127.68997, 36.08617],
          [-127.68794, 36.08888],
          [-127.66967, 36.11327],
          [-127.64274, 36.11861],
          [-127.64071, 36.12132],
          [-127.62242, 36.1457],
          [-127.62039, 36.14841],
          [-127.60209, 36.17278],
          [-127.60006, 36.17549],
          [-127.58175, 36.19986],
          [-127.5548, 36.20519],
          [-127.55277, 36.2079],
          [-127.53445, 36.23226],
          [-127.53241, 36.23497],
          [-127.51408, 36.25932],
          [-127.51204, 36.26203],
          [-127.4937, 36.28638],
          [-127.46673, 36.29169],
          [-127.46469, 36.2944],
          [-127.44633, 36.31874],
          [-127.41934, 36.32405],
          [-127.4173, 36.32675],
          [-127.39893, 36.35109],
          [-127.37193, 36.35638],
          [-127.36989, 36.35909],
          [-127.3515, 36.38342],
          [-127.3245, 36.3887],
          [-127.29749, 36.39398],
          [-127.29544, 36.39669],
          [-127.27703, 36.421],
          [-127.25001, 36.42628],
          [-127.24796, 36.42898],
          [-127.22954, 36.45329],
          [-127.20251, 36.45855],
          [-127.17548, 36.46382],
          [-127.17343, 36.46652],
          [-127.15498, 36.49081],
          [-127.12793, 36.49607],
          [-127.10089, 36.50131],
          [-127.07384, 36.50656],
          [-127.07179, 36.50926],
          [-127.05331, 36.53354],
          [-127.02625, 36.53878],
          [-127.02419, 36.54147],
          [-127.0057, 36.56575],
          [-126.97863, 36.57097],
          [-126.95156, 36.5762],
          [-126.92448, 36.58142],
          [-126.92243, 36.58411],
          [-126.9039, 36.60837],
          [-126.87682, 36.61358],
          [-126.87476, 36.61628],
          [-126.85621, 36.64053],
          [-126.82912, 36.64573],
          [-126.80202, 36.65093],
          [-126.79996, 36.65362],
          [-126.7814, 36.67786],
          [-126.75429, 36.68305],
          [-126.72718, 36.68824],
          [-126.72511, 36.69093],
          [-126.70653, 36.71516],
          [-126.70446, 36.71785],
          [-126.68586, 36.74207],
          [-126.65873, 36.74724],
          [-126.6316, 36.75241],
          [-126.62954, 36.7551],
          [-126.61091, 36.77931],
          [-126.58377, 36.78447],
          [-126.55663, 36.78963],
          [-126.55456, 36.79232],
          [-126.53592, 36.81652],
          [-126.50876, 36.82167],
          [-126.48161, 36.82681],
          [-126.47953, 36.8295],
          [-126.46087, 36.85368],
          [-126.4337, 36.85882],
          [-126.40653, 36.86395],
          [-126.37936, 36.86908],
          [-126.35219, 36.8742],
          [-126.35011, 36.87688],
          [-126.3314, 36.90105],
          [-126.30422, 36.90616],
          [-126.27703, 36.91127],
          [-126.24682, 36.8963],
          [-126.24346, 36.89464],
          [-126.21628, 36.89973],
          [-126.18909, 36.90483],
          [-126.18701, 36.90751],
          [-126.16826, 36.93166],
          [-126.14106, 36.93675],
          [-126.11386, 36.94183],
          [-126.11177, 36.94451],
          [-126.093, 36.96865],
          [-126.06579, 36.97372],
          [-126.03858, 36.97879],
          [-126.00838, 36.96378],
          [-126.00502, 36.96211],
          [-126.00294, 36.96479],
          [-125.98414, 36.98891],
          [-125.95692, 36.99397],
          [-125.92969, 36.99902],
          [-125.90246, 37.00407],
          [-125.90037, 37.00675],
          [-125.88155, 37.03085],
          [-125.85431, 37.03589],
          [-125.82707, 37.04092],
          [-125.79982, 37.04595],
          [-125.79773, 37.04863],
          [-125.77887, 37.07272],
          [-125.75162, 37.07774],
          [-125.72436, 37.08276],
          [-125.69711, 37.08777],
          [-125.66692, 37.07271],
          [-125.66357, 37.07103],
          [-125.6334, 37.05596],
          [-125.62713, 37.03421],
          [-125.62378, 37.03253],
          [-125.59363, 37.01745],
          [-125.58737, 36.99569],
          [-125.58112, 36.97394],
          [-125.57777, 36.97226],
          [-125.54764, 36.95717],
          [-125.5414, 36.9354],
          [-125.56029, 36.91132],
          [-125.56238, 36.90865],
          [-125.55614, 36.88688],
          [-125.57502, 36.8628],
          [-125.57711, 36.86012],
          [-125.57087, 36.83835],
          [-125.56463, 36.81658],
          [-125.58349, 36.79249],
          [-125.58559, 36.78981],
          [-125.57935, 36.76803],
          [-125.57311, 36.74626],
          [-125.59196, 36.72216],
          [-125.59405, 36.71948],
          [-125.61289, 36.69537],
          [-125.61498, 36.69269],
          [-125.60874, 36.67091],
          [-125.62757, 36.6468],
          [-125.62966, 36.64412],
          [-125.62342, 36.62234],
          [-125.64223, 36.59822],
          [-125.64432, 36.59554],
          [-125.63808, 36.57375],
          [-125.65688, 36.54963],
          [-125.65897, 36.54695],
          [-125.67776, 36.52282],
          [-125.67985, 36.52014],
          [-125.69863, 36.49601],
          [-125.70072, 36.49332],
          [-125.69447, 36.47153],
          [-125.71325, 36.44739],
          [-125.71533, 36.44471],
          [-125.70909, 36.42291],
          [-125.72784, 36.39876],
          [-125.72993, 36.39608],
          [-125.74868, 36.37193],
          [-125.75076, 36.36925],
          [-125.7695, 36.34509],
          [-125.77159, 36.34241],
          [-125.79032, 36.31825],
          [-125.7924, 36.31557],
          [-125.81112, 36.2914],
          [-125.8132, 36.28872],
          [-125.83191, 36.26455],
          [-125.83399, 36.26187],
          [-125.8527, 36.23769],
          [-125.85478, 36.23501],
          [-125.87347, 36.21083],
          [-125.9005, 36.20577],
          [-125.90258, 36.20309],
          [-125.92126, 36.1789],
          [-125.92333, 36.17621],
          [-125.942, 36.15202],
          [-125.94408, 36.14934],
          [-125.96274, 36.12514],
          [-125.96481, 36.12245],
          [-125.98346, 36.09825],
          [-125.98553, 36.09556],
          [-126.00418, 36.07136],
          [-126.00625, 36.06867],
          [-126.02488, 36.04446],
          [-126.02695, 36.04177],
          [-126.04557, 36.01756],
          [-126.04764, 36.01487],
          [-126.04136, 35.99305],
          [-126.03507, 35.97122],
          [-126.05368, 35.947],
          [-126.05575, 35.94431],
          [-126.04947, 35.92249],
          [-126.06807, 35.89826],
          [-126.07013, 35.89557],
          [-126.08872, 35.87134],
          [-126.09079, 35.86865],
          [-126.10937, 35.84441],
          [-126.1363, 35.83931],
          [-126.13836, 35.83662],
          [-126.15693, 35.81237],
          [-126.15899, 35.80968],
          [-126.17754, 35.78543],
          [-126.1796, 35.78274],
          [-126.19815, 35.75848],
          [-126.20021, 35.75579],
          [-126.21875, 35.73153],
          [-126.22081, 35.72884],
          [-126.23934, 35.70458],
          [-126.2414, 35.70188],
          [-126.25992, 35.67761],
          [-126.26197, 35.67492],
          [-126.28048, 35.65065],
          [-126.28254, 35.64795],
          [-126.30104, 35.62367],
          [-126.3031, 35.62098],
          [-126.29678, 35.59914],
          [-126.31527, 35.57485],
          [-126.31732, 35.57216],
          [-126.33581, 35.54787],
          [-126.33786, 35.54517],
          [-126.33154, 35.52333],
          [-126.35001, 35.49904],
          [-126.35206, 35.49634],
          [-126.34575, 35.47449],
          [-126.3642, 35.45019],
          [-126.36625, 35.44749],
          [-126.35994, 35.42564],
          [-126.35362, 35.40379],
          [-126.37207, 35.37948],
          [-126.37412, 35.37678],
          [-126.3678, 35.35493],
          [-126.38623, 35.33062],
          [-126.38828, 35.32792],
          [-126.40671, 35.3036],
          [-126.40875, 35.3009],
          [-126.40244, 35.27904],
          [-126.42085, 35.25472],
          [-126.42289, 35.25202],
          [-126.41658, 35.23016],
          [-126.43498, 35.20583],
          [-126.43702, 35.20313],
          [-126.45542, 35.1788],
          [-126.45746, 35.1761],
          [-126.47584, 35.15176],
          [-126.47789, 35.14906],
          [-126.49626, 35.12472],
          [-126.4983, 35.12202],
          [-126.51667, 35.09768],
          [-126.51871, 35.09497],
          [-126.53707, 35.07063],
          [-126.5391, 35.06792],
          [-126.55745, 35.04357],
          [-126.55949, 35.04086],
          [-126.57783, 35.01651],
          [-126.57987, 35.0138],
          [-126.5982, 34.98944],
          [-126.60023, 34.98674],
          [-126.61856, 34.96237],
          [-126.62059, 34.95967],
          [-126.6389, 34.9353],
          [-126.64094, 34.93259],
          [-126.65924, 34.90822],
          [-126.66128, 34.90551],
          [-126.67957, 34.88113],
          [-126.6816, 34.87842],
          [-126.69989, 34.85404],
          [-126.70192, 34.85133],
          [-126.7202, 34.82695],
          [-126.72223, 34.82424],
          [-126.71587, 34.80236],
          [-126.73414, 34.77796],
          [-126.73617, 34.77525],
          [-126.75443, 34.75086],
          [-126.75645, 34.74815],
          [-126.7501, 34.72626],
          [-126.76835, 34.70186],
          [-126.79497, 34.69663],
          [-126.797, 34.69392],
          [-126.81523, 34.66951],
          [-126.81725, 34.6668],
          [-126.81089, 34.64491],
          [-126.82911, 34.6205],
          [-126.83113, 34.61779],
          [-126.84934, 34.59337],
          [-126.85137, 34.59066],
          [-126.86957, 34.56623],
          [-126.87159, 34.56352],
          [-126.88978, 34.53909],
          [-126.8918, 34.53638],
          [-126.90999, 34.51195],
          [-126.91201, 34.50923],
          [-126.93018, 34.4848],
          [-126.9322, 34.48209],
          [-126.95037, 34.45765],
          [-126.95239, 34.45493],
          [-126.97054, 34.43049],
          [-126.97256, 34.42777],
          [-126.99071, 34.40332],
          [-126.99272, 34.40061],
          [-127.01086, 34.37616],
          [-127.01288, 34.37344],
          [-127.03101, 34.34898],
          [-127.03302, 34.34627],
          [-127.05115, 34.32181],
          [-127.05316, 34.31909],
          [-127.07127, 34.29462],
          [-127.07328, 34.29191],
          [-127.09139, 34.26744],
          [-127.0934, 34.26472],
          [-127.08701, 34.24281],
          [-127.1051, 34.21834],
          [-127.10711, 34.21562],
          [-127.1252, 34.19114],
          [-127.1272, 34.18842],
          [-127.12081, 34.16651],
          [-127.13888, 34.14203],
          [-127.14089, 34.13931],
          [-127.15896, 34.11482],
          [-127.16096, 34.1121],
          [-127.15457, 34.09019],
          [-127.17262, 34.0657],
          [-127.17463, 34.06298],
          [-127.19267, 34.03848],
          [-127.21912, 34.03317],
          [-127.22112, 34.03045],
          [-127.23915, 34.00595],
          [-127.24115, 34.00322],
          [-127.25918, 33.97872],
          [-127.26118, 33.97599],
          [-127.27919, 33.95148],
          [-127.28119, 33.94876],
          [-127.2992, 33.92424],
          [-127.3012, 33.92152],
          [-127.31919, 33.897],
          [-127.32119, 33.89427],
          [-127.33918, 33.86975],
          [-127.34117, 33.86702],
          [-127.35915, 33.8425],
          [-127.38554, 33.83716],
          [-127.38754, 33.83443],
          [-127.4055, 33.8099],
          [-127.4075, 33.80717],
          [-127.42545, 33.78263],
          [-127.42745, 33.77991],
          [-127.44539, 33.75536],
          [-127.47176, 33.75001],
          [-127.47375, 33.74728],
          [-127.49168, 33.72273],
          [-127.49367, 33.72001],
          [-127.48723, 33.69808],
          [-127.50515, 33.67353],
          [-127.50714, 33.6708],
          [-127.52505, 33.64624],
          [-127.52704, 33.64351],
          [-127.5206, 33.62158],
          [-127.5385, 33.59702],
          [-127.54049, 33.59429],
          [-127.55838, 33.56972],
          [-127.56037, 33.56699],
          [-127.55392, 33.54506],
          [-127.5718, 33.52048],
          [-127.57379, 33.51775],
          [-127.56735, 33.49582],
          [-127.58522, 33.47124],
          [-127.5872, 33.46851],
          [-127.60506, 33.44393],
          [-127.60705, 33.4412],
          [-127.6249, 33.41661],
          [-127.62688, 33.41388],
          [-127.64473, 33.38929],
          [-127.64671, 33.38656],
          [-127.66454, 33.36196],
          [-127.66653, 33.35923],
          [-127.68435, 33.33463],
          [-127.68633, 33.3319],
          [-127.67988, 33.30996],
          [-127.69769, 33.28536],
          [-127.69967, 33.28262],
          [-127.71748, 33.25801],
          [-127.71946, 33.25528],
          [-127.73726, 33.23067],
          [-127.73923, 33.22794],
          [-127.75702, 33.20332],
          [-127.78325, 33.19791],
          [-127.81267, 33.21279],
          [-127.81594, 33.21444],
          [-127.84217, 33.20902],
          [-127.8716, 33.22388],
          [-127.87809, 33.24582],
          [-127.88458, 33.26776],
          [-127.89107, 33.28969],
          [-127.89435, 33.29134],
          [-127.89632, 33.2886],
          [-127.91409, 33.26398],
          [-127.91606, 33.26124],
          [-127.90956, 33.2393],
          [-127.92732, 33.21467],
          [-127.92929, 33.21194],
          [-127.9228, 33.19],
          [-127.9163, 33.16806],
          [-127.93405, 33.14342],
          [-127.93602, 33.14068],
          [-127.92952, 33.11874],
          [-127.94726, 33.0941],
          [-127.94923, 33.09136],
          [-127.96695, 33.06672],
          [-127.96892, 33.06398],
          [-127.98663, 33.03933],
          [-127.9886, 33.03659],
          [-128.00631, 33.01193],
          [-128.00827, 33.0092],
          [-128.00177, 32.98725],
          [-128.01947, 32.96259],
          [-128.02144, 32.95985],
          [-128.03912, 32.93519],
          [-128.04109, 32.93245],
          [-128.05877, 32.90778],
          [-128.06073, 32.90504],
          [-128.05423, 32.88309],
          [-128.04773, 32.86114],
          [-128.04123, 32.83919],
          [-128.05889, 32.81452],
          [-128.06086, 32.81178],
          [-128.07851, 32.7871],
          [-128.08047, 32.78436],
          [-128.07397, 32.7624],
          [-128.06747, 32.74045],
          [-128.06098, 32.71849],
          [-128.07862, 32.69381],
          [-128.08058, 32.69107],
          [-128.07409, 32.66911],
          [-128.09172, 32.64442],
          [-128.09367, 32.64168],
          [-128.1113, 32.61699],
          [-128.11325, 32.61424],
          [-128.13087, 32.58955],
          [-128.15693, 32.58407],
          [-128.15889, 32.58133],
          [-128.17649, 32.55663],
          [-128.17844, 32.55388],
          [-128.17194, 32.53192],
          [-128.18953, 32.50722],
          [-128.19148, 32.50447],
          [-128.20906, 32.47976],
          [-128.2351, 32.47427],
          [-128.23705, 32.47152],
          [-128.25461, 32.44681],
          [-128.25656, 32.44406],
          [-128.27412, 32.41934],
          [-128.27607, 32.4166],
          [-128.26955, 32.39463],
          [-128.2871, 32.36991],
          [-128.28905, 32.36716],
          [-128.30659, 32.34243],
          [-128.30854, 32.33968],
          [-128.30202, 32.31771],
          [-128.2955, 32.29574],
          [-128.31303, 32.27101],
          [-128.31497, 32.26826],
          [-128.33249, 32.24353],
          [-128.33444, 32.24078],
          [-128.35195, 32.21604],
          [-128.37792, 32.21052],
          [-128.40388, 32.205],
          [-128.40583, 32.20225],
          [-128.42331, 32.1775],
          [-128.42526, 32.17475],
          [-128.44274, 32.15],
          [-128.44468, 32.14725],
          [-128.43814, 32.12527],
          [-128.43161, 32.1033],
          [-128.42508, 32.08132],
          [-128.44255, 32.05656],
          [-128.44449, 32.05381],
          [-128.46194, 32.02905],
          [-128.46388, 32.0263],
          [-128.48133, 32.00153],
          [-128.50725, 31.99599],
          [-128.50918, 31.99324],
          [-128.52662, 31.96847],
          [-128.52855, 31.96572],
          [-128.52202, 31.94374],
          [-128.53944, 31.91896],
          [-128.56533, 31.91341],
          [-128.56727, 31.91065],
          [-128.58468, 31.88587],
          [-128.58661, 31.88312],
          [-128.60401, 31.85833],
          [-128.62989, 31.85277],
          [-128.63182, 31.85001],
          [-128.6492, 31.82522],
          [-128.65114, 31.82246],
          [-128.66851, 31.79767],
          [-128.67044, 31.79491],
          [-128.66389, 31.77293],
          [-128.68125, 31.74813],
          [-128.68318, 31.74537],
          [-128.70054, 31.72057],
          [-128.72638, 31.71499],
          [-128.72831, 31.71223],
          [-128.74565, 31.68742],
          [-128.74758, 31.68466],
          [-128.76492, 31.65985],
          [-128.76684, 31.65709],
          [-128.78417, 31.63227],
          [-128.78609, 31.62952],
          [-128.80341, 31.60469],
          [-128.80534, 31.60194],
          [-128.82265, 31.57711],
          [-128.82457, 31.57435],
          [-128.84187, 31.54952],
          [-128.84379, 31.54676],
          [-128.86109, 31.52193],
          [-128.86301, 31.51917],
          [-128.8803, 31.49434],
          [-128.88222, 31.49158],
          [-128.89949, 31.46674],
          [-128.92527, 31.46112],
          [-128.95104, 31.4555],
          [-128.95296, 31.45274],
          [-128.97022, 31.42789],
          [-128.97213, 31.42513],
          [-128.98938, 31.40028],
          [-128.9913, 31.39752],
          [-129.00854, 31.37266],
          [-129.01045, 31.3699],
          [-129.02768, 31.34504],
          [-129.0296, 31.34228],
          [-129.04682, 31.31742],
          [-129.07256, 31.31177],
          [-129.07447, 31.30901],
          [-129.09168, 31.28414],
          [-129.1174, 31.27849],
          [-129.14313, 31.27284],
          [-129.14504, 31.27007],
          [-129.16222, 31.24519],
          [-129.18794, 31.23953],
          [-129.18985, 31.23677],
          [-129.20702, 31.21188],
          [-129.23272, 31.20621],
          [-129.23463, 31.20345],
          [-129.25179, 31.17855],
          [-129.27748, 31.17288],
          [-129.27939, 31.17011],
          [-129.27275, 31.14813],
          [-129.28989, 31.12323],
          [-129.2918, 31.12046],
          [-129.30893, 31.09556],
          [-129.31084, 31.09279],
          [-129.32796, 31.06789],
          [-129.35363, 31.0622],
          [-129.37929, 31.0565],
          [-129.40838, 31.07116],
          [-129.41161, 31.07278],
          [-129.4407, 31.08743],
          [-129.44393, 31.08906],
          [-129.47304, 31.1037],
          [-129.47627, 31.10533],
          [-129.50194, 31.09961],
          [-129.53105, 31.11424],
          [-129.53428, 31.11587]
        ]
      }
    },
    {
      "type": "Feature",
      "id": "2026082406_f006_10000_001",
      "properties": {
        "product_id": "winter_storm_levels",
        "source_id": "nbm_snow_level",
        "parameter": "snow_level",
        "definition": "height of the wet-bulb 0.5 degree C surface",
        "level_ft_msl": 10000,
        "label": "10,000 ft MSL",
        "unit": "ft_msl",
        "cycle_time_utc": "2026-08-24T06:00:00Z",
        "valid_time_utc": "2026-08-24T12:00:00Z",
        "lead_hours": 6,
        "segment": 1,
        "length_m": 188029.3
      },
      "geometry": {
        "type": "LineString",
        "coordinates": [
          [-122.16183, 42.34886],
          [-122.15597, 42.32755],
          [-122.15012, 42.30624],
          [-122.15868, 42.28276],
          [-122.15283, 42.26144],
          [-122.14698, 42.24012],
          [-122.14114, 42.21879],
          [-122.1209, 42.19963],
          [-122.11506, 42.17829],
          [-122.10923, 42.15696],
          [-122.1034, 42.13562],
          [-122.09757, 42.11428],
          [-122.09174, 42.09294],
          [-122.08592, 42.07159],
          [-122.0801, 42.05025],
          [-122.04553, 42.03321],
          [-122.03972, 42.01186],
          [-122.03391, 41.9905],
          [-121.99937, 41.97346],
          [-121.97643, 41.99913],
          [-121.98223, 42.02048],
          [-121.95927, 42.04615],
          [-121.96507, 42.0675],
          [-121.9421, 42.09315],
          [-121.94789, 42.1145],
          [-121.92491, 42.14014],
          [-121.90191, 42.16578],
          [-121.9077, 42.18711],
          [-121.89909, 42.2106],
          [-121.89048, 42.23408],
          [-121.89627, 42.25541],
          [-121.87324, 42.28102],
          [-121.87903, 42.30235],
          [-121.88483, 42.32367],
          [-121.86178, 42.34927],
          [-121.86757, 42.37059],
          [-121.87337, 42.39191],
          [-121.8503, 42.4175],
          [-121.85609, 42.43881],
          [-121.86189, 42.46011],
          [-121.8388, 42.48569],
          [-121.8446, 42.507],
          [-121.8504, 42.52829],
          [-121.8562, 42.54959],
          [-121.862, 42.57088],
          [-121.86781, 42.59217],
          [-121.87361, 42.61346],
          [-121.87942, 42.63474],
          [-121.88524, 42.65602],
          [-121.91999, 42.67302],
          [-121.92582, 42.6943],
          [-121.93164, 42.71557],
          [-121.96643, 42.73255],
          [-121.98954, 42.707],
          [-122.01264, 42.68143],
          [-122.00679, 42.66016],
          [-122.02988, 42.63458],
          [-122.03849, 42.61116],
          [-122.0471, 42.58772],
          [-122.04126, 42.56644],
          [-122.04987, 42.543],
          [-122.05847, 42.51956],
          [-122.05263, 42.49826],
          [-122.06123, 42.47481],
          [-122.06982, 42.45136],
          [-122.09284, 42.42575],
          [-122.11585, 42.40013],
          [-122.13884, 42.3745],
          [-122.16183, 42.34886]
        ]
      }
    },
    {
      "type": "Feature",
      "id": "2026082406_f006_10000_002",
      "properties": {
        "product_id": "winter_storm_levels",
        "source_id": "nbm_snow_level",
        "parameter": "snow_level",
        "definition": "height of the wet-bulb 0.5 degree C surface",
        "level_ft_msl": 10000,
        "label": "10,000 ft MSL",
        "unit": "ft_msl",
        "cycle_time_utc": "2026-08-24T06:00:00Z",
        "valid_time_utc": "2026-08-24T12:00:00Z",
        "lead_hours": 6,
        "segment": 2,
        "length_m": 997303.8
      },
      "geometry": {
        "type": "LineString",
        "coordinates": [
          [-126.03385, 44.5],
          [-126.03433, 44.49946],
          [-126.05679, 44.47369],
          [-126.04996, 44.4528],
          [-126.0724, 44.42703],
          [-126.09483, 44.40125],
          [-126.11725, 44.37547],
          [-126.13966, 44.34968],
          [-126.16205, 44.32388],
          [-126.15522, 44.30297],
          [-126.1776, 44.27716],
          [-126.20681, 44.27226],
          [-126.22917, 44.24644],
          [-126.25152, 44.22061],
          [-126.27385, 44.19477],
          [-126.29618, 44.16893],
          [-126.31849, 44.14308],
          [-126.34079, 44.11723],
          [-126.36308, 44.09137],
          [-126.38535, 44.0655],
          [-126.40762, 44.03962],
          [-126.42987, 44.01373],
          [-126.45211, 43.98784],
          [-126.47434, 43.96194],
          [-126.49656, 43.93604],
          [-126.51876, 43.91013],
          [-126.54096, 43.88421],
          [-126.56314, 43.85828],
          [-126.5922, 43.85331],
          [-126.61437, 43.82737],
          [-126.63652, 43.80143],
          [-126.65865, 43.77547],
          [-126.68078, 43.74952],
          [-126.70289, 43.72355],
          [-126.73191, 43.71855],
          [-126.75401, 43.69258],
          [-126.77609, 43.66659],
          [-126.79816, 43.6406],
          [-126.82022, 43.6146],
          [-126.8492, 43.60958],
          [-126.87124, 43.58357],
          [-126.89327, 43.55756],
          [-126.91528, 43.53154],
          [-126.94423, 43.5265],
          [-126.96623, 43.50046],
          [-126.98821, 43.47442],
          [-127.01018, 43.44837],
          [-127.03214, 43.42232],
          [-127.05409, 43.39626],
          [-127.07602, 43.37019],
          [-127.09795, 43.34411],
          [-127.11986, 43.31803],
          [-127.14176, 43.29194],
          [-127.16365, 43.26585],
          [-127.15668, 43.24483],
          [-127.17855, 43.21872],
          [-127.17157, 43.1977],
          [-127.1646, 43.17667],
          [-127.18646, 43.15055],
          [-127.20831, 43.12443],
          [-127.20133, 43.10339],
          [-127.19435, 43.08235],
          [-127.18738, 43.06131],
          [-127.20921, 43.03517],
          [-127.20224, 43.01412],
          [-127.22405, 42.98797],
          [-127.21708, 42.96692],
          [-127.23888, 42.94076],
          [-127.26067, 42.9146],
          [-127.25369, 42.89354],
          [-127.27547, 42.86736],
          [-127.29723, 42.84118],
          [-127.29025, 42.82011],
          [-127.28328, 42.79904],
          [-127.30502, 42.77285],
          [-127.29805, 42.75177],
          [-127.31978, 42.72557],
          [-127.3415, 42.69936],
          [-127.33452, 42.67827],
          [-127.35623, 42.65205],
          [-127.37792, 42.62583],
          [-127.3996, 42.5996],
          [-127.42826, 42.59446],
          [-127.44992, 42.56821],
          [-127.47157, 42.54196],
          [-127.49321, 42.51571],
          [-127.51483, 42.48945],
          [-127.53645, 42.46318],
          [-127.55806, 42.4369],
          [-127.57965, 42.41062],
          [-127.57264, 42.38951],
          [-127.59422, 42.36321],
          [-127.61579, 42.33692],
          [-127.64436, 42.33173],
          [-127.66591, 42.30542],
          [-127.68744, 42.27911],
          [-127.68043, 42.25798],
          [-127.70195, 42.23166],
          [-127.72346, 42.20533],
          [-127.75199, 42.20012],
          [-127.78051, 42.19491],
          [-127.80903, 42.1897],
          [-127.83755, 42.18448],
          [-127.86607, 42.17926],
          [-127.88752, 42.1529],
          [-127.90897, 42.12653],
          [-127.9304, 42.10016],
          [-127.95889, 42.09492],
          [-127.9803, 42.06854],
          [-128.00171, 42.04215],
          [-127.99464, 42.02101],
          [-127.98757, 41.99986],
          [-127.98051, 41.97871],
          [-127.97345, 41.95756],
          [-127.9664, 41.93641],
          [-127.95934, 41.91525],
          [-127.95229, 41.89409],
          [-127.94524, 41.87293],
          [-127.9382, 41.85176],
          [-127.93116, 41.83059],
          [-127.89571, 41.81466],
          [-127.88868, 41.79349],
          [-127.88165, 41.77231],
          [-127.87463, 41.75113],
          [-127.83922, 41.73518],
          [-127.80382, 41.71923],
          [-127.77543, 41.72445],
          [-127.76843, 41.70326],
          [-127.76144, 41.68207],
          [-127.75444, 41.66087],
          [-127.77582, 41.63445],
          [-127.76883, 41.61325],
          [-127.76184, 41.59204],
          [-127.75485, 41.57084],
          [-127.74787, 41.54963],
          [-127.74088, 41.52842],
          [-127.73391, 41.5072],
          [-127.72693, 41.48598],
          [-127.71996, 41.46476],
          [-127.71299, 41.44354],
          [-127.70602, 41.42231],
          [-127.69906, 41.40108],
          [-127.6921, 41.37985],
          [-127.65685, 41.36383],
          [-127.6499, 41.3426],
          [-127.64295, 41.32136],
          [-127.60773, 41.30533],
          [-127.62907, 41.27887],
          [-127.62213, 41.25762],
          [-127.61519, 41.23637],
          [-127.60826, 41.21511],
          [-127.60133, 41.19385],
          [-127.59441, 41.17259],
          [-127.55924, 41.15654],
          [-127.55233, 41.13527],
          [-127.51718, 41.11921],
          [-127.51028, 41.09794],
          [-127.50338, 41.07666],
          [-127.49648, 41.05539],
          [-127.46137, 41.0393],
          [-127.45448, 41.01802],
          [-127.41939, 41.00193],
          [-127.41252, 40.98064],
          [-127.37745, 40.96453],
          [-127.34239, 40.94842],
          [-127.30734, 40.9323],
          [-127.27915, 40.93747],
          [-127.25095, 40.94264],
          [-127.22275, 40.9478],
          [-127.19454, 40.95296],
          [-127.16634, 40.95811],
          [-127.13813, 40.96326],
          [-127.10991, 40.9684],
          [-127.0817, 40.97354],
          [-127.04668, 40.95737],
          [-127.01847, 40.9625],
          [-126.99025, 40.96763],
          [-126.96203, 40.97275],
          [-126.93381, 40.97787],
          [-126.90558, 40.98298],
          [-126.87735, 40.98809],
          [-126.85588, 41.0145],
          [-126.82764, 41.0196],
          [-126.79939, 41.02469],
          [-126.77115, 41.02978],
          [-126.74964, 41.05617],
          [-126.72811, 41.08256],
          [-126.69985, 41.08764],
          [-126.67831, 41.11401],
          [-126.65003, 41.11908],
          [-126.62847, 41.14545],
          [-126.60018, 41.15051],
          [-126.5786, 41.17686],
          [-126.55031, 41.18191],
          [-126.52871, 41.20826],
          [-126.5071, 41.2346],
          [-126.48548, 41.26093],
          [-126.46384, 41.28725],
          [-126.4422, 41.31357],
          [-126.41386, 41.3186],
          [-126.39219, 41.34491],
          [-126.37052, 41.37121],
          [-126.34883, 41.3975],
          [-126.32714, 41.42379],
          [-126.30543, 41.45008],
          [-126.28371, 41.47635],
          [-126.26198, 41.50262],
          [-126.24024, 41.52889],
          [-126.21849, 41.55514],
          [-126.19672, 41.5814],
          [-126.20338, 41.60266],
          [-126.1816, 41.6289],
          [-126.15982, 41.65514],
          [-126.13801, 41.68137],
          [-126.1162, 41.70759],
          [-126.09438, 41.7338],
          [-126.10103, 41.75505],
          [-126.07919, 41.78126],
          [-126.05734, 41.80746],
          [-126.03548, 41.83365],
          [-126.04213, 41.85489],
          [-126.02025, 41.88108],
          [-125.99837, 41.90726],
          [-125.97647, 41.93343],
          [-125.95456, 41.95959],
          [-125.9612, 41.98082],
          [-125.93927, 42.00698],
          [-125.91734, 42.03313],
          [-125.89539, 42.05927],
          [-125.90202, 42.08049],
          [-125.88006, 42.10662],
          [-125.85809, 42.13275],
          [-125.83611, 42.15887],
          [-125.82842, 42.18253],
          [-125.82074, 42.20619],
          [-125.79873, 42.23229],
          [-125.77671, 42.25839],
          [-125.769, 42.28203],
          [-125.76129, 42.30568],
          [-125.73924, 42.33176],
          [-125.71719, 42.35783],
          [-125.69512, 42.3839],
          [-125.68738, 42.40753],
          [-125.67964, 42.43115],
          [-125.65755, 42.4572],
          [-125.63544, 42.48325],
          [-125.61333, 42.50929],
          [-125.5912, 42.53532],
          [-125.59779, 42.55649],
          [-125.57565, 42.58251],
          [-125.55349, 42.60853],
          [-125.56009, 42.62969],
          [-125.53792, 42.6557],
          [-125.51574, 42.6817],
          [-125.49354, 42.70769],
          [-125.50013, 42.72884],
          [-125.47792, 42.75483],
          [-125.4557, 42.78081],
          [-125.43347, 42.80678],
          [-125.44005, 42.82792],
          [-125.41781, 42.85388],
          [-125.39555, 42.87983],
          [-125.40213, 42.90096],
          [-125.37986, 42.92691],
          [-125.38643, 42.94804],
          [-125.36415, 42.97397],
          [-125.37073, 42.99509],
          [-125.37731, 43.01621],
          [-125.38389, 43.03732],
          [-125.39047, 43.05843],
          [-125.39706, 43.07954],
          [-125.40365, 43.10065],
          [-125.41025, 43.12175],
          [-125.41684, 43.14285],
          [-125.42344, 43.16395],
          [-125.43005, 43.18504],
          [-125.40772, 43.21094],
          [-125.41432, 43.23203],
          [-125.42093, 43.25311],
          [-125.42753, 43.2742],
          [-125.43414, 43.29527],
          [-125.41179, 43.32116],
          [-125.4184, 43.34223],
          [-125.39604, 43.36811],
          [-125.40265, 43.38918],
          [-125.38027, 43.41504],
          [-125.38688, 43.4361],
          [-125.36448, 43.46196],
          [-125.34207, 43.48781],
          [-125.31965, 43.51365],
          [-125.29722, 43.53949],
          [-125.27477, 43.56532],
          [-125.25232, 43.59114],
          [-125.22985, 43.61696],
          [-125.20737, 43.64277],
          [-125.18488, 43.66857],
          [-125.16238, 43.69436],
          [-125.13986, 43.72015],
          [-125.11734, 43.74593],
          [-125.0948, 43.7717],
          [-125.07225, 43.79747],
          [-125.04969, 43.82323],
          [-125.02711, 43.84898],
          [-125.00453, 43.87472],
          [-124.97538, 43.87945],
          [-124.95277, 43.90518],
          [-124.93015, 43.93091],
          [-124.90752, 43.95663],
          [-124.88488, 43.98234],
          [-124.86222, 44.00805],
          [-124.83956, 44.03375],
          [-124.81035, 44.03844],
          [-124.78766, 44.06413],
          [-124.76496, 44.08981],
          [-124.74225, 44.11548],
          [-124.71953, 44.14115],
          [-124.69028, 44.14582],
          [-124.66754, 44.17147],
          [-124.64479, 44.19712],
          [-124.62202, 44.22276],
          [-124.59924, 44.24839],
          [-124.57645, 44.27402],
          [-124.58294, 44.29499],
          [-124.56013, 44.32061],
          [-124.56663, 44.34157],
          [-124.54381, 44.36718],
          [-124.52097, 44.39278],
          [-124.52746, 44.41373],
          [-124.50461, 44.43932],
          [-124.5111, 44.46027],
          [-124.48175, 44.4649],
          [-124.45888, 44.49048],
          [-124.42951, 44.4951],
          [-124.42512, 44.5]
        ]
      }
    },
    {
      "type": "Feature",
      "id": "2026082406_f006_10000_003",
      "properties": {
        "product_id": "winter_storm_levels",
        "source_id": "nbm_snow_level",
        "parameter": "snow_level",
        "definition": "height of the wet-bulb 0.5 degree C surface",
        "level_ft_msl": 10000,
        "label": "10,000 ft MSL",
        "unit": "ft_msl",
        "cycle_time_utc": "2026-08-24T06:00:00Z",
        "valid_time_utc": "2026-08-24T12:00:00Z",
        "lead_hours": 6,
        "segment": 3,
        "length_m": 2218227.6
      },
      "geometry": {
        "type": "LineString",
        "coordinates": [
          [-128.30258, 30.08845],
          [-128.30414, 30.09386],
          [-128.28503, 30.12145],
          [-128.29142, 30.14351],
          [-128.2723, 30.17111],
          [-128.26593, 30.19593],
          [-128.25956, 30.22076],
          [-128.24041, 30.24834],
          [-128.24681, 30.2704],
          [-128.22765, 30.29798],
          [-128.22126, 30.3228],
          [-128.21488, 30.34762],
          [-128.1957, 30.37519],
          [-128.1893, 30.40001],
          [-128.1829, 30.42482],
          [-128.16371, 30.45239],
          [-128.1701, 30.47444],
          [-128.15089, 30.502],
          [-128.13167, 30.52956],
          [-128.12525, 30.55437],
          [-128.11883, 30.57917],
          [-128.0996, 30.60672],
          [-128.08035, 30.63427],
          [-128.08673, 30.65632],
          [-128.06748, 30.68387],
          [-128.06103, 30.70866],
          [-128.05459, 30.73346],
          [-128.03531, 30.76099],
          [-128.04169, 30.78304],
          [-128.02241, 30.81057],
          [-128.00311, 30.8381],
          [-128.00949, 30.86015],
          [-127.99018, 30.88767],
          [-127.97086, 30.91519],
          [-127.97724, 30.93724],
          [-127.95791, 30.96475],
          [-127.93857, 30.99226],
          [-127.94495, 31.01431],
          [-127.9256, 31.04182],
          [-127.90624, 31.06932],
          [-127.91261, 31.09136],
          [-127.89324, 31.11886],
          [-127.87386, 31.14636],
          [-127.88023, 31.1684],
          [-127.86084, 31.19589],
          [-127.84144, 31.22338],
          [-127.84781, 31.24541],
          [-127.8284, 31.2729],
          [-127.83477, 31.29493],
          [-127.81535, 31.32241],
          [-127.79592, 31.34989],
          [-127.78938, 31.37464],
          [-127.78284, 31.39939],
          [-127.76339, 31.42686],
          [-127.75684, 31.45161],
          [-127.75029, 31.47636],
          [-127.73082, 31.50382],
          [-127.73718, 31.52585],
          [-127.7177, 31.5533],
          [-127.6982, 31.58075],
          [-127.6787, 31.6082],
          [-127.68506, 31.63022],
          [-127.66554, 31.65767],
          [-127.64602, 31.6851],
          [-127.62649, 31.71254],
          [-127.63284, 31.73456],
          [-127.6133, 31.76199],
          [-127.59374, 31.78942],
          [-127.57418, 31.81684],
          [-127.58053, 31.83886],
          [-127.56096, 31.86628],
          [-127.56731, 31.8883],
          [-127.54772, 31.91571],
          [-127.52813, 31.94312],
          [-127.53448, 31.96514],
          [-127.51487, 31.99254],
          [-127.49525, 32.01994],
          [-127.5016, 32.04196],
          [-127.48197, 32.06935],
          [-127.47533, 32.09406],
          [-127.46868, 32.11876],
          [-127.44903, 32.14614],
          [-127.42937, 32.17352],
          [-127.4097, 32.2009],
          [-127.41604, 32.22291],
          [-127.39636, 32.25029],
          [-127.37667, 32.27766],
          [-127.35698, 32.30502],
          [-127.33727, 32.33238],
          [-127.3436, 32.35439],
          [-127.32388, 32.38174],
          [-127.30415, 32.4091],
          [-127.28442, 32.43644],
          [-127.26467, 32.46379],
          [-127.27099, 32.48579],
          [-127.25124, 32.51313],
          [-127.23147, 32.54046],
          [-127.22474, 32.56513],
          [-127.21801, 32.58979],
          [-127.19822, 32.61712],
          [-127.17842, 32.64444],
          [-127.15861, 32.67175],
          [-127.16493, 32.69375],
          [-127.14511, 32.72106],
          [-127.12528, 32.74837],
          [-127.11852, 32.77302],
          [-127.11175, 32.79767],
          [-127.0919, 32.82496],
          [-127.07204, 32.85226],
          [-127.05217, 32.87955],
          [-127.05848, 32.90154],
          [-127.0386, 32.92882],
          [-127.0187, 32.9561],
          [-126.9988, 32.98338],
          [-126.992, 33.00801],
          [-126.98519, 33.03263],
          [-126.96527, 33.0599],
          [-126.94534, 33.08716],
          [-126.92539, 33.11442],
          [-126.91857, 33.13904],
          [-126.91174, 33.16365],
          [-126.89177, 33.1909],
          [-126.88494, 33.21551],
          [-126.87809, 33.24012],
          [-126.87125, 33.26473],
          [-126.8644, 33.28934],
          [-126.84441, 33.31657],
          [-126.83755, 33.34117],
          [-126.83069, 33.36577],
          [-126.81067, 33.393],
          [-126.79064, 33.42021],
          [-126.78377, 33.44481],
          [-126.77689, 33.4694],
          [-126.75684, 33.49661],
          [-126.73678, 33.52381],
          [-126.72989, 33.54839],
          [-126.72299, 33.57298],
          [-126.70291, 33.60017],
          [-126.68282, 33.62736],
          [-126.66272, 33.65455],
          [-126.6558, 33.67912],
          [-126.64574, 33.69271],
          [-126.63568, 33.7063],
          [-126.62876, 33.73087],
          [-126.60863, 33.75804],
          [-126.58848, 33.7852],
          [-126.58154, 33.80976],
          [-126.5746, 33.83432],
          [-126.55444, 33.86148],
          [-126.53426, 33.88863],
          [-126.51408, 33.91578],
          [-126.50711, 33.94033],
          [-126.49701, 33.9539],
          [-126.48691, 33.96747],
          [-126.47994, 33.99201],
          [-126.45972, 34.01914],
          [-126.4395, 34.04627],
          [-126.41926, 34.07339],
          [-126.39902, 34.10051],
          [-126.37877, 34.12763],
          [-126.37176, 34.15215],
          [-126.36162, 34.16571],
          [-126.35149, 34.17926],
          [-126.34447, 34.20378],
          [-126.32418, 34.23088],
          [-126.30389, 34.25798],
          [-126.28358, 34.28507],
          [-126.26327, 34.31215],
          [-126.24294, 34.33924],
          [-126.22261, 34.36631],
          [-126.20226, 34.39338],
          [-126.18191, 34.42045],
          [-126.17484, 34.44495],
          [-126.16465, 34.45848],
          [-126.15447, 34.47201],
          [-126.14428, 34.48553],
          [-126.13409, 34.49906],
          [-126.12389, 34.51259],
          [-126.11369, 34.52611],
          [-126.1066, 34.5506],
          [-126.0862, 34.57764],
          [-126.06578, 34.60468],
          [-126.05867, 34.62915],
          [-126.04846, 34.64267],
          [-126.03824, 34.65618],
          [-126.02802, 34.6697],
          [-126.0178, 34.68321],
          [-126.01068, 34.70768],
          [-125.99022, 34.73469],
          [-125.98309, 34.75916],
          [-125.97285, 34.77266],
          [-125.96261, 34.78617],
          [-125.95237, 34.79967],
          [-125.94213, 34.81317],
          [-125.93498, 34.83763],
          [-125.91448, 34.86462],
          [-125.90732, 34.88908],
          [-125.89707, 34.90257],
          [-125.89126, 34.91522],
          [-125.87964, 34.94051],
          [-125.87247, 34.96495],
          [-125.8653, 34.9894],
          [-125.84475, 35.01637],
          [-125.83757, 35.04081],
          [-125.83039, 35.06524],
          [-125.81874, 35.09052],
          [-125.81291, 35.10315],
          [-125.80709, 35.11579],
          [-125.80435, 35.13937],
          [-125.79852, 35.15201],
          [-125.79269, 35.16464],
          [-125.78102, 35.1899],
          [-125.76935, 35.21517],
          [-125.76351, 35.2278],
          [-125.75767, 35.24043],
          [-125.74599, 35.26568],
          [-125.7343, 35.29094],
          [-125.72846, 35.30356],
          [-125.71814, 35.31703],
          [-125.71091, 35.34143],
          [-125.69026, 35.36836],
          [-125.68302, 35.39276],
          [-125.67269, 35.40622],
          [-125.66236, 35.41968],
          [-125.65202, 35.43313],
          [-125.64168, 35.44659],
          [-125.63134, 35.46004],
          [-125.621, 35.47349],
          [-125.61374, 35.49788],
          [-125.59303, 35.52478],
          [-125.57232, 35.55168],
          [-125.56504, 35.57606],
          [-125.55468, 35.5895],
          [-125.54432, 35.60294],
          [-125.53395, 35.61638],
          [-125.52358, 35.62982],
          [-125.51629, 35.65419],
          [-125.49553, 35.68107],
          [-125.47476, 35.70793],
          [-125.45399, 35.73479],
          [-125.4332, 35.76165],
          [-125.42588, 35.78601],
          [-125.41548, 35.79943],
          [-125.40508, 35.81286],
          [-125.39468, 35.82628],
          [-125.38427, 35.8397],
          [-125.37693, 35.86405],
          [-125.3561, 35.89088],
          [-125.33526, 35.91771],
          [-125.31441, 35.94454],
          [-125.29355, 35.97136],
          [-125.28619, 35.99569],
          [-125.27575, 36.0091],
          [-125.26531, 36.0225],
          [-125.25487, 36.03591],
          [-125.24443, 36.04931],
          [-125.23704, 36.07363],
          [-125.21614, 36.10043],
          [-125.19523, 36.12722],
          [-125.18783, 36.15154],
          [-125.17737, 36.16493],
          [-125.1669, 36.17832],
          [-125.15643, 36.19171],
          [-125.14596, 36.2051],
          [-125.13854, 36.22941],
          [-125.11759, 36.25618],
          [-125.09662, 36.28294],
          [-125.08467, 36.30806],
          [-125.0787, 36.32062],
          [-125.06821, 36.33399],
          [-125.05771, 36.34737],
          [-125.05173, 36.35993],
          [-125.03976, 36.38503],
          [-125.02779, 36.41014],
          [-125.02181, 36.42269],
          [-125.0113, 36.43606],
          [-125.00078, 36.44943],
          [-124.99027, 36.46279],
          [-124.97975, 36.47616],
          [-124.97375, 36.4887],
          [-124.95972, 36.50652],
          [-124.95271, 36.51543],
          [-124.9407, 36.54051],
          [-124.91964, 36.56723],
          [-124.90762, 36.59231],
          [-124.90161, 36.60485],
          [-124.89107, 36.6182],
          [-124.88052, 36.63155],
          [-124.8745, 36.64408],
          [-124.86247, 36.66915],
          [-124.84136, 36.69584],
          [-124.83384, 36.72009],
          [-124.82328, 36.73344],
          [-124.81272, 36.74678],
          [-124.80215, 36.76012],
          [-124.79612, 36.77264],
          [-124.78405, 36.79769],
          [-124.76289, 36.82436],
          [-124.75081, 36.84941],
          [-124.74477, 36.86193],
          [-124.73872, 36.87445],
          [-124.72663, 36.89948],
          [-124.70544, 36.92613],
          [-124.69788, 36.95035],
          [-124.68728, 36.96368],
          [-124.67667, 36.977],
          [-124.6691, 37.00121],
          [-124.64788, 37.02784],
          [-124.6403, 37.05205],
          [-124.63271, 37.07626],
          [-124.61146, 37.10288],
          [-124.60387, 37.12708],
          [-124.59324, 37.14039],
          [-124.58716, 37.15289],
          [-124.575, 37.17789],
          [-124.56283, 37.20288],
          [-124.55675, 37.21538],
          [-124.54611, 37.22868],
          [-124.53849, 37.25286],
          [-124.51718, 37.27945],
          [-124.50955, 37.30363],
          [-124.49889, 37.31692],
          [-124.48823, 37.33021],
          [-124.48059, 37.35438],
          [-124.45926, 37.38096],
          [-124.45161, 37.40512],
          [-124.44093, 37.4184],
          [-124.43482, 37.43089],
          [-124.42259, 37.45584],
          [-124.41036, 37.4808],
          [-124.40424, 37.49328],
          [-124.39355, 37.50655],
          [-124.38286, 37.51983],
          [-124.37216, 37.5331],
          [-124.36448, 37.55724],
          [-124.34307, 37.58378],
          [-124.33538, 37.60792],
          [-124.32467, 37.62119],
          [-124.31396, 37.63445],
          [-124.30324, 37.64771],
          [-124.29252, 37.66097],
          [-124.28482, 37.6851],
          [-124.26337, 37.71161],
          [-124.25565, 37.73574],
          [-124.24492, 37.74899],
          [-124.23418, 37.76224],
          [-124.22645, 37.78636],
          [-124.20497, 37.81285],
          [-124.19723, 37.83696],
          [-124.18648, 37.8502],
          [-124.17572, 37.86345],
          [-124.16798, 37.88755],
          [-124.14645, 37.91403],
          [-124.1387, 37.93812],
          [-124.12793, 37.95136],
          [-124.12175, 37.9638],
          [-124.10939, 37.98868],
          [-124.10162, 38.01277],
          [-124.09384, 38.03686],
          [-124.08147, 38.06173],
          [-124.07528, 38.07416],
          [-124.06449, 38.08739],
          [-124.0567, 38.11146],
          [-124.0489, 38.13554],
          [-124.04111, 38.15961],
          [-124.0195, 38.18604],
          [-124.01169, 38.2101],
          [-124.00088, 38.22331],
          [-123.99467, 38.23573],
          [-123.98225, 38.26058],
          [-123.97443, 38.28463],
          [-123.96361, 38.29783],
          [-123.95739, 38.31025],
          [-123.94495, 38.33508],
          [-123.93712, 38.35913],
          [-123.92628, 38.37233],
          [-123.92005, 38.38474],
          [-123.9076, 38.40956],
          [-123.89975, 38.4336],
          [-123.8889, 38.44679],
          [-123.88266, 38.45919],
          [-123.87019, 38.484],
          [-123.84847, 38.51037],
          [-123.83599, 38.53518],
          [-123.82974, 38.54758],
          [-123.81887, 38.56076],
          [-123.808, 38.57393],
          [-123.80175, 38.58633],
          [-123.78924, 38.61112],
          [-123.78135, 38.63513],
          [-123.77047, 38.6483],
          [-123.76421, 38.66069],
          [-123.75168, 38.68547],
          [-123.74378, 38.70947],
          [-123.73587, 38.73347],
          [-123.71407, 38.75979],
          [-123.70615, 38.78378],
          [-123.69823, 38.80777],
          [-123.6764, 38.83407],
          [-123.65456, 38.86038],
          [-123.64199, 38.88513],
          [-123.6357, 38.8975],
          [-123.62477, 38.91065],
          [-123.61682, 38.93461],
          [-123.59495, 38.9609],
          [-123.58699, 38.98486],
          [-123.57604, 38.998],
          [-123.56974, 39.01036],
          [-123.55713, 39.03509],
          [-123.54451, 39.05981],
          [-123.5382, 39.07217],
          [-123.52724, 39.0853],
          [-123.51628, 39.09843],
          [-123.50531, 39.11155],
          [-123.49732, 39.13549],
          [-123.47537, 39.16174],
          [-123.45342, 39.18798],
          [-123.44541, 39.2119],
          [-123.43443, 39.22502],
          [-123.42344, 39.23813],
          [-123.41542, 39.26206],
          [-123.39343, 39.28827],
          [-123.38074, 39.31295],
          [-123.37439, 39.32529],
          [-123.36339, 39.3384],
          [-123.35238, 39.3515],
          [-123.34137, 39.3646],
          [-123.33035, 39.3777],
          [-123.31934, 39.39079],
          [-123.30832, 39.40389],
          [-123.29729, 39.41698],
          [-123.28627, 39.43008],
          [-123.27524, 39.44317],
          [-123.26421, 39.45626],
          [-123.25318, 39.46935],
          [-123.24214, 39.48243],
          [-123.2311, 39.49552],
          [-123.22006, 39.5086],
          [-123.20902, 39.52168],
          [-123.19797, 39.53476],
          [-123.18692, 39.54784],
          [-123.17587, 39.56092],
          [-123.16481, 39.57399],
          [-123.15671, 39.59787],
          [-123.1486, 39.62174],
          [-123.13753, 39.63481],
          [-123.12646, 39.64788],
          [-123.11834, 39.67174],
          [-123.09619, 39.69787],
          [-123.07403, 39.72399],
          [-123.07057, 39.74708],
          [-123.05775, 39.77169],
          [-123.0496, 39.79553],
          [-123.04146, 39.81937],
          [-123.0333, 39.84321],
          [-123.02515, 39.86705],
          [-123.01699, 39.89088],
          [-123.00882, 39.9147],
          [-122.98659, 39.94079],
          [-122.96435, 39.96687],
          [-122.9421, 39.99294],
          [-122.94798, 40.0145],
          [-122.95387, 40.03605],
          [-122.95976, 40.05761],
          [-122.93454, 40.07289],
          [-122.90932, 40.08817],
          [-122.88702, 40.11422],
          [-122.87881, 40.13801],
          [-122.8706, 40.16181],
          [-122.84828, 40.18784],
          [-122.85416, 40.20938],
          [-122.86003, 40.23092],
          [-122.8377, 40.25694],
          [-122.81535, 40.28296],
          [-122.79299, 40.30897],
          [-122.76476, 40.31344],
          [-122.74238, 40.33945],
          [-122.71413, 40.34391],
          [-122.68588, 40.34837],
          [-122.65763, 40.35283],
          [-122.63522, 40.37881],
          [-122.60696, 40.38326],
          [-122.58452, 40.40923],
          [-122.56208, 40.43519],
          [-122.53963, 40.46115],
          [-122.51716, 40.48711],
          [-122.49468, 40.51305],
          [-122.46638, 40.51747],
          [-122.44388, 40.54341],
          [-122.42137, 40.56934],
          [-122.39885, 40.59526],
          [-122.37632, 40.62118],
          [-122.35378, 40.64709],
          [-122.35958, 40.66859],
          [-122.33702, 40.69449],
          [-122.31445, 40.72039],
          [-122.29187, 40.74628],
          [-122.26928, 40.77216],
          [-122.24668, 40.79804],
          [-122.22406, 40.8239],
          [-122.20144, 40.84977],
          [-122.20722, 40.87126],
          [-122.18458, 40.89711],
          [-122.16192, 40.92296],
          [-122.13926, 40.9488],
          [-122.11659, 40.97463],
          [-122.0939, 41.00046],
          [-122.09967, 41.02194],
          [-122.07696, 41.04776],
          [-122.05425, 41.07357],
          [-122.06001, 41.09504],
          [-122.06578, 41.1165],
          [-122.04305, 41.1423],
          [-122.04881, 41.16376],
          [-122.05457, 41.18522],
          [-122.03182, 41.21101],
          [-122.03759, 41.23246],
          [-122.04335, 41.25391],
          [-122.02059, 41.27969],
          [-122.02635, 41.30113],
          [-122.03212, 41.32257],
          [-122.00934, 41.34834],
          [-122.0151, 41.36978],
          [-122.02087, 41.39121],
          [-122.02664, 41.41264],
          [-122.00384, 41.4384],
          [-122.00961, 41.45982],
          [-122.01538, 41.48125],
          [-121.99256, 41.50699],
          [-121.99833, 41.52841],
          [-121.97549, 41.55414],
          [-121.98126, 41.57555],
          [-121.98703, 41.59696],
          [-121.96418, 41.62269],
          [-121.96995, 41.64409],
          [-122.00437, 41.66118],
          [-122.03301, 41.65685],
          [-122.02723, 41.63545],
          [-122.05007, 41.60972],
          [-122.04428, 41.58832],
          [-122.06711, 41.56258],
          [-122.09572, 41.55824],
          [-122.12434, 41.5539],
          [-122.15294, 41.54956],
          [-122.18736, 41.56662],
          [-122.22179, 41.58367],
          [-122.25041, 41.57931],
          [-122.24458, 41.55791],
          [-122.26735, 41.53214],
          [-122.29011, 41.50636],
          [-122.28428, 41.48495],
          [-122.30702, 41.45917],
          [-122.30119, 41.43775],
          [-122.32392, 41.41196],
          [-122.31809, 41.39054],
          [-122.31226, 41.36912],
          [-122.30643, 41.34769],
          [-122.27206, 41.33063],
          [-122.26624, 41.3092],
          [-122.26043, 41.28777],
          [-122.25461, 41.26633],
          [-122.27732, 41.24052],
          [-122.2715, 41.21907],
          [-122.26569, 41.19763],
          [-122.28838, 41.17181],
          [-122.31105, 41.14598],
          [-122.33371, 41.12014],
          [-122.36219, 41.11576],
          [-122.38483, 41.08991],
          [-122.4133, 41.08551],
          [-122.44177, 41.08111],
          [-122.47023, 41.07671],
          [-122.49283, 41.05084],
          [-122.51543, 41.02497],
          [-122.54387, 41.02055],
          [-122.57231, 41.01613],
          [-122.60075, 41.0117],
          [-122.63507, 41.02872],
          [-122.6635, 41.02429],
          [-122.69194, 41.01985],
          [-122.72037, 41.0154],
          [-122.74881, 41.01095],
          [-122.78314, 41.02794],
          [-122.78905, 41.04939],
          [-122.79497, 41.07084],
          [-122.82933, 41.08782],
          [-122.85778, 41.08335],
          [-122.89216, 41.10032],
          [-122.92061, 41.09585],
          [-122.94905, 41.09136],
          [-122.97749, 41.08688],
          [-123.00593, 41.08239],
          [-123.03437, 41.07789],
          [-123.06281, 41.0734],
          [-123.09124, 41.06889],
          [-123.12266, 41.0751],
          [-123.1481, 41.05987],
          [-123.17652, 41.05535],
          [-123.19895, 41.0294],
          [-123.22736, 41.02487],
          [-123.25577, 41.02034],
          [-123.2902, 41.03724],
          [-123.31861, 41.0327],
          [-123.34702, 41.02815],
          [-123.37542, 41.0236],
          [-123.39779, 40.99762],
          [-123.42619, 40.99306],
          [-123.45458, 40.98849],
          [-123.47692, 40.96249],
          [-123.51136, 40.97935],
          [-123.53975, 40.97478],
          [-123.56813, 40.97019],
          [-123.59651, 40.96561],
          [-123.62489, 40.96102],
          [-123.65327, 40.95642],
          [-123.68164, 40.95182],
          [-123.71001, 40.94722],
          [-123.73838, 40.94261],
          [-123.76675, 40.938],
          [-123.80123, 40.9548],
          [-123.8296, 40.95018],
          [-123.85796, 40.94555],
          [-123.88632, 40.94092],
          [-123.91468, 40.93628],
          [-123.94304, 40.93164],
          [-123.97139, 40.92699],
          [-124.0059, 40.94376],
          [-124.04042, 40.96052],
          [-124.07496, 40.97728],
          [-124.1095, 40.99402],
          [-124.14406, 41.01076],
          [-124.17862, 41.02748],
          [-124.18483, 41.04889],
          [-124.21941, 41.0656],
          [-124.22563, 41.087],
          [-124.26024, 41.1037],
          [-124.29485, 41.1204],
          [-124.32948, 41.13709],
          [-124.33572, 41.15847],
          [-124.37037, 41.17515],
          [-124.37663, 41.19653],
          [-124.41129, 41.21319],
          [-124.41756, 41.23457],
          [-124.45224, 41.25122],
          [-124.45852, 41.27259],
          [-124.4648, 41.29395],
          [-124.48529, 41.31295],
          [-124.49158, 41.33431],
          [-124.51209, 41.3533],
          [-124.51838, 41.37465],
          [-124.52468, 41.396],
          [-124.53098, 41.41735],
          [-124.53728, 41.43869],
          [-124.54358, 41.46003],
          [-124.54989, 41.48137],
          [-124.5562, 41.50271],
          [-124.55301, 41.52561],
          [-124.55458, 41.54773],
          [-124.56089, 41.56906],
          [-124.56721, 41.59038],
          [-124.56877, 41.61249],
          [-124.56559, 41.63539],
          [-124.57191, 41.6567],
          [-124.57824, 41.67802],
          [-124.58456, 41.69933],
          [-124.59089, 41.72063],
          [-124.59723, 41.74194],
          [-124.58928, 41.7656],
          [-124.59562, 41.7869],
          [-124.60196, 41.8082],
          [-124.59401, 41.83186],
          [-124.60035, 41.85315],
          [-124.60669, 41.87444],
          [-124.61304, 41.89572],
          [-124.61938, 41.91701],
          [-124.61143, 41.94065],
          [-124.60348, 41.96429],
          [-124.60983, 41.98556],
          [-124.61618, 42.00683],
          [-124.5939, 42.03282],
          [-124.60026, 42.05409],
          [-124.59229, 42.07771],
          [-124.58432, 42.10133],
          [-124.57634, 42.12495],
          [-124.56837, 42.14856],
          [-124.57472, 42.16981],
          [-124.5524, 42.19577],
          [-124.55875, 42.21702],
          [-124.55076, 42.24062],
          [-124.54277, 42.26421],
          [-124.53477, 42.2878],
          [-124.52677, 42.31139],
          [-124.5044, 42.33732],
          [-124.49639, 42.3609],
          [-124.48837, 42.38448],
          [-124.46598, 42.41039],
          [-124.47233, 42.43162],
          [-124.44992, 42.45752],
          [-124.44189, 42.48108],
          [-124.43385, 42.50464],
          [-124.41141, 42.53053],
          [-124.40336, 42.55408],
          [-124.39531, 42.57762],
          [-124.37285, 42.6035],
          [-124.36478, 42.62703],
          [-124.35671, 42.65057],
          [-124.34864, 42.6741],
          [-124.34056, 42.69762],
          [-124.31806, 42.72347],
          [-124.30997, 42.74699],
          [-124.29872, 42.75991],
          [-124.28745, 42.77282],
          [-124.27619, 42.78574],
          [-124.26492, 42.79866],
          [-124.25365, 42.81157],
          [-124.22794, 42.8268],
          [-124.20538, 42.85261],
          [-124.1828, 42.87842],
          [-124.18912, 42.8996],
          [-124.16653, 42.9254],
          [-124.14394, 42.95119],
          [-124.12132, 42.97697],
          [-124.0987, 43.00275],
          [-124.07607, 43.02852],
          [-124.05342, 43.05429],
          [-124.03076, 43.08005],
          [-124.00495, 43.09522],
          [-123.97912, 43.11039],
          [-123.95643, 43.13613],
          [-123.92745, 43.14071],
          [-123.90474, 43.16644],
          [-123.88202, 43.19216],
          [-123.85615, 43.20731],
          [-123.83027, 43.22245],
          [-123.80438, 43.23758],
          [-123.77849, 43.25271],
          [-123.75259, 43.26783],
          [-123.72668, 43.28295],
          [-123.70076, 43.29806],
          [-123.67484, 43.31317],
          [-123.64891, 43.32827],
          [-123.62297, 43.34337],
          [-123.60013, 43.36903],
          [-123.57106, 43.37355],
          [-123.54821, 43.3992],
          [-123.52534, 43.42484],
          [-123.49935, 43.43991],
          [-123.47336, 43.45498],
          [-123.44736, 43.47004],
          [-123.42135, 43.4851],
          [-123.39224, 43.48959],
          [-123.36622, 43.50464],
          [-123.33813, 43.51264],
          [-123.31106, 43.52415],
          [-123.28502, 43.53919],
          [-123.25896, 43.55421],
          [-123.23188, 43.56572],
          [-123.20376, 43.5737],
          [-123.17769, 43.58871],
          [-123.15161, 43.60372],
          [-123.12552, 43.61872],
          [-123.0984, 43.6302],
          [-123.07025, 43.63815],
          [-123.04414, 43.65314],
          [-123.01496, 43.65757],
          [-122.98884, 43.67255],
          [-122.95965, 43.67696],
          [-122.93351, 43.69193],
          [-122.90737, 43.7069],
          [-122.87817, 43.7113],
          [-122.85201, 43.72626],
          [-122.8228, 43.73065],
          [-122.79662, 43.7456],
          [-122.77044, 43.76053],
          [-122.74122, 43.76492],
          [-122.71503, 43.77985],
          [-122.68882, 43.79477],
          [-122.65959, 43.79914],
          [-122.63337, 43.81405],
          [-122.60715, 43.82896],
          [-122.58091, 43.84387],
          [-122.55467, 43.85877],
          [-122.53144, 43.88421],
          [-122.50819, 43.90964],
          [-122.48192, 43.92453],
          [-122.45564, 43.93941],
          [-122.42936, 43.95428],
          [-122.40306, 43.96915],
          [-122.37976, 43.99455],
          [-122.35645, 44.01995],
          [-122.33312, 44.04534],
          [-122.30978, 44.07072],
          [-122.28643, 44.0961],
          [-122.26307, 44.12147],
          [-122.2397, 44.14683],
          [-122.21631, 44.17219],
          [-122.22229, 44.19325],
          [-122.19889, 44.21859],
          [-122.19017, 44.24179],
          [-122.18145, 44.26499],
          [-122.15802, 44.29031],
          [-122.13457, 44.31563],
          [-122.12583, 44.33881],
          [-122.11708, 44.36199],
          [-122.09361, 44.38729],
          [-122.07013, 44.41259],
          [-122.04664, 44.43788],
          [-122.02313, 44.46316],
          [-121.99961, 44.48843],
          [-121.98884, 44.5]
        ]
      }
    },
    {
      "type": "Feature",
      "id": "2026082406_f006_11000_001",
      "properties": {
        "product_id": "winter_storm_levels",
        "source_id": "nbm_snow_level",
        "parameter": "snow_level",
        "definition": "height of the wet-bulb 0.5 degree C surface",
        "level_ft_msl": 11000,
        "label": "11,000 ft MSL",
        "unit": "ft_msl",
        "cycle_time_utc": "2026-08-24T06:00:00Z",
        "valid_time_utc": "2026-08-24T12:00:00Z",
        "lead_hours": 6,
        "segment": 1,
        "length_m": 15352.3
      },
      "geometry": {
        "type": "LineString",
        "coordinates": [
          [-113.14809, 44.5],
          [-113.12676, 44.49548],
          [-113.09814, 44.48848],
          [-113.09476, 44.48664],
          [-113.06316, 44.47992],
          [-113.03454, 44.47292],
          [-113.03136, 44.47214],
          [-113.02858, 44.47349],
          [-113.00355, 44.48561],
          [-112.97554, 44.49802],
          [-112.97342, 44.5]
        ]
      }
    },
    {
      "type": "Feature",
      "id": "2026082406_f006_11000_002",
      "properties": {
        "product_id": "winter_storm_levels",
        "source_id": "nbm_snow_level",
        "parameter": "snow_level",
        "definition": "height of the wet-bulb 0.5 degree C surface",
        "level_ft_msl": 11000,
        "label": "11,000 ft MSL",
        "unit": "ft_msl",
        "cycle_time_utc": "2026-08-24T06:00:00Z",
        "valid_time_utc": "2026-08-24T12:00:00Z",
        "lead_hours": 6,
        "segment": 2,
        "length_m": 3820.4
      },
      "geometry": {
        "type": "LineString",
        "coordinates": [
          [-113.22842, 44.5],
          [-113.22136, 44.49828],
          [-113.21817, 44.4975],
          [-113.18817, 44.49931],
          [-113.18102, 44.5]
        ]
      }
    },
    {
      "type": "Feature",
      "id": "2026082406_f006_11000_003",
      "properties": {
        "product_id": "winter_storm_levels",
        "source_id": "nbm_snow_level",
        "parameter": "snow_level",
        "definition": "height of the wet-bulb 0.5 degree C surface",
        "level_ft_msl": 11000,
        "label": "11,000 ft MSL",
        "unit": "ft_msl",
        "cycle_time_utc": "2026-08-24T06:00:00Z",
        "valid_time_utc": "2026-08-24T12:00:00Z",
        "lead_hours": 6,
        "segment": 3,
        "length_m": 2262196.4
      },
      "geometry": {
        "type": "LineString",
        "coordinates": [
          [-127.33681, 30.13051],
          [-127.33839, 30.13613],
          [-127.32098, 30.16086],
          [-127.31904, 30.16361],
          [-127.32525, 30.18571],
          [-127.30783, 30.21043],
          [-127.3059, 30.21318],
          [-127.31211, 30.23528],
          [-127.29468, 30.26],
          [-127.29274, 30.26275],
          [-127.29895, 30.28485],
          [-127.28151, 30.30956],
          [-127.27957, 30.31231],
          [-127.28579, 30.33441],
          [-127.26833, 30.35912],
          [-127.26768, 30.3616],
          [-127.27261, 30.38396],
          [-127.2673, 30.40847],
          [-127.26136, 30.43077],
          [-127.25942, 30.43351],
          [-127.2541, 30.45802],
          [-127.24816, 30.48031],
          [-127.24622, 30.48306],
          [-127.25244, 30.50515],
          [-127.23495, 30.52986],
          [-127.23301, 30.5326],
          [-127.23922, 30.55469],
          [-127.22173, 30.57939],
          [-127.21978, 30.58213],
          [-127.226, 30.60422],
          [-127.23222, 30.62631],
          [-127.21471, 30.65101],
          [-127.21277, 30.65375],
          [-127.21899, 30.67584],
          [-127.20147, 30.70053],
          [-127.19952, 30.70328],
          [-127.20574, 30.72536],
          [-127.18821, 30.75005],
          [-127.18627, 30.75279],
          [-127.19249, 30.77488],
          [-127.17495, 30.79956],
          [-127.173, 30.8023],
          [-127.17922, 30.82439],
          [-127.18544, 30.84647],
          [-127.16789, 30.87115],
          [-127.16594, 30.87389],
          [-127.17216, 30.89597],
          [-127.1546, 30.92065],
          [-127.15265, 30.92339],
          [-127.15887, 30.94547],
          [-127.1413, 30.97014],
          [-127.13935, 30.97288],
          [-127.14557, 30.99496],
          [-127.15179, 31.01704],
          [-127.13421, 31.04171],
          [-127.13226, 31.04445],
          [-127.11467, 31.06911],
          [-127.11271, 31.07185],
          [-127.11893, 31.09393],
          [-127.10133, 31.11859],
          [-127.09937, 31.12133],
          [-127.1056, 31.1434],
          [-127.08799, 31.16806],
          [-127.08603, 31.1708],
          [-127.09225, 31.19287],
          [-127.07463, 31.21752],
          [-127.07267, 31.22026],
          [-127.05504, 31.24491],
          [-127.05308, 31.24765],
          [-127.03544, 31.2723],
          [-127.03348, 31.27504],
          [-127.0397, 31.29711],
          [-127.02205, 31.32175],
          [-127.02009, 31.32449],
          [-127.02631, 31.34655],
          [-127.00864, 31.37119],
          [-127.00668, 31.37393],
          [-127.0129, 31.396],
          [-126.99523, 31.42063],
          [-126.99327, 31.42337],
          [-126.97559, 31.448],
          [-126.97362, 31.45074],
          [-126.97984, 31.4728],
          [-126.96215, 31.49743],
          [-126.96018, 31.50016],
          [-126.94249, 31.52479],
          [-126.94052, 31.52752],
          [-126.94673, 31.54958],
          [-126.92903, 31.5742],
          [-126.92706, 31.57694],
          [-126.90934, 31.60156],
          [-126.90737, 31.60429],
          [-126.91358, 31.62635],
          [-126.89586, 31.65096],
          [-126.89389, 31.6537],
          [-126.87615, 31.67831],
          [-126.87418, 31.68104],
          [-126.85644, 31.70564],
          [-126.85447, 31.70838],
          [-126.86067, 31.73043],
          [-126.84292, 31.75504],
          [-126.84095, 31.75777],
          [-126.82318, 31.78237],
          [-126.82121, 31.7851],
          [-126.81574, 31.80953],
          [-126.80964, 31.83175],
          [-126.80767, 31.83448],
          [-126.78988, 31.85907],
          [-126.78791, 31.8618],
          [-126.77012, 31.88639],
          [-126.76814, 31.88912],
          [-126.75034, 31.9137],
          [-126.74836, 31.91643],
          [-126.75456, 31.93848],
          [-126.73675, 31.96306],
          [-126.73477, 31.96579],
          [-126.71696, 31.99037],
          [-126.71498, 31.9931],
          [-126.69715, 32.01767],
          [-126.69517, 32.0204],
          [-126.68966, 32.04481],
          [-126.68353, 32.06701],
          [-126.68154, 32.06974],
          [-126.6637, 32.0943],
          [-126.66172, 32.09703],
          [-126.64386, 32.12159],
          [-126.64188, 32.12432],
          [-126.62402, 32.14888],
          [-126.62203, 32.1516],
          [-126.62822, 32.17365],
          [-126.61035, 32.1982],
          [-126.60836, 32.20093],
          [-126.59048, 32.22547],
          [-126.58849, 32.2282],
          [-126.5706, 32.25275],
          [-126.56861, 32.25547],
          [-126.5748, 32.27751],
          [-126.5569, 32.30205],
          [-126.53082, 32.30728],
          [-126.52883, 32.31],
          [-126.51091, 32.33453],
          [-126.48483, 32.33975],
          [-126.48284, 32.34247],
          [-126.48901, 32.36451],
          [-126.47108, 32.38904],
          [-126.46908, 32.39176],
          [-126.45114, 32.41628],
          [-126.44915, 32.41901],
          [-126.45532, 32.44105],
          [-126.43737, 32.46556],
          [-126.43537, 32.46829],
          [-126.44154, 32.49032],
          [-126.42358, 32.51483],
          [-126.42158, 32.51756],
          [-126.40361, 32.54207],
          [-126.40161, 32.54479],
          [-126.40778, 32.56682],
          [-126.3898, 32.59133],
          [-126.3878, 32.59405],
          [-126.36981, 32.61855],
          [-126.36781, 32.62127],
          [-126.37397, 32.6433],
          [-126.35597, 32.6678],
          [-126.35397, 32.67052],
          [-126.36013, 32.69254],
          [-126.34212, 32.71704],
          [-126.34012, 32.71976],
          [-126.3345, 32.74411],
          [-126.32826, 32.76627],
          [-126.32626, 32.76899],
          [-126.30823, 32.79347],
          [-126.30622, 32.79619],
          [-126.31239, 32.81821],
          [-126.29434, 32.84269],
          [-126.29234, 32.84541],
          [-126.2985, 32.86743],
          [-126.28045, 32.89191],
          [-126.27844, 32.89463],
          [-126.26038, 32.9191],
          [-126.25837, 32.92181],
          [-126.26453, 32.94383],
          [-126.24646, 32.9683],
          [-126.24445, 32.97102],
          [-126.2388, 32.99535],
          [-126.23253, 33.01749],
          [-126.23052, 33.02021],
          [-126.21243, 33.04467],
          [-126.21042, 33.04738],
          [-126.21657, 33.0694],
          [-126.19847, 33.09385],
          [-126.19646, 33.09656],
          [-126.17835, 33.12101],
          [-126.17633, 33.12373],
          [-126.18249, 33.14574],
          [-126.16437, 33.17018],
          [-126.16235, 33.1729],
          [-126.16851, 33.1949],
          [-126.15037, 33.21934],
          [-126.14836, 33.22206],
          [-126.13022, 33.24649],
          [-126.1282, 33.24921],
          [-126.13435, 33.27121],
          [-126.1162, 33.29564],
          [-126.11418, 33.29836],
          [-126.09602, 33.32278],
          [-126.094, 33.3255],
          [-126.10015, 33.3475],
          [-126.08198, 33.37192],
          [-126.07996, 33.37463],
          [-126.07425, 33.39894],
          [-126.06793, 33.42105],
          [-126.06591, 33.42376],
          [-126.04771, 33.44817],
          [-126.04569, 33.45088],
          [-126.05184, 33.47288],
          [-126.03364, 33.49729],
          [-126.03161, 33.5],
          [-126.02589, 33.5243],
          [-126.01955, 33.54639],
          [-126.01752, 33.5491],
          [-125.9993, 33.5735],
          [-125.99859, 33.57596],
          [-126.00342, 33.5982],
          [-125.98519, 33.6226],
          [-125.98316, 33.62531],
          [-125.9893, 33.64729],
          [-125.97106, 33.67168],
          [-125.96903, 33.67439],
          [-125.95078, 33.69878],
          [-125.95007, 33.70123],
          [-125.95489, 33.72347],
          [-125.93663, 33.74785],
          [-125.93592, 33.75031],
          [-125.94074, 33.77254],
          [-125.92246, 33.79692],
          [-125.92043, 33.79963],
          [-125.91467, 33.8239],
          [-125.90829, 33.84597],
          [-125.90625, 33.84868],
          [-125.88796, 33.87305],
          [-125.88725, 33.8755],
          [-125.89206, 33.89773],
          [-125.87376, 33.92209],
          [-125.87305, 33.92454],
          [-125.86594, 33.94906],
          [-125.85955, 33.97113],
          [-125.85751, 33.97383],
          [-125.83918, 33.99818],
          [-125.83847, 34.00064],
          [-125.84328, 34.02286],
          [-125.82495, 34.04721],
          [-125.82423, 34.04966],
          [-125.81711, 34.07416],
          [-125.8107, 34.09622],
          [-125.80866, 34.09892],
          [-125.7903, 34.12326],
          [-125.78959, 34.12571],
          [-125.78245, 34.15021],
          [-125.77603, 34.17226],
          [-125.77531, 34.17471],
          [-125.76817, 34.19921],
          [-125.76174, 34.22125],
          [-125.7597, 34.22396],
          [-125.75387, 34.24819],
          [-125.74744, 34.27024],
          [-125.74539, 34.27294],
          [-125.727, 34.29726],
          [-125.72628, 34.29971],
          [-125.71912, 34.32419],
          [-125.71267, 34.34623],
          [-125.71195, 34.34867],
          [-125.70479, 34.37315],
          [-125.69833, 34.39519],
          [-125.69762, 34.39763],
          [-125.69044, 34.42211],
          [-125.68123, 34.43426],
          [-125.66996, 34.44911],
          [-125.66349, 34.47114],
          [-125.66277, 34.47358],
          [-125.65559, 34.49805],
          [-125.64912, 34.52007],
          [-125.6484, 34.52252],
          [-125.64121, 34.54699],
          [-125.63473, 34.569],
          [-125.63401, 34.57145],
          [-125.62681, 34.59591],
          [-125.62033, 34.61792],
          [-125.61961, 34.62037],
          [-125.6124, 34.64483],
          [-125.60316, 34.65697],
          [-125.59675, 34.67088],
          [-125.58567, 34.6949],
          [-125.58465, 34.69625],
          [-125.57743, 34.7207],
          [-125.57093, 34.7427],
          [-125.57021, 34.74515],
          [-125.56298, 34.76959],
          [-125.55372, 34.78172],
          [-125.5424, 34.79655],
          [-125.53589, 34.81855],
          [-125.53517, 34.82099],
          [-125.52793, 34.84543],
          [-125.52142, 34.86742],
          [-125.52069, 34.86986],
          [-125.50112, 34.89546],
          [-125.50009, 34.89681],
          [-125.49284, 34.92124],
          [-125.48631, 34.94322],
          [-125.48558, 34.94566],
          [-125.47833, 34.97009],
          [-125.46904, 34.98221],
          [-125.45769, 34.99702],
          [-125.45115, 35.019],
          [-125.45043, 35.02144],
          [-125.43081, 35.04701],
          [-125.42977, 35.04836],
          [-125.4225, 35.07278],
          [-125.41595, 35.09475],
          [-125.41388, 35.09744],
          [-125.39528, 35.12166],
          [-125.39455, 35.1241],
          [-125.38726, 35.14851],
          [-125.37795, 35.16061],
          [-125.36657, 35.17541],
          [-125.36, 35.19737],
          [-125.35927, 35.19981],
          [-125.35197, 35.22421],
          [-125.34265, 35.23631],
          [-125.33126, 35.2511],
          [-125.32468, 35.27306],
          [-125.32395, 35.2755],
          [-125.30425, 35.30103],
          [-125.30321, 35.30238],
          [-125.2959, 35.32677],
          [-125.28656, 35.33886],
          [-125.27515, 35.35364],
          [-125.26855, 35.37559],
          [-125.26648, 35.37827],
          [-125.24779, 35.40245],
          [-125.24706, 35.40489],
          [-125.22732, 35.43041],
          [-125.22628, 35.43175],
          [-125.21894, 35.45613],
          [-125.20958, 35.46821],
          [-125.19815, 35.48298],
          [-125.19153, 35.50492],
          [-125.19079, 35.50735],
          [-125.17103, 35.53286],
          [-125.16999, 35.5342],
          [-125.15859, 35.5593],
          [-125.15325, 35.57064],
          [-125.1418, 35.5854],
          [-125.13242, 35.59747],
          [-125.12096, 35.61223],
          [-125.11432, 35.63415],
          [-125.11358, 35.63659],
          [-125.09378, 35.66207],
          [-125.09273, 35.66341],
          [-125.07292, 35.68889],
          [-125.07232, 35.69015],
          [-125.06044, 35.71532],
          [-125.05508, 35.72664],
          [-125.04854, 35.74048],
          [-125.03724, 35.76439],
          [-125.03619, 35.76573],
          [-125.02474, 35.79081],
          [-125.01938, 35.80213],
          [-125.00789, 35.81686],
          [-124.99848, 35.82892],
          [-124.99192, 35.84276],
          [-124.9806, 35.86665],
          [-124.98, 35.86791],
          [-124.96807, 35.89305],
          [-124.9627, 35.90437],
          [-124.95119, 35.9191],
          [-124.94177, 35.93115],
          [-124.9352, 35.94498],
          [-124.92385, 35.96886],
          [-124.9228, 35.97019],
          [-124.90289, 35.99562],
          [-124.90229, 35.99688],
          [-124.89033, 36.02201],
          [-124.88495, 36.03332],
          [-124.87837, 36.04714],
          [-124.86699, 36.07101],
          [-124.86594, 36.07234],
          [-124.85442, 36.09738],
          [-124.84903, 36.10869],
          [-124.83748, 36.1234],
          [-124.82802, 36.13543],
          [-124.82143, 36.14924],
          [-124.81003, 36.1731],
          [-124.80898, 36.17444],
          [-124.78901, 36.19983],
          [-124.78841, 36.20109],
          [-124.7764, 36.22619],
          [-124.77009, 36.23421],
          [-124.75535, 36.25292],
          [-124.74995, 36.26421],
          [-124.74333, 36.27801],
          [-124.73191, 36.30185],
          [-124.73085, 36.30319],
          [-124.71084, 36.32857],
          [-124.71024, 36.32982],
          [-124.69819, 36.35491],
          [-124.69278, 36.36619],
          [-124.68615, 36.37999],
          [-124.6747, 36.40382],
          [-124.67365, 36.40515],
          [-124.66204, 36.43015],
          [-124.65661, 36.44143],
          [-124.645, 36.45611],
          [-124.63821, 36.47794],
          [-124.63746, 36.48037],
          [-124.61739, 36.50572],
          [-124.61678, 36.50697],
          [-124.6047, 36.53203],
          [-124.59926, 36.54331],
          [-124.59261, 36.55709],
          [-124.58113, 36.5809],
          [-124.58052, 36.58215],
          [-124.56842, 36.6072],
          [-124.56298, 36.61848],
          [-124.55632, 36.63225],
          [-124.54482, 36.65605],
          [-124.54376, 36.65738],
          [-124.52363, 36.6827],
          [-124.52303, 36.68395],
          [-124.5109, 36.70899],
          [-124.50545, 36.72026],
          [-124.49878, 36.73403],
          [-124.48534, 36.7509],
          [-124.47756, 36.76067],
          [-124.46603, 36.78445],
          [-124.46542, 36.7857],
          [-124.45123, 36.81109],
          [-124.44691, 36.81871],
          [-124.43681, 36.83651],
          [-124.42767, 36.85261],
          [-124.41988, 36.86237],
          [-124.40832, 36.88613],
          [-124.40771, 36.88738],
          [-124.39349, 36.91276],
          [-124.38916, 36.92038],
          [-124.37904, 36.93816],
          [-124.36989, 36.95425],
          [-124.36208, 36.96401],
          [-124.3505, 36.98776],
          [-124.34989, 36.98901],
          [-124.3293, 37.01472],
          [-124.32859, 37.0156],
          [-124.31434, 37.04096],
          [-124.30999, 37.04857],
          [-124.29985, 37.06635],
          [-124.29067, 37.08242],
          [-124.28536, 37.09173],
          [-124.27134, 37.11627],
          [-124.27086, 37.11711],
          [-124.25635, 37.14249],
          [-124.252, 37.1501],
          [-124.24184, 37.16786],
          [-124.23264, 37.18393],
          [-124.22731, 37.19323],
          [-124.21327, 37.21775],
          [-124.21279, 37.2186],
          [-124.19825, 37.24396],
          [-124.19389, 37.25157],
          [-124.18371, 37.26932],
          [-124.1745, 37.28538],
          [-124.16665, 37.29511],
          [-124.1531, 37.31192],
          [-124.14776, 37.32121],
          [-124.13368, 37.34572],
          [-124.13297, 37.3466],
          [-124.11226, 37.37225],
          [-124.11177, 37.37309],
          [-124.09719, 37.39843],
          [-124.09282, 37.40603],
          [-124.08261, 37.42376],
          [-124.07337, 37.4398],
          [-124.06801, 37.44909],
          [-124.0539, 37.47357],
          [-124.05341, 37.47442],
          [-124.03881, 37.49974],
          [-124.03442, 37.50734],
          [-124.02419, 37.52506],
          [-124.01399, 37.53765],
          [-124.00271, 37.55156],
          [-123.9925, 37.56414],
          [-123.9841, 37.57755],
          [-123.97249, 37.59607],
          [-123.96809, 37.60309],
          [-123.95756, 37.62769],
          [-123.9544, 37.63506],
          [-123.94415, 37.65277],
          [-123.93487, 37.66879],
          [-123.931, 37.67781],
          [-123.91537, 37.7027],
          [-123.91483, 37.70336],
          [-123.90016, 37.72864],
          [-123.89575, 37.73623],
          [-123.88548, 37.75393],
          [-123.87618, 37.76994],
          [-123.86827, 37.77964],
          [-123.85461, 37.79639],
          [-123.8467, 37.80609],
          [-123.83303, 37.82283],
          [-123.82764, 37.8321],
          [-123.81342, 37.85652],
          [-123.81293, 37.85736],
          [-123.79821, 37.88263],
          [-123.7938, 37.8902],
          [-123.78349, 37.90788],
          [-123.77416, 37.92388],
          [-123.77028, 37.93288],
          [-123.75456, 37.95773],
          [-123.75416, 37.95836],
          [-123.73928, 37.98363],
          [-123.73485, 37.99121],
          [-123.72453, 38.00887],
          [-123.71518, 38.02486],
          [-123.70724, 38.03454],
          [-123.69352, 38.05126],
          [-123.68811, 38.06051],
          [-123.67383, 38.0849],
          [-123.67347, 38.08572],
          [-123.66546, 38.1098],
          [-123.65797, 38.13265],
          [-123.65757, 38.13386],
          [-123.64278, 38.15908],
          [-123.63923, 38.1699],
          [-123.63489, 38.18313],
          [-123.62058, 38.2075],
          [-123.62009, 38.20834],
          [-123.61219, 38.23238],
          [-123.60281, 38.24834],
          [-123.59738, 38.25758],
          [-123.58305, 38.28194],
          [-123.58255, 38.28278],
          [-123.5698, 38.30763],
          [-123.56327, 38.31554],
          [-123.54804, 38.33398],
          [-123.5424, 38.34514],
          [-123.53551, 38.35878],
          [-123.52359, 38.38234],
          [-123.52319, 38.38354],
          [-123.51041, 38.40837],
          [-123.50476, 38.41953],
          [-123.5004, 38.43274],
          [-123.49246, 38.45675],
          [-123.48888, 38.46756],
          [-123.48451, 38.48077],
          [-123.47013, 38.50509],
          [-123.46963, 38.50593],
          [-123.46167, 38.52994],
          [-123.45411, 38.55274],
          [-123.45349, 38.55398],
          [-123.4409, 38.57875],
          [-123.43435, 38.58664],
          [-123.41906, 38.60505],
          [-123.41339, 38.61619],
          [-123.40646, 38.62981],
          [-123.39448, 38.65333],
          [-123.39339, 38.65465],
          [-123.37261, 38.67962],
          [-123.37198, 38.68086],
          [-123.35936, 38.70561],
          [-123.35368, 38.71674],
          [-123.34164, 38.7312],
          [-123.33179, 38.74302],
          [-123.31974, 38.75747],
          [-123.30988, 38.76929],
          [-123.29783, 38.78374],
          [-123.28797, 38.79556],
          [-123.27591, 38.81],
          [-123.26869, 38.83157],
          [-123.26789, 38.83396],
          [-123.25987, 38.85792],
          [-123.25264, 38.87948],
          [-123.25184, 38.88188],
          [-123.23098, 38.90681],
          [-123.22988, 38.90812],
          [-123.20902, 38.93305],
          [-123.20862, 38.93425],
          [-123.20498, 38.95747],
          [-123.19949, 38.981],
          [-123.19586, 38.99177],
          [-123.18888, 39.00536],
          [-123.17681, 39.02882],
          [-123.17432, 39.03036],
          [-123.15188, 39.04421],
          [-123.12703, 39.05996],
          [-123.12583, 39.06091],
          [-123.10491, 39.0858],
          [-123.10381, 39.08711],
          [-123.09573, 39.11104],
          [-123.08581, 39.12283],
          [-123.0788, 39.1364],
          [-123.0667, 39.15984],
          [-123.06629, 39.16104],
          [-123.0582, 39.18495],
          [-123.0505, 39.20767],
          [-123.04986, 39.2089],
          [-123.03501, 39.23391],
          [-123.03048, 39.24142],
          [-123.01503, 39.25974],
          [-123.00796, 39.26597],
          [-122.98436, 39.28655],
          [-122.98362, 39.28742],
          [-122.96225, 39.31271],
          [-122.96175, 39.31354],
          [-122.96061, 39.33631],
          [-122.95247, 39.3602],
          [-122.94881, 39.37095],
          [-122.94177, 39.3845],
          [-122.92775, 39.40106],
          [-122.91964, 39.41064],
          [-122.90561, 39.42719],
          [-122.89236, 39.4376],
          [-122.88151, 39.44612],
          [-122.866, 39.46441],
          [-122.85935, 39.47225],
          [-122.84383, 39.49053],
          [-122.83805, 39.50161],
          [-122.83099, 39.51515],
          [-122.81694, 39.53169],
          [-122.81137, 39.54085],
          [-122.79668, 39.565],
          [-122.79617, 39.56584],
          [-122.78799, 39.58969],
          [-122.77836, 39.60551],
          [-122.77278, 39.61467],
          [-122.76458, 39.63852],
          [-122.76089, 39.64925],
          [-122.75638, 39.66236],
          [-122.74167, 39.68649],
          [-122.74116, 39.68733],
          [-122.71946, 39.71275],
          [-122.71891, 39.71341],
          [-122.6972, 39.73883],
          [-122.69641, 39.73952],
          [-122.67489, 39.76471],
          [-122.67438, 39.76555],
          [-122.66347, 39.7898],
          [-122.65832, 39.81201],
          [-122.65805, 39.81318],
          [-122.647, 39.83744],
          [-122.63907, 39.84939],
          [-122.63032, 39.8626],
          [-122.61822, 39.88083],
          [-122.61363, 39.88775],
          [-122.59735, 39.91227],
          [-122.59693, 39.9129],
          [-122.58149, 39.93784],
          [-122.5769, 39.94531],
          [-122.56126, 39.96353],
          [-122.55456, 39.97134],
          [-122.53032, 39.99035],
          [-122.52952, 39.99103],
          [-122.50566, 40.00784],
          [-122.4933, 40.01923],
          [-122.48212, 40.02953],
          [-122.46825, 40.04565],
          [-122.45974, 40.05553],
          [-122.44148, 40.07234],
          [-122.43644, 40.07819],
          [-122.41259, 40.09879],
          [-122.41179, 40.09947],
          [-122.38872, 40.11938],
          [-122.38256, 40.12652],
          [-122.36769, 40.15057],
          [-122.36694, 40.15143],
          [-122.34385, 40.17133],
          [-122.33509, 40.17888],
          [-122.32087, 40.19532],
          [-122.31264, 40.20484],
          [-122.29841, 40.22128],
          [-122.29276, 40.23039],
          [-122.27785, 40.25442],
          [-122.2771, 40.25528],
          [-122.26064, 40.28029],
          [-122.25728, 40.28755],
          [-122.24154, 40.30571],
          [-122.23565, 40.31672],
          [-122.22845, 40.33018],
          [-122.21601, 40.35343],
          [-122.21489, 40.35472],
          [-122.19349, 40.37935],
          [-122.19236, 40.38065],
          [-122.17095, 40.40527],
          [-122.16983, 40.40657],
          [-122.14659, 40.42436],
          [-122.13313, 40.43467],
          [-122.12298, 40.44632],
          [-122.11057, 40.46057],
          [-122.10041, 40.47223],
          [-122.09318, 40.48567],
          [-122.0807, 40.50889],
          [-122.08004, 40.51011],
          [-122.06689, 40.53454],
          [-122.06097, 40.54554],
          [-122.05373, 40.55898],
          [-122.04123, 40.58218],
          [-122.0401, 40.58348],
          [-122.01861, 40.60806],
          [-122.01748, 40.60935],
          [-121.99598, 40.63392],
          [-121.99532, 40.63514],
          [-121.98214, 40.65956],
          [-121.9762, 40.67054],
          [-121.96374, 40.68476],
          [-121.95612, 40.70607],
          [-121.95527, 40.70844],
          [-121.94254, 40.73277],
          [-121.9366, 40.74375],
          [-121.92933, 40.75717],
          [-121.91677, 40.78034],
          [-121.91564, 40.78163],
          [-121.89227, 40.79936],
          [-121.88395, 40.80883],
          [-121.86812, 40.81974],
          [-121.8431, 40.83685],
          [-121.84229, 40.83753],
          [-121.81895, 40.85729],
          [-121.81009, 40.86478],
          [-121.79569, 40.88112],
          [-121.78735, 40.89058],
          [-121.77475, 40.91373],
          [-121.77361, 40.91502],
          [-121.75199, 40.93952],
          [-121.75085, 40.94081],
          [-121.72922, 40.96531],
          [-121.72808, 40.9666],
          [-121.70644, 40.99109],
          [-121.70577, 40.99231],
          [-121.69034, 41.01698],
          [-121.68563, 41.02439],
          [-121.66967, 41.04242],
          [-121.66368, 41.05338],
          [-121.65113, 41.06755],
          [-121.64086, 41.07914],
          [-121.63353, 41.09252],
          [-121.62087, 41.11563],
          [-121.61972, 41.11692],
          [-121.59802, 41.14137],
          [-121.59688, 41.14266],
          [-121.57517, 41.16711],
          [-121.5745, 41.16833],
          [-121.56543, 41.192],
          [-121.55513, 41.20358],
          [-121.54255, 41.21773],
          [-121.5348, 41.23897],
          [-121.53394, 41.24133],
          [-121.51219, 41.26576],
          [-121.51105, 41.26704],
          [-121.50243, 41.29063],
          [-121.49212, 41.3022],
          [-121.48475, 41.31556],
          [-121.47203, 41.33863],
          [-121.47088, 41.33991],
          [-121.45795, 41.36413],
          [-121.45192, 41.37505],
          [-121.4393, 41.38918],
          [-121.42898, 41.40074],
          [-121.41635, 41.41486],
          [-121.40856, 41.43607],
          [-121.40769, 41.43843],
          [-121.38587, 41.46282],
          [-121.38473, 41.4641],
          [-121.37606, 41.48766],
          [-121.36571, 41.4992],
          [-121.35307, 41.51332],
          [-121.34526, 41.53451],
          [-121.34439, 41.53686],
          [-121.33141, 41.56104],
          [-121.32535, 41.57195],
          [-121.31269, 41.58605],
          [-121.30486, 41.60724],
          [-121.30399, 41.60959],
          [-121.28211, 41.63394],
          [-121.28096, 41.63522],
          [-121.25907, 41.65957],
          [-121.25791, 41.66085],
          [-121.23601, 41.68519],
          [-121.23486, 41.68648],
          [-121.21294, 41.71081],
          [-121.21179, 41.71209],
          [-121.20306, 41.7356],
          [-121.19267, 41.74713],
          [-121.17997, 41.76121],
          [-121.1721, 41.78236],
          [-121.17123, 41.78471],
          [-121.14927, 41.80903],
          [-121.14812, 41.81031],
          [-121.13937, 41.8338],
          [-121.12896, 41.84532],
          [-121.11624, 41.85939],
          [-121.10583, 41.8709],
          [-121.0931, 41.88496],
          [-121.08268, 41.89647],
          [-121.06995, 41.91053],
          [-121.05953, 41.92203],
          [-121.04679, 41.93609],
          [-121.03888, 41.95722],
          [-121.03656, 41.95978],
          [-121.0157, 41.98277],
          [-121.01482, 41.98512],
          [-120.99279, 42.00938],
          [-120.99163, 42.01066],
          [-120.98282, 42.03412],
          [-120.97237, 42.04561],
          [-120.95961, 42.05966],
          [-120.95167, 42.08077],
          [-120.95079, 42.08311],
          [-120.92872, 42.10736],
          [-120.92755, 42.10863],
          [-120.91872, 42.13208],
          [-120.91077, 42.15318],
          [-120.90989, 42.15552],
          [-120.90105, 42.17896],
          [-120.89309, 42.20005],
          [-120.8922, 42.2024],
          [-120.88336, 42.22583],
          [-120.87539, 42.24691],
          [-120.8745, 42.24925],
          [-120.86565, 42.27268],
          [-120.85767, 42.29376],
          [-120.85679, 42.2961],
          [-120.86092, 42.31766],
          [-120.8535, 42.34087],
          [-120.84552, 42.36194],
          [-120.84319, 42.36449],
          [-120.84876, 42.38583],
          [-120.85434, 42.40718],
          [-120.83334, 42.43009],
          [-120.83101, 42.43264],
          [-120.83659, 42.45398],
          [-120.84217, 42.47531],
          [-120.82115, 42.49822],
          [-120.81882, 42.50076],
          [-120.79779, 42.52366],
          [-120.79546, 42.5262],
          [-120.80103, 42.54753],
          [-120.77999, 42.57042],
          [-120.77765, 42.57296],
          [-120.78323, 42.59429],
          [-120.76217, 42.61717],
          [-120.75983, 42.61971],
          [-120.76541, 42.64103],
          [-120.74434, 42.6639],
          [-120.742, 42.66644],
          [-120.72092, 42.68931],
          [-120.71858, 42.69185],
          [-120.69749, 42.71471],
          [-120.66849, 42.71879],
          [-120.66614, 42.72133],
          [-120.64503, 42.74418],
          [-120.61602, 42.74826],
          [-120.61367, 42.7508],
          [-120.61922, 42.7721],
          [-120.62477, 42.7934],
          [-120.60364, 42.81624],
          [-120.60129, 42.81877],
          [-120.60684, 42.84007],
          [-120.5857, 42.8629],
          [-120.58335, 42.86543],
          [-120.5889, 42.88672],
          [-120.59445, 42.90801],
          [-120.57329, 42.93083],
          [-120.57093, 42.93336],
          [-120.57648, 42.95464],
          [-120.55531, 42.97745],
          [-120.55295, 42.97998],
          [-120.5585, 43.00126],
          [-120.53731, 43.02406],
          [-120.50821, 43.02811],
          [-120.50585, 43.03064],
          [-120.48464, 43.05343],
          [-120.45553, 43.05748],
          [-120.42642, 43.06152],
          [-120.42406, 43.06405],
          [-120.40283, 43.08682],
          [-120.3737, 43.09085],
          [-120.34458, 43.09488],
          [-120.34222, 43.0974],
          [-120.32095, 43.12016],
          [-120.29182, 43.12418],
          [-120.28945, 43.12671],
          [-120.26817, 43.14946],
          [-120.26581, 43.15199],
          [-120.24452, 43.17473],
          [-120.24215, 43.17726],
          [-120.22085, 43.19999],
          [-120.19168, 43.20399],
          [-120.18932, 43.20652],
          [-120.168, 43.22924],
          [-120.13882, 43.23323],
          [-120.13645, 43.23576],
          [-120.11511, 43.25847],
          [-120.11274, 43.261],
          [-120.09139, 43.28371],
          [-120.08902, 43.28623],
          [-120.06766, 43.30893],
          [-120.06528, 43.31146],
          [-120.04391, 43.33415],
          [-120.04153, 43.33668],
          [-120.02015, 43.35937],
          [-120.01778, 43.36189],
          [-119.99638, 43.38457],
          [-119.96715, 43.38853],
          [-119.96478, 43.39105],
          [-119.94336, 43.41373],
          [-119.91412, 43.41768],
          [-119.88488, 43.42162],
          [-119.85564, 43.42556],
          [-119.82639, 43.4295],
          [-119.82401, 43.43201],
          [-119.80256, 43.45467],
          [-119.7733, 43.45859],
          [-119.74404, 43.46252],
          [-119.71478, 43.46643],
          [-119.68552, 43.47035],
          [-119.65625, 43.47425],
          [-119.65386, 43.47677],
          [-119.63236, 43.4994],
          [-119.60308, 43.50329],
          [-119.57381, 43.50719],
          [-119.57141, 43.5097],
          [-119.54989, 43.53231],
          [-119.5206, 43.5362],
          [-119.4913, 43.54008],
          [-119.46201, 43.54396],
          [-119.43271, 43.54783],
          [-119.43032, 43.55034],
          [-119.40875, 43.57293],
          [-119.37944, 43.57679],
          [-119.35013, 43.58065],
          [-119.32082, 43.5845],
          [-119.2915, 43.58835],
          [-119.26219, 43.59219],
          [-119.25979, 43.5947],
          [-119.23817, 43.61726],
          [-119.20884, 43.6211],
          [-119.17951, 43.62493],
          [-119.15018, 43.62875],
          [-119.14777, 43.63126],
          [-119.12612, 43.6538],
          [-119.09678, 43.65762],
          [-119.06743, 43.66143],
          [-119.03809, 43.66524],
          [-119.03568, 43.66774],
          [-119.01163, 43.68071],
          [-118.98227, 43.68451],
          [-118.95291, 43.6883],
          [-118.92413, 43.68216],
          [-118.92067, 43.68042],
          [-118.89132, 43.6842],
          [-118.86196, 43.68798],
          [-118.83259, 43.69175],
          [-118.83018, 43.69425],
          [-118.80844, 43.71675],
          [-118.77906, 43.72051],
          [-118.74969, 43.72427],
          [-118.72031, 43.72803],
          [-118.69093, 43.73178],
          [-118.68851, 43.73428],
          [-118.6937, 43.75551],
          [-118.67191, 43.77798],
          [-118.66949, 43.78048],
          [-118.67468, 43.8017],
          [-118.65288, 43.82417],
          [-118.62347, 43.82791],
          [-118.59405, 43.83164],
          [-118.56293, 43.8159],
          [-118.55947, 43.81415],
          [-118.53006, 43.81787],
          [-118.49895, 43.80211],
          [-118.4955, 43.80036],
          [-118.46609, 43.80408],
          [-118.43499, 43.78831],
          [-118.43154, 43.78656],
          [-118.40213, 43.79026],
          [-118.37272, 43.79396],
          [-118.3433, 43.79765],
          [-118.31159, 43.79179],
          [-118.28282, 43.78555],
          [-118.27962, 43.78486],
          [-118.25021, 43.78854],
          [-118.22079, 43.79221],
          [-118.21811, 43.79364],
          [-118.19392, 43.8065],
          [-118.16678, 43.81972],
          [-118.13735, 43.82338],
          [-118.10792, 43.82704],
          [-118.07848, 43.83069],
          [-118.04905, 43.83434],
          [-118.01961, 43.83798],
          [-117.99017, 43.84162],
          [-117.95914, 43.82578],
          [-117.9557, 43.82402],
          [-117.92626, 43.82765],
          [-117.89682, 43.83127],
          [-117.86737, 43.83489],
          [-117.83793, 43.8385],
          [-117.80848, 43.84211],
          [-117.77903, 43.84572],
          [-117.77659, 43.8482],
          [-117.75457, 43.87056],
          [-117.72511, 43.87415],
          [-117.72267, 43.87664],
          [-117.70063, 43.89898],
          [-117.67116, 43.90257],
          [-117.64169, 43.90615],
          [-117.61222, 43.90973],
          [-117.58123, 43.89383],
          [-117.57778, 43.89206],
          [-117.54831, 43.89563],
          [-117.51884, 43.89919],
          [-117.48936, 43.90275],
          [-117.45988, 43.9063],
          [-117.4304, 43.90985],
          [-117.40116, 43.91446],
          [-117.37143, 43.91694],
          [-117.34194, 43.92047],
          [-117.31245, 43.924],
          [-117.28296, 43.92753],
          [-117.25347, 43.93105],
          [-117.22397, 43.93456],
          [-117.19448, 43.93808],
          [-117.19201, 43.94055],
          [-117.16984, 43.96282],
          [-117.14033, 43.96633],
          [-117.11082, 43.96982],
          [-117.08131, 43.97332],
          [-117.07884, 43.97579],
          [-117.05664, 43.99804],
          [-117.02712, 44.00153],
          [-116.99759, 44.005],
          [-116.96831, 44.00954],
          [-116.93878, 44.01301],
          [-116.90924, 44.01647],
          [-116.87971, 44.01993],
          [-116.85017, 44.02339],
          [-116.82063, 44.02684],
          [-116.7887, 44.01967],
          [-116.75916, 44.02311],
          [-116.72962, 44.02654],
          [-116.70222, 44.03953],
          [-116.67267, 44.04296],
          [-116.64098, 44.03682],
          [-116.61143, 44.04024],
          [-116.58188, 44.04366],
          [-116.5547, 44.05768],
          [-116.52514, 44.06109],
          [-116.49558, 44.06449],
          [-116.49286, 44.06589],
          [-116.46837, 44.0785],
          [-116.44093, 44.09145],
          [-116.41135, 44.09483],
          [-116.38201, 44.09928],
          [-116.37929, 44.10068],
          [-116.3569, 44.12283],
          [-116.32731, 44.1262],
          [-116.32482, 44.12866],
          [-116.30241, 44.1508],
          [-116.27282, 44.15417],
          [-116.24322, 44.15752],
          [-116.21362, 44.16088],
          [-116.18402, 44.16422],
          [-116.15465, 44.16863],
          [-116.12504, 44.17197],
          [-116.12231, 44.17336],
          [-116.09775, 44.18592],
          [-116.07023, 44.1988],
          [-116.04084, 44.20319],
          [-116.03959, 44.20442],
          [-116.01585, 44.22774],
          [-115.9863, 44.23141],
          [-115.98349, 44.23245],
          [-115.9589, 44.24498],
          [-115.92926, 44.24829],
          [-115.89962, 44.25159],
          [-115.87087, 44.245],
          [-115.86745, 44.24321],
          [-115.83781, 44.2465],
          [-115.80611, 44.24023],
          [-115.77647, 44.24352],
          [-115.74888, 44.25635],
          [-115.71946, 44.26068],
          [-115.71673, 44.26207],
          [-115.69209, 44.27457],
          [-115.66244, 44.27783],
          [-115.63483, 44.29064],
          [-115.60517, 44.2939],
          [-115.57346, 44.28759],
          [-115.5438, 44.29084],
          [-115.51414, 44.29408],
          [-115.48447, 44.29731],
          [-115.45683, 44.3101],
          [-115.42716, 44.31333],
          [-115.39748, 44.31655],
          [-115.3678, 44.31976],
          [-115.33813, 44.32297],
          [-115.30844, 44.32618],
          [-115.27876, 44.32938],
          [-115.24908, 44.33258],
          [-115.21939, 44.33578],
          [-115.1897, 44.33896],
          [-115.15801, 44.33259],
          [-115.12832, 44.33577],
          [-115.0996, 44.32907],
          [-115.09641, 44.32832],
          [-115.06672, 44.33149],
          [-115.0368, 44.3336],
          [-115.00512, 44.3272],
          [-114.97543, 44.33035],
          [-114.94573, 44.3335],
          [-114.91604, 44.33665],
          [-114.88733, 44.32992],
          [-114.88414, 44.32917],
          [-114.85445, 44.3323],
          [-114.82475, 44.33543],
          [-114.79482, 44.3375],
          [-114.76512, 44.34062],
          [-114.73542, 44.34374],
          [-114.70375, 44.33729],
          [-114.67405, 44.3404],
          [-114.64434, 44.3435],
          [-114.61463, 44.3466],
          [-114.58492, 44.34969],
          [-114.5552, 44.35278],
          [-114.52549, 44.35586],
          [-114.49577, 44.35894],
          [-114.46605, 44.36202],
          [-114.43633, 44.36509],
          [-114.4066, 44.36815],
          [-114.37688, 44.37121],
          [-114.34715, 44.37427],
          [-114.31742, 44.37732],
          [-114.28769, 44.38036],
          [-114.25796, 44.38341],
          [-114.22822, 44.38644],
          [-114.19849, 44.38947],
          [-114.16875, 44.3925],
          [-114.14008, 44.38566],
          [-114.1369, 44.3849],
          [-114.10716, 44.38792],
          [-114.07721, 44.38987],
          [-114.04557, 44.38331],
          [-114.01692, 44.37645],
          [-114.01373, 44.37568],
          [-113.98378, 44.37762],
          [-113.95404, 44.38061],
          [-113.9243, 44.3836],
          [-113.92174, 44.38603],
          [-113.89685, 44.39828],
          [-113.86918, 44.41189],
          [-113.86641, 44.41325],
          [-113.84151, 44.42549],
          [-113.81175, 44.42846],
          [-113.78198, 44.43142],
          [-113.75222, 44.43439],
          [-113.72245, 44.43734],
          [-113.69269, 44.44029],
          [-113.66404, 44.43338],
          [-113.66086, 44.43261],
          [-113.63109, 44.43555],
          [-113.59926, 44.42786],
          [-113.56888, 44.42761],
          [-113.54086, 44.42386],
          [-113.53768, 44.42309],
          [-113.50791, 44.42602],
          [-113.47814, 44.42893],
          [-113.47536, 44.43029],
          [-113.4504, 44.44248],
          [-113.42062, 44.44539],
          [-113.39267, 44.45786],
          [-113.36289, 44.46076],
          [-113.36032, 44.46317],
          [-113.33716, 44.48491],
          [-113.33458, 44.48732],
          [-113.30959, 44.49949],
          [-113.30432, 44.5]
        ]
      }
    },
    {
      "type": "Feature",
      "id": "2026082406_f006_12000_001",
      "properties": {
        "product_id": "winter_storm_levels",
        "source_id": "nbm_snow_level",
        "parameter": "snow_level",
        "definition": "height of the wet-bulb 0.5 degree C surface",
        "level_ft_msl": 12000,
        "label": "12,000 ft MSL",
        "unit": "ft_msl",
        "cycle_time_utc": "2026-08-24T06:00:00Z",
        "valid_time_utc": "2026-08-24T12:00:00Z",
        "lead_hours": 6,
        "segment": 1,
        "length_m": 2245331.4
      },
      "geometry": {
        "type": "LineString",
        "coordinates": [
          [-126.34361, 30.16753],
          [-126.34637, 30.17767],
          [-126.33071, 30.19955],
          [-126.32679, 30.20502],
          [-126.33282, 30.22716],
          [-126.3286, 30.25138],
          [-126.32317, 30.27117],
          [-126.31925, 30.27664],
          [-126.32528, 30.29878],
          [-126.30959, 30.32065],
          [-126.30823, 30.3256],
          [-126.3117, 30.34825],
          [-126.31773, 30.37039],
          [-126.30203, 30.39226],
          [-126.2981, 30.39772],
          [-126.30414, 30.41986],
          [-126.2999, 30.44407],
          [-126.29446, 30.46386],
          [-126.29053, 30.46932],
          [-126.29657, 30.49145],
          [-126.28085, 30.51332],
          [-126.27692, 30.51878],
          [-126.28295, 30.54091],
          [-126.27871, 30.56512],
          [-126.27326, 30.5849],
          [-126.26933, 30.59036],
          [-126.26508, 30.61457],
          [-126.25962, 30.63435],
          [-126.25569, 30.63981],
          [-126.26173, 30.66194],
          [-126.24598, 30.68379],
          [-126.24204, 30.68925],
          [-126.24808, 30.71138],
          [-126.23232, 30.73323],
          [-126.22838, 30.73869],
          [-126.23441, 30.76081],
          [-126.21865, 30.78266],
          [-126.2147, 30.78812],
          [-126.22074, 30.81024],
          [-126.21648, 30.83444],
          [-126.211, 30.85421],
          [-126.20706, 30.85967],
          [-126.2131, 30.88178],
          [-126.19731, 30.90363],
          [-126.19336, 30.90908],
          [-126.1994, 30.9312],
          [-126.1836, 30.95304],
          [-126.17965, 30.9585],
          [-126.18569, 30.98061],
          [-126.16989, 31.00245],
          [-126.16593, 31.0079],
          [-126.17197, 31.03002],
          [-126.15616, 31.05185],
          [-126.1522, 31.0573],
          [-126.15824, 31.07942],
          [-126.14242, 31.10124],
          [-126.13846, 31.1067],
          [-126.1445, 31.12881],
          [-126.12866, 31.15063],
          [-126.1247, 31.15609],
          [-126.10886, 31.17791],
          [-126.1049, 31.18336],
          [-126.08905, 31.20518],
          [-126.08509, 31.21063],
          [-126.06923, 31.23245],
          [-126.06527, 31.2379],
          [-126.0713, 31.26001],
          [-126.05543, 31.28182],
          [-126.05147, 31.28727],
          [-126.0575, 31.30938],
          [-126.04162, 31.33118],
          [-126.03765, 31.33664],
          [-126.04368, 31.35874],
          [-126.0278, 31.38054],
          [-126.02383, 31.38599],
          [-126.02986, 31.4081],
          [-126.01397, 31.4299],
          [-126.00999, 31.43535],
          [-126.01602, 31.45745],
          [-126.00012, 31.47924],
          [-125.99614, 31.48469],
          [-126.00217, 31.50679],
          [-125.98626, 31.52858],
          [-125.98228, 31.53403],
          [-125.97794, 31.55819],
          [-125.97239, 31.57792],
          [-125.96841, 31.58337],
          [-125.95248, 31.60515],
          [-125.9485, 31.6106],
          [-125.95453, 31.63269],
          [-125.93859, 31.65448],
          [-125.9346, 31.65992],
          [-125.94063, 31.68201],
          [-125.92468, 31.70379],
          [-125.92069, 31.70924],
          [-125.92672, 31.73133],
          [-125.91076, 31.7531],
          [-125.90677, 31.75855],
          [-125.9128, 31.78064],
          [-125.89684, 31.80241],
          [-125.89284, 31.80785],
          [-125.89887, 31.82994],
          [-125.88289, 31.85171],
          [-125.8789, 31.85715],
          [-125.88493, 31.87923],
          [-125.86894, 31.901],
          [-125.86494, 31.90644],
          [-125.84895, 31.9282],
          [-125.84495, 31.93364],
          [-125.85098, 31.95572],
          [-125.83497, 31.97748],
          [-125.83097, 31.98292],
          [-125.837, 32.005],
          [-125.82098, 32.02675],
          [-125.81698, 32.03219],
          [-125.82301, 32.05427],
          [-125.80698, 32.07602],
          [-125.80298, 32.08146],
          [-125.78695, 32.1032],
          [-125.78294, 32.10864],
          [-125.78896, 32.13072],
          [-125.77292, 32.15246],
          [-125.76891, 32.1579],
          [-125.77493, 32.17997],
          [-125.75888, 32.20171],
          [-125.75487, 32.20714],
          [-125.76089, 32.22922],
          [-125.74484, 32.25095],
          [-125.74082, 32.25639],
          [-125.72475, 32.27812],
          [-125.72074, 32.28355],
          [-125.72676, 32.30562],
          [-125.71068, 32.32735],
          [-125.70666, 32.33278],
          [-125.71268, 32.35485],
          [-125.6966, 32.37657],
          [-125.69257, 32.382],
          [-125.67648, 32.40372],
          [-125.67246, 32.40915],
          [-125.67847, 32.43122],
          [-125.66237, 32.45293],
          [-125.65834, 32.45836],
          [-125.64223, 32.48007],
          [-125.63821, 32.4855],
          [-125.64422, 32.50757],
          [-125.6281, 32.52927],
          [-125.62407, 32.5347],
          [-125.60794, 32.55641],
          [-125.60391, 32.56183],
          [-125.60992, 32.58389],
          [-125.59379, 32.6056],
          [-125.58975, 32.61102],
          [-125.59576, 32.63308],
          [-125.57962, 32.65478],
          [-125.57558, 32.6602],
          [-125.55942, 32.68189],
          [-125.55538, 32.68732],
          [-125.56139, 32.70937],
          [-125.54523, 32.73106],
          [-125.54119, 32.73649],
          [-125.52502, 32.75817],
          [-125.52097, 32.76359],
          [-125.52698, 32.78565],
          [-125.5108, 32.80733],
          [-125.50675, 32.81275],
          [-125.51276, 32.8348],
          [-125.49657, 32.85648],
          [-125.49252, 32.8619],
          [-125.47632, 32.88357],
          [-125.47227, 32.88899],
          [-125.47827, 32.91104],
          [-125.46206, 32.93271],
          [-125.45801, 32.93813],
          [-125.46401, 32.96017],
          [-125.4478, 32.98184],
          [-125.44374, 32.98725],
          [-125.44974, 33.0093],
          [-125.43352, 33.03096],
          [-125.42946, 33.03638],
          [-125.42494, 33.06043],
          [-125.41922, 33.08008],
          [-125.41516, 33.08549],
          [-125.39892, 33.10715],
          [-125.39486, 33.11256],
          [-125.40086, 33.1346],
          [-125.3846, 33.15625],
          [-125.38054, 33.16166],
          [-125.38654, 33.1837],
          [-125.37027, 33.20534],
          [-125.36621, 33.21075],
          [-125.34993, 33.2324],
          [-125.34586, 33.23781],
          [-125.35186, 33.25984],
          [-125.33558, 33.28148],
          [-125.33151, 33.28689],
          [-125.33751, 33.30892],
          [-125.32121, 33.33055],
          [-125.31714, 33.33596],
          [-125.31259, 33.35999],
          [-125.30683, 33.37962],
          [-125.30276, 33.38503],
          [-125.2982, 33.40906],
          [-125.29244, 33.42868],
          [-125.28836, 33.43409],
          [-125.2838, 33.45811],
          [-125.27804, 33.47773],
          [-125.27396, 33.48314],
          [-125.27996, 33.50516],
          [-125.26362, 33.52677],
          [-125.25954, 33.53218],
          [-125.26554, 33.5542],
          [-125.2492, 33.57581],
          [-125.24511, 33.58121],
          [-125.25111, 33.60323],
          [-125.23475, 33.62484],
          [-125.23067, 33.63024],
          [-125.22608, 33.65425],
          [-125.2203, 33.67386],
          [-125.21621, 33.67926],
          [-125.21162, 33.70327],
          [-125.20583, 33.72287],
          [-125.20174, 33.72827],
          [-125.19715, 33.75227],
          [-125.19136, 33.77188],
          [-125.18726, 33.77727],
          [-125.19326, 33.79928],
          [-125.17687, 33.82087],
          [-125.17542, 33.82577],
          [-125.17876, 33.84827],
          [-125.16236, 33.86986],
          [-125.16091, 33.87476],
          [-125.16426, 33.89726],
          [-125.14784, 33.91884],
          [-125.14639, 33.92374],
          [-125.14974, 33.94623],
          [-125.14512, 33.97022],
          [-125.13931, 33.98981],
          [-125.1352, 33.9952],
          [-125.1412, 34.0172],
          [-125.12477, 34.03877],
          [-125.12331, 34.04367],
          [-125.12666, 34.06616],
          [-125.12204, 34.09014],
          [-125.11621, 34.10971],
          [-125.1121, 34.11511],
          [-125.10747, 34.13908],
          [-125.10164, 34.15866],
          [-125.10019, 34.16355],
          [-125.10353, 34.18603],
          [-125.08706, 34.20759],
          [-125.08561, 34.21248],
          [-125.08895, 34.23496],
          [-125.08431, 34.25893],
          [-125.07847, 34.2785],
          [-125.07435, 34.28388],
          [-125.06971, 34.30785],
          [-125.06386, 34.32741],
          [-125.0624, 34.3323],
          [-125.06574, 34.35477],
          [-125.0611, 34.37873],
          [-125.05525, 34.39829],
          [-125.05112, 34.40368],
          [-125.04647, 34.42763],
          [-125.04061, 34.44719],
          [-125.03915, 34.45208],
          [-125.03183, 34.47652],
          [-125.02597, 34.49607],
          [-125.0245, 34.50096],
          [-125.02784, 34.52342],
          [-125.02318, 34.54737],
          [-125.01731, 34.56692],
          [-125.01318, 34.5723],
          [-125.00851, 34.59624],
          [-125.00264, 34.61578],
          [-125.00118, 34.62067],
          [-124.99384, 34.6451],
          [-124.98796, 34.66464],
          [-124.98649, 34.66952],
          [-124.98983, 34.69198],
          [-124.97326, 34.71349],
          [-124.97179, 34.71837],
          [-124.97513, 34.74082],
          [-124.95856, 34.76233],
          [-124.95708, 34.76721],
          [-124.96041, 34.78966],
          [-124.94383, 34.81116],
          [-124.94236, 34.81604],
          [-124.94569, 34.83848],
          [-124.9291, 34.85998],
          [-124.92762, 34.86486],
          [-124.93095, 34.8873],
          [-124.91435, 34.9088],
          [-124.91287, 34.91368],
          [-124.90549, 34.93808],
          [-124.89959, 34.9576],
          [-124.89543, 34.96297],
          [-124.89073, 34.98688],
          [-124.88482, 35.0064],
          [-124.88066, 35.01177],
          [-124.87594, 35.03567],
          [-124.87003, 35.05518],
          [-124.86587, 35.06055],
          [-124.84923, 35.08203],
          [-124.84775, 35.08691],
          [-124.85107, 35.10933],
          [-124.83442, 35.1308],
          [-124.83293, 35.13568],
          [-124.82552, 35.16006],
          [-124.81959, 35.17956],
          [-124.81542, 35.18493],
          [-124.81069, 35.20882],
          [-124.80475, 35.22832],
          [-124.80058, 35.23368],
          [-124.7839, 35.25514],
          [-124.78242, 35.26001],
          [-124.77499, 35.28438],
          [-124.76904, 35.30388],
          [-124.76755, 35.30875],
          [-124.76011, 35.33312],
          [-124.75416, 35.35261],
          [-124.74999, 35.35797],
          [-124.73328, 35.37941],
          [-124.73179, 35.38428],
          [-124.72434, 35.40864],
          [-124.71837, 35.42812],
          [-124.71688, 35.43299],
          [-124.70943, 35.45735],
          [-124.70106, 35.46806],
          [-124.68851, 35.48414],
          [-124.68254, 35.50361],
          [-124.68104, 35.50848],
          [-124.66221, 35.53259],
          [-124.66011, 35.53527],
          [-124.65264, 35.55961],
          [-124.64665, 35.57908],
          [-124.64516, 35.58395],
          [-124.63767, 35.60828],
          [-124.63168, 35.62775],
          [-124.62749, 35.6331],
          [-124.61072, 35.65452],
          [-124.60922, 35.65938],
          [-124.60172, 35.68371],
          [-124.59572, 35.70317],
          [-124.59422, 35.70804],
          [-124.58672, 35.73236],
          [-124.57832, 35.74306],
          [-124.56572, 35.75911],
          [-124.55971, 35.77857],
          [-124.55821, 35.78343],
          [-124.55069, 35.80775],
          [-124.54468, 35.8272],
          [-124.54047, 35.83254],
          [-124.52365, 35.85393],
          [-124.52215, 35.85879],
          [-124.51462, 35.8831],
          [-124.50859, 35.90255],
          [-124.50438, 35.90789],
          [-124.48755, 35.92927],
          [-124.48604, 35.93413],
          [-124.47849, 35.95843],
          [-124.47246, 35.97787],
          [-124.47095, 35.98273],
          [-124.4634, 36.00702],
          [-124.45497, 36.01771],
          [-124.44232, 36.03373],
          [-124.43627, 36.05316],
          [-124.43476, 36.05802],
          [-124.4272, 36.08231],
          [-124.41876, 36.09299],
          [-124.4061, 36.109],
          [-124.40004, 36.12843],
          [-124.39852, 36.13328],
          [-124.37952, 36.1573],
          [-124.37741, 36.15997],
          [-124.36982, 36.18425],
          [-124.36375, 36.20367],
          [-124.36224, 36.20852],
          [-124.34321, 36.23253],
          [-124.34109, 36.2352],
          [-124.3335, 36.25946],
          [-124.32742, 36.27887],
          [-124.3259, 36.28373],
          [-124.3183, 36.30799],
          [-124.31221, 36.3274],
          [-124.31069, 36.33225],
          [-124.29163, 36.35624],
          [-124.28951, 36.35891],
          [-124.2819, 36.38316],
          [-124.2758, 36.40256],
          [-124.27428, 36.40741],
          [-124.2552, 36.43139],
          [-124.25398, 36.4339],
          [-124.24545, 36.4583],
          [-124.23934, 36.4777],
          [-124.23782, 36.48255],
          [-124.23018, 36.50679],
          [-124.22169, 36.51744],
          [-124.21438, 36.53246],
          [-124.20343, 36.55499],
          [-124.20221, 36.55749],
          [-124.19365, 36.58188],
          [-124.18753, 36.60127],
          [-124.186, 36.60611],
          [-124.17472, 36.63098],
          [-124.16984, 36.64098],
          [-124.16252, 36.65599],
          [-124.15154, 36.67851],
          [-124.14941, 36.68117],
          [-124.14174, 36.70539],
          [-124.13322, 36.71603],
          [-124.12589, 36.73103],
          [-124.1149, 36.75354],
          [-124.11368, 36.75604],
          [-124.10508, 36.78041],
          [-124.09894, 36.79977],
          [-124.0974, 36.80462],
          [-124.08607, 36.82945],
          [-124.08118, 36.83945],
          [-124.06838, 36.8554],
          [-124.06222, 36.87476],
          [-124.06068, 36.8796],
          [-124.04934, 36.90443],
          [-124.04443, 36.91442],
          [-124.03708, 36.92941],
          [-124.02604, 36.95189],
          [-124.02391, 36.95455],
          [-124.01255, 36.97937],
          [-124.00764, 36.98936],
          [-124.00028, 37.00434],
          [-123.98923, 37.02682],
          [-123.98709, 37.02947],
          [-123.97571, 37.05428],
          [-123.9708, 37.06427],
          [-123.96342, 37.07925],
          [-123.95236, 37.10171],
          [-123.95113, 37.10421],
          [-123.93882, 37.12916],
          [-123.9339, 37.13915],
          [-123.92652, 37.15412],
          [-123.91544, 37.17657],
          [-123.91329, 37.17923],
          [-123.89399, 37.2031],
          [-123.89276, 37.20559],
          [-123.88043, 37.23053],
          [-123.8755, 37.24051],
          [-123.8681, 37.25547],
          [-123.857, 37.27792],
          [-123.85576, 37.28041],
          [-123.84342, 37.30534],
          [-123.83848, 37.31531],
          [-123.83107, 37.33027],
          [-123.81995, 37.35271],
          [-123.8178, 37.35536],
          [-123.79845, 37.3792],
          [-123.79721, 37.38169],
          [-123.78484, 37.40661],
          [-123.7799, 37.41657],
          [-123.77247, 37.43152],
          [-123.76133, 37.45394],
          [-123.75917, 37.45659],
          [-123.73979, 37.48041],
          [-123.73855, 37.4829],
          [-123.72616, 37.50781],
          [-123.7212, 37.51777],
          [-123.70827, 37.53365],
          [-123.69964, 37.54423],
          [-123.6922, 37.55917],
          [-123.68102, 37.58157],
          [-123.67887, 37.58422],
          [-123.65944, 37.60802],
          [-123.6582, 37.61051],
          [-123.64577, 37.63539],
          [-123.6408, 37.64534],
          [-123.62784, 37.66121],
          [-123.6192, 37.67178],
          [-123.61173, 37.68671],
          [-123.60053, 37.70909],
          [-123.59929, 37.71158],
          [-123.58683, 37.73645],
          [-123.58185, 37.7464],
          [-123.57437, 37.76132],
          [-123.56316, 37.78369],
          [-123.56191, 37.78618],
          [-123.55311, 37.81042],
          [-123.54445, 37.82098],
          [-123.53696, 37.8359],
          [-123.52573, 37.85827],
          [-123.52448, 37.86075],
          [-123.51199, 37.8856],
          [-123.507, 37.89554],
          [-123.4995, 37.91045],
          [-123.48825, 37.9328],
          [-123.487, 37.93529],
          [-123.47449, 37.96013],
          [-123.46949, 37.97006],
          [-123.46198, 37.98496],
          [-123.45072, 38.00731],
          [-123.44947, 38.00979],
          [-123.43694, 38.03462],
          [-123.43193, 38.04455],
          [-123.42442, 38.05945],
          [-123.41313, 38.08179],
          [-123.41096, 38.08442],
          [-123.39934, 38.10909],
          [-123.39432, 38.11901],
          [-123.38127, 38.13482],
          [-123.37256, 38.14536],
          [-123.36503, 38.16025],
          [-123.35373, 38.18257],
          [-123.35155, 38.18521],
          [-123.33194, 38.20891],
          [-123.33069, 38.21139],
          [-123.31811, 38.23619],
          [-123.31308, 38.24611],
          [-123.3, 38.26191],
          [-123.29128, 38.27244],
          [-123.28372, 38.28731],
          [-123.27239, 38.30962],
          [-123.27113, 38.3121],
          [-123.25853, 38.33688],
          [-123.25349, 38.34679],
          [-123.24038, 38.36258],
          [-123.23165, 38.3731],
          [-123.22408, 38.38796],
          [-123.21096, 38.40374],
          [-123.20222, 38.41426],
          [-123.19086, 38.43655],
          [-123.18867, 38.43918],
          [-123.16898, 38.46284],
          [-123.16679, 38.46547],
          [-123.14709, 38.48912],
          [-123.14583, 38.4916],
          [-123.13318, 38.51635],
          [-123.12812, 38.52625],
          [-123.12052, 38.5411],
          [-123.10913, 38.56338],
          [-123.10694, 38.566],
          [-123.08721, 38.58964],
          [-123.08594, 38.59211],
          [-123.07326, 38.61685],
          [-123.06741, 38.62385],
          [-123.05132, 38.6431],
          [-123.04625, 38.653],
          [-123.03307, 38.66874],
          [-123.02429, 38.67924],
          [-123.01111, 38.69499],
          [-123.00232, 38.70548],
          [-122.98914, 38.72122],
          [-122.98267, 38.74039],
          [-122.98106, 38.74518],
          [-122.96127, 38.76879],
          [-122.95907, 38.77141],
          [-122.93927, 38.79501],
          [-122.93707, 38.79763],
          [-122.91725, 38.82122],
          [-122.91505, 38.82384],
          [-122.89523, 38.84743],
          [-122.89303, 38.85005],
          [-122.8812, 38.8746],
          [-122.8761, 38.88447],
          [-122.86845, 38.89929],
          [-122.85696, 38.92151],
          [-122.85475, 38.92413],
          [-122.84291, 38.94866],
          [-122.8378, 38.95853],
          [-122.82456, 38.97424],
          [-122.81805, 38.99338],
          [-122.81642, 38.99817],
          [-122.79655, 39.02172],
          [-122.79527, 39.02419],
          [-122.78247, 39.04886],
          [-122.77735, 39.05873],
          [-122.76967, 39.07352],
          [-122.75814, 39.09572],
          [-122.75593, 39.09834],
          [-122.74405, 39.12284],
          [-122.73892, 39.1327],
          [-122.73123, 39.1475],
          [-122.71968, 39.16968],
          [-122.7184, 39.17214],
          [-122.70929, 39.19619],
          [-122.70275, 39.21531],
          [-122.70111, 39.22009],
          [-122.68117, 39.24361],
          [-122.67989, 39.24607],
          [-122.67635, 39.26921],
          [-122.67282, 39.29235],
          [-122.66768, 39.3022],
          [-122.65437, 39.31787],
          [-122.64549, 39.32832],
          [-122.63218, 39.34399],
          [-122.6233, 39.35443],
          [-122.60997, 39.3701],
          [-122.60109, 39.38054],
          [-122.58776, 39.3962],
          [-122.58118, 39.41529],
          [-122.57954, 39.42006],
          [-122.55953, 39.44355],
          [-122.5573, 39.44616],
          [-122.54907, 39.47002],
          [-122.54017, 39.48045],
          [-122.52682, 39.4961],
          [-122.52022, 39.51518],
          [-122.51577, 39.5204],
          [-122.49796, 39.54125],
          [-122.49631, 39.54602],
          [-122.47625, 39.56948],
          [-122.47402, 39.57209],
          [-122.45396, 39.59554],
          [-122.45173, 39.59815],
          [-122.43166, 39.6216],
          [-122.42943, 39.6242],
          [-122.42115, 39.64804],
          [-122.41223, 39.65845],
          [-122.39883, 39.67408],
          [-122.3899, 39.6845],
          [-122.3765, 39.70012],
          [-122.36757, 39.71053],
          [-122.35416, 39.72615],
          [-122.34522, 39.73656],
          [-122.3318, 39.75217],
          [-122.32286, 39.76258],
          [-122.30944, 39.77819],
          [-122.30049, 39.7886],
          [-122.28706, 39.80421],
          [-122.27811, 39.81461],
          [-122.26468, 39.83021],
          [-122.25572, 39.84061],
          [-122.24228, 39.85621],
          [-122.23561, 39.87525],
          [-122.23112, 39.88045],
          [-122.21319, 39.90124],
          [-122.20871, 39.90644],
          [-122.19076, 39.92723],
          [-122.18628, 39.93242],
          [-122.16604, 39.94457],
          [-122.15257, 39.96015],
          [-122.14359, 39.97054],
          [-122.11656, 39.97924],
          [-122.0901, 39.99009],
          [-122.06192, 39.99446],
          [-122.05685, 39.99749],
          [-122.03658, 40.00962],
          [-122.0084, 40.01398],
          [-121.98305, 40.02913],
          [-121.95486, 40.03348],
          [-121.94978, 40.03651],
          [-121.94042, 40.06042],
          [-121.93517, 40.07021],
          [-121.9098, 40.08535],
          [-121.90755, 40.08794],
          [-121.88726, 40.11127],
          [-121.85847, 40.11345],
          [-121.85396, 40.11863],
          [-121.83591, 40.13936],
          [-121.83422, 40.14411],
          [-121.82577, 40.16785],
          [-121.819, 40.18684],
          [-121.81448, 40.19202],
          [-121.79641, 40.21274],
          [-121.79472, 40.21749],
          [-121.77438, 40.24079],
          [-121.77212, 40.24338],
          [-121.76364, 40.2671],
          [-121.75459, 40.27746],
          [-121.74102, 40.29298],
          [-121.73423, 40.31196],
          [-121.73253, 40.3167],
          [-121.71216, 40.33999],
          [-121.7099, 40.34257],
          [-121.7014, 40.36629],
          [-121.69233, 40.37663],
          [-121.67874, 40.39214],
          [-121.67193, 40.41111],
          [-121.67023, 40.41585],
          [-121.64982, 40.43911],
          [-121.64755, 40.4417],
          [-121.63903, 40.4654],
          [-121.62995, 40.47573],
          [-121.61634, 40.49123],
          [-121.60726, 40.50157],
          [-121.59363, 40.51706],
          [-121.58455, 40.52739],
          [-121.57092, 40.54289],
          [-121.56183, 40.55322],
          [-121.53647, 40.56898],
          [-121.53401, 40.57084],
          [-121.51354, 40.59407],
          [-121.51126, 40.59665],
          [-121.49079, 40.61988],
          [-121.48851, 40.62246],
          [-121.46802, 40.64567],
          [-121.46574, 40.64825],
          [-121.44525, 40.67147],
          [-121.44297, 40.67404],
          [-121.42246, 40.69725],
          [-121.41734, 40.70025],
          [-121.3991, 40.72088],
          [-121.39454, 40.72603],
          [-121.37629, 40.74665],
          [-121.37172, 40.7518],
          [-121.35347, 40.77241],
          [-121.3489, 40.77757],
          [-121.33063, 40.79817],
          [-121.32607, 40.80333],
          [-121.30779, 40.82393],
          [-121.30322, 40.82908],
          [-121.28493, 40.84967],
          [-121.28036, 40.85482],
          [-121.26207, 40.87541],
          [-121.26034, 40.88014],
          [-121.23974, 40.9033],
          [-121.23746, 40.90587],
          [-121.2288, 40.92949],
          [-121.22187, 40.94839],
          [-121.21729, 40.95353],
          [-121.21148, 40.97672],
          [-121.20231, 40.98701],
          [-121.18856, 41.00243],
          [-121.18162, 41.02132],
          [-121.17704, 41.02646],
          [-121.15869, 41.04702],
          [-121.15695, 41.05174],
          [-121.1363, 41.07487],
          [-121.13401, 41.07744],
          [-121.12531, 41.10103],
          [-121.11613, 41.11131],
          [-121.10235, 41.12672],
          [-121.09316, 41.13699],
          [-121.07937, 41.15239],
          [-121.07018, 41.16266],
          [-121.05639, 41.17807],
          [-121.04941, 41.19693],
          [-121.04481, 41.20206],
          [-121.02419, 41.214],
          [-121.01038, 41.22939],
          [-121.00339, 41.24824],
          [-120.99879, 41.25337],
          [-120.98036, 41.27389],
          [-120.97576, 41.27902],
          [-120.95732, 41.29953],
          [-120.95271, 41.30466],
          [-120.93427, 41.32517],
          [-120.92966, 41.3303],
          [-120.91121, 41.3508],
          [-120.9066, 41.35592],
          [-120.88814, 41.37642],
          [-120.88638, 41.38113],
          [-120.8656, 41.40418],
          [-120.86329, 41.40675],
          [-120.85451, 41.43028],
          [-120.84748, 41.44911],
          [-120.84286, 41.45423],
          [-120.82436, 41.47471],
          [-120.8226, 41.47942],
          [-120.80179, 41.50245],
          [-120.79948, 41.50501],
          [-120.79067, 41.52853],
          [-120.78141, 41.53876],
          [-120.76753, 41.55411],
          [-120.75826, 41.56434],
          [-120.74437, 41.57969],
          [-120.73731, 41.59849],
          [-120.73267, 41.60361],
          [-120.71413, 41.62406],
          [-120.71237, 41.62876],
          [-120.6915, 41.65176],
          [-120.68918, 41.65432],
          [-120.68033, 41.67781],
          [-120.67105, 41.68803],
          [-120.65712, 41.70336],
          [-120.64784, 41.71357],
          [-120.63391, 41.7289],
          [-120.62461, 41.73911],
          [-120.61067, 41.75443],
          [-120.60138, 41.76464],
          [-120.58743, 41.77996],
          [-120.58033, 41.79874],
          [-120.57568, 41.80384],
          [-120.55707, 41.82425],
          [-120.55241, 41.82935],
          [-120.5338, 41.84976],
          [-120.52914, 41.85486],
          [-120.51051, 41.87526],
          [-120.50585, 41.88036],
          [-120.48722, 41.90076],
          [-120.48543, 41.90545],
          [-120.46446, 41.92839],
          [-120.46213, 41.93094],
          [-120.44114, 41.95387],
          [-120.43881, 41.95642],
          [-120.41781, 41.97935],
          [-120.41547, 41.98189],
          [-120.40653, 42.00533],
          [-120.39719, 42.01552],
          [-120.38318, 42.03079],
          [-120.37384, 42.04098],
          [-120.35982, 42.05625],
          [-120.35047, 42.06643],
          [-120.33644, 42.0817],
          [-120.32709, 42.09188],
          [-120.31306, 42.10714],
          [-120.3037, 42.11732],
          [-120.28966, 42.13258],
          [-120.28029, 42.14275],
          [-120.26625, 42.15801],
          [-120.25688, 42.16818],
          [-120.24282, 42.18343],
          [-120.23345, 42.1936],
          [-120.21939, 42.20885],
          [-120.21001, 42.21901],
          [-120.19594, 42.23426],
          [-120.18656, 42.24442],
          [-120.17249, 42.25966],
          [-120.1631, 42.26982],
          [-120.14902, 42.28505],
          [-120.13962, 42.29521],
          [-120.11343, 42.30991],
          [-120.10819, 42.31285],
          [-120.08939, 42.33315],
          [-120.08469, 42.33822],
          [-120.06588, 42.35852],
          [-120.06118, 42.3636],
          [-120.0402, 42.37534],
          [-120.02608, 42.39056],
          [-120.01667, 42.4007],
          [-119.99043, 42.41537],
          [-119.98518, 42.41831],
          [-119.96634, 42.43858],
          [-119.96162, 42.44365],
          [-119.94277, 42.46393],
          [-119.93806, 42.46899],
          [-119.91704, 42.48072],
          [-119.89076, 42.49537],
          [-119.88551, 42.4983],
          [-119.86663, 42.51855],
          [-119.86191, 42.52362],
          [-119.84302, 42.54387],
          [-119.8383, 42.54893],
          [-119.81725, 42.56064],
          [-119.79041, 42.57313],
          [-119.78568, 42.57819],
          [-119.76462, 42.58989],
          [-119.73829, 42.60451],
          [-119.73303, 42.60743],
          [-119.7141, 42.62766],
          [-119.70936, 42.63272],
          [-119.69043, 42.65294],
          [-119.68569, 42.658],
          [-119.66674, 42.67822],
          [-119.662, 42.68327],
          [-119.64091, 42.69495],
          [-119.61453, 42.70954],
          [-119.60926, 42.71246],
          [-119.59028, 42.73266],
          [-119.58554, 42.73771],
          [-119.56443, 42.74937],
          [-119.53803, 42.76395],
          [-119.53275, 42.76686],
          [-119.51374, 42.78705],
          [-119.50899, 42.7921],
          [-119.48786, 42.80375],
          [-119.46143, 42.81831],
          [-119.45615, 42.82122],
          [-119.435, 42.83286],
          [-119.40856, 42.84741],
          [-119.40618, 42.84993],
          [-119.38476, 42.87262],
          [-119.37947, 42.87553],
          [-119.3583, 42.88716],
          [-119.33183, 42.90169],
          [-119.32654, 42.9046],
          [-119.30536, 42.91622],
          [-119.27888, 42.93074],
          [-119.27358, 42.93365],
          [-119.25239, 42.94526],
          [-119.22589, 42.95978],
          [-119.19676, 42.96362],
          [-119.19146, 42.96653],
          [-119.17025, 42.97813],
          [-119.14321, 42.99049],
          [-119.11459, 42.99646],
          [-119.08544, 43.00029],
          [-119.08013, 43.00319],
          [-119.0589, 43.01478],
          [-119.03183, 43.02712],
          [-119.0032, 43.03307],
          [-118.97403, 43.03688],
          [-118.94487, 43.04069],
          [-118.9157, 43.04449],
          [-118.91039, 43.04738],
          [-118.88843, 43.05611],
          [-118.85926, 43.0599],
          [-118.83008, 43.06369],
          [-118.80091, 43.06747],
          [-118.77172, 43.07125],
          [-118.74349, 43.07893],
          [-118.71507, 43.0859],
          [-118.6876, 43.09677],
          [-118.68211, 43.09894],
          [-118.66012, 43.10764],
          [-118.63093, 43.11139],
          [-118.60173, 43.11514],
          [-118.577, 43.11246],
          [-118.57064, 43.11107],
          [-118.5399, 43.10842],
          [-118.50968, 43.10789],
          [-118.48427, 43.10235],
          [-118.47809, 43.10168],
          [-118.44719, 43.09829],
          [-118.41696, 43.09775],
          [-118.38776, 43.10147],
          [-118.35855, 43.10518],
          [-118.32934, 43.10889],
          [-118.30115, 43.11686],
          [-118.27362, 43.12767],
          [-118.26811, 43.12983],
          [-118.24609, 43.13847],
          [-118.21855, 43.14927],
          [-118.18983, 43.15509],
          [-118.16178, 43.16374],
          [-118.15626, 43.1659],
          [-118.13388, 43.17311],
          [-118.10498, 43.1782],
          [-118.07742, 43.18897],
          [-118.04985, 43.19974],
          [-118.04433, 43.2019],
          [-118.02294, 43.21335],
          [-117.99636, 43.22837],
          [-117.99084, 43.23052],
          [-117.96877, 43.23913],
          [-117.93951, 43.24277],
          [-117.91091, 43.24925],
          [-117.8855, 43.24363],
          [-117.87931, 43.24294],
          [-117.84988, 43.24586],
          [-117.82061, 43.24948],
          [-117.81525, 43.25234],
          [-117.79382, 43.26376],
          [-117.76653, 43.27591],
          [-117.76167, 43.28089],
          [-117.74022, 43.29231],
          [-117.71292, 43.30444],
          [-117.70805, 43.30943],
          [-117.6866, 43.32083],
          [-117.6573, 43.32443],
          [-117.62997, 43.33655],
          [-117.60067, 43.34014],
          [-117.56939, 43.3352],
          [-117.54398, 43.32954],
          [-117.53714, 43.32599],
          [-117.50587, 43.32103],
          [-117.47656, 43.3246],
          [-117.45116, 43.31893],
          [-117.44432, 43.31538],
          [-117.41696, 43.30117],
          [-117.41061, 43.29975],
          [-117.38083, 43.30117],
          [-117.34957, 43.29619],
          [-117.32222, 43.30826],
          [-117.2934, 43.31394],
          [-117.2636, 43.31534],
          [-117.23429, 43.31887],
          [-117.20498, 43.3224],
          [-117.17566, 43.32592],
          [-117.14634, 43.32944],
          [-117.11751, 43.33509],
          [-117.11213, 43.33792],
          [-117.0906, 43.34926],
          [-117.06127, 43.35276],
          [-117.03194, 43.35626],
          [-117.00655, 43.35052],
          [-117.00037, 43.3498],
          [-116.97104, 43.35329],
          [-116.94154, 43.35606],
          [-116.91221, 43.35954],
          [-116.88144, 43.35662],
          [-116.8521, 43.36009],
          [-116.82276, 43.36356],
          [-116.79501, 43.37413],
          [-116.78946, 43.37624],
          [-116.76693, 43.38327],
          [-116.73877, 43.39206],
          [-116.71179, 43.40617],
          [-116.70615, 43.40792],
          [-116.68393, 43.41636],
          [-116.65614, 43.42691],
          [-116.62835, 43.43745],
          [-116.59898, 43.44088],
          [-116.59342, 43.44299],
          [-116.57181, 43.45426],
          [-116.54243, 43.45768],
          [-116.51305, 43.46109],
          [-116.48367, 43.4645],
          [-116.45617, 43.47644],
          [-116.42725, 43.48197],
          [-116.39786, 43.48537],
          [-116.39245, 43.48818],
          [-116.37267, 43.50795],
          [-116.34374, 43.51347],
          [-116.33832, 43.51628],
          [-116.31666, 43.52751],
          [-116.28726, 43.53089],
          [-116.25785, 43.53427],
          [-116.23246, 43.52843],
          [-116.22565, 43.52484],
          [-116.19841, 43.51047],
          [-116.19161, 43.50688],
          [-116.16266, 43.51237],
          [-116.13325, 43.51572],
          [-116.12783, 43.51853],
          [-116.10615, 43.52974],
          [-116.07858, 43.54161],
          [-116.04916, 43.54495],
          [-116.0202, 43.55042],
          [-116.01477, 43.55322],
          [-115.99491, 43.57294],
          [-115.96548, 43.57627],
          [-115.96051, 43.5812],
          [-115.94062, 43.60091],
          [-115.93565, 43.60584],
          [-115.91576, 43.62555],
          [-115.91079, 43.63048],
          [-115.89089, 43.65018],
          [-115.88591, 43.6551],
          [-115.866, 43.6748],
          [-115.86102, 43.67972],
          [-115.8411, 43.69941],
          [-115.81162, 43.70271],
          [-115.78214, 43.70601],
          [-115.75266, 43.7093],
          [-115.72137, 43.70406],
          [-115.69128, 43.7045],
          [-115.6624, 43.71062],
          [-115.63292, 43.71389],
          [-115.60433, 43.72142],
          [-115.5762, 43.73107],
          [-115.5467, 43.73433],
          [-115.51721, 43.73758],
          [-115.48636, 43.73444],
          [-115.45597, 43.73342],
          [-115.42647, 43.73665],
          [-115.40108, 43.73072],
          [-115.39473, 43.72923],
          [-115.36523, 43.73246],
          [-115.35978, 43.73524],
          [-115.33796, 43.74634],
          [-115.31024, 43.75809],
          [-115.28117, 43.76343],
          [-115.27571, 43.76621],
          [-115.25566, 43.78582],
          [-115.22614, 43.78903],
          [-115.19706, 43.79436],
          [-115.1916, 43.79713],
          [-115.16974, 43.80821],
          [-115.14021, 43.8114],
          [-115.11068, 43.81459],
          [-115.08115, 43.81777],
          [-115.05381, 43.83161],
          [-115.02427, 43.83478],
          [-114.99473, 43.83795],
          [-114.98926, 43.84071],
          [-114.96737, 43.85177],
          [-114.93958, 43.86345],
          [-114.91046, 43.86873],
          [-114.90498, 43.87149],
          [-114.88308, 43.88254],
          [-114.85527, 43.8942],
          [-114.82614, 43.89947],
          [-114.79657, 43.90261],
          [-114.79109, 43.90537],
          [-114.76917, 43.91639],
          [-114.73959, 43.91952],
          [-114.71001, 43.92264],
          [-114.68043, 43.92576],
          [-114.65085, 43.92887],
          [-114.62127, 43.93198],
          [-114.59168, 43.93508],
          [-114.56382, 43.9467],
          [-114.53465, 43.95193],
          [-114.50506, 43.95502],
          [-114.47546, 43.9581],
          [-114.44586, 43.96118],
          [-114.41627, 43.96425],
          [-114.41077, 43.967],
          [-114.38823, 43.97514],
          [-114.35919, 43.98104],
          [-114.3317, 43.99475],
          [-114.30209, 43.99781],
          [-114.29659, 44.00055],
          [-114.27403, 44.00867],
          [-114.24441, 44.01172],
          [-114.21535, 44.0176],
          [-114.18573, 44.02064],
          [-114.1561, 44.02367],
          [-114.12591, 44.02386],
          [-114.10109, 44.0206],
          [-114.09474, 44.01907],
          [-114.06512, 44.02209],
          [-114.03549, 44.0251],
          [-114.0046, 44.02172],
          [-113.97497, 44.02472],
          [-113.9445, 44.02346],
          [-113.91487, 44.02646],
          [-113.88523, 44.02945],
          [-113.85986, 44.02331],
          [-113.85352, 44.02178],
          [-113.82388, 44.02476],
          [-113.79424, 44.02773],
          [-113.7646, 44.0307],
          [-113.73496, 44.03367],
          [-113.70545, 44.03734],
          [-113.6998, 44.03936],
          [-113.67718, 44.0474],
          [-113.64808, 44.0532],
          [-113.62047, 44.0668],
          [-113.61495, 44.06952],
          [-113.59232, 44.07756],
          [-113.56402, 44.0876],
          [-113.53558, 44.09692],
          [-113.50604, 44.10056],
          [-113.47637, 44.10349],
          [-113.4467, 44.10641],
          [-113.41702, 44.10932],
          [-113.38735, 44.11223],
          [-113.38168, 44.11423],
          [-113.35902, 44.12224],
          [-113.32933, 44.12514],
          [-113.30099, 44.13514],
          [-113.27131, 44.13803],
          [-113.24162, 44.14091],
          [-113.21326, 44.1509],
          [-113.18357, 44.15378],
          [-113.15387, 44.15665],
          [-113.12284, 44.15241],
          [-113.09434, 44.16167],
          [-113.06477, 44.16524],
          [-113.05909, 44.16723],
          [-113.03639, 44.17519],
          [-113.00721, 44.18088],
          [-112.9775, 44.18373],
          [-112.94779, 44.18657],
          [-112.91755, 44.18656],
          [-112.88784, 44.18939],
          [-112.85812, 44.19222],
          [-112.8284, 44.19504],
          [-112.79999, 44.20496],
          [-112.77026, 44.20777],
          [-112.73976, 44.20631],
          [-112.71441, 44.20003],
          [-112.70808, 44.19846],
          [-112.67835, 44.20126],
          [-112.64668, 44.19339],
          [-112.61644, 44.19334],
          [-112.58671, 44.19612],
          [-112.55699, 44.1989],
          [-112.52726, 44.20167],
          [-112.49753, 44.20444],
          [-112.46831, 44.21005],
          [-112.43857, 44.21281],
          [-112.40833, 44.21272],
          [-112.37859, 44.21547],
          [-112.35378, 44.21198],
          [-112.34757, 44.21111],
          [-112.31656, 44.20674],
          [-112.28682, 44.20948],
          [-112.25708, 44.21221],
          [-112.22677, 44.21174],
          [-112.19703, 44.21446],
          [-112.16659, 44.21327],
          [-112.1366, 44.21456],
          [-112.10685, 44.21726],
          [-112.0823, 44.21516],
          [-112.0761, 44.21428],
          [-112.04635, 44.21698],
          [-112.01535, 44.21256],
          [-112, 44.21395]
        ]
      }
    },
    {
      "type": "Feature",
      "id": "2026082406_f006_13000_001",
      "properties": {
        "product_id": "winter_storm_levels",
        "source_id": "nbm_snow_level",
        "parameter": "snow_level",
        "definition": "height of the wet-bulb 0.5 degree C surface",
        "level_ft_msl": 13000,
        "label": "13,000 ft MSL",
        "unit": "ft_msl",
        "cycle_time_utc": "2026-08-24T06:00:00Z",
        "valid_time_utc": "2026-08-24T12:00:00Z",
        "lead_hours": 6,
        "segment": 1,
        "length_m": 1139529.4
      },
      "geometry": {
        "type": "LineString",
        "coordinates": [
          [-122.9583, 36.72535],
          [-122.94319, 36.74387],
          [-122.93671, 36.7518],
          [-122.94242, 36.77367],
          [-122.9273, 36.79218],
          [-122.92082, 36.80011],
          [-122.92653, 36.82198],
          [-122.93223, 36.84384],
          [-122.9171, 36.86234],
          [-122.91062, 36.87027],
          [-122.91633, 36.89213],
          [-122.92204, 36.91399],
          [-122.9069, 36.93249],
          [-122.9004, 36.94041],
          [-122.90611, 36.96227],
          [-122.91183, 36.98412],
          [-122.89667, 37.00261],
          [-122.89018, 37.01054],
          [-122.89589, 37.03239],
          [-122.88073, 37.05087],
          [-122.87423, 37.05879],
          [-122.87994, 37.08064],
          [-122.88565, 37.10248],
          [-122.87048, 37.12096],
          [-122.86397, 37.12888],
          [-122.86968, 37.15072],
          [-122.8545, 37.1692],
          [-122.84799, 37.17711],
          [-122.8537, 37.19895],
          [-122.85942, 37.22079],
          [-122.84422, 37.23925],
          [-122.83771, 37.24717],
          [-122.84342, 37.269],
          [-122.82822, 37.28746],
          [-122.8217, 37.29537],
          [-122.82741, 37.3172],
          [-122.8122, 37.33566],
          [-122.80567, 37.34357],
          [-122.81139, 37.36539],
          [-122.79616, 37.38385],
          [-122.78964, 37.39175],
          [-122.79535, 37.41357],
          [-122.80106, 37.43539],
          [-122.78582, 37.45384],
          [-122.77929, 37.46174],
          [-122.78501, 37.48356],
          [-122.79072, 37.50537],
          [-122.77547, 37.52381],
          [-122.76894, 37.53171],
          [-122.77465, 37.55352],
          [-122.78037, 37.57533],
          [-122.78609, 37.59713],
          [-122.77083, 37.61557],
          [-122.76429, 37.62346],
          [-122.77, 37.64526],
          [-122.75473, 37.66369],
          [-122.74819, 37.67159],
          [-122.7539, 37.69339],
          [-122.73862, 37.71181],
          [-122.73207, 37.7197],
          [-122.73779, 37.7415],
          [-122.74351, 37.76329],
          [-122.72822, 37.7817],
          [-122.72166, 37.7896],
          [-122.72738, 37.81138],
          [-122.71208, 37.82979],
          [-122.70552, 37.83768],
          [-122.69021, 37.85609],
          [-122.68365, 37.86398],
          [-122.66833, 37.88238],
          [-122.66177, 37.89027],
          [-122.64644, 37.90867],
          [-122.63987, 37.91655],
          [-122.64558, 37.93833],
          [-122.63025, 37.95673],
          [-122.62367, 37.96461],
          [-122.60833, 37.983],
          [-122.60176, 37.99088],
          [-122.60746, 38.01265],
          [-122.59211, 38.03104],
          [-122.58553, 38.03891],
          [-122.57017, 38.0573],
          [-122.56359, 38.06517],
          [-122.56929, 38.08694],
          [-122.55392, 38.10531],
          [-122.54733, 38.11319],
          [-122.53195, 38.13156],
          [-122.52536, 38.13943],
          [-122.50998, 38.1578],
          [-122.50339, 38.16567],
          [-122.50908, 38.18743],
          [-122.49369, 38.20579],
          [-122.48709, 38.21366],
          [-122.47169, 38.23202],
          [-122.46508, 38.23989],
          [-122.47077, 38.26164],
          [-122.45536, 38.27999],
          [-122.44876, 38.28786],
          [-122.43334, 38.30621],
          [-122.40562, 38.31067],
          [-122.39901, 38.31853],
          [-122.38358, 38.33687],
          [-122.37696, 38.34473],
          [-122.38264, 38.36648],
          [-122.3672, 38.38481],
          [-122.36058, 38.39267],
          [-122.34513, 38.41101],
          [-122.33851, 38.41886],
          [-122.32306, 38.43719],
          [-122.31643, 38.44504],
          [-122.30097, 38.46337],
          [-122.29434, 38.47122],
          [-122.27887, 38.48954],
          [-122.27223, 38.49739],
          [-122.25675, 38.51571],
          [-122.25012, 38.52356],
          [-122.25578, 38.54529],
          [-122.24029, 38.5636],
          [-122.23365, 38.57145],
          [-122.23931, 38.59318],
          [-122.22381, 38.61148],
          [-122.21717, 38.61933],
          [-122.20166, 38.63763],
          [-122.19502, 38.64547],
          [-122.1795, 38.66377],
          [-122.17285, 38.67161],
          [-122.15733, 38.6899],
          [-122.15067, 38.69774],
          [-122.13515, 38.71603],
          [-122.12849, 38.72387],
          [-122.11295, 38.74215],
          [-122.10629, 38.74999],
          [-122.11193, 38.7717],
          [-122.09639, 38.78998],
          [-122.08972, 38.79782],
          [-122.07417, 38.81609],
          [-122.0675, 38.82392],
          [-122.07314, 38.84563],
          [-122.05758, 38.8639],
          [-122.0509, 38.87173],
          [-122.03533, 38.89],
          [-122.02866, 38.89782],
          [-122.01308, 38.91608],
          [-122.0064, 38.92391],
          [-121.99081, 38.94217],
          [-121.98413, 38.94999],
          [-121.96853, 38.96824],
          [-121.96185, 38.97606],
          [-121.94624, 38.99431],
          [-121.91833, 38.99868],
          [-121.91163, 39.0065],
          [-121.89602, 39.02474],
          [-121.88932, 39.03256],
          [-121.8737, 39.0508],
          [-121.867, 39.05861],
          [-121.85137, 39.07684],
          [-121.84467, 39.08466],
          [-121.82903, 39.10289],
          [-121.82232, 39.1107],
          [-121.80668, 39.12892],
          [-121.79997, 39.13673],
          [-121.78431, 39.15495],
          [-121.7776, 39.16276],
          [-121.76194, 39.18098],
          [-121.75523, 39.18878],
          [-121.73956, 39.207],
          [-121.71157, 39.21133],
          [-121.70485, 39.21913],
          [-121.68917, 39.23734],
          [-121.68245, 39.24514],
          [-121.66675, 39.26334],
          [-121.63875, 39.26765],
          [-121.63202, 39.27545],
          [-121.61632, 39.29365],
          [-121.60959, 39.30144],
          [-121.59387, 39.31963],
          [-121.56585, 39.32394],
          [-121.55912, 39.33173],
          [-121.54339, 39.34991],
          [-121.51536, 39.35421],
          [-121.50862, 39.362],
          [-121.49288, 39.38017],
          [-121.48613, 39.38796],
          [-121.47038, 39.40613],
          [-121.44234, 39.41042],
          [-121.43558, 39.4182],
          [-121.41982, 39.43637],
          [-121.41307, 39.44415],
          [-121.3973, 39.46231],
          [-121.39054, 39.47009],
          [-121.37476, 39.48825],
          [-121.368, 39.49603],
          [-121.35222, 39.51418],
          [-121.34545, 39.52195],
          [-121.32966, 39.5401],
          [-121.32289, 39.54788],
          [-121.32841, 39.56954],
          [-121.31261, 39.58768],
          [-121.30584, 39.59545],
          [-121.31136, 39.6171],
          [-121.29555, 39.63524],
          [-121.28877, 39.64301],
          [-121.27295, 39.66114],
          [-121.26617, 39.66891],
          [-121.25034, 39.68704],
          [-121.22221, 39.69128],
          [-121.19408, 39.69552],
          [-121.16594, 39.69975],
          [-121.1378, 39.70398],
          [-121.10966, 39.7082],
          [-121.08152, 39.71242],
          [-121.07472, 39.72018],
          [-121.05885, 39.73829],
          [-121.05205, 39.74605],
          [-121.05753, 39.76769],
          [-121.04165, 39.78579],
          [-121.03484, 39.79355],
          [-121.01895, 39.81164],
          [-120.99078, 39.81584],
          [-120.98397, 39.8236],
          [-120.96807, 39.84168],
          [-120.96125, 39.84943],
          [-120.94534, 39.86752],
          [-120.93852, 39.87527],
          [-120.94398, 39.8969],
          [-120.92807, 39.91498],
          [-120.92124, 39.92273],
          [-120.90532, 39.9408],
          [-120.89849, 39.94854],
          [-120.88255, 39.96661],
          [-120.85433, 39.97079],
          [-120.8475, 39.97853],
          [-120.83155, 39.99659],
          [-120.80332, 40.00076],
          [-120.79648, 40.0085],
          [-120.78052, 40.02655],
          [-120.77368, 40.03429],
          [-120.75771, 40.05234],
          [-120.72946, 40.05649],
          [-120.7012, 40.06065],
          [-120.67295, 40.06479],
          [-120.64469, 40.06893],
          [-120.61643, 40.07307],
          [-120.58817, 40.07721],
          [-120.55991, 40.08133],
          [-120.53164, 40.08546],
          [-120.50337, 40.08958],
          [-120.4751, 40.09369],
          [-120.44683, 40.0978],
          [-120.42328, 40.08554],
          [-120.41319, 40.08028],
          [-120.38965, 40.06801],
          [-120.38429, 40.04637],
          [-120.37894, 40.02474],
          [-120.39497, 40.00672],
          [-120.40184, 39.99899],
          [-120.39648, 39.97735],
          [-120.39113, 39.95571],
          [-120.38578, 39.93406],
          [-120.40179, 39.91604],
          [-120.40866, 39.90831],
          [-120.4033, 39.88666],
          [-120.41931, 39.86863],
          [-120.42617, 39.8609],
          [-120.44216, 39.84286],
          [-120.44902, 39.83513],
          [-120.46501, 39.81709],
          [-120.4932, 39.81297],
          [-120.50005, 39.80524],
          [-120.51603, 39.78719],
          [-120.54422, 39.78306],
          [-120.5724, 39.77893],
          [-120.60058, 39.77479],
          [-120.60742, 39.76705],
          [-120.62337, 39.74899],
          [-120.65154, 39.74484],
          [-120.65837, 39.7371],
          [-120.67431, 39.71903],
          [-120.68114, 39.71129],
          [-120.67574, 39.68962],
          [-120.67035, 39.66796],
          [-120.68627, 39.64988],
          [-120.6931, 39.64213],
          [-120.6877, 39.62046],
          [-120.70361, 39.60238],
          [-120.71043, 39.59463],
          [-120.72634, 39.57655],
          [-120.73316, 39.56879],
          [-120.74906, 39.5507],
          [-120.75587, 39.54295],
          [-120.77176, 39.52486],
          [-120.77857, 39.5171],
          [-120.79445, 39.499],
          [-120.80126, 39.49124],
          [-120.81713, 39.47314],
          [-120.82394, 39.46538],
          [-120.8398, 39.44727],
          [-120.8466, 39.43951],
          [-120.86246, 39.4214],
          [-120.86926, 39.41364],
          [-120.88511, 39.39552],
          [-120.8919, 39.38776],
          [-120.90775, 39.36964],
          [-120.91454, 39.36187],
          [-120.93037, 39.34374],
          [-120.93716, 39.33598],
          [-120.95299, 39.31785],
          [-120.95977, 39.31008],
          [-120.97559, 39.29194],
          [-120.98237, 39.28417],
          [-120.99818, 39.26603],
          [-121.00496, 39.25826],
          [-121.02076, 39.24012],
          [-121.02753, 39.23234],
          [-121.04333, 39.2142],
          [-121.0501, 39.20642],
          [-121.06589, 39.18827],
          [-121.07266, 39.18049],
          [-121.08844, 39.16233],
          [-121.0952, 39.15455],
          [-121.11097, 39.13639],
          [-121.11773, 39.12861],
          [-121.11227, 39.1069],
          [-121.12804, 39.08874],
          [-121.13479, 39.08095],
          [-121.15055, 39.06278],
          [-121.1573, 39.05499],
          [-121.17305, 39.03682],
          [-121.1798, 39.02903],
          [-121.17433, 39.00731],
          [-121.19007, 38.98913],
          [-121.19681, 38.98134],
          [-121.21254, 38.96316],
          [-121.21928, 38.95537],
          [-121.23501, 38.93718],
          [-121.24174, 38.92938],
          [-121.23627, 38.90766],
          [-121.25198, 38.88947],
          [-121.25872, 38.88167],
          [-121.27442, 38.86347],
          [-121.28115, 38.85567],
          [-121.27567, 38.83394],
          [-121.29137, 38.81574],
          [-121.29809, 38.80793],
          [-121.31378, 38.78973],
          [-121.3205, 38.78192],
          [-121.31502, 38.76018],
          [-121.3307, 38.74197],
          [-121.33741, 38.73417],
          [-121.33193, 38.71242],
          [-121.3476, 38.69421],
          [-121.35431, 38.6864],
          [-121.34883, 38.66465],
          [-121.36449, 38.64643],
          [-121.37119, 38.63862],
          [-121.36571, 38.61686],
          [-121.38136, 38.59864],
          [-121.38806, 38.59082],
          [-121.38258, 38.56907],
          [-121.39821, 38.55083],
          [-121.40491, 38.54302],
          [-121.39943, 38.52126],
          [-121.41505, 38.50302],
          [-121.42175, 38.4952],
          [-121.41626, 38.47344],
          [-121.43188, 38.45519],
          [-121.43857, 38.44737],
          [-121.43308, 38.4256],
          [-121.4276, 38.40383],
          [-121.4432, 38.38558],
          [-121.44989, 38.37776],
          [-121.4444, 38.35598],
          [-121.46, 38.33773],
          [-121.46668, 38.3299],
          [-121.46119, 38.30812],
          [-121.47678, 38.28986],
          [-121.48345, 38.28204],
          [-121.47796, 38.26025],
          [-121.47248, 38.23847],
          [-121.48805, 38.2202],
          [-121.49472, 38.21237],
          [-121.48924, 38.19058],
          [-121.48375, 38.16879],
          [-121.49931, 38.15051],
          [-121.50598, 38.14268],
          [-121.50049, 38.12088],
          [-121.51604, 38.1026],
          [-121.52271, 38.09477],
          [-121.51722, 38.07297],
          [-121.51173, 38.05117],
          [-121.52727, 38.03288],
          [-121.53393, 38.02504],
          [-121.52844, 38.00324],
          [-121.52296, 37.98143],
          [-121.53849, 37.96314],
          [-121.54514, 37.9553],
          [-121.53965, 37.93348],
          [-121.53417, 37.91167],
          [-121.52869, 37.88985],
          [-121.5442, 37.87155],
          [-121.55085, 37.86371],
          [-121.54537, 37.84189],
          [-121.53989, 37.82007],
          [-121.53441, 37.79824],
          [-121.54991, 37.77993],
          [-121.55655, 37.77209],
          [-121.55107, 37.75026],
          [-121.5456, 37.72843],
          [-121.56109, 37.71011],
          [-121.56772, 37.70226],
          [-121.56224, 37.68043],
          [-121.55677, 37.65859],
          [-121.5513, 37.63675],
          [-121.54583, 37.61491],
          [-121.54036, 37.59307],
          [-121.53489, 37.57122],
          [-121.55036, 37.5529],
          [-121.55699, 37.54504],
          [-121.55152, 37.52319],
          [-121.54605, 37.50134],
          [-121.54059, 37.47949],
          [-121.53513, 37.45763],
          [-121.53931, 37.43426],
          [-121.54512, 37.41744],
          [-121.55174, 37.40958],
          [-121.54628, 37.38772],
          [-121.54083, 37.36586],
          [-121.53537, 37.34399],
          [-121.5508, 37.32565],
          [-121.55742, 37.31779],
          [-121.55196, 37.29592],
          [-121.54651, 37.27405],
          [-121.54106, 37.25217],
          [-121.53561, 37.2303],
          [-121.53016, 37.20842],
          [-121.54558, 37.19007],
          [-121.55218, 37.1822],
          [-121.54674, 37.16032],
          [-121.54129, 37.13844],
          [-121.53585, 37.11655],
          [-121.53041, 37.09467],
          [-121.52497, 37.07278],
          [-121.54036, 37.05442],
          [-121.54696, 37.04654],
          [-121.54152, 37.02465],
          [-121.53608, 37.00276],
          [-121.53065, 36.98086],
          [-121.52522, 36.95896],
          [-121.51979, 36.93706],
          [-121.51436, 36.91516],
          [-121.50893, 36.89325],
          [-121.5243, 36.87488],
          [-121.53089, 36.867],
          [-121.52546, 36.84509],
          [-121.52004, 36.82318],
          [-121.51462, 36.80127],
          [-121.5092, 36.77935],
          [-121.52455, 36.76097],
          [-121.53113, 36.7531],
          [-121.52571, 36.73118],
          [-121.52029, 36.70926],
          [-121.51488, 36.68733],
          [-121.53022, 36.66895],
          [-121.53679, 36.66106],
          [-121.53138, 36.63914],
          [-121.54671, 36.62075],
          [-121.55328, 36.61286],
          [-121.54786, 36.59093],
          [-121.54244, 36.569],
          [-121.55777, 36.5506],
          [-121.56433, 36.54272],
          [-121.55891, 36.52078],
          [-121.5535, 36.49884],
          [-121.54808, 36.47691],
          [-121.54267, 36.45496],
          [-121.53726, 36.43302],
          [-121.55257, 36.41461],
          [-121.55912, 36.40672],
          [-121.55371, 36.38478],
          [-121.56901, 36.36637],
          [-121.57556, 36.35847],
          [-121.57015, 36.33652],
          [-121.56474, 36.31457],
          [-121.58003, 36.29615],
          [-121.58657, 36.28826],
          [-121.58116, 36.26631],
          [-121.57576, 36.24435],
          [-121.59103, 36.22592],
          [-121.59757, 36.21803],
          [-121.59216, 36.19607],
          [-121.60742, 36.17764],
          [-121.61396, 36.16974],
          [-121.62922, 36.15131],
          [-121.63575, 36.14341],
          [-121.651, 36.12497],
          [-121.67819, 36.12059],
          [-121.70538, 36.11621],
          [-121.73257, 36.11183],
          [-121.75541, 36.12413],
          [-121.76519, 36.1294],
          [-121.78804, 36.1417],
          [-121.79783, 36.14696],
          [-121.82502, 36.14256],
          [-121.85221, 36.13816],
          [-121.87506, 36.15044],
          [-121.88486, 36.15571],
          [-121.90772, 36.16798],
          [-121.91319, 36.18994],
          [-121.92299, 36.1952],
          [-121.94587, 36.20747],
          [-121.95567, 36.21273],
          [-121.97855, 36.22499],
          [-121.98836, 36.23025],
          [-122.01125, 36.24251],
          [-122.02106, 36.24776],
          [-122.04396, 36.26002],
          [-122.05377, 36.26527],
          [-122.07667, 36.27752],
          [-122.08649, 36.28277],
          [-122.1094, 36.29501],
          [-122.11922, 36.30026],
          [-122.14644, 36.29581],
          [-122.16936, 36.30805],
          [-122.17918, 36.31329],
          [-122.20211, 36.32552],
          [-122.21194, 36.33076],
          [-122.23487, 36.34299],
          [-122.24042, 36.36492],
          [-122.25025, 36.37015],
          [-122.2732, 36.38237],
          [-122.27875, 36.4043],
          [-122.28431, 36.42622],
          [-122.29415, 36.43145],
          [-122.31711, 36.44366],
          [-122.32696, 36.44889],
          [-122.34993, 36.4611],
          [-122.35978, 36.46633],
          [-122.38276, 36.47853],
          [-122.38834, 36.50044],
          [-122.39392, 36.52235],
          [-122.40378, 36.52757],
          [-122.42677, 36.53977],
          [-122.43663, 36.54499],
          [-122.45964, 36.55717],
          [-122.4695, 36.5624],
          [-122.49251, 36.57458],
          [-122.50237, 36.5798],
          [-122.52539, 36.59197],
          [-122.53526, 36.59719],
          [-122.55829, 36.60936],
          [-122.56816, 36.61457],
          [-122.59119, 36.62674],
          [-122.60107, 36.63195],
          [-122.62411, 36.64411],
          [-122.63399, 36.64932],
          [-122.66127, 36.64479],
          [-122.68855, 36.64026],
          [-122.69504, 36.63233],
          [-122.71017, 36.61383],
          [-122.73744, 36.60929],
          [-122.76471, 36.60475],
          [-122.78777, 36.61689],
          [-122.79344, 36.63877],
          [-122.80332, 36.64397],
          [-122.82639, 36.65611],
          [-122.83207, 36.67799],
          [-122.84196, 36.68318],
          [-122.86504, 36.69531],
          [-122.87493, 36.7005],
          [-122.89802, 36.71262],
          [-122.90791, 36.71781],
          [-122.9352, 36.71324],
          [-122.9583, 36.72535]
        ]
      }
    },
    {
      "type": "Feature",
      "id": "2026082406_f006_13000_002",
      "properties": {
        "product_id": "winter_storm_levels",
        "source_id": "nbm_snow_level",
        "parameter": "snow_level",
        "definition": "height of the wet-bulb 0.5 degree C surface",
        "level_ft_msl": 13000,
        "label": "13,000 ft MSL",
        "unit": "ft_msl",
        "cycle_time_utc": "2026-08-24T06:00:00Z",
        "valid_time_utc": "2026-08-24T12:00:00Z",
        "lead_hours": 6,
        "segment": 2,
        "length_m": 2642593.9
      },
      "geometry": {
        "type": "LineString",
        "coordinates": [
          [-123.1425, 30.24394],
          [-123.13537, 30.25338],
          [-123.12927, 30.26146],
          [-123.13469, 30.28372],
          [-123.12045, 30.30257],
          [-123.11435, 30.31065],
          [-123.1001, 30.32951],
          [-123.09399, 30.33758],
          [-123.07973, 30.35643],
          [-123.07362, 30.36451],
          [-123.07904, 30.38676],
          [-123.06478, 30.40561],
          [-123.05866, 30.41369],
          [-123.04439, 30.43253],
          [-123.03827, 30.44061],
          [-123.024, 30.45945],
          [-123.01788, 30.46753],
          [-123.00359, 30.48637],
          [-122.99747, 30.49444],
          [-122.98318, 30.51328],
          [-122.97705, 30.52135],
          [-122.96275, 30.54018],
          [-122.95663, 30.54825],
          [-122.94232, 30.56709],
          [-122.93619, 30.57516],
          [-122.92188, 30.59398],
          [-122.91575, 30.60205],
          [-122.92115, 30.6243],
          [-122.90683, 30.64313],
          [-122.90069, 30.65119],
          [-122.88636, 30.67002],
          [-122.88022, 30.67808],
          [-122.86589, 30.6969],
          [-122.85975, 30.70497],
          [-122.84541, 30.72379],
          [-122.83926, 30.73185],
          [-122.84465, 30.7541],
          [-122.83031, 30.77291],
          [-122.82415, 30.78097],
          [-122.8098, 30.79978],
          [-122.80365, 30.80785],
          [-122.78929, 30.82665],
          [-122.78313, 30.83471],
          [-122.76876, 30.85352],
          [-122.76261, 30.86158],
          [-122.74823, 30.88038],
          [-122.74207, 30.88844],
          [-122.72769, 30.90724],
          [-122.72153, 30.9153],
          [-122.7269, 30.93754],
          [-122.71251, 30.95634],
          [-122.70635, 30.96439],
          [-122.69195, 30.98319],
          [-122.68578, 30.99124],
          [-122.67138, 31.01003],
          [-122.6652, 31.01809],
          [-122.6508, 31.03687],
          [-122.64462, 31.04493],
          [-122.6302, 31.06371],
          [-122.62402, 31.07176],
          [-122.6096, 31.09055],
          [-122.60342, 31.0986],
          [-122.58899, 31.11738],
          [-122.58281, 31.12542],
          [-122.56837, 31.1442],
          [-122.56218, 31.15225],
          [-122.54774, 31.17102],
          [-122.54155, 31.17907],
          [-122.5271, 31.19784],
          [-122.52091, 31.20588],
          [-122.50645, 31.22465],
          [-122.50025, 31.2327],
          [-122.48579, 31.25146],
          [-122.47959, 31.2595],
          [-122.46512, 31.27827],
          [-122.45892, 31.28631],
          [-122.44445, 31.30507],
          [-122.43824, 31.31311],
          [-122.42376, 31.33187],
          [-122.41755, 31.3399],
          [-122.40306, 31.35866],
          [-122.39685, 31.36669],
          [-122.38235, 31.38545],
          [-122.37614, 31.39348],
          [-122.36164, 31.41223],
          [-122.35542, 31.42027],
          [-122.34091, 31.43901],
          [-122.33469, 31.44704],
          [-122.32018, 31.46579],
          [-122.31395, 31.47382],
          [-122.29943, 31.49256],
          [-122.29321, 31.50059],
          [-122.27868, 31.51933],
          [-122.27245, 31.52736],
          [-122.25791, 31.54609],
          [-122.25168, 31.55412],
          [-122.23714, 31.57285],
          [-122.2309, 31.58088],
          [-122.21635, 31.59961],
          [-122.21012, 31.60763],
          [-122.19556, 31.62636],
          [-122.18932, 31.63438],
          [-122.17476, 31.6531],
          [-122.16852, 31.66113],
          [-122.15395, 31.67985],
          [-122.12782, 31.68436],
          [-122.12158, 31.69238],
          [-122.107, 31.71109],
          [-122.10075, 31.71911],
          [-122.08616, 31.73782],
          [-122.0799, 31.74584],
          [-122.06531, 31.76455],
          [-122.05905, 31.77256],
          [-122.04445, 31.79127],
          [-122.03819, 31.79929],
          [-122.02358, 31.81799],
          [-122.01732, 31.826],
          [-122.00271, 31.8447],
          [-121.99644, 31.85271],
          [-121.98182, 31.87141],
          [-121.95565, 31.87589],
          [-121.94938, 31.8839],
          [-121.93474, 31.90259],
          [-121.92847, 31.9106],
          [-121.91383, 31.92929],
          [-121.90755, 31.9373],
          [-121.89291, 31.95598],
          [-121.88663, 31.96399],
          [-121.87197, 31.98267],
          [-121.86569, 31.99068],
          [-121.85103, 32.00935],
          [-121.84475, 32.01736],
          [-121.83008, 32.03603],
          [-121.82379, 32.04404],
          [-121.80912, 32.06271],
          [-121.7829, 32.06716],
          [-121.7766, 32.07516],
          [-121.76192, 32.09383],
          [-121.75562, 32.10183],
          [-121.76087, 32.12405],
          [-121.74617, 32.14271],
          [-121.73988, 32.15071],
          [-121.72517, 32.16937],
          [-121.71887, 32.17736],
          [-121.70416, 32.19602],
          [-121.69786, 32.20402],
          [-121.68314, 32.22267],
          [-121.65688, 32.2271],
          [-121.65057, 32.23509],
          [-121.6558, 32.25731],
          [-121.64107, 32.27596],
          [-121.63476, 32.28395],
          [-121.62002, 32.30259],
          [-121.59374, 32.30701],
          [-121.58742, 32.315],
          [-121.57267, 32.33364],
          [-121.56635, 32.34162],
          [-121.5516, 32.36026],
          [-121.54527, 32.36825],
          [-121.53051, 32.38688],
          [-121.5042, 32.39128],
          [-121.49787, 32.39926],
          [-121.4831, 32.41789],
          [-121.47677, 32.42587],
          [-121.46199, 32.4445],
          [-121.45565, 32.45248],
          [-121.44087, 32.4711],
          [-121.43453, 32.47908],
          [-121.41973, 32.4977],
          [-121.41339, 32.50568],
          [-121.39859, 32.52429],
          [-121.39225, 32.53227],
          [-121.37744, 32.55088],
          [-121.37109, 32.55886],
          [-121.35628, 32.57746],
          [-121.34993, 32.58544],
          [-121.33511, 32.60404],
          [-121.32875, 32.61202],
          [-121.31393, 32.63062],
          [-121.30757, 32.63859],
          [-121.29273, 32.65719],
          [-121.28637, 32.66516],
          [-121.27153, 32.68376],
          [-121.26517, 32.69173],
          [-121.25032, 32.71032],
          [-121.22393, 32.71467],
          [-121.21756, 32.72264],
          [-121.2027, 32.74122],
          [-121.19633, 32.74919],
          [-121.18146, 32.76777],
          [-121.17509, 32.77574],
          [-121.16022, 32.79432],
          [-121.15384, 32.80228],
          [-121.13896, 32.82086],
          [-121.13258, 32.82882],
          [-121.11769, 32.84739],
          [-121.11131, 32.85535],
          [-121.09641, 32.87392],
          [-121.09003, 32.88188],
          [-121.07513, 32.90045],
          [-121.06874, 32.90841],
          [-121.05383, 32.92697],
          [-121.04744, 32.93493],
          [-121.03252, 32.95349],
          [-121.02613, 32.96144],
          [-121.01121, 32.98],
          [-121.00481, 32.98795],
          [-120.98988, 33.00651],
          [-120.98348, 33.01446],
          [-120.96854, 33.03301],
          [-120.96214, 33.04096],
          [-120.94719, 33.05951],
          [-120.94079, 33.06746],
          [-120.92584, 33.08601],
          [-120.91943, 33.09395],
          [-120.90447, 33.1125],
          [-120.87797, 33.11679],
          [-120.87156, 33.12473],
          [-120.85659, 33.14327],
          [-120.85017, 33.15121],
          [-120.85529, 33.1734],
          [-120.84031, 33.19194],
          [-120.83389, 33.19988],
          [-120.8189, 33.21841],
          [-120.81248, 33.22635],
          [-120.79749, 33.24487],
          [-120.77095, 33.24914],
          [-120.76452, 33.25708],
          [-120.74952, 33.2756],
          [-120.74309, 33.28354],
          [-120.72808, 33.30206],
          [-120.70153, 33.30632],
          [-120.69509, 33.31425],
          [-120.68007, 33.33276],
          [-120.67363, 33.34069],
          [-120.6586, 33.3592],
          [-120.63203, 33.36345],
          [-120.62558, 33.37138],
          [-120.61054, 33.38988],
          [-120.60409, 33.39781],
          [-120.58904, 33.41631],
          [-120.56246, 33.42054],
          [-120.55601, 33.42847],
          [-120.54095, 33.44696],
          [-120.53449, 33.45489],
          [-120.51942, 33.47337],
          [-120.49283, 33.4776],
          [-120.48636, 33.48552],
          [-120.47128, 33.504],
          [-120.44468, 33.50822],
          [-120.43821, 33.51614],
          [-120.42312, 33.53461],
          [-120.3965, 33.53882],
          [-120.39003, 33.54674],
          [-120.37493, 33.56521],
          [-120.36845, 33.57313],
          [-120.35334, 33.59159],
          [-120.32671, 33.59579],
          [-120.32023, 33.6037],
          [-120.30511, 33.62216],
          [-120.29862, 33.63007],
          [-120.28349, 33.64853],
          [-120.27701, 33.65644],
          [-120.26187, 33.6749],
          [-120.23521, 33.67908],
          [-120.22872, 33.68698],
          [-120.21357, 33.70543],
          [-120.18691, 33.7096],
          [-120.18041, 33.71751],
          [-120.16525, 33.73595],
          [-120.15875, 33.74385],
          [-120.14358, 33.76229],
          [-120.1169, 33.76645],
          [-120.1104, 33.77435],
          [-120.09522, 33.79279],
          [-120.06853, 33.79694],
          [-120.06202, 33.80484],
          [-120.04683, 33.82326],
          [-120.02013, 33.82741],
          [-120.01362, 33.8353],
          [-119.99841, 33.85372],
          [-119.99189, 33.86162],
          [-119.97668, 33.88003],
          [-119.94997, 33.88416],
          [-119.94345, 33.89206],
          [-119.92822, 33.91047],
          [-119.9217, 33.91836],
          [-119.90646, 33.93677],
          [-119.89994, 33.94465],
          [-119.8847, 33.96306],
          [-119.85796, 33.96717],
          [-119.85143, 33.97506],
          [-119.83618, 33.99346],
          [-119.82964, 34.00134],
          [-119.81438, 34.01974],
          [-119.80784, 34.02762],
          [-119.79258, 34.04601],
          [-119.78603, 34.05389],
          [-119.77076, 34.07228],
          [-119.74399, 34.07638],
          [-119.73745, 34.08426],
          [-119.72216, 34.10264],
          [-119.71561, 34.11051],
          [-119.70032, 34.12889],
          [-119.69377, 34.13677],
          [-119.67847, 34.15514],
          [-119.65168, 34.15922],
          [-119.64512, 34.1671],
          [-119.62981, 34.18547],
          [-119.62324, 34.19334],
          [-119.60793, 34.2117],
          [-119.60136, 34.21957],
          [-119.58604, 34.23794],
          [-119.57947, 34.2458],
          [-119.56414, 34.26416],
          [-119.55756, 34.27203],
          [-119.54222, 34.29039],
          [-119.5154, 34.29444],
          [-119.50882, 34.3023],
          [-119.49347, 34.32065],
          [-119.48689, 34.32852],
          [-119.47153, 34.34686],
          [-119.46495, 34.35472],
          [-119.44958, 34.37307],
          [-119.44299, 34.38093],
          [-119.42762, 34.39927],
          [-119.42103, 34.40712],
          [-119.40565, 34.42546],
          [-119.39906, 34.43332],
          [-119.38367, 34.45165],
          [-119.37708, 34.4595],
          [-119.36168, 34.47783],
          [-119.3348, 34.48185],
          [-119.3282, 34.48971],
          [-119.3128, 34.50803],
          [-119.30619, 34.51588],
          [-119.29078, 34.5342],
          [-119.28417, 34.54205],
          [-119.26875, 34.56036],
          [-119.26214, 34.56821],
          [-119.24671, 34.58652],
          [-119.2401, 34.59437],
          [-119.22466, 34.61268],
          [-119.21805, 34.62052],
          [-119.2026, 34.63883],
          [-119.19598, 34.64667],
          [-119.18053, 34.66497],
          [-119.1536, 34.66896],
          [-119.14698, 34.6768],
          [-119.13152, 34.6951],
          [-119.10458, 34.69908],
          [-119.09795, 34.70692],
          [-119.08247, 34.72521],
          [-119.07584, 34.73304],
          [-119.06036, 34.75133],
          [-119.0334, 34.7553],
          [-119.02677, 34.76313],
          [-119.01127, 34.78141],
          [-118.98431, 34.78537],
          [-118.97766, 34.7932],
          [-118.96216, 34.81148],
          [-118.93518, 34.81543],
          [-118.90821, 34.81938],
          [-118.88123, 34.82332],
          [-118.85425, 34.82726],
          [-118.8476, 34.83509],
          [-118.83206, 34.85334],
          [-118.80508, 34.85728],
          [-118.77809, 34.8612],
          [-118.77142, 34.86902],
          [-118.75587, 34.88727],
          [-118.72887, 34.89119],
          [-118.70187, 34.8951],
          [-118.6952, 34.90292],
          [-118.67963, 34.92116],
          [-118.65262, 34.92507],
          [-118.64595, 34.93288],
          [-118.63037, 34.95111],
          [-118.60335, 34.95501],
          [-118.57633, 34.9589],
          [-118.54931, 34.96279],
          [-118.54262, 34.9706],
          [-118.52702, 34.98882],
          [-118.49999, 34.9927],
          [-118.47295, 34.99658],
          [-118.44592, 35.00045],
          [-118.42369, 34.98765],
          [-118.41416, 34.98217],
          [-118.38713, 34.98603],
          [-118.36009, 34.98989],
          [-118.33306, 34.99374],
          [-118.31084, 34.98093],
          [-118.30132, 34.97543],
          [-118.27429, 34.97928],
          [-118.24725, 34.98312],
          [-118.22504, 34.97029],
          [-118.21553, 34.96479],
          [-118.18849, 34.96862],
          [-118.16145, 34.97245],
          [-118.13441, 34.97627],
          [-118.10737, 34.98009],
          [-118.08519, 34.96724],
          [-118.07568, 34.96174],
          [-118.04864, 34.96554],
          [-118.0216, 34.96935],
          [-117.99942, 34.95649],
          [-117.98992, 34.95098],
          [-117.96288, 34.95477],
          [-117.93584, 34.95856],
          [-117.90879, 34.96234],
          [-117.88174, 34.96612],
          [-117.8547, 34.9699],
          [-117.83254, 34.95702],
          [-117.82305, 34.9515],
          [-117.796, 34.95527],
          [-117.76895, 34.95903],
          [-117.7419, 34.96278],
          [-117.71485, 34.96654],
          [-117.6878, 34.97028],
          [-117.66074, 34.97403],
          [-117.63861, 34.96112],
          [-117.62912, 34.95559],
          [-117.60207, 34.95933],
          [-117.57994, 34.94642],
          [-117.57046, 34.94088],
          [-117.54341, 34.9446],
          [-117.51636, 34.94832],
          [-117.4893, 34.95204],
          [-117.46719, 34.93911],
          [-117.45772, 34.93357],
          [-117.43066, 34.93728],
          [-117.40361, 34.94098],
          [-117.39684, 34.94874],
          [-117.38106, 34.96686],
          [-117.35399, 34.97055],
          [-117.34722, 34.97831],
          [-117.33142, 34.99642],
          [-117.30435, 35.0001],
          [-117.27727, 35.00378],
          [-117.2705, 35.01154],
          [-117.25468, 35.02963],
          [-117.2479, 35.03739],
          [-117.23208, 35.05548],
          [-117.20498, 35.05915],
          [-117.1982, 35.0669],
          [-117.18236, 35.08499],
          [-117.17558, 35.09274],
          [-117.15973, 35.11082],
          [-117.15294, 35.11857],
          [-117.13709, 35.13665],
          [-117.10998, 35.1403],
          [-117.10318, 35.14805],
          [-117.08732, 35.16612],
          [-117.08052, 35.17387],
          [-117.06465, 35.19194],
          [-117.05784, 35.19968],
          [-117.04197, 35.21775],
          [-117.03516, 35.22549],
          [-117.01927, 35.24355],
          [-117.01247, 35.25129],
          [-116.99657, 35.26935],
          [-116.96942, 35.27298],
          [-116.96261, 35.28072],
          [-116.9467, 35.29877],
          [-116.93988, 35.3065],
          [-116.92397, 35.32455],
          [-116.91715, 35.33229],
          [-116.90123, 35.35033],
          [-116.87406, 35.35394],
          [-116.86723, 35.36167],
          [-116.8513, 35.37971],
          [-116.84447, 35.38744],
          [-116.82853, 35.40547],
          [-116.8217, 35.4132],
          [-116.80575, 35.43123],
          [-116.79891, 35.43896],
          [-116.78296, 35.45699],
          [-116.77612, 35.46471],
          [-116.76016, 35.48273],
          [-116.75332, 35.49046],
          [-116.73735, 35.50848],
          [-116.7305, 35.5162],
          [-116.71453, 35.53421],
          [-116.70768, 35.54193],
          [-116.69169, 35.55995],
          [-116.68484, 35.56766],
          [-116.66885, 35.58567],
          [-116.66199, 35.59339],
          [-116.66639, 35.61554],
          [-116.65038, 35.63354],
          [-116.64353, 35.64126],
          [-116.62752, 35.65926],
          [-116.62065, 35.66697],
          [-116.60464, 35.68497],
          [-116.59777, 35.69268],
          [-116.58175, 35.71067],
          [-116.55447, 35.71422],
          [-116.5476, 35.72193],
          [-116.53157, 35.73992],
          [-116.52469, 35.74763],
          [-116.52906, 35.76977],
          [-116.53343, 35.79191],
          [-116.51738, 35.80989],
          [-116.5105, 35.81759],
          [-116.51487, 35.83973],
          [-116.49881, 35.85771],
          [-116.49193, 35.86541],
          [-116.47586, 35.88338],
          [-116.46898, 35.89108],
          [-116.4529, 35.90905],
          [-116.44601, 35.91675],
          [-116.42993, 35.93471],
          [-116.42304, 35.94241],
          [-116.40695, 35.96037],
          [-116.37961, 35.96389],
          [-116.37271, 35.97158],
          [-116.35661, 35.98954],
          [-116.32926, 35.99305],
          [-116.32235, 36.00074],
          [-116.32669, 36.02287],
          [-116.33103, 36.045],
          [-116.33537, 36.06712],
          [-116.33972, 36.08925],
          [-116.34406, 36.11137],
          [-116.34841, 36.13349],
          [-116.35276, 36.1556],
          [-116.35711, 36.17772],
          [-116.36146, 36.19983],
          [-116.36582, 36.22195],
          [-116.37018, 36.24406],
          [-116.37453, 36.26616],
          [-116.37889, 36.28827],
          [-116.38325, 36.31037],
          [-116.38762, 36.33248],
          [-116.39198, 36.35458],
          [-116.40153, 36.36015],
          [-116.41419, 36.37439],
          [-116.42817, 36.39525],
          [-116.43255, 36.41735],
          [-116.43692, 36.43944],
          [-116.4413, 36.46153],
          [-116.43607, 36.48485],
          [-116.44045, 36.50694],
          [-116.4339, 36.52363],
          [-116.43109, 36.53078],
          [-116.43547, 36.55287],
          [-116.43573, 36.57547],
          [-116.44012, 36.59755],
          [-116.4445, 36.61963],
          [-116.44889, 36.64171],
          [-116.45328, 36.66378],
          [-116.45767, 36.68585],
          [-116.44148, 36.70376],
          [-116.43867, 36.71091],
          [-116.43893, 36.73351],
          [-116.44332, 36.75558],
          [-116.42712, 36.77348],
          [-116.42017, 36.78116],
          [-116.42456, 36.80322],
          [-116.42895, 36.82528],
          [-116.43334, 36.84734],
          [-116.44187, 36.86887],
          [-116.44733, 36.87495],
          [-116.46971, 36.88793],
          [-116.4793, 36.89349],
          [-116.50169, 36.90646],
          [-116.5061, 36.92851],
          [-116.51052, 36.95055],
          [-116.51493, 36.9726],
          [-116.52349, 36.99411],
          [-116.52895, 37.0002],
          [-116.55137, 37.01315],
          [-116.55579, 37.03519],
          [-116.56541, 37.04074],
          [-116.58783, 37.05369],
          [-116.59227, 37.07573],
          [-116.60189, 37.08127],
          [-116.62433, 37.09422],
          [-116.63395, 37.09976],
          [-116.6564, 37.1127],
          [-116.66085, 37.13473],
          [-116.67047, 37.14027],
          [-116.69294, 37.1532],
          [-116.6974, 37.17522],
          [-116.70186, 37.19725],
          [-116.70632, 37.21926],
          [-116.71079, 37.24128],
          [-116.69455, 37.25918],
          [-116.68759, 37.26685],
          [-116.69206, 37.28886],
          [-116.67581, 37.30676],
          [-116.66885, 37.31443],
          [-116.67331, 37.33644],
          [-116.65706, 37.35432],
          [-116.65009, 37.36199],
          [-116.65455, 37.384],
          [-116.65901, 37.406],
          [-116.66348, 37.428],
          [-116.66794, 37.45],
          [-116.67241, 37.472],
          [-116.68207, 37.47753],
          [-116.7046, 37.49044],
          [-116.71426, 37.49598],
          [-116.74198, 37.49242],
          [-116.76452, 37.50532],
          [-116.77419, 37.51085],
          [-116.79674, 37.52375],
          [-116.80641, 37.52928],
          [-116.82897, 37.54217],
          [-116.83864, 37.54769],
          [-116.86636, 37.54412],
          [-116.89409, 37.54054],
          [-116.90105, 37.53287],
          [-116.91729, 37.51497],
          [-116.94501, 37.51138],
          [-116.97273, 37.50779],
          [-117.00044, 37.50419],
          [-117.00739, 37.49652],
          [-117.02361, 37.47861],
          [-117.04619, 37.49147],
          [-117.05586, 37.49699],
          [-117.07845, 37.50985],
          [-117.08813, 37.51536],
          [-117.11072, 37.52821],
          [-117.11528, 37.55019],
          [-117.11984, 37.57217],
          [-117.12953, 37.57768],
          [-117.15214, 37.59052],
          [-117.15671, 37.6125],
          [-117.1664, 37.618],
          [-117.18903, 37.63084],
          [-117.19872, 37.63634],
          [-117.22646, 37.63271],
          [-117.2542, 37.62907],
          [-117.28193, 37.62543],
          [-117.30967, 37.62179],
          [-117.3374, 37.61814],
          [-117.36513, 37.61448],
          [-117.39286, 37.61082],
          [-117.42058, 37.60716],
          [-117.44831, 37.60349],
          [-117.47603, 37.59982],
          [-117.50375, 37.59614],
          [-117.51067, 37.58845],
          [-117.52682, 37.5705],
          [-117.55453, 37.56681],
          [-117.56145, 37.55911],
          [-117.57759, 37.54115],
          [-117.5845, 37.53346],
          [-117.60063, 37.51549],
          [-117.60754, 37.50779],
          [-117.62366, 37.48983],
          [-117.63056, 37.48213],
          [-117.6259, 37.46015],
          [-117.64201, 37.44218],
          [-117.64476, 37.43503],
          [-117.64424, 37.4125],
          [-117.63958, 37.39053],
          [-117.6446, 37.36725],
          [-117.65101, 37.35057],
          [-117.65791, 37.34286],
          [-117.66292, 37.31958],
          [-117.66933, 37.30289],
          [-117.67622, 37.29518],
          [-117.67156, 37.2732],
          [-117.68763, 37.25521],
          [-117.71526, 37.25149],
          [-117.74288, 37.24777],
          [-117.76549, 37.26055],
          [-117.77518, 37.26603],
          [-117.7978, 37.27881],
          [-117.80249, 37.30079],
          [-117.81219, 37.30626],
          [-117.82515, 37.32034],
          [-117.83953, 37.34101],
          [-117.84423, 37.36299],
          [-117.84893, 37.38496],
          [-117.85864, 37.39043],
          [-117.8813, 37.40319],
          [-117.89101, 37.40866],
          [-117.91866, 37.40491],
          [-117.92554, 37.3972],
          [-117.94159, 37.37919],
          [-117.96924, 37.37543],
          [-117.97612, 37.36772],
          [-117.99215, 37.3497],
          [-118.01482, 37.36245],
          [-118.02453, 37.36791],
          [-118.0472, 37.38065],
          [-118.05195, 37.40262],
          [-118.06167, 37.40807],
          [-118.07467, 37.42213],
          [-118.08911, 37.44277],
          [-118.09883, 37.44822],
          [-118.12153, 37.46095],
          [-118.13126, 37.4664],
          [-118.15396, 37.47912],
          [-118.1637, 37.48457],
          [-118.19136, 37.48078],
          [-118.21408, 37.49349],
          [-118.21886, 37.51544],
          [-118.2278, 37.53682],
          [-118.23259, 37.55877],
          [-118.23818, 37.56479],
          [-118.25123, 37.57882],
          [-118.25603, 37.60076],
          [-118.26082, 37.6227],
          [-118.26563, 37.64464],
          [-118.27643, 37.66575],
          [-118.28909, 37.68661],
          [-118.2939, 37.70854],
          [-118.29871, 37.73047],
          [-118.30491, 37.75221],
          [-118.30973, 37.77413],
          [-118.31454, 37.79606],
          [-118.31798, 37.81817],
          [-118.3228, 37.84009],
          [-118.32762, 37.86201],
          [-118.33245, 37.88392],
          [-118.33727, 37.90583],
          [-118.3421, 37.92774],
          [-118.34772, 37.93374],
          [-118.35758, 37.94819],
          [-118.36242, 37.9701],
          [-118.36726, 37.992],
          [-118.36416, 38.00822],
          [-118.36283, 38.01517],
          [-118.36767, 38.03707],
          [-118.37251, 38.05897],
          [-118.37735, 38.08087],
          [-118.38081, 38.10295],
          [-118.38565, 38.12484],
          [-118.3905, 38.14673],
          [-118.39613, 38.15272],
          [-118.40927, 38.16671],
          [-118.41413, 38.18859],
          [-118.41899, 38.21047],
          [-118.43359, 38.23102],
          [-118.43846, 38.25289],
          [-118.43357, 38.2761],
          [-118.42722, 38.29275],
          [-118.42032, 38.30046],
          [-118.42519, 38.32233],
          [-118.43005, 38.3442],
          [-118.43492, 38.36607],
          [-118.43979, 38.38793],
          [-118.44466, 38.40979],
          [-118.43977, 38.43299],
          [-118.43341, 38.44962],
          [-118.4265, 38.45733],
          [-118.43137, 38.47918],
          [-118.41524, 38.49715],
          [-118.40833, 38.50485],
          [-118.4132, 38.5267],
          [-118.41807, 38.54855],
          [-118.40192, 38.56651],
          [-118.395, 38.57421],
          [-118.39987, 38.59605],
          [-118.40475, 38.61789],
          [-118.38859, 38.63585],
          [-118.38166, 38.64354],
          [-118.38653, 38.66538],
          [-118.37036, 38.68333],
          [-118.36343, 38.69102],
          [-118.3683, 38.71285],
          [-118.35212, 38.7308],
          [-118.34519, 38.73848],
          [-118.329, 38.75642],
          [-118.32206, 38.76411],
          [-118.30587, 38.78204],
          [-118.29892, 38.78973],
          [-118.28272, 38.80766],
          [-118.27577, 38.81534],
          [-118.28063, 38.83717],
          [-118.28549, 38.85899],
          [-118.29035, 38.88081],
          [-118.30022, 38.88622],
          [-118.32325, 38.89884],
          [-118.33312, 38.90424],
          [-118.35616, 38.91686],
          [-118.36104, 38.93867],
          [-118.36592, 38.96048],
          [-118.3708, 38.98229],
          [-118.37569, 39.00409],
          [-118.37075, 39.02723],
          [-118.37564, 39.04903],
          [-118.36924, 39.06561],
          [-118.36649, 39.07272],
          [-118.37217, 39.07869],
          [-118.39525, 39.09129],
          [-118.40015, 39.11308],
          [-118.38391, 39.131],
          [-118.37695, 39.13867],
          [-118.38184, 39.16046],
          [-118.3656, 39.17837],
          [-118.35863, 39.18604],
          [-118.36353, 39.20783],
          [-118.34727, 39.22573],
          [-118.3403, 39.2334],
          [-118.34519, 39.25518],
          [-118.3551, 39.26058],
          [-118.38322, 39.25678],
          [-118.41135, 39.25299],
          [-118.43447, 39.26557],
          [-118.44438, 39.27096],
          [-118.46751, 39.28354],
          [-118.47243, 39.30531],
          [-118.47735, 39.32708],
          [-118.48228, 39.34885],
          [-118.4872, 39.37061],
          [-118.47094, 39.38851],
          [-118.46397, 39.39618],
          [-118.46889, 39.41794],
          [-118.47382, 39.4397],
          [-118.48375, 39.44508],
          [-118.49072, 39.43741],
          [-118.50699, 39.41952],
          [-118.53515, 39.41571],
          [-118.54212, 39.40803],
          [-118.55837, 39.39013],
          [-118.56533, 39.38246],
          [-118.58158, 39.36455],
          [-118.58854, 39.35687],
          [-118.60477, 39.33896],
          [-118.63291, 39.33513],
          [-118.66105, 39.33129],
          [-118.68422, 39.34384],
          [-118.69415, 39.34922],
          [-118.71733, 39.36176],
          [-118.7223, 39.38351],
          [-118.72728, 39.40527],
          [-118.73226, 39.42702],
          [-118.73724, 39.44877],
          [-118.74222, 39.47051],
          [-118.74721, 39.49226],
          [-118.75219, 39.514],
          [-118.76214, 39.51937],
          [-118.78537, 39.53189],
          [-118.79532, 39.53725],
          [-118.81855, 39.54977],
          [-118.82851, 39.55513],
          [-118.85175, 39.56764],
          [-118.85676, 39.58937],
          [-118.86673, 39.59473],
          [-118.88998, 39.60724],
          [-118.895, 39.62896],
          [-118.90003, 39.65068],
          [-118.91, 39.65604],
          [-118.93327, 39.66853],
          [-118.91704, 39.68645],
          [-118.91008, 39.69412],
          [-118.91512, 39.71584],
          [-118.92015, 39.73755],
          [-118.92518, 39.75926],
          [-118.93022, 39.78097],
          [-118.91397, 39.79888],
          [-118.90701, 39.80655],
          [-118.91204, 39.82825],
          [-118.91708, 39.84995],
          [-118.90082, 39.86785],
          [-118.89385, 39.87552],
          [-118.89888, 39.89722],
          [-118.88261, 39.91511],
          [-118.85433, 39.91897],
          [-118.84735, 39.92663],
          [-118.83106, 39.94452],
          [-118.82408, 39.95218],
          [-118.80779, 39.97006],
          [-118.8008, 39.97772],
          [-118.7845, 39.99559],
          [-118.77751, 40.00325],
          [-118.78253, 40.02494],
          [-118.78755, 40.04662],
          [-118.77124, 40.06449],
          [-118.76424, 40.07215],
          [-118.76926, 40.09383],
          [-118.75294, 40.11169],
          [-118.74594, 40.11934],
          [-118.75096, 40.14102],
          [-118.75598, 40.16269],
          [-118.761, 40.18436],
          [-118.76602, 40.20602],
          [-118.77105, 40.22769],
          [-118.7547, 40.24554],
          [-118.74769, 40.25319],
          [-118.75272, 40.27485],
          [-118.76274, 40.28019],
          [-118.78614, 40.29267],
          [-118.79117, 40.31432],
          [-118.77481, 40.33216],
          [-118.7678, 40.33981],
          [-118.77283, 40.36146],
          [-118.75647, 40.3793],
          [-118.74945, 40.38694],
          [-118.73308, 40.40477],
          [-118.72606, 40.41241],
          [-118.73108, 40.43406],
          [-118.73611, 40.4557],
          [-118.74615, 40.46104],
          [-118.76959, 40.4735],
          [-118.77963, 40.47884],
          [-118.80307, 40.4913],
          [-118.81312, 40.49664],
          [-118.83657, 40.50909],
          [-118.84163, 40.53072],
          [-118.84668, 40.55235],
          [-118.85674, 40.55768],
          [-118.88021, 40.57013],
          [-118.88528, 40.59175],
          [-118.89534, 40.59708],
          [-118.91882, 40.60951],
          [-118.9239, 40.63113],
          [-118.92898, 40.65274],
          [-118.93406, 40.67435],
          [-118.94342, 40.69538],
          [-118.94922, 40.70128],
          [-118.97273, 40.7137],
          [-118.97782, 40.73531],
          [-118.98292, 40.75691],
          [-118.98802, 40.7785],
          [-118.9981, 40.78382],
          [-119.02164, 40.79623],
          [-119.02675, 40.81782],
          [-119.02187, 40.84076],
          [-119.01546, 40.85723],
          [-119.00843, 40.86486],
          [-119.01354, 40.88644],
          [-119.02364, 40.89176],
          [-119.0472, 40.90416],
          [-119.05232, 40.92574],
          [-119.05744, 40.94731],
          [-119.06755, 40.95262],
          [-119.09113, 40.96501],
          [-119.09627, 40.98658],
          [-119.1014, 41.00815],
          [-119.10654, 41.02971],
          [-119.11167, 41.05127],
          [-119.11681, 41.07283],
          [-119.12195, 41.09439],
          [-119.13208, 41.09969],
          [-119.15571, 41.11206],
          [-119.16086, 41.13361],
          [-119.16601, 41.15516],
          [-119.17117, 41.1767],
          [-119.16631, 41.1996],
          [-119.1599, 41.21604],
          [-119.15715, 41.22308],
          [-119.15801, 41.2452],
          [-119.16317, 41.26674],
          [-119.1583, 41.28963],
          [-119.15189, 41.30605],
          [-119.14484, 41.31368],
          [-119.15, 41.3352],
          [-119.13354, 41.35298],
          [-119.12648, 41.3606],
          [-119.11002, 41.37837],
          [-119.10726, 41.38541],
          [-119.10811, 41.40751],
          [-119.11327, 41.42903],
          [-119.11843, 41.45054],
          [-119.12859, 41.45583],
          [-119.1523, 41.46818],
          [-119.15747, 41.48969],
          [-119.16264, 41.51119],
          [-119.16781, 41.5327],
          [-119.17299, 41.5542],
          [-119.17817, 41.57569],
          [-119.18335, 41.59719],
          [-119.18853, 41.61868],
          [-119.17204, 41.63643],
          [-119.16496, 41.64404],
          [-119.17015, 41.66553],
          [-119.15364, 41.68328],
          [-119.14656, 41.69088],
          [-119.15174, 41.71236],
          [-119.13522, 41.7301],
          [-119.12814, 41.73771],
          [-119.11162, 41.75544],
          [-119.08283, 41.7593],
          [-119.07574, 41.7669],
          [-119.0592, 41.78463],
          [-119.0304, 41.78848],
          [-119.02331, 41.79607],
          [-119.00675, 41.8138],
          [-118.99966, 41.82139],
          [-118.98309, 41.83911],
          [-118.97599, 41.8467],
          [-118.98114, 41.86817],
          [-118.96457, 41.88588],
          [-118.93574, 41.88971],
          [-118.92863, 41.8973],
          [-118.93378, 41.91876],
          [-118.91719, 41.93646],
          [-118.91007, 41.94404],
          [-118.91522, 41.9655],
          [-118.89862, 41.98319],
          [-118.8915, 41.99078],
          [-118.89664, 42.01223],
          [-118.88003, 42.02992],
          [-118.87291, 42.0375],
          [-118.87805, 42.05894],
          [-118.86142, 42.07662],
          [-118.8543, 42.0842],
          [-118.83766, 42.10188],
          [-118.83053, 42.10945],
          [-118.81389, 42.12712],
          [-118.78499, 42.13093],
          [-118.77785, 42.1385],
          [-118.7612, 42.15616],
          [-118.75406, 42.16373],
          [-118.75918, 42.18516],
          [-118.74251, 42.20282],
          [-118.73537, 42.21039],
          [-118.7187, 42.22804],
          [-118.71155, 42.2356],
          [-118.69487, 42.25325],
          [-118.66592, 42.25703],
          [-118.65877, 42.26459],
          [-118.64207, 42.28223],
          [-118.63491, 42.28979],
          [-118.61821, 42.30743],
          [-118.61105, 42.31499],
          [-118.59434, 42.33262],
          [-118.58717, 42.34017],
          [-118.57045, 42.3578],
          [-118.54147, 42.36156],
          [-118.5343, 42.36911],
          [-118.51756, 42.38673],
          [-118.51039, 42.39427],
          [-118.49365, 42.41189],
          [-118.48647, 42.41944],
          [-118.46972, 42.43704],
          [-118.44071, 42.44078],
          [-118.4117, 42.44452],
          [-118.38268, 42.44825],
          [-118.35367, 42.45198],
          [-118.34647, 42.45952],
          [-118.32969, 42.47711],
          [-118.3225, 42.48465],
          [-118.32754, 42.50606],
          [-118.31075, 42.52364],
          [-118.30355, 42.53117],
          [-118.28674, 42.54875],
          [-118.25845, 42.55567],
          [-118.25049, 42.56],
          [-118.23367, 42.57757],
          [-118.20461, 42.58127],
          [-118.1974, 42.5888],
          [-118.18057, 42.60636],
          [-118.1515, 42.61005],
          [-118.14428, 42.61758],
          [-118.12744, 42.63513],
          [-118.12022, 42.64266],
          [-118.10336, 42.66021],
          [-118.07428, 42.66389],
          [-118.04519, 42.66756],
          [-118.01609, 42.67123],
          [-118.00886, 42.67875],
          [-117.99198, 42.69628],
          [-117.98475, 42.7038],
          [-117.96786, 42.72133],
          [-117.93875, 42.72499],
          [-117.93151, 42.7325],
          [-117.9146, 42.75002],
          [-117.88548, 42.75367],
          [-117.85636, 42.75731],
          [-117.82723, 42.76095],
          [-117.79811, 42.76458],
          [-117.76898, 42.76821],
          [-117.73985, 42.77183],
          [-117.71071, 42.77545],
          [-117.70345, 42.78295],
          [-117.6865, 42.80045],
          [-117.65735, 42.80406],
          [-117.65008, 42.81156],
          [-117.6314, 42.82156],
          [-117.60396, 42.83265],
          [-117.57481, 42.83624],
          [-117.54565, 42.83983],
          [-117.51649, 42.84342],
          [-117.48733, 42.847],
          [-117.45889, 42.85379],
          [-117.45087, 42.85807],
          [-117.43387, 42.87553],
          [-117.40469, 42.8791],
          [-117.3974, 42.88658],
          [-117.37867, 42.89656],
          [-117.34949, 42.90012],
          [-117.3203, 42.90367],
          [-117.29281, 42.91471],
          [-117.26362, 42.91825],
          [-117.23443, 42.92179],
          [-117.22712, 42.92927],
          [-117.20837, 42.93922],
          [-117.17917, 42.94275],
          [-117.14996, 42.94628],
          [-117.12076, 42.9498],
          [-117.09155, 42.95332],
          [-117.06234, 42.95683],
          [-117.03313, 42.96034],
          [-117.00391, 42.96384],
          [-116.97469, 42.96734],
          [-116.95257, 42.9623],
          [-116.94309, 42.96014],
          [-116.91316, 42.96043],
          [-116.88394, 42.96391],
          [-116.85472, 42.96739],
          [-116.82384, 42.96338],
          [-116.79461, 42.96685],
          [-116.76705, 42.9778],
          [-116.73782, 42.98126],
          [-116.70929, 42.98792],
          [-116.68006, 42.99138],
          [-116.65082, 42.99482],
          [-116.64276, 42.99906],
          [-116.62394, 43.00896],
          [-116.5947, 43.01239],
          [-116.56545, 43.01583],
          [-116.53784, 43.02674],
          [-116.50859, 43.03016],
          [-116.47934, 43.03358],
          [-116.45008, 43.037],
          [-116.42083, 43.04041],
          [-116.39157, 43.04381],
          [-116.36231, 43.04721],
          [-116.35492, 43.05464],
          [-116.33606, 43.06451],
          [-116.30842, 43.07538],
          [-116.28468, 43.06278],
          [-116.27451, 43.05738],
          [-116.24524, 43.06076],
          [-116.21597, 43.06414],
          [-116.1867, 43.06751],
          [-116.15742, 43.07088],
          [-116.12814, 43.07424],
          [-116.12074, 43.08167],
          [-116.10346, 43.09899],
          [-116.07417, 43.10234],
          [-116.06676, 43.10976],
          [-116.04786, 43.11959],
          [-116.02575, 43.11444],
          [-116.01559, 43.10903],
          [-115.9863, 43.11237],
          [-115.957, 43.11571],
          [-115.9333, 43.10307],
          [-115.92315, 43.09765],
          [-115.89946, 43.085],
          [-115.89491, 43.06361],
          [-115.88476, 43.05819],
          [-115.86108, 43.04554],
          [-115.85093, 43.04011],
          [-115.82166, 43.04343],
          [-115.81423, 43.05084],
          [-115.7969, 43.06814],
          [-115.76761, 43.07144],
          [-115.74395, 43.05877],
          [-115.73381, 43.05334],
          [-115.71015, 43.04067],
          [-115.70002, 43.03524],
          [-115.67637, 43.02256],
          [-115.67187, 43.00115],
          [-115.66737, 42.97975],
          [-115.65724, 42.97431],
          [-115.63362, 42.96162],
          [-115.62349, 42.95618],
          [-115.59423, 42.95946],
          [-115.56497, 42.96274],
          [-115.54135, 42.95004],
          [-115.53124, 42.94459],
          [-115.50197, 42.94786],
          [-115.47271, 42.95112],
          [-115.44189, 42.94688],
          [-115.41985, 42.94166],
          [-115.41041, 42.93942],
          [-115.38048, 42.93945],
          [-115.35121, 42.9427],
          [-115.3204, 42.93844],
          [-115.29268, 42.94917],
          [-115.26341, 42.9524],
          [-115.23414, 42.95562],
          [-115.20333, 42.95134],
          [-115.1813, 42.94609],
          [-115.17186, 42.94384],
          [-115.14193, 42.94384],
          [-115.11266, 42.94704],
          [-115.08338, 42.95024],
          [-115.0541, 42.95344],
          [-115.02548, 42.95984],
          [-115.01735, 42.96401],
          [-114.99837, 42.97374],
          [-114.97061, 42.98442],
          [-114.94131, 42.9876],
          [-114.91051, 42.98327],
          [-114.88121, 42.98644],
          [-114.85919, 42.98116],
          [-114.84976, 42.97889],
          [-114.82047, 42.98205],
          [-114.79052, 42.98199],
          [-114.76123, 42.98513],
          [-114.73043, 42.98078],
          [-114.70113, 42.98392],
          [-114.67912, 42.97861],
          [-114.66969, 42.97633],
          [-114.64039, 42.97946],
          [-114.61045, 42.97937],
          [-114.58115, 42.98249],
          [-114.55185, 42.98561],
          [-114.52106, 42.98122],
          [-114.49906, 42.97589],
          [-114.48963, 42.9736],
          [-114.45969, 42.97349],
          [-114.43103, 42.9798],
          [-114.40172, 42.98289],
          [-114.39356, 42.98703],
          [-114.37452, 42.9967],
          [-114.34668, 43.00728],
          [-114.31736, 43.01036],
          [-114.28804, 43.01344],
          [-114.28051, 43.02079],
          [-114.26292, 43.03794],
          [-114.23359, 43.04101],
          [-114.20426, 43.04406],
          [-114.17492, 43.04712],
          [-114.14559, 43.05017],
          [-114.11625, 43.05321],
          [-114.08692, 43.05626],
          [-114.07936, 43.0636],
          [-114.06173, 43.08073],
          [-114.03238, 43.08376],
          [-114.00365, 43.09],
          [-113.99547, 43.09412],
          [-113.97637, 43.10374],
          [-113.94846, 43.11426],
          [-113.91971, 43.12049],
          [-113.91152, 43.1246],
          [-113.89241, 43.13421],
          [-113.86304, 43.13721],
          [-113.83511, 43.14771],
          [-113.80635, 43.15392],
          [-113.79815, 43.15804],
          [-113.77902, 43.16763],
          [-113.75107, 43.17811],
          [-113.72168, 43.18109],
          [-113.69229, 43.18407],
          [-113.66291, 43.18704],
          [-113.65531, 43.19436],
          [-113.63758, 43.21144],
          [-113.60818, 43.2144],
          [-113.57878, 43.21735],
          [-113.54938, 43.22031],
          [-113.54177, 43.22762],
          [-113.52401, 43.24468],
          [-113.4946, 43.24762],
          [-113.46519, 43.25056],
          [-113.43577, 43.2535],
          [-113.40635, 43.25643],
          [-113.39873, 43.26373],
          [-113.38095, 43.28077],
          [-113.35152, 43.28369],
          [-113.34389, 43.291],
          [-113.32609, 43.30803],
          [-113.31846, 43.31533],
          [-113.30065, 43.33236],
          [-113.29302, 43.33966],
          [-113.2752, 43.35668],
          [-113.24575, 43.35959],
          [-113.21629, 43.36248],
          [-113.20865, 43.36978],
          [-113.19081, 43.38679],
          [-113.16135, 43.38968],
          [-113.13188, 43.39256],
          [-113.10241, 43.39544],
          [-113.07294, 43.39831],
          [-113.04347, 43.40118],
          [-113.014, 43.40405],
          [-113.00634, 43.41133],
          [-112.98846, 43.42832],
          [-112.95897, 43.43118],
          [-112.92949, 43.43403],
          [-112.9, 43.43687],
          [-112.8711, 43.44293],
          [-112.84161, 43.44576],
          [-112.83334, 43.44982],
          [-112.81406, 43.4593],
          [-112.78457, 43.46213],
          [-112.75643, 43.47244],
          [-112.72692, 43.47526],
          [-112.69742, 43.47807],
          [-112.66791, 43.48088],
          [-112.6384, 43.48369],
          [-112.60889, 43.48649],
          [-112.57938, 43.48928],
          [-112.54987, 43.49207],
          [-112.52035, 43.49485],
          [-112.49084, 43.49763],
          [-112.46132, 43.50041],
          [-112.4318, 43.50318],
          [-112.40228, 43.50595],
          [-112.37275, 43.50871],
          [-112.34323, 43.51147],
          [-112.3137, 43.51422],
          [-112.28417, 43.51696],
          [-112.25464, 43.51971],
          [-112.22511, 43.52245],
          [-112.2018, 43.50937],
          [-112.19181, 43.50376],
          [-112.16229, 43.50649],
          [-112.13276, 43.50921],
          [-112.10322, 43.51193],
          [-112.07369, 43.51465],
          [-112.04416, 43.51736],
          [-112.02087, 43.50426],
          [-112.01145, 43.50185],
          [-112.00315, 43.50588],
          [-112, 43.5074]
        ]
      }
    },
    {
      "type": "Feature",
      "id": "2026082406_f006_14000_001",
      "properties": {
        "product_id": "winter_storm_levels",
        "source_id": "nbm_snow_level",
        "parameter": "snow_level",
        "definition": "height of the wet-bulb 0.5 degree C surface",
        "level_ft_msl": 14000,
        "label": "14,000 ft MSL",
        "unit": "ft_msl",
        "cycle_time_utc": "2026-08-24T06:00:00Z",
        "valid_time_utc": "2026-08-24T12:00:00Z",
        "lead_hours": 6,
        "segment": 1,
        "length_m": 31024.8
      },
      "geometry": {
        "type": "LineString",
        "coordinates": [
          [-112, 40.30636],
          [-112.00152, 40.30725],
          [-112.02085, 40.31869],
          [-112.02447, 40.34051],
          [-112.03736, 40.34813],
          [-112.0567, 40.35957],
          [-112.06033, 40.38138],
          [-112.07323, 40.389],
          [-112.09258, 40.40042],
          [-112.09621, 40.42223],
          [-112.09985, 40.44403],
          [-112.10348, 40.46583],
          [-112.08847, 40.48057],
          [-112.05981, 40.48333],
          [-112.03115, 40.48608],
          [-112.00249, 40.48884],
          [-112, 40.48907]
        ]
      }
    },
    {
      "type": "Feature",
      "id": "2026082406_f006_14000_002",
      "properties": {
        "product_id": "winter_storm_levels",
        "source_id": "nbm_snow_level",
        "parameter": "snow_level",
        "definition": "height of the wet-bulb 0.5 degree C surface",
        "level_ft_msl": 14000,
        "label": "14,000 ft MSL",
        "unit": "ft_msl",
        "cycle_time_utc": "2026-08-24T06:00:00Z",
        "valid_time_utc": "2026-08-24T12:00:00Z",
        "lead_hours": 6,
        "segment": 2,
        "length_m": 115500.7
      },
      "geometry": {
        "type": "LineString",
        "coordinates": [
          [-112.83805, 37.6704],
          [-112.83436, 37.64833],
          [-112.82173, 37.64067],
          [-112.8028, 37.62917],
          [-112.79912, 37.6071],
          [-112.79544, 37.58502],
          [-112.78282, 37.57735],
          [-112.7639, 37.56585],
          [-112.76023, 37.54377],
          [-112.74763, 37.5361],
          [-112.72872, 37.52459],
          [-112.71612, 37.51692],
          [-112.69721, 37.50541],
          [-112.68462, 37.49773],
          [-112.66572, 37.48622],
          [-112.65313, 37.47854],
          [-112.64345, 37.48853],
          [-112.62893, 37.50352],
          [-112.61925, 37.51351],
          [-112.60472, 37.5285],
          [-112.59503, 37.53848],
          [-112.59867, 37.56057],
          [-112.58413, 37.57555],
          [-112.57444, 37.58554],
          [-112.57807, 37.60762],
          [-112.58171, 37.6297],
          [-112.58535, 37.65178],
          [-112.5708, 37.66675],
          [-112.56109, 37.67673],
          [-112.54654, 37.6917],
          [-112.53683, 37.70168],
          [-112.54046, 37.72375],
          [-112.54409, 37.74582],
          [-112.52952, 37.76078],
          [-112.51981, 37.77076],
          [-112.52344, 37.79282],
          [-112.53606, 37.8005],
          [-112.55499, 37.81202],
          [-112.55863, 37.83408],
          [-112.57126, 37.84175],
          [-112.59021, 37.85326],
          [-112.60284, 37.86094],
          [-112.62179, 37.87244],
          [-112.63443, 37.88011],
          [-112.64415, 37.87013],
          [-112.65871, 37.85517],
          [-112.66842, 37.84519],
          [-112.68298, 37.83022],
          [-112.69269, 37.82024],
          [-112.68903, 37.79818],
          [-112.70358, 37.7832],
          [-112.71328, 37.77322],
          [-112.72782, 37.75824],
          [-112.75573, 37.75533],
          [-112.78363, 37.75242],
          [-112.79332, 37.74243],
          [-112.80785, 37.72745],
          [-112.81754, 37.71745],
          [-112.81385, 37.69539],
          [-112.82837, 37.6804],
          [-112.83805, 37.6704]
        ]
      }
    },
    {
      "type": "Feature",
      "id": "2026082406_f006_14000_003",
      "properties": {
        "product_id": "winter_storm_levels",
        "source_id": "nbm_snow_level",
        "parameter": "snow_level",
        "definition": "height of the wet-bulb 0.5 degree C surface",
        "level_ft_msl": 14000,
        "label": "14,000 ft MSL",
        "unit": "ft_msl",
        "cycle_time_utc": "2026-08-24T06:00:00Z",
        "valid_time_utc": "2026-08-24T12:00:00Z",
        "lead_hours": 6,
        "segment": 3,
        "length_m": 22252.1
      },
      "geometry": {
        "type": "LineString",
        "coordinates": [
          [-113.10946, 30.45801],
          [-113.09588, 30.47335],
          [-113.08683, 30.48357],
          [-113.09034, 30.5061],
          [-113.07675, 30.52143],
          [-113.05896, 30.50973],
          [-113.05545, 30.4872],
          [-113.05195, 30.46466],
          [-113.06553, 30.44933],
          [-113.09167, 30.44631],
          [-113.10946, 30.45801]
        ]
      }
    },
    {
      "type": "Feature",
      "id": "2026082406_f006_14000_004",
      "properties": {
        "product_id": "winter_storm_levels",
        "source_id": "nbm_snow_level",
        "parameter": "snow_level",
        "definition": "height of the wet-bulb 0.5 degree C surface",
        "level_ft_msl": 14000,
        "label": "14,000 ft MSL",
        "unit": "ft_msl",
        "cycle_time_utc": "2026-08-24T06:00:00Z",
        "valid_time_utc": "2026-08-24T12:00:00Z",
        "lead_hours": 6,
        "segment": 4,
        "length_m": 666663
      },
      "geometry": {
        "type": "LineString",
        "coordinates": [
          [-113.41605, 30.07507],
          [-113.41649, 30.07783],
          [-113.42005, 30.10037],
          [-113.42361, 30.12291],
          [-113.41462, 30.13316],
          [-113.40112, 30.14853],
          [-113.40468, 30.17106],
          [-113.39567, 30.18131],
          [-113.38216, 30.19668],
          [-113.38572, 30.21921],
          [-113.37671, 30.22945],
          [-113.3632, 30.24482],
          [-113.36675, 30.26735],
          [-113.37031, 30.28988],
          [-113.37387, 30.31242],
          [-113.37743, 30.33495],
          [-113.38099, 30.35748],
          [-113.38455, 30.38001],
          [-113.38812, 30.40253],
          [-113.40593, 30.4142],
          [-113.4178, 30.42198],
          [-113.42138, 30.44451],
          [-113.42495, 30.46703],
          [-113.44277, 30.4787],
          [-113.45466, 30.48647],
          [-113.47249, 30.49814],
          [-113.49863, 30.49505],
          [-113.51052, 30.50282],
          [-113.52836, 30.51447],
          [-113.5545, 30.51137],
          [-113.58064, 30.50827],
          [-113.60677, 30.50516],
          [-113.63291, 30.50205],
          [-113.65904, 30.49893],
          [-113.67095, 30.50669],
          [-113.6888, 30.51833],
          [-113.71494, 30.5152],
          [-113.74107, 30.51207],
          [-113.76721, 30.50894],
          [-113.79334, 30.5058],
          [-113.81947, 30.50266],
          [-113.83138, 30.5104],
          [-113.84926, 30.52202],
          [-113.87539, 30.51887],
          [-113.88731, 30.52661],
          [-113.90519, 30.53822],
          [-113.91711, 30.54596],
          [-113.935, 30.55757],
          [-113.94692, 30.56531],
          [-113.9506, 30.58782],
          [-113.9685, 30.59942],
          [-113.99464, 30.59625],
          [-114.02079, 30.59307],
          [-114.04693, 30.58989],
          [-114.07308, 30.58671],
          [-114.08502, 30.59443],
          [-114.10293, 30.60602],
          [-114.12907, 30.60283],
          [-114.14101, 30.61055],
          [-114.15893, 30.62213],
          [-114.18508, 30.61893],
          [-114.21123, 30.61572],
          [-114.22318, 30.62343],
          [-114.24111, 30.635],
          [-114.25306, 30.64272],
          [-114.2568, 30.66522],
          [-114.27474, 30.67678],
          [-114.2867, 30.68449],
          [-114.29045, 30.70699],
          [-114.2942, 30.72948],
          [-114.29795, 30.75198],
          [-114.28898, 30.76226],
          [-114.27552, 30.77769],
          [-114.27927, 30.80018],
          [-114.28302, 30.82267],
          [-114.27404, 30.83296],
          [-114.26057, 30.84838],
          [-114.26432, 30.87087],
          [-114.25534, 30.88115],
          [-114.24186, 30.89657],
          [-114.24561, 30.91906],
          [-114.24935, 30.94155],
          [-114.24037, 30.95183],
          [-114.22688, 30.96725],
          [-114.21789, 30.97752],
          [-114.2044, 30.99294],
          [-114.1954, 31.00322],
          [-114.1819, 31.01863],
          [-114.1729, 31.0289],
          [-114.1594, 31.04431],
          [-114.16313, 31.0668],
          [-114.15413, 31.07707],
          [-114.14061, 31.09248],
          [-114.1316, 31.10275],
          [-114.11809, 31.11815],
          [-114.12182, 31.14063],
          [-114.12555, 31.16311],
          [-114.14355, 31.17468],
          [-114.15555, 31.1824],
          [-114.17356, 31.19396],
          [-114.19984, 31.19076],
          [-114.22611, 31.18755],
          [-114.23812, 31.19526],
          [-114.25614, 31.20682],
          [-114.26815, 31.21452],
          [-114.27191, 31.237],
          [-114.2629, 31.24727],
          [-114.24939, 31.26268],
          [-114.25315, 31.28515],
          [-114.25691, 31.30762],
          [-114.27494, 31.31918],
          [-114.30125, 31.31596],
          [-114.32755, 31.31274],
          [-114.33958, 31.32043],
          [-114.34335, 31.3429],
          [-114.34713, 31.36537],
          [-114.35091, 31.38783],
          [-114.3547, 31.41029],
          [-114.34568, 31.42057],
          [-114.33215, 31.43598],
          [-114.32314, 31.44626],
          [-114.3096, 31.46167],
          [-114.30058, 31.47194],
          [-114.27424, 31.47516],
          [-114.2607, 31.49057],
          [-114.26447, 31.51303],
          [-114.25544, 31.5233],
          [-114.24189, 31.5387],
          [-114.23285, 31.54897],
          [-114.21929, 31.56436],
          [-114.21026, 31.57463],
          [-114.19669, 31.59003],
          [-114.18765, 31.60029],
          [-114.16128, 31.60349],
          [-114.13491, 31.60668],
          [-114.12133, 31.62207],
          [-114.11228, 31.63233],
          [-114.0859, 31.63552],
          [-114.05952, 31.6387],
          [-114.04748, 31.63098],
          [-114.02941, 31.61941],
          [-114.01737, 31.6117],
          [-113.99932, 31.60012],
          [-113.97294, 31.60329],
          [-113.94657, 31.60645],
          [-113.93453, 31.59873],
          [-113.91648, 31.58714],
          [-113.89011, 31.5903],
          [-113.86374, 31.59344],
          [-113.85171, 31.58572],
          [-113.84802, 31.56325],
          [-113.82999, 31.55165],
          [-113.81797, 31.54392],
          [-113.81428, 31.52145],
          [-113.8106, 31.49898],
          [-113.81967, 31.48873],
          [-113.84602, 31.48559],
          [-113.85962, 31.47022],
          [-113.86868, 31.45997],
          [-113.89503, 31.45682],
          [-113.90704, 31.46455],
          [-113.92507, 31.47614],
          [-113.95142, 31.47298],
          [-113.97776, 31.46982],
          [-114.00411, 31.46665],
          [-114.01768, 31.45126],
          [-114.02673, 31.44101],
          [-114.04029, 31.42562],
          [-114.04934, 31.41536],
          [-114.0629, 31.39997],
          [-114.07194, 31.38971],
          [-114.08549, 31.37432],
          [-114.08176, 31.35185],
          [-114.06374, 31.34027],
          [-114.03743, 31.34345],
          [-114.01111, 31.34663],
          [-113.9848, 31.3498],
          [-113.95848, 31.35296],
          [-113.93216, 31.35612],
          [-113.90584, 31.35928],
          [-113.89383, 31.35155],
          [-113.87583, 31.33996],
          [-113.84951, 31.3431],
          [-113.83751, 31.33537],
          [-113.81952, 31.32377],
          [-113.7932, 31.32691],
          [-113.7812, 31.31917],
          [-113.76322, 31.30756],
          [-113.75123, 31.29982],
          [-113.73324, 31.28821],
          [-113.72126, 31.28046],
          [-113.70328, 31.26885],
          [-113.6913, 31.2611],
          [-113.67333, 31.24948],
          [-113.66135, 31.24173],
          [-113.65771, 31.21924],
          [-113.63974, 31.20762],
          [-113.62777, 31.19987],
          [-113.62414, 31.17738],
          [-113.6205, 31.15489],
          [-113.60256, 31.14326],
          [-113.57628, 31.14636],
          [-113.54999, 31.14946],
          [-113.52371, 31.15255],
          [-113.49743, 31.15564],
          [-113.47114, 31.15873],
          [-113.44485, 31.16181],
          [-113.4329, 31.15405],
          [-113.4293, 31.13155],
          [-113.42571, 31.10905],
          [-113.43478, 31.09882],
          [-113.44839, 31.08347],
          [-113.45745, 31.07324],
          [-113.47105, 31.05789],
          [-113.48012, 31.04766],
          [-113.49371, 31.03231],
          [-113.49011, 31.00981],
          [-113.49917, 30.99957],
          [-113.51276, 30.98422],
          [-113.52181, 30.97398],
          [-113.53539, 30.95862],
          [-113.54444, 30.94838],
          [-113.55802, 30.93302],
          [-113.56706, 30.92278],
          [-113.58063, 30.90742],
          [-113.58967, 30.89717],
          [-113.60324, 30.88181],
          [-113.59962, 30.8593],
          [-113.58172, 30.84766],
          [-113.56979, 30.8399],
          [-113.55189, 30.82826],
          [-113.53996, 30.82049],
          [-113.52208, 30.80885],
          [-113.49587, 30.81194],
          [-113.48395, 30.80417],
          [-113.48035, 30.78166],
          [-113.47676, 30.75915],
          [-113.45889, 30.74749],
          [-113.43269, 30.75058],
          [-113.41912, 30.76593],
          [-113.41008, 30.77617],
          [-113.3965, 30.79152],
          [-113.41437, 30.80318],
          [-113.42629, 30.81095],
          [-113.44417, 30.82261],
          [-113.47038, 30.81953],
          [-113.4823, 30.8273],
          [-113.47325, 30.83754],
          [-113.45968, 30.85289],
          [-113.46327, 30.8754],
          [-113.45422, 30.88564],
          [-113.44064, 30.90099],
          [-113.43158, 30.91122],
          [-113.40535, 30.9143],
          [-113.37911, 30.91737],
          [-113.36719, 30.9096],
          [-113.34931, 30.89793],
          [-113.33739, 30.89015],
          [-113.33382, 30.86764],
          [-113.33025, 30.84513],
          [-113.32668, 30.82262],
          [-113.30882, 30.81095],
          [-113.2826, 30.81401],
          [-113.2707, 30.80622],
          [-113.25284, 30.79454],
          [-113.22663, 30.79759],
          [-113.20041, 30.80064],
          [-113.18851, 30.79284],
          [-113.17066, 30.78116],
          [-113.15877, 30.77336],
          [-113.14093, 30.76167],
          [-113.12903, 30.75388],
          [-113.1112, 30.74218],
          [-113.09931, 30.73438],
          [-113.09579, 30.71186],
          [-113.07796, 30.70016],
          [-113.06608, 30.69236],
          [-113.06257, 30.66984],
          [-113.05906, 30.64731],
          [-113.05555, 30.62479],
          [-113.05205, 30.60226],
          [-113.04854, 30.57973],
          [-113.03074, 30.56802],
          [-113.00457, 30.57104],
          [-112.99271, 30.56323],
          [-112.97492, 30.55151],
          [-112.94875, 30.55452],
          [-112.92259, 30.55751],
          [-112.91073, 30.5497],
          [-112.90725, 30.52717],
          [-112.90378, 30.50463],
          [-112.90031, 30.4821],
          [-112.88253, 30.47037],
          [-112.87069, 30.46255],
          [-112.86722, 30.44001],
          [-112.86376, 30.41748],
          [-112.86029, 30.39494],
          [-112.85683, 30.3724],
          [-112.85337, 30.34985],
          [-112.84991, 30.32731],
          [-112.85898, 30.3171],
          [-112.87257, 30.30178],
          [-112.8691, 30.27924],
          [-112.86564, 30.2567],
          [-112.86219, 30.23415],
          [-112.84446, 30.22241],
          [-112.83264, 30.21459],
          [-112.82919, 30.19204],
          [-112.82574, 30.16949],
          [-112.83479, 30.15928],
          [-112.84836, 30.14396],
          [-112.85741, 30.13375],
          [-112.88348, 30.13076],
          [-112.90955, 30.12776],
          [-112.92312, 30.11243],
          [-112.91965, 30.08989],
          [-112.90194, 30.07815],
          [-112.89013, 30.07033],
          [-112.88679, 30.04852]
        ]
      }
    },
    {
      "type": "Feature",
      "id": "2026082406_f006_14000_005",
      "properties": {
        "product_id": "winter_storm_levels",
        "source_id": "nbm_snow_level",
        "parameter": "snow_level",
        "definition": "height of the wet-bulb 0.5 degree C surface",
        "level_ft_msl": 14000,
        "label": "14,000 ft MSL",
        "unit": "ft_msl",
        "cycle_time_utc": "2026-08-24T06:00:00Z",
        "valid_time_utc": "2026-08-24T12:00:00Z",
        "lead_hours": 6,
        "segment": 5,
        "length_m": 34408.9
      },
      "geometry": {
        "type": "LineString",
        "coordinates": [
          [-113.98056, 31.22652],
          [-113.97686, 31.20404],
          [-113.95887, 31.19245],
          [-113.94687, 31.18472],
          [-113.92889, 31.17313],
          [-113.90261, 31.17628],
          [-113.87633, 31.17944],
          [-113.86277, 31.19482],
          [-113.86645, 31.2173],
          [-113.87013, 31.23978],
          [-113.88812, 31.25138],
          [-113.90012, 31.25911],
          [-113.91811, 31.27071],
          [-113.94441, 31.26755],
          [-113.95797, 31.25216],
          [-113.96701, 31.24191],
          [-113.98056, 31.22652]
        ]
      }
    },
    {
      "type": "Feature",
      "id": "2026082406_f006_14000_006",
      "properties": {
        "product_id": "winter_storm_levels",
        "source_id": "nbm_snow_level",
        "parameter": "snow_level",
        "definition": "height of the wet-bulb 0.5 degree C surface",
        "level_ft_msl": 14000,
        "label": "14,000 ft MSL",
        "unit": "ft_msl",
        "cycle_time_utc": "2026-08-24T06:00:00Z",
        "valid_time_utc": "2026-08-24T12:00:00Z",
        "lead_hours": 6,
        "segment": 6,
        "length_m": 85599
      },
      "geometry": {
        "type": "LineString",
        "coordinates": [
          [-113.99766, 34.92245],
          [-113.99383, 34.90019],
          [-113.98144, 34.89253],
          [-113.96286, 34.88105],
          [-113.95047, 34.8734],
          [-113.93189, 34.86191],
          [-113.92027, 34.85871],
          [-113.89312, 34.86184],
          [-113.86522, 34.86051],
          [-113.86131, 34.87004],
          [-113.85968, 34.89294],
          [-113.86348, 34.91521],
          [-113.84947, 34.93044],
          [-113.84012, 34.9406],
          [-113.8261, 34.95583],
          [-113.79893, 34.95894],
          [-113.78957, 34.96909],
          [-113.79336, 34.99135],
          [-113.79716, 35.01362],
          [-113.80955, 35.02128],
          [-113.82814, 35.03278],
          [-113.83194, 35.05504],
          [-113.84434, 35.0627],
          [-113.86295, 35.07418],
          [-113.86676, 35.09644],
          [-113.87916, 35.1041],
          [-113.89778, 35.11558],
          [-113.91019, 35.12323],
          [-113.91954, 35.11308],
          [-113.91572, 35.09082],
          [-113.9119, 35.06857],
          [-113.90808, 35.04631],
          [-113.89568, 35.03865],
          [-113.87708, 35.02717],
          [-113.87327, 35.0049],
          [-113.86946, 34.98264],
          [-113.88348, 34.96741],
          [-113.89283, 34.95725],
          [-113.90684, 34.94201],
          [-113.93401, 34.93889],
          [-113.96117, 34.93575],
          [-113.98833, 34.93262],
          [-113.99766, 34.92245]
        ]
      }
    },
    {
      "type": "Feature",
      "id": "2026082406_f006_14000_007",
      "properties": {
        "product_id": "winter_storm_levels",
        "source_id": "nbm_snow_level",
        "parameter": "snow_level",
        "definition": "height of the wet-bulb 0.5 degree C surface",
        "level_ft_msl": 14000,
        "label": "14,000 ft MSL",
        "unit": "ft_msl",
        "cycle_time_utc": "2026-08-24T06:00:00Z",
        "valid_time_utc": "2026-08-24T12:00:00Z",
        "lead_hours": 6,
        "segment": 7,
        "length_m": 10752.4
      },
      "geometry": {
        "type": "LineString",
        "coordinates": [
          [-114.39953, 31.19839],
          [-114.39053, 31.20867],
          [-114.36426, 31.21191],
          [-114.35224, 31.20421],
          [-114.36123, 31.19393],
          [-114.3875, 31.19069],
          [-114.39953, 31.19839]
        ]
      }
    },
    {
      "type": "Feature",
      "id": "2026082406_f006_14000_008",
      "properties": {
        "product_id": "winter_storm_levels",
        "source_id": "nbm_snow_level",
        "parameter": "snow_level",
        "definition": "height of the wet-bulb 0.5 degree C surface",
        "level_ft_msl": 14000,
        "label": "14,000 ft MSL",
        "unit": "ft_msl",
        "cycle_time_utc": "2026-08-24T06:00:00Z",
        "valid_time_utc": "2026-08-24T12:00:00Z",
        "lead_hours": 6,
        "segment": 8,
        "length_m": 92580
      },
      "geometry": {
        "type": "LineString",
        "coordinates": [
          [-114.56231, 37.00746],
          [-114.55829, 36.98537],
          [-114.54563, 36.97781],
          [-114.52663, 36.96648],
          [-114.52262, 36.94439],
          [-114.50995, 36.93683],
          [-114.49096, 36.92549],
          [-114.47831, 36.91793],
          [-114.45932, 36.90659],
          [-114.44667, 36.89902],
          [-114.4277, 36.88768],
          [-114.42371, 36.86557],
          [-114.41106, 36.858],
          [-114.3921, 36.84665],
          [-114.38812, 36.82454],
          [-114.37548, 36.81697],
          [-114.35653, 36.80561],
          [-114.34389, 36.79804],
          [-114.31628, 36.80121],
          [-114.30681, 36.81133],
          [-114.31078, 36.83344],
          [-114.31474, 36.85555],
          [-114.32738, 36.86312],
          [-114.34634, 36.87448],
          [-114.35031, 36.89659],
          [-114.35428, 36.91869],
          [-114.36693, 36.92626],
          [-114.38591, 36.93761],
          [-114.39856, 36.94518],
          [-114.42621, 36.94199],
          [-114.45386, 36.9388],
          [-114.47285, 36.95015],
          [-114.47685, 36.97224],
          [-114.48085, 36.99434],
          [-114.46665, 37.00951],
          [-114.45718, 37.01962],
          [-114.46118, 37.04171],
          [-114.46518, 37.0638],
          [-114.47786, 37.07136],
          [-114.49687, 37.08269],
          [-114.50955, 37.09025],
          [-114.53723, 37.08704],
          [-114.5467, 37.07693],
          [-114.54268, 37.05484],
          [-114.53866, 37.03276],
          [-114.55285, 37.01758],
          [-114.56231, 37.00746]
        ]
      }
    },
    {
      "type": "Feature",
      "id": "2026082406_f006_14000_009",
      "properties": {
        "product_id": "winter_storm_levels",
        "source_id": "nbm_snow_level",
        "parameter": "snow_level",
        "definition": "height of the wet-bulb 0.5 degree C surface",
        "level_ft_msl": 14000,
        "label": "14,000 ft MSL",
        "unit": "ft_msl",
        "cycle_time_utc": "2026-08-24T06:00:00Z",
        "valid_time_utc": "2026-08-24T12:00:00Z",
        "lead_hours": 6,
        "segment": 9,
        "length_m": 42874.7
      },
      "geometry": {
        "type": "LineString",
        "coordinates": [
          [-115.45966, 33.83496],
          [-115.45557, 33.81266],
          [-115.45149, 33.79035],
          [-115.44741, 33.76804],
          [-115.44333, 33.74573],
          [-115.43097, 33.73816],
          [-115.40414, 33.74155],
          [-115.37731, 33.74493],
          [-115.35047, 33.74831],
          [-115.34136, 33.75858],
          [-115.34542, 33.78089],
          [-115.33175, 33.7963],
          [-115.32263, 33.80658],
          [-115.32669, 33.82889],
          [-115.33905, 33.83646],
          [-115.3576, 33.84782],
          [-115.36997, 33.85539],
          [-115.39683, 33.85201],
          [-115.42369, 33.84863],
          [-115.45055, 33.84524],
          [-115.45966, 33.83496]
        ]
      }
    },
    {
      "type": "Feature",
      "id": "2026082406_f006_14000_010",
      "properties": {
        "product_id": "winter_storm_levels",
        "source_id": "nbm_snow_level",
        "parameter": "snow_level",
        "definition": "height of the wet-bulb 0.5 degree C surface",
        "level_ft_msl": 14000,
        "label": "14,000 ft MSL",
        "unit": "ft_msl",
        "cycle_time_utc": "2026-08-24T06:00:00Z",
        "valid_time_utc": "2026-08-24T12:00:00Z",
        "lead_hours": 6,
        "segment": 10,
        "length_m": 50395.4
      },
      "geometry": {
        "type": "LineString",
        "coordinates": [
          [-115.55326, 33.29778],
          [-115.54918, 33.27544],
          [-115.5451, 33.25311],
          [-115.53278, 33.24553],
          [-115.50607, 33.24894],
          [-115.47936, 33.25234],
          [-115.45264, 33.25574],
          [-115.44358, 33.26604],
          [-115.42998, 33.28148],
          [-115.42092, 33.29177],
          [-115.40731, 33.30721],
          [-115.39824, 33.3175],
          [-115.38463, 33.33293],
          [-115.37556, 33.34322],
          [-115.37961, 33.36555],
          [-115.39193, 33.37314],
          [-115.41041, 33.3845],
          [-115.42273, 33.39208],
          [-115.44948, 33.38869],
          [-115.47541, 33.38083],
          [-115.48529, 33.375],
          [-115.49889, 33.35956],
          [-115.50796, 33.34926],
          [-115.52155, 33.33382],
          [-115.53061, 33.32352],
          [-115.5442, 33.30808],
          [-115.55326, 33.29778]
        ]
      }
    },
    {
      "type": "Feature",
      "id": "2026082406_f006_14000_011",
      "properties": {
        "product_id": "winter_storm_levels",
        "source_id": "nbm_snow_level",
        "parameter": "snow_level",
        "definition": "height of the wet-bulb 0.5 degree C surface",
        "level_ft_msl": 14000,
        "label": "14,000 ft MSL",
        "unit": "ft_msl",
        "cycle_time_utc": "2026-08-24T06:00:00Z",
        "valid_time_utc": "2026-08-24T12:00:00Z",
        "lead_hours": 6,
        "segment": 11,
        "length_m": 29318
      },
      "geometry": {
        "type": "LineString",
        "coordinates": [
          [-115.93137, 33.2719],
          [-115.92722, 33.24957],
          [-115.92306, 33.22724],
          [-115.91072, 33.2197],
          [-115.88403, 33.22317],
          [-115.85733, 33.22664],
          [-115.84831, 33.23695],
          [-115.83477, 33.25243],
          [-115.82574, 33.26274],
          [-115.82988, 33.28507],
          [-115.84222, 33.29262],
          [-115.86893, 33.28916],
          [-115.89564, 33.28569],
          [-115.92235, 33.28222],
          [-115.93137, 33.2719]
        ]
      }
    },
    {
      "type": "Feature",
      "id": "2026082406_f006_14000_012",
      "properties": {
        "product_id": "winter_storm_levels",
        "source_id": "nbm_snow_level",
        "parameter": "snow_level",
        "definition": "height of the wet-bulb 0.5 degree C surface",
        "level_ft_msl": 14000,
        "label": "14,000 ft MSL",
        "unit": "ft_msl",
        "cycle_time_utc": "2026-08-24T06:00:00Z",
        "valid_time_utc": "2026-08-24T12:00:00Z",
        "lead_hours": 6,
        "segment": 12,
        "length_m": 79953.4
      },
      "geometry": {
        "type": "LineString",
        "coordinates": [
          [-116.26152, 33.13706],
          [-116.25254, 33.1474],
          [-116.23907, 33.16291],
          [-116.23008, 33.17325],
          [-116.20341, 33.17678],
          [-116.19106, 33.16925],
          [-116.17253, 33.15797],
          [-116.14586, 33.16148],
          [-116.13237, 33.17698],
          [-116.13657, 33.19931],
          [-116.14076, 33.22164],
          [-116.14496, 33.24396],
          [-116.14916, 33.26628],
          [-116.14016, 33.27662],
          [-116.12665, 33.29211],
          [-116.11765, 33.30244],
          [-116.10529, 33.29492],
          [-116.08675, 33.28363],
          [-116.06005, 33.28712],
          [-116.0477, 33.27959],
          [-116.02917, 33.26829],
          [-116.01682, 33.26076],
          [-116.01265, 33.23843],
          [-116.00848, 33.2161],
          [-116.00431, 33.19377],
          [-116.01331, 33.18345],
          [-116.02682, 33.16795],
          [-116.03582, 33.15763],
          [-116.04932, 33.14213],
          [-116.05832, 33.1318],
          [-116.08499, 33.1283],
          [-116.09848, 33.1128],
          [-116.10747, 33.10246],
          [-116.13413, 33.09896],
          [-116.14647, 33.10648],
          [-116.16498, 33.11778],
          [-116.19164, 33.11426],
          [-116.20398, 33.12178],
          [-116.22251, 33.13307],
          [-116.24917, 33.12954],
          [-116.26152, 33.13706]
        ]
      }
    },
    {
      "type": "Feature",
      "id": "2026082406_f006_14000_013",
      "properties": {
        "product_id": "winter_storm_levels",
        "source_id": "nbm_snow_level",
        "parameter": "snow_level",
        "definition": "height of the wet-bulb 0.5 degree C surface",
        "level_ft_msl": 14000,
        "label": "14,000 ft MSL",
        "unit": "ft_msl",
        "cycle_time_utc": "2026-08-24T06:00:00Z",
        "valid_time_utc": "2026-08-24T12:00:00Z",
        "lead_hours": 6,
        "segment": 13,
        "length_m": 2019319
      },
      "geometry": {
        "type": "LineString",
        "coordinates": [
          [-119.29991, 30.24935],
          [-119.29842, 30.25121],
          [-119.28993, 30.26179],
          [-119.2772, 30.27764],
          [-119.26871, 30.28822],
          [-119.25597, 30.30407],
          [-119.24748, 30.31464],
          [-119.23474, 30.33049],
          [-119.22624, 30.34106],
          [-119.21349, 30.35691],
          [-119.20499, 30.36748],
          [-119.19224, 30.38332],
          [-119.18373, 30.39389],
          [-119.18841, 30.41626],
          [-119.17565, 30.43211],
          [-119.16714, 30.44267],
          [-119.15437, 30.45851],
          [-119.14586, 30.46908],
          [-119.13308, 30.48492],
          [-119.12457, 30.49548],
          [-119.11179, 30.51131],
          [-119.10327, 30.52187],
          [-119.10793, 30.54424],
          [-119.09515, 30.56008],
          [-119.08662, 30.57064],
          [-119.07383, 30.58647],
          [-119.0653, 30.59702],
          [-119.06996, 30.61939],
          [-119.05716, 30.63522],
          [-119.04862, 30.64578],
          [-119.05329, 30.66815],
          [-119.04048, 30.68397],
          [-119.03194, 30.69452],
          [-119.01913, 30.71035],
          [-119.01058, 30.7209],
          [-119.01524, 30.74327],
          [-119.00242, 30.75909],
          [-118.99387, 30.76963],
          [-118.98104, 30.78545],
          [-118.97249, 30.796],
          [-118.97714, 30.81837],
          [-118.96431, 30.83418],
          [-118.95575, 30.84473],
          [-118.94291, 30.86054],
          [-118.93435, 30.87108],
          [-118.93899, 30.89345],
          [-118.92615, 30.90926],
          [-118.91758, 30.9198],
          [-118.90473, 30.93561],
          [-118.89615, 30.94615],
          [-118.9008, 30.96851],
          [-118.88794, 30.98431],
          [-118.87936, 30.99485],
          [-118.884, 31.01721],
          [-118.87113, 31.03301],
          [-118.86255, 31.04355],
          [-118.84968, 31.05935],
          [-118.84109, 31.06988],
          [-118.84573, 31.09224],
          [-118.83285, 31.10804],
          [-118.82426, 31.11857],
          [-118.81137, 31.13437],
          [-118.80278, 31.1449],
          [-118.80741, 31.16725],
          [-118.79451, 31.18304],
          [-118.78591, 31.19357],
          [-118.77301, 31.20936],
          [-118.76441, 31.21989],
          [-118.7515, 31.23568],
          [-118.74289, 31.2462],
          [-118.72998, 31.26199],
          [-118.72137, 31.27251],
          [-118.72599, 31.29486],
          [-118.71307, 31.31064],
          [-118.70445, 31.32116],
          [-118.69153, 31.33694],
          [-118.68291, 31.34746],
          [-118.66997, 31.36324],
          [-118.66135, 31.37376],
          [-118.64841, 31.38953],
          [-118.63978, 31.40005],
          [-118.62684, 31.41582],
          [-118.6182, 31.42633],
          [-118.60525, 31.4421],
          [-118.59662, 31.45261],
          [-118.58366, 31.46838],
          [-118.57502, 31.47889],
          [-118.56206, 31.49465],
          [-118.55341, 31.50516],
          [-118.54044, 31.52092],
          [-118.5318, 31.53143],
          [-118.51882, 31.54719],
          [-118.51017, 31.55769],
          [-118.49719, 31.57345],
          [-118.47096, 31.57736],
          [-118.4623, 31.58786],
          [-118.44931, 31.60361],
          [-118.44065, 31.61411],
          [-118.42765, 31.62986],
          [-118.41899, 31.64036],
          [-118.40598, 31.6561],
          [-118.37973, 31.66],
          [-118.37106, 31.67049],
          [-118.35805, 31.68623],
          [-118.33179, 31.69012],
          [-118.32311, 31.70061],
          [-118.31008, 31.71635],
          [-118.3014, 31.72684],
          [-118.28837, 31.74257],
          [-118.27968, 31.75306],
          [-118.26665, 31.76879],
          [-118.24037, 31.77266],
          [-118.23167, 31.78315],
          [-118.21863, 31.79887],
          [-118.20993, 31.80935],
          [-118.19688, 31.82508],
          [-118.17058, 31.82894],
          [-118.16188, 31.83942],
          [-118.14882, 31.85513],
          [-118.12251, 31.85898],
          [-118.09621, 31.86283],
          [-118.08749, 31.87331],
          [-118.07442, 31.88902],
          [-118.0481, 31.89285],
          [-118.03938, 31.90333],
          [-118.0263, 31.91903],
          [-117.99997, 31.92286],
          [-117.97365, 31.92669],
          [-117.96492, 31.93715],
          [-117.95182, 31.95285],
          [-117.92548, 31.95667],
          [-117.89915, 31.96048],
          [-117.87281, 31.96429],
          [-117.84647, 31.9681],
          [-117.82013, 31.97189],
          [-117.79378, 31.97569],
          [-117.76744, 31.97948],
          [-117.74895, 31.96834],
          [-117.73663, 31.96092],
          [-117.71029, 31.9647],
          [-117.68394, 31.96848],
          [-117.67518, 31.97893],
          [-117.66204, 31.9946],
          [-117.63568, 31.99837],
          [-117.62692, 32.00882],
          [-117.61377, 32.02448],
          [-117.5874, 32.02825],
          [-117.57863, 32.03869],
          [-117.56547, 32.05435],
          [-117.5391, 32.0581],
          [-117.53032, 32.06854],
          [-117.51715, 32.0842],
          [-117.49077, 32.08795],
          [-117.46439, 32.09169],
          [-117.4556, 32.10212],
          [-117.44241, 32.11777],
          [-117.41602, 32.12151],
          [-117.38963, 32.12523],
          [-117.38083, 32.13566],
          [-117.36763, 32.15131],
          [-117.34123, 32.15503],
          [-117.33243, 32.16545],
          [-117.31922, 32.18109],
          [-117.29281, 32.1848],
          [-117.284, 32.19523],
          [-117.27078, 32.21086],
          [-117.24436, 32.21456],
          [-117.23554, 32.22498],
          [-117.22231, 32.24061],
          [-117.19589, 32.24431],
          [-117.18706, 32.25472],
          [-117.17382, 32.27035],
          [-117.14739, 32.27403],
          [-117.13856, 32.28445],
          [-117.12531, 32.30006],
          [-117.09886, 32.30374],
          [-117.09003, 32.31415],
          [-117.07677, 32.32977],
          [-117.06792, 32.34017],
          [-117.05466, 32.35578],
          [-117.04581, 32.36619],
          [-117.03254, 32.3818],
          [-117.02369, 32.3922],
          [-117.01041, 32.40781],
          [-117.00155, 32.41821],
          [-117.00589, 32.44056],
          [-117.01023, 32.4629],
          [-116.99694, 32.4785],
          [-116.98808, 32.4889],
          [-116.99241, 32.51124],
          [-116.97912, 32.52684],
          [-116.97025, 32.53724],
          [-116.97458, 32.55958],
          [-116.96128, 32.57518],
          [-116.95241, 32.58557],
          [-116.95674, 32.60791],
          [-116.94342, 32.6235],
          [-116.93455, 32.6339],
          [-116.92123, 32.64948],
          [-116.8947, 32.65313],
          [-116.88582, 32.66352],
          [-116.87249, 32.6791],
          [-116.8636, 32.68949],
          [-116.85026, 32.70507],
          [-116.84137, 32.71545],
          [-116.82803, 32.73103],
          [-116.81913, 32.74142],
          [-116.80579, 32.75699],
          [-116.79689, 32.76737],
          [-116.78353, 32.78295],
          [-116.77463, 32.79333],
          [-116.76127, 32.8089],
          [-116.75236, 32.81928],
          [-116.75666, 32.84161],
          [-116.7433, 32.85717],
          [-116.73438, 32.86755],
          [-116.73868, 32.88988],
          [-116.74298, 32.91221],
          [-116.72961, 32.92777],
          [-116.72069, 32.93814],
          [-116.7073, 32.9537],
          [-116.69838, 32.96407],
          [-116.68499, 32.97963],
          [-116.67606, 32.99],
          [-116.66266, 33.00555],
          [-116.65373, 33.01592],
          [-116.64033, 33.03147],
          [-116.63139, 33.04184],
          [-116.63568, 33.06416],
          [-116.62227, 33.07971],
          [-116.61333, 33.09007],
          [-116.61761, 33.11239],
          [-116.60419, 33.12794],
          [-116.59524, 33.1383],
          [-116.58182, 33.15384],
          [-116.55516, 33.15742],
          [-116.5366, 33.14617],
          [-116.52423, 33.13868],
          [-116.49758, 33.14225],
          [-116.48862, 33.1526],
          [-116.49288, 33.17492],
          [-116.49714, 33.19724],
          [-116.4837, 33.21277],
          [-116.47473, 33.22312],
          [-116.46128, 33.23865],
          [-116.4346, 33.24221],
          [-116.42563, 33.25256],
          [-116.41217, 33.26808],
          [-116.38548, 33.27163],
          [-116.35879, 33.27518],
          [-116.33209, 33.27872],
          [-116.31354, 33.26746],
          [-116.30117, 33.25995],
          [-116.27448, 33.26348],
          [-116.24778, 33.26701],
          [-116.23879, 33.27735],
          [-116.2253, 33.29285],
          [-116.1986, 33.29637],
          [-116.1719, 33.29989],
          [-116.1629, 33.31022],
          [-116.1671, 33.33254],
          [-116.1536, 33.34804],
          [-116.14459, 33.35837],
          [-116.15696, 33.36589],
          [-116.17552, 33.37717],
          [-116.18789, 33.38469],
          [-116.20645, 33.39597],
          [-116.21067, 33.41828],
          [-116.21488, 33.44059],
          [-116.20137, 33.45609],
          [-116.17463, 33.45961],
          [-116.16562, 33.46993],
          [-116.15209, 33.48543],
          [-116.12534, 33.48893],
          [-116.09859, 33.49244],
          [-116.07184, 33.49593],
          [-116.06282, 33.50626],
          [-116.04927, 33.52174],
          [-116.02251, 33.52523],
          [-115.99575, 33.52871],
          [-115.98672, 33.53903],
          [-115.99089, 33.56134],
          [-115.97734, 33.57681],
          [-115.95056, 33.58029],
          [-115.93199, 33.56899],
          [-115.91962, 33.56145],
          [-115.89284, 33.56492],
          [-115.88379, 33.57523],
          [-115.88795, 33.59754],
          [-115.89211, 33.61985],
          [-115.90449, 33.62739],
          [-115.93128, 33.62392],
          [-115.95807, 33.62044],
          [-115.97665, 33.63174],
          [-115.98904, 33.63927],
          [-116.00762, 33.65056],
          [-116.01181, 33.67286],
          [-115.99824, 33.68833],
          [-115.98919, 33.69865],
          [-115.99337, 33.72095],
          [-115.9798, 33.73641],
          [-115.97075, 33.74672],
          [-115.97493, 33.76902],
          [-115.96134, 33.78448],
          [-115.95765, 33.7941],
          [-115.95646, 33.81708],
          [-115.96065, 33.83938],
          [-115.94705, 33.85484],
          [-115.93799, 33.86514],
          [-115.94217, 33.88743],
          [-115.92856, 33.90289],
          [-115.91949, 33.91319],
          [-115.92367, 33.93548],
          [-115.92785, 33.95776],
          [-115.93203, 33.98005],
          [-115.93621, 34.00233],
          [-115.9226, 34.01778],
          [-115.91351, 34.02808],
          [-115.89989, 34.04353],
          [-115.873, 34.04699],
          [-115.84611, 34.05044],
          [-115.81921, 34.05389],
          [-115.80058, 34.04259],
          [-115.78816, 34.03506],
          [-115.76127, 34.0385],
          [-115.73438, 34.04194],
          [-115.72528, 34.05222],
          [-115.71163, 34.06765],
          [-115.68472, 34.07108],
          [-115.65782, 34.07451],
          [-115.64871, 34.08479],
          [-115.63504, 34.10021],
          [-115.60813, 34.10363],
          [-115.58122, 34.10704],
          [-115.5543, 34.11045],
          [-115.52739, 34.11385],
          [-115.50047, 34.11725],
          [-115.47355, 34.12064],
          [-115.44663, 34.12403],
          [-115.4197, 34.12741],
          [-115.39278, 34.13079],
          [-115.36585, 34.13417],
          [-115.33893, 34.13754],
          [-115.32033, 34.12619],
          [-115.31626, 34.1039],
          [-115.30387, 34.09633],
          [-115.28528, 34.08497],
          [-115.27289, 34.07739],
          [-115.25431, 34.06603],
          [-115.25026, 34.04374],
          [-115.24621, 34.02144],
          [-115.24216, 33.99914],
          [-115.23812, 33.97684],
          [-115.23408, 33.95454],
          [-115.23003, 33.93223],
          [-115.24374, 33.91684],
          [-115.25287, 33.90657],
          [-115.24882, 33.88426],
          [-115.24478, 33.86196],
          [-115.24074, 33.83965],
          [-115.2367, 33.81734],
          [-115.23266, 33.79502],
          [-115.22863, 33.77271],
          [-115.24231, 33.75731],
          [-115.25143, 33.74704],
          [-115.24739, 33.72472],
          [-115.23505, 33.71714],
          [-115.22593, 33.72741],
          [-115.21224, 33.74281],
          [-115.20312, 33.75308],
          [-115.18943, 33.76848],
          [-115.1803, 33.77874],
          [-115.16661, 33.79414],
          [-115.15748, 33.8044],
          [-115.14378, 33.81979],
          [-115.11692, 33.82313],
          [-115.10778, 33.83339],
          [-115.09407, 33.84878],
          [-115.08492, 33.85904],
          [-115.08893, 33.88135],
          [-115.07522, 33.89673],
          [-115.06607, 33.90699],
          [-115.05234, 33.92237],
          [-115.04319, 33.93262],
          [-115.04719, 33.95493],
          [-115.03346, 33.97031],
          [-115.0243, 33.98056],
          [-115.01056, 33.99593],
          [-114.98365, 33.99925],
          [-114.97449, 34.00949],
          [-114.96074, 34.02486],
          [-114.95157, 34.03511],
          [-114.93781, 34.05047],
          [-114.91089, 34.05378],
          [-114.90171, 34.06402],
          [-114.88795, 34.07938],
          [-114.87877, 34.08962],
          [-114.86499, 34.10497],
          [-114.85581, 34.11521],
          [-114.85978, 34.13751],
          [-114.846, 34.15287],
          [-114.83681, 34.1631],
          [-114.84078, 34.1854],
          [-114.84475, 34.2077],
          [-114.84873, 34.22999],
          [-114.83493, 34.24534],
          [-114.82574, 34.25557],
          [-114.82971, 34.27786],
          [-114.81591, 34.29321],
          [-114.8067, 34.30344],
          [-114.79289, 34.31878],
          [-114.7659, 34.32205],
          [-114.75669, 34.33228],
          [-114.74287, 34.34761],
          [-114.71587, 34.35088],
          [-114.68887, 34.35414],
          [-114.67965, 34.36436],
          [-114.66582, 34.37969],
          [-114.65659, 34.38991],
          [-114.64275, 34.40523],
          [-114.63352, 34.41545],
          [-114.61967, 34.43077],
          [-114.61044, 34.44099],
          [-114.61437, 34.46327],
          [-114.60052, 34.47859],
          [-114.59128, 34.4888],
          [-114.59521, 34.51108],
          [-114.59915, 34.53336],
          [-114.60309, 34.55564],
          [-114.60703, 34.57792],
          [-114.61097, 34.6002],
          [-114.5971, 34.61551],
          [-114.58784, 34.62572],
          [-114.59178, 34.64799],
          [-114.5779, 34.6633],
          [-114.55082, 34.66653],
          [-114.54156, 34.67674],
          [-114.52767, 34.69204],
          [-114.50058, 34.69527],
          [-114.47349, 34.69849],
          [-114.4464, 34.70171],
          [-114.43713, 34.7119],
          [-114.42322, 34.72719],
          [-114.39612, 34.73041],
          [-114.38684, 34.7406],
          [-114.37292, 34.75588],
          [-114.36364, 34.76607],
          [-114.34971, 34.78135],
          [-114.34042, 34.79154],
          [-114.32648, 34.80682],
          [-114.29936, 34.81001],
          [-114.29007, 34.8202],
          [-114.27612, 34.83547],
          [-114.24899, 34.83866],
          [-114.22186, 34.84184],
          [-114.21256, 34.85202],
          [-114.1986, 34.86728],
          [-114.17146, 34.87045],
          [-114.14432, 34.87362],
          [-114.135, 34.88379],
          [-114.12103, 34.89905],
          [-114.09388, 34.90221],
          [-114.08456, 34.91238],
          [-114.08841, 34.93465],
          [-114.09226, 34.95691],
          [-114.09611, 34.97917],
          [-114.09996, 35.00143],
          [-114.10382, 35.02369],
          [-114.08982, 35.03894],
          [-114.08049, 35.0491],
          [-114.08434, 35.07136],
          [-114.07033, 35.0866],
          [-114.061, 35.09676],
          [-114.04698, 35.112],
          [-114.03764, 35.12216],
          [-114.02362, 35.1374],
          [-114.01428, 35.14756],
          [-114.00025, 35.16279],
          [-113.97303, 35.16593],
          [-113.94581, 35.16906],
          [-113.91859, 35.17219],
          [-113.90923, 35.18234],
          [-113.89519, 35.19756],
          [-113.88583, 35.20771],
          [-113.87178, 35.22293],
          [-113.84454, 35.22605],
          [-113.83517, 35.23619],
          [-113.82111, 35.25141],
          [-113.81173, 35.26155],
          [-113.79767, 35.27676],
          [-113.78829, 35.2869],
          [-113.79209, 35.30915],
          [-113.79589, 35.33139],
          [-113.7997, 35.35363],
          [-113.8035, 35.37587],
          [-113.81594, 35.38352],
          [-113.84321, 35.38041],
          [-113.86187, 35.39189],
          [-113.87431, 35.39954],
          [-113.90159, 35.39642],
          [-113.92886, 35.3933],
          [-113.94753, 35.40476],
          [-113.95998, 35.4124],
          [-113.98726, 35.40927],
          [-114.01453, 35.40614],
          [-114.04181, 35.40299],
          [-114.06908, 35.39985],
          [-114.07958, 35.41224],
          [-114.09163, 35.43353],
          [-114.0955, 35.45575],
          [-114.10796, 35.46338],
          [-114.11847, 35.47577],
          [-114.11261, 35.49005],
          [-114.10324, 35.5002],
          [-114.08918, 35.51543],
          [-114.06188, 35.51857],
          [-114.04318, 35.50713],
          [-114.03072, 35.49949],
          [-114.01203, 35.48804],
          [-113.99957, 35.48041],
          [-113.97227, 35.48354],
          [-113.94498, 35.48667],
          [-113.91768, 35.48979],
          [-113.90829, 35.49993],
          [-113.89421, 35.51514],
          [-113.8669, 35.51826],
          [-113.83959, 35.52137],
          [-113.83019, 35.5315],
          [-113.8161, 35.5467],
          [-113.78878, 35.5498],
          [-113.77937, 35.55993],
          [-113.78318, 35.58216],
          [-113.78699, 35.60438],
          [-113.79081, 35.6266],
          [-113.79462, 35.64882],
          [-113.79844, 35.67104],
          [-113.80225, 35.69325],
          [-113.81472, 35.7009],
          [-113.83343, 35.71237],
          [-113.83726, 35.73458],
          [-113.84973, 35.74222],
          [-113.86845, 35.75368],
          [-113.87229, 35.77589],
          [-113.88477, 35.78352],
          [-113.89529, 35.79591],
          [-113.90734, 35.81718],
          [-113.91119, 35.83938],
          [-113.91503, 35.86158],
          [-113.91888, 35.88378],
          [-113.90475, 35.89897],
          [-113.89532, 35.9091],
          [-113.88119, 35.92428],
          [-113.87176, 35.9344],
          [-113.85761, 35.94958],
          [-113.8302, 35.95269],
          [-113.80278, 35.95579],
          [-113.77536, 35.95889],
          [-113.74794, 35.96198],
          [-113.72052, 35.96506],
          [-113.71107, 35.97518],
          [-113.6969, 35.99034],
          [-113.68745, 36.00045],
          [-113.67327, 36.01561],
          [-113.66382, 36.02572],
          [-113.66762, 36.04791],
          [-113.67142, 36.0701],
          [-113.65723, 36.08526],
          [-113.64777, 36.09536],
          [-113.65157, 36.11755],
          [-113.65538, 36.13973],
          [-113.64117, 36.15488],
          [-113.6317, 36.16498],
          [-113.63551, 36.18717],
          [-113.6213, 36.20231],
          [-113.61182, 36.21241],
          [-113.62434, 36.22006],
          [-113.64311, 36.23152],
          [-113.64692, 36.2537],
          [-113.65944, 36.26134],
          [-113.67823, 36.2728],
          [-113.68204, 36.29497],
          [-113.68586, 36.31714],
          [-113.68967, 36.33931],
          [-113.69349, 36.36147],
          [-113.69731, 36.38364],
          [-113.68308, 36.39878],
          [-113.6736, 36.40887],
          [-113.67742, 36.43103],
          [-113.66318, 36.44617],
          [-113.63563, 36.44924],
          [-113.60808, 36.4523],
          [-113.58927, 36.44084],
          [-113.57674, 36.4332],
          [-113.55793, 36.42173],
          [-113.5454, 36.41409],
          [-113.5266, 36.40262],
          [-113.51407, 36.39497],
          [-113.48653, 36.39802],
          [-113.45899, 36.40106],
          [-113.44949, 36.41114],
          [-113.45326, 36.4333],
          [-113.45703, 36.45546],
          [-113.46081, 36.47763],
          [-113.46459, 36.49978],
          [-113.46836, 36.52194],
          [-113.47214, 36.5441],
          [-113.47593, 36.56625],
          [-113.48847, 36.5739],
          [-113.50729, 36.58536],
          [-113.51985, 36.593],
          [-113.53867, 36.60447],
          [-113.54247, 36.62661],
          [-113.55503, 36.63425],
          [-113.57387, 36.64571],
          [-113.58643, 36.65334],
          [-113.60528, 36.66479],
          [-113.61785, 36.67243],
          [-113.64545, 36.66937],
          [-113.66431, 36.68081],
          [-113.66813, 36.70295],
          [-113.67196, 36.72508],
          [-113.68454, 36.73271],
          [-113.70341, 36.74415],
          [-113.70724, 36.76628],
          [-113.71983, 36.7739],
          [-113.74745, 36.77082],
          [-113.75697, 36.76074],
          [-113.75312, 36.73861],
          [-113.76738, 36.72348],
          [-113.77689, 36.71339],
          [-113.79114, 36.69826],
          [-113.80064, 36.68817],
          [-113.81489, 36.67303],
          [-113.82439, 36.66294],
          [-113.83863, 36.6478],
          [-113.84812, 36.63771],
          [-113.86236, 36.62257],
          [-113.88994, 36.61947],
          [-113.91752, 36.61636],
          [-113.94511, 36.61325],
          [-113.97268, 36.61013],
          [-114.00026, 36.60701],
          [-114.02784, 36.60388],
          [-114.05541, 36.60075],
          [-114.0743, 36.61216],
          [-114.08689, 36.61976],
          [-114.10579, 36.63115],
          [-114.11839, 36.63875],
          [-114.13729, 36.65014],
          [-114.14989, 36.65774],
          [-114.16879, 36.66912],
          [-114.1814, 36.67671],
          [-114.20031, 36.6881],
          [-114.21293, 36.69569],
          [-114.24052, 36.69253],
          [-114.25944, 36.7039],
          [-114.27206, 36.71149],
          [-114.29099, 36.72286],
          [-114.30361, 36.73044],
          [-114.33121, 36.72727],
          [-114.3588, 36.72409],
          [-114.3864, 36.72091],
          [-114.41399, 36.71772],
          [-114.42344, 36.7076],
          [-114.4376, 36.69241],
          [-114.44704, 36.68228],
          [-114.4612, 36.66709],
          [-114.47064, 36.65697],
          [-114.46665, 36.63484],
          [-114.46266, 36.61272],
          [-114.47681, 36.59752],
          [-114.49574, 36.60888],
          [-114.49973, 36.631],
          [-114.50373, 36.65312],
          [-114.50772, 36.67524],
          [-114.52035, 36.68281],
          [-114.5393, 36.69415],
          [-114.54331, 36.71627],
          [-114.55594, 36.72383],
          [-114.57491, 36.73517],
          [-114.57892, 36.75728],
          [-114.59156, 36.76484],
          [-114.61054, 36.77618],
          [-114.61456, 36.79828],
          [-114.62721, 36.80584],
          [-114.64619, 36.81717],
          [-114.65885, 36.82472],
          [-114.67784, 36.83604],
          [-114.68188, 36.85814],
          [-114.68591, 36.88024],
          [-114.68996, 36.90234],
          [-114.70263, 36.90988],
          [-114.72163, 36.9212],
          [-114.72568, 36.94329],
          [-114.72974, 36.96538],
          [-114.73379, 36.98747],
          [-114.73784, 37.00956],
          [-114.7419, 37.03164],
          [-114.74596, 37.05372],
          [-114.73179, 37.06892],
          [-114.72234, 37.07904],
          [-114.7264, 37.10112],
          [-114.71222, 37.11631],
          [-114.70277, 37.12643],
          [-114.70682, 37.14851],
          [-114.71087, 37.17058],
          [-114.71493, 37.19265],
          [-114.72764, 37.20019],
          [-114.75534, 37.19695],
          [-114.78305, 37.19371],
          [-114.81075, 37.19046],
          [-114.82982, 37.20175],
          [-114.84253, 37.20928],
          [-114.86161, 37.22057],
          [-114.8657, 37.24263],
          [-114.86979, 37.26469],
          [-114.85561, 37.27988],
          [-114.84616, 37.29],
          [-114.85025, 37.31206],
          [-114.85434, 37.33412],
          [-114.84015, 37.3493],
          [-114.83069, 37.35942],
          [-114.81649, 37.3746],
          [-114.80702, 37.38472],
          [-114.81111, 37.40677],
          [-114.7969, 37.42195],
          [-114.78743, 37.43206],
          [-114.79151, 37.45411],
          [-114.7956, 37.47615],
          [-114.79968, 37.49819],
          [-114.80377, 37.52023],
          [-114.78955, 37.5354],
          [-114.78006, 37.54551],
          [-114.78415, 37.56755],
          [-114.78824, 37.58958],
          [-114.774, 37.60474],
          [-114.76451, 37.61485],
          [-114.7686, 37.63688],
          [-114.75436, 37.65204],
          [-114.74486, 37.66214],
          [-114.73061, 37.6773],
          [-114.70278, 37.68052],
          [-114.69328, 37.69062],
          [-114.67902, 37.70577],
          [-114.66951, 37.71587],
          [-114.65524, 37.73101],
          [-114.64573, 37.74111],
          [-114.63145, 37.75625],
          [-114.62194, 37.76634],
          [-114.60766, 37.78148],
          [-114.5798, 37.78468],
          [-114.55193, 37.78788],
          [-114.53279, 37.77659],
          [-114.52003, 37.76906],
          [-114.50089, 37.75776],
          [-114.49686, 37.73573],
          [-114.49282, 37.7137],
          [-114.48007, 37.70617],
          [-114.45223, 37.70935],
          [-114.42438, 37.71253],
          [-114.41485, 37.72262],
          [-114.40055, 37.73774],
          [-114.37269, 37.74091],
          [-114.36315, 37.75099],
          [-114.34883, 37.76611],
          [-114.32097, 37.76927],
          [-114.2931, 37.77243],
          [-114.27399, 37.7611],
          [-114.26125, 37.75355],
          [-114.23338, 37.7567],
          [-114.20552, 37.75984],
          [-114.18641, 37.74851],
          [-114.17368, 37.74095],
          [-114.15459, 37.72961],
          [-114.14186, 37.72205],
          [-114.12277, 37.71071],
          [-114.11004, 37.70314],
          [-114.09096, 37.6918],
          [-114.07824, 37.68423],
          [-114.05039, 37.68735],
          [-114.02254, 37.69046],
          [-113.99468, 37.69357],
          [-113.96683, 37.69668],
          [-113.94776, 37.68532],
          [-113.93505, 37.67774],
          [-113.91599, 37.66637],
          [-113.90329, 37.65879],
          [-113.88424, 37.64742],
          [-113.87154, 37.63983],
          [-113.84369, 37.64292],
          [-113.81584, 37.646],
          [-113.78799, 37.64908],
          [-113.77841, 37.65913],
          [-113.78229, 37.68118],
          [-113.7679, 37.69625],
          [-113.75831, 37.7063],
          [-113.74392, 37.72137],
          [-113.73432, 37.73141],
          [-113.71992, 37.74648],
          [-113.71032, 37.75652],
          [-113.71419, 37.77856],
          [-113.71806, 37.8006],
          [-113.70365, 37.81566],
          [-113.69404, 37.8257],
          [-113.69791, 37.84773],
          [-113.68349, 37.86279],
          [-113.67388, 37.87282],
          [-113.65945, 37.88787],
          [-113.64983, 37.89791],
          [-113.63539, 37.91295],
          [-113.60747, 37.916],
          [-113.59784, 37.92603],
          [-113.5834, 37.94107],
          [-113.55546, 37.94411],
          [-113.52753, 37.94714],
          [-113.50847, 37.93574],
          [-113.49576, 37.92813],
          [-113.46783, 37.93116],
          [-113.44877, 37.91975],
          [-113.43607, 37.91214],
          [-113.42643, 37.92216],
          [-113.41196, 37.93719],
          [-113.38402, 37.9402],
          [-113.37437, 37.95021],
          [-113.35989, 37.96523],
          [-113.33194, 37.96823],
          [-113.304, 37.97123],
          [-113.27605, 37.97422],
          [-113.25701, 37.96279],
          [-113.24431, 37.95517],
          [-113.21637, 37.95815],
          [-113.18842, 37.96113],
          [-113.16047, 37.9641],
          [-113.13252, 37.96707],
          [-113.1135, 37.95562],
          [-113.10081, 37.94799],
          [-113.07287, 37.95095],
          [-113.04492, 37.9539],
          [-113.01697, 37.95685],
          [-113.00728, 37.96684],
          [-113.01101, 37.98888],
          [-113.02369, 37.99652],
          [-113.04272, 38.00797],
          [-113.04646, 38.03],
          [-113.05915, 38.03763],
          [-113.07818, 38.04908],
          [-113.06365, 38.06407],
          [-113.05396, 38.07406],
          [-113.06665, 38.08169],
          [-113.08569, 38.09314],
          [-113.08945, 38.11516],
          [-113.10215, 38.12279],
          [-113.13014, 38.11982],
          [-113.1492, 38.13126],
          [-113.15297, 38.15328],
          [-113.16568, 38.1609],
          [-113.18474, 38.17233],
          [-113.18852, 38.19434],
          [-113.19231, 38.21635],
          [-113.19609, 38.23836],
          [-113.19987, 38.26037],
          [-113.20366, 38.28238],
          [-113.20745, 38.30438],
          [-113.21124, 38.32638],
          [-113.21503, 38.34838],
          [-113.20047, 38.36336],
          [-113.17241, 38.36633],
          [-113.14436, 38.36929],
          [-113.1163, 38.37225],
          [-113.08824, 38.37521],
          [-113.06018, 38.37816],
          [-113.03212, 38.3811],
          [-113.02239, 38.39108],
          [-113.0078, 38.40604],
          [-112.97973, 38.40898],
          [-112.97, 38.41895],
          [-112.9554, 38.43391],
          [-112.92732, 38.43684],
          [-112.91758, 38.4468],
          [-112.90297, 38.46175],
          [-112.89323, 38.47172],
          [-112.89696, 38.49371],
          [-112.90069, 38.5157],
          [-112.91342, 38.52333],
          [-112.93253, 38.53476],
          [-112.94527, 38.54239],
          [-112.96438, 38.55382],
          [-112.97712, 38.56144],
          [-113.00523, 38.55851],
          [-113.02436, 38.56993],
          [-113.02812, 38.59191],
          [-113.03188, 38.61389],
          [-113.03564, 38.63586],
          [-113.0484, 38.64348],
          [-113.06754, 38.65489],
          [-113.07132, 38.67686],
          [-113.07509, 38.69883],
          [-113.07887, 38.7208],
          [-113.06424, 38.73574],
          [-113.05449, 38.7457],
          [-113.05826, 38.76766],
          [-113.04362, 38.7826],
          [-113.03386, 38.79256],
          [-113.01922, 38.8075],
          [-112.99104, 38.81043],
          [-112.96286, 38.81336],
          [-112.93468, 38.81629],
          [-112.9065, 38.81921],
          [-112.87832, 38.82212],
          [-112.86854, 38.83207],
          [-112.85386, 38.84699],
          [-112.82567, 38.84989],
          [-112.79748, 38.8528],
          [-112.77003, 38.86008],
          [-112.75949, 38.86563],
          [-112.7448, 38.88054],
          [-112.71659, 38.88343],
          [-112.70679, 38.89336],
          [-112.69209, 38.90827],
          [-112.68228, 38.9182],
          [-112.66757, 38.9331],
          [-112.65776, 38.94303],
          [-112.66146, 38.96498],
          [-112.67423, 38.97261],
          [-112.69339, 38.98405],
          [-112.6971, 39.00599],
          [-112.70988, 39.01362],
          [-112.72905, 39.02505],
          [-112.73277, 39.04699],
          [-112.73648, 39.06893],
          [-112.72176, 39.08382],
          [-112.71194, 39.09375],
          [-112.71566, 39.11568],
          [-112.70092, 39.13057],
          [-112.6911, 39.14049],
          [-112.69481, 39.16242],
          [-112.69852, 39.18435],
          [-112.68378, 39.19923],
          [-112.67394, 39.20915],
          [-112.67765, 39.23107],
          [-112.68136, 39.25299],
          [-112.66661, 39.26787],
          [-112.65677, 39.27778],
          [-112.642, 39.29265],
          [-112.61368, 39.29552],
          [-112.60384, 39.30543],
          [-112.58906, 39.32029],
          [-112.56073, 39.32315],
          [-112.5324, 39.326],
          [-112.52255, 39.33591],
          [-112.50775, 39.35076],
          [-112.47942, 39.35361],
          [-112.46955, 39.36351],
          [-112.45475, 39.37836],
          [-112.4264, 39.38119],
          [-112.41653, 39.39109],
          [-112.40171, 39.40593],
          [-112.39183, 39.41582],
          [-112.37701, 39.43066],
          [-112.34865, 39.43348],
          [-112.32028, 39.4363],
          [-112.31039, 39.44619],
          [-112.29556, 39.46102],
          [-112.26718, 39.46383],
          [-112.23881, 39.46663],
          [-112.22891, 39.47651],
          [-112.21406, 39.49133],
          [-112.20415, 39.50121],
          [-112.18929, 39.51603],
          [-112.17938, 39.5259],
          [-112.16452, 39.54072],
          [-112.1546, 39.55059],
          [-112.13973, 39.5654],
          [-112.12981, 39.57527],
          [-112.11493, 39.59008],
          [-112.105, 39.59995],
          [-112.10861, 39.62184],
          [-112.09372, 39.63664],
          [-112.08379, 39.64651],
          [-112.06889, 39.6613],
          [-112.05895, 39.67116],
          [-112.04405, 39.68596],
          [-112.03411, 39.69582],
          [-112.0377, 39.7177],
          [-112.02279, 39.73249],
          [-112.01284, 39.74235],
          [-112.01643, 39.76422],
          [-112.02003, 39.7861],
          [-112.0051, 39.80088],
          [-112, 39.80593]
        ]
      }
    }
  ]
}

