{
  "type": "FeatureCollection",
  "contract_version": "1.0.0",
  "bbox": [-129.87011, 30.12775, -112, 44.5],
  "features": [
    {
      "type": "Feature",
      "id": "2026083012_f210_10000_001",
      "properties": {
        "product_id": "winter_storm_levels",
        "source_id": "nbm_snow_level",
        "parameter": "snow_level",
        "definition": "height of the wet-bulb 0.5 degree C surface",
        "level_ft_msl": 10000,
        "label": "10,000 ft MSL",
        "unit": "ft_msl",
        "cycle_time_utc": "2026-08-30T12:00:00Z",
        "valid_time_utc": "2026-09-08T06:00:00Z",
        "lead_hours": 210,
        "segment": 1,
        "length_m": 1864774.1
      },
      "geometry": {
        "type": "LineString",
        "coordinates": [
          [-129.87011, 32.20808],
          [-129.84422, 32.21384],
          [-129.81832, 32.2196],
          [-129.79242, 32.22535],
          [-129.76651, 32.2311],
          [-129.74061, 32.23684],
          [-129.7147, 32.24258],
          [-129.68879, 32.24831],
          [-129.68639, 32.25177],
          [-129.66965, 32.27596],
          [-129.64373, 32.28169],
          [-129.6178, 32.28741],
          [-129.59187, 32.29313],
          [-129.58948, 32.29659],
          [-129.57271, 32.32076],
          [-129.54677, 32.32647],
          [-129.54437, 32.32993],
          [-129.52758, 32.3541],
          [-129.50164, 32.3598],
          [-129.49924, 32.36326],
          [-129.48243, 32.38742],
          [-129.45648, 32.39312],
          [-129.45408, 32.39657],
          [-129.43726, 32.42073],
          [-129.41129, 32.42641],
          [-129.40889, 32.42986],
          [-129.39206, 32.45402],
          [-129.36608, 32.4597],
          [-129.36368, 32.46315],
          [-129.34683, 32.48729],
          [-129.32085, 32.49296],
          [-129.31844, 32.49641],
          [-129.30158, 32.52055],
          [-129.27558, 32.52622],
          [-129.27317, 32.52966],
          [-129.2563, 32.55379],
          [-129.23029, 32.55945],
          [-129.22788, 32.5629],
          [-129.21099, 32.58702],
          [-129.18498, 32.59267],
          [-129.18256, 32.59612],
          [-129.16566, 32.62024],
          [-129.16324, 32.62368],
          [-129.14633, 32.6478],
          [-129.14391, 32.65124],
          [-129.12699, 32.67535],
          [-129.10096, 32.68099],
          [-129.09854, 32.68443],
          [-129.0816, 32.70853],
          [-129.05555, 32.71416],
          [-129.0295, 32.71978],
          [-129.00345, 32.7254],
          [-128.97739, 32.73102],
          [-128.95133, 32.73663],
          [-128.92527, 32.74223],
          [-128.92285, 32.74567],
          [-128.90586, 32.76975],
          [-128.87979, 32.77535],
          [-128.87737, 32.77879],
          [-128.86037, 32.80287],
          [-128.83429, 32.80846],
          [-128.83186, 32.81189],
          [-128.81485, 32.83596],
          [-128.78876, 32.84154],
          [-128.78633, 32.84498],
          [-128.7693, 32.86904],
          [-128.7432, 32.87462],
          [-128.74077, 32.87805],
          [-128.72373, 32.90211],
          [-128.69762, 32.90768],
          [-128.6715, 32.91324],
          [-128.66907, 32.91667],
          [-128.65201, 32.94072],
          [-128.62589, 32.94627],
          [-128.62345, 32.94971],
          [-128.60637, 32.97374],
          [-128.58024, 32.97929],
          [-128.5778, 32.98272],
          [-128.56071, 33.00676],
          [-128.53457, 33.01229],
          [-128.53212, 33.01573],
          [-128.51502, 33.03975],
          [-128.51258, 33.04318],
          [-128.51918, 33.0651],
          [-128.50206, 33.08913],
          [-128.49962, 33.09256],
          [-128.48249, 33.11657],
          [-128.48005, 33.12],
          [-128.48665, 33.14192],
          [-128.46951, 33.16593],
          [-128.46707, 33.16936],
          [-128.44993, 33.19337],
          [-128.44748, 33.1968],
          [-128.45407, 33.21872],
          [-128.43692, 33.24272],
          [-128.43447, 33.24615],
          [-128.44107, 33.26806],
          [-128.42391, 33.29206],
          [-128.42146, 33.29549],
          [-128.40429, 33.31949],
          [-128.40183, 33.32291],
          [-128.38466, 33.34691],
          [-128.3822, 33.35033],
          [-128.36501, 33.37432],
          [-128.36256, 33.37775],
          [-128.34536, 33.40173],
          [-128.34291, 33.40516],
          [-128.3257, 33.42914],
          [-128.32325, 33.43256],
          [-128.30604, 33.45654],
          [-128.30358, 33.45997],
          [-128.28636, 33.48394],
          [-128.26009, 33.48942],
          [-128.25763, 33.49285],
          [-128.24039, 33.51681],
          [-128.23793, 33.52024],
          [-128.22069, 33.5442],
          [-128.19441, 33.54967],
          [-128.19194, 33.5531],
          [-128.17468, 33.57705],
          [-128.17222, 33.58047],
          [-128.15495, 33.60442],
          [-128.12865, 33.60989],
          [-128.10235, 33.61535],
          [-128.09988, 33.61877],
          [-128.08259, 33.64271],
          [-128.05628, 33.64816],
          [-128.02753, 33.63376],
          [-128.02342, 33.6317],
          [-127.99711, 33.63714],
          [-127.96837, 33.62273],
          [-127.96427, 33.62067],
          [-127.93795, 33.6261],
          [-127.91164, 33.63153],
          [-127.88532, 33.63696],
          [-127.859, 33.64238],
          [-127.83267, 33.64779],
          [-127.80635, 33.6532],
          [-127.80387, 33.65662],
          [-127.78651, 33.68053],
          [-127.76018, 33.68593],
          [-127.73384, 33.69133],
          [-127.73135, 33.69474],
          [-127.71398, 33.71864],
          [-127.71149, 33.72205],
          [-127.71798, 33.74397],
          [-127.70059, 33.76786],
          [-127.69811, 33.77127],
          [-127.70459, 33.79318],
          [-127.6872, 33.81707],
          [-127.68471, 33.82048],
          [-127.6673, 33.84436],
          [-127.66482, 33.84778],
          [-127.6474, 33.87166],
          [-127.64491, 33.87507],
          [-127.62749, 33.89894],
          [-127.625, 33.90235],
          [-127.63148, 33.92426],
          [-127.61405, 33.94813],
          [-127.61156, 33.95154],
          [-127.61803, 33.97344],
          [-127.60059, 33.99731],
          [-127.5981, 34.00072],
          [-127.58065, 34.02458],
          [-127.57815, 34.02799],
          [-127.58463, 34.04989],
          [-127.56717, 34.07374],
          [-127.56467, 34.07715],
          [-127.5472, 34.101],
          [-127.5447, 34.10441],
          [-127.55118, 34.12631],
          [-127.53369, 34.15016],
          [-127.5312, 34.15356],
          [-127.51371, 34.17741],
          [-127.51121, 34.18081],
          [-127.51768, 34.20271],
          [-127.50018, 34.22654],
          [-127.49768, 34.22995],
          [-127.50415, 34.25184],
          [-127.51063, 34.27373],
          [-127.49311, 34.29756],
          [-127.49061, 34.30097],
          [-127.49708, 34.32285],
          [-127.47956, 34.34668],
          [-127.47706, 34.35008],
          [-127.48353, 34.37197],
          [-127.466, 34.39579],
          [-127.46349, 34.39919],
          [-127.46997, 34.42108],
          [-127.47645, 34.44295],
          [-127.48293, 34.46483],
          [-127.46538, 34.48865],
          [-127.46287, 34.49205],
          [-127.46935, 34.51393],
          [-127.47583, 34.5358],
          [-127.45827, 34.55961],
          [-127.45576, 34.56301],
          [-127.46225, 34.58488],
          [-127.46873, 34.60675],
          [-127.47522, 34.62862],
          [-127.45764, 34.65242],
          [-127.45513, 34.65582],
          [-127.46162, 34.67768],
          [-127.44403, 34.70148],
          [-127.44152, 34.70488],
          [-127.44801, 34.72674],
          [-127.4545, 34.7486],
          [-127.4369, 34.7724],
          [-127.43439, 34.77579],
          [-127.41678, 34.79958],
          [-127.41426, 34.80298],
          [-127.42075, 34.82484],
          [-127.40313, 34.84862],
          [-127.40061, 34.85202],
          [-127.4071, 34.87387],
          [-127.38947, 34.89765],
          [-127.38695, 34.90104],
          [-127.39344, 34.92289],
          [-127.3758, 34.94667],
          [-127.37328, 34.95006],
          [-127.37977, 34.97191],
          [-127.38627, 34.99376],
          [-127.36861, 35.01752],
          [-127.36609, 35.02092],
          [-127.37258, 35.04276],
          [-127.37908, 35.0646],
          [-127.38558, 35.08644],
          [-127.36791, 35.1102],
          [-127.36538, 35.11359],
          [-127.37188, 35.13543],
          [-127.37838, 35.15726],
          [-127.38488, 35.17909],
          [-127.39139, 35.20092],
          [-127.3737, 35.22468],
          [-127.37118, 35.22807],
          [-127.37768, 35.2499],
          [-127.38419, 35.27172],
          [-127.3907, 35.29354],
          [-127.373, 35.31729],
          [-127.37047, 35.32068],
          [-127.37698, 35.3425],
          [-127.3835, 35.36432],
          [-127.39001, 35.38614],
          [-127.3723, 35.40987],
          [-127.36977, 35.41326],
          [-127.37628, 35.43508],
          [-127.3828, 35.45689],
          [-127.38932, 35.4787],
          [-127.39585, 35.50051],
          [-127.40238, 35.52232],
          [-127.40891, 35.54412],
          [-127.41544, 35.56592],
          [-127.42197, 35.58772],
          [-127.42851, 35.60952],
          [-127.43505, 35.63132],
          [-127.44159, 35.65311],
          [-127.44814, 35.67491],
          [-127.45468, 35.6967],
          [-127.46123, 35.71849],
          [-127.46779, 35.74028],
          [-127.47434, 35.76206],
          [-127.4809, 35.78385],
          [-127.48746, 35.80563],
          [-127.49402, 35.82741],
          [-127.50059, 35.84919],
          [-127.48282, 35.8729],
          [-127.48028, 35.87628],
          [-127.48685, 35.89806],
          [-127.49342, 35.91983],
          [-127.47564, 35.94354],
          [-127.4731, 35.94692],
          [-127.47967, 35.96869],
          [-127.46188, 35.99239],
          [-127.45933, 35.99577],
          [-127.44154, 36.01947],
          [-127.43899, 36.02285],
          [-127.42118, 36.04654],
          [-127.41864, 36.04993],
          [-127.40082, 36.07361],
          [-127.39828, 36.07699],
          [-127.38045, 36.10068],
          [-127.35352, 36.10597],
          [-127.35097, 36.10935],
          [-127.33313, 36.13303],
          [-127.33058, 36.13641],
          [-127.31273, 36.16008],
          [-127.31018, 36.16346],
          [-127.29232, 36.18712],
          [-127.28977, 36.1905],
          [-127.2719, 36.21416],
          [-127.26935, 36.21754],
          [-127.27589, 36.2393],
          [-127.28244, 36.26105],
          [-127.28899, 36.2828],
          [-127.29554, 36.30455],
          [-127.3021, 36.3263],
          [-127.28421, 36.34995],
          [-127.28165, 36.35333],
          [-127.28821, 36.37508],
          [-127.29477, 36.39682],
          [-127.30133, 36.41856],
          [-127.30789, 36.4403],
          [-127.31446, 36.46204],
          [-127.32102, 36.48377],
          [-127.32522, 36.48583],
          [-127.35463, 36.50022],
          [-127.36121, 36.52195],
          [-127.36779, 36.54368],
          [-127.37437, 36.5654],
          [-127.38096, 36.58713],
          [-127.36305, 36.61076],
          [-127.36049, 36.61414],
          [-127.36707, 36.63586],
          [-127.34915, 36.65949],
          [-127.32207, 36.66477],
          [-127.295, 36.67005],
          [-127.26792, 36.67532],
          [-127.24083, 36.68058],
          [-127.21375, 36.68585],
          [-127.18666, 36.69111],
          [-127.15722, 36.6767],
          [-127.15302, 36.67464],
          [-127.12359, 36.66022],
          [-127.11705, 36.63849],
          [-127.11052, 36.61676],
          [-127.10398, 36.59503],
          [-127.09978, 36.59297],
          [-127.07039, 36.57854],
          [-127.06619, 36.57647],
          [-127.0368, 36.56204],
          [-127.0326, 36.55997],
          [-127.00553, 36.5652],
          [-126.97847, 36.57043],
          [-126.9514, 36.57565],
          [-126.94882, 36.57902],
          [-126.93082, 36.60261],
          [-126.90374, 36.60783],
          [-126.90116, 36.6112],
          [-126.90766, 36.63294],
          [-126.88964, 36.65652],
          [-126.88706, 36.65988],
          [-126.86903, 36.68346],
          [-126.86645, 36.68683],
          [-126.84841, 36.7104],
          [-126.84583, 36.71376],
          [-126.82778, 36.73733],
          [-126.82521, 36.7407],
          [-126.83169, 36.76243],
          [-126.83818, 36.78416],
          [-126.84467, 36.80588],
          [-126.82661, 36.82944],
          [-126.82403, 36.83281],
          [-126.83052, 36.85453],
          [-126.83702, 36.87625],
          [-126.84122, 36.87832],
          [-126.87067, 36.89277],
          [-126.87717, 36.91449],
          [-126.88368, 36.9362],
          [-126.8656, 36.95975],
          [-126.86302, 36.96312],
          [-126.86953, 36.98483],
          [-126.85144, 37.00837],
          [-126.84885, 37.01173],
          [-126.85536, 37.03344],
          [-126.83726, 37.05698],
          [-126.83468, 37.06034],
          [-126.81657, 37.08388],
          [-126.81398, 37.08724],
          [-126.79586, 37.11077],
          [-126.79327, 37.11413],
          [-126.77514, 37.13765],
          [-126.74792, 37.14283],
          [-126.74533, 37.14619],
          [-126.72718, 37.1697],
          [-126.72459, 37.17306],
          [-126.70644, 37.19657],
          [-126.70385, 37.19993],
          [-126.68568, 37.22344],
          [-126.65844, 37.2286],
          [-126.65584, 37.23196],
          [-126.63766, 37.25546],
          [-126.63506, 37.25881],
          [-126.61688, 37.28231],
          [-126.58961, 37.28746],
          [-126.58701, 37.29081],
          [-126.56881, 37.3143],
          [-126.54153, 37.31944],
          [-126.53893, 37.32279],
          [-126.52071, 37.34627],
          [-126.51811, 37.34962],
          [-126.49988, 37.3731],
          [-126.49728, 37.37645],
          [-126.47904, 37.39992],
          [-126.47643, 37.40327],
          [-126.45819, 37.42673],
          [-126.45558, 37.43008],
          [-126.43733, 37.45354],
          [-126.43472, 37.45689],
          [-126.41646, 37.48034],
          [-126.41385, 37.48369],
          [-126.42029, 37.50538],
          [-126.40202, 37.52882],
          [-126.39941, 37.53217],
          [-126.38112, 37.55562],
          [-126.37851, 37.55896],
          [-126.36022, 37.5824],
          [-126.3576, 37.58575],
          [-126.36405, 37.60743],
          [-126.34574, 37.63086],
          [-126.34313, 37.6342],
          [-126.32481, 37.65763],
          [-126.3222, 37.66098],
          [-126.30387, 37.6844],
          [-126.27649, 37.68949],
          [-126.27387, 37.69283],
          [-126.25553, 37.71625],
          [-126.25291, 37.71959],
          [-126.23456, 37.743],
          [-126.23194, 37.74634],
          [-126.21358, 37.76975],
          [-126.18617, 37.77482],
          [-126.18355, 37.77817],
          [-126.16518, 37.80156],
          [-126.16255, 37.8049],
          [-126.14417, 37.82829],
          [-126.14154, 37.83163],
          [-126.12315, 37.85502],
          [-126.12052, 37.85836],
          [-126.10212, 37.88174],
          [-126.09949, 37.88508],
          [-126.08108, 37.90845],
          [-126.05363, 37.91351],
          [-126.051, 37.91684],
          [-126.03257, 37.94021],
          [-126.02994, 37.94355],
          [-126.01151, 37.96691],
          [-125.98404, 37.97195],
          [-125.9814, 37.97529],
          [-125.96295, 37.99864],
          [-125.93547, 38.00367],
          [-125.93283, 38.00701],
          [-125.91436, 38.03035],
          [-125.88687, 38.03538],
          [-125.85938, 38.04039],
          [-125.83188, 38.04541],
          [-125.82924, 38.04874],
          [-125.81074, 38.07207],
          [-125.78324, 38.07708],
          [-125.78059, 38.08041],
          [-125.76208, 38.10373],
          [-125.73456, 38.10873],
          [-125.73192, 38.11206],
          [-125.71339, 38.13537],
          [-125.68586, 38.14036],
          [-125.68321, 38.14369],
          [-125.66467, 38.16699],
          [-125.63713, 38.17197],
          [-125.63448, 38.1753],
          [-125.61591, 38.1986],
          [-125.58837, 38.20357],
          [-125.58571, 38.2069],
          [-125.56713, 38.23018],
          [-125.53958, 38.23515],
          [-125.51201, 38.24011],
          [-125.50936, 38.24343],
          [-125.49076, 38.26671],
          [-125.46319, 38.27166],
          [-125.46053, 38.27498],
          [-125.44191, 38.29825],
          [-125.41433, 38.30319],
          [-125.41167, 38.30651],
          [-125.39303, 38.32977],
          [-125.36544, 38.33471],
          [-125.36278, 38.33803],
          [-125.34413, 38.36128],
          [-125.34146, 38.3646],
          [-125.3228, 38.38784],
          [-125.29519, 38.39277],
          [-125.29252, 38.39609],
          [-125.27385, 38.41932],
          [-125.27118, 38.42264],
          [-125.2525, 38.44587],
          [-125.24983, 38.44919],
          [-125.23113, 38.47242],
          [-125.20349, 38.47732],
          [-125.20082, 38.48064],
          [-125.18211, 38.50386],
          [-125.15446, 38.50875],
          [-125.15179, 38.51207],
          [-125.13306, 38.53528],
          [-125.10541, 38.54017],
          [-125.10273, 38.54348],
          [-125.08399, 38.56668],
          [-125.05632, 38.57156],
          [-125.05364, 38.57488],
          [-125.03488, 38.59807],
          [-125.0072, 38.60294],
          [-125.00452, 38.60625],
          [-124.98574, 38.62943],
          [-124.95805, 38.6343],
          [-124.93036, 38.63915],
          [-124.92768, 38.64246],
          [-124.90888, 38.66564],
          [-124.88118, 38.67048],
          [-124.87849, 38.67379],
          [-124.85967, 38.69696],
          [-124.83196, 38.7018],
          [-124.80425, 38.70663],
          [-124.80155, 38.70994],
          [-124.78272, 38.73309],
          [-124.75499, 38.73792],
          [-124.72726, 38.74274],
          [-124.6976, 38.72803],
          [-124.69336, 38.72593],
          [-124.66563, 38.73074],
          [-124.6379, 38.73555],
          [-124.61017, 38.74035],
          [-124.58243, 38.74515],
          [-124.55278, 38.73042],
          [-124.54855, 38.72831],
          [-124.52081, 38.7331],
          [-124.49308, 38.73788],
          [-124.46534, 38.74266],
          [-124.46263, 38.74597],
          [-124.44372, 38.76908],
          [-124.41596, 38.77385],
          [-124.38821, 38.77862],
          [-124.38551, 38.78192],
          [-124.36656, 38.80502],
          [-124.36386, 38.80831],
          [-124.34491, 38.83141],
          [-124.31713, 38.83616],
          [-124.31442, 38.83946],
          [-124.29546, 38.86255],
          [-124.26768, 38.86729],
          [-124.26496, 38.87059],
          [-124.24598, 38.89366],
          [-124.24327, 38.89696],
          [-124.22427, 38.92003],
          [-124.22156, 38.92333],
          [-124.20256, 38.94639],
          [-124.19984, 38.94969],
          [-124.18083, 38.97275],
          [-124.15301, 38.97747],
          [-124.15029, 38.98077],
          [-124.15637, 39.00239],
          [-124.13734, 39.02544],
          [-124.10951, 39.03016],
          [-124.10678, 39.03345],
          [-124.08774, 39.05649],
          [-124.08501, 39.05978],
          [-124.06596, 39.08282],
          [-124.06323, 39.08611],
          [-124.04417, 39.10914],
          [-124.04144, 39.11243],
          [-124.0475, 39.13404],
          [-124.02842, 39.15707],
          [-124.0257, 39.16036],
          [-124.03176, 39.18197],
          [-124.01267, 39.20498],
          [-124.00994, 39.20827],
          [-124.016, 39.22988],
          [-123.9969, 39.25289],
          [-123.99417, 39.25617],
          [-124.00023, 39.27778],
          [-123.98111, 39.30078],
          [-123.97838, 39.30406],
          [-123.98444, 39.32566],
          [-123.96531, 39.34866],
          [-123.96258, 39.35194],
          [-123.94344, 39.37493],
          [-123.9407, 39.37822],
          [-123.94676, 39.39981],
          [-123.95282, 39.4214],
          [-123.95888, 39.44298],
          [-123.93973, 39.46596],
          [-123.93699, 39.46924],
          [-123.94305, 39.49083],
          [-123.94911, 39.5124],
          [-123.95518, 39.53398],
          [-123.96125, 39.55555],
          [-123.94207, 39.57852],
          [-123.93933, 39.5818],
          [-123.9454, 39.60337],
          [-123.95147, 39.62494],
          [-123.95754, 39.6465],
          [-123.96362, 39.66807],
          [-123.94442, 39.69102],
          [-123.94168, 39.6943],
          [-123.94775, 39.71586],
          [-123.92855, 39.73881],
          [-123.9258, 39.74208],
          [-123.93188, 39.76364],
          [-123.91266, 39.78658],
          [-123.90991, 39.78986],
          [-123.91598, 39.8114],
          [-123.92206, 39.83295],
          [-123.90282, 39.85588],
          [-123.90008, 39.85916],
          [-123.90615, 39.8807],
          [-123.91223, 39.90224],
          [-123.89298, 39.92516],
          [-123.89023, 39.92844],
          [-123.89631, 39.94997],
          [-123.90239, 39.9715],
          [-123.88312, 39.99442],
          [-123.88037, 39.99769],
          [-123.88645, 40.01922],
          [-123.89253, 40.04074],
          [-123.87325, 40.06365],
          [-123.8705, 40.06692],
          [-123.87658, 40.08844],
          [-123.88266, 40.10996],
          [-123.86337, 40.13285],
          [-123.86061, 40.13612],
          [-123.86669, 40.15764],
          [-123.87278, 40.17915],
          [-123.85347, 40.20203],
          [-123.85071, 40.2053],
          [-123.8568, 40.22681],
          [-123.86289, 40.24831],
          [-123.84356, 40.27119],
          [-123.8408, 40.27446],
          [-123.82146, 40.29733],
          [-123.8187, 40.3006],
          [-123.82479, 40.3221],
          [-123.80544, 40.34496],
          [-123.80267, 40.34823],
          [-123.80876, 40.36972],
          [-123.7894, 40.39258],
          [-123.78663, 40.39584],
          [-123.79272, 40.41733],
          [-123.77334, 40.44018],
          [-123.77058, 40.44344],
          [-123.77666, 40.46493],
          [-123.75727, 40.48777],
          [-123.7545, 40.49103],
          [-123.76059, 40.51251],
          [-123.76667, 40.53398],
          [-123.74727, 40.55682],
          [-123.7445, 40.56008],
          [-123.75058, 40.58155],
          [-123.75667, 40.60302],
          [-123.76276, 40.62448],
          [-123.76885, 40.64594],
          [-123.77495, 40.6674],
          [-123.78105, 40.68886],
          [-123.76162, 40.71168],
          [-123.75884, 40.71493],
          [-123.76494, 40.73639],
          [-123.77104, 40.75784],
          [-123.77714, 40.77928],
          [-123.78325, 40.80073],
          [-123.78935, 40.82217],
          [-123.79546, 40.8436],
          [-123.80158, 40.86504],
          [-123.80769, 40.88647],
          [-123.78823, 40.90927],
          [-123.78545, 40.91253],
          [-123.79157, 40.93395],
          [-123.79768, 40.95538],
          [-123.8038, 40.9768],
          [-123.80992, 40.99822],
          [-123.81605, 41.01964],
          [-123.82218, 41.04106],
          [-123.82831, 41.06247],
          [-123.83444, 41.08388],
          [-123.81495, 41.10665],
          [-123.81216, 41.1099],
          [-123.8183, 41.13131],
          [-123.79879, 41.15408],
          [-123.79601, 41.15733],
          [-123.80214, 41.17873],
          [-123.80827, 41.20012],
          [-123.81441, 41.22152],
          [-123.82055, 41.24291],
          [-123.80102, 41.26566],
          [-123.79823, 41.26891],
          [-123.80437, 41.2903],
          [-123.81051, 41.31168],
          [-123.81666, 41.33306],
          [-123.79712, 41.35581],
          [-123.79432, 41.35905],
          [-123.80047, 41.38043],
          [-123.80661, 41.4018],
          [-123.78705, 41.42454],
          [-123.78426, 41.42778],
          [-123.79041, 41.44915],
          [-123.79655, 41.47052],
          [-123.77698, 41.49324],
          [-123.77418, 41.49648],
          [-123.78033, 41.51784],
          [-123.78648, 41.5392],
          [-123.76689, 41.56191],
          [-123.76409, 41.56516],
          [-123.77024, 41.58651],
          [-123.77639, 41.60786],
          [-123.75679, 41.63056],
          [-123.75399, 41.6338],
          [-123.76014, 41.65515],
          [-123.74053, 41.67784],
          [-123.73772, 41.68109],
          [-123.7181, 41.70377],
          [-123.71529, 41.70702],
          [-123.69566, 41.7297],
          [-123.69285, 41.73294],
          [-123.69899, 41.75427],
          [-123.67935, 41.77695],
          [-123.67654, 41.78019],
          [-123.65688, 41.80286],
          [-123.65407, 41.80609],
          [-123.66021, 41.82742],
          [-123.64054, 41.85008],
          [-123.63773, 41.85332],
          [-123.61805, 41.87598],
          [-123.61523, 41.87921],
          [-123.62137, 41.90053],
          [-123.60168, 41.92318],
          [-123.59886, 41.92641],
          [-123.57916, 41.94906],
          [-123.57634, 41.95229],
          [-123.58247, 41.9736],
          [-123.56276, 41.99624],
          [-123.55994, 41.99947],
          [-123.56607, 42.02078],
          [-123.57221, 42.04208],
          [-123.57834, 42.06338],
          [-123.55861, 42.086],
          [-123.55579, 42.08923],
          [-123.56192, 42.11053],
          [-123.54217, 42.13314],
          [-123.53935, 42.13637],
          [-123.51959, 42.15898],
          [-123.51677, 42.16221],
          [-123.497, 42.18481],
          [-123.49418, 42.18804],
          [-123.50031, 42.20933],
          [-123.48052, 42.23192],
          [-123.4777, 42.23515],
          [-123.4579, 42.25774],
          [-123.45508, 42.26096],
          [-123.43527, 42.28354],
          [-123.43244, 42.28677],
          [-123.41263, 42.30935],
          [-123.38386, 42.31387],
          [-123.38103, 42.31709],
          [-123.3612, 42.33966],
          [-123.35836, 42.34288],
          [-123.33852, 42.36545],
          [-123.30974, 42.36996],
          [-123.3069, 42.37318],
          [-123.28704, 42.39573],
          [-123.2842, 42.39895],
          [-123.26434, 42.4215],
          [-123.2615, 42.42472],
          [-123.24162, 42.44726],
          [-123.2128, 42.45175],
          [-123.20996, 42.45497],
          [-123.19006, 42.4775],
          [-123.18722, 42.48071],
          [-123.16731, 42.50324],
          [-123.16447, 42.50646],
          [-123.14455, 42.52897],
          [-123.14171, 42.53219],
          [-123.12178, 42.5547],
          [-123.11893, 42.55792],
          [-123.09899, 42.58042],
          [-123.09614, 42.58364],
          [-123.0762, 42.60614],
          [-123.07335, 42.60935],
          [-123.05339, 42.63185],
          [-123.02451, 42.63631],
          [-123.02166, 42.63952],
          [-123.00168, 42.662],
          [-122.97279, 42.66645],
          [-122.9439, 42.6709],
          [-122.94105, 42.67411],
          [-122.92104, 42.69658],
          [-122.91819, 42.69979],
          [-122.89818, 42.72225],
          [-122.86926, 42.72668],
          [-122.8664, 42.72989],
          [-122.84638, 42.75235],
          [-122.84351, 42.75555],
          [-122.82347, 42.778],
          [-122.79454, 42.78242],
          [-122.79168, 42.78563],
          [-122.77162, 42.80807],
          [-122.76876, 42.81127],
          [-122.74869, 42.83371],
          [-122.74582, 42.83691],
          [-122.72574, 42.85934],
          [-122.72287, 42.86254],
          [-122.72888, 42.88377],
          [-122.70879, 42.90619],
          [-122.70592, 42.90939],
          [-122.71193, 42.93061],
          [-122.71793, 42.95182],
          [-122.72395, 42.97304],
          [-122.72996, 42.99425],
          [-122.70985, 43.01665],
          [-122.70697, 43.01985],
          [-122.71298, 43.04105],
          [-122.719, 43.06226],
          [-122.69887, 43.08465],
          [-122.69599, 43.08785],
          [-122.70201, 43.10904],
          [-122.68187, 43.13143],
          [-122.67899, 43.13463],
          [-122.685, 43.15582],
          [-122.69102, 43.177],
          [-122.67086, 43.19938],
          [-122.66798, 43.20257],
          [-122.67399, 43.22376],
          [-122.68001, 43.24493],
          [-122.65984, 43.2673],
          [-122.65695, 43.27049],
          [-122.66297, 43.29167],
          [-122.64278, 43.31402],
          [-122.6399, 43.31721],
          [-122.6197, 43.33956],
          [-122.61681, 43.34276],
          [-122.5966, 43.3651],
          [-122.59371, 43.36829],
          [-122.57349, 43.39063],
          [-122.5706, 43.39382],
          [-122.57661, 43.41498],
          [-122.55638, 43.43731],
          [-122.55349, 43.4405],
          [-122.53324, 43.46282],
          [-122.53035, 43.46601],
          [-122.51009, 43.48832],
          [-122.5072, 43.49151],
          [-122.48693, 43.51382],
          [-122.48404, 43.51701],
          [-122.46376, 43.53931],
          [-122.46087, 43.5425],
          [-122.44058, 43.56479],
          [-122.43768, 43.56798],
          [-122.41738, 43.59027],
          [-122.41448, 43.59346],
          [-122.39418, 43.61574],
          [-122.39127, 43.61892],
          [-122.37096, 43.6412],
          [-122.36805, 43.64439],
          [-122.34772, 43.66666],
          [-122.34482, 43.66984],
          [-122.32448, 43.69211],
          [-122.32157, 43.69529],
          [-122.30122, 43.71755],
          [-122.29832, 43.72073],
          [-122.27796, 43.74298],
          [-122.27505, 43.74616],
          [-122.25468, 43.76841],
          [-122.25177, 43.77159],
          [-122.23138, 43.79383],
          [-122.22847, 43.79701],
          [-122.23443, 43.81812],
          [-122.21403, 43.84036],
          [-122.21112, 43.84353],
          [-122.19071, 43.86576],
          [-122.1878, 43.86893],
          [-122.16738, 43.89116],
          [-122.16447, 43.89433],
          [-122.14404, 43.91654],
          [-122.14112, 43.91972],
          [-122.12068, 43.94193],
          [-122.11776, 43.9451],
          [-122.09731, 43.9673],
          [-122.09439, 43.97047],
          [-122.07393, 43.99267],
          [-122.07101, 43.99584],
          [-122.05054, 44.01803],
          [-122.04762, 44.0212],
          [-122.05355, 44.04229],
          [-122.03306, 44.06447],
          [-122.03014, 44.06764],
          [-122.00964, 44.08981],
          [-122.00672, 44.09298],
          [-121.98621, 44.11515],
          [-121.98328, 44.11831],
          [-121.96277, 44.14048],
          [-121.95983, 44.14364],
          [-121.93931, 44.1658],
          [-121.93638, 44.16896],
          [-121.91584, 44.19111],
          [-121.91291, 44.19428],
          [-121.89236, 44.21642],
          [-121.88942, 44.21958],
          [-121.86886, 44.24172],
          [-121.86593, 44.24488],
          [-121.84536, 44.26701],
          [-121.84242, 44.27017],
          [-121.82184, 44.2923],
          [-121.8189, 44.29546],
          [-121.79831, 44.31758],
          [-121.79537, 44.32074],
          [-121.77477, 44.34285],
          [-121.74533, 44.34706],
          [-121.74238, 44.35022],
          [-121.72176, 44.37232],
          [-121.69231, 44.37652],
          [-121.6614, 44.36177],
          [-121.65699, 44.35966],
          [-121.62753, 44.36386],
          [-121.59808, 44.36804],
          [-121.56862, 44.37223],
          [-121.53917, 44.3764],
          [-121.50828, 44.36163],
          [-121.50387, 44.35952],
          [-121.47441, 44.36369],
          [-121.44354, 44.3489],
          [-121.43913, 44.34679],
          [-121.40967, 44.35094],
          [-121.38021, 44.3551],
          [-121.35075, 44.35925],
          [-121.32129, 44.36339],
          [-121.31833, 44.36654],
          [-121.29761, 44.3886],
          [-121.29465, 44.39175],
          [-121.27392, 44.41379],
          [-121.24444, 44.41792],
          [-121.24147, 44.42107],
          [-121.22072, 44.44311],
          [-121.19123, 44.44723],
          [-121.16173, 44.45135],
          [-121.15876, 44.45449],
          [-121.13799, 44.47652],
          [-121.10848, 44.48062],
          [-121.07897, 44.48473],
          [-121.076, 44.48787],
          [-121.06454, 44.5]
        ]
      }
    },
    {
      "type": "Feature",
      "id": "2026083012_f210_11000_001",
      "properties": {
        "product_id": "winter_storm_levels",
        "source_id": "nbm_snow_level",
        "parameter": "snow_level",
        "definition": "height of the wet-bulb 0.5 degree C surface",
        "level_ft_msl": 11000,
        "label": "11,000 ft MSL",
        "unit": "ft_msl",
        "cycle_time_utc": "2026-08-30T12:00:00Z",
        "valid_time_utc": "2026-09-08T06:00:00Z",
        "lead_hours": 210,
        "segment": 1,
        "length_m": 2204889.7
      },
      "geometry": {
        "type": "LineString",
        "coordinates": [
          [-129.41887, 30.73498],
          [-129.39328, 30.74069],
          [-129.36769, 30.74639],
          [-129.36342, 30.75262],
          [-129.34872, 30.77408],
          [-129.32312, 30.77978],
          [-129.31885, 30.78601],
          [-129.30413, 30.80746],
          [-129.27927, 30.81562],
          [-129.27425, 30.81938],
          [-129.25952, 30.84083],
          [-129.23465, 30.84898],
          [-129.22962, 30.85273],
          [-129.21489, 30.87418],
          [-129.19, 30.88232],
          [-129.18497, 30.88607],
          [-129.17022, 30.90751],
          [-129.14458, 30.91318],
          [-129.11894, 30.91884],
          [-129.11465, 30.92506],
          [-129.09988, 30.94649],
          [-129.07423, 30.95214],
          [-129.06994, 30.95836],
          [-129.05261, 30.97126],
          [-129.0295, 30.98543],
          [-129.00383, 30.99107],
          [-128.99954, 30.99729],
          [-128.98474, 31.01871],
          [-128.95907, 31.02434],
          [-128.95477, 31.03056],
          [-128.93995, 31.05197],
          [-128.91427, 31.05759],
          [-128.88859, 31.06321],
          [-128.88428, 31.06943],
          [-128.86945, 31.09083],
          [-128.84376, 31.09645],
          [-128.83945, 31.10266],
          [-128.82461, 31.12406],
          [-128.7989, 31.12966],
          [-128.77319, 31.13526],
          [-128.76888, 31.14147],
          [-128.75402, 31.16286],
          [-128.7283, 31.16846],
          [-128.70258, 31.17405],
          [-128.69827, 31.18025],
          [-128.68339, 31.20164],
          [-128.65766, 31.20722],
          [-128.63193, 31.21279],
          [-128.60619, 31.21837],
          [-128.60187, 31.22457],
          [-128.58697, 31.24594],
          [-128.56122, 31.25151],
          [-128.53548, 31.25707],
          [-128.50973, 31.26262],
          [-128.5054, 31.26883],
          [-128.49047, 31.29019],
          [-128.46471, 31.29573],
          [-128.43895, 31.30128],
          [-128.41319, 31.30682],
          [-128.40885, 31.31302],
          [-128.3939, 31.33437],
          [-128.36813, 31.3399],
          [-128.34236, 31.34543],
          [-128.31658, 31.35095],
          [-128.2908, 31.35647],
          [-128.26502, 31.36199],
          [-128.23923, 31.3675],
          [-128.21345, 31.373],
          [-128.18847, 31.3602],
          [-128.18121, 31.35649],
          [-128.15624, 31.34368],
          [-128.14899, 31.33996],
          [-128.12321, 31.34546],
          [-128.09824, 31.33264],
          [-128.091, 31.32892],
          [-128.06521, 31.3344],
          [-128.03942, 31.33988],
          [-128.01363, 31.34536],
          [-127.98784, 31.35083],
          [-127.96204, 31.35629],
          [-127.93625, 31.36175],
          [-127.93188, 31.36794],
          [-127.91684, 31.38924],
          [-127.89103, 31.3947],
          [-127.86522, 31.40015],
          [-127.83941, 31.40559],
          [-127.81359, 31.41103],
          [-127.78778, 31.41647],
          [-127.7834, 31.42265],
          [-127.76832, 31.44394],
          [-127.7425, 31.44937],
          [-127.71667, 31.45479],
          [-127.71228, 31.46097],
          [-127.69719, 31.48225],
          [-127.67135, 31.48766],
          [-127.64551, 31.49308],
          [-127.61967, 31.49849],
          [-127.61528, 31.50466],
          [-127.60016, 31.52593],
          [-127.57431, 31.53133],
          [-127.54845, 31.53673],
          [-127.54406, 31.5429],
          [-127.52892, 31.56416],
          [-127.50306, 31.56955],
          [-127.49866, 31.57572],
          [-127.48351, 31.59697],
          [-127.45763, 31.60235],
          [-127.43176, 31.60773],
          [-127.42735, 31.61389],
          [-127.41219, 31.63514],
          [-127.3863, 31.64051],
          [-127.38189, 31.64667],
          [-127.36671, 31.66791],
          [-127.34082, 31.67327],
          [-127.33641, 31.67944],
          [-127.32121, 31.70067],
          [-127.29602, 31.7085],
          [-127.2909, 31.71219],
          [-127.27569, 31.73341],
          [-127.25048, 31.74124],
          [-127.24536, 31.74492],
          [-127.23014, 31.76614],
          [-127.22572, 31.7723],
          [-127.21049, 31.79352],
          [-127.18456, 31.79886],
          [-127.18014, 31.80501],
          [-127.1649, 31.82623],
          [-127.13896, 31.83155],
          [-127.13453, 31.83771],
          [-127.11928, 31.85892],
          [-127.11485, 31.86507],
          [-127.09959, 31.88627],
          [-127.07364, 31.89159],
          [-127.0692, 31.89774],
          [-127.05393, 31.91894],
          [-127.02867, 31.92673],
          [-127.02353, 31.9304],
          [-127.00824, 31.95159],
          [-127.00381, 31.95774],
          [-126.98851, 31.97893],
          [-126.98407, 31.98508],
          [-126.96877, 32.00627],
          [-126.94278, 32.01156],
          [-126.93834, 32.01771],
          [-126.92303, 32.03889],
          [-126.91858, 32.04504],
          [-126.90326, 32.06621],
          [-126.87726, 32.07149],
          [-126.87281, 32.07764],
          [-126.85747, 32.09881],
          [-126.85302, 32.10496],
          [-126.83768, 32.12612],
          [-126.81166, 32.13139],
          [-126.8072, 32.13754],
          [-126.79185, 32.1587],
          [-126.78739, 32.16484],
          [-126.77203, 32.186],
          [-126.74599, 32.19126],
          [-126.74153, 32.1974],
          [-126.72616, 32.21855],
          [-126.70011, 32.2238],
          [-126.69565, 32.22994],
          [-126.68026, 32.25108],
          [-126.6542, 32.25633],
          [-126.62814, 32.26157],
          [-126.62367, 32.2677],
          [-126.60827, 32.28884],
          [-126.5822, 32.29407],
          [-126.55612, 32.2993],
          [-126.55165, 32.30543],
          [-126.53623, 32.32656],
          [-126.51014, 32.33178],
          [-126.50566, 32.33791],
          [-126.49023, 32.35903],
          [-126.46414, 32.36424],
          [-126.45965, 32.37038],
          [-126.44421, 32.39149],
          [-126.43972, 32.39762],
          [-126.42427, 32.41873],
          [-126.39816, 32.42393],
          [-126.39367, 32.43006],
          [-126.3782, 32.45117],
          [-126.37371, 32.4573],
          [-126.35823, 32.4784],
          [-126.35374, 32.48452],
          [-126.33826, 32.50562],
          [-126.33376, 32.51175],
          [-126.31827, 32.53285],
          [-126.29213, 32.53803],
          [-126.28763, 32.54415],
          [-126.27213, 32.56524],
          [-126.26763, 32.57136],
          [-126.25212, 32.59245],
          [-126.22596, 32.59762],
          [-126.22146, 32.60374],
          [-126.20593, 32.62482],
          [-126.17977, 32.62998],
          [-126.17526, 32.6361],
          [-126.15972, 32.65718],
          [-126.15521, 32.6633],
          [-126.13967, 32.68437],
          [-126.13515, 32.69049],
          [-126.14128, 32.71252],
          [-126.12572, 32.73359],
          [-126.12121, 32.7397],
          [-126.12733, 32.76174],
          [-126.11177, 32.7828],
          [-126.10725, 32.78892],
          [-126.11337, 32.81095],
          [-126.1195, 32.83297],
          [-126.10392, 32.85403],
          [-126.0994, 32.86015],
          [-126.10552, 32.88217],
          [-126.08994, 32.90323],
          [-126.08542, 32.90934],
          [-126.09154, 32.93137],
          [-126.07595, 32.95242],
          [-126.07142, 32.95853],
          [-126.07755, 32.98055],
          [-126.08367, 33.00257],
          [-126.06807, 33.02362],
          [-126.06354, 33.02973],
          [-126.06967, 33.05175],
          [-126.07579, 33.07377],
          [-126.06018, 33.09481],
          [-126.05565, 33.10092],
          [-126.06178, 33.12293],
          [-126.06791, 33.14495],
          [-126.07404, 33.16696],
          [-126.08018, 33.18897],
          [-126.08631, 33.21098],
          [-126.09246, 33.23298],
          [-126.07682, 33.25402],
          [-126.07228, 33.26013],
          [-126.07842, 33.28213],
          [-126.08457, 33.30414],
          [-126.09071, 33.32614],
          [-126.07507, 33.34717],
          [-126.07052, 33.35327],
          [-126.05487, 33.3743],
          [-126.05032, 33.3804],
          [-126.05647, 33.4024],
          [-126.0408, 33.42342],
          [-126.03625, 33.42953],
          [-126.0424, 33.45152],
          [-126.02672, 33.47254],
          [-126.02217, 33.47864],
          [-126.02832, 33.50064],
          [-126.01263, 33.52165],
          [-126.00808, 33.52775],
          [-125.99239, 33.54876],
          [-125.98784, 33.55486],
          [-125.97214, 33.57587],
          [-125.96758, 33.58197],
          [-125.95188, 33.60297],
          [-125.94732, 33.60907],
          [-125.9316, 33.63007],
          [-125.92704, 33.63617],
          [-125.91132, 33.65716],
          [-125.90676, 33.66326],
          [-125.91289, 33.68525],
          [-125.89716, 33.70624],
          [-125.89259, 33.71233],
          [-125.87685, 33.73332],
          [-125.87228, 33.73941],
          [-125.85654, 33.7604],
          [-125.85197, 33.76649],
          [-125.83622, 33.78747],
          [-125.80976, 33.79256],
          [-125.80519, 33.79865],
          [-125.78942, 33.81962],
          [-125.78485, 33.82571],
          [-125.76907, 33.84669],
          [-125.7426, 33.85176],
          [-125.73802, 33.85785],
          [-125.72224, 33.87881],
          [-125.71765, 33.8849],
          [-125.70186, 33.90586],
          [-125.67537, 33.91092],
          [-125.67079, 33.91701],
          [-125.65498, 33.93796],
          [-125.65039, 33.94405],
          [-125.63457, 33.965],
          [-125.60807, 33.97005],
          [-125.60348, 33.97613],
          [-125.58765, 33.99708],
          [-125.56114, 34.00212],
          [-125.55654, 34.0082],
          [-125.5407, 34.02914],
          [-125.5361, 34.03521],
          [-125.52025, 34.05615],
          [-125.49372, 34.06118],
          [-125.48912, 34.06726],
          [-125.47326, 34.08819],
          [-125.46865, 34.09426],
          [-125.45278, 34.11519],
          [-125.44817, 34.12126],
          [-125.4323, 34.14218],
          [-125.42769, 34.14826],
          [-125.4118, 34.16917],
          [-125.40719, 34.17525],
          [-125.3913, 34.19616],
          [-125.38668, 34.20223],
          [-125.37078, 34.22314],
          [-125.36616, 34.22921],
          [-125.35026, 34.25012],
          [-125.34564, 34.25619],
          [-125.32972, 34.27709],
          [-125.30313, 34.28209],
          [-125.27654, 34.28708],
          [-125.27191, 34.29315],
          [-125.25598, 34.31404],
          [-125.22938, 34.31903],
          [-125.20277, 34.32401],
          [-125.17617, 34.32898],
          [-125.14956, 34.33395],
          [-125.12295, 34.33892],
          [-125.11831, 34.34498],
          [-125.10234, 34.36586],
          [-125.07572, 34.37081],
          [-125.07108, 34.37687],
          [-125.0551, 34.39774],
          [-125.05045, 34.4038],
          [-125.05646, 34.42577],
          [-125.04046, 34.44664],
          [-125.03582, 34.45269],
          [-125.01982, 34.47356],
          [-125.01517, 34.47961],
          [-125.02117, 34.50158],
          [-125.00516, 34.52244],
          [-125.00051, 34.52849],
          [-125.00651, 34.55046],
          [-125.01251, 34.57242],
          [-124.99649, 34.59327],
          [-124.99184, 34.59932],
          [-124.99784, 34.62129],
          [-124.98181, 34.64213],
          [-124.97715, 34.64818],
          [-124.98315, 34.67014],
          [-124.96711, 34.69098],
          [-124.96245, 34.69703],
          [-124.9464, 34.71787],
          [-124.94174, 34.72392],
          [-124.92569, 34.74476],
          [-124.92102, 34.7508],
          [-124.90496, 34.77163],
          [-124.87823, 34.77655],
          [-124.87356, 34.7826],
          [-124.85749, 34.80342],
          [-124.83075, 34.80834],
          [-124.82608, 34.81438],
          [-124.80999, 34.8352],
          [-124.80531, 34.84124],
          [-124.78921, 34.86205],
          [-124.78454, 34.8681],
          [-124.76843, 34.88891],
          [-124.74167, 34.8938],
          [-124.73699, 34.89984],
          [-124.72087, 34.92064],
          [-124.71619, 34.92668],
          [-124.70006, 34.94748],
          [-124.69537, 34.95352],
          [-124.67924, 34.97432],
          [-124.65245, 34.9792],
          [-124.64776, 34.98523],
          [-124.63161, 35.00602],
          [-124.62692, 35.01206],
          [-124.61077, 35.03284],
          [-124.60607, 35.03887],
          [-124.58991, 35.05965],
          [-124.5631, 35.06452],
          [-124.5584, 35.07055],
          [-124.54222, 35.09132],
          [-124.5154, 35.09618],
          [-124.5107, 35.10221],
          [-124.49451, 35.12298],
          [-124.46768, 35.12783],
          [-124.44085, 35.13267],
          [-124.43614, 35.1387],
          [-124.41993, 35.15946],
          [-124.39309, 35.16429],
          [-124.38838, 35.17032],
          [-124.37215, 35.19107],
          [-124.3453, 35.19589],
          [-124.34059, 35.20192],
          [-124.32435, 35.22266],
          [-124.29749, 35.22748],
          [-124.29277, 35.2335],
          [-124.27651, 35.25424],
          [-124.24964, 35.25905],
          [-124.24492, 35.26507],
          [-124.22866, 35.2858],
          [-124.20177, 35.2906],
          [-124.17489, 35.2954],
          [-124.17016, 35.30142],
          [-124.15388, 35.32214],
          [-124.12699, 35.32693],
          [-124.10009, 35.33171],
          [-124.07319, 35.33649],
          [-124.04629, 35.34127],
          [-124.01939, 35.34604],
          [-123.99314, 35.35328],
          [-123.98775, 35.35682],
          [-123.97142, 35.37752],
          [-123.9445, 35.38228],
          [-123.91759, 35.38703],
          [-123.89067, 35.39178],
          [-123.8644, 35.399],
          [-123.859, 35.40254],
          [-123.84264, 35.42322],
          [-123.81571, 35.42796],
          [-123.78878, 35.43269],
          [-123.76249, 35.43989],
          [-123.75708, 35.44342],
          [-123.7407, 35.46409],
          [-123.71375, 35.46881],
          [-123.68681, 35.47353],
          [-123.68205, 35.47953],
          [-123.66564, 35.50019],
          [-123.63869, 35.5049],
          [-123.63392, 35.51089],
          [-123.6175, 35.53155],
          [-123.61274, 35.53754],
          [-123.59631, 35.55819],
          [-123.56934, 35.56289],
          [-123.56456, 35.56888],
          [-123.54812, 35.58952],
          [-123.54335, 35.59551],
          [-123.5269, 35.61615],
          [-123.52213, 35.62214],
          [-123.50567, 35.64278],
          [-123.47867, 35.64746],
          [-123.47389, 35.65345],
          [-123.45743, 35.67407],
          [-123.45264, 35.68006],
          [-123.43617, 35.70068],
          [-123.40915, 35.70535],
          [-123.38213, 35.71002],
          [-123.37734, 35.716],
          [-123.36085, 35.73661],
          [-123.33382, 35.74127],
          [-123.32903, 35.74725],
          [-123.31252, 35.76786],
          [-123.28548, 35.7725],
          [-123.25844, 35.77715],
          [-123.25364, 35.78313],
          [-123.23711, 35.80372],
          [-123.21006, 35.80836],
          [-123.18301, 35.81299],
          [-123.17821, 35.81896],
          [-123.16166, 35.83955],
          [-123.1346, 35.84417],
          [-123.12979, 35.85015],
          [-123.11323, 35.87073],
          [-123.10842, 35.8767],
          [-123.09185, 35.89727],
          [-123.08703, 35.90325],
          [-123.09273, 35.92518],
          [-123.07615, 35.94575],
          [-123.07133, 35.95172],
          [-123.07702, 35.97365],
          [-123.06043, 35.99422],
          [-123.05562, 36.00019],
          [-123.06131, 36.02211],
          [-123.04471, 36.04267],
          [-123.03988, 36.04864],
          [-123.04558, 36.07057],
          [-123.02896, 36.09112],
          [-123.02414, 36.09709],
          [-123.00752, 36.11764],
          [-123.00269, 36.1236],
          [-122.98607, 36.14415],
          [-122.98124, 36.15011],
          [-122.98692, 36.17203],
          [-122.99261, 36.19395],
          [-122.97597, 36.21449],
          [-122.97114, 36.22045],
          [-122.95449, 36.24099],
          [-122.94965, 36.24695],
          [-122.933, 36.26748],
          [-122.92816, 36.27344],
          [-122.93384, 36.29535],
          [-122.91717, 36.31588],
          [-122.91233, 36.32184],
          [-122.89566, 36.34236],
          [-122.89082, 36.34832],
          [-122.87413, 36.36883],
          [-122.86929, 36.37479],
          [-122.8526, 36.3953],
          [-122.84775, 36.40126],
          [-122.85342, 36.42316],
          [-122.83672, 36.44367],
          [-122.80949, 36.44823],
          [-122.80464, 36.45418],
          [-122.78793, 36.47468],
          [-122.78307, 36.48064],
          [-122.76635, 36.50113],
          [-122.76149, 36.50708],
          [-122.74476, 36.52758],
          [-122.7399, 36.53353],
          [-122.72316, 36.55402],
          [-122.7183, 36.55996],
          [-122.70155, 36.58045],
          [-122.69669, 36.5864],
          [-122.67993, 36.60688],
          [-122.67507, 36.61282],
          [-122.6583, 36.6333],
          [-122.65344, 36.63924],
          [-122.63666, 36.65972],
          [-122.63179, 36.66566],
          [-122.61501, 36.68613],
          [-122.58772, 36.69065],
          [-122.58284, 36.69659],
          [-122.56605, 36.71705],
          [-122.56117, 36.72299],
          [-122.54437, 36.74344],
          [-122.53949, 36.74938],
          [-122.52268, 36.76983],
          [-122.49536, 36.77434],
          [-122.49048, 36.78027],
          [-122.47365, 36.80072],
          [-122.46876, 36.80665],
          [-122.45193, 36.8271],
          [-122.44704, 36.83303],
          [-122.45266, 36.85491],
          [-122.43581, 36.87534],
          [-122.43092, 36.88128],
          [-122.41407, 36.90171],
          [-122.40918, 36.90764],
          [-122.39232, 36.92807],
          [-122.38742, 36.934],
          [-122.37055, 36.95442],
          [-122.36565, 36.96035],
          [-122.34878, 36.98077],
          [-122.34388, 36.98669],
          [-122.34948, 37.00856],
          [-122.33259, 37.02898],
          [-122.32769, 37.0349],
          [-122.33328, 37.05677],
          [-122.31639, 37.07718],
          [-122.31148, 37.0831],
          [-122.31708, 37.10497],
          [-122.30017, 37.12537],
          [-122.29526, 37.13129],
          [-122.30086, 37.15315],
          [-122.28394, 37.17355],
          [-122.27903, 37.17947],
          [-122.2621, 37.19986],
          [-122.25718, 37.20578],
          [-122.24025, 37.22617],
          [-122.2128, 37.23062],
          [-122.20788, 37.23653],
          [-122.19093, 37.25691],
          [-122.18601, 37.26283],
          [-122.16905, 37.28321],
          [-122.16413, 37.28912],
          [-122.16971, 37.31097],
          [-122.15274, 37.33134],
          [-122.14781, 37.33726],
          [-122.13084, 37.35762],
          [-122.10335, 37.36205],
          [-122.09842, 37.36796],
          [-122.08143, 37.38832],
          [-122.07649, 37.39423],
          [-122.0595, 37.41459],
          [-122.05456, 37.4205],
          [-122.03755, 37.44085],
          [-122.01004, 37.44526],
          [-122.0051, 37.45117],
          [-121.98808, 37.47151],
          [-121.96056, 37.47591],
          [-121.95561, 37.48182],
          [-121.93858, 37.50215],
          [-121.93363, 37.50805],
          [-121.91659, 37.52839],
          [-121.88905, 37.53278],
          [-121.8841, 37.53868],
          [-121.86704, 37.559],
          [-121.86209, 37.5649],
          [-121.84502, 37.58522],
          [-121.84006, 37.59112],
          [-121.82299, 37.61143],
          [-121.81803, 37.61733],
          [-121.80095, 37.63764],
          [-121.79599, 37.64354],
          [-121.7789, 37.66384],
          [-121.77393, 37.66974],
          [-121.75683, 37.69004],
          [-121.72925, 37.6944],
          [-121.72428, 37.70029],
          [-121.70717, 37.72059],
          [-121.67957, 37.72494],
          [-121.6746, 37.73083],
          [-121.65747, 37.75112],
          [-121.62987, 37.75546],
          [-121.62489, 37.76135],
          [-121.60775, 37.78163],
          [-121.60277, 37.78752],
          [-121.58562, 37.80779],
          [-121.58064, 37.81368],
          [-121.56348, 37.83395],
          [-121.53585, 37.83828],
          [-121.53086, 37.84416],
          [-121.51369, 37.86442],
          [-121.5087, 37.8703],
          [-121.49152, 37.89056],
          [-121.48653, 37.89644],
          [-121.46934, 37.9167],
          [-121.46435, 37.92258],
          [-121.44715, 37.94282],
          [-121.44215, 37.9487],
          [-121.42495, 37.96895],
          [-121.41995, 37.97482],
          [-121.40273, 37.99506],
          [-121.39773, 38.00094],
          [-121.38051, 38.02117],
          [-121.37551, 38.02705],
          [-121.38096, 38.04886],
          [-121.36373, 38.06909],
          [-121.35872, 38.07496],
          [-121.34148, 38.09518],
          [-121.33647, 38.10106],
          [-121.34193, 38.12286],
          [-121.32467, 38.14308],
          [-121.31966, 38.14895],
          [-121.32511, 38.17075],
          [-121.30785, 38.19096],
          [-121.30283, 38.19683],
          [-121.28556, 38.21704],
          [-121.28054, 38.2229],
          [-121.28599, 38.2447],
          [-121.26871, 38.2649],
          [-121.26369, 38.27076],
          [-121.24639, 38.29096],
          [-121.24137, 38.29683],
          [-121.22407, 38.31702],
          [-121.21904, 38.32288],
          [-121.20173, 38.34307],
          [-121.19671, 38.34893],
          [-121.17939, 38.36912],
          [-121.17436, 38.37498],
          [-121.15703, 38.39516],
          [-121.152, 38.40101],
          [-121.13467, 38.42119],
          [-121.12963, 38.42705],
          [-121.11229, 38.44722],
          [-121.10725, 38.45307],
          [-121.11267, 38.47485],
          [-121.09532, 38.49501],
          [-121.09028, 38.50087],
          [-121.07291, 38.52103],
          [-121.06787, 38.52688],
          [-121.0505, 38.54704],
          [-121.04546, 38.55289],
          [-121.05087, 38.57466],
          [-121.03349, 38.59481],
          [-121.02844, 38.60066],
          [-121.03385, 38.62242],
          [-121.03927, 38.64418],
          [-121.02187, 38.66433],
          [-121.01682, 38.67017],
          [-121.02224, 38.69193],
          [-121.02766, 38.71369],
          [-121.03308, 38.73544],
          [-121.0385, 38.75719],
          [-121.04392, 38.77894],
          [-121.04935, 38.80069],
          [-121.05478, 38.82243],
          [-121.06021, 38.84417],
          [-121.06772, 38.84811],
          [-121.09356, 38.86168],
          [-121.09901, 38.88341],
          [-121.10445, 38.90515],
          [-121.1099, 38.92688],
          [-121.11534, 38.94861],
          [-121.12079, 38.97034],
          [-121.12625, 38.99206],
          [-121.1317, 39.01378],
          [-121.13716, 39.0355],
          [-121.14262, 39.05722],
          [-121.14808, 39.07894],
          [-121.15354, 39.10065],
          [-121.15901, 39.12236],
          [-121.14156, 39.14247],
          [-121.13649, 39.14831],
          [-121.14195, 39.17001],
          [-121.14742, 39.19172],
          [-121.12996, 39.21182],
          [-121.12488, 39.21766],
          [-121.13035, 39.23936],
          [-121.11287, 39.25945],
          [-121.1078, 39.26529],
          [-121.09031, 39.28538],
          [-121.08523, 39.29121],
          [-121.06774, 39.3113],
          [-121.06266, 39.31713],
          [-121.06811, 39.33882],
          [-121.05061, 39.3589],
          [-121.04552, 39.36473],
          [-121.02801, 39.3848],
          [-121.02292, 39.39063],
          [-121.0054, 39.4107],
          [-121.00031, 39.41653],
          [-120.98278, 39.4366],
          [-120.97769, 39.44242],
          [-120.96014, 39.46248],
          [-120.95505, 39.46831],
          [-120.9375, 39.48836],
          [-120.9324, 39.49418],
          [-120.91485, 39.51424],
          [-120.90975, 39.52006],
          [-120.89218, 39.5401],
          [-120.88708, 39.54592],
          [-120.8695, 39.56597],
          [-120.8644, 39.57178],
          [-120.84681, 39.59182],
          [-120.84171, 39.59764],
          [-120.82411, 39.61767],
          [-120.819, 39.62349],
          [-120.8014, 39.64352],
          [-120.79629, 39.64933],
          [-120.77868, 39.66935],
          [-120.77357, 39.67517],
          [-120.75595, 39.69518],
          [-120.75083, 39.70099],
          [-120.7332, 39.72101],
          [-120.72808, 39.72682],
          [-120.71045, 39.74683],
          [-120.70532, 39.75264],
          [-120.68768, 39.77264],
          [-120.68255, 39.77845],
          [-120.6649, 39.79845],
          [-120.65977, 39.80425],
          [-120.64211, 39.82425],
          [-120.63698, 39.83005],
          [-120.61931, 39.85004],
          [-120.61418, 39.85584],
          [-120.5965, 39.87583],
          [-120.59136, 39.88163],
          [-120.57367, 39.90161],
          [-120.54546, 39.90574],
          [-120.54032, 39.91154],
          [-120.52261, 39.93151],
          [-120.51747, 39.93731],
          [-120.49976, 39.95727],
          [-120.47152, 39.96139],
          [-120.46638, 39.96719],
          [-120.44865, 39.98714],
          [-120.4204, 39.99125],
          [-120.41525, 39.99705],
          [-120.39751, 40.017],
          [-120.36926, 40.0211],
          [-120.3641, 40.02689],
          [-120.34634, 40.04683],
          [-120.31808, 40.05092],
          [-120.31292, 40.05671],
          [-120.29515, 40.07664],
          [-120.26687, 40.08072],
          [-120.26171, 40.08651],
          [-120.24392, 40.10644],
          [-120.21563, 40.11051],
          [-120.21047, 40.11629],
          [-120.19266, 40.13621],
          [-120.18749, 40.14199],
          [-120.16968, 40.16191],
          [-120.16451, 40.16769],
          [-120.14669, 40.1876],
          [-120.14152, 40.19337],
          [-120.12369, 40.21328],
          [-120.11851, 40.21906],
          [-120.10067, 40.23895],
          [-120.09549, 40.24473],
          [-120.07764, 40.26462],
          [-120.07246, 40.2704],
          [-120.07776, 40.29202],
          [-120.0599, 40.31191],
          [-120.05472, 40.31768],
          [-120.03685, 40.33756],
          [-120.03166, 40.34333],
          [-120.01379, 40.36321],
          [-120.00859, 40.36898],
          [-119.99071, 40.38885],
          [-119.98552, 40.39462],
          [-119.99081, 40.41623],
          [-119.97291, 40.43609],
          [-119.96771, 40.44186],
          [-119.94981, 40.46172],
          [-119.94461, 40.46749],
          [-119.94989, 40.48909],
          [-119.93198, 40.50894],
          [-119.90357, 40.51296],
          [-119.89836, 40.51872],
          [-119.88043, 40.53856],
          [-119.87522, 40.54433],
          [-119.85728, 40.56417],
          [-119.85207, 40.56993],
          [-119.83412, 40.58976],
          [-119.82891, 40.59552],
          [-119.81095, 40.61535],
          [-119.80573, 40.62111],
          [-119.78777, 40.64093],
          [-119.78255, 40.64669],
          [-119.76457, 40.66651],
          [-119.73611, 40.67049],
          [-119.73089, 40.67625],
          [-119.7129, 40.69606],
          [-119.70767, 40.70181],
          [-119.68967, 40.72162],
          [-119.6612, 40.72559],
          [-119.65597, 40.73134],
          [-119.63795, 40.75114],
          [-119.63272, 40.75689],
          [-119.61469, 40.77668],
          [-119.60946, 40.78243],
          [-119.59142, 40.80221],
          [-119.56292, 40.80617],
          [-119.55768, 40.81191],
          [-119.53963, 40.83169],
          [-119.51112, 40.83564],
          [-119.48261, 40.83958],
          [-119.47736, 40.84532],
          [-119.45929, 40.86509],
          [-119.43076, 40.86902],
          [-119.42552, 40.87476],
          [-119.40743, 40.89452],
          [-119.37889, 40.89844],
          [-119.37364, 40.90418],
          [-119.35554, 40.92393],
          [-119.32699, 40.92785],
          [-119.32174, 40.93358],
          [-119.30362, 40.95332],
          [-119.29836, 40.95905],
          [-119.28023, 40.97879],
          [-119.27497, 40.98452],
          [-119.25683, 41.00426],
          [-119.25157, 41.00999],
          [-119.23343, 41.02971],
          [-119.22816, 41.03544],
          [-119.21, 41.05517],
          [-119.20473, 41.06089],
          [-119.18657, 41.08061],
          [-119.1813, 41.08633],
          [-119.16313, 41.10605],
          [-119.15785, 41.11177],
          [-119.13967, 41.13148],
          [-119.13439, 41.1372],
          [-119.1162, 41.1569],
          [-119.11092, 41.16262],
          [-119.09272, 41.18232],
          [-119.08744, 41.18804],
          [-119.06923, 41.20773],
          [-119.06395, 41.21345],
          [-119.04573, 41.23314],
          [-119.04044, 41.23885],
          [-119.02222, 41.25854],
          [-119.01692, 41.26425],
          [-118.99869, 41.28393],
          [-118.99339, 41.28964],
          [-118.99852, 41.31117],
          [-118.98027, 41.33084],
          [-118.9516, 41.33469],
          [-118.9463, 41.3404],
          [-118.92804, 41.36006],
          [-118.92274, 41.36577],
          [-118.90447, 41.38543],
          [-118.87577, 41.38926],
          [-118.87047, 41.39497],
          [-118.85218, 41.41461],
          [-118.82348, 41.41844],
          [-118.81817, 41.42414],
          [-118.79987, 41.44378],
          [-118.79455, 41.44948],
          [-118.77624, 41.46912],
          [-118.74752, 41.47293],
          [-118.7422, 41.47863],
          [-118.72388, 41.49825],
          [-118.69514, 41.50206],
          [-118.68982, 41.50775],
          [-118.67148, 41.52737],
          [-118.66615, 41.53307],
          [-118.6478, 41.55268],
          [-118.64248, 41.55837],
          [-118.62412, 41.57798],
          [-118.61879, 41.58367],
          [-118.60042, 41.60327],
          [-118.59508, 41.60897],
          [-118.57671, 41.62856],
          [-118.57137, 41.63425],
          [-118.55298, 41.65384],
          [-118.54764, 41.65953],
          [-118.52925, 41.67912],
          [-118.5239, 41.6848],
          [-118.52895, 41.7063],
          [-118.51054, 41.72588],
          [-118.48174, 41.72965],
          [-118.47639, 41.73533],
          [-118.48143, 41.75682],
          [-118.46301, 41.77639],
          [-118.45766, 41.78207],
          [-118.43922, 41.80164],
          [-118.43387, 41.80732],
          [-118.41542, 41.82688],
          [-118.41006, 41.83255],
          [-118.39161, 41.85211],
          [-118.38625, 41.85778],
          [-118.36779, 41.87733],
          [-118.36243, 41.88301],
          [-118.34395, 41.90255],
          [-118.33859, 41.90822],
          [-118.34361, 41.9297],
          [-118.32512, 41.94924],
          [-118.31976, 41.95491],
          [-118.32477, 41.97638],
          [-118.32979, 41.99785],
          [-118.31129, 42.01738],
          [-118.30592, 42.02305],
          [-118.31094, 42.04451],
          [-118.29243, 42.06403],
          [-118.28705, 42.0697],
          [-118.29207, 42.09115],
          [-118.27354, 42.11067],
          [-118.26816, 42.11633],
          [-118.27318, 42.13778],
          [-118.27819, 42.15923],
          [-118.25965, 42.17874],
          [-118.25427, 42.1844],
          [-118.25929, 42.20584],
          [-118.2643, 42.22729],
          [-118.26932, 42.24873],
          [-118.25076, 42.26822],
          [-118.24537, 42.27388],
          [-118.25039, 42.29531],
          [-118.25541, 42.31674],
          [-118.26043, 42.33817],
          [-118.26546, 42.3596],
          [-118.27048, 42.38102],
          [-118.2519, 42.4005],
          [-118.24651, 42.40615],
          [-118.25153, 42.42757],
          [-118.25656, 42.44898],
          [-118.26158, 42.47039],
          [-118.24298, 42.48986],
          [-118.23758, 42.49551],
          [-118.24261, 42.51692],
          [-118.224, 42.53637],
          [-118.21859, 42.54202],
          [-118.22362, 42.56342],
          [-118.20499, 42.58287],
          [-118.19958, 42.58852],
          [-118.20461, 42.60992],
          [-118.18597, 42.62936],
          [-118.18056, 42.635],
          [-118.18558, 42.65639],
          [-118.16693, 42.67583],
          [-118.16151, 42.68147],
          [-118.16653, 42.70286],
          [-118.14787, 42.72228],
          [-118.14245, 42.72792],
          [-118.14747, 42.7493],
          [-118.15249, 42.77068],
          [-118.13381, 42.7901],
          [-118.12839, 42.79574],
          [-118.13341, 42.81711],
          [-118.13843, 42.83847],
          [-118.11973, 42.85788],
          [-118.1143, 42.86352],
          [-118.11932, 42.88488],
          [-118.10062, 42.90428],
          [-118.09519, 42.90991],
          [-118.07647, 42.92931],
          [-118.07103, 42.93494],
          [-118.05231, 42.95433],
          [-118.04687, 42.95996],
          [-118.02814, 42.97935],
          [-118.0227, 42.98498],
          [-118.00395, 43.00436],
          [-117.97476, 43.00801],
          [-117.96932, 43.01364],
          [-117.95056, 43.03301],
          [-117.92136, 43.03666],
          [-117.89215, 43.0403],
          [-117.8867, 43.04592],
          [-117.86792, 43.06528],
          [-117.8387, 43.06891],
          [-117.80949, 43.07254],
          [-117.78027, 43.07616],
          [-117.75104, 43.07978],
          [-117.72182, 43.08339],
          [-117.69259, 43.087],
          [-117.66337, 43.09061],
          [-117.6579, 43.09622],
          [-117.63906, 43.11555],
          [-117.60982, 43.11915],
          [-117.58058, 43.12274],
          [-117.55134, 43.12632],
          [-117.54587, 43.13193],
          [-117.527, 43.15124],
          [-117.52152, 43.15685],
          [-117.50265, 43.17616],
          [-117.49717, 43.18177],
          [-117.47828, 43.20107],
          [-117.4728, 43.20667],
          [-117.45391, 43.22597],
          [-117.44842, 43.23157],
          [-117.42952, 43.25087],
          [-117.42403, 43.25647],
          [-117.42892, 43.2778],
          [-117.41, 43.29708],
          [-117.40451, 43.30268],
          [-117.38559, 43.32196],
          [-117.38009, 43.32756],
          [-117.36116, 43.34683],
          [-117.35566, 43.35243],
          [-117.33671, 43.37169],
          [-117.30739, 43.37524],
          [-117.30188, 43.38083],
          [-117.28292, 43.40009],
          [-117.27742, 43.40568],
          [-117.25845, 43.42493],
          [-117.25294, 43.43052],
          [-117.23396, 43.44977],
          [-117.22845, 43.45536],
          [-117.20946, 43.4746],
          [-117.20395, 43.48019],
          [-117.18495, 43.49943],
          [-117.17943, 43.50501],
          [-117.16042, 43.52424],
          [-117.1549, 43.52983],
          [-117.13589, 43.54905],
          [-117.1065, 43.55256],
          [-117.10098, 43.55814],
          [-117.08194, 43.57736],
          [-117.05255, 43.58085],
          [-117.04702, 43.58643],
          [-117.02797, 43.60564],
          [-117.02244, 43.61122],
          [-117.00338, 43.63042],
          [-116.99784, 43.63599],
          [-116.97877, 43.65519],
          [-116.94935, 43.65867],
          [-116.94381, 43.66424],
          [-116.92473, 43.68343],
          [-116.91919, 43.689],
          [-116.90009, 43.70818],
          [-116.89455, 43.71375],
          [-116.87544, 43.73293],
          [-116.86989, 43.7385],
          [-116.85078, 43.75767],
          [-116.82132, 43.76112],
          [-116.81577, 43.76669],
          [-116.79664, 43.78585],
          [-116.76717, 43.7893],
          [-116.76161, 43.79486],
          [-116.74247, 43.81401],
          [-116.73691, 43.81957],
          [-116.71775, 43.83872],
          [-116.68827, 43.84216],
          [-116.6827, 43.84771],
          [-116.66353, 43.86685],
          [-116.63403, 43.87028],
          [-116.62846, 43.87583],
          [-116.60927, 43.89496],
          [-116.6037, 43.90052],
          [-116.5845, 43.91964],
          [-116.55499, 43.92305],
          [-116.52547, 43.92646],
          [-116.49595, 43.92986],
          [-116.49037, 43.93541],
          [-116.47114, 43.95452],
          [-116.46556, 43.96006],
          [-116.44632, 43.97917],
          [-116.41978, 43.96532],
          [-116.41208, 43.9613],
          [-116.38254, 43.96468],
          [-116.37695, 43.97023],
          [-116.3577, 43.98932],
          [-116.32815, 43.99269],
          [-116.29861, 43.99606],
          [-116.26906, 43.99943],
          [-116.23951, 44.00279],
          [-116.23391, 44.00833],
          [-116.21462, 44.0274],
          [-116.18505, 44.03075],
          [-116.15549, 44.0341],
          [-116.12592, 44.03744],
          [-116.12032, 44.04297],
          [-116.101, 44.06203],
          [-116.07142, 44.06536],
          [-116.06581, 44.07089],
          [-116.04647, 44.08994],
          [-116.04086, 44.09547],
          [-116.02151, 44.11451],
          [-115.99191, 44.11783],
          [-115.98629, 44.12336],
          [-115.96693, 44.14239],
          [-115.96131, 44.14791],
          [-115.94194, 44.16694],
          [-115.91232, 44.17025],
          [-115.9067, 44.17577],
          [-115.88731, 44.19479],
          [-115.88168, 44.20031],
          [-115.86228, 44.21932],
          [-115.85665, 44.22484],
          [-115.83724, 44.24385],
          [-115.8316, 44.24936],
          [-115.81218, 44.26837],
          [-115.80654, 44.27388],
          [-115.78712, 44.29288],
          [-115.75746, 44.29616],
          [-115.75182, 44.30167],
          [-115.73237, 44.32065],
          [-115.72673, 44.32617],
          [-115.70727, 44.34515],
          [-115.70162, 44.35066],
          [-115.68216, 44.36963],
          [-115.65247, 44.37289],
          [-115.64682, 44.3784],
          [-115.62734, 44.39736],
          [-115.59765, 44.40062],
          [-115.56795, 44.40386],
          [-115.53825, 44.4071],
          [-115.53259, 44.4126],
          [-115.51308, 44.43155],
          [-115.48337, 44.43479],
          [-115.4777, 44.44029],
          [-115.45818, 44.45923],
          [-115.45251, 44.46473],
          [-115.43297, 44.48366],
          [-115.40324, 44.48688],
          [-115.39757, 44.49237],
          [-115.38969, 44.5]
        ]
      }
    },
    {
      "type": "Feature",
      "id": "2026083012_f210_12000_001",
      "properties": {
        "product_id": "winter_storm_levels",
        "source_id": "nbm_snow_level",
        "parameter": "snow_level",
        "definition": "height of the wet-bulb 0.5 degree C surface",
        "level_ft_msl": 12000,
        "label": "12,000 ft MSL",
        "unit": "ft_msl",
        "cycle_time_utc": "2026-08-30T12:00:00Z",
        "valid_time_utc": "2026-09-08T06:00:00Z",
        "lead_hours": 210,
        "segment": 1,
        "length_m": 2237439.7
      },
      "geometry": {
        "type": "LineString",
        "coordinates": [
          [-127.40469, 30.12775],
          [-127.39625, 30.13975],
          [-127.38997, 30.14869],
          [-127.37692, 30.16724],
          [-127.37063, 30.17617],
          [-127.35758, 30.19471],
          [-127.33201, 30.20009],
          [-127.32572, 30.20902],
          [-127.31265, 30.22756],
          [-127.30635, 30.23649],
          [-127.29328, 30.25503],
          [-127.28698, 30.26395],
          [-127.2739, 30.28249],
          [-127.24831, 30.28785],
          [-127.24201, 30.29678],
          [-127.22892, 30.31531],
          [-127.22261, 30.32423],
          [-127.20951, 30.34276],
          [-127.20321, 30.35168],
          [-127.1901, 30.37021],
          [-127.18379, 30.37913],
          [-127.17068, 30.39766],
          [-127.14506, 30.403],
          [-127.13874, 30.41192],
          [-127.12562, 30.43044],
          [-127.1193, 30.43936],
          [-127.10618, 30.45788],
          [-127.08054, 30.46321],
          [-127.0549, 30.46853],
          [-127.04857, 30.47745],
          [-127.03543, 30.49596],
          [-127.00978, 30.50128],
          [-127.00345, 30.51019],
          [-126.99029, 30.5287],
          [-126.98396, 30.53761],
          [-126.9708, 30.55611],
          [-126.94513, 30.56142],
          [-126.93879, 30.57033],
          [-126.92562, 30.58883],
          [-126.91928, 30.59773],
          [-126.90611, 30.61623],
          [-126.89976, 30.62513],
          [-126.88658, 30.64363],
          [-126.86089, 30.64892],
          [-126.85454, 30.65783],
          [-126.84134, 30.67631],
          [-126.83499, 30.68522],
          [-126.82179, 30.7037],
          [-126.81543, 30.7126],
          [-126.80223, 30.73109],
          [-126.79587, 30.73999],
          [-126.78266, 30.75847],
          [-126.75694, 30.76374],
          [-126.75057, 30.77264],
          [-126.73735, 30.79112],
          [-126.73098, 30.80001],
          [-126.71775, 30.81849],
          [-126.71138, 30.82738],
          [-126.69814, 30.84585],
          [-126.69177, 30.85475],
          [-126.67853, 30.87322],
          [-126.67215, 30.88211],
          [-126.6589, 30.90057],
          [-126.65252, 30.90946],
          [-126.63927, 30.92793],
          [-126.61351, 30.93318],
          [-126.60712, 30.94207],
          [-126.59386, 30.96053],
          [-126.58747, 30.96941],
          [-126.5742, 30.98787],
          [-126.54842, 30.99311],
          [-126.54202, 31.00199],
          [-126.52874, 31.02045],
          [-126.52235, 31.02933],
          [-126.52845, 31.05143],
          [-126.51516, 31.06988],
          [-126.50876, 31.07876],
          [-126.49547, 31.0972],
          [-126.48906, 31.10609],
          [-126.47576, 31.12453],
          [-126.44995, 31.12975],
          [-126.42413, 31.13497],
          [-126.41772, 31.14385],
          [-126.4044, 31.16228],
          [-126.37857, 31.16749],
          [-126.37216, 31.17637],
          [-126.35883, 31.1948],
          [-126.33299, 31.2],
          [-126.32657, 31.20887],
          [-126.31323, 31.2273],
          [-126.28739, 31.23249],
          [-126.28096, 31.24136],
          [-126.26761, 31.25979],
          [-126.24176, 31.26497],
          [-126.23532, 31.27384],
          [-126.22196, 31.29226],
          [-126.1961, 31.29744],
          [-126.18966, 31.3063],
          [-126.17629, 31.32471],
          [-126.15041, 31.32988],
          [-126.14397, 31.33875],
          [-126.13059, 31.35715],
          [-126.10471, 31.36232],
          [-126.09826, 31.37118],
          [-126.08486, 31.38958],
          [-126.05897, 31.39473],
          [-126.03308, 31.39988],
          [-126.02662, 31.40874],
          [-126.01321, 31.42713],
          [-125.98731, 31.43228],
          [-125.9614, 31.43742],
          [-125.9355, 31.44255],
          [-125.90959, 31.44768],
          [-125.88367, 31.45281],
          [-125.8772, 31.46166],
          [-125.86376, 31.48004],
          [-125.83784, 31.48516],
          [-125.83137, 31.49401],
          [-125.81792, 31.51238],
          [-125.79198, 31.51749],
          [-125.7855, 31.52634],
          [-125.77204, 31.5447],
          [-125.7461, 31.54981],
          [-125.73962, 31.55865],
          [-125.72614, 31.57701],
          [-125.70019, 31.58211],
          [-125.6937, 31.59095],
          [-125.68022, 31.60931],
          [-125.67372, 31.61815],
          [-125.66023, 31.6365],
          [-125.65373, 31.64534],
          [-125.64024, 31.66369],
          [-125.63374, 31.67253],
          [-125.62023, 31.69088],
          [-125.61373, 31.69971],
          [-125.60022, 31.71806],
          [-125.57423, 31.72313],
          [-125.56772, 31.73196],
          [-125.5542, 31.75031],
          [-125.54769, 31.75914],
          [-125.53416, 31.77748],
          [-125.52765, 31.78631],
          [-125.51411, 31.80464],
          [-125.50759, 31.81347],
          [-125.49405, 31.83181],
          [-125.48753, 31.84063],
          [-125.47399, 31.85896],
          [-125.46746, 31.86779],
          [-125.45391, 31.88612],
          [-125.44738, 31.89494],
          [-125.43382, 31.91327],
          [-125.42729, 31.92209],
          [-125.41372, 31.94041],
          [-125.40719, 31.94923],
          [-125.39362, 31.96755],
          [-125.38708, 31.97637],
          [-125.39302, 31.99847],
          [-125.37944, 32.01679],
          [-125.3729, 32.02561],
          [-125.37884, 32.04771],
          [-125.36525, 32.06602],
          [-125.35871, 32.07484],
          [-125.36465, 32.09693],
          [-125.35105, 32.11524],
          [-125.3445, 32.12406],
          [-125.35044, 32.14615],
          [-125.33684, 32.16446],
          [-125.33029, 32.17327],
          [-125.33623, 32.19536],
          [-125.34217, 32.21746],
          [-125.34811, 32.23954],
          [-125.3345, 32.25785],
          [-125.32794, 32.26666],
          [-125.33388, 32.28875],
          [-125.33983, 32.31083],
          [-125.3262, 32.32913],
          [-125.32389, 32.33713],
          [-125.32559, 32.36003],
          [-125.33154, 32.38211],
          [-125.3179, 32.4004],
          [-125.31133, 32.40921],
          [-125.31728, 32.43129],
          [-125.30364, 32.44958],
          [-125.27747, 32.4546],
          [-125.2709, 32.46341],
          [-125.25724, 32.48169],
          [-125.25067, 32.4905],
          [-125.237, 32.50878],
          [-125.21082, 32.51379],
          [-125.20424, 32.52259],
          [-125.19057, 32.54087],
          [-125.18398, 32.54967],
          [-125.1703, 32.56794],
          [-125.16371, 32.57674],
          [-125.15003, 32.59502],
          [-125.14344, 32.60381],
          [-125.12974, 32.62208],
          [-125.12315, 32.63088],
          [-125.10945, 32.64915],
          [-125.10285, 32.65794],
          [-125.08915, 32.6762],
          [-125.08255, 32.685],
          [-125.06884, 32.70326],
          [-125.06223, 32.71205],
          [-125.04851, 32.73031],
          [-125.04191, 32.7391],
          [-125.02818, 32.75735],
          [-125.02157, 32.76614],
          [-125.00784, 32.7844],
          [-125.00123, 32.79318],
          [-124.98749, 32.81143],
          [-124.98087, 32.82022],
          [-124.96713, 32.83847],
          [-124.96051, 32.84725],
          [-124.94676, 32.86549],
          [-124.92048, 32.87045],
          [-124.91386, 32.87923],
          [-124.90009, 32.89747],
          [-124.89347, 32.90625],
          [-124.8797, 32.92448],
          [-124.8534, 32.92943],
          [-124.84677, 32.9382],
          [-124.83299, 32.95643],
          [-124.80669, 32.96137],
          [-124.80005, 32.97014],
          [-124.78626, 32.98837],
          [-124.77961, 32.99714],
          [-124.76582, 33.01536],
          [-124.7395, 33.02028],
          [-124.73285, 33.02906],
          [-124.71904, 33.04727],
          [-124.69271, 33.05219],
          [-124.68606, 33.06095],
          [-124.67224, 33.07916],
          [-124.66558, 33.08793],
          [-124.65175, 33.10614],
          [-124.62541, 33.11104],
          [-124.61875, 33.11981],
          [-124.60491, 33.13801],
          [-124.59824, 33.14677],
          [-124.5844, 33.16497],
          [-124.55804, 33.16986],
          [-124.55137, 33.17862],
          [-124.53751, 33.19682],
          [-124.51114, 33.2017],
          [-124.50446, 33.21046],
          [-124.49059, 33.22864],
          [-124.48391, 33.2374],
          [-124.47004, 33.25558],
          [-124.44365, 33.26046],
          [-124.43697, 33.26921],
          [-124.42308, 33.28739],
          [-124.41639, 33.29614],
          [-124.4025, 33.31432],
          [-124.39581, 33.32307],
          [-124.38191, 33.34124],
          [-124.37522, 33.34999],
          [-124.36131, 33.36816],
          [-124.33489, 33.37301],
          [-124.32819, 33.38176],
          [-124.31427, 33.39992],
          [-124.30757, 33.40867],
          [-124.29365, 33.42683],
          [-124.26721, 33.43167],
          [-124.2605, 33.44041],
          [-124.24657, 33.45857],
          [-124.22012, 33.4634],
          [-124.21341, 33.47214],
          [-124.19946, 33.49029],
          [-124.19275, 33.49903],
          [-124.17879, 33.51718],
          [-124.15233, 33.522],
          [-124.14561, 33.53073],
          [-124.12969, 33.54143],
          [-124.10517, 33.55368],
          [-124.07964, 33.56208],
          [-124.07197, 33.56722],
          [-124.05799, 33.58536],
          [-124.0315, 33.59016],
          [-124.02477, 33.59889],
          [-124.01078, 33.61701],
          [-123.98428, 33.62181],
          [-123.95872, 33.63018],
          [-123.95105, 33.63532],
          [-123.93704, 33.65344],
          [-123.91053, 33.65822],
          [-123.90378, 33.66694],
          [-123.88976, 33.68505],
          [-123.86325, 33.68982],
          [-123.8565, 33.69854],
          [-123.84246, 33.71665],
          [-123.81594, 33.72142],
          [-123.80918, 33.73013],
          [-123.79514, 33.74824],
          [-123.7686, 33.75299],
          [-123.76184, 33.7617],
          [-123.74778, 33.7798],
          [-123.72124, 33.78455],
          [-123.71447, 33.79326],
          [-123.69848, 33.80391],
          [-123.67385, 33.81609],
          [-123.66708, 33.8248],
          [-123.65107, 33.83544],
          [-123.62644, 33.84761],
          [-123.61965, 33.85632],
          [-123.60364, 33.86695],
          [-123.57899, 33.87912],
          [-123.57221, 33.88782],
          [-123.5581, 33.9059],
          [-123.53153, 33.91061],
          [-123.52473, 33.91931],
          [-123.51062, 33.93738],
          [-123.48403, 33.94209],
          [-123.47723, 33.95079],
          [-123.46311, 33.96885],
          [-123.43743, 33.97713],
          [-123.4297, 33.98224],
          [-123.41557, 34.0003],
          [-123.38988, 34.00857],
          [-123.38215, 34.01368],
          [-123.36609, 34.02429],
          [-123.34138, 34.03641],
          [-123.33457, 34.0451],
          [-123.3185, 34.0557],
          [-123.29378, 34.06782],
          [-123.28696, 34.07651],
          [-123.27089, 34.0871],
          [-123.24615, 34.09921],
          [-123.23933, 34.1079],
          [-123.22324, 34.11849],
          [-123.1985, 34.13059],
          [-123.19167, 34.13927],
          [-123.17557, 34.14985],
          [-123.15082, 34.16195],
          [-123.12507, 34.17017],
          [-123.11732, 34.17527],
          [-123.10311, 34.19329],
          [-123.07735, 34.20151],
          [-123.0696, 34.2066],
          [-123.05537, 34.22461],
          [-123.02961, 34.23282],
          [-123.02185, 34.23791],
          [-123.00761, 34.25592],
          [-122.98183, 34.26412],
          [-122.97407, 34.26921],
          [-122.95982, 34.28721],
          [-122.93404, 34.29541],
          [-122.92627, 34.30049],
          [-122.91201, 34.31848],
          [-122.88621, 34.32667],
          [-122.87844, 34.33175],
          [-122.86417, 34.34974],
          [-122.83836, 34.35792],
          [-122.83058, 34.363],
          [-122.8163, 34.38098],
          [-122.78957, 34.38557],
          [-122.78269, 34.39423],
          [-122.7684, 34.4122],
          [-122.74167, 34.41678],
          [-122.73478, 34.42544],
          [-122.72048, 34.44341],
          [-122.69374, 34.44798],
          [-122.68685, 34.45663],
          [-122.67253, 34.4746],
          [-122.64578, 34.47916],
          [-122.63888, 34.48781],
          [-122.62456, 34.50577],
          [-122.5978, 34.51033],
          [-122.59089, 34.51897],
          [-122.57655, 34.53693],
          [-122.54978, 34.54148],
          [-122.54288, 34.55012],
          [-122.52852, 34.56807],
          [-122.50175, 34.57261],
          [-122.49483, 34.58125],
          [-122.48047, 34.59919],
          [-122.47355, 34.60783],
          [-122.45918, 34.62577],
          [-122.43239, 34.63029],
          [-122.42546, 34.63893],
          [-122.41108, 34.65686],
          [-122.40415, 34.6655],
          [-122.38977, 34.68343],
          [-122.36295, 34.68794],
          [-122.35602, 34.69658],
          [-122.34162, 34.7145],
          [-122.33469, 34.72313],
          [-122.32028, 34.74105],
          [-122.31334, 34.74968],
          [-122.29893, 34.7676],
          [-122.27209, 34.7721],
          [-122.26515, 34.78072],
          [-122.25072, 34.79863],
          [-122.24377, 34.80726],
          [-122.22934, 34.82517],
          [-122.22239, 34.83379],
          [-122.20795, 34.85169],
          [-122.18109, 34.85618],
          [-122.17413, 34.8648],
          [-122.15968, 34.8827],
          [-122.15272, 34.89131],
          [-122.13827, 34.90921],
          [-122.11139, 34.91368],
          [-122.10442, 34.92229],
          [-122.08995, 34.94018],
          [-122.08298, 34.9488],
          [-122.06851, 34.96668],
          [-122.04161, 34.97114],
          [-122.03464, 34.97975],
          [-122.02015, 34.99763],
          [-121.99325, 35.00208],
          [-121.98627, 35.01069],
          [-121.97177, 35.02856],
          [-121.94485, 35.033],
          [-121.91794, 35.03744],
          [-121.91095, 35.04604],
          [-121.89643, 35.06391],
          [-121.86951, 35.06834],
          [-121.86252, 35.07694],
          [-121.84799, 35.0948],
          [-121.84099, 35.1034],
          [-121.82645, 35.12125],
          [-121.81945, 35.12985],
          [-121.82486, 35.15188],
          [-121.81031, 35.16974],
          [-121.78336, 35.17415],
          [-121.77635, 35.18274],
          [-121.78175, 35.20477],
          [-121.76719, 35.22262],
          [-121.76018, 35.23121],
          [-121.74561, 35.24905],
          [-121.71863, 35.25346],
          [-121.71162, 35.26204],
          [-121.69704, 35.27988],
          [-121.69002, 35.28847],
          [-121.67543, 35.3063],
          [-121.66841, 35.31489],
          [-121.65382, 35.33271],
          [-121.64679, 35.3413],
          [-121.63219, 35.35912],
          [-121.62516, 35.36771],
          [-121.61056, 35.38553],
          [-121.60352, 35.39411],
          [-121.58891, 35.41193],
          [-121.58187, 35.42051],
          [-121.56725, 35.43832],
          [-121.56021, 35.4469],
          [-121.54559, 35.46471],
          [-121.51855, 35.46908],
          [-121.5115, 35.47765],
          [-121.49686, 35.49546],
          [-121.48981, 35.50403],
          [-121.47517, 35.52183],
          [-121.46812, 35.5304],
          [-121.45346, 35.5482],
          [-121.44641, 35.55677],
          [-121.43175, 35.57456],
          [-121.40468, 35.57891],
          [-121.39762, 35.58747],
          [-121.40296, 35.60949],
          [-121.38828, 35.62728],
          [-121.38122, 35.63584],
          [-121.36654, 35.65363],
          [-121.35947, 35.66219],
          [-121.34478, 35.67997],
          [-121.33771, 35.68853],
          [-121.32301, 35.70631],
          [-121.31593, 35.71487],
          [-121.30123, 35.73264],
          [-121.29415, 35.7412],
          [-121.27944, 35.75897],
          [-121.27236, 35.76752],
          [-121.25764, 35.78529],
          [-121.25056, 35.79384],
          [-121.23583, 35.81161],
          [-121.22874, 35.82016],
          [-121.21401, 35.83792],
          [-121.20692, 35.84647],
          [-121.19218, 35.86423],
          [-121.18509, 35.87277],
          [-121.17034, 35.89053],
          [-121.16324, 35.89907],
          [-121.14849, 35.91682],
          [-121.14139, 35.92537],
          [-121.12663, 35.94311],
          [-121.09946, 35.9474],
          [-121.09235, 35.95595],
          [-121.07758, 35.97368],
          [-121.0504, 35.97797],
          [-121.04328, 35.98651],
          [-121.0285, 36.00424],
          [-121.02138, 36.01278],
          [-121.00659, 36.03051],
          [-120.99947, 36.03904],
          [-120.98467, 36.05677],
          [-120.97755, 36.0653],
          [-120.96275, 36.08302],
          [-120.95562, 36.09156],
          [-120.94081, 36.10927],
          [-120.91359, 36.11353],
          [-120.90645, 36.12206],
          [-120.89163, 36.13977],
          [-120.88449, 36.1483],
          [-120.86966, 36.16601],
          [-120.86252, 36.17453],
          [-120.84768, 36.19224],
          [-120.84054, 36.20076],
          [-120.82569, 36.21847],
          [-120.81854, 36.22699],
          [-120.80369, 36.24469],
          [-120.79654, 36.25321],
          [-120.78168, 36.2709],
          [-120.77453, 36.27942],
          [-120.75966, 36.29711],
          [-120.7525, 36.30563],
          [-120.73763, 36.32331],
          [-120.71035, 36.32753],
          [-120.70319, 36.33605],
          [-120.6883, 36.35373],
          [-120.66101, 36.35794],
          [-120.65384, 36.36645],
          [-120.63895, 36.38413],
          [-120.63177, 36.39264],
          [-120.61687, 36.41031],
          [-120.60969, 36.41881],
          [-120.59478, 36.43648],
          [-120.56747, 36.44068],
          [-120.56028, 36.44918],
          [-120.54536, 36.46684],
          [-120.51804, 36.47103],
          [-120.49071, 36.47521],
          [-120.48352, 36.48371],
          [-120.46858, 36.50136],
          [-120.46138, 36.50986],
          [-120.44644, 36.52751],
          [-120.41909, 36.53168],
          [-120.41189, 36.54017],
          [-120.39693, 36.55782],
          [-120.36958, 36.56198],
          [-120.34223, 36.56614],
          [-120.33502, 36.57463],
          [-120.32004, 36.59226],
          [-120.31283, 36.60075],
          [-120.29785, 36.61838],
          [-120.27047, 36.62252],
          [-120.26326, 36.63101],
          [-120.24826, 36.64863],
          [-120.24104, 36.65711],
          [-120.22603, 36.67473],
          [-120.21881, 36.68321],
          [-120.2038, 36.70083],
          [-120.1764, 36.70496],
          [-120.16917, 36.71344],
          [-120.15415, 36.73104],
          [-120.12674, 36.73516],
          [-120.11951, 36.74364],
          [-120.10447, 36.76124],
          [-120.09723, 36.76972],
          [-120.08219, 36.78731],
          [-120.05477, 36.79142],
          [-120.04752, 36.79989],
          [-120.03247, 36.81748],
          [-120.02522, 36.82595],
          [-120.03034, 36.84791],
          [-120.01528, 36.8655],
          [-120.00802, 36.87397],
          [-119.99295, 36.89155],
          [-119.98569, 36.90001],
          [-119.97061, 36.91759],
          [-119.96335, 36.92606],
          [-119.94827, 36.94363],
          [-119.941, 36.95209],
          [-119.92591, 36.96967],
          [-119.91864, 36.97812],
          [-119.90354, 36.99569],
          [-119.89627, 37.00415],
          [-119.88116, 37.02171],
          [-119.87388, 37.03017],
          [-119.87898, 37.05212],
          [-119.86387, 37.06967],
          [-119.85659, 37.07813],
          [-119.84146, 37.09568],
          [-119.83418, 37.10414],
          [-119.83928, 37.12608],
          [-119.82414, 37.14363],
          [-119.81685, 37.15208],
          [-119.80171, 37.16962],
          [-119.79442, 37.17807],
          [-119.79951, 37.2],
          [-119.78436, 37.21755],
          [-119.77707, 37.22599],
          [-119.78216, 37.24792],
          [-119.78725, 37.26985],
          [-119.77209, 37.28739],
          [-119.76479, 37.29583],
          [-119.76988, 37.31775],
          [-119.77497, 37.33968],
          [-119.7598, 37.35721],
          [-119.75249, 37.36564],
          [-119.75759, 37.38756],
          [-119.76268, 37.40948],
          [-119.76778, 37.43139],
          [-119.75259, 37.44892],
          [-119.74528, 37.45735],
          [-119.75037, 37.47926],
          [-119.75547, 37.50117],
          [-119.76057, 37.52308],
          [-119.74537, 37.54059],
          [-119.73805, 37.54903],
          [-119.74314, 37.57093],
          [-119.74825, 37.59283],
          [-119.75335, 37.61473],
          [-119.75845, 37.63663],
          [-119.74323, 37.65413],
          [-119.73591, 37.66256],
          [-119.74101, 37.68445],
          [-119.74611, 37.70634],
          [-119.75122, 37.72823],
          [-119.73599, 37.74573],
          [-119.73315, 37.7535],
          [-119.73376, 37.77604],
          [-119.73887, 37.79792],
          [-119.74398, 37.8198],
          [-119.74909, 37.84168],
          [-119.73384, 37.85917],
          [-119.7265, 37.86759],
          [-119.73161, 37.88947],
          [-119.73672, 37.91134],
          [-119.74184, 37.93321],
          [-119.74696, 37.95508],
          [-119.74272, 37.9783],
          [-119.73681, 37.99442],
          [-119.72946, 38.00284],
          [-119.73458, 38.0247],
          [-119.7397, 38.04656],
          [-119.74482, 38.06842],
          [-119.74994, 38.09027],
          [-119.75507, 38.11212],
          [-119.73978, 38.12959],
          [-119.73242, 38.13801],
          [-119.73755, 38.15985],
          [-119.74268, 38.1817],
          [-119.74781, 38.20354],
          [-119.75294, 38.22539],
          [-119.73763, 38.24285],
          [-119.73026, 38.25126],
          [-119.73539, 38.27309],
          [-119.72008, 38.29055],
          [-119.71271, 38.29896],
          [-119.69739, 38.31641],
          [-119.69001, 38.32481],
          [-119.67468, 38.34226],
          [-119.6673, 38.35066],
          [-119.65196, 38.36811],
          [-119.64457, 38.37651],
          [-119.62923, 38.39395],
          [-119.62184, 38.40235],
          [-119.60649, 38.41979],
          [-119.5991, 38.42818],
          [-119.60421, 38.45001],
          [-119.58885, 38.46744],
          [-119.58145, 38.47583],
          [-119.56608, 38.49326],
          [-119.55868, 38.50165],
          [-119.54331, 38.51907],
          [-119.5359, 38.52746],
          [-119.52052, 38.54488],
          [-119.51311, 38.55327],
          [-119.51821, 38.57509],
          [-119.50282, 38.5925],
          [-119.49541, 38.60088],
          [-119.48001, 38.6183],
          [-119.47259, 38.62668],
          [-119.47768, 38.64849],
          [-119.48278, 38.67029],
          [-119.46737, 38.6877],
          [-119.45995, 38.69608],
          [-119.46504, 38.71788],
          [-119.44962, 38.73528],
          [-119.44219, 38.74366],
          [-119.44729, 38.76545],
          [-119.43186, 38.78285],
          [-119.42443, 38.79122],
          [-119.42952, 38.81302],
          [-119.41408, 38.8304],
          [-119.40664, 38.83878],
          [-119.41173, 38.86057],
          [-119.39628, 38.87795],
          [-119.38884, 38.88632],
          [-119.39393, 38.9081],
          [-119.39902, 38.92989],
          [-119.38356, 38.94726],
          [-119.37611, 38.95563],
          [-119.36064, 38.973],
          [-119.35319, 38.98136],
          [-119.33771, 38.99873],
          [-119.33025, 39.00709],
          [-119.31477, 39.02446],
          [-119.30731, 39.03282],
          [-119.29181, 39.05018],
          [-119.28435, 39.05854],
          [-119.26885, 39.07589],
          [-119.26138, 39.08425],
          [-119.24587, 39.1016],
          [-119.23841, 39.10995],
          [-119.22289, 39.1273],
          [-119.21542, 39.13565],
          [-119.19989, 39.153],
          [-119.19241, 39.16135],
          [-119.17688, 39.17869],
          [-119.1694, 39.18703],
          [-119.15386, 39.20437],
          [-119.14638, 39.21271],
          [-119.15143, 39.23447],
          [-119.13588, 39.2518],
          [-119.12839, 39.26015],
          [-119.11284, 39.27747],
          [-119.10534, 39.28581],
          [-119.08978, 39.30313],
          [-119.08228, 39.31147],
          [-119.06671, 39.32879],
          [-119.05921, 39.33713],
          [-119.04363, 39.35444],
          [-119.0155, 39.35834],
          [-119.008, 39.36667],
          [-118.9924, 39.38398],
          [-118.96426, 39.38786],
          [-118.95675, 39.39619],
          [-118.94115, 39.41349],
          [-118.913, 39.41737],
          [-118.90548, 39.4257],
          [-118.88986, 39.44299],
          [-118.8617, 39.44686],
          [-118.83354, 39.45073],
          [-118.82602, 39.45905],
          [-118.83102, 39.48079],
          [-118.81538, 39.49807],
          [-118.7872, 39.50193],
          [-118.77967, 39.51025],
          [-118.76402, 39.52752],
          [-118.73583, 39.53137],
          [-118.70764, 39.53521],
          [-118.67945, 39.53905],
          [-118.65126, 39.54288],
          [-118.64371, 39.55119],
          [-118.62803, 39.56845],
          [-118.59983, 39.57228],
          [-118.59228, 39.58058],
          [-118.57658, 39.59784],
          [-118.54837, 39.60165],
          [-118.54081, 39.60996],
          [-118.52511, 39.6272],
          [-118.49688, 39.63101],
          [-118.48932, 39.63931],
          [-118.4736, 39.65655],
          [-118.46603, 39.66484],
          [-118.4503, 39.68208],
          [-118.42206, 39.68587],
          [-118.41448, 39.69417],
          [-118.39874, 39.71139],
          [-118.39116, 39.71969],
          [-118.37542, 39.73691],
          [-118.34716, 39.74069],
          [-118.33957, 39.74898],
          [-118.32381, 39.76619],
          [-118.29555, 39.76997],
          [-118.28795, 39.77825],
          [-118.27218, 39.79546],
          [-118.26458, 39.80374],
          [-118.2488, 39.82095],
          [-118.22052, 39.82471],
          [-118.21291, 39.83299],
          [-118.19712, 39.85018],
          [-118.18951, 39.85846],
          [-118.17371, 39.87565],
          [-118.14541, 39.8794],
          [-118.1378, 39.88768],
          [-118.12198, 39.90486],
          [-118.11436, 39.91313],
          [-118.09854, 39.93031],
          [-118.09092, 39.93859],
          [-118.07509, 39.95576],
          [-118.04676, 39.95949],
          [-118.03914, 39.96776],
          [-118.02329, 39.98493],
          [-118.01566, 39.99319],
          [-117.99981, 40.01036],
          [-117.97147, 40.01407],
          [-117.96383, 40.02234],
          [-117.94797, 40.03949],
          [-117.91961, 40.0432],
          [-117.91197, 40.05146],
          [-117.89609, 40.06861],
          [-117.86773, 40.07231],
          [-117.86008, 40.08056],
          [-117.84419, 40.09771],
          [-117.81581, 40.1014],
          [-117.80816, 40.10965],
          [-117.79226, 40.12678],
          [-117.7846, 40.13503],
          [-117.76868, 40.15217],
          [-117.74029, 40.15584],
          [-117.73263, 40.16409],
          [-117.7167, 40.18121],
          [-117.6883, 40.18488],
          [-117.68063, 40.19312],
          [-117.66469, 40.21024],
          [-117.65702, 40.21848],
          [-117.64107, 40.2356],
          [-117.61265, 40.23925],
          [-117.60497, 40.24749],
          [-117.58901, 40.26459],
          [-117.56059, 40.26824],
          [-117.5529, 40.27647],
          [-117.53693, 40.29357],
          [-117.52923, 40.3018],
          [-117.51325, 40.3189],
          [-117.48481, 40.32253],
          [-117.47711, 40.33076],
          [-117.46112, 40.34784],
          [-117.45342, 40.35607],
          [-117.43742, 40.37315],
          [-117.40895, 40.37677],
          [-117.40124, 40.385],
          [-117.38523, 40.40207],
          [-117.37752, 40.41029],
          [-117.3615, 40.42736],
          [-117.33302, 40.43097],
          [-117.3253, 40.43919],
          [-117.30926, 40.45625],
          [-117.30154, 40.46446],
          [-117.2855, 40.48152],
          [-117.257, 40.48512],
          [-117.24927, 40.49333],
          [-117.23322, 40.51038],
          [-117.20471, 40.51397],
          [-117.19697, 40.52217],
          [-117.1809, 40.53922],
          [-117.15239, 40.54279],
          [-117.14464, 40.551],
          [-117.12856, 40.56804],
          [-117.12082, 40.57624],
          [-117.10473, 40.59327],
          [-117.07619, 40.59683],
          [-117.06844, 40.60503],
          [-117.05234, 40.62206],
          [-117.02379, 40.62561],
          [-117.01604, 40.63381],
          [-116.99992, 40.65082],
          [-116.97136, 40.65437],
          [-116.9636, 40.66256],
          [-116.94747, 40.67957],
          [-116.91891, 40.68311],
          [-116.91114, 40.6913],
          [-116.89499, 40.7083],
          [-116.88722, 40.71649],
          [-116.87107, 40.73349],
          [-116.84249, 40.73701],
          [-116.83471, 40.74519],
          [-116.81854, 40.76218],
          [-116.78995, 40.7657],
          [-116.78216, 40.77387],
          [-116.76599, 40.79086],
          [-116.73738, 40.79436],
          [-116.72959, 40.80254],
          [-116.7134, 40.81952],
          [-116.68479, 40.82301],
          [-116.67699, 40.83118],
          [-116.66079, 40.84815],
          [-116.65298, 40.85632],
          [-116.63677, 40.87329],
          [-116.60814, 40.87677],
          [-116.60033, 40.88494],
          [-116.58411, 40.9019],
          [-116.57629, 40.91006],
          [-116.56006, 40.92702],
          [-116.53141, 40.93048],
          [-116.52359, 40.93864],
          [-116.50735, 40.95559],
          [-116.49952, 40.96375],
          [-116.48327, 40.98069],
          [-116.47544, 40.98885],
          [-116.45918, 41.00579],
          [-116.45135, 41.01394],
          [-116.43508, 41.03087],
          [-116.4064, 41.03432],
          [-116.39856, 41.04247],
          [-116.38228, 41.0594],
          [-116.37444, 41.06754],
          [-116.35815, 41.08447],
          [-116.3503, 41.09261],
          [-116.334, 41.10953],
          [-116.32615, 41.11767],
          [-116.30985, 41.13459],
          [-116.28113, 41.13801],
          [-116.27328, 41.14615],
          [-116.25696, 41.16306],
          [-116.2491, 41.17119],
          [-116.23277, 41.18809],
          [-116.2249, 41.19623],
          [-116.20857, 41.21313],
          [-116.17983, 41.21653],
          [-116.17196, 41.22467],
          [-116.15561, 41.24156],
          [-116.14774, 41.24969],
          [-116.13138, 41.26657],
          [-116.1235, 41.2747],
          [-116.10714, 41.29158],
          [-116.07837, 41.29497],
          [-116.07049, 41.30309],
          [-116.05411, 41.31996],
          [-116.04622, 41.32809],
          [-116.02983, 41.34495],
          [-116.00105, 41.34833],
          [-115.99316, 41.35645],
          [-115.97676, 41.37331],
          [-115.96886, 41.38143],
          [-115.95245, 41.39828],
          [-115.94455, 41.4064],
          [-115.92813, 41.42325],
          [-115.92022, 41.43136],
          [-115.9038, 41.44821],
          [-115.89589, 41.45632],
          [-115.87946, 41.47316],
          [-115.87154, 41.48127],
          [-115.8551, 41.4981],
          [-115.82627, 41.50145],
          [-115.81835, 41.50955],
          [-115.8019, 41.52638],
          [-115.79397, 41.53448],
          [-115.77751, 41.55131],
          [-115.76958, 41.55941],
          [-115.75311, 41.57623],
          [-115.72425, 41.57956],
          [-115.71632, 41.58765],
          [-115.69984, 41.60447],
          [-115.6919, 41.61256],
          [-115.67541, 41.62937],
          [-115.66746, 41.63746],
          [-115.65096, 41.65427],
          [-115.62208, 41.65758],
          [-115.61413, 41.66566],
          [-115.59762, 41.68246],
          [-115.58967, 41.69055],
          [-115.57315, 41.70734],
          [-115.56519, 41.71542],
          [-115.54866, 41.73221],
          [-115.5407, 41.74029],
          [-115.52416, 41.75707],
          [-115.49524, 41.76036],
          [-115.48728, 41.76844],
          [-115.47073, 41.78522],
          [-115.46276, 41.79329],
          [-115.4462, 41.81006],
          [-115.43822, 41.81813],
          [-115.42165, 41.8349],
          [-115.41368, 41.84297],
          [-115.3971, 41.85973],
          [-115.38912, 41.8678],
          [-115.39351, 41.88936],
          [-115.37692, 41.90612],
          [-115.36893, 41.91418],
          [-115.35234, 41.93093],
          [-115.34434, 41.939],
          [-115.32774, 41.95574],
          [-115.31975, 41.9638],
          [-115.30313, 41.98054],
          [-115.27415, 41.98379],
          [-115.26614, 41.99185],
          [-115.24952, 42.00858],
          [-115.24151, 42.01664],
          [-115.22488, 42.03337],
          [-115.21687, 42.04142],
          [-115.20023, 42.05815],
          [-115.19222, 42.0662],
          [-115.17557, 42.08292],
          [-115.16755, 42.09097],
          [-115.15089, 42.10768],
          [-115.12186, 42.1109],
          [-115.11384, 42.11895],
          [-115.09717, 42.13566],
          [-115.08914, 42.1437],
          [-115.07246, 42.1604],
          [-115.06443, 42.16844],
          [-115.04774, 42.18514],
          [-115.01868, 42.18834],
          [-115.01065, 42.19638],
          [-114.99394, 42.21307],
          [-114.9859, 42.22111],
          [-114.96919, 42.23779],
          [-114.96114, 42.24582],
          [-114.94443, 42.26251],
          [-114.93638, 42.27054],
          [-114.91965, 42.28721],
          [-114.9116, 42.29524],
          [-114.89486, 42.31191],
          [-114.86577, 42.31509],
          [-114.8577, 42.32311],
          [-114.84096, 42.33978],
          [-114.83289, 42.3478],
          [-114.81614, 42.36446],
          [-114.78702, 42.36762],
          [-114.77895, 42.37564],
          [-114.76218, 42.39229],
          [-114.73306, 42.39545],
          [-114.72498, 42.40346],
          [-114.7082, 42.42011],
          [-114.70011, 42.42812],
          [-114.68332, 42.44476],
          [-114.65418, 42.4479],
          [-114.64609, 42.45591],
          [-114.62929, 42.47254],
          [-114.62119, 42.48055],
          [-114.60438, 42.49717],
          [-114.57522, 42.5003],
          [-114.56712, 42.5083],
          [-114.55029, 42.52492],
          [-114.54219, 42.53292],
          [-114.52535, 42.54954],
          [-114.51725, 42.55754],
          [-114.5004, 42.57414],
          [-114.47122, 42.57726],
          [-114.4631, 42.58525],
          [-114.44625, 42.60185],
          [-114.43813, 42.60984],
          [-114.42126, 42.62644],
          [-114.39206, 42.62954],
          [-114.38394, 42.63753],
          [-114.36706, 42.65411],
          [-114.33784, 42.6572],
          [-114.32971, 42.66519],
          [-114.31282, 42.68177],
          [-114.2836, 42.68485],
          [-114.27546, 42.69283],
          [-114.25855, 42.7094],
          [-114.22932, 42.71247],
          [-114.22118, 42.72045],
          [-114.20426, 42.73701],
          [-114.17501, 42.74008],
          [-114.16686, 42.74805],
          [-114.14993, 42.76461],
          [-114.12068, 42.76766],
          [-114.11252, 42.77563],
          [-114.09557, 42.79218],
          [-114.08741, 42.80015],
          [-114.07045, 42.81669],
          [-114.04118, 42.81973],
          [-114.03301, 42.82769],
          [-114.01604, 42.84423],
          [-113.98677, 42.84726],
          [-113.97859, 42.85522],
          [-113.96161, 42.87175],
          [-113.93232, 42.87477],
          [-113.92414, 42.88273],
          [-113.90714, 42.89925],
          [-113.87784, 42.90226],
          [-113.84854, 42.90526],
          [-113.84035, 42.91321],
          [-113.82333, 42.92973],
          [-113.81514, 42.93767],
          [-113.79811, 42.95418],
          [-113.78991, 42.96213],
          [-113.77288, 42.97863],
          [-113.74355, 42.98162],
          [-113.73535, 42.98956],
          [-113.7183, 43.00605],
          [-113.68896, 43.00903],
          [-113.68075, 43.01697],
          [-113.66369, 43.03346],
          [-113.63435, 43.03643],
          [-113.62613, 43.04436],
          [-113.60905, 43.06084],
          [-113.60083, 43.06877],
          [-113.58375, 43.08525],
          [-113.55438, 43.0882],
          [-113.54615, 43.09613],
          [-113.52906, 43.1126],
          [-113.52082, 43.12052],
          [-113.50372, 43.13698],
          [-113.49548, 43.14491],
          [-113.47836, 43.16136],
          [-113.44898, 43.1643],
          [-113.44073, 43.17222],
          [-113.4236, 43.18867],
          [-113.41535, 43.19659],
          [-113.39822, 43.21303],
          [-113.38997, 43.22095],
          [-113.37282, 43.23739],
          [-113.36456, 43.2453],
          [-113.34741, 43.26173],
          [-113.33915, 43.26965],
          [-113.32199, 43.28607],
          [-113.31372, 43.29398],
          [-113.29656, 43.31041],
          [-113.28829, 43.31831],
          [-113.27111, 43.33473],
          [-113.26283, 43.34264],
          [-113.24565, 43.35905],
          [-113.21619, 43.36195],
          [-113.20791, 43.36985],
          [-113.19071, 43.38625],
          [-113.18243, 43.39415],
          [-113.16522, 43.41055],
          [-113.15693, 43.41845],
          [-113.13971, 43.43485],
          [-113.13142, 43.44274],
          [-113.1142, 43.45913],
          [-113.1059, 43.46702],
          [-113.08867, 43.48341],
          [-113.05917, 43.48628],
          [-113.05087, 43.49417],
          [-113.05482, 43.51557],
          [-113.03757, 43.53194],
          [-113.00805, 43.5348],
          [-112.99974, 43.54269],
          [-112.98248, 43.55906],
          [-112.95295, 43.56191],
          [-112.92343, 43.56475],
          [-112.8939, 43.5676],
          [-112.88558, 43.57547],
          [-112.86829, 43.59183],
          [-112.83875, 43.59466],
          [-112.83042, 43.60253],
          [-112.81312, 43.61888],
          [-112.78357, 43.6217],
          [-112.77524, 43.62957],
          [-112.75792, 43.64591],
          [-112.72836, 43.64873],
          [-112.72002, 43.65659],
          [-112.70269, 43.67292],
          [-112.69434, 43.68078],
          [-112.677, 43.69711],
          [-112.64743, 43.69991],
          [-112.63907, 43.70777],
          [-112.62172, 43.72409],
          [-112.59214, 43.72688],
          [-112.58378, 43.73473],
          [-112.56641, 43.75104],
          [-112.54383, 43.73849],
          [-112.53297, 43.73245],
          [-112.5246, 43.7403],
          [-112.50722, 43.75661],
          [-112.47762, 43.75938],
          [-112.44803, 43.76215],
          [-112.41843, 43.76491],
          [-112.38883, 43.76767],
          [-112.35922, 43.77043],
          [-112.32962, 43.77318],
          [-112.30001, 43.77592],
          [-112.27041, 43.77866],
          [-112.26202, 43.7865],
          [-112.24458, 43.80277],
          [-112.21497, 43.8055],
          [-112.20657, 43.81334],
          [-112.18912, 43.82961],
          [-112.1595, 43.83233],
          [-112.15109, 43.84016],
          [-112.13363, 43.85642],
          [-112.12522, 43.86424],
          [-112.10776, 43.8805],
          [-112.07811, 43.88321],
          [-112.0697, 43.89103],
          [-112.05221, 43.90727],
          [-112.0438, 43.9151],
          [-112.0263, 43.93134],
          [-112.01788, 43.93915],
          [-112.00038, 43.95539],
          [-112, 43.95543]
        ]
      }
    },
    {
      "type": "Feature",
      "id": "2026083012_f210_13000_001",
      "properties": {
        "product_id": "winter_storm_levels",
        "source_id": "nbm_snow_level",
        "parameter": "snow_level",
        "definition": "height of the wet-bulb 0.5 degree C surface",
        "level_ft_msl": 13000,
        "label": "13,000 ft MSL",
        "unit": "ft_msl",
        "cycle_time_utc": "2026-08-30T12:00:00Z",
        "valid_time_utc": "2026-09-08T06:00:00Z",
        "lead_hours": 210,
        "segment": 1,
        "length_m": 1939955.4
      },
      "geometry": {
        "type": "LineString",
        "coordinates": [
          [-123.25196, 30.2424],
          [-123.24317, 30.25407],
          [-123.21741, 30.25877],
          [-123.20877, 30.27023],
          [-123.19709, 30.28572],
          [-123.17132, 30.29042],
          [-123.14555, 30.2951],
          [-123.1369, 30.30655],
          [-123.1252, 30.32204],
          [-123.11655, 30.33349],
          [-123.12197, 30.35574],
          [-123.13524, 30.36321],
          [-123.15319, 30.37331],
          [-123.15863, 30.39555],
          [-123.16406, 30.4178],
          [-123.1695, 30.44005],
          [-123.18278, 30.44751],
          [-123.20858, 30.44281],
          [-123.22655, 30.4529],
          [-123.232, 30.47515],
          [-123.23746, 30.49739],
          [-123.24292, 30.51963],
          [-123.24837, 30.54187],
          [-123.26167, 30.54932],
          [-123.27966, 30.5594],
          [-123.28513, 30.58164],
          [-123.29843, 30.58909],
          [-123.31643, 30.59916],
          [-123.32191, 30.6214],
          [-123.33522, 30.62884],
          [-123.35322, 30.63892],
          [-123.35871, 30.66115],
          [-123.3642, 30.68338],
          [-123.36969, 30.70561],
          [-123.37518, 30.72783],
          [-123.3885, 30.73527],
          [-123.40653, 30.74534],
          [-123.41203, 30.76756],
          [-123.41754, 30.78979],
          [-123.42304, 30.81201],
          [-123.42855, 30.83423],
          [-123.43406, 30.85645],
          [-123.43957, 30.87867],
          [-123.45291, 30.88611],
          [-123.47097, 30.89616],
          [-123.47649, 30.91838],
          [-123.48201, 30.94059],
          [-123.48754, 30.96281],
          [-123.49306, 30.98502],
          [-123.50642, 30.99245],
          [-123.52451, 31.00249],
          [-123.53004, 31.0247],
          [-123.53558, 31.04691],
          [-123.54895, 31.05433],
          [-123.56704, 31.06437],
          [-123.57259, 31.08658],
          [-123.58597, 31.094],
          [-123.60407, 31.10403],
          [-123.60963, 31.12623],
          [-123.61518, 31.14844],
          [-123.62857, 31.15585],
          [-123.64669, 31.16588],
          [-123.65225, 31.18808],
          [-123.66565, 31.19549],
          [-123.68378, 31.20551],
          [-123.68935, 31.22771],
          [-123.70275, 31.23511],
          [-123.72089, 31.24513],
          [-123.72647, 31.26732],
          [-123.73206, 31.28952],
          [-123.74547, 31.29692],
          [-123.76362, 31.30693],
          [-123.77704, 31.31433],
          [-123.79519, 31.32434],
          [-123.80079, 31.34652],
          [-123.8064, 31.36871],
          [-123.812, 31.39089],
          [-123.81761, 31.41308],
          [-123.82322, 31.43526],
          [-123.82884, 31.45744],
          [-123.83445, 31.47962],
          [-123.84007, 31.5018],
          [-123.82834, 31.51731],
          [-123.81967, 31.52877],
          [-123.82529, 31.55094],
          [-123.83091, 31.57312],
          [-123.81917, 31.58862],
          [-123.81049, 31.60008],
          [-123.79875, 31.61558],
          [-123.79007, 31.62704],
          [-123.79569, 31.64921],
          [-123.78394, 31.66471],
          [-123.77525, 31.67617],
          [-123.78087, 31.69834],
          [-123.78649, 31.72051],
          [-123.77473, 31.736],
          [-123.76604, 31.74746],
          [-123.77165, 31.76962],
          [-123.75989, 31.78512],
          [-123.75119, 31.79657],
          [-123.75681, 31.81873],
          [-123.74504, 31.83422],
          [-123.73633, 31.84567],
          [-123.74195, 31.86784],
          [-123.73017, 31.88333],
          [-123.72146, 31.89477],
          [-123.72708, 31.91693],
          [-123.7153, 31.93242],
          [-123.70658, 31.94386],
          [-123.69479, 31.95935],
          [-123.66867, 31.96411],
          [-123.65995, 31.97555],
          [-123.64815, 31.99102],
          [-123.63942, 32.00246],
          [-123.62762, 32.01794],
          [-123.60148, 32.02269],
          [-123.59275, 32.03412],
          [-123.58093, 32.04959],
          [-123.5722, 32.06103],
          [-123.56038, 32.07649],
          [-123.55164, 32.08793],
          [-123.53981, 32.10339],
          [-123.51365, 32.10812],
          [-123.5049, 32.11955],
          [-123.49307, 32.13501],
          [-123.48432, 32.14644],
          [-123.47248, 32.1619],
          [-123.4463, 32.16662],
          [-123.43754, 32.17804],
          [-123.42569, 32.1935],
          [-123.3995, 32.19821],
          [-123.39074, 32.20963],
          [-123.37888, 32.22508],
          [-123.37011, 32.2365],
          [-123.35824, 32.25195],
          [-123.33204, 32.25665],
          [-123.32326, 32.26806],
          [-123.31139, 32.2835],
          [-123.30261, 32.29492],
          [-123.30816, 32.31708],
          [-123.29628, 32.33252],
          [-123.2875, 32.34393],
          [-123.29305, 32.36608],
          [-123.28116, 32.38152],
          [-123.27237, 32.39293],
          [-123.26047, 32.40836],
          [-123.25168, 32.41977],
          [-123.25723, 32.44192],
          [-123.26278, 32.46407],
          [-123.26834, 32.48623],
          [-123.25643, 32.50166],
          [-123.24763, 32.51306],
          [-123.25318, 32.53521],
          [-123.24127, 32.55064],
          [-123.23246, 32.56204],
          [-123.22054, 32.57746],
          [-123.21173, 32.58886],
          [-123.21728, 32.61101],
          [-123.20536, 32.62643],
          [-123.19654, 32.63783],
          [-123.18461, 32.65325],
          [-123.17579, 32.66465],
          [-123.16385, 32.68006],
          [-123.13754, 32.68473],
          [-123.12871, 32.69612],
          [-123.11677, 32.71153],
          [-123.09045, 32.71619],
          [-123.06413, 32.72084],
          [-123.04582, 32.71078],
          [-123.03228, 32.70335],
          [-123.00596, 32.70799],
          [-122.97964, 32.71263],
          [-122.95332, 32.71726],
          [-122.92699, 32.72189],
          [-122.91814, 32.73327],
          [-122.90616, 32.74867],
          [-122.87983, 32.75329],
          [-122.85349, 32.75791],
          [-122.84463, 32.76928],
          [-122.83263, 32.78467],
          [-122.80629, 32.78928],
          [-122.79742, 32.80065],
          [-122.78541, 32.81604],
          [-122.77654, 32.82741],
          [-122.76453, 32.84279],
          [-122.75566, 32.85416],
          [-122.76113, 32.8763],
          [-122.76661, 32.89845],
          [-122.77209, 32.92059],
          [-122.76007, 32.93597],
          [-122.75118, 32.94734],
          [-122.75666, 32.96948],
          [-122.76214, 32.99162],
          [-122.75012, 33.00699],
          [-122.74123, 33.01835],
          [-122.74671, 33.04049],
          [-122.75219, 33.06263],
          [-122.74015, 33.078],
          [-122.73125, 33.08936],
          [-122.73674, 33.11149],
          [-122.74222, 33.13363],
          [-122.73017, 33.14899],
          [-122.72127, 33.16035],
          [-122.70922, 33.17572],
          [-122.70031, 33.18707],
          [-122.70579, 33.2092],
          [-122.69373, 33.22456],
          [-122.68482, 33.23591],
          [-122.67275, 33.25127],
          [-122.66384, 33.26262],
          [-122.65177, 33.27798],
          [-122.64284, 33.28933],
          [-122.63077, 33.30468],
          [-122.60429, 33.30925],
          [-122.59536, 33.3206],
          [-122.58328, 33.33595],
          [-122.55679, 33.34051],
          [-122.54785, 33.35185],
          [-122.53576, 33.36719],
          [-122.52682, 33.37853],
          [-122.51472, 33.39387],
          [-122.48822, 33.39842],
          [-122.47927, 33.40976],
          [-122.46716, 33.4251],
          [-122.44065, 33.42964],
          [-122.41413, 33.43418],
          [-122.40518, 33.44551],
          [-122.39305, 33.46084],
          [-122.36653, 33.46537],
          [-122.35756, 33.4767],
          [-122.34543, 33.49202],
          [-122.3189, 33.49654],
          [-122.29237, 33.50106],
          [-122.28339, 33.51238],
          [-122.27124, 33.5277],
          [-122.2447, 33.53221],
          [-122.21815, 33.53671],
          [-122.19161, 33.54121],
          [-122.16506, 33.54571],
          [-122.13851, 33.5502],
          [-122.11195, 33.55469],
          [-122.0854, 33.55917],
          [-122.05884, 33.56365],
          [-122.04984, 33.57496],
          [-122.03765, 33.59026],
          [-122.01109, 33.59473],
          [-121.98452, 33.59919],
          [-121.95795, 33.60365],
          [-121.94893, 33.61496],
          [-121.93672, 33.63024],
          [-121.91014, 33.6347],
          [-121.90112, 33.64599],
          [-121.8889, 33.66128],
          [-121.86232, 33.66572],
          [-121.85328, 33.67702],
          [-121.84106, 33.69229],
          [-121.83202, 33.70358],
          [-121.81979, 33.71886],
          [-121.79319, 33.72329],
          [-121.78414, 33.73458],
          [-121.7719, 33.74985],
          [-121.74529, 33.75428],
          [-121.73624, 33.76556],
          [-121.72399, 33.78083],
          [-121.69736, 33.78524],
          [-121.68831, 33.79652],
          [-121.67605, 33.81178],
          [-121.64941, 33.81619],
          [-121.64035, 33.82747],
          [-121.62808, 33.84273],
          [-121.60144, 33.84713],
          [-121.57479, 33.85152],
          [-121.56572, 33.86279],
          [-121.55343, 33.87804],
          [-121.52678, 33.88243],
          [-121.50012, 33.88681],
          [-121.49104, 33.89808],
          [-121.47874, 33.91332],
          [-121.45208, 33.9177],
          [-121.42541, 33.92207],
          [-121.39874, 33.92643],
          [-121.37207, 33.9308],
          [-121.3454, 33.93515],
          [-121.31872, 33.93951],
          [-121.29205, 33.94386],
          [-121.26537, 33.9482],
          [-121.23868, 33.95254],
          [-121.212, 33.95688],
          [-121.20288, 33.96812],
          [-121.19054, 33.98334],
          [-121.16384, 33.98767],
          [-121.13715, 33.99199],
          [-121.11045, 33.99631],
          [-121.10132, 34.00755],
          [-121.08896, 34.02276],
          [-121.06225, 34.02707],
          [-121.05311, 34.03831],
          [-121.04074, 34.05351],
          [-121.03159, 34.06474],
          [-121.01921, 34.07994],
          [-121.01006, 34.09118],
          [-120.99768, 34.10637],
          [-120.98853, 34.1176],
          [-120.99371, 34.13973],
          [-120.98132, 34.15493],
          [-120.97216, 34.16615],
          [-120.97735, 34.18828],
          [-120.96495, 34.20347],
          [-120.95579, 34.2147],
          [-120.96097, 34.23682],
          [-120.96616, 34.25894],
          [-120.95375, 34.27413],
          [-120.94458, 34.28535],
          [-120.93217, 34.30054],
          [-120.92299, 34.31176],
          [-120.92818, 34.33388],
          [-120.91575, 34.34906],
          [-120.88896, 34.35333],
          [-120.87978, 34.36455],
          [-120.86735, 34.37972],
          [-120.84055, 34.38399],
          [-120.83136, 34.39521],
          [-120.81891, 34.41038],
          [-120.79211, 34.41464],
          [-120.76529, 34.4189],
          [-120.73848, 34.42315],
          [-120.72928, 34.43435],
          [-120.71682, 34.44951],
          [-120.68999, 34.45376],
          [-120.66317, 34.458],
          [-120.63634, 34.46223],
          [-120.62712, 34.47343],
          [-120.61465, 34.48858],
          [-120.60542, 34.49978],
          [-120.59294, 34.51493],
          [-120.58371, 34.52612],
          [-120.57122, 34.54127],
          [-120.54437, 34.54549],
          [-120.53514, 34.55668],
          [-120.52264, 34.57182],
          [-120.49578, 34.57603],
          [-120.48653, 34.58721],
          [-120.47402, 34.60235],
          [-120.44716, 34.60655],
          [-120.42029, 34.61075],
          [-120.41103, 34.62193],
          [-120.39851, 34.63706],
          [-120.38925, 34.64824],
          [-120.37672, 34.66336],
          [-120.34984, 34.66755],
          [-120.32295, 34.67173],
          [-120.2946, 34.66955],
          [-120.27768, 34.66559],
          [-120.26517, 34.66266],
          [-120.23721, 34.66213],
          [-120.20886, 34.65993],
          [-120.19195, 34.65597],
          [-120.17944, 34.65303],
          [-120.15003, 34.64613],
          [-120.14085, 34.64096],
          [-120.1181, 34.62815],
          [-120.10892, 34.62298],
          [-120.09044, 34.60293],
          [-120.08259, 34.59441],
          [-120.06425, 34.58407],
          [-120.05069, 34.57642],
          [-120.03235, 34.56607],
          [-120.01879, 34.55842],
          [-120.0095, 34.56958],
          [-119.99693, 34.58468],
          [-119.98764, 34.59584],
          [-119.97506, 34.61094],
          [-119.96576, 34.62209],
          [-119.95318, 34.63719],
          [-119.94387, 34.64834],
          [-119.94888, 34.67047],
          [-119.95389, 34.69259],
          [-119.9413, 34.70768],
          [-119.91438, 34.7118],
          [-119.90507, 34.72295],
          [-119.89247, 34.73803],
          [-119.86554, 34.74214],
          [-119.83862, 34.74624],
          [-119.8293, 34.75738],
          [-119.81668, 34.77246],
          [-119.78975, 34.77655],
          [-119.76281, 34.78064],
          [-119.75348, 34.79178],
          [-119.74084, 34.80685],
          [-119.7139, 34.81093],
          [-119.68695, 34.815],
          [-119.67761, 34.82614],
          [-119.66496, 34.8412],
          [-119.63801, 34.84527],
          [-119.62866, 34.8564],
          [-119.616, 34.87145],
          [-119.58904, 34.87551],
          [-119.57968, 34.88664],
          [-119.56701, 34.90169],
          [-119.54004, 34.90574],
          [-119.51306, 34.90978],
          [-119.50369, 34.9209],
          [-119.49101, 34.93595],
          [-119.46403, 34.93999],
          [-119.45465, 34.9511],
          [-119.44196, 34.96614],
          [-119.43258, 34.97726],
          [-119.41988, 34.99229],
          [-119.41049, 35.0034],
          [-119.39779, 35.01843],
          [-119.3884, 35.02954],
          [-119.37569, 35.04457],
          [-119.3663, 35.05568],
          [-119.37121, 35.0778],
          [-119.35849, 35.09282],
          [-119.34909, 35.10393],
          [-119.354, 35.12604],
          [-119.34128, 35.14106],
          [-119.33187, 35.15216],
          [-119.31914, 35.16718],
          [-119.30973, 35.17828],
          [-119.29699, 35.1933],
          [-119.28758, 35.2044],
          [-119.27483, 35.21941],
          [-119.26541, 35.23051],
          [-119.25267, 35.24552],
          [-119.24324, 35.25661],
          [-119.24814, 35.27871],
          [-119.23538, 35.29372],
          [-119.22595, 35.30481],
          [-119.21319, 35.31981],
          [-119.1861, 35.3238],
          [-119.17666, 35.33489],
          [-119.16389, 35.34989],
          [-119.15445, 35.36097],
          [-119.14167, 35.37597],
          [-119.13222, 35.38705],
          [-119.11944, 35.40204],
          [-119.10999, 35.41312],
          [-119.0972, 35.42811],
          [-119.08774, 35.43919],
          [-119.07494, 35.45417],
          [-119.04782, 35.45814],
          [-119.03835, 35.46921],
          [-119.02555, 35.48419],
          [-118.99841, 35.48815],
          [-118.98894, 35.49922],
          [-118.97613, 35.51419],
          [-118.94898, 35.51814],
          [-118.92183, 35.52208],
          [-118.91235, 35.53314],
          [-118.89952, 35.54811],
          [-118.87237, 35.55205],
          [-118.86288, 35.56311],
          [-118.85004, 35.57807],
          [-118.82287, 35.58199],
          [-118.79571, 35.58591],
          [-118.78621, 35.59697],
          [-118.77335, 35.61192],
          [-118.76385, 35.62298],
          [-118.75099, 35.63793],
          [-118.7238, 35.64184],
          [-118.71429, 35.65288],
          [-118.70142, 35.66783],
          [-118.6919, 35.67888],
          [-118.67903, 35.69382],
          [-118.6695, 35.70486],
          [-118.65662, 35.7198],
          [-118.6471, 35.73085],
          [-118.63421, 35.74578],
          [-118.62468, 35.75682],
          [-118.61178, 35.77176],
          [-118.58456, 35.77564],
          [-118.57502, 35.78667],
          [-118.56212, 35.8016],
          [-118.55257, 35.81264],
          [-118.53966, 35.82756],
          [-118.53012, 35.83859],
          [-118.5172, 35.85352],
          [-118.50765, 35.86454],
          [-118.49472, 35.87946],
          [-118.48517, 35.89049],
          [-118.47224, 35.90541],
          [-118.46268, 35.91643],
          [-118.44974, 35.93134],
          [-118.44018, 35.94237],
          [-118.42723, 35.95728],
          [-118.41766, 35.96829],
          [-118.42242, 35.99037],
          [-118.40947, 36.00528],
          [-118.3999, 36.01629],
          [-118.40466, 36.03836],
          [-118.3917, 36.05327],
          [-118.38212, 36.06428],
          [-118.38687, 36.08635],
          [-118.39163, 36.10841],
          [-118.37866, 36.12331],
          [-118.36908, 36.13432],
          [-118.37383, 36.15638],
          [-118.37859, 36.17844],
          [-118.38335, 36.2005],
          [-118.38812, 36.22256],
          [-118.39288, 36.24461],
          [-118.40653, 36.25235],
          [-118.425, 36.26282],
          [-118.42977, 36.28487],
          [-118.43455, 36.30692],
          [-118.43932, 36.32897],
          [-118.4441, 36.35101],
          [-118.44889, 36.37306],
          [-118.45367, 36.3951],
          [-118.45846, 36.41714],
          [-118.47213, 36.42486],
          [-118.49063, 36.43532],
          [-118.48755, 36.45846],
          [-118.49235, 36.4805],
          [-118.49714, 36.50253],
          [-118.50194, 36.52456],
          [-118.50674, 36.54658],
          [-118.50162, 36.56036],
          [-118.49201, 36.57136],
          [-118.49681, 36.59338],
          [-118.50161, 36.6154],
          [-118.50642, 36.63742],
          [-118.4934, 36.6523],
          [-118.48378, 36.66329],
          [-118.48858, 36.68531],
          [-118.47556, 36.70018],
          [-118.46593, 36.71117],
          [-118.47073, 36.73319],
          [-118.4577, 36.74806],
          [-118.44806, 36.75904],
          [-118.43502, 36.77391],
          [-118.42538, 36.7849],
          [-118.43018, 36.80691],
          [-118.41713, 36.82177],
          [-118.40749, 36.83275],
          [-118.39443, 36.84761],
          [-118.38478, 36.85859],
          [-118.37172, 36.87345],
          [-118.34422, 36.87727],
          [-118.31671, 36.8811],
          [-118.2892, 36.88492],
          [-118.26169, 36.88873],
          [-118.25202, 36.89971],
          [-118.23894, 36.91455],
          [-118.22927, 36.92552],
          [-118.21618, 36.94036],
          [-118.2065, 36.95132],
          [-118.19341, 36.96616],
          [-118.18373, 36.97713],
          [-118.17062, 36.99196],
          [-118.16094, 37.00292],
          [-118.16569, 37.02492],
          [-118.17045, 37.04691],
          [-118.15733, 37.06174],
          [-118.14764, 37.0727],
          [-118.15239, 37.09469],
          [-118.13927, 37.10951],
          [-118.12957, 37.12047],
          [-118.13433, 37.14245],
          [-118.13908, 37.16444],
          [-118.12595, 37.17926],
          [-118.11624, 37.19021],
          [-118.12099, 37.21219],
          [-118.12575, 37.23417],
          [-118.1305, 37.25615],
          [-118.11736, 37.27096],
          [-118.10765, 37.28191],
          [-118.1124, 37.30388],
          [-118.11716, 37.32585],
          [-118.104, 37.34066],
          [-118.09428, 37.3516],
          [-118.09903, 37.37357],
          [-118.10379, 37.39554],
          [-118.10855, 37.4175],
          [-118.11331, 37.43946],
          [-118.11807, 37.46142],
          [-118.1049, 37.47622],
          [-118.09517, 37.48716],
          [-118.09993, 37.50911],
          [-118.10469, 37.53107],
          [-118.09151, 37.54586],
          [-118.08177, 37.55679],
          [-118.08653, 37.57874],
          [-118.07334, 37.59353],
          [-118.06359, 37.60446],
          [-118.06835, 37.62641],
          [-118.05515, 37.64119],
          [-118.0454, 37.65212],
          [-118.03219, 37.6669],
          [-118.02243, 37.67783],
          [-118.00922, 37.69261],
          [-117.99946, 37.70353],
          [-117.98624, 37.7183],
          [-117.97647, 37.72922],
          [-117.96325, 37.744],
          [-117.95348, 37.75491],
          [-117.94025, 37.76968],
          [-117.93047, 37.7806],
          [-117.91723, 37.79536],
          [-117.90745, 37.80627],
          [-117.89421, 37.82103],
          [-117.88442, 37.83194],
          [-117.87117, 37.8467],
          [-117.8434, 37.85044],
          [-117.8336, 37.86134],
          [-117.82035, 37.87609],
          [-117.81054, 37.887],
          [-117.79728, 37.90175],
          [-117.78747, 37.91265],
          [-117.7742, 37.92739],
          [-117.76439, 37.93829],
          [-117.75112, 37.95303],
          [-117.7413, 37.96393],
          [-117.74601, 37.98585],
          [-117.73272, 38.00059],
          [-117.7229, 38.01148],
          [-117.70961, 38.02621],
          [-117.69978, 38.0371],
          [-117.68649, 38.05184],
          [-117.67665, 38.06272],
          [-117.68135, 38.08464],
          [-117.66805, 38.09936],
          [-117.65821, 38.11025],
          [-117.6449, 38.12497],
          [-117.63506, 38.13585],
          [-117.63975, 38.15776],
          [-117.62643, 38.17248],
          [-117.61658, 38.18336],
          [-117.60325, 38.19807],
          [-117.5934, 38.20895],
          [-117.58007, 38.22366],
          [-117.57021, 38.23453],
          [-117.55687, 38.24924],
          [-117.547, 38.26011],
          [-117.53366, 38.27482],
          [-117.52379, 38.28569],
          [-117.51044, 38.30039],
          [-117.50056, 38.31125],
          [-117.4872, 38.32595],
          [-117.47733, 38.33681],
          [-117.46396, 38.35151],
          [-117.45408, 38.36237],
          [-117.44071, 38.37706],
          [-117.41278, 38.38072],
          [-117.40289, 38.39157],
          [-117.38951, 38.40626],
          [-117.37961, 38.41711],
          [-117.36622, 38.43179],
          [-117.33828, 38.43544],
          [-117.32838, 38.44628],
          [-117.31498, 38.46096],
          [-117.30507, 38.47181],
          [-117.29166, 38.48648],
          [-117.28175, 38.49732],
          [-117.26834, 38.51199],
          [-117.24037, 38.51562],
          [-117.23045, 38.52646],
          [-117.21702, 38.54112],
          [-117.18905, 38.54474],
          [-117.17912, 38.55557],
          [-117.16568, 38.57023],
          [-117.1377, 38.57384],
          [-117.10971, 38.57744],
          [-117.09977, 38.58827],
          [-117.08632, 38.60292],
          [-117.07638, 38.61374],
          [-117.06292, 38.62839],
          [-117.03491, 38.63198],
          [-117.02496, 38.6428],
          [-117.01149, 38.65744],
          [-116.98348, 38.66102],
          [-116.97352, 38.67184],
          [-116.96004, 38.68647],
          [-116.93202, 38.69005],
          [-116.92205, 38.70086],
          [-116.90856, 38.71549],
          [-116.88053, 38.71905],
          [-116.87055, 38.72986],
          [-116.85705, 38.74448],
          [-116.82901, 38.74804],
          [-116.81902, 38.75884],
          [-116.80551, 38.77346],
          [-116.77746, 38.777],
          [-116.74941, 38.78055],
          [-116.72135, 38.78408],
          [-116.69329, 38.78761],
          [-116.68329, 38.79841],
          [-116.66976, 38.81301],
          [-116.64169, 38.81654],
          [-116.61362, 38.82005],
          [-116.60361, 38.83084],
          [-116.59006, 38.84544],
          [-116.56198, 38.84895],
          [-116.5339, 38.85245],
          [-116.52388, 38.86324],
          [-116.51031, 38.87782],
          [-116.48222, 38.88132],
          [-116.47219, 38.8921],
          [-116.45861, 38.90668],
          [-116.43051, 38.91016],
          [-116.42047, 38.92094],
          [-116.40689, 38.93551],
          [-116.39684, 38.94628],
          [-116.38325, 38.96085],
          [-116.35513, 38.96433],
          [-116.34508, 38.9751],
          [-116.33148, 38.98966],
          [-116.30335, 38.99313],
          [-116.29329, 39.00389],
          [-116.27967, 39.01845],
          [-116.25154, 39.0219],
          [-116.2234, 39.02536],
          [-116.21333, 39.03611],
          [-116.1997, 39.05066],
          [-116.18962, 39.06142],
          [-116.17599, 39.07596],
          [-116.16591, 39.08671],
          [-116.15226, 39.10126],
          [-116.1241, 39.10469],
          [-116.11401, 39.11544],
          [-116.10036, 39.12998],
          [-116.09026, 39.14072],
          [-116.0766, 39.15525],
          [-116.0665, 39.16599],
          [-116.05283, 39.18052],
          [-116.04273, 39.19126],
          [-116.02906, 39.20579],
          [-116.01895, 39.21653],
          [-116.00527, 39.23105],
          [-115.97707, 39.23446],
          [-115.96695, 39.24519],
          [-115.95326, 39.25971],
          [-115.94313, 39.27043],
          [-115.92944, 39.28495],
          [-115.90122, 39.28834],
          [-115.873, 39.29174],
          [-115.86287, 39.30246],
          [-115.84915, 39.31696],
          [-115.82092, 39.32035],
          [-115.79269, 39.32372],
          [-115.78255, 39.33444],
          [-115.76882, 39.34894],
          [-115.74058, 39.35231],
          [-115.71234, 39.35567],
          [-115.68409, 39.35903],
          [-115.65585, 39.36239],
          [-115.6276, 39.36574],
          [-115.59935, 39.36908],
          [-115.58918, 39.37979],
          [-115.57542, 39.39426],
          [-115.54716, 39.3976],
          [-115.53699, 39.4083],
          [-115.52321, 39.42277],
          [-115.51303, 39.43347],
          [-115.49925, 39.44794],
          [-115.47098, 39.45126],
          [-115.46079, 39.46195],
          [-115.447, 39.47641],
          [-115.4368, 39.4871],
          [-115.42301, 39.50156],
          [-115.41281, 39.51224],
          [-115.399, 39.5267],
          [-115.3707, 39.53001],
          [-115.36049, 39.54069],
          [-115.34668, 39.55514],
          [-115.33647, 39.56581],
          [-115.32265, 39.58026],
          [-115.31243, 39.59094],
          [-115.2986, 39.60538],
          [-115.28838, 39.61605],
          [-115.27455, 39.63049],
          [-115.26432, 39.64116],
          [-115.25048, 39.65559],
          [-115.24024, 39.66626],
          [-115.2264, 39.68069],
          [-115.21616, 39.69136],
          [-115.20231, 39.70578],
          [-115.17395, 39.70905],
          [-115.16371, 39.71971],
          [-115.14984, 39.73414],
          [-115.13959, 39.74479],
          [-115.12572, 39.75921],
          [-115.11546, 39.76986],
          [-115.10158, 39.78428],
          [-115.09132, 39.79493],
          [-115.07744, 39.80934],
          [-115.04905, 39.81259],
          [-115.03878, 39.82324],
          [-115.02489, 39.83764],
          [-115.01461, 39.84829],
          [-115.00071, 39.86269],
          [-114.97231, 39.86592],
          [-114.96203, 39.87656],
          [-114.94811, 39.89096],
          [-114.93783, 39.9016],
          [-114.92391, 39.91599],
          [-114.89548, 39.91921],
          [-114.88519, 39.92984],
          [-114.87126, 39.94423],
          [-114.84283, 39.94744],
          [-114.83253, 39.95807],
          [-114.81858, 39.97245],
          [-114.79014, 39.97565],
          [-114.77983, 39.98628],
          [-114.76588, 40.00065],
          [-114.73743, 40.00385],
          [-114.72711, 40.01447],
          [-114.71315, 40.02883],
          [-114.68469, 40.03202],
          [-114.65623, 40.0352],
          [-114.6459, 40.04582],
          [-114.63192, 40.06017],
          [-114.60345, 40.06335],
          [-114.57498, 40.06652],
          [-114.56463, 40.07713],
          [-114.55064, 40.09147],
          [-114.52216, 40.09464],
          [-114.51181, 40.10524],
          [-114.4978, 40.11958],
          [-114.46931, 40.12273],
          [-114.45895, 40.13333],
          [-114.44493, 40.14766],
          [-114.41644, 40.15081],
          [-114.40607, 40.1614],
          [-114.39204, 40.17573],
          [-114.36353, 40.17886],
          [-114.35316, 40.18945],
          [-114.33912, 40.20378],
          [-114.3106, 40.2069],
          [-114.28208, 40.21002],
          [-114.27169, 40.2206],
          [-114.25764, 40.23492],
          [-114.22911, 40.23803],
          [-114.21871, 40.24861],
          [-114.20465, 40.26292],
          [-114.17611, 40.26602],
          [-114.14757, 40.26912],
          [-114.11903, 40.27221],
          [-114.09049, 40.2753],
          [-114.06194, 40.27838],
          [-114.03339, 40.28146],
          [-114.02298, 40.29203],
          [-114.00888, 40.30632],
          [-113.98032, 40.30939],
          [-113.96989, 40.31995],
          [-113.95578, 40.33423],
          [-113.92722, 40.33729],
          [-113.91678, 40.34785],
          [-113.90266, 40.36212],
          [-113.87408, 40.36518],
          [-113.86364, 40.37573],
          [-113.84951, 40.39],
          [-113.83906, 40.40054],
          [-113.82492, 40.41481],
          [-113.79633, 40.41785],
          [-113.78587, 40.42839],
          [-113.77172, 40.44265],
          [-113.76126, 40.45319],
          [-113.7471, 40.46745],
          [-113.71849, 40.47047],
          [-113.70802, 40.48101],
          [-113.69385, 40.49526],
          [-113.66523, 40.49828],
          [-113.65476, 40.50881],
          [-113.64058, 40.52305],
          [-113.61195, 40.52606],
          [-113.60146, 40.53658],
          [-113.58727, 40.55082],
          [-113.57678, 40.56134],
          [-113.56258, 40.57558],
          [-113.55208, 40.5861],
          [-113.53788, 40.60033],
          [-113.50923, 40.60332],
          [-113.49872, 40.61383],
          [-113.4845, 40.62806],
          [-113.47399, 40.63857],
          [-113.45977, 40.65279],
          [-113.4311, 40.65577],
          [-113.42058, 40.66627],
          [-113.40635, 40.68049],
          [-113.37767, 40.68346],
          [-113.36715, 40.69396],
          [-113.3529, 40.70817],
          [-113.34237, 40.71867],
          [-113.32812, 40.73287],
          [-113.29942, 40.73582],
          [-113.28888, 40.74632],
          [-113.27462, 40.76052],
          [-113.24591, 40.76346],
          [-113.23537, 40.77395],
          [-113.22109, 40.78814],
          [-113.19238, 40.79108],
          [-113.18182, 40.80157],
          [-113.16754, 40.81575],
          [-113.13881, 40.81868],
          [-113.12825, 40.82916],
          [-113.11395, 40.84334],
          [-113.08522, 40.84626],
          [-113.07465, 40.85673],
          [-113.06034, 40.87091],
          [-113.0316, 40.87382],
          [-113.02102, 40.88429],
          [-113.0067, 40.89845],
          [-112.97795, 40.90135],
          [-112.96736, 40.91182],
          [-112.95302, 40.92598],
          [-112.94243, 40.93644],
          [-112.92809, 40.9506],
          [-112.89932, 40.95349],
          [-112.88872, 40.96395],
          [-112.87437, 40.97809],
          [-112.86376, 40.98855],
          [-112.84941, 41.0027],
          [-112.82062, 41.00557],
          [-112.81001, 41.01602],
          [-112.79564, 41.03016],
          [-112.78502, 41.04061],
          [-112.77064, 41.05474],
          [-112.76001, 41.06519],
          [-112.74563, 41.07932],
          [-112.71682, 41.08218],
          [-112.70619, 41.09262],
          [-112.6918, 41.10674],
          [-112.68116, 41.11718],
          [-112.66676, 41.1313],
          [-112.65611, 41.14174],
          [-112.6417, 41.15585],
          [-112.63105, 41.16629],
          [-112.63482, 41.18799],
          [-112.62041, 41.2021],
          [-112.60975, 41.21253],
          [-112.59533, 41.22664],
          [-112.58466, 41.23707],
          [-112.58843, 41.25876],
          [-112.5922, 41.28046],
          [-112.57776, 41.29456],
          [-112.54889, 41.29739],
          [-112.53821, 41.3078],
          [-112.52377, 41.3219],
          [-112.49488, 41.32472],
          [-112.466, 41.32753],
          [-112.45531, 41.33794],
          [-112.44085, 41.35203],
          [-112.43016, 41.36244],
          [-112.41569, 41.37652],
          [-112.38679, 41.37932],
          [-112.37609, 41.38972],
          [-112.36161, 41.4038],
          [-112.3327, 41.40659],
          [-112.32199, 41.41699],
          [-112.3075, 41.43105],
          [-112.27858, 41.43383],
          [-112.26786, 41.44423],
          [-112.25336, 41.45829],
          [-112.22443, 41.46106],
          [-112.1955, 41.46383],
          [-112.16656, 41.46659],
          [-112.15583, 41.47698],
          [-112.14131, 41.49103],
          [-112.11237, 41.49378],
          [-112.08343, 41.49653],
          [-112.05448, 41.49928],
          [-112.02554, 41.50201],
          [-112.01478, 41.51239],
          [-112.00024, 41.52643],
          [-112, 41.52645]
        ]
      }
    },
    {
      "type": "Feature",
      "id": "2026083012_f210_13000_002",
      "properties": {
        "product_id": "winter_storm_levels",
        "source_id": "nbm_snow_level",
        "parameter": "snow_level",
        "definition": "height of the wet-bulb 0.5 degree C surface",
        "level_ft_msl": 13000,
        "label": "13,000 ft MSL",
        "unit": "ft_msl",
        "cycle_time_utc": "2026-08-30T12:00:00Z",
        "valid_time_utc": "2026-09-08T06:00:00Z",
        "lead_hours": 210,
        "segment": 2,
        "length_m": 6905.6
      },
      "geometry": {
        "type": "LineString",
        "coordinates": [
          [-123.3094, 30.24157],
          [-123.31181, 30.2514],
          [-123.30014, 30.2669],
          [-123.28219, 30.25682],
          [-123.27856, 30.24202]
        ]
      }
    },
    {
      "type": "Feature",
      "id": "2026083012_f210_14000_001",
      "properties": {
        "product_id": "winter_storm_levels",
        "source_id": "nbm_snow_level",
        "parameter": "snow_level",
        "definition": "height of the wet-bulb 0.5 degree C surface",
        "level_ft_msl": 14000,
        "label": "14,000 ft MSL",
        "unit": "ft_msl",
        "cycle_time_utc": "2026-08-30T12:00:00Z",
        "valid_time_utc": "2026-09-08T06:00:00Z",
        "lead_hours": 210,
        "segment": 1,
        "length_m": 1287675
      },
      "geometry": {
        "type": "LineString",
        "coordinates": [
          [-116.57654, 30.1962],
          [-116.57736, 30.20061],
          [-116.58154, 30.22307],
          [-116.58571, 30.24552],
          [-116.58988, 30.26798],
          [-116.59406, 30.29043],
          [-116.59824, 30.31288],
          [-116.60242, 30.33534],
          [-116.59205, 30.34771],
          [-116.58058, 30.36139],
          [-116.58476, 30.38384],
          [-116.58894, 30.40629],
          [-116.59312, 30.42874],
          [-116.5973, 30.45119],
          [-116.60149, 30.47363],
          [-116.61736, 30.48352],
          [-116.63172, 30.49247],
          [-116.63591, 30.51491],
          [-116.64011, 30.53735],
          [-116.65599, 30.54724],
          [-116.67036, 30.55618],
          [-116.67456, 30.57862],
          [-116.69045, 30.5885],
          [-116.70484, 30.59744],
          [-116.70905, 30.61988],
          [-116.71326, 30.64231],
          [-116.71747, 30.66475],
          [-116.72169, 30.68718],
          [-116.7259, 30.70962],
          [-116.73012, 30.73205],
          [-116.73434, 30.75448],
          [-116.75026, 30.76435],
          [-116.76467, 30.77328],
          [-116.7689, 30.79571],
          [-116.77313, 30.81814],
          [-116.77736, 30.84057],
          [-116.78159, 30.86299],
          [-116.78582, 30.88542],
          [-116.79006, 30.90784],
          [-116.7943, 30.93026],
          [-116.79854, 30.95268],
          [-116.80278, 30.97511],
          [-116.80702, 30.99752],
          [-116.79661, 31.0099],
          [-116.78511, 31.02358],
          [-116.78935, 31.046],
          [-116.79359, 31.06841],
          [-116.78317, 31.08079],
          [-116.77166, 31.09446],
          [-116.7759, 31.11688],
          [-116.78014, 31.13929],
          [-116.76972, 31.15166],
          [-116.75819, 31.16534],
          [-116.76243, 31.18775],
          [-116.76668, 31.21016],
          [-116.75625, 31.22253],
          [-116.74471, 31.2362],
          [-116.74895, 31.25861],
          [-116.7532, 31.28102],
          [-116.75744, 31.30343],
          [-116.76169, 31.32583],
          [-116.76593, 31.34824],
          [-116.77018, 31.37064],
          [-116.77443, 31.39305],
          [-116.76399, 31.40541],
          [-116.75244, 31.41908],
          [-116.75669, 31.44148],
          [-116.76094, 31.46388],
          [-116.76519, 31.48628],
          [-116.76944, 31.50867],
          [-116.7737, 31.53107],
          [-116.77796, 31.55347],
          [-116.78222, 31.57586],
          [-116.78648, 31.59826],
          [-116.79074, 31.62065],
          [-116.795, 31.64304],
          [-116.79927, 31.66543],
          [-116.80354, 31.68782],
          [-116.80781, 31.71021],
          [-116.81208, 31.73259],
          [-116.81635, 31.75498],
          [-116.82062, 31.77736],
          [-116.8249, 31.79975],
          [-116.84097, 31.80959],
          [-116.85552, 31.81849],
          [-116.8598, 31.84087],
          [-116.86409, 31.86325],
          [-116.86837, 31.88563],
          [-116.87266, 31.908],
          [-116.87695, 31.93038],
          [-116.88125, 31.95275],
          [-116.88554, 31.97513],
          [-116.88984, 31.9975],
          [-116.89413, 32.01987],
          [-116.89843, 32.04224],
          [-116.90273, 32.06461],
          [-116.90704, 32.08697],
          [-116.91134, 32.10934],
          [-116.91564, 32.1317],
          [-116.91995, 32.15406],
          [-116.92426, 32.17643],
          [-116.92857, 32.19879],
          [-116.93288, 32.22115],
          [-116.9372, 32.2435],
          [-116.94151, 32.26586],
          [-116.93101, 32.27821],
          [-116.91939, 32.29187],
          [-116.9237, 32.31422],
          [-116.92802, 32.33657],
          [-116.93234, 32.35893],
          [-116.93665, 32.38128],
          [-116.94098, 32.40363],
          [-116.9453, 32.42597],
          [-116.93477, 32.43832],
          [-116.92314, 32.45197],
          [-116.92746, 32.47432],
          [-116.91693, 32.48666],
          [-116.90529, 32.50031],
          [-116.90961, 32.52265],
          [-116.89907, 32.53499],
          [-116.88743, 32.54863],
          [-116.87688, 32.56097],
          [-116.86523, 32.57461],
          [-116.86955, 32.59695],
          [-116.859, 32.60929],
          [-116.84734, 32.62293],
          [-116.85165, 32.64527],
          [-116.85597, 32.66761],
          [-116.84541, 32.67994],
          [-116.83374, 32.69357],
          [-116.83805, 32.71591],
          [-116.82749, 32.72824],
          [-116.81582, 32.74187],
          [-116.82013, 32.7642],
          [-116.82444, 32.78654],
          [-116.82875, 32.80887],
          [-116.81818, 32.8212],
          [-116.80649, 32.83482],
          [-116.81081, 32.85715],
          [-116.80023, 32.86948],
          [-116.78854, 32.8831],
          [-116.79285, 32.90543],
          [-116.79716, 32.92775],
          [-116.78657, 32.94007],
          [-116.77487, 32.95369],
          [-116.77918, 32.97602],
          [-116.76859, 32.98834],
          [-116.75688, 33.00195],
          [-116.76119, 33.02427],
          [-116.7655, 33.04659],
          [-116.7549, 33.05891],
          [-116.74318, 33.07252],
          [-116.74749, 33.09484],
          [-116.7518, 33.11716],
          [-116.74119, 33.12947],
          [-116.72946, 33.14308],
          [-116.73377, 33.16539],
          [-116.72316, 33.17771],
          [-116.71142, 33.19131],
          [-116.71573, 33.21362],
          [-116.70511, 33.22593],
          [-116.69337, 33.23954],
          [-116.68274, 33.25184],
          [-116.67099, 33.26544],
          [-116.66036, 33.27775],
          [-116.64861, 33.29135],
          [-116.63797, 33.30365],
          [-116.62621, 33.31724],
          [-116.61557, 33.32954],
          [-116.60381, 33.34314],
          [-116.59316, 33.35543],
          [-116.5814, 33.36902],
          [-116.57075, 33.38132],
          [-116.54403, 33.3849],
          [-116.53226, 33.39848],
          [-116.5216, 33.41077],
          [-116.49488, 33.41434],
          [-116.48309, 33.42792],
          [-116.47242, 33.44021],
          [-116.46063, 33.45379],
          [-116.4649, 33.47609],
          [-116.45423, 33.48837],
          [-116.44243, 33.50195],
          [-116.44669, 33.52425],
          [-116.45096, 33.54655],
          [-116.44028, 33.55883],
          [-116.42847, 33.5724],
          [-116.43274, 33.5947],
          [-116.42205, 33.60697],
          [-116.41023, 33.62054],
          [-116.4145, 33.64284],
          [-116.41876, 33.66513],
          [-116.42303, 33.68742],
          [-116.4273, 33.70971],
          [-116.43157, 33.732],
          [-116.42087, 33.74427],
          [-116.40904, 33.75783],
          [-116.39833, 33.7701],
          [-116.3865, 33.78366],
          [-116.37579, 33.79593],
          [-116.36395, 33.80949],
          [-116.35323, 33.82176],
          [-116.32641, 33.82529],
          [-116.31456, 33.83885],
          [-116.30383, 33.85111],
          [-116.29198, 33.86466],
          [-116.29623, 33.88694],
          [-116.2855, 33.8992],
          [-116.27363, 33.91275],
          [-116.27788, 33.93503],
          [-116.28213, 33.9573],
          [-116.27139, 33.96956],
          [-116.25952, 33.9831],
          [-116.26377, 34.00538],
          [-116.26802, 34.02765],
          [-116.27227, 34.04992],
          [-116.27652, 34.07219],
          [-116.28078, 34.09446],
          [-116.27003, 34.10671],
          [-116.25814, 34.12025],
          [-116.26239, 34.14252],
          [-116.26665, 34.16478],
          [-116.2709, 34.18704],
          [-116.27516, 34.2093],
          [-116.27942, 34.23156],
          [-116.28368, 34.25382],
          [-116.28795, 34.27608],
          [-116.30433, 34.28591],
          [-116.31915, 34.29481],
          [-116.30838, 34.30705],
          [-116.29648, 34.32059],
          [-116.30075, 34.34284],
          [-116.30502, 34.36509],
          [-116.30929, 34.38734],
          [-116.32569, 34.39716],
          [-116.34053, 34.40605],
          [-116.34481, 34.4283],
          [-116.34909, 34.45054],
          [-116.33831, 34.46278],
          [-116.32639, 34.47631],
          [-116.31561, 34.48855],
          [-116.30369, 34.50208],
          [-116.30796, 34.52432],
          [-116.29717, 34.53655],
          [-116.28524, 34.55008],
          [-116.27445, 34.56231],
          [-116.26251, 34.57583],
          [-116.25171, 34.58806],
          [-116.23977, 34.60158],
          [-116.22897, 34.61381],
          [-116.21702, 34.62733],
          [-116.20621, 34.63955],
          [-116.17919, 34.64306],
          [-116.15216, 34.64656],
          [-116.1402, 34.66007],
          [-116.12938, 34.67229],
          [-116.11742, 34.68579],
          [-116.10659, 34.69801],
          [-116.09462, 34.71151],
          [-116.08379, 34.72373],
          [-116.07181, 34.73723],
          [-116.06098, 34.74944],
          [-116.049, 34.76294],
          [-116.03815, 34.77515],
          [-116.01109, 34.77862],
          [-115.9991, 34.79212],
          [-115.98825, 34.80432],
          [-115.97626, 34.81781],
          [-115.9654, 34.83002],
          [-115.93832, 34.83348],
          [-115.92632, 34.84696],
          [-115.91546, 34.85916],
          [-115.90345, 34.87265],
          [-115.89258, 34.88484],
          [-115.86548, 34.88829],
          [-115.83839, 34.89174],
          [-115.82637, 34.90521],
          [-115.81549, 34.9174],
          [-115.78838, 34.92084],
          [-115.76128, 34.92427],
          [-115.73417, 34.9277],
          [-115.70706, 34.93112],
          [-115.67995, 34.93454],
          [-115.65284, 34.93796],
          [-115.62572, 34.94137],
          [-115.59861, 34.94477],
          [-115.58376, 34.93583],
          [-115.56735, 34.92595],
          [-115.54023, 34.92934],
          [-115.52539, 34.92039],
          [-115.50898, 34.9105],
          [-115.48187, 34.91389],
          [-115.46704, 34.90494],
          [-115.45064, 34.89504],
          [-115.42353, 34.89842],
          [-115.39642, 34.90179],
          [-115.38159, 34.89283],
          [-115.3652, 34.88292],
          [-115.33809, 34.88628],
          [-115.31098, 34.88964],
          [-115.28387, 34.893],
          [-115.25676, 34.89635],
          [-115.24194, 34.88737],
          [-115.22556, 34.87745],
          [-115.21347, 34.89088],
          [-115.20252, 34.90303],
          [-115.1754, 34.90637],
          [-115.1633, 34.9198],
          [-115.15235, 34.93194],
          [-115.14023, 34.94537],
          [-115.12928, 34.95751],
          [-115.11716, 34.97093],
          [-115.1062, 34.98307],
          [-115.09407, 34.99649],
          [-115.09813, 35.01873],
          [-115.08716, 35.03086],
          [-115.07503, 35.04428],
          [-115.07908, 35.06651],
          [-115.0681, 35.07864],
          [-115.05596, 35.09206],
          [-115.06001, 35.11428],
          [-115.06407, 35.13651],
          [-115.06812, 35.15874],
          [-115.07217, 35.18096],
          [-115.07623, 35.20318],
          [-115.08029, 35.22541],
          [-115.06929, 35.23753],
          [-115.05714, 35.25094],
          [-115.06119, 35.27316],
          [-115.06525, 35.29537],
          [-115.06931, 35.31759],
          [-115.07337, 35.3398],
          [-115.07743, 35.36201],
          [-115.0815, 35.38422],
          [-115.08556, 35.40643],
          [-115.08963, 35.42863],
          [-115.0937, 35.45083],
          [-115.08268, 35.46295],
          [-115.07051, 35.47635],
          [-115.07457, 35.49855],
          [-115.07864, 35.52075],
          [-115.08271, 35.54295],
          [-115.07169, 35.55506],
          [-115.0595, 35.56845],
          [-115.06357, 35.59065],
          [-115.06763, 35.61284],
          [-115.07171, 35.63503],
          [-115.07578, 35.65722],
          [-115.06474, 35.66933],
          [-115.05254, 35.68271],
          [-115.05661, 35.7049],
          [-115.06068, 35.72708],
          [-115.06476, 35.74926],
          [-115.06883, 35.77144],
          [-115.07291, 35.79362],
          [-115.07699, 35.8158],
          [-115.08107, 35.83797],
          [-115.07001, 35.85007],
          [-115.05779, 35.86345],
          [-115.06187, 35.88562],
          [-115.06595, 35.90779],
          [-115.05489, 35.91989],
          [-115.04266, 35.93326],
          [-115.04673, 35.95543],
          [-115.03566, 35.96752],
          [-115.02342, 35.98089],
          [-115.0275, 36.00306],
          [-115.03158, 36.02522],
          [-115.0205, 36.03731],
          [-115.00825, 36.05067],
          [-115.01233, 36.07283],
          [-115.0164, 36.09499],
          [-115.02048, 36.11714],
          [-115.00939, 36.12923],
          [-114.99713, 36.14259],
          [-115.00121, 36.16474],
          [-114.99011, 36.17682],
          [-114.97784, 36.19018],
          [-114.98192, 36.21232],
          [-114.98599, 36.23447],
          [-114.97489, 36.24655],
          [-114.96261, 36.2599],
          [-114.9515, 36.27198],
          [-114.93922, 36.28532],
          [-114.94329, 36.30746],
          [-114.94736, 36.3296],
          [-114.93624, 36.34167],
          [-114.92395, 36.35502],
          [-114.92802, 36.37715],
          [-114.91689, 36.38922],
          [-114.90459, 36.40256],
          [-114.89346, 36.41463],
          [-114.88115, 36.42796],
          [-114.88522, 36.45009],
          [-114.87408, 36.46216],
          [-114.86176, 36.47549],
          [-114.85062, 36.48755],
          [-114.8383, 36.50088],
          [-114.84236, 36.52301],
          [-114.83121, 36.53506],
          [-114.81888, 36.54839],
          [-114.82294, 36.57051],
          [-114.81178, 36.58256],
          [-114.79944, 36.59589],
          [-114.78828, 36.60794],
          [-114.77594, 36.62126],
          [-114.76477, 36.63331],
          [-114.75242, 36.64662],
          [-114.75647, 36.66874],
          [-114.74529, 36.68078],
          [-114.73294, 36.69409],
          [-114.72176, 36.70614],
          [-114.7094, 36.71944],
          [-114.69821, 36.73148],
          [-114.67063, 36.73472],
          [-114.65826, 36.74802],
          [-114.64706, 36.76006],
          [-114.61946, 36.76328],
          [-114.59186, 36.7665],
          [-114.56426, 36.76972],
          [-114.55188, 36.78301],
          [-114.54067, 36.79504],
          [-114.52828, 36.80833],
          [-114.51706, 36.82035],
          [-114.50466, 36.83364],
          [-114.50866, 36.85574],
          [-114.51267, 36.87785],
          [-114.50144, 36.88987],
          [-114.48904, 36.90315],
          [-114.49304, 36.92525],
          [-114.49704, 36.94735],
          [-114.48581, 36.95936],
          [-114.47339, 36.97264],
          [-114.47739, 36.99474],
          [-114.48139, 37.01683],
          [-114.47015, 37.02884],
          [-114.45772, 37.04211],
          [-114.44648, 37.05412],
          [-114.43404, 37.06739],
          [-114.42279, 37.0794],
          [-114.41035, 37.09266],
          [-114.39909, 37.10467],
          [-114.38665, 37.11793],
          [-114.37539, 37.12993],
          [-114.36294, 37.14319],
          [-114.35167, 37.15519],
          [-114.33921, 37.16845],
          [-114.34319, 37.19053],
          [-114.33192, 37.20252],
          [-114.31945, 37.21578],
          [-114.30817, 37.22777],
          [-114.2957, 37.24102],
          [-114.29967, 37.26309],
          [-114.28839, 37.27508],
          [-114.27591, 37.28833],
          [-114.27988, 37.3104],
          [-114.28385, 37.33247],
          [-114.28783, 37.35453],
          [-114.27653, 37.36652],
          [-114.26404, 37.37976],
          [-114.26801, 37.40182],
          [-114.25671, 37.4138],
          [-114.24421, 37.42704],
          [-114.2329, 37.43901],
          [-114.22039, 37.45225],
          [-114.22436, 37.47431],
          [-114.21304, 37.48628],
          [-114.20053, 37.49951],
          [-114.18921, 37.51148],
          [-114.17669, 37.5247],
          [-114.16536, 37.53667],
          [-114.13755, 37.53981],
          [-114.12502, 37.55303],
          [-114.11369, 37.56499],
          [-114.08587, 37.56812],
          [-114.07333, 37.58133],
          [-114.06198, 37.59329],
          [-114.04944, 37.60651],
          [-114.03809, 37.61846],
          [-114.02554, 37.63167],
          [-114.01418, 37.64362],
          [-114.00163, 37.65683],
          [-113.99026, 37.66878],
          [-113.9777, 37.68198],
          [-113.96634, 37.69393],
          [-113.95377, 37.70713],
          [-113.9424, 37.71907],
          [-113.92982, 37.73227],
          [-113.91845, 37.74421],
          [-113.90587, 37.7574],
          [-113.89448, 37.76934],
          [-113.8819, 37.78253],
          [-113.87051, 37.79446],
          [-113.84262, 37.79755],
          [-113.83003, 37.81074],
          [-113.81863, 37.82266],
          [-113.80603, 37.83585],
          [-113.79463, 37.84777],
          [-113.78202, 37.86095],
          [-113.77061, 37.87288],
          [-113.7427, 37.87595],
          [-113.71479, 37.87901],
          [-113.70217, 37.89218],
          [-113.69075, 37.9041],
          [-113.67813, 37.91727],
          [-113.6667, 37.92918],
          [-113.63877, 37.93223],
          [-113.62614, 37.94539],
          [-113.61471, 37.9573],
          [-113.60206, 37.97046],
          [-113.59062, 37.98237],
          [-113.56268, 37.98541],
          [-113.55003, 37.99856],
          [-113.53858, 38.01046],
          [-113.52592, 38.02361],
          [-113.51447, 38.03551],
          [-113.50181, 38.04866],
          [-113.49035, 38.06056],
          [-113.47768, 38.0737],
          [-113.46621, 38.08559],
          [-113.43824, 38.08861],
          [-113.42556, 38.10175],
          [-113.41409, 38.11364],
          [-113.4014, 38.12678],
          [-113.38992, 38.13866],
          [-113.36193, 38.14166],
          [-113.34924, 38.15479],
          [-113.33775, 38.16667],
          [-113.30975, 38.16967],
          [-113.29705, 38.18279],
          [-113.28555, 38.19467],
          [-113.27284, 38.20779],
          [-113.26134, 38.21966],
          [-113.24862, 38.23278],
          [-113.23712, 38.24465],
          [-113.2244, 38.25777],
          [-113.21288, 38.26963],
          [-113.18485, 38.27261],
          [-113.17212, 38.28572],
          [-113.1606, 38.29758],
          [-113.14786, 38.31069],
          [-113.13633, 38.32254],
          [-113.10829, 38.3255],
          [-113.09554, 38.33861],
          [-113.08401, 38.35046],
          [-113.05595, 38.35341],
          [-113.04319, 38.36651],
          [-113.03165, 38.37835],
          [-113.00359, 38.38129],
          [-112.99082, 38.39439],
          [-112.97927, 38.40623],
          [-112.95119, 38.40916],
          [-112.93842, 38.42225],
          [-112.92685, 38.43409],
          [-112.89877, 38.43701],
          [-112.88599, 38.45009],
          [-112.87442, 38.46192],
          [-112.84633, 38.46484],
          [-112.81823, 38.46775],
          [-112.80543, 38.48082],
          [-112.79385, 38.49265],
          [-112.76575, 38.49555],
          [-112.73765, 38.49844],
          [-112.70955, 38.50134],
          [-112.69673, 38.5144],
          [-112.68513, 38.52622],
          [-112.65702, 38.5291],
          [-112.6289, 38.53198],
          [-112.60079, 38.53485],
          [-112.58795, 38.5479],
          [-112.57634, 38.55971],
          [-112.5635, 38.57276],
          [-112.55188, 38.58457],
          [-112.52375, 38.58743],
          [-112.51089, 38.60047],
          [-112.49927, 38.61227],
          [-112.48641, 38.62531],
          [-112.47477, 38.63711],
          [-112.46191, 38.65015],
          [-112.45027, 38.66194],
          [-112.4374, 38.67498],
          [-112.44104, 38.69696],
          [-112.42939, 38.70875],
          [-112.41652, 38.72178],
          [-112.40486, 38.73356],
          [-112.39198, 38.74659],
          [-112.39562, 38.76857],
          [-112.38395, 38.78035],
          [-112.37106, 38.79337],
          [-112.3594, 38.80515],
          [-112.3465, 38.81817],
          [-112.33483, 38.82995],
          [-112.32192, 38.84296],
          [-112.31024, 38.85474],
          [-112.29734, 38.86775],
          [-112.30096, 38.88972],
          [-112.28927, 38.90149],
          [-112.27635, 38.9145],
          [-112.27997, 38.93646],
          [-112.26828, 38.94822],
          [-112.25535, 38.96123],
          [-112.24365, 38.97299],
          [-112.23072, 38.98599],
          [-112.21902, 38.99775],
          [-112.20608, 39.01075],
          [-112.19437, 39.02251],
          [-112.18142, 39.0355],
          [-112.16971, 39.04725],
          [-112.15676, 39.06025],
          [-112.14504, 39.072],
          [-112.13208, 39.08498],
          [-112.12036, 39.09673],
          [-112.10739, 39.10972],
          [-112.09566, 39.12146],
          [-112.08269, 39.13444],
          [-112.07096, 39.14619],
          [-112.05798, 39.15916],
          [-112.04624, 39.1709],
          [-112.03326, 39.18388],
          [-112.02151, 39.19561],
          [-112.00852, 39.20858],
          [-112.01209, 39.23052],
          [-112.00034, 39.24225],
          [-112, 39.24228]
        ]
      }
    }
  ]
}

