{
  "type": "FeatureCollection",
  "contract_version": "1.0.0",
  "bbox": [-130, 30.0861, -112, 44.5],
  "features": [
    {
      "type": "Feature",
      "id": "2026090612_f162_08000_001",
      "properties": {
        "product_id": "winter_storm_levels",
        "source_id": "nbm_snow_level",
        "parameter": "snow_level",
        "definition": "height of the wet-bulb 0.5 degree C surface",
        "level_ft_msl": 8000,
        "label": "8,000 ft MSL",
        "unit": "ft_msl",
        "cycle_time_utc": "2026-09-06T12:00:00Z",
        "valid_time_utc": "2026-09-13T06:00:00Z",
        "lead_hours": 162,
        "segment": 1,
        "length_m": 10881.1
      },
      "geometry": {
        "type": "LineString",
        "coordinates": [
          [-127.55254, 44.12952],
          [-127.54815, 44.13472],
          [-127.53056, 44.15552],
          [-127.52617, 44.16072],
          [-127.51892, 44.15756],
          [-127.5118, 44.13668],
          [-127.5162, 44.13148],
          [-127.5453, 44.12637],
          [-127.55254, 44.12952]
        ]
      }
    },
    {
      "type": "Feature",
      "id": "2026090612_f162_08000_002",
      "properties": {
        "product_id": "winter_storm_levels",
        "source_id": "nbm_snow_level",
        "parameter": "snow_level",
        "definition": "height of the wet-bulb 0.5 degree C surface",
        "level_ft_msl": 8000,
        "label": "8,000 ft MSL",
        "unit": "ft_msl",
        "cycle_time_utc": "2026-09-06T12:00:00Z",
        "valid_time_utc": "2026-09-13T06:00:00Z",
        "lead_hours": 162,
        "segment": 2,
        "length_m": 491824.4
      },
      "geometry": {
        "type": "LineString",
        "coordinates": [
          [-130, 41.84587],
          [-129.99173, 41.8475],
          [-129.97506, 41.86882],
          [-129.97089, 41.87415],
          [-129.95421, 41.89547],
          [-129.95004, 41.90079],
          [-129.92171, 41.90635],
          [-129.90502, 41.92766],
          [-129.90084, 41.93298],
          [-129.88414, 41.95428],
          [-129.87996, 41.95961],
          [-129.85161, 41.96515],
          [-129.82327, 41.97069],
          [-129.79491, 41.97622],
          [-129.77818, 41.99751],
          [-129.774, 42.00283],
          [-129.74563, 42.00836],
          [-129.71727, 42.01388],
          [-129.6889, 42.01939],
          [-129.67213, 42.04067],
          [-129.66794, 42.04598],
          [-129.63956, 42.05149],
          [-129.62278, 42.07275],
          [-129.61859, 42.07807],
          [-129.6018, 42.09933],
          [-129.5976, 42.10464],
          [-129.5692, 42.11013],
          [-129.55239, 42.13138],
          [-129.54819, 42.13669],
          [-129.51978, 42.14218],
          [-129.50296, 42.16342],
          [-129.49875, 42.16873],
          [-129.47033, 42.17421],
          [-129.45349, 42.19544],
          [-129.44928, 42.20075],
          [-129.43244, 42.22197],
          [-129.42823, 42.22728],
          [-129.41137, 42.2485],
          [-129.40716, 42.2538],
          [-129.3903, 42.27502],
          [-129.38608, 42.28032],
          [-129.36921, 42.30154],
          [-129.36499, 42.30684],
          [-129.34811, 42.32804],
          [-129.34389, 42.33334],
          [-129.327, 42.35454],
          [-129.32278, 42.35984],
          [-129.29429, 42.36529],
          [-129.2658, 42.37073],
          [-129.24889, 42.39191],
          [-129.24466, 42.39721],
          [-129.21615, 42.40264],
          [-129.19923, 42.42382],
          [-129.19499, 42.42912],
          [-129.16648, 42.43454],
          [-129.14954, 42.45571],
          [-129.1453, 42.461],
          [-129.12835, 42.48217],
          [-129.13569, 42.50321],
          [-129.13145, 42.5085],
          [-129.11448, 42.52966],
          [-129.11024, 42.53495],
          [-129.09327, 42.5561],
          [-129.08903, 42.56139],
          [-129.07204, 42.58253],
          [-129.0678, 42.58782],
          [-129.05081, 42.60896],
          [-129.04656, 42.61425],
          [-129.01798, 42.61964],
          [-129.00098, 42.64078],
          [-128.99672, 42.64606],
          [-128.97971, 42.66719],
          [-128.97545, 42.67247],
          [-128.94686, 42.67785],
          [-128.92983, 42.69897],
          [-128.92557, 42.70425],
          [-128.90853, 42.72536],
          [-128.91584, 42.74638],
          [-128.91158, 42.75166],
          [-128.89452, 42.77277],
          [-128.89026, 42.77804],
          [-128.8732, 42.79914],
          [-128.86893, 42.80442],
          [-128.85187, 42.82552],
          [-128.8476, 42.83079],
          [-128.83052, 42.85188],
          [-128.82625, 42.85715],
          [-128.80916, 42.87824],
          [-128.80489, 42.88351],
          [-128.78779, 42.90459],
          [-128.78352, 42.90986],
          [-128.76641, 42.93093],
          [-128.76213, 42.9362],
          [-128.74502, 42.95727],
          [-128.74074, 42.96254],
          [-128.72361, 42.9836],
          [-128.71933, 42.98887],
          [-128.7022, 43.00993],
          [-128.69792, 43.01519],
          [-128.68077, 43.03624],
          [-128.68806, 43.05723],
          [-128.68377, 43.06249],
          [-128.66662, 43.08354],
          [-128.66233, 43.0888],
          [-128.64517, 43.10984],
          [-128.65245, 43.13082],
          [-128.65974, 43.1518],
          [-128.65545, 43.15706],
          [-128.63827, 43.17809],
          [-128.63398, 43.18334],
          [-128.61679, 43.20437],
          [-128.61249, 43.20962],
          [-128.5953, 43.23064],
          [-128.591, 43.2359],
          [-128.5738, 43.25691],
          [-128.58108, 43.27788],
          [-128.58836, 43.29884],
          [-128.58406, 43.30409],
          [-128.56684, 43.32509],
          [-128.56254, 43.33034],
          [-128.54531, 43.35134],
          [-128.541, 43.35659],
          [-128.52377, 43.37759],
          [-128.53105, 43.39854],
          [-128.52674, 43.40378],
          [-128.50949, 43.42477],
          [-128.50518, 43.43001],
          [-128.48792, 43.451],
          [-128.48361, 43.45624],
          [-128.46634, 43.47722],
          [-128.46203, 43.48246],
          [-128.43317, 43.48773],
          [-128.41588, 43.5087],
          [-128.41156, 43.51394],
          [-128.38269, 43.5192],
          [-128.35382, 43.52446],
          [-128.33651, 43.54542],
          [-128.33219, 43.55066],
          [-128.3033, 43.55591],
          [-128.27441, 43.56115],
          [-128.25708, 43.58209],
          [-128.25275, 43.58733],
          [-128.22385, 43.59257],
          [-128.2065, 43.6135],
          [-128.20217, 43.61873],
          [-128.18481, 43.63966],
          [-128.18047, 43.64489],
          [-128.15155, 43.65012],
          [-128.13418, 43.67103],
          [-128.12984, 43.67626],
          [-128.1009, 43.68148],
          [-128.08352, 43.70239],
          [-128.07917, 43.70761],
          [-128.05022, 43.71282],
          [-128.02127, 43.71802],
          [-127.99232, 43.72322],
          [-127.98509, 43.72007],
          [-127.97791, 43.69915],
          [-127.94901, 43.68656],
          [-127.94178, 43.68341],
          [-127.91289, 43.67081],
          [-127.89547, 43.6917],
          [-127.89111, 43.69693],
          [-127.87367, 43.71781],
          [-127.86932, 43.72304],
          [-127.84035, 43.72821],
          [-127.8229, 43.74909],
          [-127.81854, 43.75431],
          [-127.78957, 43.75947],
          [-127.76059, 43.76463],
          [-127.74312, 43.7855],
          [-127.73875, 43.79072],
          [-127.70976, 43.79587],
          [-127.68076, 43.80101],
          [-127.65177, 43.80616],
          [-127.62277, 43.81129],
          [-127.60526, 43.83214],
          [-127.60088, 43.83735],
          [-127.57187, 43.84248],
          [-127.55434, 43.86332],
          [-127.54996, 43.86853],
          [-127.52094, 43.87365],
          [-127.5034, 43.89448],
          [-127.49901, 43.89968],
          [-127.48146, 43.92051],
          [-127.47707, 43.92571],
          [-127.4595, 43.94653],
          [-127.45511, 43.95173],
          [-127.43754, 43.97255],
          [-127.43315, 43.97775],
          [-127.40408, 43.98285],
          [-127.3865, 44.00365],
          [-127.39358, 44.02456],
          [-127.38918, 44.02976],
          [-127.37158, 44.05055],
          [-127.37866, 44.07146],
          [-127.38574, 44.09236],
          [-127.39283, 44.11325],
          [-127.39992, 44.13414],
          [-127.40702, 44.15503],
          [-127.40261, 44.16023],
          [-127.37349, 44.16532],
          [-127.34437, 44.1704],
          [-127.31525, 44.17548],
          [-127.30801, 44.17231],
          [-127.27906, 44.15966],
          [-127.27182, 44.15649],
          [-127.26475, 44.1356],
          [-127.25769, 44.1147],
          [-127.22876, 44.10204],
          [-127.22153, 44.09887],
          [-127.19261, 44.08619],
          [-127.18538, 44.08302],
          [-127.15647, 44.07034],
          [-127.12736, 44.0754],
          [-127.09826, 44.08044],
          [-127.06915, 44.08549],
          [-127.06192, 44.08231],
          [-127.03303, 44.06961],
          [-127.00392, 44.07465],
          [-126.98623, 44.0954],
          [-126.9818, 44.10059],
          [-126.95268, 44.10561],
          [-126.92356, 44.11063],
          [-126.89443, 44.11565],
          [-126.8653, 44.12066],
          [-126.85808, 44.11747],
          [-126.8292, 44.10475],
          [-126.81147, 44.12548],
          [-126.80703, 44.13066],
          [-126.77789, 44.13566],
          [-126.74875, 44.14065],
          [-126.731, 44.16137],
          [-126.72656, 44.16655],
          [-126.70879, 44.18726],
          [-126.70435, 44.19244],
          [-126.67518, 44.19742],
          [-126.6574, 44.21813],
          [-126.65296, 44.2233],
          [-126.62378, 44.22827],
          [-126.60598, 44.24897],
          [-126.60153, 44.25414],
          [-126.58372, 44.27483],
          [-126.57927, 44.28001],
          [-126.56145, 44.30069],
          [-126.55699, 44.30586],
          [-126.52779, 44.31081],
          [-126.50996, 44.33149],
          [-126.5055, 44.33666],
          [-126.48765, 44.35733],
          [-126.49456, 44.37822],
          [-126.50148, 44.39911],
          [-126.5084, 44.41999],
          [-126.51532, 44.44088],
          [-126.52225, 44.46175],
          [-126.52917, 44.48263],
          [-126.55813, 44.49537],
          [-126.56537, 44.49856],
          [-126.56585, 44.5]
        ]
      }
    },
    {
      "type": "Feature",
      "id": "2026090612_f162_09000_001",
      "properties": {
        "product_id": "winter_storm_levels",
        "source_id": "nbm_snow_level",
        "parameter": "snow_level",
        "definition": "height of the wet-bulb 0.5 degree C surface",
        "level_ft_msl": 9000,
        "label": "9,000 ft MSL",
        "unit": "ft_msl",
        "cycle_time_utc": "2026-09-06T12:00:00Z",
        "valid_time_utc": "2026-09-13T06:00:00Z",
        "lead_hours": 162,
        "segment": 1,
        "length_m": 17084.1
      },
      "geometry": {
        "type": "LineString",
        "coordinates": [
          [-123.91974, 42.92036],
          [-123.89934, 42.94355],
          [-123.87041, 42.94813],
          [-123.83875, 42.93319],
          [-123.85915, 42.91001],
          [-123.88807, 42.90543],
          [-123.91974, 42.92036]
        ]
      }
    },
    {
      "type": "Feature",
      "id": "2026090612_f162_09000_002",
      "properties": {
        "product_id": "winter_storm_levels",
        "source_id": "nbm_snow_level",
        "parameter": "snow_level",
        "definition": "height of the wet-bulb 0.5 degree C surface",
        "level_ft_msl": 9000,
        "label": "9,000 ft MSL",
        "unit": "ft_msl",
        "cycle_time_utc": "2026-09-06T12:00:00Z",
        "valid_time_utc": "2026-09-13T06:00:00Z",
        "lead_hours": 162,
        "segment": 2,
        "length_m": 1027868.6
      },
      "geometry": {
        "type": "LineString",
        "coordinates": [
          [-130, 38.79642],
          [-129.9807, 38.80039],
          [-129.97723, 38.79882],
          [-129.94597, 38.78462],
          [-129.9425, 38.78304],
          [-129.91125, 38.76884],
          [-129.88377, 38.77448],
          [-129.8803, 38.7729],
          [-129.84906, 38.75869],
          [-129.82158, 38.76432],
          [-129.81811, 38.76274],
          [-129.78688, 38.74852],
          [-129.7594, 38.75414],
          [-129.73191, 38.75975],
          [-129.72844, 38.75817],
          [-129.69723, 38.74393],
          [-129.66974, 38.74954],
          [-129.66627, 38.74795],
          [-129.63507, 38.7337],
          [-129.60759, 38.7393],
          [-129.5801, 38.74489],
          [-129.5526, 38.75048],
          [-129.54914, 38.74889],
          [-129.51795, 38.73462],
          [-129.49046, 38.7402],
          [-129.46296, 38.74577],
          [-129.43546, 38.75134],
          [-129.40796, 38.75691],
          [-129.38046, 38.76247],
          [-129.35295, 38.76803],
          [-129.32544, 38.77358],
          [-129.29792, 38.77913],
          [-129.27041, 38.78467],
          [-129.24289, 38.79021],
          [-129.21537, 38.79574],
          [-129.18784, 38.80127],
          [-129.16031, 38.8068],
          [-129.13278, 38.81232],
          [-129.11437, 38.83659],
          [-129.11233, 38.83929],
          [-129.08478, 38.8448],
          [-129.06636, 38.86906],
          [-129.06431, 38.87176],
          [-129.04587, 38.89602],
          [-129.04382, 38.89871],
          [-129.02538, 38.92296],
          [-129.02333, 38.92566],
          [-129.00488, 38.94991],
          [-129.00282, 38.9526],
          [-128.98436, 38.97684],
          [-128.99142, 38.99828],
          [-128.98937, 39.00098],
          [-128.9709, 39.02521],
          [-128.96884, 39.02791],
          [-128.95036, 39.05214],
          [-128.9483, 39.05483],
          [-128.92981, 39.07905],
          [-128.92775, 39.08175],
          [-128.90014, 39.08722],
          [-128.87252, 39.09269],
          [-128.854, 39.11691],
          [-128.85194, 39.1196],
          [-128.82432, 39.12506],
          [-128.80578, 39.14927],
          [-128.80372, 39.15195],
          [-128.77608, 39.15741],
          [-128.75753, 39.18161],
          [-128.75547, 39.18429],
          [-128.72782, 39.18974],
          [-128.70016, 39.19518],
          [-128.68159, 39.21937],
          [-128.67952, 39.22205],
          [-128.65186, 39.22749],
          [-128.63326, 39.25166],
          [-128.6312, 39.25435],
          [-128.60352, 39.25977],
          [-128.57584, 39.26519],
          [-128.55723, 39.28936],
          [-128.55516, 39.29204],
          [-128.52747, 39.29745],
          [-128.50883, 39.32161],
          [-128.50676, 39.32429],
          [-128.48812, 39.34844],
          [-128.48605, 39.35112],
          [-128.46739, 39.37526],
          [-128.46532, 39.37794],
          [-128.44666, 39.40208],
          [-128.44458, 39.40476],
          [-128.42591, 39.42889],
          [-128.42383, 39.43158],
          [-128.40515, 39.4557],
          [-128.40308, 39.45838],
          [-128.38438, 39.4825],
          [-128.39136, 39.50392],
          [-128.38928, 39.5066],
          [-128.37058, 39.53071],
          [-128.3685, 39.53339],
          [-128.34979, 39.5575],
          [-128.34771, 39.56018],
          [-128.32899, 39.58428],
          [-128.3269, 39.58696],
          [-128.30817, 39.61106],
          [-128.30609, 39.61374],
          [-128.2783, 39.6191],
          [-128.25955, 39.64319],
          [-128.25747, 39.64587],
          [-128.23871, 39.66995],
          [-128.23663, 39.67263],
          [-128.20882, 39.67798],
          [-128.19004, 39.70205],
          [-128.18796, 39.70473],
          [-128.16014, 39.71007],
          [-128.14135, 39.73414],
          [-128.13926, 39.73681],
          [-128.11143, 39.74215],
          [-128.09262, 39.7662],
          [-128.09053, 39.76888],
          [-128.06269, 39.7742],
          [-128.03485, 39.77952],
          [-128.007, 39.78484],
          [-127.98816, 39.80888],
          [-127.98606, 39.81155],
          [-127.95821, 39.81686],
          [-127.93035, 39.82217],
          [-127.90249, 39.82747],
          [-127.88361, 39.85149],
          [-127.88151, 39.85416],
          [-127.85364, 39.85945],
          [-127.83475, 39.88347],
          [-127.83265, 39.88614],
          [-127.80477, 39.89142],
          [-127.77688, 39.8967],
          [-127.74899, 39.90197],
          [-127.73007, 39.92597],
          [-127.72796, 39.92864],
          [-127.70006, 39.9339],
          [-127.68112, 39.95789],
          [-127.67902, 39.96056],
          [-127.65111, 39.96581],
          [-127.62319, 39.97107],
          [-127.60423, 39.99504],
          [-127.60212, 39.99771],
          [-127.59864, 39.99609],
          [-127.56735, 39.98156],
          [-127.53943, 39.98679],
          [-127.5115, 39.99203],
          [-127.49251, 40.01599],
          [-127.4904, 40.01865],
          [-127.46246, 40.02388],
          [-127.44345, 40.04783],
          [-127.44134, 40.05049],
          [-127.41339, 40.05571],
          [-127.39436, 40.07966],
          [-127.39225, 40.08232],
          [-127.37321, 40.10625],
          [-127.37109, 40.10891],
          [-127.34312, 40.11412],
          [-127.31515, 40.11932],
          [-127.29609, 40.14324],
          [-127.29397, 40.1459],
          [-127.2749, 40.16982],
          [-127.27278, 40.17248],
          [-127.2537, 40.1964],
          [-127.25158, 40.19905],
          [-127.23249, 40.22296],
          [-127.23036, 40.22562],
          [-127.21126, 40.24952],
          [-127.20914, 40.25218],
          [-127.18113, 40.25736],
          [-127.16201, 40.28125],
          [-127.16878, 40.30263],
          [-127.16666, 40.30528],
          [-127.14753, 40.32917],
          [-127.1454, 40.33182],
          [-127.12626, 40.35571],
          [-127.12413, 40.35836],
          [-127.09609, 40.36352],
          [-127.07693, 40.38739],
          [-127.0748, 40.39004],
          [-127.05563, 40.41391],
          [-127.0535, 40.41656],
          [-127.03432, 40.44042],
          [-127.03219, 40.44308],
          [-127.013, 40.46693],
          [-127.01087, 40.46958],
          [-126.98279, 40.47472],
          [-126.96358, 40.49857],
          [-126.96145, 40.50122],
          [-126.94223, 40.52506],
          [-126.9401, 40.52771],
          [-126.92087, 40.55154],
          [-126.91874, 40.55419],
          [-126.8995, 40.57802],
          [-126.89737, 40.58067],
          [-126.87812, 40.60449],
          [-126.87598, 40.60714],
          [-126.85673, 40.63096],
          [-126.85459, 40.6336],
          [-126.82645, 40.63871],
          [-126.80718, 40.66252],
          [-126.80504, 40.66517],
          [-126.77689, 40.67027],
          [-126.7576, 40.69407],
          [-126.75546, 40.69671],
          [-126.7273, 40.70181],
          [-126.70799, 40.7256],
          [-126.70585, 40.72824],
          [-126.68653, 40.75202],
          [-126.68439, 40.75467],
          [-126.65621, 40.75975],
          [-126.63687, 40.78352],
          [-126.63473, 40.78616],
          [-126.60654, 40.79123],
          [-126.58719, 40.815],
          [-126.58503, 40.81764],
          [-126.56567, 40.8414],
          [-126.56352, 40.84404],
          [-126.53531, 40.8491],
          [-126.51593, 40.87285],
          [-126.51378, 40.87549],
          [-126.49439, 40.89924],
          [-126.49224, 40.90187],
          [-126.47284, 40.92561],
          [-126.47951, 40.94695],
          [-126.47736, 40.94958],
          [-126.45795, 40.97332],
          [-126.45579, 40.97595],
          [-126.43637, 40.99968],
          [-126.43421, 41.00232],
          [-126.41478, 41.02604],
          [-126.41262, 41.02867],
          [-126.39318, 41.05239],
          [-126.39102, 41.05502],
          [-126.37157, 41.07873],
          [-126.36941, 41.08137],
          [-126.34994, 41.10507],
          [-126.34778, 41.1077],
          [-126.32831, 41.1314],
          [-126.33497, 41.15271],
          [-126.3328, 41.15535],
          [-126.31332, 41.17904],
          [-126.31116, 41.18167],
          [-126.28284, 41.18668],
          [-126.26334, 41.21036],
          [-126.26117, 41.21299],
          [-126.24166, 41.23667],
          [-126.23949, 41.2393],
          [-126.21997, 41.26297],
          [-126.22662, 41.28427],
          [-126.22445, 41.2869],
          [-126.20491, 41.31056],
          [-126.20274, 41.31319],
          [-126.1832, 41.33684],
          [-126.18103, 41.33947],
          [-126.16147, 41.36312],
          [-126.1593, 41.36575],
          [-126.13973, 41.38939],
          [-126.13756, 41.39202],
          [-126.11798, 41.41566],
          [-126.11581, 41.41829],
          [-126.08742, 41.42326],
          [-126.06783, 41.44689],
          [-126.06565, 41.44951],
          [-126.03725, 41.45447],
          [-126.01764, 41.47809],
          [-126.01546, 41.48072],
          [-125.98705, 41.48567],
          [-125.96742, 41.50928],
          [-125.96524, 41.5119],
          [-125.93682, 41.51685],
          [-125.90839, 41.52179],
          [-125.87996, 41.52672],
          [-125.8603, 41.55032],
          [-125.85812, 41.55294],
          [-125.82968, 41.55787],
          [-125.80124, 41.56279],
          [-125.77279, 41.56771],
          [-125.74434, 41.57262],
          [-125.72464, 41.59619],
          [-125.72245, 41.59881],
          [-125.69399, 41.60371],
          [-125.66553, 41.60861],
          [-125.63707, 41.61351],
          [-125.61733, 41.63706],
          [-125.61514, 41.63968],
          [-125.5954, 41.66323],
          [-125.5932, 41.66585],
          [-125.57345, 41.68939],
          [-125.57125, 41.69201],
          [-125.55149, 41.71554],
          [-125.54929, 41.71816],
          [-125.52079, 41.72303],
          [-125.50101, 41.74656],
          [-125.49881, 41.74917],
          [-125.47902, 41.7727],
          [-125.47682, 41.77531],
          [-125.45702, 41.79883],
          [-125.45481, 41.80144],
          [-125.435, 41.82495],
          [-125.4328, 41.82756],
          [-125.41298, 41.85106],
          [-125.41077, 41.85368],
          [-125.39094, 41.87717],
          [-125.38874, 41.87978],
          [-125.36018, 41.88463],
          [-125.34033, 41.90812],
          [-125.33812, 41.91073],
          [-125.31826, 41.93421],
          [-125.31605, 41.93682],
          [-125.29618, 41.96029],
          [-125.29397, 41.9629],
          [-125.26539, 41.96773],
          [-125.2455, 41.9912],
          [-125.24329, 41.9938],
          [-125.2147, 41.99862],
          [-125.19479, 42.02208],
          [-125.19258, 42.02469],
          [-125.17266, 42.04814],
          [-125.17045, 42.05074],
          [-125.15052, 42.07419],
          [-125.1483, 42.07679],
          [-125.11968, 42.08159],
          [-125.09974, 42.10503],
          [-125.09752, 42.10763],
          [-125.06889, 42.11243],
          [-125.04892, 42.13585],
          [-125.0467, 42.13845],
          [-125.01806, 42.14324],
          [-124.99808, 42.16665],
          [-124.99586, 42.16925],
          [-124.9672, 42.17403],
          [-124.9472, 42.19744],
          [-124.94498, 42.20004],
          [-124.91631, 42.2048],
          [-124.89629, 42.2282],
          [-124.89407, 42.2308],
          [-124.86539, 42.23555],
          [-124.84536, 42.25894],
          [-124.84313, 42.26154],
          [-124.82308, 42.28492],
          [-124.82085, 42.28752],
          [-124.79216, 42.29226],
          [-124.77209, 42.31563],
          [-124.76986, 42.31823],
          [-124.74115, 42.32296],
          [-124.72107, 42.34632],
          [-124.71884, 42.34892],
          [-124.69012, 42.35365],
          [-124.67002, 42.377],
          [-124.66779, 42.37959],
          [-124.63906, 42.38431],
          [-124.61894, 42.40765],
          [-124.6167, 42.41024],
          [-124.59657, 42.43358],
          [-124.59433, 42.43617],
          [-124.5742, 42.4595],
          [-124.57196, 42.46209],
          [-124.55181, 42.48542],
          [-124.54957, 42.48801],
          [-124.52941, 42.51132],
          [-124.52717, 42.51391],
          [-124.507, 42.53723],
          [-124.50475, 42.53982],
          [-124.47597, 42.5445],
          [-124.45578, 42.5678],
          [-124.45354, 42.57039],
          [-124.43334, 42.59369],
          [-124.43109, 42.59628],
          [-124.41088, 42.61956],
          [-124.40864, 42.62215],
          [-124.38842, 42.64543],
          [-124.38617, 42.64802],
          [-124.36594, 42.6713],
          [-124.36369, 42.67388],
          [-124.34345, 42.69715],
          [-124.3412, 42.69974],
          [-124.32095, 42.723],
          [-124.3187, 42.72559],
          [-124.29843, 42.74885],
          [-124.29618, 42.75143],
          [-124.27591, 42.77468],
          [-124.27366, 42.77727],
          [-124.24479, 42.78191],
          [-124.2245, 42.80515],
          [-124.22225, 42.80774],
          [-124.20194, 42.83097],
          [-124.19969, 42.83355],
          [-124.17938, 42.85678],
          [-124.17712, 42.85936],
          [-124.14823, 42.86399],
          [-124.1279, 42.88721],
          [-124.12564, 42.88979],
          [-124.09673, 42.89441],
          [-124.06783, 42.89902],
          [-124.03892, 42.90363],
          [-124.01, 42.90824],
          [-123.98963, 42.93143],
          [-123.98737, 42.93401],
          [-123.95845, 42.93861],
          [-123.93806, 42.9618],
          [-123.93579, 42.96437],
          [-123.90686, 42.96896],
          [-123.87792, 42.97354],
          [-123.8575, 42.99671],
          [-123.85523, 42.99929],
          [-123.82629, 43.00386],
          [-123.80585, 43.02703],
          [-123.80358, 43.0296],
          [-123.77462, 43.03416],
          [-123.74566, 43.03872],
          [-123.71669, 43.04328],
          [-123.68773, 43.04783],
          [-123.65876, 43.05237],
          [-123.62978, 43.05691],
          [-123.60081, 43.06145],
          [-123.57183, 43.06598],
          [-123.54285, 43.07051],
          [-123.51387, 43.07503],
          [-123.48488, 43.07955],
          [-123.45589, 43.08406],
          [-123.4269, 43.08857],
          [-123.40636, 43.11168],
          [-123.40407, 43.11424],
          [-123.37507, 43.11874],
          [-123.35451, 43.14184],
          [-123.35222, 43.14441],
          [-123.32321, 43.1489],
          [-123.29419, 43.15338],
          [-123.26517, 43.15786],
          [-123.24458, 43.18094],
          [-123.24229, 43.18351],
          [-123.21326, 43.18798],
          [-123.19264, 43.21105],
          [-123.19035, 43.21361],
          [-123.16972, 43.23668],
          [-123.16743, 43.23924],
          [-123.14679, 43.2623],
          [-123.15292, 43.28346],
          [-123.15062, 43.28602],
          [-123.12997, 43.30907],
          [-123.12768, 43.31163],
          [-123.10701, 43.33467],
          [-123.10472, 43.33723],
          [-123.08405, 43.36027],
          [-123.09016, 43.38141],
          [-123.08786, 43.38397],
          [-123.06718, 43.407],
          [-123.07329, 43.42814],
          [-123.07099, 43.4307],
          [-123.05029, 43.45372],
          [-123.0564, 43.47485],
          [-123.0541, 43.47741],
          [-123.03339, 43.50042],
          [-123.0395, 43.52155],
          [-123.0372, 43.52411],
          [-123.01647, 43.54711],
          [-123.01417, 43.54966],
          [-122.99343, 43.57266],
          [-122.99954, 43.59378],
          [-122.99723, 43.59633],
          [-122.97648, 43.61932],
          [-122.97417, 43.62187],
          [-122.95341, 43.64486],
          [-122.95952, 43.66597],
          [-122.95721, 43.66852],
          [-122.93643, 43.69149],
          [-122.93412, 43.69404],
          [-122.91333, 43.71701],
          [-122.91102, 43.71956],
          [-122.89023, 43.74252],
          [-122.88791, 43.74507],
          [-122.86711, 43.76802],
          [-122.86479, 43.77057],
          [-122.84397, 43.79352],
          [-122.84166, 43.79607],
          [-122.82083, 43.81901],
          [-122.81851, 43.82156],
          [-122.79767, 43.84449],
          [-122.79535, 43.84704],
          [-122.76611, 43.85142],
          [-122.74525, 43.87434],
          [-122.74293, 43.87689],
          [-122.72206, 43.89981],
          [-122.71974, 43.90235],
          [-122.69047, 43.90672],
          [-122.66958, 43.92963],
          [-122.66726, 43.93217],
          [-122.64636, 43.95507],
          [-122.64404, 43.95762],
          [-122.62312, 43.98051],
          [-122.6208, 43.98305],
          [-122.59988, 44.00594],
          [-122.59755, 44.00848],
          [-122.57662, 44.03136],
          [-122.57429, 44.03391],
          [-122.54498, 44.03825],
          [-122.52403, 44.06112],
          [-122.5217, 44.06366],
          [-122.49237, 44.068],
          [-122.4714, 44.09085],
          [-122.46907, 44.09339],
          [-122.44809, 44.11625],
          [-122.44576, 44.11879],
          [-122.42477, 44.14163],
          [-122.42243, 44.14417],
          [-122.40143, 44.16701],
          [-122.39909, 44.16955],
          [-122.37808, 44.19238],
          [-122.37574, 44.19492],
          [-122.34637, 44.19923],
          [-122.32534, 44.22205],
          [-122.323, 44.22459],
          [-122.29362, 44.22889],
          [-122.27257, 44.2517],
          [-122.27023, 44.25424],
          [-122.24084, 44.25853],
          [-122.21976, 44.28133],
          [-122.21742, 44.28386],
          [-122.18802, 44.28814],
          [-122.16693, 44.31094],
          [-122.16458, 44.31347],
          [-122.13517, 44.31774],
          [-122.10575, 44.32201],
          [-122.08463, 44.34478],
          [-122.08229, 44.34732],
          [-122.05286, 44.35157],
          [-122.03172, 44.37434],
          [-122.02937, 44.37687],
          [-122.00823, 44.39963],
          [-122.00588, 44.40216],
          [-121.98472, 44.42492],
          [-121.98237, 44.42744],
          [-121.95291, 44.43168],
          [-121.93173, 44.45443],
          [-121.92938, 44.45695],
          [-121.90819, 44.47969],
          [-121.91392, 44.5]
        ]
      }
    },
    {
      "type": "Feature",
      "id": "2026090612_f162_10000_001",
      "properties": {
        "product_id": "winter_storm_levels",
        "source_id": "nbm_snow_level",
        "parameter": "snow_level",
        "definition": "height of the wet-bulb 0.5 degree C surface",
        "level_ft_msl": 10000,
        "label": "10,000 ft MSL",
        "unit": "ft_msl",
        "cycle_time_utc": "2026-09-06T12:00:00Z",
        "valid_time_utc": "2026-09-13T06:00:00Z",
        "lead_hours": 162,
        "segment": 1,
        "length_m": 1952295.6
      },
      "geometry": {
        "type": "LineString",
        "coordinates": [
          [-130, 35.77347],
          [-129.99145, 35.7753],
          [-129.96473, 35.78102],
          [-129.93096, 35.76505],
          [-129.90423, 35.77077],
          [-129.8775, 35.77647],
          [-129.84375, 35.76049],
          [-129.81702, 35.76619],
          [-129.79029, 35.77188],
          [-129.76355, 35.77757],
          [-129.73681, 35.78326],
          [-129.71007, 35.78894],
          [-129.68333, 35.79461],
          [-129.65659, 35.80028],
          [-129.62285, 35.78426],
          [-129.59611, 35.78992],
          [-129.56936, 35.79558],
          [-129.54261, 35.80123],
          [-129.51585, 35.80688],
          [-129.4891, 35.81252],
          [-129.46234, 35.81816],
          [-129.43557, 35.8238],
          [-129.40881, 35.82943],
          [-129.38204, 35.83506],
          [-129.35527, 35.84068],
          [-129.32849, 35.8463],
          [-129.30864, 35.87362],
          [-129.28186, 35.87923],
          [-129.25507, 35.88483],
          [-129.22828, 35.89043],
          [-129.2084, 35.91774],
          [-129.1816, 35.92333],
          [-129.1548, 35.92892],
          [-129.12799, 35.9345],
          [-129.10118, 35.94008],
          [-129.07437, 35.94566],
          [-129.04756, 35.95123],
          [-129.02074, 35.9568],
          [-128.99392, 35.96236],
          [-128.9671, 35.96792],
          [-128.94028, 35.97347],
          [-128.91345, 35.97902],
          [-128.89347, 36.00627],
          [-128.86663, 36.01181],
          [-128.83979, 36.01735],
          [-128.81295, 36.02288],
          [-128.7861, 36.02841],
          [-128.75243, 36.01222],
          [-128.72558, 36.01774],
          [-128.69873, 36.02325],
          [-128.66507, 36.00705],
          [-128.63822, 36.01255],
          [-128.61137, 36.01805],
          [-128.58452, 36.02355],
          [-128.55766, 36.02904],
          [-128.5308, 36.03452],
          [-128.49716, 36.01828],
          [-128.4703, 36.02376],
          [-128.43668, 36.00751],
          [-128.40981, 36.01298],
          [-128.38295, 36.01844],
          [-128.35608, 36.0239],
          [-128.32922, 36.02935],
          [-128.30234, 36.0348],
          [-128.27547, 36.04025],
          [-128.24859, 36.04569],
          [-128.22171, 36.05113],
          [-128.19483, 36.05656],
          [-128.16795, 36.06199],
          [-128.14777, 36.08915],
          [-128.12087, 36.09457],
          [-128.09398, 36.09998],
          [-128.06707, 36.10539],
          [-128.04017, 36.1108],
          [-128.01995, 36.13794],
          [-127.99304, 36.14333],
          [-127.96612, 36.14873],
          [-127.94588, 36.17585],
          [-127.91895, 36.18124],
          [-127.89869, 36.20836],
          [-127.87175, 36.21373],
          [-127.85147, 36.24084],
          [-127.83118, 36.26794],
          [-127.80423, 36.27331],
          [-127.78392, 36.3004],
          [-127.7636, 36.32749],
          [-127.74327, 36.35457],
          [-127.72293, 36.38165],
          [-127.69594, 36.387],
          [-127.67559, 36.41406],
          [-127.64859, 36.4194],
          [-127.62159, 36.42474],
          [-127.60121, 36.45179],
          [-127.5742, 36.45712],
          [-127.54718, 36.46244],
          [-127.52677, 36.48948],
          [-127.49975, 36.49479],
          [-127.47932, 36.52183],
          [-127.45229, 36.52713],
          [-127.42525, 36.53243],
          [-127.39821, 36.53773],
          [-127.37775, 36.56474],
          [-127.3507, 36.57003],
          [-127.32365, 36.57531],
          [-127.30317, 36.60232],
          [-127.2761, 36.60759],
          [-127.24904, 36.61286],
          [-127.22197, 36.61813],
          [-127.1949, 36.62339],
          [-127.16782, 36.62865],
          [-127.14729, 36.65563],
          [-127.12021, 36.66087],
          [-127.09312, 36.66612],
          [-127.06603, 36.67136],
          [-127.03242, 36.65486],
          [-127.00533, 36.66009],
          [-126.97823, 36.66532],
          [-126.95114, 36.67054],
          [-126.93055, 36.69749],
          [-126.90344, 36.7027],
          [-126.87633, 36.70791],
          [-126.85571, 36.73485],
          [-126.8286, 36.74005],
          [-126.80796, 36.76697],
          [-126.78083, 36.77217],
          [-126.76017, 36.79908],
          [-126.73304, 36.80427],
          [-126.71236, 36.83118],
          [-126.68521, 36.83635],
          [-126.66452, 36.86325],
          [-126.63736, 36.86842],
          [-126.6102, 36.87358],
          [-126.58304, 36.87874],
          [-126.55587, 36.88389],
          [-126.53514, 36.91077],
          [-126.50796, 36.91592],
          [-126.48078, 36.92106],
          [-126.4536, 36.92619],
          [-126.42641, 36.93133],
          [-126.39922, 36.93645],
          [-126.37844, 36.96331],
          [-126.35125, 36.96843],
          [-126.32405, 36.97354],
          [-126.30324, 37.00038],
          [-126.27603, 37.00549],
          [-126.24881, 37.01059],
          [-126.2216, 37.01569],
          [-126.20076, 37.04251],
          [-126.17353, 37.0476],
          [-126.1463, 37.05269],
          [-126.12544, 37.0795],
          [-126.0982, 37.08457],
          [-126.07096, 37.08965],
          [-126.04371, 37.09471],
          [-126.02281, 37.12151],
          [-125.99556, 37.12657],
          [-125.9683, 37.13162],
          [-125.94737, 37.1584],
          [-125.92011, 37.16345],
          [-125.89284, 37.16849],
          [-125.87188, 37.19526],
          [-125.84461, 37.20029],
          [-125.82363, 37.22705],
          [-125.79634, 37.23207],
          [-125.76905, 37.23709],
          [-125.74806, 37.26384],
          [-125.72705, 37.29058],
          [-125.70603, 37.31731],
          [-125.68501, 37.34404],
          [-125.65768, 37.34904],
          [-125.63663, 37.37576],
          [-125.61558, 37.40248],
          [-125.59451, 37.42918],
          [-125.56716, 37.43417],
          [-125.54607, 37.46087],
          [-125.51871, 37.46584],
          [-125.49135, 37.47081],
          [-125.46398, 37.47578],
          [-125.43661, 37.48074],
          [-125.40924, 37.4857],
          [-125.38186, 37.49065],
          [-125.35448, 37.4956],
          [-125.3271, 37.50055],
          [-125.29972, 37.50549],
          [-125.27856, 37.53215],
          [-125.25116, 37.53708],
          [-125.22377, 37.542],
          [-125.20258, 37.56865],
          [-125.17517, 37.57357],
          [-125.14157, 37.55676],
          [-125.11416, 37.56167],
          [-125.08676, 37.56657],
          [-125.05934, 37.57147],
          [-125.03193, 37.57637],
          [-125.01069, 37.60298],
          [-124.98326, 37.60787],
          [-124.95584, 37.61275],
          [-124.92841, 37.61763],
          [-124.90098, 37.6225],
          [-124.87355, 37.62737],
          [-124.84611, 37.63224],
          [-124.81867, 37.6371],
          [-124.79123, 37.64195],
          [-124.76991, 37.66853],
          [-124.74246, 37.67338],
          [-124.71501, 37.67822],
          [-124.68755, 37.68306],
          [-124.6662, 37.70962],
          [-124.63874, 37.71445],
          [-124.61127, 37.71928],
          [-124.58989, 37.74583],
          [-124.56241, 37.75064],
          [-124.53493, 37.75546],
          [-124.51353, 37.78199],
          [-124.48604, 37.78679],
          [-124.46461, 37.81332],
          [-124.44318, 37.83984],
          [-124.41567, 37.84463],
          [-124.39422, 37.87114],
          [-124.3667, 37.87593],
          [-124.34523, 37.90243],
          [-124.3177, 37.9072],
          [-124.29621, 37.93369],
          [-124.27471, 37.96018],
          [-124.2532, 37.98666],
          [-124.22565, 37.99142],
          [-124.19809, 37.99617],
          [-124.17053, 38.00092],
          [-124.14899, 38.02738],
          [-124.12743, 38.05384],
          [-124.10587, 38.08029],
          [-124.11188, 38.102],
          [-124.0903, 38.12844],
          [-124.06871, 38.15488],
          [-124.07473, 38.17659],
          [-124.05312, 38.20302],
          [-124.03151, 38.22944],
          [-124.00989, 38.25586],
          [-123.98825, 38.28228],
          [-123.96661, 38.30868],
          [-123.97261, 38.33038],
          [-123.95095, 38.35678],
          [-123.95695, 38.37847],
          [-123.93527, 38.40486],
          [-123.94127, 38.42655],
          [-123.91959, 38.45294],
          [-123.92559, 38.47462],
          [-123.90389, 38.501],
          [-123.90988, 38.52268],
          [-123.88817, 38.54904],
          [-123.86645, 38.57541],
          [-123.84471, 38.60177],
          [-123.82296, 38.62812],
          [-123.8012, 38.65446],
          [-123.77944, 38.6808],
          [-123.75168, 38.68547],
          [-123.72989, 38.7118],
          [-123.70212, 38.71646],
          [-123.68032, 38.74278],
          [-123.6585, 38.7691],
          [-123.66447, 38.79076],
          [-123.64264, 38.81706],
          [-123.6486, 38.83872],
          [-123.62675, 38.86502],
          [-123.63272, 38.88667],
          [-123.61086, 38.91297],
          [-123.58899, 38.93925],
          [-123.56711, 38.96553],
          [-123.54522, 38.9918],
          [-123.52332, 39.01807],
          [-123.5014, 39.04433],
          [-123.47948, 39.07059],
          [-123.45755, 39.09684],
          [-123.4356, 39.12308],
          [-123.41364, 39.14932],
          [-123.41958, 39.17095],
          [-123.39761, 39.19718],
          [-123.40354, 39.21881],
          [-123.38156, 39.24503],
          [-123.38749, 39.26665],
          [-123.39343, 39.28827],
          [-123.39936, 39.30989],
          [-123.37736, 39.3361],
          [-123.3833, 39.35772],
          [-123.38924, 39.37933],
          [-123.36722, 39.40553],
          [-123.37316, 39.42713],
          [-123.3791, 39.44874],
          [-123.38504, 39.47034],
          [-123.363, 39.49653],
          [-123.36894, 39.51813],
          [-123.37489, 39.53972],
          [-123.38084, 39.56132],
          [-123.35878, 39.58749],
          [-123.36473, 39.60908],
          [-123.37068, 39.63067],
          [-123.3486, 39.65683],
          [-123.35455, 39.67841],
          [-123.3605, 39.69999],
          [-123.36645, 39.72157],
          [-123.34435, 39.74772],
          [-123.35031, 39.76929],
          [-123.35627, 39.79086],
          [-123.36223, 39.81243],
          [-123.36819, 39.834],
          [-123.37415, 39.85556],
          [-123.38012, 39.87712],
          [-123.38609, 39.89867],
          [-123.39206, 39.92023],
          [-123.39803, 39.94178],
          [-123.40401, 39.96333],
          [-123.40999, 39.98488],
          [-123.41597, 40.00642],
          [-123.42196, 40.02796],
          [-123.42794, 40.0495],
          [-123.43393, 40.07104],
          [-123.43992, 40.09257],
          [-123.44592, 40.11411],
          [-123.45191, 40.13563],
          [-123.45791, 40.15716],
          [-123.43574, 40.18327],
          [-123.44174, 40.20479],
          [-123.44774, 40.22631],
          [-123.45375, 40.24783],
          [-123.43156, 40.27392],
          [-123.40935, 40.30001],
          [-123.41535, 40.32152],
          [-123.39314, 40.3476],
          [-123.37091, 40.37368],
          [-123.37691, 40.39518],
          [-123.35467, 40.42125],
          [-123.36066, 40.44275],
          [-123.33841, 40.4688],
          [-123.31614, 40.49485],
          [-123.29386, 40.5209],
          [-123.29985, 40.54239],
          [-123.30584, 40.56388],
          [-123.28355, 40.58991],
          [-123.28954, 40.61139],
          [-123.26723, 40.63742],
          [-123.27322, 40.6589],
          [-123.27921, 40.68037],
          [-123.2852, 40.70184],
          [-123.26287, 40.72785],
          [-123.26887, 40.74932],
          [-123.27486, 40.77079],
          [-123.28086, 40.79225],
          [-123.28686, 40.81371],
          [-123.29287, 40.83516],
          [-123.29887, 40.85662],
          [-123.30488, 40.87807],
          [-123.31089, 40.89952],
          [-123.31691, 40.92096],
          [-123.29454, 40.94695],
          [-123.30055, 40.96839],
          [-123.30657, 40.98983],
          [-123.28418, 41.0158],
          [-123.2902, 41.03724],
          [-123.26779, 41.0632],
          [-123.27381, 41.08463],
          [-123.25139, 41.11059],
          [-123.22896, 41.13654],
          [-123.23497, 41.15796],
          [-123.21253, 41.18391],
          [-123.19008, 41.20984],
          [-123.19608, 41.23126],
          [-123.17361, 41.25718],
          [-123.15113, 41.2831],
          [-123.12864, 41.30902],
          [-123.13464, 41.33042],
          [-123.11213, 41.35633],
          [-123.11813, 41.37773],
          [-123.09561, 41.40363],
          [-123.07308, 41.42952],
          [-123.07907, 41.45091],
          [-123.05653, 41.47679],
          [-123.02798, 41.48128],
          [-123.00541, 41.50715],
          [-122.98283, 41.53301],
          [-122.95427, 41.53749],
          [-122.93167, 41.56334],
          [-122.90309, 41.56781],
          [-122.88047, 41.59365],
          [-122.85188, 41.59811],
          [-122.82924, 41.62394],
          [-122.80064, 41.62839],
          [-122.77204, 41.63283],
          [-122.74938, 41.65865],
          [-122.72076, 41.66308],
          [-122.69215, 41.66752],
          [-122.66945, 41.69332],
          [-122.64083, 41.69774],
          [-122.6122, 41.70216],
          [-122.58357, 41.70657],
          [-122.55493, 41.71098],
          [-122.5263, 41.71538],
          [-122.49766, 41.71978],
          [-122.46902, 41.72417],
          [-122.44625, 41.74994],
          [-122.4176, 41.75432],
          [-122.38895, 41.7587],
          [-122.36029, 41.76308],
          [-122.33749, 41.78882],
          [-122.31468, 41.81456],
          [-122.29186, 41.8403],
          [-122.26317, 41.84466],
          [-122.24033, 41.87038],
          [-122.21163, 41.87473],
          [-122.18294, 41.87907],
          [-122.16006, 41.90478],
          [-122.13136, 41.90912],
          [-122.10265, 41.91345],
          [-122.07393, 41.91777],
          [-122.04522, 41.9221],
          [-122.0107, 41.90505],
          [-121.98199, 41.90936],
          [-121.94748, 41.89229],
          [-121.91299, 41.87522],
          [-121.87852, 41.85814],
          [-121.84405, 41.84105],
          [-121.83829, 41.81967],
          [-121.80959, 41.82395],
          [-121.78089, 41.82824],
          [-121.75219, 41.83252],
          [-121.72922, 41.85818],
          [-121.70051, 41.86244],
          [-121.67179, 41.86671],
          [-121.64879, 41.89235],
          [-121.62007, 41.89661],
          [-121.59134, 41.90086],
          [-121.56261, 41.90511],
          [-121.53387, 41.90935],
          [-121.50514, 41.91359],
          [-121.4764, 41.91782],
          [-121.44766, 41.92205],
          [-121.41891, 41.92627],
          [-121.39017, 41.93049],
          [-121.36142, 41.9347],
          [-121.32702, 41.91752],
          [-121.29827, 41.92173],
          [-121.26388, 41.90454],
          [-121.23513, 41.90873],
          [-121.20638, 41.91292],
          [-121.17201, 41.89571],
          [-121.14327, 41.89989],
          [-121.11452, 41.90407],
          [-121.09137, 41.92963],
          [-121.06261, 41.9338],
          [-121.03384, 41.93796],
          [-121.00508, 41.94212],
          [-120.97631, 41.94627],
          [-120.94754, 41.95042],
          [-120.9132, 41.93317],
          [-120.88443, 41.93731],
          [-120.85566, 41.94144],
          [-120.82134, 41.92417],
          [-120.79257, 41.92829],
          [-120.75827, 41.911],
          [-120.72397, 41.89371],
          [-120.69521, 41.89782],
          [-120.66644, 41.90192],
          [-120.63217, 41.88461],
          [-120.6034, 41.88871],
          [-120.57463, 41.8928],
          [-120.54586, 41.89688],
          [-120.52257, 41.92238],
          [-120.49379, 41.92646],
          [-120.47048, 41.95194],
          [-120.44168, 41.95601],
          [-120.41835, 41.98149],
          [-120.38955, 41.98555],
          [-120.3662, 42.01101],
          [-120.33739, 42.01506],
          [-120.31402, 42.04051],
          [-120.29063, 42.06596],
          [-120.26724, 42.0914],
          [-120.24383, 42.11683],
          [-120.22041, 42.14226],
          [-120.19698, 42.16768],
          [-120.20241, 42.18907],
          [-120.17896, 42.21448],
          [-120.15551, 42.23988],
          [-120.12662, 42.24389],
          [-120.10314, 42.26928],
          [-120.07965, 42.29467],
          [-120.05615, 42.32005],
          [-120.02723, 42.32404],
          [-120.00371, 42.34941],
          [-119.97479, 42.35339],
          [-119.94586, 42.35737],
          [-119.92231, 42.38273],
          [-119.89337, 42.3867],
          [-119.86443, 42.39066],
          [-119.83549, 42.39463],
          [-119.8119, 42.41996],
          [-119.78295, 42.42391],
          [-119.75934, 42.44923],
          [-119.73038, 42.45318],
          [-119.70675, 42.47849],
          [-119.67778, 42.48242],
          [-119.6488, 42.48635],
          [-119.62515, 42.51165],
          [-119.59616, 42.51557],
          [-119.56717, 42.51949],
          [-119.53818, 42.5234],
          [-119.51449, 42.54867],
          [-119.48549, 42.55258],
          [-119.45648, 42.55648],
          [-119.42748, 42.56037],
          [-119.39847, 42.56426],
          [-119.36946, 42.56814],
          [-119.34044, 42.57202],
          [-119.30617, 42.55453],
          [-119.27716, 42.5584],
          [-119.24814, 42.56227],
          [-119.21389, 42.54476],
          [-119.18488, 42.54861],
          [-119.15586, 42.55246],
          [-119.12163, 42.53493],
          [-119.09262, 42.53878],
          [-119.0636, 42.54261],
          [-119.03458, 42.54645],
          [-119.00037, 42.52889],
          [-118.97136, 42.53272],
          [-118.94234, 42.53653],
          [-118.91849, 42.56173],
          [-118.88946, 42.56554],
          [-118.8656, 42.59072],
          [-118.84172, 42.6159],
          [-118.81783, 42.64107],
          [-118.79392, 42.66623],
          [-118.77001, 42.69139],
          [-118.74608, 42.71654],
          [-118.717, 42.72032],
          [-118.69305, 42.74546],
          [-118.6691, 42.77059],
          [-118.64512, 42.79571],
          [-118.61602, 42.79947],
          [-118.58691, 42.80323],
          [-118.5578, 42.80698],
          [-118.52868, 42.81073],
          [-118.49957, 42.81447],
          [-118.46536, 42.79684],
          [-118.43624, 42.80058],
          [-118.40205, 42.78294],
          [-118.37294, 42.78666],
          [-118.33876, 42.76901],
          [-118.3046, 42.75136],
          [-118.27549, 42.75506],
          [-118.24134, 42.73739],
          [-118.21223, 42.74109],
          [-118.1781, 42.72341],
          [-118.149, 42.7271],
          [-118.12491, 42.75216],
          [-118.09579, 42.75584],
          [-118.06168, 42.73813],
          [-118.03256, 42.7418],
          [-118.00345, 42.74547],
          [-117.97433, 42.74913],
          [-117.94521, 42.75279],
          [-117.91609, 42.75644],
          [-117.88201, 42.7387],
          [-117.85289, 42.74234],
          [-117.81882, 42.72459],
          [-117.7897, 42.72822],
          [-117.75565, 42.71046],
          [-117.72653, 42.71408],
          [-117.69742, 42.7177],
          [-117.6683, 42.72131],
          [-117.63427, 42.70353],
          [-117.60515, 42.70713],
          [-117.57603, 42.71073],
          [-117.54691, 42.71432],
          [-117.51779, 42.71791],
          [-117.48866, 42.7215],
          [-117.45953, 42.72508],
          [-117.4304, 42.72865],
          [-117.40127, 42.73222],
          [-117.37214, 42.73579],
          [-117.343, 42.73935],
          [-117.31386, 42.74291],
          [-117.28472, 42.74646],
          [-117.25558, 42.75001],
          [-117.22643, 42.75355],
          [-117.19729, 42.75709],
          [-117.16814, 42.76062],
          [-117.13899, 42.76415],
          [-117.11463, 42.78907],
          [-117.08547, 42.79259],
          [-117.05631, 42.79611],
          [-117.02714, 42.79962],
          [-117.00275, 42.82452],
          [-116.97358, 42.82803],
          [-116.9444, 42.83152],
          [-116.91998, 42.85641],
          [-116.89079, 42.8599],
          [-116.86635, 42.88478],
          [-116.83715, 42.88825],
          [-116.81269, 42.91312],
          [-116.78348, 42.91659],
          [-116.75427, 42.92005],
          [-116.72978, 42.9449],
          [-116.70056, 42.94836],
          [-116.67134, 42.95181],
          [-116.64212, 42.95526],
          [-116.61289, 42.9587],
          [-116.58835, 42.98352],
          [-116.55912, 42.98696],
          [-116.52988, 42.99038],
          [-116.50064, 42.99381],
          [-116.4714, 42.99723],
          [-116.44215, 43.00064],
          [-116.4129, 43.00405],
          [-116.38366, 43.00745],
          [-116.35905, 43.03224],
          [-116.32979, 43.03564],
          [-116.30517, 43.06041],
          [-116.28053, 43.08518],
          [-116.28517, 43.10656],
          [-116.26051, 43.13132],
          [-116.23585, 43.15607],
          [-116.21117, 43.18082],
          [-116.21579, 43.20219],
          [-116.1911, 43.22692],
          [-116.19572, 43.24829],
          [-116.17101, 43.27301],
          [-116.17563, 43.29437],
          [-116.1509, 43.31908],
          [-116.12616, 43.34379],
          [-116.13078, 43.36514],
          [-116.10602, 43.38984],
          [-116.08125, 43.41453],
          [-116.05647, 43.43922],
          [-116.03168, 43.46389],
          [-116.00687, 43.48856],
          [-115.98205, 43.51323],
          [-115.95264, 43.51655],
          [-115.9278, 43.5412],
          [-115.90295, 43.56585],
          [-115.87351, 43.56916],
          [-115.84864, 43.59379],
          [-115.8192, 43.5971],
          [-115.78975, 43.60039],
          [-115.76485, 43.62501],
          [-115.73994, 43.64962],
          [-115.71047, 43.6529],
          [-115.68554, 43.6775],
          [-115.66059, 43.70209],
          [-115.63111, 43.70536],
          [-115.60162, 43.70863],
          [-115.57665, 43.7332],
          [-115.54715, 43.73646],
          [-115.52216, 43.76102],
          [-115.49715, 43.78558],
          [-115.47213, 43.81013],
          [-115.44709, 43.83467],
          [-115.45158, 43.85596],
          [-115.42653, 43.88049],
          [-115.43101, 43.90179],
          [-115.40595, 43.92631],
          [-115.41043, 43.94759],
          [-115.38535, 43.9721],
          [-115.36025, 43.99661],
          [-115.33067, 43.99983],
          [-115.30555, 44.02432],
          [-115.28042, 44.0488],
          [-115.25527, 44.07328],
          [-115.23012, 44.09775],
          [-115.20495, 44.12221],
          [-115.17976, 44.14666],
          [-115.15457, 44.17111],
          [-115.15901, 44.19237],
          [-115.1338, 44.21681],
          [-115.10857, 44.24123],
          [-115.08334, 44.26566],
          [-115.08777, 44.2869],
          [-115.06251, 44.31132],
          [-115.03725, 44.33572],
          [-115.01197, 44.36012],
          [-114.98226, 44.36327],
          [-114.95696, 44.38766],
          [-114.92725, 44.3908],
          [-114.90193, 44.41518],
          [-114.8722, 44.41831],
          [-114.84686, 44.44268],
          [-114.81713, 44.4458],
          [-114.79176, 44.47015],
          [-114.76639, 44.4945],
          [-114.73663, 44.49761],
          [-114.73414, 44.5]
        ]
      }
    },
    {
      "type": "Feature",
      "id": "2026090612_f162_11000_001",
      "properties": {
        "product_id": "winter_storm_levels",
        "source_id": "nbm_snow_level",
        "parameter": "snow_level",
        "definition": "height of the wet-bulb 0.5 degree C surface",
        "level_ft_msl": 11000,
        "label": "11,000 ft MSL",
        "unit": "ft_msl",
        "cycle_time_utc": "2026-09-06T12:00:00Z",
        "valid_time_utc": "2026-09-13T06:00:00Z",
        "lead_hours": 162,
        "segment": 1,
        "length_m": 2299491.7
      },
      "geometry": {
        "type": "LineString",
        "coordinates": [
          [-130, 32.87928],
          [-129.99768, 32.88263],
          [-129.99576, 32.88539],
          [-129.97851, 32.91027],
          [-129.97659, 32.91303],
          [-129.95933, 32.93791],
          [-129.93327, 32.94367],
          [-129.90721, 32.94943],
          [-129.88115, 32.95519],
          [-129.85153, 32.94068],
          [-129.84823, 32.93907],
          [-129.82217, 32.94482],
          [-129.7961, 32.95056],
          [-129.76649, 32.93604],
          [-129.7632, 32.93442],
          [-129.73713, 32.94016],
          [-129.70753, 32.92562],
          [-129.70424, 32.92401],
          [-129.70232, 32.92677],
          [-129.68499, 32.95161],
          [-129.65892, 32.95733],
          [-129.62932, 32.94278],
          [-129.62603, 32.94117],
          [-129.59644, 32.92661],
          [-129.59316, 32.92499],
          [-129.56708, 32.9307],
          [-129.5375, 32.91613],
          [-129.53422, 32.91452],
          [-129.50814, 32.92021],
          [-129.47857, 32.90564],
          [-129.47529, 32.90402],
          [-129.44922, 32.9097],
          [-129.42314, 32.91539],
          [-129.42121, 32.91814],
          [-129.40382, 32.94296],
          [-129.37774, 32.94863],
          [-129.35165, 32.9543],
          [-129.32556, 32.95997],
          [-129.29946, 32.96563],
          [-129.27337, 32.97129],
          [-129.24727, 32.97695],
          [-129.22116, 32.9826],
          [-129.19506, 32.98824],
          [-129.16895, 32.99388],
          [-129.14284, 32.99952],
          [-129.11673, 33.00515],
          [-129.09061, 33.01078],
          [-129.0645, 33.0164],
          [-129.03838, 33.02202],
          [-129.01225, 33.02764],
          [-129.01031, 33.03039],
          [-128.99282, 33.05515],
          [-128.96669, 33.06076],
          [-128.94055, 33.06636],
          [-128.91441, 33.07196],
          [-128.88827, 33.07756],
          [-128.88633, 33.08031],
          [-128.8688, 33.10505],
          [-128.84265, 33.11064],
          [-128.8165, 33.11622],
          [-128.79034, 33.1218],
          [-128.78839, 33.12455],
          [-128.77084, 33.14928],
          [-128.74467, 33.15485],
          [-128.71851, 33.16041],
          [-128.69234, 33.16598],
          [-128.66616, 33.17153],
          [-128.63999, 33.17709],
          [-128.61046, 33.16236],
          [-128.60718, 33.16072],
          [-128.58101, 33.16627],
          [-128.55483, 33.17181],
          [-128.52865, 33.17734],
          [-128.50247, 33.18287],
          [-128.47628, 33.1884],
          [-128.47432, 33.19114],
          [-128.45669, 33.21584],
          [-128.43049, 33.22135],
          [-128.40429, 33.22687],
          [-128.40233, 33.22961],
          [-128.38468, 33.25429],
          [-128.35847, 33.2598],
          [-128.33226, 33.2653],
          [-128.30605, 33.2708],
          [-128.27983, 33.27629],
          [-128.27787, 33.27904],
          [-128.26018, 33.3037],
          [-128.23395, 33.30919],
          [-128.20772, 33.31467],
          [-128.18149, 33.32014],
          [-128.15526, 33.32562],
          [-128.12902, 33.33109],
          [-128.12705, 33.33382],
          [-128.10932, 33.35847],
          [-128.08308, 33.36393],
          [-128.05683, 33.36939],
          [-128.03058, 33.37484],
          [-128.0286, 33.37758],
          [-128.01085, 33.40221],
          [-127.98459, 33.40765],
          [-127.95832, 33.41309],
          [-127.95635, 33.41583],
          [-127.93857, 33.44045],
          [-127.91229, 33.44588],
          [-127.88602, 33.45131],
          [-127.85974, 33.45673],
          [-127.83346, 33.46215],
          [-127.80718, 33.46756],
          [-127.78089, 33.47297],
          [-127.7546, 33.47838],
          [-127.72831, 33.48378],
          [-127.70202, 33.48918],
          [-127.67572, 33.49457],
          [-127.67374, 33.4973],
          [-127.65589, 33.52189],
          [-127.62958, 33.52727],
          [-127.60327, 33.53265],
          [-127.57696, 33.53803],
          [-127.55065, 33.5434],
          [-127.52433, 33.54877],
          [-127.49802, 33.55413],
          [-127.47169, 33.55949],
          [-127.44537, 33.56484],
          [-127.41905, 33.57019],
          [-127.39272, 33.57554],
          [-127.36639, 33.58088],
          [-127.34006, 33.58622],
          [-127.31372, 33.59155],
          [-127.28738, 33.59688],
          [-127.26104, 33.6022],
          [-127.2347, 33.60752],
          [-127.20835, 33.61284],
          [-127.18201, 33.61815],
          [-127.15566, 33.62345],
          [-127.1293, 33.62875],
          [-127.1273, 33.63148],
          [-127.10931, 33.656],
          [-127.08295, 33.66129],
          [-127.05658, 33.66658],
          [-127.03021, 33.67187],
          [-127.00384, 33.67715],
          [-127.00184, 33.67987],
          [-126.98381, 33.70437],
          [-126.95743, 33.70964],
          [-126.93105, 33.71491],
          [-126.90466, 33.72017],
          [-126.87828, 33.72544],
          [-126.85189, 33.73069],
          [-126.8255, 33.73594],
          [-126.7991, 33.74119],
          [-126.76967, 33.72615],
          [-126.7664, 33.72448],
          [-126.74001, 33.72972],
          [-126.71361, 33.73495],
          [-126.68721, 33.74018],
          [-126.66081, 33.74541],
          [-126.63441, 33.75063],
          [-126.605, 33.73556],
          [-126.60173, 33.73388],
          [-126.57533, 33.7391],
          [-126.54593, 33.72402],
          [-126.54266, 33.72234],
          [-126.51626, 33.72754],
          [-126.48985, 33.73274],
          [-126.46344, 33.73793],
          [-126.43406, 33.72284],
          [-126.43079, 33.72116],
          [-126.40438, 33.72634],
          [-126.37797, 33.73152],
          [-126.35156, 33.73669],
          [-126.32514, 33.74186],
          [-126.29578, 33.72674],
          [-126.29251, 33.72506],
          [-126.2661, 33.73022],
          [-126.23968, 33.73538],
          [-126.21326, 33.74053],
          [-126.18683, 33.74568],
          [-126.16041, 33.75082],
          [-126.13398, 33.75596],
          [-126.10755, 33.7611],
          [-126.08111, 33.76623],
          [-126.05468, 33.77135],
          [-126.02824, 33.77647],
          [-126.0018, 33.78159],
          [-125.97536, 33.7867],
          [-125.94891, 33.79181],
          [-125.92246, 33.79692],
          [-125.89314, 33.78172],
          [-125.88988, 33.78004],
          [-125.86343, 33.78513],
          [-125.83698, 33.79022],
          [-125.81053, 33.79531],
          [-125.78407, 33.80039],
          [-125.78204, 33.8031],
          [-125.76373, 33.82745],
          [-125.73726, 33.83252],
          [-125.71079, 33.83759],
          [-125.68149, 33.82236],
          [-125.67823, 33.82067],
          [-125.65176, 33.82573],
          [-125.62529, 33.83079],
          [-125.59882, 33.83584],
          [-125.57235, 33.84089],
          [-125.57031, 33.84359],
          [-125.55194, 33.86792],
          [-125.52546, 33.87296],
          [-125.49897, 33.87799],
          [-125.47248, 33.88302],
          [-125.44599, 33.88805],
          [-125.4195, 33.89307],
          [-125.39301, 33.89808],
          [-125.36651, 33.9031],
          [-125.34001, 33.90811],
          [-125.3135, 33.91311],
          [-125.287, 33.91811],
          [-125.28495, 33.92081],
          [-125.26651, 33.9451],
          [-125.26446, 33.9478],
          [-125.24601, 33.97208],
          [-125.21949, 33.97707],
          [-125.19297, 33.98206],
          [-125.16644, 33.98703],
          [-125.13991, 33.99201],
          [-125.11338, 33.99698],
          [-125.08685, 34.00194],
          [-125.08479, 34.00464],
          [-125.06629, 34.0289],
          [-125.06424, 34.0316],
          [-125.04573, 34.05586],
          [-125.01918, 34.06081],
          [-125.01712, 34.06351],
          [-124.9986, 34.08776],
          [-124.97204, 34.0927],
          [-124.94548, 34.09765],
          [-124.94342, 34.10034],
          [-124.92488, 34.12458],
          [-124.8983, 34.12951],
          [-124.87173, 34.13444],
          [-124.86967, 34.13713],
          [-124.8511, 34.16136],
          [-124.82183, 34.14599],
          [-124.81857, 34.14429],
          [-124.79199, 34.1492],
          [-124.76541, 34.15411],
          [-124.73882, 34.15902],
          [-124.71223, 34.16392],
          [-124.68564, 34.16882],
          [-124.65905, 34.17371],
          [-124.63246, 34.1786],
          [-124.60586, 34.18349],
          [-124.57926, 34.18837],
          [-124.55266, 34.19325],
          [-124.52605, 34.19812],
          [-124.49945, 34.20299],
          [-124.47284, 34.20785],
          [-124.44622, 34.21271],
          [-124.44415, 34.21539],
          [-124.42548, 34.23957],
          [-124.39886, 34.24442],
          [-124.37224, 34.24927],
          [-124.37016, 34.25195],
          [-124.35147, 34.27612],
          [-124.32483, 34.28095],
          [-124.32276, 34.28364],
          [-124.30405, 34.30779],
          [-124.2774, 34.31262],
          [-124.27532, 34.31531],
          [-124.2566, 34.33946],
          [-124.22995, 34.34428],
          [-124.20329, 34.3491],
          [-124.20121, 34.35178],
          [-124.18247, 34.37592],
          [-124.18038, 34.3786],
          [-124.16163, 34.40273],
          [-124.15954, 34.40541],
          [-124.14078, 34.42954],
          [-124.13869, 34.43222],
          [-124.14452, 34.45423],
          [-124.12574, 34.47835],
          [-124.12366, 34.48103],
          [-124.10487, 34.50515],
          [-124.10279, 34.50783],
          [-124.08399, 34.53194],
          [-124.0819, 34.53462],
          [-124.0631, 34.55873],
          [-124.06101, 34.56141],
          [-124.0422, 34.58552],
          [-124.04011, 34.5882],
          [-124.02129, 34.6123],
          [-124.0192, 34.61498],
          [-124.00037, 34.63907],
          [-123.99828, 34.64175],
          [-123.97944, 34.66585],
          [-123.97734, 34.66852],
          [-123.9585, 34.69261],
          [-123.9564, 34.69529],
          [-123.93754, 34.71937],
          [-123.91079, 34.72414],
          [-123.90869, 34.72681],
          [-123.88982, 34.75089],
          [-123.88772, 34.75356],
          [-123.86884, 34.77764],
          [-123.86674, 34.78031],
          [-123.84785, 34.80438],
          [-123.82107, 34.80913],
          [-123.81897, 34.8118],
          [-123.80006, 34.83586],
          [-123.77327, 34.8406],
          [-123.74648, 34.84534],
          [-123.71969, 34.85007],
          [-123.71758, 34.85274],
          [-123.69865, 34.87678],
          [-123.69654, 34.87946],
          [-123.6776, 34.9035],
          [-123.65079, 34.90822],
          [-123.64868, 34.91089],
          [-123.62972, 34.93492],
          [-123.6029, 34.93963],
          [-123.60079, 34.9423],
          [-123.58182, 34.96633],
          [-123.55499, 34.97103],
          [-123.55288, 34.9737],
          [-123.53388, 34.99771],
          [-123.50704, 35.00241],
          [-123.50493, 35.00508],
          [-123.48593, 35.02909],
          [-123.45908, 35.03377],
          [-123.45696, 35.03644],
          [-123.43794, 35.06044],
          [-123.41108, 35.06512],
          [-123.38422, 35.06979],
          [-123.3821, 35.07246],
          [-123.36306, 35.09645],
          [-123.33618, 35.10111],
          [-123.30931, 35.10578],
          [-123.30719, 35.10844],
          [-123.28813, 35.13242],
          [-123.26124, 35.13707],
          [-123.23436, 35.14172],
          [-123.20747, 35.14636],
          [-123.20535, 35.14903],
          [-123.18625, 35.17299],
          [-123.15935, 35.17763],
          [-123.15723, 35.18029],
          [-123.13812, 35.20424],
          [-123.11121, 35.20887],
          [-123.10908, 35.21153],
          [-123.08996, 35.23548],
          [-123.06064, 35.21985],
          [-123.05739, 35.21811],
          [-123.03047, 35.22273],
          [-123.00356, 35.22734],
          [-123.00143, 35.23],
          [-122.98227, 35.25393],
          [-122.95535, 35.25853],
          [-122.92605, 35.24288],
          [-122.92279, 35.24114],
          [-122.89587, 35.24573],
          [-122.86894, 35.25032],
          [-122.84201, 35.2549],
          [-122.81273, 35.23923],
          [-122.80948, 35.23749],
          [-122.7802, 35.22181],
          [-122.77695, 35.22007],
          [-122.74769, 35.20438],
          [-122.74443, 35.20264],
          [-122.71518, 35.18694],
          [-122.71193, 35.1852],
          [-122.68268, 35.1695],
          [-122.67944, 35.16776],
          [-122.6502, 35.15205],
          [-122.64695, 35.1503],
          [-122.61772, 35.13459],
          [-122.61448, 35.13285],
          [-122.58756, 35.13739],
          [-122.55835, 35.12167],
          [-122.5551, 35.11992],
          [-122.5259, 35.10419],
          [-122.52036, 35.08217],
          [-122.51712, 35.08043],
          [-122.48792, 35.06469],
          [-122.48468, 35.06294],
          [-122.4555, 35.04719],
          [-122.45226, 35.04544],
          [-122.42309, 35.02969],
          [-122.41985, 35.02794],
          [-122.39068, 35.01218],
          [-122.38518, 34.99016],
          [-122.38194, 34.9884],
          [-122.35279, 34.97264],
          [-122.34955, 34.97088],
          [-122.32041, 34.95511],
          [-122.31492, 34.93308],
          [-122.31169, 34.93133],
          [-122.28257, 34.91554],
          [-122.27933, 34.91379],
          [-122.25022, 34.898],
          [-122.24698, 34.89625],
          [-122.22011, 34.90073],
          [-122.19101, 34.88493],
          [-122.18778, 34.88318],
          [-122.16091, 34.88765],
          [-122.13182, 34.87184],
          [-122.12859, 34.87009],
          [-122.10172, 34.87455],
          [-122.07485, 34.87902],
          [-122.04798, 34.88348],
          [-122.02111, 34.88793],
          [-122.01896, 34.89058],
          [-121.99965, 34.91443],
          [-121.97277, 34.91888],
          [-121.94588, 34.92332],
          [-121.919, 34.92776],
          [-121.89211, 34.93219],
          [-121.86521, 34.93662],
          [-121.86306, 34.93927],
          [-121.84372, 34.96309],
          [-121.81681, 34.96751],
          [-121.78991, 34.97193],
          [-121.763, 34.97634],
          [-121.7361, 34.98075],
          [-121.73394, 34.98339],
          [-121.71456, 35.0072],
          [-121.68764, 35.0116],
          [-121.66072, 35.01599],
          [-121.65856, 35.01864],
          [-121.63916, 35.04243],
          [-121.61223, 35.04682],
          [-121.5853, 35.0512],
          [-121.58314, 35.05384],
          [-121.56371, 35.07762],
          [-121.53677, 35.082],
          [-121.50983, 35.08637],
          [-121.48288, 35.09073],
          [-121.48072, 35.09337],
          [-121.46126, 35.11714],
          [-121.43431, 35.12149],
          [-121.43215, 35.12414],
          [-121.41267, 35.14789],
          [-121.38571, 35.15224],
          [-121.38354, 35.15488],
          [-121.36405, 35.17863],
          [-121.36189, 35.18127],
          [-121.34239, 35.20502],
          [-121.31541, 35.20935],
          [-121.31324, 35.21199],
          [-121.29373, 35.23573],
          [-121.29156, 35.23837],
          [-121.29686, 35.26041],
          [-121.27733, 35.28414],
          [-121.25033, 35.28847],
          [-121.24816, 35.2911],
          [-121.22862, 35.31483],
          [-121.22644, 35.31746],
          [-121.20689, 35.34118],
          [-121.20472, 35.34382],
          [-121.18516, 35.36753],
          [-121.18298, 35.37017],
          [-121.16341, 35.39388],
          [-121.16124, 35.39651],
          [-121.16652, 35.41855],
          [-121.14694, 35.44225],
          [-121.14476, 35.44489],
          [-121.15004, 35.46692],
          [-121.13045, 35.49062],
          [-121.12827, 35.49325],
          [-121.13355, 35.51528],
          [-121.11395, 35.53897],
          [-121.11177, 35.54161],
          [-121.09215, 35.56529],
          [-121.08997, 35.56793],
          [-121.09525, 35.58995],
          [-121.07562, 35.61363],
          [-121.07344, 35.61626],
          [-121.07871, 35.63829],
          [-121.05907, 35.66196],
          [-121.05689, 35.66459],
          [-121.03724, 35.68827],
          [-121.01013, 35.69254],
          [-121.00795, 35.69517],
          [-120.98828, 35.71884],
          [-120.98609, 35.72147],
          [-120.96642, 35.74513],
          [-120.96423, 35.74775],
          [-120.94455, 35.77141],
          [-120.94236, 35.77404],
          [-120.94762, 35.79605],
          [-120.92792, 35.8197],
          [-120.92573, 35.82233],
          [-120.90603, 35.84597],
          [-120.90383, 35.8486],
          [-120.90909, 35.87061],
          [-120.88937, 35.89424],
          [-120.88718, 35.89687],
          [-120.86745, 35.9205],
          [-120.84028, 35.92475],
          [-120.83808, 35.92738],
          [-120.81834, 35.951],
          [-120.79115, 35.95524],
          [-120.76397, 35.95948],
          [-120.76177, 35.9621],
          [-120.74201, 35.98571],
          [-120.73981, 35.98834],
          [-120.72003, 36.01194],
          [-120.71783, 36.01457],
          [-120.69805, 36.03817],
          [-120.69585, 36.04079],
          [-120.70107, 36.06279],
          [-120.70629, 36.08479],
          [-120.68649, 36.10839],
          [-120.68429, 36.11101],
          [-120.66448, 36.1346],
          [-120.63725, 36.13881],
          [-120.63504, 36.14143],
          [-120.64026, 36.16343],
          [-120.62043, 36.18701],
          [-120.61822, 36.18963],
          [-120.59839, 36.2132],
          [-120.59618, 36.21582],
          [-120.57633, 36.23939],
          [-120.57413, 36.24201],
          [-120.55427, 36.26558],
          [-120.55206, 36.2682],
          [-120.53219, 36.29176],
          [-120.52999, 36.29438],
          [-120.53519, 36.31636],
          [-120.51531, 36.33992],
          [-120.5131, 36.34254],
          [-120.49321, 36.36609],
          [-120.46591, 36.37027],
          [-120.4637, 36.37288],
          [-120.44379, 36.39643],
          [-120.44158, 36.39904],
          [-120.42166, 36.42258],
          [-120.41945, 36.42519],
          [-120.39953, 36.44873],
          [-120.39731, 36.45134],
          [-120.37738, 36.47487],
          [-120.37516, 36.47748],
          [-120.35522, 36.501],
          [-120.353, 36.50362],
          [-120.33305, 36.52714],
          [-120.33083, 36.52975],
          [-120.336, 36.55172],
          [-120.31604, 36.57523],
          [-120.31382, 36.57784],
          [-120.29384, 36.60135],
          [-120.29162, 36.60396],
          [-120.29679, 36.62593],
          [-120.2768, 36.64943],
          [-120.27458, 36.65204],
          [-120.25458, 36.67554],
          [-120.25236, 36.67815],
          [-120.25752, 36.70011],
          [-120.23751, 36.7236],
          [-120.23529, 36.72621],
          [-120.21527, 36.74969],
          [-120.21304, 36.7523],
          [-120.2182, 36.77426],
          [-120.19817, 36.79774],
          [-120.19594, 36.80034],
          [-120.1759, 36.82382],
          [-120.17367, 36.82643],
          [-120.17882, 36.84838],
          [-120.18398, 36.87033],
          [-120.16392, 36.89379],
          [-120.16169, 36.8964],
          [-120.16685, 36.91835],
          [-120.14678, 36.94181],
          [-120.14455, 36.94441],
          [-120.1497, 36.96636],
          [-120.12962, 36.98981],
          [-120.12739, 36.99241],
          [-120.13254, 37.01435],
          [-120.11244, 37.0378],
          [-120.11021, 37.0404],
          [-120.11536, 37.06234],
          [-120.09525, 37.08578],
          [-120.09302, 37.08838],
          [-120.09817, 37.11032],
          [-120.10332, 37.13225],
          [-120.08319, 37.15568],
          [-120.08096, 37.15828],
          [-120.06082, 37.18171],
          [-120.05859, 37.18431],
          [-120.06373, 37.20624],
          [-120.04359, 37.22965],
          [-120.04135, 37.23226],
          [-120.04649, 37.25418],
          [-120.05164, 37.2761],
          [-120.03148, 37.29951],
          [-120.02924, 37.30211],
          [-120.03439, 37.32403],
          [-120.01421, 37.34743],
          [-120.01197, 37.35003],
          [-120.01711, 37.37194],
          [-119.99693, 37.39534],
          [-119.99468, 37.39794],
          [-119.99983, 37.41985],
          [-120.00497, 37.44176],
          [-120.01012, 37.46366],
          [-120.01527, 37.48556],
          [-120.02042, 37.50746],
          [-120.02558, 37.52936],
          [-120.03074, 37.55126],
          [-120.03589, 37.57315],
          [-120.04105, 37.59504],
          [-120.04622, 37.61693],
          [-120.0495, 37.61871],
          [-120.07902, 37.63473],
          [-120.08419, 37.65661],
          [-120.08937, 37.67849],
          [-120.09454, 37.70037],
          [-120.09972, 37.72225],
          [-120.1049, 37.74413],
          [-120.11009, 37.766],
          [-120.11527, 37.78787],
          [-120.12046, 37.80974],
          [-120.12565, 37.83161],
          [-120.13084, 37.85348],
          [-120.13603, 37.87534],
          [-120.14123, 37.8972],
          [-120.14643, 37.91906],
          [-120.15163, 37.94092],
          [-120.15683, 37.96277],
          [-120.16203, 37.98462],
          [-120.14176, 38.00798],
          [-120.13951, 38.01057],
          [-120.14471, 38.03242],
          [-120.14992, 38.05427],
          [-120.15513, 38.07611],
          [-120.13484, 38.09946],
          [-120.13258, 38.10205],
          [-120.13779, 38.12389],
          [-120.14299, 38.14573],
          [-120.1482, 38.16756],
          [-120.15342, 38.1894],
          [-120.15863, 38.21123],
          [-120.16385, 38.23306],
          [-120.16907, 38.25488],
          [-120.17237, 38.25665],
          [-120.20209, 38.2726],
          [-120.20732, 38.29443],
          [-120.21255, 38.31625],
          [-120.21778, 38.33806],
          [-120.22301, 38.35988],
          [-120.22825, 38.38169],
          [-120.23349, 38.4035],
          [-120.23873, 38.42531],
          [-120.24398, 38.44711],
          [-120.22364, 38.47043],
          [-120.22137, 38.47302],
          [-120.22662, 38.49482],
          [-120.23186, 38.51662],
          [-120.23711, 38.53842],
          [-120.24236, 38.56022],
          [-120.22199, 38.58352],
          [-120.21973, 38.58611],
          [-120.22498, 38.6079],
          [-120.23023, 38.62969],
          [-120.20985, 38.65299],
          [-120.20759, 38.65558],
          [-120.21283, 38.67736],
          [-120.21808, 38.69914],
          [-120.19769, 38.72243],
          [-120.19542, 38.72502],
          [-120.20067, 38.7468],
          [-120.20592, 38.76857],
          [-120.21118, 38.79035],
          [-120.19076, 38.81363],
          [-120.18849, 38.81621],
          [-120.19375, 38.83798],
          [-120.199, 38.85975],
          [-120.20426, 38.88151],
          [-120.20952, 38.90327],
          [-120.18908, 38.92654],
          [-120.18681, 38.92912],
          [-120.19207, 38.95088],
          [-120.19733, 38.97264],
          [-120.17688, 38.99589],
          [-120.1746, 38.99848],
          [-120.17986, 39.02023],
          [-120.1594, 39.04348],
          [-120.15712, 39.04606],
          [-120.13665, 39.06931],
          [-120.13437, 39.07189],
          [-120.13963, 39.09364],
          [-120.11914, 39.11687],
          [-120.11686, 39.11945],
          [-120.12211, 39.14119],
          [-120.10161, 39.16443],
          [-120.09933, 39.16701],
          [-120.07882, 39.19023],
          [-120.07654, 39.19281],
          [-120.08179, 39.21455],
          [-120.06126, 39.23776],
          [-120.05898, 39.24034],
          [-120.03845, 39.26355],
          [-120.03616, 39.26613],
          [-120.01562, 39.28934],
          [-120.01334, 39.29192],
          [-119.99278, 39.31512],
          [-119.99049, 39.3177],
          [-119.96993, 39.34089],
          [-119.96764, 39.34347],
          [-119.94707, 39.36666],
          [-119.91897, 39.3707],
          [-119.91668, 39.37328],
          [-119.89609, 39.39646],
          [-119.8938, 39.39903],
          [-119.8732, 39.42221],
          [-119.84508, 39.42624],
          [-119.84279, 39.42881],
          [-119.82217, 39.45198],
          [-119.79405, 39.45599],
          [-119.76592, 39.46001],
          [-119.76363, 39.46258],
          [-119.74298, 39.48573],
          [-119.71485, 39.48974],
          [-119.71255, 39.49231],
          [-119.69189, 39.51546],
          [-119.68959, 39.51803],
          [-119.66892, 39.54116],
          [-119.66662, 39.54374],
          [-119.64594, 39.56687],
          [-119.64364, 39.56944],
          [-119.62295, 39.59256],
          [-119.62065, 39.59513],
          [-119.59995, 39.61825],
          [-119.59765, 39.62082],
          [-119.57694, 39.64394],
          [-119.57463, 39.64651],
          [-119.55391, 39.66962],
          [-119.55161, 39.67218],
          [-119.55677, 39.69388],
          [-119.53603, 39.71699],
          [-119.53373, 39.71955],
          [-119.51298, 39.74265],
          [-119.51068, 39.74522],
          [-119.48992, 39.76831],
          [-119.48762, 39.77087],
          [-119.46685, 39.79396],
          [-119.46454, 39.79652],
          [-119.44376, 39.8196],
          [-119.41552, 39.82355],
          [-119.41321, 39.82612],
          [-119.39242, 39.84919],
          [-119.39011, 39.85175],
          [-119.36931, 39.87482],
          [-119.36699, 39.87738],
          [-119.34618, 39.90044],
          [-119.34387, 39.903],
          [-119.32304, 39.92605],
          [-119.32073, 39.92862],
          [-119.32585, 39.95029],
          [-119.30502, 39.97334],
          [-119.3027, 39.9759],
          [-119.28185, 39.99894],
          [-119.27953, 40.0015],
          [-119.25867, 40.02454],
          [-119.25636, 40.02709],
          [-119.23549, 40.05012],
          [-119.23317, 40.05268],
          [-119.21229, 40.07571],
          [-119.18397, 40.07961],
          [-119.18165, 40.08217],
          [-119.16075, 40.10519],
          [-119.13243, 40.10909],
          [-119.1301, 40.11164],
          [-119.10919, 40.13465],
          [-119.08085, 40.13854],
          [-119.05251, 40.14242],
          [-119.02417, 40.14631],
          [-118.99583, 40.15018],
          [-118.96748, 40.15406],
          [-118.96515, 40.15661],
          [-118.94419, 40.17959],
          [-118.91584, 40.18345],
          [-118.88748, 40.18731],
          [-118.85912, 40.19117],
          [-118.83076, 40.19502],
          [-118.80239, 40.19886],
          [-118.80006, 40.20142],
          [-118.77906, 40.22437],
          [-118.75068, 40.22821],
          [-118.7223, 40.23204],
          [-118.69393, 40.23587],
          [-118.66555, 40.23969],
          [-118.63716, 40.24351],
          [-118.60878, 40.24732],
          [-118.58039, 40.25113],
          [-118.552, 40.25494],
          [-118.52361, 40.25874],
          [-118.52127, 40.26128],
          [-118.50019, 40.2842],
          [-118.47179, 40.28799],
          [-118.44339, 40.29177],
          [-118.41498, 40.29556],
          [-118.38658, 40.29933],
          [-118.35817, 40.30311],
          [-118.32976, 40.30687],
          [-118.29975, 40.29076],
          [-118.29641, 40.28897],
          [-118.268, 40.29273],
          [-118.23959, 40.29648],
          [-118.21118, 40.30023],
          [-118.18119, 40.2841],
          [-118.17786, 40.2823],
          [-118.14944, 40.28604],
          [-118.11947, 40.2699],
          [-118.11614, 40.2681],
          [-118.08773, 40.27183],
          [-118.05777, 40.25567],
          [-118.05444, 40.25388],
          [-118.02603, 40.2576],
          [-117.99762, 40.26131],
          [-117.9692, 40.26503],
          [-117.94079, 40.26873],
          [-117.91237, 40.27243],
          [-117.88395, 40.27613],
          [-117.85553, 40.27982],
          [-117.82711, 40.28351],
          [-117.79869, 40.2872],
          [-117.77026, 40.29087],
          [-117.74183, 40.29455],
          [-117.7134, 40.29822],
          [-117.68497, 40.30188],
          [-117.65653, 40.30554],
          [-117.62809, 40.3092],
          [-117.59966, 40.31285],
          [-117.59729, 40.31538],
          [-117.576, 40.33818],
          [-117.54755, 40.34182],
          [-117.5191, 40.34546],
          [-117.49064, 40.3491],
          [-117.46219, 40.35272],
          [-117.43373, 40.35635],
          [-117.40527, 40.35997],
          [-117.37681, 40.36358],
          [-117.37444, 40.36611],
          [-117.35309, 40.38888],
          [-117.32462, 40.39248],
          [-117.29614, 40.39608],
          [-117.26767, 40.39968],
          [-117.23919, 40.40327],
          [-117.23682, 40.4058],
          [-117.21542, 40.42854],
          [-117.18694, 40.43213],
          [-117.15845, 40.43571],
          [-117.12996, 40.43928],
          [-117.10147, 40.44285],
          [-117.07297, 40.44641],
          [-117.04447, 40.44997],
          [-117.01598, 40.45353],
          [-117.01359, 40.45605],
          [-116.99214, 40.47876],
          [-116.96363, 40.48231],
          [-116.93512, 40.48585],
          [-116.90661, 40.48939],
          [-116.8781, 40.49292],
          [-116.87571, 40.49544],
          [-116.85422, 40.51813],
          [-116.8257, 40.52166],
          [-116.79717, 40.52517],
          [-116.76864, 40.52869],
          [-116.74011, 40.5322],
          [-116.71158, 40.5357],
          [-116.70919, 40.53822],
          [-116.68765, 40.56089],
          [-116.65911, 40.56438],
          [-116.63057, 40.56788],
          [-116.62817, 40.57039],
          [-116.60661, 40.59304],
          [-116.57806, 40.59653],
          [-116.54951, 40.6],
          [-116.54711, 40.60252],
          [-116.52552, 40.62516],
          [-116.52312, 40.62767],
          [-116.50153, 40.65031],
          [-116.47295, 40.65377],
          [-116.47055, 40.65628],
          [-116.44894, 40.67891],
          [-116.44654, 40.68142],
          [-116.42491, 40.70404],
          [-116.42251, 40.70655],
          [-116.40087, 40.72916],
          [-116.37228, 40.73261],
          [-116.36987, 40.73512],
          [-116.34822, 40.75772],
          [-116.31961, 40.76116],
          [-116.3172, 40.76367],
          [-116.29553, 40.78626],
          [-116.26692, 40.78969],
          [-116.2383, 40.79311],
          [-116.20968, 40.79653],
          [-116.20727, 40.79904],
          [-116.18556, 40.82161],
          [-116.15693, 40.82503],
          [-116.1283, 40.82843],
          [-116.09967, 40.83183],
          [-116.07103, 40.83523],
          [-116.06862, 40.83774],
          [-116.04688, 40.86029],
          [-116.01823, 40.86368],
          [-115.98958, 40.86706],
          [-115.96093, 40.87044],
          [-115.93228, 40.87381],
          [-115.90363, 40.87718],
          [-115.87497, 40.88055],
          [-115.84632, 40.88391],
          [-115.81766, 40.88726],
          [-115.789, 40.89062],
          [-115.76033, 40.89396],
          [-115.73167, 40.8973],
          [-115.703, 40.90064],
          [-115.67433, 40.90397],
          [-115.64566, 40.9073],
          [-115.61699, 40.91062],
          [-115.58832, 40.91394],
          [-115.55964, 40.91726],
          [-115.55721, 40.91976],
          [-115.53534, 40.94224],
          [-115.50666, 40.94554],
          [-115.47797, 40.94884],
          [-115.44928, 40.95214],
          [-115.44685, 40.95463],
          [-115.42494, 40.97709],
          [-115.39625, 40.98038],
          [-115.36755, 40.98366],
          [-115.36511, 40.98616],
          [-115.34318, 41.00861],
          [-115.31447, 41.01188],
          [-115.28576, 41.01515],
          [-115.28332, 41.01764],
          [-115.26137, 41.04008],
          [-115.23265, 41.04334],
          [-115.23021, 41.04583],
          [-115.20824, 41.06825],
          [-115.17951, 41.0715],
          [-115.15078, 41.07475],
          [-115.14833, 41.07724],
          [-115.12634, 41.09965],
          [-115.0976, 41.10289],
          [-115.06885, 41.10612],
          [-115.0664, 41.10861],
          [-115.04439, 41.131],
          [-115.01563, 41.13423],
          [-114.98688, 41.13745],
          [-114.98443, 41.13993],
          [-114.96238, 41.16232],
          [-114.93362, 41.16553],
          [-114.93117, 41.16801],
          [-114.90911, 41.19039],
          [-114.88033, 41.19359],
          [-114.85155, 41.19678],
          [-114.82278, 41.19997],
          [-114.82032, 41.20246],
          [-114.79823, 41.22481],
          [-114.76944, 41.228],
          [-114.76698, 41.23048],
          [-114.74487, 41.25282],
          [-114.71608, 41.256],
          [-114.71362, 41.25848],
          [-114.69149, 41.28081],
          [-114.68903, 41.2833],
          [-114.66689, 41.30563],
          [-114.63807, 41.30879],
          [-114.63561, 41.31127],
          [-114.61346, 41.33358],
          [-114.58463, 41.33674],
          [-114.58217, 41.33921],
          [-114.55999, 41.36152],
          [-114.53116, 41.36467],
          [-114.52869, 41.36714],
          [-114.5065, 41.38944],
          [-114.50403, 41.39192],
          [-114.48183, 41.41421],
          [-114.45298, 41.41734],
          [-114.45051, 41.41982],
          [-114.42829, 41.4421],
          [-114.39943, 41.44522],
          [-114.37057, 41.44834],
          [-114.36809, 41.45081],
          [-114.34585, 41.47308],
          [-114.31698, 41.47619],
          [-114.3145, 41.47866],
          [-114.29224, 41.50092],
          [-114.26336, 41.50402],
          [-114.26088, 41.50649],
          [-114.2386, 41.52874],
          [-114.20971, 41.53182],
          [-114.20723, 41.5343],
          [-114.18493, 41.55653],
          [-114.15603, 41.55961],
          [-114.12713, 41.56269],
          [-114.12465, 41.56516],
          [-114.10232, 41.58738],
          [-114.07341, 41.59045],
          [-114.07093, 41.59292],
          [-114.04858, 41.61513],
          [-114.01966, 41.61819],
          [-113.99074, 41.62124],
          [-113.98825, 41.6237],
          [-113.96589, 41.64591],
          [-113.93695, 41.64895],
          [-113.90802, 41.65199],
          [-113.90553, 41.65445],
          [-113.88314, 41.67664],
          [-113.85419, 41.67967],
          [-113.82525, 41.68269],
          [-113.82276, 41.68515],
          [-113.80034, 41.70733],
          [-113.77138, 41.71034],
          [-113.74243, 41.71335],
          [-113.73993, 41.71581],
          [-113.71749, 41.73797],
          [-113.68852, 41.74097],
          [-113.65956, 41.74397],
          [-113.65706, 41.74643],
          [-113.63459, 41.76857],
          [-113.60561, 41.77156],
          [-113.57663, 41.77454],
          [-113.57414, 41.777],
          [-113.55164, 41.79913],
          [-113.52265, 41.80211],
          [-113.49366, 41.80508],
          [-113.49116, 41.80753],
          [-113.46864, 41.82965],
          [-113.43964, 41.83261],
          [-113.43714, 41.83507],
          [-113.41461, 41.85717],
          [-113.3856, 41.86012],
          [-113.35658, 41.86307],
          [-113.35408, 41.86552],
          [-113.33152, 41.88762],
          [-113.3025, 41.89055],
          [-113.29999, 41.89301],
          [-113.27741, 41.91509],
          [-113.24838, 41.91802],
          [-113.24587, 41.92047],
          [-113.22327, 41.94254],
          [-113.19423, 41.94546],
          [-113.16519, 41.94837],
          [-113.13615, 41.95128],
          [-113.13363, 41.95373],
          [-113.11101, 41.97579],
          [-113.08195, 41.97869],
          [-113.0529, 41.98158],
          [-113.02384, 41.98447],
          [-113.02132, 41.98692],
          [-112.99866, 42.00896],
          [-112.9696, 42.01184],
          [-112.94053, 42.01472],
          [-112.91146, 42.01759],
          [-112.88239, 42.02046],
          [-112.85332, 42.02332],
          [-112.82424, 42.02618],
          [-112.82172, 42.02862],
          [-112.79901, 42.05063],
          [-112.76992, 42.05348],
          [-112.74084, 42.05632],
          [-112.73831, 42.05877],
          [-112.71558, 42.08076],
          [-112.68648, 42.08359],
          [-112.65738, 42.08642],
          [-112.65486, 42.08887],
          [-112.63209, 42.11084],
          [-112.60299, 42.11366],
          [-112.57388, 42.11648],
          [-112.57135, 42.11892],
          [-112.54856, 42.14088],
          [-112.54603, 42.14332],
          [-112.52323, 42.16528],
          [-112.4941, 42.16808],
          [-112.49157, 42.17052],
          [-112.46875, 42.19247],
          [-112.43962, 42.19526],
          [-112.41048, 42.19805],
          [-112.38135, 42.20084],
          [-112.37881, 42.20327],
          [-112.35596, 42.2252],
          [-112.32681, 42.22798],
          [-112.29766, 42.23075],
          [-112.29512, 42.23318],
          [-112.27225, 42.2551],
          [-112.24309, 42.25786],
          [-112.21393, 42.26062],
          [-112.21139, 42.26305],
          [-112.18849, 42.28495],
          [-112.15932, 42.2877],
          [-112.15677, 42.29013],
          [-112.13386, 42.31202],
          [-112.10468, 42.31476],
          [-112.0755, 42.31749],
          [-112.04632, 42.32022],
          [-112.01713, 42.32295],
          [-112, 42.32454]
        ]
      }
    },
    {
      "type": "Feature",
      "id": "2026090612_f162_12000_001",
      "properties": {
        "product_id": "winter_storm_levels",
        "source_id": "nbm_snow_level",
        "parameter": "snow_level",
        "definition": "height of the wet-bulb 0.5 degree C surface",
        "level_ft_msl": 12000,
        "label": "12,000 ft MSL",
        "unit": "ft_msl",
        "cycle_time_utc": "2026-09-06T12:00:00Z",
        "valid_time_utc": "2026-09-13T06:00:00Z",
        "lead_hours": 162,
        "segment": 1,
        "length_m": 2029447.1
      },
      "geometry": {
        "type": "LineString",
        "coordinates": [
          [-125.50154, 30.19398],
          [-125.49438, 30.20383],
          [-125.46873, 30.20891],
          [-125.46477, 30.21435],
          [-125.44893, 30.23614],
          [-125.42327, 30.24121],
          [-125.3976, 30.24627],
          [-125.37193, 30.25132],
          [-125.36797, 30.25676],
          [-125.35211, 30.27854],
          [-125.32643, 30.28359],
          [-125.30075, 30.28863],
          [-125.27507, 30.29367],
          [-125.24938, 30.29871],
          [-125.24541, 30.30415],
          [-125.22952, 30.32591],
          [-125.20383, 30.33094],
          [-125.17813, 30.33596],
          [-125.15244, 30.34098],
          [-125.12674, 30.34599],
          [-125.10104, 30.351],
          [-125.07533, 30.35601],
          [-125.04963, 30.36101],
          [-125.04564, 30.36644],
          [-125.02971, 30.38819],
          [-125.00399, 30.39318],
          [-124.97827, 30.39817],
          [-124.95255, 30.40315],
          [-124.92683, 30.40813],
          [-124.90111, 30.41311],
          [-124.87538, 30.41808],
          [-124.87139, 30.42351],
          [-124.85541, 30.44523],
          [-124.82968, 30.4502],
          [-124.80394, 30.45516],
          [-124.7782, 30.46011],
          [-124.7742, 30.46554],
          [-124.7582, 30.48725],
          [-124.73245, 30.4922],
          [-124.7067, 30.49714],
          [-124.68095, 30.50208],
          [-124.6552, 30.50702],
          [-124.62944, 30.51195],
          [-124.60368, 30.51688],
          [-124.57792, 30.5218],
          [-124.55215, 30.52672],
          [-124.52639, 30.53163],
          [-124.50062, 30.53654],
          [-124.47485, 30.54144],
          [-124.44908, 30.54634],
          [-124.4233, 30.55124],
          [-124.41928, 30.55666],
          [-124.40321, 30.57833],
          [-124.37742, 30.58322],
          [-124.35164, 30.58811],
          [-124.32585, 30.59299],
          [-124.32182, 30.5984],
          [-124.30572, 30.62006],
          [-124.27992, 30.62493],
          [-124.25413, 30.6298],
          [-124.2501, 30.63522],
          [-124.23398, 30.65687],
          [-124.20817, 30.66173],
          [-124.18236, 30.66658],
          [-124.15655, 30.67144],
          [-124.15251, 30.67685],
          [-124.13637, 30.69849],
          [-124.11055, 30.70333],
          [-124.08472, 30.70817],
          [-124.08068, 30.71358],
          [-124.06452, 30.73521],
          [-124.03869, 30.74004],
          [-124.01285, 30.74487],
          [-124.00881, 30.75027],
          [-123.99263, 30.7719],
          [-123.96678, 30.77672],
          [-123.94094, 30.78153],
          [-123.91509, 30.78634],
          [-123.91104, 30.79175],
          [-123.89483, 30.81336],
          [-123.86898, 30.81816],
          [-123.84312, 30.82296],
          [-123.81726, 30.82776],
          [-123.79139, 30.83255],
          [-123.76553, 30.83733],
          [-123.73966, 30.84212],
          [-123.71379, 30.84689],
          [-123.68865, 30.83294],
          [-123.68236, 30.82945],
          [-123.65649, 30.83422],
          [-123.63062, 30.83899],
          [-123.60475, 30.84375],
          [-123.57887, 30.8485],
          [-123.553, 30.85326],
          [-123.52712, 30.858],
          [-123.50124, 30.86275],
          [-123.47535, 30.86748],
          [-123.44947, 30.87222],
          [-123.42358, 30.87695],
          [-123.39846, 30.86295],
          [-123.39218, 30.85945],
          [-123.3663, 30.86417],
          [-123.34041, 30.86889],
          [-123.31452, 30.8736],
          [-123.28862, 30.87831],
          [-123.26352, 30.86429],
          [-123.25725, 30.86079],
          [-123.23136, 30.86549],
          [-123.20546, 30.87018],
          [-123.20137, 30.87557],
          [-123.18503, 30.8971],
          [-123.15912, 30.90179],
          [-123.13321, 30.90647],
          [-123.12912, 30.91185],
          [-123.11276, 30.93338],
          [-123.10866, 30.93876],
          [-123.09229, 30.96028],
          [-123.0672, 30.94623],
          [-123.06092, 30.94272],
          [-123.03584, 30.92867],
          [-123.02957, 30.92516],
          [-123.00365, 30.92982],
          [-122.97773, 30.93447],
          [-122.97363, 30.93985],
          [-122.95723, 30.96136],
          [-122.93131, 30.96601],
          [-122.90538, 30.97065],
          [-122.90127, 30.97603],
          [-122.88485, 30.99752],
          [-122.85892, 31.00216],
          [-122.83298, 31.00679],
          [-122.80703, 31.01142],
          [-122.80292, 31.01679],
          [-122.78648, 31.03828],
          [-122.76053, 31.0429],
          [-122.73458, 31.04752],
          [-122.70862, 31.05213],
          [-122.7045, 31.0575],
          [-122.68804, 31.07897],
          [-122.68392, 31.08434],
          [-122.66745, 31.10581],
          [-122.64148, 31.11041],
          [-122.63735, 31.11578],
          [-122.62087, 31.13725],
          [-122.61675, 31.14261],
          [-122.60025, 31.16407],
          [-122.57426, 31.16866],
          [-122.57014, 31.17403],
          [-122.55363, 31.19548],
          [-122.52763, 31.20006],
          [-122.52351, 31.20543],
          [-122.50699, 31.22688],
          [-122.50285, 31.23224],
          [-122.5082, 31.25447],
          [-122.49167, 31.27592],
          [-122.46566, 31.28049],
          [-122.46152, 31.28585],
          [-122.44498, 31.30729],
          [-122.41895, 31.31185],
          [-122.39293, 31.31641],
          [-122.3669, 31.32096],
          [-122.36276, 31.32632],
          [-122.34619, 31.34775],
          [-122.32015, 31.35229],
          [-122.29411, 31.35684],
          [-122.28996, 31.36219],
          [-122.27338, 31.38361],
          [-122.24733, 31.38814],
          [-122.24318, 31.3935],
          [-122.22658, 31.41491],
          [-122.20052, 31.41943],
          [-122.19637, 31.42479],
          [-122.17976, 31.44619],
          [-122.15369, 31.45071],
          [-122.12762, 31.45522],
          [-122.10155, 31.45973],
          [-122.09739, 31.46508],
          [-122.08075, 31.48647],
          [-122.05467, 31.49097],
          [-122.02859, 31.49547],
          [-122.00251, 31.49996],
          [-121.99834, 31.50531],
          [-121.98168, 31.52669],
          [-121.95559, 31.53117],
          [-121.95142, 31.53652],
          [-121.93475, 31.55789],
          [-121.90865, 31.56237],
          [-121.90448, 31.56771],
          [-121.88779, 31.58908],
          [-121.88362, 31.59442],
          [-121.86692, 31.61579],
          [-121.86275, 31.62113],
          [-121.84605, 31.6425],
          [-121.81992, 31.64696],
          [-121.81574, 31.6523],
          [-121.82098, 31.67454],
          [-121.80426, 31.69589],
          [-121.80008, 31.70123],
          [-121.78336, 31.72258],
          [-121.77917, 31.72792],
          [-121.76244, 31.74927],
          [-121.75826, 31.75461],
          [-121.74152, 31.77595],
          [-121.71536, 31.7804],
          [-121.71117, 31.78573],
          [-121.69441, 31.80707],
          [-121.66825, 31.81151],
          [-121.64208, 31.81593],
          [-121.63788, 31.82127],
          [-121.62111, 31.8426],
          [-121.61692, 31.84793],
          [-121.60014, 31.86926],
          [-121.59594, 31.87459],
          [-121.57915, 31.89591],
          [-121.57495, 31.90124],
          [-121.55816, 31.92256],
          [-121.53196, 31.92697],
          [-121.50576, 31.93138],
          [-121.47955, 31.93578],
          [-121.45335, 31.94018],
          [-121.44914, 31.94551],
          [-121.43232, 31.96681],
          [-121.4061, 31.9712],
          [-121.37989, 31.97558],
          [-121.35478, 31.9613],
          [-121.34851, 31.95772],
          [-121.32229, 31.9621],
          [-121.29608, 31.96647],
          [-121.26986, 31.97084],
          [-121.24364, 31.9752],
          [-121.21855, 31.96089],
          [-121.21228, 31.95731],
          [-121.18606, 31.96167],
          [-121.15984, 31.96602],
          [-121.13361, 31.97036],
          [-121.10854, 31.95603],
          [-121.10227, 31.95245],
          [-121.09805, 31.95777],
          [-121.08116, 31.97904],
          [-121.05493, 31.98337],
          [-121.02869, 31.9877],
          [-121.00363, 31.97335],
          [-120.99737, 31.96977],
          [-120.97114, 31.97409],
          [-120.96691, 31.9794],
          [-120.94999, 32.00065],
          [-120.92375, 32.00496],
          [-120.8975, 32.00927],
          [-120.87126, 32.01357],
          [-120.84501, 32.01786],
          [-120.81877, 32.02216],
          [-120.79252, 32.02644],
          [-120.78828, 32.03175],
          [-120.77132, 32.05298],
          [-120.74506, 32.05726],
          [-120.7188, 32.06154],
          [-120.69254, 32.06581],
          [-120.66627, 32.07008],
          [-120.64, 32.07434],
          [-120.61374, 32.0786],
          [-120.60949, 32.0839],
          [-120.59248, 32.10511],
          [-120.56621, 32.10936],
          [-120.53993, 32.11361],
          [-120.51365, 32.11785],
          [-120.48736, 32.12209],
          [-120.48311, 32.12738],
          [-120.46608, 32.14858],
          [-120.43978, 32.15281],
          [-120.41349, 32.15703],
          [-120.38719, 32.16125],
          [-120.3609, 32.16547],
          [-120.35663, 32.17076],
          [-120.33957, 32.19194],
          [-120.31455, 32.1775],
          [-120.3083, 32.17389],
          [-120.28199, 32.17809],
          [-120.27772, 32.18338],
          [-120.26065, 32.20455],
          [-120.23433, 32.20875],
          [-120.20802, 32.21294],
          [-120.1817, 32.21712],
          [-120.17743, 32.22241],
          [-120.16033, 32.24357],
          [-120.134, 32.24775],
          [-120.10768, 32.25192],
          [-120.1034, 32.25721],
          [-120.08628, 32.27836],
          [-120.05994, 32.28252],
          [-120.05566, 32.28781],
          [-120.03852, 32.30895],
          [-120.03424, 32.31423],
          [-120.0171, 32.33537],
          [-120.01281, 32.34065],
          [-119.99566, 32.36179],
          [-119.9693, 32.36594],
          [-119.96501, 32.37122],
          [-119.94785, 32.39235],
          [-119.94356, 32.39763],
          [-119.94846, 32.41989],
          [-119.93129, 32.44101],
          [-119.927, 32.44629],
          [-119.90981, 32.46741],
          [-119.90552, 32.47269],
          [-119.88833, 32.49381],
          [-119.88403, 32.49908],
          [-119.86683, 32.5202],
          [-119.86253, 32.52547],
          [-119.84532, 32.54658],
          [-119.84102, 32.55186],
          [-119.82381, 32.57296],
          [-119.8195, 32.57824],
          [-119.80228, 32.59934],
          [-119.79798, 32.60462],
          [-119.78075, 32.62571],
          [-119.77644, 32.63099],
          [-119.7592, 32.65208],
          [-119.73277, 32.65619],
          [-119.72846, 32.66146],
          [-119.7112, 32.68255],
          [-119.68476, 32.68665],
          [-119.65832, 32.69074],
          [-119.654, 32.69601],
          [-119.63673, 32.71709],
          [-119.63241, 32.72236],
          [-119.61514, 32.74343],
          [-119.61081, 32.7487],
          [-119.59353, 32.76977],
          [-119.58921, 32.77504],
          [-119.57191, 32.7961],
          [-119.56759, 32.80137],
          [-119.57244, 32.82362],
          [-119.55514, 32.84468],
          [-119.52865, 32.84876],
          [-119.52432, 32.85402],
          [-119.507, 32.87508],
          [-119.50267, 32.88034],
          [-119.48535, 32.90139],
          [-119.48101, 32.90665],
          [-119.46368, 32.9277],
          [-119.43717, 32.93176],
          [-119.43284, 32.93702],
          [-119.41549, 32.95806],
          [-119.41115, 32.96332],
          [-119.3938, 32.98436],
          [-119.36727, 32.9884],
          [-119.36293, 32.99366],
          [-119.34556, 33.01469],
          [-119.34122, 33.01995],
          [-119.32384, 33.04097],
          [-119.3195, 33.04623],
          [-119.32431, 33.06848],
          [-119.30692, 33.0895],
          [-119.28037, 33.09353],
          [-119.27602, 33.09878],
          [-119.28083, 33.12103],
          [-119.26342, 33.14204],
          [-119.25907, 33.14729],
          [-119.26388, 33.16954],
          [-119.24646, 33.19055],
          [-119.24211, 33.1958],
          [-119.24691, 33.21804],
          [-119.22949, 33.23904],
          [-119.22513, 33.24429],
          [-119.2077, 33.2653],
          [-119.20334, 33.27055],
          [-119.1859, 33.29154],
          [-119.18154, 33.29679],
          [-119.16409, 33.31779],
          [-119.15973, 33.32304],
          [-119.14227, 33.34403],
          [-119.1379, 33.34927],
          [-119.12044, 33.37026],
          [-119.11607, 33.37551],
          [-119.12086, 33.39774],
          [-119.10338, 33.41872],
          [-119.09901, 33.42397],
          [-119.08153, 33.44495],
          [-119.07716, 33.45019],
          [-119.08194, 33.47242],
          [-119.06444, 33.49339],
          [-119.06007, 33.49864],
          [-119.04257, 33.51961],
          [-119.03819, 33.52485],
          [-119.02068, 33.54581],
          [-119.0163, 33.55106],
          [-118.99878, 33.57202],
          [-118.9944, 33.57726],
          [-118.99917, 33.59948],
          [-118.98164, 33.62044],
          [-118.97726, 33.62568],
          [-118.98203, 33.6479],
          [-118.96449, 33.66885],
          [-118.9601, 33.67409],
          [-118.96487, 33.69631],
          [-118.96964, 33.71853],
          [-118.95209, 33.73948],
          [-118.9477, 33.74471],
          [-118.95247, 33.76693],
          [-118.95724, 33.78914],
          [-118.93968, 33.81008],
          [-118.93528, 33.81532],
          [-118.91771, 33.83626],
          [-118.91331, 33.84149],
          [-118.91808, 33.8637],
          [-118.90049, 33.88463],
          [-118.8961, 33.88987],
          [-118.8785, 33.9108],
          [-118.8741, 33.91603],
          [-118.8565, 33.93695],
          [-118.8521, 33.94219],
          [-118.83449, 33.96311],
          [-118.83008, 33.96834],
          [-118.81247, 33.98926],
          [-118.80806, 33.99448],
          [-118.79043, 34.0154],
          [-118.76364, 34.01933],
          [-118.75924, 34.02456],
          [-118.7416, 34.04547],
          [-118.73718, 34.05069],
          [-118.71953, 34.0716],
          [-118.71512, 34.07682],
          [-118.69746, 34.09772],
          [-118.69305, 34.10294],
          [-118.67538, 34.12384],
          [-118.67097, 34.12906],
          [-118.6757, 34.15126],
          [-118.65802, 34.17215],
          [-118.6536, 34.17737],
          [-118.63592, 34.19826],
          [-118.6315, 34.20348],
          [-118.63622, 34.22568],
          [-118.61853, 34.24656],
          [-118.6141, 34.25178],
          [-118.5964, 34.27265],
          [-118.59197, 34.27787],
          [-118.57426, 34.29875],
          [-118.56983, 34.30396],
          [-118.55211, 34.32483],
          [-118.54768, 34.33005],
          [-118.5524, 34.35224],
          [-118.53466, 34.3731],
          [-118.53023, 34.37832],
          [-118.51249, 34.39918],
          [-118.50806, 34.40439],
          [-118.51277, 34.42658],
          [-118.49502, 34.44744],
          [-118.49058, 34.45265],
          [-118.49529, 34.47483],
          [-118.5, 34.49701],
          [-118.48223, 34.51786],
          [-118.47779, 34.52307],
          [-118.4825, 34.54525],
          [-118.48721, 34.56743],
          [-118.49193, 34.5896],
          [-118.49664, 34.61178],
          [-118.50136, 34.63395],
          [-118.50608, 34.65612],
          [-118.5108, 34.67829],
          [-118.51552, 34.70045],
          [-118.52025, 34.72262],
          [-118.52498, 34.74478],
          [-118.50718, 34.76562],
          [-118.50273, 34.77083],
          [-118.50745, 34.79299],
          [-118.51218, 34.81515],
          [-118.51691, 34.8373],
          [-118.52164, 34.85946],
          [-118.52637, 34.88161],
          [-118.53111, 34.90377],
          [-118.53584, 34.92592],
          [-118.54058, 34.94807],
          [-118.54532, 34.97021],
          [-118.55007, 34.99236],
          [-118.53223, 35.01318],
          [-118.52777, 35.01839],
          [-118.53251, 35.04053],
          [-118.53726, 35.06267],
          [-118.51941, 35.08349],
          [-118.51495, 35.08869],
          [-118.51969, 35.11083],
          [-118.50183, 35.13164],
          [-118.49736, 35.13684],
          [-118.5021, 35.15898],
          [-118.50685, 35.18111],
          [-118.48897, 35.20191],
          [-118.4845, 35.20711],
          [-118.48924, 35.22924],
          [-118.49399, 35.25137],
          [-118.49873, 35.2735],
          [-118.48084, 35.2943],
          [-118.47637, 35.2995],
          [-118.48111, 35.32162],
          [-118.48586, 35.34374],
          [-118.4906, 35.36586],
          [-118.49535, 35.38798],
          [-118.5001, 35.4101],
          [-118.48219, 35.43089],
          [-118.47771, 35.43608],
          [-118.48246, 35.4582],
          [-118.48721, 35.48031],
          [-118.49196, 35.50242],
          [-118.49672, 35.52453],
          [-118.47879, 35.54531],
          [-118.47431, 35.5505],
          [-118.47906, 35.5726],
          [-118.48381, 35.59471],
          [-118.48857, 35.61681],
          [-118.49333, 35.63891],
          [-118.47538, 35.65968],
          [-118.47089, 35.66487],
          [-118.47728, 35.66852],
          [-118.50285, 35.6831],
          [-118.50762, 35.7052],
          [-118.48966, 35.72596],
          [-118.48517, 35.73116],
          [-118.48993, 35.75325],
          [-118.4947, 35.77534],
          [-118.49947, 35.79742],
          [-118.50423, 35.81951],
          [-118.509, 35.84159],
          [-118.51378, 35.86367],
          [-118.51855, 35.88575],
          [-118.52333, 35.90783],
          [-118.52811, 35.92991],
          [-118.53289, 35.95198],
          [-118.53767, 35.97405],
          [-118.54245, 35.99613],
          [-118.54724, 36.01819],
          [-118.55203, 36.04026],
          [-118.55682, 36.06233],
          [-118.56161, 36.08439],
          [-118.5664, 36.10645],
          [-118.5712, 36.12851],
          [-118.576, 36.15057],
          [-118.5808, 36.17262],
          [-118.58722, 36.17626],
          [-118.61292, 36.1908],
          [-118.61773, 36.21285],
          [-118.62254, 36.2349],
          [-118.62735, 36.25694],
          [-118.63217, 36.27899],
          [-118.63972, 36.30065],
          [-118.64454, 36.32269],
          [-118.64824, 36.32671],
          [-118.66304, 36.34278],
          [-118.66787, 36.36482],
          [-118.68364, 36.3853],
          [-118.68847, 36.40734],
          [-118.69331, 36.42937],
          [-118.69814, 36.4514],
          [-118.70298, 36.47342],
          [-118.70782, 36.49545],
          [-118.71266, 36.51747],
          [-118.7175, 36.5395],
          [-118.72235, 36.56152],
          [-118.7272, 36.58353],
          [-118.72108, 36.60711],
          [-118.72593, 36.62912],
          [-118.71883, 36.64829],
          [-118.71706, 36.65308],
          [-118.72191, 36.67509],
          [-118.72676, 36.6971],
          [-118.73162, 36.7191],
          [-118.73373, 36.7415],
          [-118.73858, 36.7635],
          [-118.74344, 36.7855],
          [-118.73731, 36.80905],
          [-118.74218, 36.83105],
          [-118.74704, 36.85305],
          [-118.7519, 36.87504],
          [-118.75677, 36.89703],
          [-118.77264, 36.91746],
          [-118.77751, 36.93945],
          [-118.78239, 36.96143],
          [-118.78727, 36.98341],
          [-118.79375, 36.98703],
          [-118.81967, 37.00149],
          [-118.82615, 37.00511],
          [-118.85208, 37.01957],
          [-118.85698, 37.04154],
          [-118.86187, 37.06352],
          [-118.86836, 37.06713],
          [-118.89431, 37.08158],
          [-118.89921, 37.10355],
          [-118.90412, 37.12551],
          [-118.91061, 37.12912],
          [-118.93659, 37.14356],
          [-118.9415, 37.16552],
          [-118.94642, 37.18748],
          [-118.95134, 37.20944],
          [-118.93322, 37.23014],
          [-118.92869, 37.23531],
          [-118.93361, 37.25727],
          [-118.93853, 37.27922],
          [-118.92039, 37.29991],
          [-118.91586, 37.30509],
          [-118.92078, 37.32704],
          [-118.9257, 37.34898],
          [-118.93063, 37.37093],
          [-118.91247, 37.39161],
          [-118.90793, 37.39678],
          [-118.91286, 37.41872],
          [-118.89469, 37.4394],
          [-118.89015, 37.44457],
          [-118.87198, 37.46524],
          [-118.86743, 37.47041],
          [-118.84925, 37.49108],
          [-118.84471, 37.49625],
          [-118.82652, 37.51691],
          [-118.79886, 37.5208],
          [-118.77121, 37.52469],
          [-118.76665, 37.52985],
          [-118.74844, 37.55051],
          [-118.72078, 37.55439],
          [-118.69311, 37.55826],
          [-118.66544, 37.56213],
          [-118.63777, 37.566],
          [-118.6101, 37.56986],
          [-118.60554, 37.57502],
          [-118.58729, 37.59565],
          [-118.55961, 37.5995],
          [-118.55504, 37.60466],
          [-118.53678, 37.62528],
          [-118.50908, 37.62913],
          [-118.50452, 37.63428],
          [-118.48624, 37.6549],
          [-118.48167, 37.66005],
          [-118.46338, 37.68066],
          [-118.45881, 37.68582],
          [-118.46365, 37.70774],
          [-118.44535, 37.72835],
          [-118.44077, 37.7335],
          [-118.44562, 37.75542],
          [-118.42731, 37.77602],
          [-118.42273, 37.78117],
          [-118.42757, 37.80309],
          [-118.40925, 37.82369],
          [-118.40466, 37.82883],
          [-118.4095, 37.85075],
          [-118.39117, 37.87134],
          [-118.38658, 37.87648],
          [-118.36824, 37.89707],
          [-118.36365, 37.90221],
          [-118.3453, 37.92279],
          [-118.34071, 37.92793],
          [-118.34554, 37.94984],
          [-118.32718, 37.97041],
          [-118.32259, 37.97556],
          [-118.30422, 37.99612],
          [-118.29962, 38.00127],
          [-118.28124, 38.02183],
          [-118.27665, 38.02697],
          [-118.25826, 38.04753],
          [-118.25366, 38.05266],
          [-118.23526, 38.07322],
          [-118.23066, 38.07836],
          [-118.23547, 38.10025],
          [-118.21706, 38.1208],
          [-118.21246, 38.12594],
          [-118.19404, 38.14648],
          [-118.18943, 38.15161],
          [-118.171, 38.17215],
          [-118.1664, 38.17728],
          [-118.14796, 38.19782],
          [-118.14335, 38.20295],
          [-118.1249, 38.22348],
          [-118.12029, 38.22861],
          [-118.10183, 38.24913],
          [-118.09722, 38.25426],
          [-118.07876, 38.27478],
          [-118.07414, 38.27991],
          [-118.05567, 38.30042],
          [-118.05105, 38.30555],
          [-118.03256, 38.32606],
          [-118.02794, 38.33119],
          [-118.00945, 38.35169],
          [-117.98155, 38.35544],
          [-117.97693, 38.36056],
          [-117.95842, 38.38106],
          [-117.95379, 38.38618],
          [-117.93528, 38.40667],
          [-117.93065, 38.4118],
          [-117.91213, 38.43228],
          [-117.9075, 38.4374],
          [-117.88896, 38.45789],
          [-117.86103, 38.46161],
          [-117.8564, 38.46673],
          [-117.83785, 38.4872],
          [-117.83321, 38.49232],
          [-117.81465, 38.51279],
          [-117.78671, 38.5165],
          [-117.78206, 38.52162],
          [-117.76349, 38.54208],
          [-117.73553, 38.54578],
          [-117.70757, 38.54948],
          [-117.67961, 38.55318],
          [-117.67496, 38.55829],
          [-117.65636, 38.57874],
          [-117.62839, 38.58242],
          [-117.62374, 38.58753],
          [-117.60513, 38.60797],
          [-117.57715, 38.61165],
          [-117.54916, 38.61532],
          [-117.52118, 38.61899],
          [-117.51652, 38.6241],
          [-117.49788, 38.64452],
          [-117.46988, 38.64818],
          [-117.44189, 38.65183],
          [-117.41389, 38.65548],
          [-117.38589, 38.65913],
          [-117.35789, 38.66277],
          [-117.32988, 38.66641],
          [-117.30188, 38.67004],
          [-117.27387, 38.67367],
          [-117.24586, 38.67729],
          [-117.21785, 38.68091],
          [-117.21317, 38.68601],
          [-117.19446, 38.70639],
          [-117.16644, 38.71],
          [-117.13842, 38.7136],
          [-117.11039, 38.71721],
          [-117.10571, 38.7223],
          [-117.08697, 38.74267],
          [-117.05894, 38.74626],
          [-117.05425, 38.75135],
          [-117.0355, 38.77171],
          [-117.00745, 38.77529],
          [-116.97941, 38.77887],
          [-116.97471, 38.78396],
          [-116.95594, 38.80431],
          [-116.92789, 38.80788],
          [-116.92319, 38.81297],
          [-116.9044, 38.83331],
          [-116.87634, 38.83687],
          [-116.84827, 38.84042],
          [-116.84357, 38.84551],
          [-116.82476, 38.86584],
          [-116.79668, 38.86938],
          [-116.7686, 38.87293],
          [-116.7639, 38.87801],
          [-116.74507, 38.89833],
          [-116.71698, 38.90186],
          [-116.68889, 38.90539],
          [-116.68418, 38.91047],
          [-116.66533, 38.93077],
          [-116.63723, 38.93429],
          [-116.60913, 38.93781],
          [-116.60441, 38.94288],
          [-116.58554, 38.96318],
          [-116.55743, 38.96669],
          [-116.52932, 38.97019],
          [-116.52459, 38.97526],
          [-116.5057, 38.99554],
          [-116.47758, 38.99904],
          [-116.47285, 39.00411],
          [-116.45394, 39.02438],
          [-116.42581, 39.02787],
          [-116.42108, 39.03293],
          [-116.40216, 39.0532],
          [-116.37402, 39.05668],
          [-116.36928, 39.06174],
          [-116.35034, 39.082],
          [-116.3222, 39.08547],
          [-116.29404, 39.08893],
          [-116.2893, 39.09399],
          [-116.27034, 39.11424],
          [-116.24218, 39.11769],
          [-116.21402, 39.12114],
          [-116.18586, 39.12459],
          [-116.15769, 39.12803],
          [-116.15294, 39.13308],
          [-116.13395, 39.15331],
          [-116.10577, 39.15674],
          [-116.07759, 39.16017],
          [-116.04942, 39.16359],
          [-116.02123, 39.16701],
          [-115.99305, 39.17042],
          [-115.98829, 39.17547],
          [-115.96926, 39.19568],
          [-115.94107, 39.19908],
          [-115.91287, 39.20248],
          [-115.88468, 39.20588],
          [-115.85648, 39.20927],
          [-115.82828, 39.21266],
          [-115.80008, 39.21604],
          [-115.77187, 39.21941],
          [-115.74367, 39.22279],
          [-115.71546, 39.22615],
          [-115.68725, 39.22952],
          [-115.65904, 39.23287],
          [-115.63301, 39.21807],
          [-115.6265, 39.21437],
          [-115.5983, 39.21772],
          [-115.57009, 39.22107],
          [-115.54187, 39.22441],
          [-115.51366, 39.22774],
          [-115.50888, 39.23278],
          [-115.48974, 39.25293],
          [-115.46152, 39.25625],
          [-115.43329, 39.25957],
          [-115.40507, 39.26289],
          [-115.37684, 39.2662],
          [-115.34861, 39.26951],
          [-115.32037, 39.27281],
          [-115.29214, 39.27611],
          [-115.28734, 39.28114],
          [-115.26816, 39.30126],
          [-115.23991, 39.30455],
          [-115.21167, 39.30784],
          [-115.18342, 39.31112],
          [-115.15517, 39.31439],
          [-115.12692, 39.31766],
          [-115.09867, 39.32093],
          [-115.07042, 39.32419],
          [-115.04216, 39.32745],
          [-115.0139, 39.3307],
          [-114.98565, 39.33395],
          [-114.98083, 39.33897],
          [-114.96158, 39.35905],
          [-114.93331, 39.36229],
          [-114.90504, 39.36552],
          [-114.87677, 39.36875],
          [-114.87195, 39.37377],
          [-114.85266, 39.39384],
          [-114.82438, 39.39706],
          [-114.81956, 39.40207],
          [-114.80026, 39.42213],
          [-114.77197, 39.42534],
          [-114.76714, 39.43035],
          [-114.74783, 39.4504],
          [-114.743, 39.45541],
          [-114.72367, 39.47545],
          [-114.71884, 39.48046],
          [-114.69951, 39.5005],
          [-114.6712, 39.5037],
          [-114.64524, 39.48877],
          [-114.63875, 39.48504],
          [-114.63391, 39.49005],
          [-114.61456, 39.51007],
          [-114.58624, 39.51325],
          [-114.55792, 39.51643],
          [-114.5296, 39.5196],
          [-114.50127, 39.52277],
          [-114.49643, 39.52777],
          [-114.47704, 39.54778],
          [-114.44871, 39.55094],
          [-114.42037, 39.55409],
          [-114.39203, 39.55724],
          [-114.38718, 39.56224],
          [-114.36777, 39.58223],
          [-114.33942, 39.58537],
          [-114.33457, 39.59037],
          [-114.31514, 39.61035],
          [-114.28679, 39.61349],
          [-114.28193, 39.61848],
          [-114.26249, 39.63846],
          [-114.23412, 39.64158],
          [-114.20575, 39.6447],
          [-114.20089, 39.64969],
          [-114.18143, 39.66965],
          [-114.15305, 39.67276],
          [-114.14818, 39.67775],
          [-114.1287, 39.69771],
          [-114.10032, 39.70081],
          [-114.09545, 39.70579],
          [-114.07595, 39.72574],
          [-114.04756, 39.72883],
          [-114.04268, 39.73382],
          [-114.02317, 39.75375],
          [-114.01829, 39.75874],
          [-113.99877, 39.77867],
          [-113.97036, 39.78175],
          [-113.94195, 39.78482],
          [-113.91354, 39.78789],
          [-113.88512, 39.79095],
          [-113.8567, 39.79401],
          [-113.82828, 39.79707],
          [-113.79986, 39.80012],
          [-113.79497, 39.80509],
          [-113.7754, 39.825],
          [-113.74697, 39.82804],
          [-113.71854, 39.83108],
          [-113.6901, 39.83411],
          [-113.66167, 39.83713],
          [-113.63577, 39.82208],
          [-113.6293, 39.81832],
          [-113.6244, 39.82329],
          [-113.60479, 39.84317],
          [-113.57635, 39.84619],
          [-113.54791, 39.8492],
          [-113.51947, 39.8522],
          [-113.51456, 39.85717],
          [-113.49493, 39.87703],
          [-113.46647, 39.88003],
          [-113.43802, 39.88302],
          [-113.40956, 39.88601],
          [-113.3811, 39.88899],
          [-113.37619, 39.89395],
          [-113.35652, 39.9138],
          [-113.32806, 39.91677],
          [-113.29959, 39.91974],
          [-113.29467, 39.9247],
          [-113.27498, 39.94453],
          [-113.2465, 39.94749],
          [-113.21802, 39.95045],
          [-113.18954, 39.9534],
          [-113.16106, 39.95634],
          [-113.13257, 39.95928],
          [-113.10409, 39.96222],
          [-113.0756, 39.96515],
          [-113.04711, 39.96807],
          [-113.04218, 39.97302],
          [-113.02243, 39.99283],
          [-112.99393, 39.99575],
          [-112.96544, 39.99866],
          [-112.93693, 40.00157],
          [-112.90843, 40.00447],
          [-112.87993, 40.00737],
          [-112.87498, 40.01231],
          [-112.8552, 40.03209],
          [-112.82668, 40.03498],
          [-112.82174, 40.03993],
          [-112.80194, 40.0597],
          [-112.77341, 40.06258],
          [-112.76846, 40.06752],
          [-112.74864, 40.08729],
          [-112.72011, 40.09016],
          [-112.71516, 40.0951],
          [-112.69533, 40.11485],
          [-112.66678, 40.11772],
          [-112.63824, 40.12057],
          [-112.63328, 40.12551],
          [-112.61343, 40.14525],
          [-112.58488, 40.1481],
          [-112.55632, 40.15095],
          [-112.52777, 40.15379],
          [-112.5228, 40.15872],
          [-112.50292, 40.17845],
          [-112.47436, 40.18128],
          [-112.44579, 40.1841],
          [-112.41723, 40.18692],
          [-112.38866, 40.18974],
          [-112.36009, 40.19255],
          [-112.35511, 40.19748],
          [-112.33519, 40.21718],
          [-112.30661, 40.21999],
          [-112.27803, 40.22279],
          [-112.24945, 40.22558],
          [-112.22087, 40.22837],
          [-112.19228, 40.23115],
          [-112.1637, 40.23393],
          [-112.13511, 40.23671],
          [-112.10652, 40.23948],
          [-112.10153, 40.2444],
          [-112.08155, 40.26407],
          [-112.05295, 40.26683],
          [-112.02435, 40.26959],
          [-112, 40.27193]
        ]
      }
    },
    {
      "type": "Feature",
      "id": "2026090612_f162_12000_002",
      "properties": {
        "product_id": "winter_storm_levels",
        "source_id": "nbm_snow_level",
        "parameter": "snow_level",
        "definition": "height of the wet-bulb 0.5 degree C surface",
        "level_ft_msl": 12000,
        "label": "12,000 ft MSL",
        "unit": "ft_msl",
        "cycle_time_utc": "2026-09-06T12:00:00Z",
        "valid_time_utc": "2026-09-13T06:00:00Z",
        "lead_hours": 162,
        "segment": 2,
        "length_m": 305800
      },
      "geometry": {
        "type": "LineString",
        "coordinates": [
          [-129.30652, 30.36146],
          [-129.28101, 30.36715],
          [-129.25532, 30.35409],
          [-129.2489, 30.35082],
          [-129.22339, 30.3565],
          [-129.19787, 30.36218],
          [-129.1722, 30.3491],
          [-129.16578, 30.34583],
          [-129.14027, 30.3515],
          [-129.11475, 30.35716],
          [-129.08922, 30.36282],
          [-129.0637, 30.36848],
          [-129.03817, 30.37413],
          [-129.01264, 30.37977],
          [-129.00884, 30.38531],
          [-128.99365, 30.40744],
          [-128.96811, 30.41308],
          [-128.94257, 30.41872],
          [-128.91702, 30.42435],
          [-128.89148, 30.42997],
          [-128.86593, 30.4356],
          [-128.84038, 30.44122],
          [-128.81482, 30.44683],
          [-128.78927, 30.45244],
          [-128.76371, 30.45804],
          [-128.73814, 30.46365],
          [-128.71258, 30.46924],
          [-128.68701, 30.47484],
          [-128.66145, 30.48043],
          [-128.63588, 30.48601],
          [-128.61024, 30.47284],
          [-128.60383, 30.46955],
          [-128.57826, 30.47513],
          [-128.55268, 30.4807],
          [-128.52711, 30.48626],
          [-128.50148, 30.47308],
          [-128.49508, 30.46978],
          [-128.4695, 30.47534],
          [-128.44388, 30.46215],
          [-128.43748, 30.45885],
          [-128.4119, 30.4644],
          [-128.38632, 30.46994],
          [-128.36074, 30.47548],
          [-128.35691, 30.481],
          [-128.34158, 30.50307],
          [-128.31599, 30.5086],
          [-128.29038, 30.49538],
          [-128.28397, 30.47333],
          [-128.27757, 30.47002],
          [-128.25198, 30.4568],
          [-128.24557, 30.43475],
          [-128.23918, 30.43144],
          [-128.2136, 30.41821],
          [-128.2072, 30.4149],
          [-128.18163, 30.42041],
          [-128.15604, 30.42592],
          [-128.13047, 30.41267],
          [-128.12408, 30.40936],
          [-128.0985, 30.41486],
          [-128.07292, 30.42035],
          [-128.04733, 30.42584],
          [-128.02177, 30.41258],
          [-128.01539, 30.40926],
          [-127.98984, 30.39599],
          [-127.98345, 30.39267],
          [-127.95787, 30.39815],
          [-127.93232, 30.38487],
          [-127.92594, 30.38155],
          [-127.9004, 30.36827],
          [-127.89402, 30.36494],
          [-127.8685, 30.35166],
          [-127.86211, 30.34833],
          [-127.83659, 30.33504],
          [-127.83022, 30.33171],
          [-127.8047, 30.31841],
          [-127.79833, 30.31509],
          [-127.77282, 30.30178],
          [-127.76645, 30.29845],
          [-127.74095, 30.28514],
          [-127.73457, 30.28181],
          [-127.70908, 30.2685],
          [-127.70271, 30.26517],
          [-127.67723, 30.25184],
          [-127.67094, 30.22976],
          [-127.66458, 30.22643],
          [-127.63911, 30.2131],
          [-127.63274, 30.20976],
          [-127.60727, 30.19643],
          [-127.60091, 30.19309],
          [-127.57535, 30.19851],
          [-127.57149, 30.20401],
          [-127.55605, 30.22601],
          [-127.53048, 30.23142],
          [-127.50503, 30.21807],
          [-127.49866, 30.21473],
          [-127.4948, 30.22023],
          [-127.47934, 30.24222],
          [-127.45377, 30.24761],
          [-127.42819, 30.253],
          [-127.40261, 30.25839],
          [-127.37703, 30.26377],
          [-127.35144, 30.26915],
          [-127.32586, 30.27452],
          [-127.30027, 30.27989],
          [-127.27468, 30.28525],
          [-127.24909, 30.29062],
          [-127.22349, 30.29597],
          [-127.19789, 30.30132],
          [-127.17229, 30.30667],
          [-127.14686, 30.29326],
          [-127.1405, 30.28991],
          [-127.1149, 30.29525],
          [-127.0893, 30.30058],
          [-127.06369, 30.30591],
          [-127.03827, 30.29249],
          [-127.03192, 30.28913],
          [-127.00632, 30.29445],
          [-126.98071, 30.29977],
          [-126.9551, 30.30508],
          [-126.92949, 30.31039],
          [-126.90408, 30.29694],
          [-126.89773, 30.29358],
          [-126.87212, 30.29888],
          [-126.8465, 30.30418],
          [-126.82089, 30.30947],
          [-126.79549, 30.296],
          [-126.78915, 30.29263],
          [-126.76353, 30.29792],
          [-126.73791, 30.30319],
          [-126.71229, 30.30847],
          [-126.68691, 30.29498],
          [-126.68057, 30.29161],
          [-126.65494, 30.29688],
          [-126.62957, 30.28338],
          [-126.62323, 30.28001],
          [-126.59787, 30.26651],
          [-126.59179, 30.24439],
          [-126.58571, 30.22226],
          [-126.60133, 30.20035],
          [-126.60524, 30.19488],
          [-126.59916, 30.17275],
          [-126.6095, 30.15824]
        ]
      }
    },
    {
      "type": "Feature",
      "id": "2026090612_f162_13000_001",
      "properties": {
        "product_id": "winter_storm_levels",
        "source_id": "nbm_snow_level",
        "parameter": "snow_level",
        "definition": "height of the wet-bulb 0.5 degree C surface",
        "level_ft_msl": 13000,
        "label": "13,000 ft MSL",
        "unit": "ft_msl",
        "cycle_time_utc": "2026-09-06T12:00:00Z",
        "valid_time_utc": "2026-09-13T06:00:00Z",
        "lead_hours": 162,
        "segment": 1,
        "length_m": 14847.3
      },
      "geometry": {
        "type": "LineString",
        "coordinates": [
          [-114.99546, 36.70821],
          [-114.99137, 36.68611],
          [-114.96921, 36.67293],
          [-114.95277, 36.6907],
          [-114.95686, 36.71281],
          [-114.97903, 36.72598],
          [-114.99546, 36.70821]
        ]
      }
    },
    {
      "type": "Feature",
      "id": "2026090612_f162_13000_002",
      "properties": {
        "product_id": "winter_storm_levels",
        "source_id": "nbm_snow_level",
        "parameter": "snow_level",
        "definition": "height of the wet-bulb 0.5 degree C surface",
        "level_ft_msl": 13000,
        "label": "13,000 ft MSL",
        "unit": "ft_msl",
        "cycle_time_utc": "2026-09-06T12:00:00Z",
        "valid_time_utc": "2026-09-13T06:00:00Z",
        "lead_hours": 162,
        "segment": 2,
        "length_m": 1386875.5
      },
      "geometry": {
        "type": "LineString",
        "coordinates": [
          [-118.29174, 30.23519],
          [-118.28165, 30.24757],
          [-118.25571, 30.25146],
          [-118.24927, 30.25934],
          [-118.23425, 30.27775],
          [-118.20831, 30.28162],
          [-118.20187, 30.28951],
          [-118.18684, 30.3079],
          [-118.1804, 30.31579],
          [-118.16536, 30.33418],
          [-118.15892, 30.34206],
          [-118.14387, 30.36045],
          [-118.13743, 30.36833],
          [-118.12238, 30.38672],
          [-118.0964, 30.39058],
          [-118.08995, 30.39846],
          [-118.07489, 30.41684],
          [-118.06843, 30.42471],
          [-118.05337, 30.44309],
          [-118.04691, 30.45097],
          [-118.03183, 30.46935],
          [-118.02537, 30.47722],
          [-118.01029, 30.49559],
          [-117.98429, 30.49943],
          [-117.97782, 30.5073],
          [-117.96273, 30.52567],
          [-117.95626, 30.53354],
          [-117.94116, 30.55191],
          [-117.93469, 30.55978],
          [-117.91958, 30.57814],
          [-117.91311, 30.58601],
          [-117.898, 30.60437],
          [-117.89152, 30.61223],
          [-117.8764, 30.63059],
          [-117.85036, 30.63441],
          [-117.84388, 30.64227],
          [-117.82875, 30.66062],
          [-117.82226, 30.66848],
          [-117.80712, 30.68683],
          [-117.80063, 30.69469],
          [-117.78549, 30.71304],
          [-117.779, 30.7209],
          [-117.76385, 30.73924],
          [-117.75735, 30.7471],
          [-117.7422, 30.76544],
          [-117.7357, 30.7733],
          [-117.72053, 30.79164],
          [-117.69445, 30.79542],
          [-117.68795, 30.80328],
          [-117.67278, 30.82161],
          [-117.66627, 30.82947],
          [-117.65109, 30.84779],
          [-117.64458, 30.85565],
          [-117.62939, 30.87397],
          [-117.60329, 30.87774],
          [-117.59678, 30.88559],
          [-117.58157, 30.90391],
          [-117.57506, 30.91176],
          [-117.55985, 30.93008],
          [-117.53373, 30.93384],
          [-117.52721, 30.94169],
          [-117.51199, 30.96],
          [-117.50547, 30.96784],
          [-117.49024, 30.98615],
          [-117.46411, 30.9899],
          [-117.45758, 30.99774],
          [-117.44235, 31.01605],
          [-117.43581, 31.02389],
          [-117.42057, 31.04219],
          [-117.41404, 31.05003],
          [-117.39878, 31.06832],
          [-117.39225, 31.07616],
          [-117.37699, 31.09446],
          [-117.37045, 31.1023],
          [-117.35518, 31.12058],
          [-117.34864, 31.12842],
          [-117.33337, 31.14671],
          [-117.32682, 31.15455],
          [-117.33117, 31.17694],
          [-117.31589, 31.19523],
          [-117.30934, 31.20306],
          [-117.29405, 31.22134],
          [-117.2875, 31.22917],
          [-117.2722, 31.24745],
          [-117.26565, 31.25528],
          [-117.25035, 31.27356],
          [-117.24379, 31.28139],
          [-117.22848, 31.29966],
          [-117.22192, 31.30749],
          [-117.2066, 31.32576],
          [-117.20003, 31.33359],
          [-117.18471, 31.35185],
          [-117.17814, 31.35968],
          [-117.16281, 31.37794],
          [-117.15624, 31.38576],
          [-117.14091, 31.40402],
          [-117.11467, 31.40771],
          [-117.10809, 31.41553],
          [-117.09275, 31.43379],
          [-117.08617, 31.44161],
          [-117.07081, 31.45986],
          [-117.06423, 31.46768],
          [-117.04887, 31.48593],
          [-117.04228, 31.49374],
          [-117.02692, 31.51199],
          [-117.02033, 31.51981],
          [-117.00495, 31.53805],
          [-116.99836, 31.54586],
          [-116.98298, 31.5641],
          [-116.97639, 31.57192],
          [-116.961, 31.59015],
          [-116.9544, 31.59796],
          [-116.939, 31.6162],
          [-116.9324, 31.62401],
          [-116.917, 31.64224],
          [-116.9104, 31.65005],
          [-116.89499, 31.66827],
          [-116.88838, 31.67608],
          [-116.87296, 31.6943],
          [-116.86635, 31.70211],
          [-116.85093, 31.72033],
          [-116.84432, 31.72814],
          [-116.82889, 31.74635],
          [-116.82227, 31.75416],
          [-116.82655, 31.77654],
          [-116.81111, 31.79476],
          [-116.80449, 31.80256],
          [-116.78904, 31.82077],
          [-116.78242, 31.82857],
          [-116.78669, 31.85095],
          [-116.79096, 31.87333],
          [-116.7755, 31.89154],
          [-116.76888, 31.89934],
          [-116.77315, 31.92172],
          [-116.75768, 31.93992],
          [-116.75105, 31.94772],
          [-116.75532, 31.9701],
          [-116.73984, 31.98829],
          [-116.7332, 31.99609],
          [-116.71772, 32.01429],
          [-116.71108, 32.02208],
          [-116.71534, 32.04446],
          [-116.69985, 32.06265],
          [-116.69321, 32.07044],
          [-116.69747, 32.09282],
          [-116.68197, 32.111],
          [-116.67532, 32.1188],
          [-116.67958, 32.14117],
          [-116.66407, 32.15935],
          [-116.65742, 32.16714],
          [-116.6419, 32.18532],
          [-116.63525, 32.19311],
          [-116.61972, 32.21129],
          [-116.59328, 32.21488],
          [-116.58662, 32.22267],
          [-116.57109, 32.24084],
          [-116.56443, 32.24863],
          [-116.54888, 32.2668],
          [-116.52243, 32.27038],
          [-116.51576, 32.27816],
          [-116.5002, 32.29633],
          [-116.49354, 32.30411],
          [-116.47797, 32.32227],
          [-116.4713, 32.33005],
          [-116.45573, 32.3482],
          [-116.44905, 32.35598],
          [-116.43348, 32.37413],
          [-116.4268, 32.38191],
          [-116.41121, 32.40006],
          [-116.38472, 32.40362],
          [-116.37804, 32.4114],
          [-116.36244, 32.42954],
          [-116.33595, 32.43309],
          [-116.32926, 32.44086],
          [-116.31365, 32.459],
          [-116.28715, 32.46254],
          [-116.26064, 32.46608],
          [-116.25395, 32.47385],
          [-116.23832, 32.49198],
          [-116.21181, 32.49551],
          [-116.18529, 32.49904],
          [-116.15877, 32.50256],
          [-116.13226, 32.50607],
          [-116.10574, 32.50959],
          [-116.07921, 32.51309],
          [-116.0725, 32.52086],
          [-116.05684, 32.53896],
          [-116.05013, 32.54672],
          [-116.05826, 32.56856],
          [-116.06349, 32.57475],
          [-116.08498, 32.58795],
          [-116.08914, 32.61031],
          [-116.08401, 32.63389],
          [-116.08818, 32.65625],
          [-116.0818, 32.67313],
          [-116.07906, 32.68036],
          [-116.07924, 32.70325],
          [-116.0834, 32.7256],
          [-116.06772, 32.7437],
          [-116.06099, 32.75146],
          [-116.06516, 32.77381],
          [-116.04946, 32.79191],
          [-116.02287, 32.7954],
          [-116.01614, 32.80316],
          [-116.00043, 32.82125],
          [-115.97446, 32.82809],
          [-115.9671, 32.83249],
          [-115.95138, 32.85057],
          [-115.92477, 32.85405],
          [-115.91803, 32.8618],
          [-115.9023, 32.87988],
          [-115.87568, 32.88335],
          [-115.86894, 32.89109],
          [-115.8532, 32.90917],
          [-115.84645, 32.91691],
          [-115.8307, 32.93498],
          [-115.82394, 32.94272],
          [-115.80819, 32.96079],
          [-115.80143, 32.96853],
          [-115.80555, 32.99088],
          [-115.78978, 33.00894],
          [-115.78302, 33.01668],
          [-115.78714, 33.03902],
          [-115.77136, 33.05708],
          [-115.7646, 33.06482],
          [-115.74882, 33.08287],
          [-115.74205, 33.09061],
          [-115.72626, 33.10866],
          [-115.71949, 33.11639],
          [-115.70369, 33.13444],
          [-115.69692, 33.14217],
          [-115.70102, 33.16451],
          [-115.68522, 33.18256],
          [-115.67844, 33.19029],
          [-115.66262, 33.20833],
          [-115.65584, 33.21606],
          [-115.64002, 33.23409],
          [-115.63324, 33.24182],
          [-115.61741, 33.25986],
          [-115.61062, 33.26758],
          [-115.59479, 33.28561],
          [-115.588, 33.29334],
          [-115.59209, 33.31567],
          [-115.57624, 33.3337],
          [-115.56945, 33.34142],
          [-115.55359, 33.35944],
          [-115.5468, 33.36717],
          [-115.53094, 33.38519],
          [-115.52414, 33.39291],
          [-115.50827, 33.41092],
          [-115.50147, 33.41864],
          [-115.50554, 33.44097],
          [-115.48967, 33.45898],
          [-115.48286, 33.4667],
          [-115.48693, 33.48903],
          [-115.47105, 33.50703],
          [-115.46424, 33.51475],
          [-115.46831, 33.53707],
          [-115.47238, 33.5594],
          [-115.45648, 33.5774],
          [-115.44967, 33.58511],
          [-115.45893, 33.59079],
          [-115.48054, 33.60404],
          [-115.48462, 33.62635],
          [-115.49389, 33.63203],
          [-115.51551, 33.64527],
          [-115.52478, 33.65094],
          [-115.55158, 33.64754],
          [-115.57322, 33.66077],
          [-115.58249, 33.66644],
          [-115.6093, 33.66302],
          [-115.6361, 33.6596],
          [-115.66291, 33.65618],
          [-115.68971, 33.65275],
          [-115.71651, 33.64932],
          [-115.74331, 33.64588],
          [-115.77011, 33.64243],
          [-115.79691, 33.63899],
          [-115.8237, 33.63554],
          [-115.84536, 33.64873],
          [-115.85465, 33.65439],
          [-115.88145, 33.65093],
          [-115.90824, 33.64746],
          [-115.92992, 33.66065],
          [-115.93921, 33.6663],
          [-115.966, 33.66282],
          [-115.98769, 33.676],
          [-115.99698, 33.68164],
          [-116.01867, 33.69482],
          [-116.02797, 33.70046],
          [-116.04967, 33.71363],
          [-116.05897, 33.71927],
          [-116.08068, 33.73243],
          [-116.08488, 33.75473],
          [-116.09419, 33.76036],
          [-116.1159, 33.77352],
          [-116.12012, 33.79581],
          [-116.12433, 33.8181],
          [-116.12855, 33.84039],
          [-116.13786, 33.84603],
          [-116.1596, 33.85917],
          [-116.14377, 33.87723],
          [-116.13698, 33.88496],
          [-116.1412, 33.90725],
          [-116.14542, 33.92953],
          [-116.14965, 33.95181],
          [-116.1338, 33.96986],
          [-116.12701, 33.97759],
          [-116.11115, 33.99564],
          [-116.10436, 34.00337],
          [-116.10857, 34.02565],
          [-116.09271, 34.04369],
          [-116.08591, 34.05142],
          [-116.07004, 34.06945],
          [-116.04315, 34.07294],
          [-116.03634, 34.08067],
          [-116.02046, 34.0987],
          [-115.99356, 34.10218],
          [-115.96666, 34.10565],
          [-115.95984, 34.11338],
          [-115.94394, 34.1314],
          [-115.91703, 34.13486],
          [-115.89012, 34.13833],
          [-115.86321, 34.14178],
          [-115.8363, 34.14524],
          [-115.80938, 34.14869],
          [-115.78246, 34.15213],
          [-115.75554, 34.15557],
          [-115.72862, 34.159],
          [-115.7017, 34.16243],
          [-115.69486, 34.17015],
          [-115.67891, 34.18814],
          [-115.65198, 34.19156],
          [-115.62505, 34.19498],
          [-115.61821, 34.20269],
          [-115.60224, 34.22067],
          [-115.59539, 34.22838],
          [-115.57942, 34.24636],
          [-115.55247, 34.24976],
          [-115.54562, 34.25746],
          [-115.52963, 34.27544],
          [-115.52278, 34.28314],
          [-115.50678, 34.30111],
          [-115.49993, 34.30881],
          [-115.50404, 34.33108],
          [-115.48803, 34.34905],
          [-115.48117, 34.35675],
          [-115.48528, 34.37902],
          [-115.49461, 34.38468],
          [-115.51638, 34.39789],
          [-115.52049, 34.42016],
          [-115.52982, 34.42582],
          [-115.55161, 34.43902],
          [-115.56094, 34.44468],
          [-115.58273, 34.45788],
          [-115.59207, 34.46354],
          [-115.61386, 34.47673],
          [-115.62321, 34.48239],
          [-115.65021, 34.47897],
          [-115.67721, 34.47555],
          [-115.69902, 34.48874],
          [-115.70836, 34.49439],
          [-115.73537, 34.49096],
          [-115.76237, 34.48753],
          [-115.78419, 34.5007],
          [-115.79354, 34.50634],
          [-115.82054, 34.5029],
          [-115.84237, 34.51606],
          [-115.84656, 34.53831],
          [-115.85075, 34.56056],
          [-115.86011, 34.5662],
          [-115.88195, 34.57936],
          [-115.88615, 34.6016],
          [-115.89035, 34.62385],
          [-115.89455, 34.64609],
          [-115.89875, 34.66833],
          [-115.90295, 34.69056],
          [-115.90715, 34.7128],
          [-115.91136, 34.73504],
          [-115.91557, 34.75727],
          [-115.91978, 34.7795],
          [-115.92399, 34.80173],
          [-115.9282, 34.82396],
          [-115.93241, 34.84619],
          [-115.93663, 34.86841],
          [-115.94085, 34.89063],
          [-115.94507, 34.91286],
          [-115.94929, 34.93508],
          [-115.95351, 34.95729],
          [-115.96291, 34.96292],
          [-115.98485, 34.97605],
          [-115.98908, 34.99826],
          [-115.99331, 35.02047],
          [-115.99754, 35.04268],
          [-116.00178, 35.06489],
          [-116.00602, 35.0871],
          [-116.01026, 35.10931],
          [-115.99422, 35.12728],
          [-115.98735, 35.13498],
          [-115.99159, 35.15718],
          [-115.97554, 35.17515],
          [-115.96867, 35.18285],
          [-115.9729, 35.20505],
          [-115.95685, 35.22301],
          [-115.94996, 35.2307],
          [-115.9542, 35.2529],
          [-115.93813, 35.27086],
          [-115.93125, 35.27855],
          [-115.91518, 35.29651],
          [-115.90829, 35.3042],
          [-115.89221, 35.32215],
          [-115.88531, 35.32984],
          [-115.86923, 35.34779],
          [-115.86233, 35.35548],
          [-115.86655, 35.37767],
          [-115.85045, 35.39561],
          [-115.84355, 35.40329],
          [-115.84777, 35.42548],
          [-115.83167, 35.44342],
          [-115.82476, 35.4511],
          [-115.80865, 35.46904],
          [-115.80174, 35.47672],
          [-115.78562, 35.49465],
          [-115.77871, 35.50233],
          [-115.78292, 35.52451],
          [-115.76678, 35.54244],
          [-115.75987, 35.55012],
          [-115.74373, 35.56804],
          [-115.73681, 35.57572],
          [-115.74101, 35.59789],
          [-115.72487, 35.61581],
          [-115.71794, 35.62348],
          [-115.72214, 35.64566],
          [-115.70599, 35.66357],
          [-115.69906, 35.67124],
          [-115.68289, 35.68915],
          [-115.67596, 35.69682],
          [-115.65979, 35.71473],
          [-115.65285, 35.7224],
          [-115.63667, 35.7403],
          [-115.62973, 35.74797],
          [-115.63392, 35.77013],
          [-115.61773, 35.78803],
          [-115.61079, 35.7957],
          [-115.59459, 35.81359],
          [-115.58764, 35.82125],
          [-115.57144, 35.83914],
          [-115.56449, 35.8468],
          [-115.54827, 35.86469],
          [-115.54132, 35.87235],
          [-115.5251, 35.89023],
          [-115.49775, 35.89361],
          [-115.49079, 35.90127],
          [-115.49496, 35.92342],
          [-115.47872, 35.94129],
          [-115.47176, 35.94895],
          [-115.45552, 35.96682],
          [-115.44855, 35.97448],
          [-115.4323, 35.99234],
          [-115.42533, 35.99999],
          [-115.40907, 36.01785],
          [-115.38169, 36.02121],
          [-115.37471, 36.02886],
          [-115.35844, 36.04672],
          [-115.33104, 36.05007],
          [-115.32407, 36.05772],
          [-115.30778, 36.07556],
          [-115.28038, 36.0789],
          [-115.27339, 36.08655],
          [-115.25709, 36.10439],
          [-115.25011, 36.11203],
          [-115.2338, 36.12987],
          [-115.22681, 36.13751],
          [-115.2105, 36.15534],
          [-115.20351, 36.16298],
          [-115.20763, 36.18513],
          [-115.21175, 36.20727],
          [-115.19542, 36.22509],
          [-115.18842, 36.23273],
          [-115.19254, 36.25487],
          [-115.1762, 36.27269],
          [-115.1692, 36.28033],
          [-115.15286, 36.29814],
          [-115.14585, 36.30578],
          [-115.14996, 36.32791],
          [-115.15408, 36.35004],
          [-115.1582, 36.37217],
          [-115.14184, 36.38998],
          [-115.13482, 36.39762],
          [-115.13894, 36.41974],
          [-115.14305, 36.44187],
          [-115.12668, 36.45967],
          [-115.11966, 36.4673],
          [-115.12378, 36.48942],
          [-115.10739, 36.50722],
          [-115.10037, 36.51485],
          [-115.08398, 36.53264],
          [-115.07695, 36.54027],
          [-115.08106, 36.56238],
          [-115.06466, 36.58017],
          [-115.05763, 36.58779],
          [-115.04122, 36.60558],
          [-115.01368, 36.60887],
          [-115.00664, 36.61649],
          [-114.99022, 36.63427],
          [-114.96266, 36.63755],
          [-114.95562, 36.64517],
          [-114.93919, 36.66294],
          [-114.91704, 36.64975],
          [-114.90755, 36.6441],
          [-114.87999, 36.64737],
          [-114.85243, 36.65063],
          [-114.84538, 36.65825],
          [-114.84944, 36.68036],
          [-114.85351, 36.70247],
          [-114.83705, 36.72023],
          [-114.82999, 36.72783],
          [-114.83406, 36.74994],
          [-114.83812, 36.77205],
          [-114.84219, 36.79415],
          [-114.82572, 36.8119],
          [-114.81865, 36.81951],
          [-114.82272, 36.8416],
          [-114.82679, 36.8637],
          [-114.83086, 36.8858],
          [-114.83493, 36.90789],
          [-114.81843, 36.92563],
          [-114.81136, 36.93323],
          [-114.81543, 36.95532],
          [-114.8195, 36.97741],
          [-114.82357, 36.9995],
          [-114.82765, 37.02158],
          [-114.83172, 37.04366],
          [-114.81521, 37.06139],
          [-114.80813, 37.06899],
          [-114.8122, 37.09107],
          [-114.81628, 37.11315],
          [-114.82035, 37.13522],
          [-114.80382, 37.15294],
          [-114.79674, 37.16054],
          [-114.80081, 37.18261],
          [-114.78427, 37.20033],
          [-114.77718, 37.20792],
          [-114.76063, 37.22564],
          [-114.75354, 37.23323],
          [-114.73698, 37.25094],
          [-114.72988, 37.25853],
          [-114.71332, 37.27624],
          [-114.70622, 37.28382],
          [-114.68965, 37.30153],
          [-114.68254, 37.30911],
          [-114.66596, 37.32681],
          [-114.63822, 37.33003],
          [-114.61048, 37.33325],
          [-114.60337, 37.34083],
          [-114.58677, 37.35852],
          [-114.55902, 37.36173],
          [-114.53126, 37.36493],
          [-114.50351, 37.36813],
          [-114.47575, 37.37132],
          [-114.46863, 37.37889],
          [-114.452, 37.39657],
          [-114.42423, 37.39975],
          [-114.41711, 37.40732],
          [-114.40047, 37.42499],
          [-114.39334, 37.43256],
          [-114.37669, 37.45022],
          [-114.36955, 37.45779],
          [-114.37355, 37.47984],
          [-114.3569, 37.4975],
          [-114.3291, 37.50067],
          [-114.32196, 37.50823],
          [-114.30529, 37.52588],
          [-114.29814, 37.53345],
          [-114.28147, 37.55109],
          [-114.27432, 37.55865],
          [-114.25763, 37.57629],
          [-114.25048, 37.58385],
          [-114.23379, 37.60149],
          [-114.20596, 37.60464],
          [-114.1988, 37.61219],
          [-114.1821, 37.62982],
          [-114.17494, 37.63738],
          [-114.15822, 37.655],
          [-114.15106, 37.66256],
          [-114.13434, 37.68018],
          [-114.12717, 37.68773],
          [-114.11044, 37.70535],
          [-114.08258, 37.70847],
          [-114.07541, 37.71602],
          [-114.05867, 37.73363],
          [-114.0308, 37.73675],
          [-114.02362, 37.74429],
          [-114.00687, 37.7619],
          [-113.97899, 37.765],
          [-113.97181, 37.77254],
          [-113.95504, 37.79014],
          [-113.92716, 37.79324],
          [-113.89928, 37.79633],
          [-113.89208, 37.80387],
          [-113.8753, 37.82146],
          [-113.8474, 37.82454],
          [-113.81951, 37.82762],
          [-113.79161, 37.8307],
          [-113.76371, 37.83377],
          [-113.73581, 37.83684],
          [-113.72861, 37.84437],
          [-113.71179, 37.86193],
          [-113.68388, 37.86499],
          [-113.67667, 37.87252],
          [-113.65984, 37.89008],
          [-113.65262, 37.8976],
          [-113.63578, 37.91516],
          [-113.60786, 37.9182],
          [-113.57993, 37.92124],
          [-113.57271, 37.92876],
          [-113.55585, 37.94631],
          [-113.54862, 37.95383],
          [-113.53176, 37.97137],
          [-113.50381, 37.9744],
          [-113.49658, 37.98191],
          [-113.4797, 37.99945],
          [-113.47247, 38.00696],
          [-113.45558, 38.02449],
          [-113.44834, 38.032],
          [-113.43145, 38.04953],
          [-113.40348, 38.05254],
          [-113.39624, 38.06004],
          [-113.37933, 38.07756],
          [-113.35136, 38.08056],
          [-113.34411, 38.08807],
          [-113.32718, 38.10558],
          [-113.2992, 38.10857],
          [-113.29195, 38.11608],
          [-113.27501, 38.13358],
          [-113.24702, 38.13656],
          [-113.21903, 38.13954],
          [-113.21176, 38.14704],
          [-113.19481, 38.16453],
          [-113.16681, 38.1675],
          [-113.15954, 38.175],
          [-113.14258, 38.19248],
          [-113.11456, 38.19545],
          [-113.10729, 38.20294],
          [-113.09031, 38.22042],
          [-113.06229, 38.22337],
          [-113.03427, 38.22632],
          [-113.00625, 38.22926],
          [-112.99896, 38.23675],
          [-112.98196, 38.25421],
          [-112.95393, 38.25715],
          [-112.9259, 38.26008],
          [-112.89786, 38.263],
          [-112.86983, 38.26592],
          [-112.86253, 38.2734],
          [-112.8455, 38.29085],
          [-112.81746, 38.29376],
          [-112.78941, 38.29667],
          [-112.76136, 38.29957],
          [-112.73331, 38.30247],
          [-112.70526, 38.30537],
          [-112.67721, 38.30825],
          [-112.64915, 38.31114],
          [-112.6211, 38.31402],
          [-112.59304, 38.31689],
          [-112.56498, 38.31976],
          [-112.55766, 38.32723],
          [-112.54057, 38.34464],
          [-112.5125, 38.34751],
          [-112.48443, 38.35036],
          [-112.45636, 38.35321],
          [-112.42829, 38.35606],
          [-112.4061, 38.34264],
          [-112.3966, 38.33689],
          [-112.36853, 38.33973],
          [-112.34045, 38.34256],
          [-112.31828, 38.32913],
          [-112.30878, 38.32337],
          [-112.28661, 38.30994],
          [-112.27711, 38.30418],
          [-112.24905, 38.307],
          [-112.22098, 38.30981],
          [-112.19292, 38.31262],
          [-112.16485, 38.31543],
          [-112.13678, 38.31823],
          [-112.10871, 38.32102],
          [-112.08064, 38.32382],
          [-112.05256, 38.3266],
          [-112.02448, 38.32939],
          [-112.01712, 38.33683],
          [-112, 38.35414]
        ]
      }
    },
    {
      "type": "Feature",
      "id": "2026090612_f162_14000_001",
      "properties": {
        "product_id": "winter_storm_levels",
        "source_id": "nbm_snow_level",
        "parameter": "snow_level",
        "definition": "height of the wet-bulb 0.5 degree C surface",
        "level_ft_msl": 14000,
        "label": "14,000 ft MSL",
        "unit": "ft_msl",
        "cycle_time_utc": "2026-09-06T12:00:00Z",
        "valid_time_utc": "2026-09-13T06:00:00Z",
        "lead_hours": 162,
        "segment": 1,
        "length_m": 783053.5
      },
      "geometry": {
        "type": "LineString",
        "coordinates": [
          [-113.64719, 30.0861],
          [-113.6462, 30.08723],
          [-113.63723, 30.09749],
          [-113.64083, 30.12003],
          [-113.62736, 30.13542],
          [-113.61838, 30.14568],
          [-113.60491, 30.16106],
          [-113.59592, 30.17132],
          [-113.59952, 30.19385],
          [-113.58604, 30.20923],
          [-113.57705, 30.21949],
          [-113.58064, 30.24202],
          [-113.56715, 30.2574],
          [-113.55815, 30.26765],
          [-113.56175, 30.29018],
          [-113.56534, 30.31271],
          [-113.56894, 30.33523],
          [-113.55544, 30.35061],
          [-113.54643, 30.36086],
          [-113.55003, 30.38339],
          [-113.55362, 30.40591],
          [-113.54011, 30.42129],
          [-113.5311, 30.43154],
          [-113.53469, 30.45406],
          [-113.53829, 30.47658],
          [-113.54188, 30.4991],
          [-113.54548, 30.52162],
          [-113.54908, 30.54414],
          [-113.55268, 30.56666],
          [-113.55628, 30.58918],
          [-113.55989, 30.61169],
          [-113.56349, 30.63421],
          [-113.5671, 30.65672],
          [-113.57071, 30.67923],
          [-113.57431, 30.70175],
          [-113.57792, 30.72426],
          [-113.58154, 30.74677],
          [-113.58515, 30.76928],
          [-113.58876, 30.79178],
          [-113.59238, 30.81429],
          [-113.596, 30.8368],
          [-113.59962, 30.8593],
          [-113.58606, 30.87467],
          [-113.57701, 30.88491],
          [-113.58063, 30.90742],
          [-113.58425, 30.92992],
          [-113.58787, 30.95242],
          [-113.59149, 30.97492],
          [-113.59511, 30.99742],
          [-113.58153, 31.01278],
          [-113.57248, 31.02302],
          [-113.5761, 31.04552],
          [-113.56252, 31.06088],
          [-113.55346, 31.07112],
          [-113.53987, 31.08647],
          [-113.5308, 31.09671],
          [-113.51721, 31.11206],
          [-113.50814, 31.1223],
          [-113.49454, 31.13765],
          [-113.48547, 31.14788],
          [-113.47186, 31.16323],
          [-113.46279, 31.17346],
          [-113.46639, 31.19595],
          [-113.45277, 31.2113],
          [-113.44369, 31.22153],
          [-113.44729, 31.24402],
          [-113.43367, 31.25936],
          [-113.42458, 31.26959],
          [-113.41095, 31.28493],
          [-113.40186, 31.29515],
          [-113.38823, 31.31049],
          [-113.37913, 31.32071],
          [-113.38272, 31.3432],
          [-113.36908, 31.35854],
          [-113.35998, 31.36876],
          [-113.36357, 31.39124],
          [-113.36716, 31.41373],
          [-113.37075, 31.43622],
          [-113.37435, 31.4587],
          [-113.37794, 31.48118],
          [-113.38993, 31.48895],
          [-113.40791, 31.5006],
          [-113.41151, 31.52308],
          [-113.41511, 31.54556],
          [-113.42711, 31.55332],
          [-113.4451, 31.56496],
          [-113.44871, 31.58744],
          [-113.45232, 31.60991],
          [-113.45594, 31.63239],
          [-113.45956, 31.65486],
          [-113.47156, 31.66262],
          [-113.48958, 31.67425],
          [-113.50159, 31.682],
          [-113.51961, 31.69363],
          [-113.52324, 31.7161],
          [-113.52687, 31.73857],
          [-113.53051, 31.76104],
          [-113.53414, 31.7835],
          [-113.53778, 31.80597],
          [-113.54142, 31.82843],
          [-113.54506, 31.85089],
          [-113.5487, 31.87335],
          [-113.53501, 31.88868],
          [-113.52588, 31.8989],
          [-113.52952, 31.92136],
          [-113.53316, 31.94382],
          [-113.51947, 31.95915],
          [-113.51033, 31.96936],
          [-113.51397, 31.99182],
          [-113.50027, 32.00714],
          [-113.49113, 32.01736],
          [-113.47742, 32.03268],
          [-113.46827, 32.04289],
          [-113.47191, 32.06534],
          [-113.45819, 32.08066],
          [-113.44904, 32.09087],
          [-113.45267, 32.11332],
          [-113.4563, 32.13577],
          [-113.44257, 32.15109],
          [-113.43341, 32.1613],
          [-113.41968, 32.17661],
          [-113.41052, 32.18681],
          [-113.41414, 32.20926],
          [-113.4004, 32.22457],
          [-113.39124, 32.23477],
          [-113.39486, 32.25722],
          [-113.38111, 32.27252],
          [-113.37194, 32.28272],
          [-113.37556, 32.30517],
          [-113.3618, 32.32047],
          [-113.35262, 32.33067],
          [-113.35624, 32.35311],
          [-113.34247, 32.36841],
          [-113.33329, 32.3786],
          [-113.3369, 32.40104],
          [-113.34052, 32.42348],
          [-113.32674, 32.43877],
          [-113.31755, 32.44897],
          [-113.32117, 32.4714],
          [-113.30738, 32.48669],
          [-113.29819, 32.49689],
          [-113.3018, 32.51932],
          [-113.288, 32.53461],
          [-113.2788, 32.5448],
          [-113.265, 32.56008],
          [-113.2558, 32.57027],
          [-113.24199, 32.58555],
          [-113.23278, 32.59574],
          [-113.21897, 32.61101],
          [-113.20975, 32.6212],
          [-113.19593, 32.63647],
          [-113.18672, 32.64666],
          [-113.19031, 32.66909],
          [-113.17648, 32.68436],
          [-113.16726, 32.69454],
          [-113.17086, 32.71696],
          [-113.15702, 32.73223],
          [-113.14779, 32.74241],
          [-113.15138, 32.76483],
          [-113.15497, 32.78725],
          [-113.14113, 32.80252],
          [-113.13189, 32.81269],
          [-113.13548, 32.83511],
          [-113.13907, 32.85753],
          [-113.14267, 32.87995],
          [-113.1288, 32.89521],
          [-113.11956, 32.90538],
          [-113.12315, 32.9278],
          [-113.10928, 32.94305],
          [-113.10003, 32.95322],
          [-113.10362, 32.97564],
          [-113.10721, 32.99805],
          [-113.1108, 33.02046],
          [-113.11439, 33.04287],
          [-113.11799, 33.06527],
          [-113.1041, 33.08052],
          [-113.09484, 33.09069],
          [-113.09843, 33.1131],
          [-113.10203, 33.1355],
          [-113.10562, 33.1579],
          [-113.10922, 33.1803],
          [-113.11281, 33.2027],
          [-113.11641, 33.2251],
          [-113.12001, 33.2475],
          [-113.12361, 33.26989],
          [-113.13577, 33.27765],
          [-113.154, 33.28927],
          [-113.15761, 33.31166],
          [-113.16122, 33.33405],
          [-113.16484, 33.35644],
          [-113.16845, 33.37883],
          [-113.17207, 33.40122],
          [-113.15814, 33.41646],
          [-113.14886, 33.42662],
          [-113.15247, 33.449],
          [-113.15609, 33.47139],
          [-113.1597, 33.49377],
          [-113.16332, 33.51615],
          [-113.16694, 33.53853],
          [-113.153, 33.55376],
          [-113.14371, 33.56392],
          [-113.14732, 33.58629],
          [-113.15094, 33.60867],
          [-113.13699, 33.6239],
          [-113.12769, 33.63405],
          [-113.1313, 33.65642],
          [-113.13492, 33.6788],
          [-113.12096, 33.69402],
          [-113.11165, 33.70417],
          [-113.11527, 33.72654],
          [-113.1013, 33.74176],
          [-113.09198, 33.75191],
          [-113.09559, 33.77428],
          [-113.08162, 33.7895],
          [-113.0723, 33.79964],
          [-113.07591, 33.82201],
          [-113.06192, 33.83722],
          [-113.05259, 33.84736],
          [-113.0386, 33.86258],
          [-113.02927, 33.87272],
          [-113.03287, 33.89508],
          [-113.01887, 33.91029],
          [-113.00954, 33.92042],
          [-112.99553, 33.93563],
          [-112.98619, 33.94577],
          [-112.97218, 33.96097],
          [-112.96283, 33.9711],
          [-112.96643, 33.99346],
          [-112.9524, 34.00866],
          [-112.94305, 34.01879],
          [-112.92902, 34.03398],
          [-112.91967, 34.04411],
          [-112.92326, 34.06646],
          [-112.92685, 34.08881],
          [-112.93044, 34.11116],
          [-112.93403, 34.13351],
          [-112.91998, 34.1487],
          [-112.91062, 34.15882],
          [-112.89657, 34.17401],
          [-112.8872, 34.18413],
          [-112.87314, 34.19932],
          [-112.86377, 34.20944],
          [-112.86735, 34.23178],
          [-112.85328, 34.24696],
          [-112.8439, 34.25708],
          [-112.82983, 34.27226],
          [-112.82045, 34.28237],
          [-112.80637, 34.29755],
          [-112.79698, 34.30766],
          [-112.7829, 34.32283],
          [-112.77351, 34.33295],
          [-112.75942, 34.34811],
          [-112.75002, 34.35822],
          [-112.75358, 34.38056],
          [-112.73948, 34.39572],
          [-112.73008, 34.40583],
          [-112.71598, 34.42099],
          [-112.70657, 34.43109],
          [-112.69246, 34.44625],
          [-112.68305, 34.45636],
          [-112.6866, 34.47868],
          [-112.69016, 34.50101],
          [-112.67603, 34.51616],
          [-112.66661, 34.52626],
          [-112.67017, 34.54859],
          [-112.67372, 34.57091],
          [-112.67727, 34.59323],
          [-112.68083, 34.61555],
          [-112.68439, 34.63787],
          [-112.68795, 34.66018],
          [-112.69151, 34.6825],
          [-112.70379, 34.69025],
          [-112.72221, 34.70188],
          [-112.72578, 34.72419],
          [-112.72935, 34.7465],
          [-112.73292, 34.76881],
          [-112.73649, 34.79111],
          [-112.74007, 34.81342],
          [-112.74364, 34.83572],
          [-112.75594, 34.84347],
          [-112.7744, 34.85508],
          [-112.77798, 34.87738],
          [-112.78156, 34.89968],
          [-112.78515, 34.92197],
          [-112.78874, 34.94427],
          [-112.79233, 34.96656],
          [-112.79592, 34.98885],
          [-112.79951, 35.01114],
          [-112.78534, 35.02628],
          [-112.77589, 35.03637],
          [-112.77948, 35.05865],
          [-112.78307, 35.08094],
          [-112.76889, 35.09607],
          [-112.75943, 35.10616],
          [-112.76302, 35.12844],
          [-112.76661, 35.15072],
          [-112.7702, 35.173],
          [-112.756, 35.18812],
          [-112.74653, 35.19821],
          [-112.75012, 35.22048],
          [-112.75372, 35.24276],
          [-112.75731, 35.26503],
          [-112.7431, 35.28015],
          [-112.73362, 35.29023],
          [-112.73721, 35.3125],
          [-112.72299, 35.32762],
          [-112.71351, 35.33769],
          [-112.69928, 35.35281],
          [-112.68979, 35.36288],
          [-112.69338, 35.38515],
          [-112.69696, 35.40741],
          [-112.68272, 35.42252],
          [-112.67323, 35.43259],
          [-112.65898, 35.44769],
          [-112.64949, 35.45776],
          [-112.65306, 35.48002],
          [-112.63881, 35.49512],
          [-112.62931, 35.50519],
          [-112.61505, 35.52029],
          [-112.60554, 35.53035],
          [-112.59127, 35.54545],
          [-112.58176, 35.55551],
          [-112.56748, 35.5706],
          [-112.55797, 35.58066],
          [-112.54369, 35.59575],
          [-112.53417, 35.60581],
          [-112.53773, 35.62806],
          [-112.52344, 35.64314],
          [-112.51391, 35.6532],
          [-112.49961, 35.66828],
          [-112.49008, 35.67833],
          [-112.47578, 35.69341],
          [-112.46624, 35.70346],
          [-112.46979, 35.7257],
          [-112.45548, 35.74077],
          [-112.44594, 35.75082],
          [-112.43162, 35.76589],
          [-112.42208, 35.77594],
          [-112.40775, 35.791],
          [-112.3982, 35.80105],
          [-112.40174, 35.82328],
          [-112.38741, 35.83835],
          [-112.37785, 35.84839],
          [-112.36351, 35.86345],
          [-112.35395, 35.87348],
          [-112.3396, 35.88854],
          [-112.31216, 35.8914],
          [-112.30259, 35.90143],
          [-112.28824, 35.91648],
          [-112.27866, 35.92651],
          [-112.2643, 35.94156],
          [-112.23684, 35.9444],
          [-112.22726, 35.95443],
          [-112.21289, 35.96947],
          [-112.20331, 35.9795],
          [-112.18893, 35.99454],
          [-112.16145, 35.99737],
          [-112.15186, 36.00739],
          [-112.13747, 36.02242],
          [-112.12787, 36.03244],
          [-112.11348, 36.04747],
          [-112.10388, 36.05748],
          [-112.10736, 36.07971],
          [-112.11085, 36.10193],
          [-112.11434, 36.12415],
          [-112.11783, 36.14636],
          [-112.12133, 36.16858],
          [-112.10691, 36.1836],
          [-112.0973, 36.19361],
          [-112.08288, 36.20863],
          [-112.07326, 36.21864],
          [-112.05883, 36.23365],
          [-112.04921, 36.24366],
          [-112.03477, 36.25867],
          [-112.00723, 36.26147],
          [-112, 36.26221]
        ]
      }
    }
  ]
}

