{
  "type": "FeatureCollection",
  "contract_version": "1.0.0",
  "bbox": [-130, 30.07224, -112, 44.5],
  "features": [
    {
      "type": "Feature",
      "id": "2026091106_f126_09000_001",
      "properties": {
        "product_id": "winter_storm_levels",
        "source_id": "nbm_snow_level",
        "parameter": "snow_level",
        "definition": "height of the wet-bulb 0.5 degree C surface",
        "level_ft_msl": 9000,
        "label": "9,000 ft MSL",
        "unit": "ft_msl",
        "cycle_time_utc": "2026-09-11T06:00:00Z",
        "valid_time_utc": "2026-09-16T12:00:00Z",
        "lead_hours": 126,
        "segment": 1,
        "length_m": 2628052.6
      },
      "geometry": {
        "type": "LineString",
        "coordinates": [
          [-130, 34.44216],
          [-129.98829, 34.44471],
          [-129.96188, 34.45045],
          [-129.93547, 34.4562],
          [-129.90906, 34.46193],
          [-129.88265, 34.46767],
          [-129.85623, 34.47339],
          [-129.82981, 34.47912],
          [-129.80339, 34.48484],
          [-129.77696, 34.49055],
          [-129.75053, 34.49626],
          [-129.7241, 34.50197],
          [-129.69767, 34.50767],
          [-129.67123, 34.51337],
          [-129.64479, 34.51906],
          [-129.61835, 34.52475],
          [-129.59191, 34.53044],
          [-129.56546, 34.53612],
          [-129.54129, 34.52444],
          [-129.53213, 34.52001],
          [-129.50568, 34.52568],
          [-129.48152, 34.51399],
          [-129.47235, 34.50955],
          [-129.4459, 34.51521],
          [-129.41945, 34.52087],
          [-129.393, 34.52652],
          [-129.36885, 34.51482],
          [-129.35969, 34.51038],
          [-129.33324, 34.51602],
          [-129.3091, 34.5043],
          [-129.29994, 34.49986],
          [-129.27349, 34.50549],
          [-129.24935, 34.49377],
          [-129.2402, 34.48932],
          [-129.21375, 34.49494],
          [-129.18729, 34.50057],
          [-129.16317, 34.48883],
          [-129.15402, 34.48437],
          [-129.12756, 34.48999],
          [-129.1011, 34.49559],
          [-129.07463, 34.50119],
          [-129.04817, 34.50679],
          [-129.0217, 34.51239],
          [-128.99523, 34.51797],
          [-128.96875, 34.52356],
          [-128.94228, 34.52914],
          [-128.9158, 34.53472],
          [-128.8917, 34.52294],
          [-128.88256, 34.51847],
          [-128.87713, 34.526],
          [-128.86283, 34.54586],
          [-128.83873, 34.53407],
          [-128.82959, 34.5296],
          [-128.80311, 34.53516],
          [-128.77662, 34.54071],
          [-128.75013, 34.54626],
          [-128.72604, 34.53446],
          [-128.71691, 34.52999],
          [-128.69042, 34.53553],
          [-128.66393, 34.54106],
          [-128.63743, 34.54659],
          [-128.61336, 34.53478],
          [-128.60422, 34.53029],
          [-128.57773, 34.53581],
          [-128.55123, 34.54133],
          [-128.52473, 34.54684],
          [-128.50067, 34.53501],
          [-128.49154, 34.53052],
          [-128.46504, 34.53603],
          [-128.43853, 34.54152],
          [-128.41203, 34.54702],
          [-128.38552, 34.55251],
          [-128.36147, 34.54066],
          [-128.35235, 34.53616],
          [-128.32584, 34.54164],
          [-128.29932, 34.54712],
          [-128.27281, 34.55259],
          [-128.24877, 34.54072],
          [-128.23965, 34.53622],
          [-128.21314, 34.54168],
          [-128.18662, 34.54714],
          [-128.16259, 34.53526],
          [-128.15348, 34.53075],
          [-128.12696, 34.5362],
          [-128.10294, 34.5243],
          [-128.09383, 34.51979],
          [-128.06732, 34.52523],
          [-128.04079, 34.53067],
          [-128.01679, 34.51876],
          [-128.00768, 34.51425],
          [-127.98116, 34.51967],
          [-127.95464, 34.5251],
          [-127.93064, 34.51318],
          [-127.92154, 34.50866],
          [-127.89501, 34.51407],
          [-127.86848, 34.51948],
          [-127.8445, 34.50755],
          [-127.8354, 34.50302],
          [-127.80887, 34.50842],
          [-127.78234, 34.51381],
          [-127.75581, 34.5192],
          [-127.72928, 34.52459],
          [-127.70274, 34.52997],
          [-127.6762, 34.53534],
          [-127.64965, 34.54072],
          [-127.62311, 34.54608],
          [-127.59656, 34.55145],
          [-127.57001, 34.55681],
          [-127.54346, 34.56216],
          [-127.5169, 34.56751],
          [-127.51138, 34.575],
          [-127.49683, 34.59473],
          [-127.47027, 34.60007],
          [-127.4437, 34.60541],
          [-127.43818, 34.61289],
          [-127.42361, 34.63261],
          [-127.39703, 34.63794],
          [-127.37045, 34.64326],
          [-127.36492, 34.65074],
          [-127.35033, 34.67045],
          [-127.32374, 34.67577],
          [-127.29715, 34.68108],
          [-127.27055, 34.68639],
          [-127.26501, 34.69386],
          [-127.25041, 34.71357],
          [-127.2238, 34.71887],
          [-127.19719, 34.72416],
          [-127.17058, 34.72945],
          [-127.14397, 34.73474],
          [-127.11735, 34.74002],
          [-127.1118, 34.74749],
          [-127.09716, 34.76717],
          [-127.07053, 34.77245],
          [-127.0439, 34.77772],
          [-127.01727, 34.78299],
          [-127.01171, 34.79045],
          [-126.99704, 34.81012],
          [-126.9704, 34.81538],
          [-126.94376, 34.82063],
          [-126.91711, 34.82588],
          [-126.89047, 34.83113],
          [-126.86382, 34.83637],
          [-126.83716, 34.8416],
          [-126.81051, 34.84683],
          [-126.78385, 34.85206],
          [-126.75719, 34.85728],
          [-126.73052, 34.8625],
          [-126.70659, 34.85042],
          [-126.69751, 34.84584],
          [-126.69192, 34.85329],
          [-126.67719, 34.87293],
          [-126.65052, 34.87813],
          [-126.62385, 34.88333],
          [-126.59717, 34.88853],
          [-126.59157, 34.89598],
          [-126.57682, 34.9156],
          [-126.55013, 34.92079],
          [-126.52345, 34.92598],
          [-126.49676, 34.93116],
          [-126.47006, 34.93633],
          [-126.44337, 34.9415],
          [-126.41667, 34.94667],
          [-126.38997, 34.95183],
          [-126.36327, 34.95699],
          [-126.33656, 34.96214],
          [-126.33094, 34.96958],
          [-126.31613, 34.98918],
          [-126.28942, 34.99432],
          [-126.2838, 35.00176],
          [-126.26897, 35.02135],
          [-126.26335, 35.02878],
          [-126.24852, 35.04837],
          [-126.22179, 35.05351],
          [-126.19505, 35.05863],
          [-126.16831, 35.06376],
          [-126.14157, 35.06888],
          [-126.13594, 35.0763],
          [-126.12108, 35.09588],
          [-126.09433, 35.10099],
          [-126.06758, 35.1061],
          [-126.06194, 35.11352],
          [-126.04706, 35.13309],
          [-126.0203, 35.13819],
          [-126.01465, 35.14561],
          [-125.99976, 35.16517],
          [-125.99411, 35.17259],
          [-125.97921, 35.19215],
          [-125.95243, 35.19723],
          [-125.94678, 35.20465],
          [-125.93187, 35.2242],
          [-125.90508, 35.22928],
          [-125.89942, 35.23669],
          [-125.8845, 35.25624],
          [-125.8577, 35.26131],
          [-125.85204, 35.26872],
          [-125.8371, 35.28826],
          [-125.81029, 35.29332],
          [-125.80462, 35.30073],
          [-125.78968, 35.32026],
          [-125.76286, 35.32532],
          [-125.75718, 35.33273],
          [-125.74222, 35.35225],
          [-125.71539, 35.3573],
          [-125.70972, 35.3647],
          [-125.69474, 35.38422],
          [-125.6679, 35.38926],
          [-125.66222, 35.39666],
          [-125.64723, 35.41618],
          [-125.62038, 35.42121],
          [-125.6147, 35.42861],
          [-125.5997, 35.44811],
          [-125.57284, 35.45313],
          [-125.54598, 35.45815],
          [-125.51911, 35.46316],
          [-125.51342, 35.47056],
          [-125.49839, 35.49005],
          [-125.47152, 35.49506],
          [-125.46582, 35.50245],
          [-125.45078, 35.52194],
          [-125.4239, 35.52694],
          [-125.41819, 35.53433],
          [-125.40315, 35.55381],
          [-125.39744, 35.5612],
          [-125.38238, 35.58068],
          [-125.37667, 35.58806],
          [-125.36161, 35.60754],
          [-125.35589, 35.61492],
          [-125.34082, 35.63439],
          [-125.33511, 35.64178],
          [-125.32003, 35.66125],
          [-125.31431, 35.66863],
          [-125.29923, 35.68809],
          [-125.27229, 35.69306],
          [-125.26657, 35.70044],
          [-125.25147, 35.7199],
          [-125.24574, 35.72728],
          [-125.23064, 35.74673],
          [-125.22491, 35.75411],
          [-125.2098, 35.77356],
          [-125.20406, 35.78094],
          [-125.18895, 35.80038],
          [-125.16198, 35.80533],
          [-125.15624, 35.81271],
          [-125.14111, 35.83215],
          [-125.11414, 35.83709],
          [-125.10839, 35.84446],
          [-125.09325, 35.86389],
          [-125.0875, 35.87126],
          [-125.07235, 35.89069],
          [-125.04536, 35.89562],
          [-125.01837, 35.90055],
          [-125.01261, 35.90791],
          [-124.99744, 35.92733],
          [-124.97044, 35.93225],
          [-124.94343, 35.93716],
          [-124.93767, 35.94453],
          [-124.92248, 35.96394],
          [-124.89547, 35.96884],
          [-124.8897, 35.9762],
          [-124.8745, 35.9956],
          [-124.84748, 36.0005],
          [-124.84171, 36.00786],
          [-124.82649, 36.02726],
          [-124.79946, 36.03214],
          [-124.79368, 36.0395],
          [-124.77845, 36.05889],
          [-124.75141, 36.06377],
          [-124.74563, 36.07112],
          [-124.73039, 36.09051],
          [-124.70333, 36.09538],
          [-124.69755, 36.10273],
          [-124.68229, 36.12211],
          [-124.65523, 36.12697],
          [-124.62816, 36.13183],
          [-124.60109, 36.13668],
          [-124.57402, 36.14153],
          [-124.54694, 36.14637],
          [-124.54114, 36.15372],
          [-124.52586, 36.17308],
          [-124.52006, 36.18042],
          [-124.50476, 36.19978],
          [-124.47767, 36.20461],
          [-124.47186, 36.21195],
          [-124.45655, 36.2313],
          [-124.42945, 36.23612],
          [-124.40235, 36.24094],
          [-124.37524, 36.24576],
          [-124.36942, 36.25309],
          [-124.35409, 36.27243],
          [-124.32697, 36.27724],
          [-124.32115, 36.28457],
          [-124.30581, 36.3039],
          [-124.29999, 36.31123],
          [-124.28463, 36.33056],
          [-124.27881, 36.33789],
          [-124.26345, 36.35721],
          [-124.23631, 36.362],
          [-124.23048, 36.36933],
          [-124.2151, 36.38865],
          [-124.20927, 36.39597],
          [-124.19389, 36.41528],
          [-124.18806, 36.42261],
          [-124.17267, 36.44192],
          [-124.16683, 36.44924],
          [-124.15143, 36.46855],
          [-124.14559, 36.47587],
          [-124.15153, 36.49772],
          [-124.13612, 36.51702],
          [-124.13028, 36.52434],
          [-124.11486, 36.54364],
          [-124.08767, 36.5484],
          [-124.08182, 36.55572],
          [-124.06639, 36.57501],
          [-124.06054, 36.58232],
          [-124.06646, 36.60417],
          [-124.07239, 36.62601],
          [-124.07832, 36.64785],
          [-124.06288, 36.66714],
          [-124.05702, 36.67445],
          [-124.06295, 36.69629],
          [-124.06888, 36.71812],
          [-124.05343, 36.7374],
          [-124.04757, 36.74471],
          [-124.0535, 36.76654],
          [-124.03804, 36.78582],
          [-124.03217, 36.79312],
          [-124.0167, 36.81239],
          [-124.01083, 36.8197],
          [-123.99536, 36.83896],
          [-123.98949, 36.84627],
          [-123.974, 36.86553],
          [-123.96813, 36.87283],
          [-123.95264, 36.89209],
          [-123.94676, 36.89939],
          [-123.95268, 36.92122],
          [-123.93718, 36.94047],
          [-123.9313, 36.94777],
          [-123.91579, 36.96701],
          [-123.9099, 36.97431],
          [-123.89439, 36.99356],
          [-123.86707, 36.99828],
          [-123.86118, 37.00557],
          [-123.84565, 37.02481],
          [-123.83976, 37.03211],
          [-123.82422, 37.05134],
          [-123.81833, 37.05863],
          [-123.82423, 37.08045],
          [-123.80868, 37.09967],
          [-123.80278, 37.10697],
          [-123.78723, 37.12619],
          [-123.78133, 37.13348],
          [-123.76577, 37.1527],
          [-123.7384, 37.15739],
          [-123.71104, 37.16209],
          [-123.68367, 37.16677],
          [-123.6563, 37.17145],
          [-123.62892, 37.17613],
          [-123.60155, 37.18081],
          [-123.57417, 37.18547],
          [-123.55008, 37.17304],
          [-123.54094, 37.16832],
          [-123.53502, 37.17561],
          [-123.51941, 37.1948],
          [-123.51348, 37.20208],
          [-123.49786, 37.22127],
          [-123.47047, 37.22592],
          [-123.46454, 37.2332],
          [-123.44891, 37.25238],
          [-123.42151, 37.25702],
          [-123.41558, 37.2643],
          [-123.39993, 37.28347],
          [-123.37252, 37.28811],
          [-123.3451, 37.29274],
          [-123.32101, 37.28028],
          [-123.31187, 37.27555],
          [-123.28446, 37.28017],
          [-123.27851, 37.28744],
          [-123.26284, 37.3066],
          [-123.23542, 37.31121],
          [-123.20799, 37.31582],
          [-123.18391, 37.30334],
          [-123.17478, 37.29861],
          [-123.14735, 37.3032],
          [-123.11992, 37.3078],
          [-123.09249, 37.31239],
          [-123.06506, 37.31697],
          [-123.0591, 37.32423],
          [-123.06486, 37.34605],
          [-123.07399, 37.35079],
          [-123.09807, 37.36328],
          [-123.10384, 37.38509],
          [-123.08812, 37.40423],
          [-123.06067, 37.40881],
          [-123.0547, 37.41607],
          [-123.03897, 37.4352],
          [-123.01488, 37.4227],
          [-123.00574, 37.41796],
          [-122.98166, 37.40546],
          [-122.97592, 37.38365],
          [-122.96679, 37.3789],
          [-122.94272, 37.36639],
          [-122.93359, 37.36165],
          [-122.90953, 37.34913],
          [-122.90041, 37.34438],
          [-122.87296, 37.34894],
          [-122.86698, 37.35619],
          [-122.85123, 37.37531],
          [-122.84525, 37.38256],
          [-122.85097, 37.40438],
          [-122.85669, 37.42619],
          [-122.84093, 37.44531],
          [-122.83494, 37.45255],
          [-122.81917, 37.47166],
          [-122.81318, 37.47891],
          [-122.7974, 37.49801],
          [-122.79141, 37.50526],
          [-122.77562, 37.52436],
          [-122.74812, 37.52889],
          [-122.74212, 37.53613],
          [-122.72632, 37.55522],
          [-122.69881, 37.55974],
          [-122.69281, 37.56698],
          [-122.67699, 37.58607],
          [-122.67099, 37.59331],
          [-122.65516, 37.61239],
          [-122.64916, 37.61962],
          [-122.63332, 37.6387],
          [-122.60579, 37.64321],
          [-122.59978, 37.65044],
          [-122.58393, 37.66951],
          [-122.55639, 37.67401],
          [-122.55037, 37.68124],
          [-122.55605, 37.70304],
          [-122.54019, 37.7221],
          [-122.53417, 37.72933],
          [-122.53984, 37.75113],
          [-122.52397, 37.77019],
          [-122.4964, 37.77467],
          [-122.49037, 37.7819],
          [-122.47449, 37.80095],
          [-122.46846, 37.80817],
          [-122.45257, 37.82722],
          [-122.44654, 37.83444],
          [-122.43063, 37.85348],
          [-122.4246, 37.8607],
          [-122.40869, 37.87974],
          [-122.40266, 37.88696],
          [-122.38674, 37.90599],
          [-122.3807, 37.91321],
          [-122.36477, 37.93224],
          [-122.33715, 37.9367],
          [-122.30953, 37.94115],
          [-122.30348, 37.94836],
          [-122.28754, 37.96738],
          [-122.28149, 37.9746],
          [-122.26553, 37.99361],
          [-122.25948, 38.00082],
          [-122.24352, 38.01983],
          [-122.21587, 38.02427],
          [-122.18822, 38.0287],
          [-122.18216, 38.0359],
          [-122.18778, 38.05769],
          [-122.1718, 38.07669],
          [-122.16574, 38.08389],
          [-122.17136, 38.10567],
          [-122.17698, 38.12744],
          [-122.18261, 38.14922],
          [-122.16661, 38.16821],
          [-122.13892, 38.17263],
          [-122.11122, 38.17704],
          [-122.08353, 38.18145],
          [-122.05583, 38.18586],
          [-122.02813, 38.19026],
          [-122.00042, 38.19466],
          [-121.99434, 38.20185],
          [-121.9783, 38.22082],
          [-121.95059, 38.22521],
          [-121.92287, 38.2296],
          [-121.89516, 38.23397],
          [-121.86744, 38.23835],
          [-121.83971, 38.24272],
          [-121.81199, 38.24709],
          [-121.80589, 38.25427],
          [-121.78981, 38.27322],
          [-121.78371, 38.28041],
          [-121.76763, 38.29935],
          [-121.76152, 38.30653],
          [-121.74543, 38.32547],
          [-121.73932, 38.33266],
          [-121.72322, 38.35159],
          [-121.71711, 38.35877],
          [-121.701, 38.3777],
          [-121.69489, 38.38488],
          [-121.70043, 38.40665],
          [-121.70597, 38.42841],
          [-121.71152, 38.45017],
          [-121.71706, 38.47193],
          [-121.72261, 38.49368],
          [-121.72816, 38.51543],
          [-121.73372, 38.53718],
          [-121.71758, 38.5561],
          [-121.71146, 38.56328],
          [-121.71701, 38.58502],
          [-121.72257, 38.60677],
          [-121.72813, 38.62851],
          [-121.73369, 38.65025],
          [-121.73925, 38.67199],
          [-121.74481, 38.69372],
          [-121.72866, 38.71263],
          [-121.72253, 38.7198],
          [-121.72809, 38.74153],
          [-121.71193, 38.76043],
          [-121.70579, 38.76759],
          [-121.71135, 38.78932],
          [-121.69518, 38.80821],
          [-121.68904, 38.81538],
          [-121.6946, 38.8371],
          [-121.67842, 38.85599],
          [-121.67227, 38.86315],
          [-121.67783, 38.88487],
          [-121.6834, 38.90659],
          [-121.6672, 38.92547],
          [-121.66105, 38.93263],
          [-121.66661, 38.95434],
          [-121.67582, 38.95912],
          [-121.7001, 38.97172],
          [-121.70567, 38.99343],
          [-121.71125, 39.01513],
          [-121.72046, 39.01991],
          [-121.74476, 39.0325],
          [-121.75035, 39.0542],
          [-121.75957, 39.05897],
          [-121.78388, 39.07155],
          [-121.7931, 39.07632],
          [-121.82104, 39.07198],
          [-121.84899, 39.06763],
          [-121.87693, 39.06327],
          [-121.90486, 39.05891],
          [-121.9328, 39.05455],
          [-121.96073, 39.05018],
          [-121.98866, 39.0458],
          [-122.01659, 39.04142],
          [-122.04451, 39.03704],
          [-122.07244, 39.03265],
          [-122.10036, 39.02826],
          [-122.10648, 39.02109],
          [-122.12261, 39.00218],
          [-122.15053, 38.99778],
          [-122.15664, 38.9906],
          [-122.17276, 38.97168],
          [-122.17888, 38.9645],
          [-122.19499, 38.94558],
          [-122.22288, 38.94116],
          [-122.25077, 38.93675],
          [-122.27866, 38.93232],
          [-122.30655, 38.9279],
          [-122.33443, 38.92347],
          [-122.36231, 38.91903],
          [-122.39019, 38.91459],
          [-122.41807, 38.91014],
          [-122.44594, 38.90569],
          [-122.45203, 38.8985],
          [-122.46809, 38.87955],
          [-122.49595, 38.87509],
          [-122.52381, 38.87063],
          [-122.55167, 38.86616],
          [-122.57953, 38.86169],
          [-122.58561, 38.85449],
          [-122.60163, 38.83552],
          [-122.62948, 38.83104],
          [-122.65384, 38.84351],
          [-122.66308, 38.84825],
          [-122.69093, 38.84375],
          [-122.71878, 38.83926],
          [-122.74662, 38.83476],
          [-122.77446, 38.83026],
          [-122.8023, 38.82575],
          [-122.82668, 38.8382],
          [-122.83593, 38.84292],
          [-122.86032, 38.85536],
          [-122.86612, 38.87704],
          [-122.87538, 38.88176],
          [-122.89978, 38.8942],
          [-122.90559, 38.91588],
          [-122.91141, 38.93755],
          [-122.89543, 38.95654],
          [-122.88936, 38.96374],
          [-122.89863, 38.96846],
          [-122.9265, 38.96393],
          [-122.95436, 38.9594],
          [-122.98223, 38.95487],
          [-123.01009, 38.95033],
          [-123.03795, 38.94579],
          [-123.06238, 38.9582],
          [-123.07166, 38.9629],
          [-123.0961, 38.97531],
          [-123.10538, 38.98001],
          [-123.12983, 38.99241],
          [-123.13911, 38.99711],
          [-123.16357, 39.0095],
          [-123.17285, 39.0142],
          [-123.19732, 39.02659],
          [-123.2066, 39.03129],
          [-123.23108, 39.04367],
          [-123.23697, 39.06532],
          [-123.24286, 39.08697],
          [-123.24876, 39.10861],
          [-123.25805, 39.1133],
          [-123.28255, 39.12567],
          [-123.28846, 39.14731],
          [-123.29437, 39.16895],
          [-123.30028, 39.19058],
          [-123.30958, 39.19527],
          [-123.33411, 39.20763],
          [-123.34003, 39.22926],
          [-123.34595, 39.25088],
          [-123.35526, 39.25557],
          [-123.37981, 39.26792],
          [-123.38912, 39.2726],
          [-123.41368, 39.28494],
          [-123.42299, 39.28962],
          [-123.45092, 39.28502],
          [-123.47885, 39.28041],
          [-123.50678, 39.2758],
          [-123.53135, 39.28813],
          [-123.54067, 39.2928],
          [-123.56525, 39.30512],
          [-123.57457, 39.30979],
          [-123.59916, 39.32211],
          [-123.60848, 39.32678],
          [-123.63308, 39.33908],
          [-123.63907, 39.36069],
          [-123.64506, 39.38229],
          [-123.65439, 39.38696],
          [-123.67901, 39.39926],
          [-123.68501, 39.42085],
          [-123.69102, 39.44245],
          [-123.69703, 39.46404],
          [-123.70304, 39.48563],
          [-123.70905, 39.50722],
          [-123.71507, 39.5288],
          [-123.72109, 39.55038],
          [-123.72711, 39.57196],
          [-123.73313, 39.59354],
          [-123.73916, 39.61512],
          [-123.74518, 39.63669],
          [-123.75122, 39.65826],
          [-123.75725, 39.67983],
          [-123.76328, 39.70139],
          [-123.74734, 39.72039],
          [-123.74129, 39.7276],
          [-123.74732, 39.74916],
          [-123.75336, 39.77072],
          [-123.7594, 39.79227],
          [-123.76545, 39.81383],
          [-123.77149, 39.83538],
          [-123.77754, 39.85693],
          [-123.78359, 39.87847],
          [-123.78964, 39.90001],
          [-123.7957, 39.92155],
          [-123.80176, 39.94309],
          [-123.78578, 39.96207],
          [-123.77972, 39.96927],
          [-123.78578, 39.99081],
          [-123.79184, 40.01234],
          [-123.7979, 40.03387],
          [-123.80396, 40.05539],
          [-123.78797, 40.07436],
          [-123.7819, 40.08156],
          [-123.78797, 40.10308],
          [-123.79403, 40.1246],
          [-123.8001, 40.14611],
          [-123.80617, 40.16763],
          [-123.81225, 40.18914],
          [-123.81833, 40.21065],
          [-123.82441, 40.23215],
          [-123.83049, 40.25365],
          [-123.83657, 40.27516],
          [-123.84266, 40.29665],
          [-123.84875, 40.31815],
          [-123.85484, 40.33964],
          [-123.86094, 40.36113],
          [-123.86703, 40.38262],
          [-123.87313, 40.40411],
          [-123.87924, 40.42559],
          [-123.88867, 40.43022],
          [-123.91356, 40.44242],
          [-123.91968, 40.4639],
          [-123.92579, 40.48537],
          [-123.93191, 40.50684],
          [-123.94136, 40.51147],
          [-123.96627, 40.52366],
          [-123.9724, 40.54512],
          [-123.97853, 40.56659],
          [-123.98467, 40.58805],
          [-123.99413, 40.59267],
          [-124.01907, 40.60484],
          [-124.02521, 40.6263],
          [-124.03136, 40.64775],
          [-124.04083, 40.65237],
          [-124.06579, 40.66453],
          [-124.07194, 40.68598],
          [-124.0781, 40.70743],
          [-124.08427, 40.72887],
          [-124.09043, 40.75031],
          [-124.0966, 40.77174],
          [-124.10277, 40.79318],
          [-124.10895, 40.81461],
          [-124.11512, 40.83604],
          [-124.1213, 40.85746],
          [-124.12748, 40.87888],
          [-124.13367, 40.9003],
          [-124.13985, 40.92172],
          [-124.14604, 40.94314],
          [-124.15223, 40.96455],
          [-124.15843, 40.98596],
          [-124.14235, 41.00487],
          [-124.13626, 41.01204],
          [-124.14245, 41.03345],
          [-124.14865, 41.05485],
          [-124.15484, 41.07625],
          [-124.16105, 41.09764],
          [-124.14496, 41.11654],
          [-124.13885, 41.12371],
          [-124.14505, 41.1451],
          [-124.15126, 41.16649],
          [-124.13515, 41.18538],
          [-124.12904, 41.19255],
          [-124.13525, 41.21393],
          [-124.14145, 41.23531],
          [-124.14766, 41.25669],
          [-124.13154, 41.27557],
          [-124.12543, 41.28273],
          [-124.13164, 41.3041],
          [-124.13785, 41.32548],
          [-124.12172, 41.34435],
          [-124.1156, 41.35151],
          [-124.12181, 41.37287],
          [-124.10567, 41.39174],
          [-124.09954, 41.39889],
          [-124.10575, 41.42026],
          [-124.11529, 41.42485],
          [-124.14378, 41.42019],
          [-124.17226, 41.41552],
          [-124.17838, 41.40836],
          [-124.19451, 41.38949],
          [-124.22298, 41.38482],
          [-124.22909, 41.37766],
          [-124.24521, 41.35878],
          [-124.27367, 41.3541],
          [-124.30212, 41.34941],
          [-124.32728, 41.36149],
          [-124.33354, 41.38285],
          [-124.31744, 41.40173],
          [-124.31133, 41.4089],
          [-124.31758, 41.43025],
          [-124.32384, 41.4516],
          [-124.30772, 41.47047],
          [-124.30161, 41.47763],
          [-124.30787, 41.49898],
          [-124.29174, 41.51785],
          [-124.28562, 41.525],
          [-124.29188, 41.54634],
          [-124.27574, 41.56521],
          [-124.26962, 41.57236],
          [-124.27588, 41.5937],
          [-124.25973, 41.61255],
          [-124.2536, 41.6197],
          [-124.23745, 41.63856],
          [-124.23132, 41.64571],
          [-124.21515, 41.66455],
          [-124.20902, 41.6717],
          [-124.19285, 41.69055],
          [-124.18671, 41.69769],
          [-124.17053, 41.71653],
          [-124.1644, 41.72367],
          [-124.14821, 41.74251],
          [-124.14207, 41.74965],
          [-124.14831, 41.77097],
          [-124.13211, 41.78979],
          [-124.12596, 41.79693],
          [-124.10975, 41.81576],
          [-124.1036, 41.8229],
          [-124.10984, 41.8442],
          [-124.09362, 41.86302],
          [-124.08747, 41.87016],
          [-124.07124, 41.88897],
          [-124.06509, 41.8961],
          [-124.04885, 41.91491],
          [-124.04269, 41.92204],
          [-124.02645, 41.94084],
          [-124.02029, 41.94797],
          [-124.02651, 41.96927],
          [-124.01026, 41.98806],
          [-124.00409, 41.99519],
          [-123.98783, 42.01398],
          [-123.98166, 42.02111],
          [-123.96539, 42.03989],
          [-123.95922, 42.04702],
          [-123.94294, 42.0658],
          [-123.93676, 42.07292],
          [-123.92048, 42.09169],
          [-123.89179, 42.0963],
          [-123.86311, 42.10091],
          [-123.85692, 42.10802],
          [-123.84062, 42.12679],
          [-123.81192, 42.13138],
          [-123.80573, 42.1385],
          [-123.78941, 42.15726],
          [-123.7607, 42.16184],
          [-123.73541, 42.14973],
          [-123.72923, 42.12845],
          [-123.72306, 42.10716],
          [-123.71347, 42.10257],
          [-123.68477, 42.10714],
          [-123.65607, 42.11171],
          [-123.62737, 42.11628],
          [-123.62117, 42.12339],
          [-123.60482, 42.14213],
          [-123.57611, 42.14669],
          [-123.5699, 42.15379],
          [-123.55353, 42.17253],
          [-123.52481, 42.17708],
          [-123.49608, 42.18162],
          [-123.46735, 42.18616],
          [-123.46114, 42.19326],
          [-123.44474, 42.21198],
          [-123.416, 42.21651],
          [-123.38726, 42.22104],
          [-123.38103, 42.22813],
          [-123.36462, 42.24684],
          [-123.33587, 42.25136],
          [-123.32964, 42.25845],
          [-123.3132, 42.27715],
          [-123.28444, 42.28166],
          [-123.2782, 42.28875],
          [-123.26176, 42.30744],
          [-123.23299, 42.31194],
          [-123.22674, 42.31903],
          [-123.21028, 42.33772],
          [-123.1815, 42.34221],
          [-123.17525, 42.34929],
          [-123.15878, 42.36797],
          [-123.12998, 42.37245],
          [-123.12373, 42.37953],
          [-123.10724, 42.3982],
          [-123.10098, 42.40528],
          [-123.08449, 42.42394],
          [-123.07823, 42.43102],
          [-123.06172, 42.44968],
          [-123.05546, 42.45676],
          [-123.03894, 42.47541],
          [-123.01011, 42.47987],
          [-123.00384, 42.48695],
          [-122.98731, 42.50559],
          [-122.98104, 42.51266],
          [-122.96451, 42.5313],
          [-122.93565, 42.53575],
          [-122.92938, 42.54282],
          [-122.91282, 42.56145],
          [-122.88396, 42.56589],
          [-122.8551, 42.57032],
          [-122.84881, 42.57739],
          [-122.83224, 42.59601],
          [-122.80336, 42.60043],
          [-122.79707, 42.60749],
          [-122.78048, 42.62611],
          [-122.7516, 42.63052],
          [-122.7227, 42.63493],
          [-122.69381, 42.63934],
          [-122.68751, 42.6464],
          [-122.6709, 42.665],
          [-122.66459, 42.67205],
          [-122.64797, 42.69064],
          [-122.64166, 42.6977],
          [-122.62503, 42.71629],
          [-122.61872, 42.72334],
          [-122.60208, 42.74192],
          [-122.59577, 42.74897],
          [-122.57912, 42.76755],
          [-122.5728, 42.7746],
          [-122.57877, 42.79584],
          [-122.56211, 42.81441],
          [-122.55579, 42.82145],
          [-122.56176, 42.84269],
          [-122.54509, 42.86126],
          [-122.53877, 42.8683],
          [-122.52209, 42.88686],
          [-122.51576, 42.8939],
          [-122.52172, 42.91512],
          [-122.50503, 42.93368],
          [-122.4987, 42.94072],
          [-122.50466, 42.96194],
          [-122.48796, 42.98048],
          [-122.48163, 42.98752],
          [-122.48759, 43.00873],
          [-122.47088, 43.02727],
          [-122.46454, 43.03431],
          [-122.44782, 43.05284],
          [-122.44147, 43.05987],
          [-122.44743, 43.08108],
          [-122.4307, 43.09961],
          [-122.42435, 43.10663],
          [-122.40761, 43.12516],
          [-122.40126, 43.13218],
          [-122.40721, 43.15338],
          [-122.39046, 43.1719],
          [-122.3841, 43.17892],
          [-122.36734, 43.19743],
          [-122.36098, 43.20445],
          [-122.34421, 43.22296],
          [-122.33785, 43.22998],
          [-122.32107, 43.24848],
          [-122.31471, 43.2555],
          [-122.32065, 43.27668],
          [-122.30386, 43.29518],
          [-122.29749, 43.30219],
          [-122.2807, 43.32068],
          [-122.27432, 43.32769],
          [-122.25752, 43.34618],
          [-122.25114, 43.35319],
          [-122.25708, 43.37436],
          [-122.24026, 43.39284],
          [-122.23388, 43.39985],
          [-122.21705, 43.41832],
          [-122.21067, 43.42533],
          [-122.19383, 43.44379],
          [-122.18744, 43.4508],
          [-122.1706, 43.46926],
          [-122.16421, 43.47626],
          [-122.14736, 43.49472],
          [-122.11819, 43.49901],
          [-122.09275, 43.48678],
          [-122.08311, 43.48213],
          [-122.05768, 43.46989],
          [-122.04804, 43.46525],
          [-122.02262, 43.45301],
          [-122.01673, 43.43183],
          [-122.01085, 43.41066],
          [-122.00121, 43.40601],
          [-121.97582, 43.39375],
          [-121.96994, 43.37257],
          [-121.96031, 43.36792],
          [-121.93493, 43.35566],
          [-121.92907, 43.33447],
          [-121.91944, 43.32982],
          [-121.89408, 43.31754],
          [-121.88822, 43.29635],
          [-121.8786, 43.29169],
          [-121.85325, 43.27941],
          [-121.84364, 43.27475],
          [-121.81452, 43.279],
          [-121.78918, 43.26671],
          [-121.77957, 43.26204],
          [-121.77317, 43.26904],
          [-121.75628, 43.28749],
          [-121.72715, 43.29172],
          [-121.69802, 43.29596],
          [-121.69161, 43.30295],
          [-121.6747, 43.32138],
          [-121.64556, 43.32561],
          [-121.61642, 43.32983],
          [-121.61, 43.33681],
          [-121.59306, 43.35524],
          [-121.56391, 43.35945],
          [-121.55748, 43.36643],
          [-121.54054, 43.38485],
          [-121.51137, 43.38905],
          [-121.50494, 43.39603],
          [-121.48798, 43.41444],
          [-121.48154, 43.42142],
          [-121.46457, 43.43982],
          [-121.45813, 43.4468],
          [-121.44115, 43.4652],
          [-121.41196, 43.46938],
          [-121.40552, 43.47635],
          [-121.41128, 43.49754],
          [-121.39428, 43.51593],
          [-121.38783, 43.5229],
          [-121.37083, 43.54128],
          [-121.36437, 43.54825],
          [-121.34736, 43.56663],
          [-121.3409, 43.5736],
          [-121.34666, 43.59477],
          [-121.32963, 43.61314],
          [-121.32317, 43.6201],
          [-121.30613, 43.63847],
          [-121.29967, 43.64543],
          [-121.28263, 43.66379],
          [-121.27616, 43.67075],
          [-121.25911, 43.68911],
          [-121.25264, 43.69607],
          [-121.23558, 43.71442],
          [-121.22911, 43.72137],
          [-121.21204, 43.73972],
          [-121.20556, 43.74667],
          [-121.18848, 43.76501],
          [-121.15919, 43.76915],
          [-121.15271, 43.7761],
          [-121.13561, 43.79443],
          [-121.10631, 43.79856],
          [-121.08092, 43.78621],
          [-121.0713, 43.78153],
          [-121.04199, 43.78564],
          [-121.01269, 43.78976],
          [-120.98732, 43.77739],
          [-120.9777, 43.77271],
          [-120.94839, 43.77681],
          [-120.92303, 43.76444],
          [-120.91342, 43.75974],
          [-120.88807, 43.74737],
          [-120.87845, 43.74267],
          [-120.84915, 43.74676],
          [-120.81985, 43.75084],
          [-120.79055, 43.75492],
          [-120.76124, 43.75899],
          [-120.73194, 43.76306],
          [-120.70262, 43.76713],
          [-120.69611, 43.77407],
          [-120.67893, 43.79235],
          [-120.64961, 43.79641],
          [-120.62029, 43.80046],
          [-120.59096, 43.80451],
          [-120.58443, 43.81144],
          [-120.56723, 43.82971],
          [-120.53789, 43.83375],
          [-120.50855, 43.83778],
          [-120.47921, 43.84181],
          [-120.44986, 43.84583],
          [-120.42052, 43.84985],
          [-120.39117, 43.85386],
          [-120.36181, 43.85787],
          [-120.33246, 43.86187],
          [-120.3031, 43.86587],
          [-120.27374, 43.86987],
          [-120.24845, 43.85741],
          [-120.23885, 43.85269],
          [-120.20949, 43.85667],
          [-120.18013, 43.86065],
          [-120.15485, 43.84819],
          [-120.14526, 43.84346],
          [-120.1159, 43.84743],
          [-120.08654, 43.85139],
          [-120.05718, 43.85536],
          [-120.02781, 43.85931],
          [-120.02124, 43.86622],
          [-120.00392, 43.88444],
          [-119.97455, 43.88838],
          [-119.94517, 43.89233],
          [-119.93859, 43.89923],
          [-119.92125, 43.91744],
          [-119.89186, 43.92137],
          [-119.86247, 43.9253],
          [-119.83307, 43.92922],
          [-119.82648, 43.93612],
          [-119.80911, 43.95431],
          [-119.77971, 43.95823],
          [-119.7503, 43.96214],
          [-119.7437, 43.96903],
          [-119.72631, 43.98721],
          [-119.69689, 43.99111],
          [-119.66747, 43.99501],
          [-119.66087, 44.0019],
          [-119.64346, 44.02007],
          [-119.61403, 44.02395],
          [-119.58459, 44.02784],
          [-119.55515, 44.03172],
          [-119.52571, 44.03559],
          [-119.49627, 44.03946],
          [-119.46683, 44.04332],
          [-119.43738, 44.04718],
          [-119.40793, 44.05104],
          [-119.40131, 44.05792],
          [-119.38384, 44.07605],
          [-119.35438, 44.0799],
          [-119.32492, 44.08374],
          [-119.29969, 44.07117],
          [-119.29012, 44.06641],
          [-119.26066, 44.07024],
          [-119.23119, 44.07407],
          [-119.20598, 44.06149],
          [-119.19641, 44.05672],
          [-119.16695, 44.06053],
          [-119.14175, 44.04795],
          [-119.13219, 44.04317],
          [-119.10699, 44.03058],
          [-119.09744, 44.0258],
          [-119.07225, 44.01321],
          [-119.0627, 44.00843],
          [-119.03752, 43.99582],
          [-119.02797, 43.99104],
          [-119.0028, 43.97843],
          [-118.99326, 43.97364],
          [-118.96381, 43.97743],
          [-118.93865, 43.96481],
          [-118.92911, 43.96002],
          [-118.89967, 43.9638],
          [-118.87023, 43.96757],
          [-118.84078, 43.97134],
          [-118.81564, 43.9587],
          [-118.80611, 43.95391],
          [-118.77666, 43.95767],
          [-118.77, 43.96453],
          [-118.75243, 43.98262],
          [-118.72297, 43.98637],
          [-118.69351, 43.99011],
          [-118.68684, 43.99697],
          [-118.66925, 44.01504],
          [-118.66257, 44.0219],
          [-118.64497, 44.03997],
          [-118.6155, 44.0437],
          [-118.60881, 44.05055],
          [-118.5912, 44.06862],
          [-118.58451, 44.07547],
          [-118.56689, 44.09352],
          [-118.5602, 44.10037],
          [-118.56538, 44.12155],
          [-118.54774, 44.1396],
          [-118.54105, 44.14645],
          [-118.5234, 44.16449],
          [-118.51671, 44.17134],
          [-118.49905, 44.18938],
          [-118.49235, 44.19622],
          [-118.47469, 44.21425],
          [-118.44515, 44.21795],
          [-118.41561, 44.22165],
          [-118.38607, 44.22534],
          [-118.35653, 44.22902],
          [-118.33139, 44.21634],
          [-118.32185, 44.21153],
          [-118.29672, 44.19885],
          [-118.28718, 44.19403],
          [-118.26206, 44.18134],
          [-118.25694, 44.16016],
          [-118.24742, 44.15534],
          [-118.22231, 44.14264],
          [-118.2172, 44.12146],
          [-118.2121, 44.10026],
          [-118.20699, 44.07907],
          [-118.2019, 44.05787],
          [-118.1968, 44.03667],
          [-118.18729, 44.03185],
          [-118.16222, 44.01913],
          [-118.15713, 43.99792],
          [-118.14762, 43.9931],
          [-118.12257, 43.98037],
          [-118.11307, 43.97554],
          [-118.08802, 43.96281],
          [-118.07852, 43.95798],
          [-118.04905, 43.96162],
          [-118.01957, 43.96526],
          [-117.99009, 43.9689],
          [-117.96506, 43.95614],
          [-117.95557, 43.95131],
          [-117.9261, 43.95493],
          [-117.89662, 43.95855],
          [-117.86714, 43.96217],
          [-117.83765, 43.96578],
          [-117.83092, 43.97261],
          [-117.81318, 43.99061],
          [-117.78368, 43.99421],
          [-117.75419, 43.99781],
          [-117.74745, 44.00463],
          [-117.72968, 44.02262],
          [-117.70018, 44.02621],
          [-117.67067, 44.02979],
          [-117.64116, 44.03337],
          [-117.61164, 44.03694],
          [-117.58213, 44.04051],
          [-117.55261, 44.04408],
          [-117.52309, 44.04764],
          [-117.49811, 44.03483],
          [-117.48863, 44.02997],
          [-117.45911, 44.03352],
          [-117.42959, 44.03707],
          [-117.40007, 44.04061],
          [-117.3751, 44.02779],
          [-117.36563, 44.02292],
          [-117.33611, 44.02645],
          [-117.30659, 44.02998],
          [-117.27707, 44.0335],
          [-117.24754, 44.03702],
          [-117.21801, 44.04053],
          [-117.18848, 44.04404],
          [-117.15895, 44.04754],
          [-117.12941, 44.05104],
          [-117.09988, 44.05454],
          [-117.07034, 44.05802],
          [-117.0408, 44.06151],
          [-117.03401, 44.0683],
          [-117.01609, 44.08622],
          [-116.98654, 44.08969],
          [-116.95699, 44.09316],
          [-116.92743, 44.09663],
          [-116.92063, 44.10342],
          [-116.90269, 44.12131],
          [-116.87313, 44.12477],
          [-116.84356, 44.12822],
          [-116.81399, 44.13167],
          [-116.78442, 44.13511],
          [-116.75484, 44.13855],
          [-116.72526, 44.14198],
          [-116.70036, 44.12908],
          [-116.69091, 44.12418],
          [-116.66134, 44.12761],
          [-116.63644, 44.11469],
          [-116.627, 44.1098],
          [-116.59743, 44.11321],
          [-116.56786, 44.11662],
          [-116.53828, 44.12002],
          [-116.5134, 44.10709],
          [-116.50397, 44.10219],
          [-116.4744, 44.10558],
          [-116.44482, 44.10897],
          [-116.41996, 44.09603],
          [-116.41053, 44.09112],
          [-116.38568, 44.07817],
          [-116.37625, 44.07326],
          [-116.35141, 44.0603],
          [-116.34672, 44.03905],
          [-116.3373, 44.03414],
          [-116.31247, 44.02117],
          [-116.30779, 43.99992],
          [-116.29837, 43.995],
          [-116.27356, 43.98203],
          [-116.26415, 43.97711],
          [-116.23935, 43.96413],
          [-116.23468, 43.94286],
          [-116.22528, 43.93794],
          [-116.20049, 43.92495],
          [-116.19109, 43.92002],
          [-116.16156, 43.92337],
          [-116.13203, 43.92672],
          [-116.10725, 43.91372],
          [-116.09786, 43.90879],
          [-116.06833, 43.91212],
          [-116.06148, 43.91889],
          [-116.04342, 43.93673],
          [-116.01388, 43.94005],
          [-115.98434, 43.94337],
          [-115.97748, 43.95014],
          [-115.98209, 43.9714],
          [-115.964, 43.98923],
          [-115.95714, 43.99599],
          [-115.96175, 44.01725],
          [-115.94365, 44.03507],
          [-115.93678, 44.04182],
          [-115.94139, 44.06308],
          [-115.946, 44.08433],
          [-115.95061, 44.10559],
          [-115.95522, 44.12683],
          [-115.96462, 44.13177],
          [-115.98943, 44.14477],
          [-115.99406, 44.16601],
          [-116.00347, 44.17094],
          [-116.02829, 44.18393],
          [-116.03771, 44.18886],
          [-116.06255, 44.20184],
          [-116.07197, 44.20677],
          [-116.09681, 44.21974],
          [-116.10623, 44.22467],
          [-116.13586, 44.22133],
          [-116.16071, 44.2343],
          [-116.17014, 44.23922],
          [-116.19977, 44.23588],
          [-116.22464, 44.24884],
          [-116.23407, 44.25375],
          [-116.25895, 44.2667],
          [-116.26363, 44.28792],
          [-116.26832, 44.30914],
          [-116.27776, 44.31405],
          [-116.30266, 44.32699],
          [-116.30736, 44.3482],
          [-116.31206, 44.3694],
          [-116.31676, 44.39061],
          [-116.29866, 44.40841],
          [-116.29179, 44.41516],
          [-116.29649, 44.43636],
          [-116.30119, 44.45755],
          [-116.3059, 44.47874],
          [-116.31061, 44.49993],
          [-116.31062, 44.5]
        ]
      }
    },
    {
      "type": "Feature",
      "id": "2026091106_f126_10000_001",
      "properties": {
        "product_id": "winter_storm_levels",
        "source_id": "nbm_snow_level",
        "parameter": "snow_level",
        "definition": "height of the wet-bulb 0.5 degree C surface",
        "level_ft_msl": 10000,
        "label": "10,000 ft MSL",
        "unit": "ft_msl",
        "cycle_time_utc": "2026-09-11T06:00:00Z",
        "valid_time_utc": "2026-09-16T12:00:00Z",
        "lead_hours": 126,
        "segment": 1,
        "length_m": 2399115.4
      },
      "geometry": {
        "type": "LineString",
        "coordinates": [
          [-130, 33.0082],
          [-129.99042, 33.00352],
          [-129.97807, 32.99749],
          [-129.952, 33.00326],
          [-129.92592, 33.00902],
          [-129.90534, 32.99895],
          [-129.89299, 32.99291],
          [-129.86691, 32.99867],
          [-129.84633, 32.98859],
          [-129.83398, 32.98255],
          [-129.80791, 32.98829],
          [-129.78183, 32.99403],
          [-129.76126, 32.98394],
          [-129.74892, 32.97789],
          [-129.72284, 32.98362],
          [-129.70228, 32.97353],
          [-129.68994, 32.96747],
          [-129.66386, 32.97319],
          [-129.6433, 32.96309],
          [-129.63097, 32.95703],
          [-129.60489, 32.96274],
          [-129.58434, 32.95263],
          [-129.57201, 32.94657],
          [-129.54593, 32.95227],
          [-129.52539, 32.94215],
          [-129.51306, 32.93608],
          [-129.48698, 32.94177],
          [-129.4609, 32.94746],
          [-129.44037, 32.93734],
          [-129.42805, 32.93126],
          [-129.40196, 32.93694],
          [-129.37588, 32.94261],
          [-129.34979, 32.94828],
          [-129.32926, 32.93814],
          [-129.31695, 32.93206],
          [-129.29086, 32.93772],
          [-129.26477, 32.94337],
          [-129.23868, 32.94903],
          [-129.21816, 32.93887],
          [-129.20585, 32.93278],
          [-129.17976, 32.93842],
          [-129.15366, 32.94406],
          [-129.13316, 32.93389],
          [-129.12085, 32.92779],
          [-129.09476, 32.93342],
          [-129.06866, 32.93905],
          [-129.04255, 32.94467],
          [-129.01645, 32.95029],
          [-128.99034, 32.9559],
          [-128.96423, 32.96151],
          [-128.93812, 32.96711],
          [-128.912, 32.97271],
          [-128.88589, 32.97831],
          [-128.85977, 32.9839],
          [-128.83364, 32.98948],
          [-128.80752, 32.99507],
          [-128.78139, 33.00065],
          [-128.76091, 32.99043],
          [-128.74862, 32.9843],
          [-128.72249, 32.98987],
          [-128.69636, 32.99544],
          [-128.67022, 33.001],
          [-128.64409, 33.00655],
          [-128.61795, 33.01211],
          [-128.59181, 33.01765],
          [-128.56566, 33.0232],
          [-128.5452, 33.01296],
          [-128.53292, 33.00681],
          [-128.50677, 33.01235],
          [-128.48063, 33.01788],
          [-128.45448, 33.0234],
          [-128.42832, 33.02892],
          [-128.40217, 33.03444],
          [-128.37601, 33.03995],
          [-128.36867, 33.05024],
          [-128.35642, 33.06739],
          [-128.33026, 33.07289],
          [-128.30409, 33.07839],
          [-128.28363, 33.06812],
          [-128.27136, 33.06196],
          [-128.24519, 33.06745],
          [-128.21902, 33.07293],
          [-128.19285, 33.07842],
          [-128.16667, 33.08389],
          [-128.14049, 33.08937],
          [-128.12005, 33.07908],
          [-128.10778, 33.0729],
          [-128.0816, 33.07836],
          [-128.05542, 33.08382],
          [-128.02924, 33.08928],
          [-128.00305, 33.09473],
          [-127.97686, 33.10018],
          [-127.95067, 33.10562],
          [-127.92447, 33.11106],
          [-127.90404, 33.10074],
          [-127.89179, 33.09455],
          [-127.86559, 33.09998],
          [-127.8394, 33.1054],
          [-127.8132, 33.11082],
          [-127.78699, 33.11624],
          [-127.76658, 33.1059],
          [-127.75433, 33.0997],
          [-127.72813, 33.10511],
          [-127.70192, 33.11051],
          [-127.68152, 33.10016],
          [-127.66927, 33.09395],
          [-127.64307, 33.09935],
          [-127.61686, 33.10474],
          [-127.59646, 33.09438],
          [-127.58423, 33.08816],
          [-127.55802, 33.09354],
          [-127.53181, 33.09892],
          [-127.50559, 33.10429],
          [-127.47938, 33.10965],
          [-127.45316, 33.11502],
          [-127.43277, 33.10464],
          [-127.42055, 33.09841],
          [-127.39433, 33.10376],
          [-127.36811, 33.10911],
          [-127.34188, 33.11446],
          [-127.31566, 33.1198],
          [-127.28943, 33.12513],
          [-127.2632, 33.13046],
          [-127.23696, 33.13579],
          [-127.21073, 33.14111],
          [-127.18449, 33.14643],
          [-127.15825, 33.15174],
          [-127.13201, 33.15705],
          [-127.10576, 33.16236],
          [-127.07951, 33.16766],
          [-127.05915, 33.15723],
          [-127.04694, 33.15098],
          [-127.02069, 33.15627],
          [-126.99444, 33.16156],
          [-126.96819, 33.16684],
          [-126.94193, 33.17212],
          [-126.92158, 33.16168],
          [-126.90938, 33.15541],
          [-126.88312, 33.16068],
          [-126.85686, 33.16595],
          [-126.8306, 33.17121],
          [-126.80434, 33.17646],
          [-126.784, 33.166],
          [-126.7718, 33.15973],
          [-126.74554, 33.16498],
          [-126.71928, 33.17022],
          [-126.69301, 33.17546],
          [-126.66674, 33.18069],
          [-126.64641, 33.17021],
          [-126.63422, 33.16393],
          [-126.60795, 33.16915],
          [-126.58168, 33.17437],
          [-126.5554, 33.17959],
          [-126.52913, 33.1848],
          [-126.50285, 33.19001],
          [-126.47656, 33.19521],
          [-126.45028, 33.20041],
          [-126.42399, 33.2056],
          [-126.40369, 33.1951],
          [-126.3915, 33.18879],
          [-126.36522, 33.19398],
          [-126.33893, 33.19916],
          [-126.31264, 33.20433],
          [-126.29234, 33.19381],
          [-126.28016, 33.1875],
          [-126.25387, 33.19267],
          [-126.22758, 33.19783],
          [-126.20128, 33.20299],
          [-126.17498, 33.20814],
          [-126.1547, 33.19761],
          [-126.14253, 33.19128],
          [-126.11623, 33.19643],
          [-126.08993, 33.20157],
          [-126.06363, 33.2067],
          [-126.03732, 33.21183],
          [-126.01101, 33.21696],
          [-125.9847, 33.22208],
          [-125.95839, 33.2272],
          [-125.95081, 33.23737],
          [-125.93818, 33.25433],
          [-125.91186, 33.25944],
          [-125.88554, 33.26454],
          [-125.85921, 33.26964],
          [-125.83288, 33.27474],
          [-125.80655, 33.27983],
          [-125.78021, 33.28492],
          [-125.75387, 33.29],
          [-125.72754, 33.29508],
          [-125.70119, 33.30016],
          [-125.67485, 33.30523],
          [-125.6485, 33.3103],
          [-125.62215, 33.31536],
          [-125.5958, 33.32042],
          [-125.56945, 33.32547],
          [-125.56183, 33.33562],
          [-125.54914, 33.35254],
          [-125.52277, 33.35759],
          [-125.49641, 33.36263],
          [-125.47004, 33.36766],
          [-125.44367, 33.3727],
          [-125.4173, 33.37772],
          [-125.39092, 33.38275],
          [-125.38328, 33.39289],
          [-125.37055, 33.40979],
          [-125.34417, 33.41481],
          [-125.31778, 33.41982],
          [-125.29139, 33.42482],
          [-125.265, 33.42983],
          [-125.23861, 33.43483],
          [-125.23096, 33.44496],
          [-125.2182, 33.46185],
          [-125.19179, 33.46684],
          [-125.16539, 33.47182],
          [-125.13898, 33.4768],
          [-125.11257, 33.48178],
          [-125.08616, 33.48675],
          [-125.07849, 33.49688],
          [-125.0657, 33.51375],
          [-125.03928, 33.51872],
          [-125.01285, 33.52368],
          [-124.98642, 33.52863],
          [-124.96, 33.53358],
          [-124.95231, 33.5437],
          [-124.9395, 33.56056],
          [-124.91306, 33.56551],
          [-124.88662, 33.57045],
          [-124.86018, 33.57538],
          [-124.83373, 33.58031],
          [-124.80728, 33.58524],
          [-124.78083, 33.59016],
          [-124.77313, 33.60027],
          [-124.76028, 33.61711],
          [-124.73382, 33.62202],
          [-124.70736, 33.62693],
          [-124.6809, 33.63184],
          [-124.67318, 33.64194],
          [-124.66031, 33.65877],
          [-124.63384, 33.66367],
          [-124.60736, 33.66856],
          [-124.58089, 33.67345],
          [-124.57316, 33.68355],
          [-124.56027, 33.70037],
          [-124.53378, 33.70525],
          [-124.50729, 33.71013],
          [-124.4808, 33.715],
          [-124.45431, 33.71987],
          [-124.42781, 33.72473],
          [-124.40131, 33.72959],
          [-124.39356, 33.73967],
          [-124.38064, 33.75648],
          [-124.35414, 33.76133],
          [-124.32762, 33.76618],
          [-124.30111, 33.77102],
          [-124.2746, 33.77585],
          [-124.24808, 33.78069],
          [-124.24031, 33.79076],
          [-124.22737, 33.80756],
          [-124.20084, 33.81238],
          [-124.19307, 33.82245],
          [-124.18011, 33.83924],
          [-124.15357, 33.84406],
          [-124.12703, 33.84887],
          [-124.10049, 33.85368],
          [-124.09271, 33.86375],
          [-124.07973, 33.88052],
          [-124.05318, 33.88532],
          [-124.02663, 33.89012],
          [-124.00007, 33.89491],
          [-123.97351, 33.8997],
          [-123.94695, 33.90448],
          [-123.92039, 33.90926],
          [-123.91259, 33.91931],
          [-123.89958, 33.93607],
          [-123.87301, 33.94084],
          [-123.84643, 33.94561],
          [-123.83862, 33.95566],
          [-123.82559, 33.97241],
          [-123.79901, 33.97717],
          [-123.77242, 33.98192],
          [-123.74584, 33.98667],
          [-123.73801, 33.99672],
          [-123.72497, 34.01346],
          [-123.69837, 34.0182],
          [-123.67177, 34.02294],
          [-123.66393, 34.03298],
          [-123.65087, 34.04972],
          [-123.62427, 34.05444],
          [-123.59765, 34.05917],
          [-123.57104, 34.06388],
          [-123.54442, 34.0686],
          [-123.51781, 34.07331],
          [-123.49119, 34.07801],
          [-123.46456, 34.08272],
          [-123.43794, 34.08741],
          [-123.41131, 34.0921],
          [-123.38468, 34.09679],
          [-123.35805, 34.10148],
          [-123.33142, 34.10616],
          [-123.30478, 34.11083],
          [-123.27814, 34.1155],
          [-123.2515, 34.12017],
          [-123.24363, 34.13019],
          [-123.23049, 34.14688],
          [-123.20384, 34.15154],
          [-123.17719, 34.15619],
          [-123.15054, 34.16084],
          [-123.12388, 34.16549],
          [-123.09722, 34.17013],
          [-123.07056, 34.17476],
          [-123.0439, 34.17939],
          [-123.01723, 34.18402],
          [-123.00933, 34.19403],
          [-122.99615, 34.2107],
          [-122.96948, 34.21532],
          [-122.9428, 34.21994],
          [-122.93489, 34.22994],
          [-122.9217, 34.24661],
          [-122.89501, 34.25121],
          [-122.86832, 34.25581],
          [-122.84163, 34.26041],
          [-122.81494, 34.265],
          [-122.78824, 34.26959],
          [-122.78031, 34.27958],
          [-122.76709, 34.29624],
          [-122.74039, 34.30082],
          [-122.71368, 34.30539],
          [-122.68697, 34.30997],
          [-122.67903, 34.31995],
          [-122.66579, 34.33659],
          [-122.63907, 34.34116],
          [-122.61235, 34.34572],
          [-122.58563, 34.35027],
          [-122.5589, 34.35482],
          [-122.53218, 34.35937],
          [-122.50545, 34.36391],
          [-122.47872, 34.36844],
          [-122.45198, 34.37298],
          [-122.43185, 34.36202],
          [-122.41977, 34.35544],
          [-122.39303, 34.35996],
          [-122.3663, 34.36448],
          [-122.33956, 34.36899],
          [-122.31282, 34.3735],
          [-122.28608, 34.37801],
          [-122.25934, 34.38251],
          [-122.23259, 34.38701],
          [-122.20585, 34.3915],
          [-122.1791, 34.39599],
          [-122.15234, 34.40047],
          [-122.12559, 34.40495],
          [-122.09883, 34.40942],
          [-122.07208, 34.41389],
          [-122.04532, 34.41836],
          [-122.01855, 34.42282],
          [-121.99179, 34.42728],
          [-121.96502, 34.43173],
          [-121.93825, 34.43618],
          [-121.91148, 34.44062],
          [-121.88471, 34.44506],
          [-121.85793, 34.44949],
          [-121.84991, 34.45943],
          [-121.83653, 34.476],
          [-121.80974, 34.48043],
          [-121.80171, 34.49037],
          [-121.78832, 34.50693],
          [-121.76152, 34.51135],
          [-121.73473, 34.51576],
          [-121.70793, 34.52017],
          [-121.68113, 34.52458],
          [-121.65433, 34.52898],
          [-121.62752, 34.53337],
          [-121.61947, 34.5433],
          [-121.60604, 34.55985],
          [-121.57923, 34.56423],
          [-121.55242, 34.56862],
          [-121.5256, 34.573],
          [-121.51753, 34.58292],
          [-121.50409, 34.59945],
          [-121.47726, 34.60382],
          [-121.45043, 34.60819],
          [-121.4236, 34.61255],
          [-121.41552, 34.62247],
          [-121.40206, 34.63899],
          [-121.37522, 34.64335],
          [-121.34837, 34.6477],
          [-121.32153, 34.65204],
          [-121.29468, 34.65638],
          [-121.28659, 34.66629],
          [-121.2731, 34.6828],
          [-121.24625, 34.68713],
          [-121.21939, 34.69146],
          [-121.21129, 34.70136],
          [-121.19778, 34.71787],
          [-121.17092, 34.72219],
          [-121.14405, 34.7265],
          [-121.13594, 34.7364],
          [-121.12242, 34.7529],
          [-121.09554, 34.7572],
          [-121.06866, 34.7615],
          [-121.04177, 34.7658],
          [-121.03365, 34.77569],
          [-121.02011, 34.79218],
          [-121.01199, 34.80207],
          [-120.99844, 34.81855],
          [-120.99031, 34.82844],
          [-120.97676, 34.84492],
          [-120.96863, 34.85481],
          [-120.95507, 34.87128],
          [-120.92815, 34.87556],
          [-120.92001, 34.88544],
          [-120.90644, 34.90191],
          [-120.8983, 34.9118],
          [-120.88472, 34.92826],
          [-120.87658, 34.93814],
          [-120.86299, 34.95461],
          [-120.85484, 34.96448],
          [-120.84125, 34.98095],
          [-120.81431, 34.9852],
          [-120.80615, 34.99508],
          [-120.79255, 35.01153],
          [-120.78439, 35.0214],
          [-120.78958, 35.04348],
          [-120.77597, 35.05993],
          [-120.76781, 35.0698],
          [-120.75419, 35.08625],
          [-120.74602, 35.09612],
          [-120.7324, 35.11256],
          [-120.70542, 35.1168],
          [-120.69724, 35.12666],
          [-120.68361, 35.1431],
          [-120.67543, 35.15297],
          [-120.66179, 35.1694],
          [-120.6536, 35.17926],
          [-120.63996, 35.1957],
          [-120.63177, 35.20556],
          [-120.61812, 35.22199],
          [-120.60992, 35.23184],
          [-120.61509, 35.25391],
          [-120.60143, 35.27033],
          [-120.59323, 35.28019],
          [-120.57957, 35.29661],
          [-120.57136, 35.30646],
          [-120.55769, 35.32288],
          [-120.54949, 35.33273],
          [-120.53581, 35.34915],
          [-120.50876, 35.35335],
          [-120.50055, 35.3632],
          [-120.48686, 35.37961],
          [-120.47864, 35.38946],
          [-120.46494, 35.40586],
          [-120.43788, 35.41005],
          [-120.42966, 35.41989],
          [-120.41595, 35.4363],
          [-120.38888, 35.44048],
          [-120.38065, 35.45032],
          [-120.36693, 35.46671],
          [-120.3587, 35.47655],
          [-120.34497, 35.49294],
          [-120.33673, 35.50278],
          [-120.323, 35.51917],
          [-120.31476, 35.529],
          [-120.30102, 35.54538],
          [-120.29278, 35.55521],
          [-120.27903, 35.5716],
          [-120.27078, 35.58143],
          [-120.25703, 35.59781],
          [-120.22991, 35.60196],
          [-120.20279, 35.60611],
          [-120.19453, 35.61593],
          [-120.18077, 35.6323],
          [-120.15364, 35.63644],
          [-120.12651, 35.64058],
          [-120.11824, 35.6504],
          [-120.10445, 35.66676],
          [-120.07731, 35.67089],
          [-120.05017, 35.67501],
          [-120.02303, 35.67913],
          [-119.99588, 35.68325],
          [-119.96873, 35.68736],
          [-119.94158, 35.69146],
          [-119.92145, 35.68024],
          [-119.90938, 35.67351],
          [-119.88223, 35.67761],
          [-119.85508, 35.6817],
          [-119.82793, 35.68579],
          [-119.80077, 35.68987],
          [-119.77361, 35.69395],
          [-119.74645, 35.69802],
          [-119.73815, 35.70782],
          [-119.7243, 35.72415],
          [-119.69713, 35.72821],
          [-119.66996, 35.73227],
          [-119.64279, 35.73633],
          [-119.61561, 35.74038],
          [-119.59551, 35.72912],
          [-119.58345, 35.72237],
          [-119.55628, 35.72641],
          [-119.5291, 35.73045],
          [-119.50192, 35.73448],
          [-119.47474, 35.73851],
          [-119.44756, 35.74254],
          [-119.42038, 35.74656],
          [-119.39319, 35.75057],
          [-119.366, 35.75458],
          [-119.33881, 35.75859],
          [-119.33047, 35.76836],
          [-119.31655, 35.78466],
          [-119.3082, 35.79443],
          [-119.29428, 35.81072],
          [-119.28593, 35.82049],
          [-119.272, 35.83677],
          [-119.26364, 35.84654],
          [-119.24971, 35.86282],
          [-119.22248, 35.86681],
          [-119.19526, 35.87079],
          [-119.18689, 35.88056],
          [-119.17294, 35.89683],
          [-119.14571, 35.9008],
          [-119.13734, 35.91056],
          [-119.12338, 35.92683],
          [-119.09613, 35.93079],
          [-119.06889, 35.93475],
          [-119.04165, 35.93871],
          [-119.03326, 35.94846],
          [-119.01928, 35.96472],
          [-118.99202, 35.96867],
          [-118.98363, 35.97842],
          [-118.96964, 35.99467],
          [-118.96124, 36.00442],
          [-118.96611, 36.02647],
          [-118.97098, 36.04853],
          [-118.95698, 36.06477],
          [-118.94858, 36.07452],
          [-118.95345, 36.09657],
          [-118.95832, 36.11862],
          [-118.94431, 36.13486],
          [-118.93589, 36.1446],
          [-118.94077, 36.16665],
          [-118.94564, 36.18869],
          [-118.93161, 36.20492],
          [-118.9232, 36.21466],
          [-118.92807, 36.2367],
          [-118.91404, 36.25293],
          [-118.90561, 36.26267],
          [-118.91048, 36.28471],
          [-118.91536, 36.30674],
          [-118.90131, 36.32297],
          [-118.89288, 36.3327],
          [-118.89776, 36.35473],
          [-118.90263, 36.37676],
          [-118.88857, 36.39298],
          [-118.88014, 36.40271],
          [-118.88501, 36.42474],
          [-118.87094, 36.44096],
          [-118.8625, 36.45068],
          [-118.86737, 36.47271],
          [-118.87225, 36.49473],
          [-118.87712, 36.51675],
          [-118.86304, 36.53296],
          [-118.8546, 36.54268],
          [-118.85947, 36.5647],
          [-118.86434, 36.58671],
          [-118.86922, 36.60872],
          [-118.8741, 36.63073],
          [-118.87898, 36.65274],
          [-118.86489, 36.66894],
          [-118.85643, 36.67866],
          [-118.86131, 36.70066],
          [-118.86619, 36.72267],
          [-118.87107, 36.74467],
          [-118.85696, 36.76086],
          [-118.8485, 36.77058],
          [-118.85338, 36.79257],
          [-118.83926, 36.80876],
          [-118.83079, 36.81848],
          [-118.81667, 36.83466],
          [-118.80819, 36.84437],
          [-118.79406, 36.86056],
          [-118.78558, 36.87027],
          [-118.77144, 36.88645],
          [-118.76296, 36.89615],
          [-118.74881, 36.91233],
          [-118.74033, 36.92203],
          [-118.72618, 36.93821],
          [-118.69867, 36.94209],
          [-118.69017, 36.95179],
          [-118.67601, 36.96796],
          [-118.66751, 36.97766],
          [-118.67236, 36.99964],
          [-118.67722, 37.02163],
          [-118.68208, 37.04361],
          [-118.68694, 37.06558],
          [-118.69909, 37.07237],
          [-118.71935, 37.08368],
          [-118.72422, 37.10565],
          [-118.72909, 37.12762],
          [-118.73397, 37.14959],
          [-118.73884, 37.17156],
          [-118.74372, 37.19353],
          [-118.75377, 37.21476],
          [-118.76077, 37.22227],
          [-118.78106, 37.23356],
          [-118.78595, 37.25552],
          [-118.79084, 37.27748],
          [-118.79574, 37.29943],
          [-118.80063, 37.32138],
          [-118.80553, 37.34333],
          [-118.81043, 37.36528],
          [-118.81533, 37.38723],
          [-118.82023, 37.40917],
          [-118.82514, 37.43111],
          [-118.83005, 37.45305],
          [-118.83496, 37.47499],
          [-118.83987, 37.49693],
          [-118.84478, 37.51886],
          [-118.8497, 37.54079],
          [-118.85461, 37.56272],
          [-118.86472, 37.58392],
          [-118.87175, 37.59141],
          [-118.88348, 37.60389],
          [-118.88841, 37.62582],
          [-118.90199, 37.64652],
          [-118.91211, 37.6677],
          [-118.91915, 37.67519],
          [-118.93955, 37.68644],
          [-118.94449, 37.70836],
          [-118.94943, 37.73027],
          [-118.96168, 37.73702],
          [-118.98209, 37.74826],
          [-118.98704, 37.77017],
          [-118.992, 37.79207],
          [-118.99696, 37.81398],
          [-119.00192, 37.83588],
          [-119.00688, 37.85777],
          [-119.01914, 37.86452],
          [-119.03958, 37.87575],
          [-119.04455, 37.89764],
          [-119.04953, 37.91953],
          [-119.0545, 37.94142],
          [-119.06678, 37.94816],
          [-119.08724, 37.95938],
          [-119.09222, 37.98127],
          [-119.1045, 37.988],
          [-119.12498, 37.99922],
          [-119.12997, 38.02109],
          [-119.13497, 38.04297],
          [-119.14726, 38.0497],
          [-119.16775, 38.06091],
          [-119.17276, 38.08278],
          [-119.17776, 38.10465],
          [-119.19007, 38.11137],
          [-119.20189, 38.12381],
          [-119.21559, 38.14444],
          [-119.22061, 38.1663],
          [-119.22563, 38.18816],
          [-119.23066, 38.21002],
          [-119.23568, 38.23188],
          [-119.24071, 38.25373],
          [-119.24574, 38.27558],
          [-119.25077, 38.29743],
          [-119.25581, 38.31928],
          [-119.26085, 38.34113],
          [-119.26588, 38.36297],
          [-119.27093, 38.38481],
          [-119.28327, 38.39152],
          [-119.30383, 38.40269],
          [-119.30889, 38.42453],
          [-119.31394, 38.44636],
          [-119.31899, 38.46819],
          [-119.32405, 38.49002],
          [-119.32911, 38.51185],
          [-119.33417, 38.53367],
          [-119.33923, 38.5555],
          [-119.3443, 38.57731],
          [-119.33002, 38.59343],
          [-119.32145, 38.60309],
          [-119.32651, 38.62491],
          [-119.33158, 38.64672],
          [-119.33665, 38.66853],
          [-119.34172, 38.69034],
          [-119.32742, 38.70644],
          [-119.31884, 38.7161],
          [-119.32391, 38.73791],
          [-119.32898, 38.75971],
          [-119.31467, 38.77581],
          [-119.30609, 38.78546],
          [-119.31116, 38.80726],
          [-119.31623, 38.82906],
          [-119.30191, 38.84515],
          [-119.29332, 38.8548],
          [-119.29839, 38.87659],
          [-119.30346, 38.89838],
          [-119.30854, 38.92017],
          [-119.31361, 38.94195],
          [-119.31869, 38.96373],
          [-119.30435, 38.97981],
          [-119.29575, 38.98946],
          [-119.30083, 39.01124],
          [-119.28648, 39.02732],
          [-119.27787, 39.03696],
          [-119.28295, 39.05873],
          [-119.2686, 39.0748],
          [-119.25998, 39.08444],
          [-119.26506, 39.10621],
          [-119.27013, 39.12798],
          [-119.25577, 39.14404],
          [-119.24715, 39.15368],
          [-119.25222, 39.17544],
          [-119.2573, 39.19721],
          [-119.24292, 39.21326],
          [-119.23429, 39.2229],
          [-119.21991, 39.23895],
          [-119.21128, 39.24858],
          [-119.21635, 39.27034],
          [-119.20196, 39.28638],
          [-119.19332, 39.29601],
          [-119.17892, 39.31206],
          [-119.17028, 39.32168],
          [-119.17534, 39.34343],
          [-119.16093, 39.35947],
          [-119.15229, 39.36909],
          [-119.15735, 39.39084],
          [-119.14293, 39.40687],
          [-119.13428, 39.41649],
          [-119.11985, 39.43252],
          [-119.1112, 39.44214],
          [-119.11626, 39.46388],
          [-119.10182, 39.4799],
          [-119.09316, 39.48952],
          [-119.07872, 39.50554],
          [-119.07005, 39.51515],
          [-119.0556, 39.53117],
          [-119.04693, 39.54078],
          [-119.03247, 39.55679],
          [-119.0238, 39.5664],
          [-119.00933, 39.58241],
          [-119.00065, 39.59202],
          [-118.98618, 39.60802],
          [-118.9775, 39.61762],
          [-118.96302, 39.63363],
          [-118.95433, 39.64323],
          [-118.93985, 39.65923],
          [-118.91163, 39.6631],
          [-118.90294, 39.6727],
          [-118.88844, 39.68869],
          [-118.86022, 39.69255],
          [-118.85152, 39.70214],
          [-118.83701, 39.71813],
          [-118.8283, 39.72772],
          [-118.81378, 39.7437],
          [-118.80507, 39.75329],
          [-118.79055, 39.76927],
          [-118.78183, 39.77885],
          [-118.7673, 39.79483],
          [-118.75858, 39.80441],
          [-118.74405, 39.82038],
          [-118.73532, 39.82996],
          [-118.72078, 39.84593],
          [-118.71205, 39.8555],
          [-118.6975, 39.87147],
          [-118.66922, 39.8753],
          [-118.66048, 39.88487],
          [-118.64592, 39.90083],
          [-118.63718, 39.9104],
          [-118.62261, 39.92635],
          [-118.61386, 39.93592],
          [-118.59929, 39.95187],
          [-118.57098, 39.95568],
          [-118.56223, 39.96525],
          [-118.54764, 39.98119],
          [-118.51932, 39.98499],
          [-118.51056, 39.99455],
          [-118.49596, 40.01049],
          [-118.46764, 40.01428],
          [-118.45887, 40.02384],
          [-118.44426, 40.03977],
          [-118.43549, 40.04932],
          [-118.42087, 40.06525],
          [-118.39252, 40.06903],
          [-118.38374, 40.07858],
          [-118.36911, 40.0945],
          [-118.34076, 40.09827],
          [-118.3124, 40.10204],
          [-118.30362, 40.11159],
          [-118.28897, 40.12749],
          [-118.2606, 40.13125],
          [-118.2518, 40.1408],
          [-118.23714, 40.1567],
          [-118.20877, 40.16045],
          [-118.18039, 40.1642],
          [-118.17158, 40.17373],
          [-118.15691, 40.18962],
          [-118.12852, 40.19336],
          [-118.11971, 40.20289],
          [-118.10502, 40.21878],
          [-118.07662, 40.22251],
          [-118.04822, 40.22623],
          [-118.01982, 40.22995],
          [-117.99141, 40.23367],
          [-117.98259, 40.24319],
          [-117.96787, 40.25906],
          [-117.93946, 40.26277],
          [-117.91104, 40.26647],
          [-117.9022, 40.27599],
          [-117.88747, 40.29185],
          [-117.87862, 40.30137],
          [-117.86388, 40.31722],
          [-117.83545, 40.32091],
          [-117.8266, 40.33042],
          [-117.81184, 40.34627],
          [-117.7834, 40.34995],
          [-117.77454, 40.35946],
          [-117.75978, 40.37531],
          [-117.75092, 40.38481],
          [-117.73614, 40.40065],
          [-117.72728, 40.41015],
          [-117.71249, 40.42599],
          [-117.68403, 40.42965],
          [-117.67515, 40.43915],
          [-117.66036, 40.45498],
          [-117.65148, 40.46447],
          [-117.63668, 40.4803],
          [-117.6278, 40.48979],
          [-117.61299, 40.50561],
          [-117.60411, 40.51511],
          [-117.58929, 40.53092],
          [-117.5804, 40.54041],
          [-117.56558, 40.55622],
          [-117.53707, 40.55986],
          [-117.52817, 40.56935],
          [-117.51334, 40.58515],
          [-117.48482, 40.58878],
          [-117.47591, 40.59826],
          [-117.46106, 40.61406],
          [-117.43254, 40.61768],
          [-117.404, 40.62129],
          [-117.37547, 40.6249],
          [-117.34694, 40.62851],
          [-117.33801, 40.63798],
          [-117.32314, 40.65376],
          [-117.2946, 40.65736],
          [-117.26605, 40.66095],
          [-117.2375, 40.66454],
          [-117.20895, 40.66812],
          [-117.1804, 40.6717],
          [-117.17146, 40.68116],
          [-117.15655, 40.69693],
          [-117.12799, 40.70049],
          [-117.09942, 40.70406],
          [-117.09047, 40.71351],
          [-117.07555, 40.72927],
          [-117.0666, 40.73873],
          [-117.05167, 40.75448],
          [-117.02308, 40.75803],
          [-117.01412, 40.76748],
          [-116.99918, 40.78323],
          [-116.99021, 40.79267],
          [-116.97526, 40.80842],
          [-116.94666, 40.81195],
          [-116.93769, 40.8214],
          [-116.92273, 40.83713],
          [-116.91375, 40.84657],
          [-116.89878, 40.8623],
          [-116.87016, 40.86583],
          [-116.86117, 40.87526],
          [-116.86583, 40.8969],
          [-116.85085, 40.91263],
          [-116.84186, 40.92206],
          [-116.82686, 40.93778],
          [-116.79822, 40.94129],
          [-116.78922, 40.95072],
          [-116.77422, 40.96643],
          [-116.76522, 40.97586],
          [-116.75021, 40.99157],
          [-116.72155, 40.99507],
          [-116.71254, 41.00449],
          [-116.69751, 41.02019],
          [-116.66884, 41.02368],
          [-116.64017, 41.02716],
          [-116.63115, 41.03658],
          [-116.61611, 41.05227],
          [-116.60709, 41.06169],
          [-116.59204, 41.07737],
          [-116.56335, 41.08085],
          [-116.55432, 41.09026],
          [-116.53926, 41.10594],
          [-116.53022, 41.11534],
          [-116.51515, 41.13102],
          [-116.48645, 41.13448],
          [-116.4774, 41.14388],
          [-116.46232, 41.15955],
          [-116.45327, 41.16895],
          [-116.43819, 41.18462],
          [-116.40946, 41.18806],
          [-116.4004, 41.19746],
          [-116.38531, 41.21312],
          [-116.37624, 41.22251],
          [-116.36114, 41.23817],
          [-116.3324, 41.2416],
          [-116.32333, 41.25099],
          [-116.30821, 41.26664],
          [-116.27946, 41.27006],
          [-116.27038, 41.27945],
          [-116.25525, 41.29509],
          [-116.22649, 41.2985],
          [-116.2174, 41.30788],
          [-116.20226, 41.32352],
          [-116.17349, 41.32692],
          [-116.14472, 41.33032],
          [-116.13562, 41.3397],
          [-116.12046, 41.35532],
          [-116.09168, 41.35871],
          [-116.08258, 41.36808],
          [-116.0674, 41.3837],
          [-116.03861, 41.38708],
          [-116.0295, 41.39645],
          [-116.01432, 41.41206],
          [-116.0052, 41.42143],
          [-115.99001, 41.43703],
          [-115.98089, 41.4464],
          [-115.96569, 41.462],
          [-115.95657, 41.47136],
          [-115.94136, 41.48696],
          [-115.93223, 41.49631],
          [-115.91702, 41.51191],
          [-115.90789, 41.52126],
          [-115.89266, 41.53685],
          [-115.88353, 41.54621],
          [-115.8683, 41.56179],
          [-115.85916, 41.57114],
          [-115.86363, 41.59272],
          [-115.84839, 41.6083],
          [-115.83925, 41.61765],
          [-115.824, 41.63323],
          [-115.81485, 41.64257],
          [-115.79959, 41.65814],
          [-115.79044, 41.66748],
          [-115.77517, 41.68305],
          [-115.76601, 41.69239],
          [-115.75074, 41.70795],
          [-115.72185, 41.71128],
          [-115.71268, 41.72061],
          [-115.6974, 41.73617],
          [-115.66849, 41.73948],
          [-115.65932, 41.74881],
          [-115.64402, 41.76436],
          [-115.63484, 41.77369],
          [-115.61954, 41.78924],
          [-115.59062, 41.79254],
          [-115.58143, 41.80186],
          [-115.56611, 41.8174],
          [-115.53718, 41.82069],
          [-115.52799, 41.83001],
          [-115.51266, 41.84554],
          [-115.50346, 41.85486],
          [-115.48813, 41.87039],
          [-115.47892, 41.8797],
          [-115.46358, 41.89522],
          [-115.45437, 41.90454],
          [-115.43902, 41.92005],
          [-115.42981, 41.92936],
          [-115.41445, 41.94488],
          [-115.40523, 41.95418],
          [-115.40963, 41.97573],
          [-115.39426, 41.99124],
          [-115.38504, 42.00054],
          [-115.36966, 42.01604],
          [-115.34066, 42.0193],
          [-115.33143, 42.0286],
          [-115.31604, 42.0441],
          [-115.30681, 42.05339],
          [-115.29141, 42.06889],
          [-115.28217, 42.07818],
          [-115.26677, 42.09367],
          [-115.25753, 42.10296],
          [-115.24211, 42.11844],
          [-115.23287, 42.12773],
          [-115.21745, 42.14321],
          [-115.20819, 42.1525],
          [-115.19277, 42.16797],
          [-115.18351, 42.17725],
          [-115.16807, 42.19272],
          [-115.15881, 42.20201],
          [-115.14337, 42.21747],
          [-115.1341, 42.22675],
          [-115.11865, 42.24221],
          [-115.10938, 42.25149],
          [-115.09393, 42.26694],
          [-115.06485, 42.27015],
          [-115.05557, 42.27943],
          [-115.0401, 42.29488],
          [-115.03082, 42.30414],
          [-115.01534, 42.31959],
          [-114.98624, 42.32279],
          [-114.97695, 42.33205],
          [-114.96146, 42.34749],
          [-114.93236, 42.35068],
          [-114.92306, 42.35994],
          [-114.90756, 42.37537],
          [-114.87844, 42.37855],
          [-114.86914, 42.38781],
          [-114.85362, 42.40323],
          [-114.84431, 42.41248],
          [-114.82879, 42.4279],
          [-114.79966, 42.43107],
          [-114.79034, 42.44032],
          [-114.7748, 42.45573],
          [-114.76548, 42.46498],
          [-114.74994, 42.48039],
          [-114.72079, 42.48354],
          [-114.71145, 42.49278],
          [-114.6959, 42.50818],
          [-114.66674, 42.51132],
          [-114.6574, 42.52056],
          [-114.64183, 42.53596],
          [-114.61266, 42.53909],
          [-114.58349, 42.54222],
          [-114.57414, 42.55145],
          [-114.55856, 42.56684],
          [-114.52938, 42.56995],
          [-114.52002, 42.57918],
          [-114.50442, 42.59456],
          [-114.47523, 42.59767],
          [-114.44604, 42.60078],
          [-114.43667, 42.61],
          [-114.42105, 42.62537],
          [-114.39185, 42.62846],
          [-114.38248, 42.63768],
          [-114.36685, 42.65304],
          [-114.33763, 42.65613],
          [-114.32825, 42.66534],
          [-114.31261, 42.68069],
          [-114.28339, 42.68377],
          [-114.274, 42.69298],
          [-114.25834, 42.70833],
          [-114.22911, 42.7114],
          [-114.21971, 42.7206],
          [-114.20405, 42.73594],
          [-114.17481, 42.739],
          [-114.1654, 42.7482],
          [-114.14972, 42.76353],
          [-114.12047, 42.76658],
          [-114.11106, 42.77578],
          [-114.09536, 42.7911],
          [-114.0661, 42.79415],
          [-114.03684, 42.79718],
          [-114.02742, 42.80637],
          [-114.01171, 42.82169],
          [-113.98243, 42.82472],
          [-113.95316, 42.82774],
          [-113.92388, 42.83076],
          [-113.8946, 42.83377],
          [-113.88516, 42.84295],
          [-113.86943, 42.85825],
          [-113.84014, 42.86126],
          [-113.81085, 42.86426],
          [-113.78156, 42.86725],
          [-113.7721, 42.87643],
          [-113.75634, 42.89171],
          [-113.72704, 42.8947],
          [-113.69774, 42.89768],
          [-113.66843, 42.90066],
          [-113.63913, 42.90363],
          [-113.62966, 42.9128],
          [-113.61387, 42.92807],
          [-113.58455, 42.93103],
          [-113.55523, 42.93399],
          [-113.54575, 42.94315],
          [-113.52995, 42.95841],
          [-113.50062, 42.96136],
          [-113.47129, 42.9643],
          [-113.4618, 42.97345],
          [-113.44598, 42.9887],
          [-113.41664, 42.99164],
          [-113.40714, 43.00079],
          [-113.3913, 43.01603],
          [-113.36195, 43.01896],
          [-113.35244, 43.0281],
          [-113.3366, 43.04333],
          [-113.30724, 43.04625],
          [-113.29772, 43.05539],
          [-113.28186, 43.07062],
          [-113.25249, 43.07353],
          [-113.24297, 43.08266],
          [-113.22709, 43.09788],
          [-113.19772, 43.10078],
          [-113.18819, 43.10991],
          [-113.1723, 43.12513],
          [-113.14291, 43.12802],
          [-113.13337, 43.13714],
          [-113.11747, 43.15235],
          [-113.08808, 43.15523],
          [-113.07853, 43.16435],
          [-113.06262, 43.17955],
          [-113.03321, 43.18242],
          [-113.02366, 43.19154],
          [-113.00773, 43.20673],
          [-112.97832, 43.20959],
          [-112.9489, 43.21245],
          [-112.93933, 43.22156],
          [-112.92339, 43.23674],
          [-112.89396, 43.23959],
          [-112.86453, 43.24244],
          [-112.8351, 43.24528],
          [-112.82552, 43.25438],
          [-112.80956, 43.26955],
          [-112.78012, 43.27238],
          [-112.75067, 43.2752],
          [-112.72123, 43.27802],
          [-112.71164, 43.28712],
          [-112.69565, 43.30228],
          [-112.66619, 43.30509],
          [-112.65659, 43.31418],
          [-112.64059, 43.32933],
          [-112.61113, 43.33213],
          [-112.58166, 43.33493],
          [-112.5522, 43.33772],
          [-112.54258, 43.3468],
          [-112.52656, 43.36194],
          [-112.49708, 43.36472],
          [-112.4676, 43.3675],
          [-112.45798, 43.37658],
          [-112.44194, 43.3917],
          [-112.41245, 43.39447],
          [-112.38296, 43.39724],
          [-112.35347, 43.4],
          [-112.32398, 43.40275],
          [-112.29448, 43.40551],
          [-112.26499, 43.40825],
          [-112.23549, 43.41099],
          [-112.20599, 43.41373],
          [-112.19634, 43.42279],
          [-112.18025, 43.43789],
          [-112.15074, 43.44062],
          [-112.12123, 43.44334],
          [-112.09171, 43.44606],
          [-112.08205, 43.45511],
          [-112.06594, 43.4702],
          [-112.03641, 43.47291],
          [-112.00759, 43.47963],
          [-112, 43.48331]
        ]
      }
    },
    {
      "type": "Feature",
      "id": "2026091106_f126_11000_001",
      "properties": {
        "product_id": "winter_storm_levels",
        "source_id": "nbm_snow_level",
        "parameter": "snow_level",
        "definition": "height of the wet-bulb 0.5 degree C surface",
        "level_ft_msl": 11000,
        "label": "11,000 ft MSL",
        "unit": "ft_msl",
        "cycle_time_utc": "2026-09-11T06:00:00Z",
        "valid_time_utc": "2026-09-16T12:00:00Z",
        "lead_hours": 126,
        "segment": 1,
        "length_m": 2454221.9
      },
      "geometry": {
        "type": "LineString",
        "coordinates": [
          [-129.69828, 31.65223],
          [-129.6725, 31.65797],
          [-129.64672, 31.6637],
          [-129.62094, 31.66943],
          [-129.59515, 31.67516],
          [-129.57808, 31.66664],
          [-129.56264, 31.65894],
          [-129.53685, 31.66465],
          [-129.51106, 31.67037],
          [-129.48527, 31.67608],
          [-129.4682, 31.66755],
          [-129.45277, 31.65983],
          [-129.42698, 31.66553],
          [-129.40118, 31.67123],
          [-129.37538, 31.67692],
          [-129.34958, 31.6826],
          [-129.33253, 31.67406],
          [-129.3171, 31.66633],
          [-129.2913, 31.67201],
          [-129.26549, 31.67768],
          [-129.23969, 31.68335],
          [-129.21388, 31.68902],
          [-129.19683, 31.68046],
          [-129.18142, 31.67271],
          [-129.15561, 31.67837],
          [-129.12979, 31.68402],
          [-129.11276, 31.67545],
          [-129.09735, 31.6677],
          [-129.07153, 31.67334],
          [-129.04398, 31.67321],
          [-129.02869, 31.67041],
          [-129.01328, 31.66264],
          [-128.98573, 31.66251],
          [-128.95992, 31.66813],
          [-128.94463, 31.66531],
          [-128.9308, 31.66276],
          [-128.90498, 31.66838],
          [-128.87915, 31.67399],
          [-128.85176, 31.67438],
          [-128.82421, 31.67421],
          [-128.8157, 31.66991],
          [-128.79181, 31.65783],
          [-128.7833, 31.65353],
          [-128.75941, 31.64144],
          [-128.75091, 31.63713],
          [-128.72703, 31.62504],
          [-128.71853, 31.62074],
          [-128.69627, 31.61404],
          [-128.66826, 31.61229],
          [-128.66034, 31.60991],
          [-128.63647, 31.5978],
          [-128.62798, 31.59349],
          [-128.60412, 31.58137],
          [-128.59563, 31.57706],
          [-128.57338, 31.57035],
          [-128.54539, 31.56858],
          [-128.53069, 31.56765],
          [-128.51688, 31.56506],
          [-128.49223, 31.55252],
          [-128.48456, 31.54861],
          [-128.45991, 31.53606],
          [-128.45069, 31.52693],
          [-128.43373, 31.51829],
          [-128.41993, 31.51569],
          [-128.3903, 31.5083],
          [-128.36449, 31.51383],
          [-128.34981, 31.51288],
          [-128.33601, 31.51028],
          [-128.31139, 31.4977],
          [-128.30423, 31.49553],
          [-128.27544, 31.49091],
          [-128.2533, 31.48672],
          [-128.24614, 31.48455],
          [-128.21659, 31.4773],
          [-128.20812, 31.47297],
          [-128.18433, 31.46079],
          [-128.17586, 31.45646],
          [-128.15208, 31.44427],
          [-128.14362, 31.43993],
          [-128.11984, 31.42774],
          [-128.1046, 31.42485],
          [-128.09082, 31.42222],
          [-128.06624, 31.40961],
          [-128.05859, 31.40568],
          [-128.03402, 31.39306],
          [-128.02637, 31.38913],
          [-127.99737, 31.38359],
          [-127.98891, 31.37925],
          [-127.96516, 31.36703],
          [-127.94994, 31.36412],
          [-127.93465, 31.35625],
          [-127.91775, 31.34755],
          [-127.90246, 31.33967],
          [-127.88557, 31.33097],
          [-127.87028, 31.32309],
          [-127.85339, 31.31438],
          [-127.83812, 31.3065],
          [-127.81232, 31.31195],
          [-127.79544, 31.30323],
          [-127.78017, 31.29535],
          [-127.75437, 31.30078],
          [-127.7375, 31.29206],
          [-127.72223, 31.28417],
          [-127.70536, 31.27544],
          [-127.69009, 31.26755],
          [-127.67322, 31.25882],
          [-127.65797, 31.25092],
          [-127.6411, 31.24219],
          [-127.62585, 31.23429],
          [-127.60006, 31.2397],
          [-127.5832, 31.23096],
          [-127.56796, 31.22305],
          [-127.54217, 31.22845],
          [-127.51638, 31.23384],
          [-127.49059, 31.23923],
          [-127.47374, 31.23049],
          [-127.4585, 31.22257],
          [-127.43271, 31.22795],
          [-127.40691, 31.23333],
          [-127.38112, 31.2387],
          [-127.35532, 31.24407],
          [-127.32952, 31.24943],
          [-127.30371, 31.25479],
          [-127.28688, 31.24602],
          [-127.27164, 31.23809],
          [-127.24584, 31.24344],
          [-127.22003, 31.24878],
          [-127.19423, 31.25413],
          [-127.16842, 31.25946],
          [-127.1426, 31.2648],
          [-127.11679, 31.27013],
          [-127.09097, 31.27545],
          [-127.06515, 31.28077],
          [-127.03933, 31.28609],
          [-127.0225, 31.27729],
          [-127.00729, 31.26933],
          [-126.98146, 31.27464],
          [-126.95564, 31.27994],
          [-126.92981, 31.28524],
          [-126.90398, 31.29054],
          [-126.88717, 31.28173],
          [-126.87196, 31.27375],
          [-126.84613, 31.27904],
          [-126.8203, 31.28432],
          [-126.8035, 31.2755],
          [-126.78829, 31.26752],
          [-126.76246, 31.27279],
          [-126.74566, 31.26396],
          [-126.73047, 31.25598],
          [-126.70463, 31.26124],
          [-126.6788, 31.2665],
          [-126.66201, 31.25766],
          [-126.64682, 31.24967],
          [-126.62098, 31.25492],
          [-126.59515, 31.26016],
          [-126.56931, 31.2654],
          [-126.54347, 31.27064],
          [-126.51762, 31.27587],
          [-126.49178, 31.2811],
          [-126.46593, 31.28632],
          [-126.44008, 31.29154],
          [-126.41422, 31.29675],
          [-126.39745, 31.28789],
          [-126.38227, 31.27987],
          [-126.35642, 31.28508],
          [-126.33056, 31.29028],
          [-126.3047, 31.29548],
          [-126.27884, 31.30067],
          [-126.25298, 31.30586],
          [-126.22712, 31.31104],
          [-126.20125, 31.31622],
          [-126.17538, 31.3214],
          [-126.14951, 31.32657],
          [-126.12363, 31.33173],
          [-126.09776, 31.3369],
          [-126.081, 31.328],
          [-126.06584, 31.31995],
          [-126.03996, 31.32511],
          [-126.01409, 31.33026],
          [-125.9882, 31.3354],
          [-125.97146, 31.32649],
          [-125.95631, 31.31843],
          [-125.93042, 31.32357],
          [-125.90454, 31.3287],
          [-125.87866, 31.33383],
          [-125.85277, 31.33895],
          [-125.82688, 31.34407],
          [-125.80098, 31.34918],
          [-125.77509, 31.35429],
          [-125.74919, 31.3594],
          [-125.72329, 31.3645],
          [-125.71383, 31.37743],
          [-125.70336, 31.39171],
          [-125.67745, 31.39681],
          [-125.65154, 31.4019],
          [-125.62563, 31.40698],
          [-125.59971, 31.41206],
          [-125.57379, 31.41714],
          [-125.54787, 31.42221],
          [-125.52195, 31.42728],
          [-125.50523, 31.41833],
          [-125.4901, 31.41022],
          [-125.46417, 31.41528],
          [-125.43825, 31.42034],
          [-125.41232, 31.42539],
          [-125.38639, 31.43043],
          [-125.36046, 31.43547],
          [-125.33453, 31.44051],
          [-125.30859, 31.44554],
          [-125.28266, 31.45057],
          [-125.25672, 31.4556],
          [-125.23077, 31.46062],
          [-125.20483, 31.46563],
          [-125.17888, 31.47064],
          [-125.15293, 31.47565],
          [-125.13623, 31.46666],
          [-125.12112, 31.45852],
          [-125.09517, 31.46352],
          [-125.06922, 31.46851],
          [-125.04326, 31.4735],
          [-125.01731, 31.47849],
          [-124.99135, 31.48347],
          [-124.97466, 31.47446],
          [-124.95956, 31.46631],
          [-124.9336, 31.47128],
          [-124.90764, 31.47625],
          [-124.88168, 31.48121],
          [-124.85571, 31.48617],
          [-124.82975, 31.49112],
          [-124.80378, 31.49607],
          [-124.77781, 31.50102],
          [-124.75183, 31.50596],
          [-124.72586, 31.5109],
          [-124.69988, 31.51583],
          [-124.6739, 31.52076],
          [-124.64792, 31.52568],
          [-124.62193, 31.5306],
          [-124.59595, 31.53552],
          [-124.56996, 31.54043],
          [-124.54397, 31.54534],
          [-124.51797, 31.55024],
          [-124.50131, 31.54118],
          [-124.48623, 31.53299],
          [-124.46024, 31.53788],
          [-124.43425, 31.54277],
          [-124.40825, 31.54765],
          [-124.39862, 31.5605],
          [-124.38797, 31.57469],
          [-124.36197, 31.57957],
          [-124.33596, 31.58444],
          [-124.30995, 31.58931],
          [-124.28394, 31.59417],
          [-124.25792, 31.59903],
          [-124.2319, 31.60389],
          [-124.20588, 31.60874],
          [-124.17986, 31.61359],
          [-124.1702, 31.62641],
          [-124.15952, 31.64059],
          [-124.13349, 31.64543],
          [-124.10746, 31.65026],
          [-124.08142, 31.65509],
          [-124.05539, 31.65992],
          [-124.02935, 31.66474],
          [-124.0033, 31.66956],
          [-123.97726, 31.67437],
          [-123.95121, 31.67918],
          [-123.92517, 31.68399],
          [-123.89912, 31.68879],
          [-123.87306, 31.69358],
          [-123.84701, 31.69838],
          [-123.82095, 31.70316],
          [-123.79489, 31.70795],
          [-123.76883, 31.71272],
          [-123.74277, 31.7175],
          [-123.7167, 31.72227],
          [-123.70698, 31.73507],
          [-123.69624, 31.74921],
          [-123.67016, 31.75397],
          [-123.64408, 31.75873],
          [-123.61801, 31.76348],
          [-123.59192, 31.76823],
          [-123.56584, 31.77298],
          [-123.53976, 31.77772],
          [-123.51367, 31.78245],
          [-123.48758, 31.78718],
          [-123.46149, 31.79191],
          [-123.43539, 31.79664],
          [-123.4093, 31.80136],
          [-123.3832, 31.80607],
          [-123.3571, 31.81078],
          [-123.33099, 31.81549],
          [-123.30489, 31.82019],
          [-123.27878, 31.82489],
          [-123.25267, 31.82958],
          [-123.22656, 31.83427],
          [-123.20045, 31.83895],
          [-123.17433, 31.84363],
          [-123.14822, 31.84831],
          [-123.1221, 31.85298],
          [-123.09598, 31.85765],
          [-123.06985, 31.86231],
          [-123.04373, 31.86697],
          [-123.0176, 31.87162],
          [-122.99147, 31.87627],
          [-122.96534, 31.88092],
          [-122.9392, 31.88556],
          [-122.92938, 31.8983],
          [-122.91852, 31.91239],
          [-122.89238, 31.91702],
          [-122.86624, 31.92165],
          [-122.84009, 31.92628],
          [-122.81394, 31.9309],
          [-122.79735, 31.92167],
          [-122.78235, 31.91332],
          [-122.7562, 31.91793],
          [-122.73005, 31.92254],
          [-122.7039, 31.92714],
          [-122.68732, 31.9179],
          [-122.67233, 31.90954],
          [-122.64618, 31.91413],
          [-122.62002, 31.91872],
          [-122.60345, 31.90947],
          [-122.58847, 31.9011],
          [-122.56231, 31.90568],
          [-122.53616, 31.91026],
          [-122.51, 31.91483],
          [-122.50013, 31.92754],
          [-122.48922, 31.9416],
          [-122.46305, 31.94616],
          [-122.43688, 31.95072],
          [-122.41071, 31.95527],
          [-122.38453, 31.95982],
          [-122.35836, 31.96437],
          [-122.33218, 31.96891],
          [-122.306, 31.97345],
          [-122.27982, 31.97798],
          [-122.25364, 31.98251],
          [-122.22745, 31.98703],
          [-122.20126, 31.99155],
          [-122.17507, 31.99606],
          [-122.14888, 32.00058],
          [-122.12269, 32.00508],
          [-122.09649, 32.00958],
          [-122.07029, 32.01408],
          [-122.04409, 32.01858],
          [-122.01789, 32.02306],
          [-121.99169, 32.02755],
          [-121.97515, 32.01824],
          [-121.9602, 32.00981],
          [-121.93399, 32.01429],
          [-121.90779, 32.01876],
          [-121.88158, 32.02322],
          [-121.85537, 32.02769],
          [-121.83885, 32.01836],
          [-121.82391, 32.00992],
          [-121.7977, 32.01438],
          [-121.77149, 32.01882],
          [-121.74527, 32.02327],
          [-121.72876, 32.01393],
          [-121.71382, 32.00548],
          [-121.68761, 32.00992],
          [-121.67764, 32.02258],
          [-121.66662, 32.03658],
          [-121.6404, 32.041],
          [-121.63042, 32.05366],
          [-121.61939, 32.06765],
          [-121.60289, 32.0583],
          [-121.58795, 32.04984],
          [-121.56173, 32.05426],
          [-121.5355, 32.05867],
          [-121.519, 32.04931],
          [-121.50407, 32.04084],
          [-121.48758, 32.03148],
          [-121.47266, 32.02301],
          [-121.44643, 32.0274],
          [-121.42994, 32.01804],
          [-121.41503, 32.00956],
          [-121.3888, 32.01395],
          [-121.36258, 32.01833],
          [-121.35257, 32.03097],
          [-121.34151, 32.04494],
          [-121.31527, 32.04932],
          [-121.28904, 32.05368],
          [-121.2628, 32.05805],
          [-121.23656, 32.06241],
          [-121.21031, 32.06677],
          [-121.18407, 32.07112],
          [-121.17404, 32.08375],
          [-121.16295, 32.09771],
          [-121.13669, 32.10205],
          [-121.12022, 32.09265],
          [-121.10532, 32.08415],
          [-121.07907, 32.08848],
          [-121.05281, 32.09281],
          [-121.02655, 32.09714],
          [-121.00029, 32.10146],
          [-120.99024, 32.11408],
          [-120.97913, 32.12802],
          [-120.95286, 32.13234],
          [-120.92659, 32.13664],
          [-120.90032, 32.14095],
          [-120.89025, 32.15356],
          [-120.87912, 32.1675],
          [-120.85284, 32.17179],
          [-120.82656, 32.17608],
          [-120.80027, 32.18037],
          [-120.77399, 32.18466],
          [-120.7477, 32.18894],
          [-120.72141, 32.19321],
          [-120.69512, 32.19748],
          [-120.68502, 32.21008],
          [-120.67386, 32.224],
          [-120.64756, 32.22826],
          [-120.62126, 32.23252],
          [-120.61115, 32.24511],
          [-120.59998, 32.25902],
          [-120.57367, 32.26327],
          [-120.54735, 32.26752],
          [-120.52104, 32.27176],
          [-120.49472, 32.27599],
          [-120.48459, 32.28858],
          [-120.4734, 32.30248],
          [-120.44708, 32.30671],
          [-120.42075, 32.31093],
          [-120.41061, 32.32351],
          [-120.39941, 32.3374],
          [-120.37307, 32.34162],
          [-120.36293, 32.35419],
          [-120.35171, 32.36809],
          [-120.32537, 32.37229],
          [-120.31522, 32.38486],
          [-120.304, 32.39875],
          [-120.27764, 32.40295],
          [-120.26748, 32.41551],
          [-120.25625, 32.4294],
          [-120.22989, 32.43359],
          [-120.21972, 32.44615],
          [-120.20848, 32.46003],
          [-120.18211, 32.46421],
          [-120.17193, 32.47677],
          [-120.16069, 32.49064],
          [-120.1343, 32.49482],
          [-120.10792, 32.49899],
          [-120.09773, 32.51154],
          [-120.08647, 32.52541],
          [-120.07628, 32.53796],
          [-120.06502, 32.55183],
          [-120.03862, 32.55598],
          [-120.01222, 32.56014],
          [-120.00201, 32.57268],
          [-119.99074, 32.58654],
          [-119.98053, 32.59908],
          [-119.96925, 32.61294],
          [-119.94283, 32.61708],
          [-119.93262, 32.62962],
          [-119.93753, 32.65187],
          [-119.92624, 32.66572],
          [-119.91602, 32.67826],
          [-119.90472, 32.69211],
          [-119.87828, 32.69624],
          [-119.86805, 32.70877],
          [-119.85674, 32.72261],
          [-119.84651, 32.73514],
          [-119.8352, 32.74899],
          [-119.80874, 32.75311],
          [-119.7985, 32.76563],
          [-119.78718, 32.77947],
          [-119.76072, 32.78358],
          [-119.75047, 32.7961],
          [-119.73914, 32.80994],
          [-119.72888, 32.82245],
          [-119.71755, 32.83629],
          [-119.69107, 32.84038],
          [-119.68081, 32.8529],
          [-119.66946, 32.86673],
          [-119.64298, 32.87082],
          [-119.6327, 32.88333],
          [-119.62135, 32.89715],
          [-119.61108, 32.90966],
          [-119.59972, 32.92348],
          [-119.58944, 32.93598],
          [-119.57807, 32.9498],
          [-119.55156, 32.95388],
          [-119.54128, 32.96638],
          [-119.5299, 32.98019],
          [-119.50338, 32.98426],
          [-119.49309, 32.99676],
          [-119.48171, 33.01057],
          [-119.45518, 33.01463],
          [-119.44488, 33.02712],
          [-119.43348, 33.04093],
          [-119.42318, 33.05342],
          [-119.41178, 33.06722],
          [-119.40147, 33.07971],
          [-119.39006, 33.09351],
          [-119.37975, 33.10599],
          [-119.36834, 33.11979],
          [-119.34178, 33.12383],
          [-119.33146, 33.13631],
          [-119.32004, 33.15011],
          [-119.30971, 33.16259],
          [-119.29829, 33.17638],
          [-119.28795, 33.18886],
          [-119.27653, 33.20265],
          [-119.26619, 33.21512],
          [-119.25475, 33.22891],
          [-119.22817, 33.23293],
          [-119.21782, 33.2454],
          [-119.20638, 33.25918],
          [-119.17978, 33.26319],
          [-119.16943, 33.27566],
          [-119.15798, 33.28944],
          [-119.14762, 33.3019],
          [-119.13616, 33.31568],
          [-119.10955, 33.31968],
          [-119.09918, 33.33214],
          [-119.08772, 33.34591],
          [-119.07734, 33.35836],
          [-119.06587, 33.37213],
          [-119.03925, 33.37612],
          [-119.01262, 33.3801],
          [-119.00223, 33.39255],
          [-118.99075, 33.40632],
          [-118.96412, 33.41029],
          [-118.95372, 33.42274],
          [-118.94223, 33.4365],
          [-118.93183, 33.44894],
          [-118.92034, 33.4627],
          [-118.90993, 33.47514],
          [-118.89843, 33.48889],
          [-118.88802, 33.50133],
          [-118.87652, 33.51508],
          [-118.84985, 33.51904],
          [-118.83943, 33.53147],
          [-118.82792, 33.54522],
          [-118.80124, 33.54917],
          [-118.77456, 33.55311],
          [-118.76414, 33.56554],
          [-118.75261, 33.57928],
          [-118.72592, 33.58321],
          [-118.71549, 33.59564],
          [-118.70395, 33.60937],
          [-118.69351, 33.6218],
          [-118.68197, 33.63553],
          [-118.65526, 33.63945],
          [-118.64481, 33.65187],
          [-118.63326, 33.6656],
          [-118.60655, 33.66951],
          [-118.59609, 33.68192],
          [-118.58453, 33.69565],
          [-118.55781, 33.69955],
          [-118.53109, 33.70345],
          [-118.50437, 33.70735],
          [-118.4939, 33.71976],
          [-118.48232, 33.73347],
          [-118.45559, 33.73736],
          [-118.42886, 33.74124],
          [-118.40212, 33.74512],
          [-118.39163, 33.75752],
          [-118.38004, 33.77122],
          [-118.3533, 33.77509],
          [-118.3428, 33.78749],
          [-118.3312, 33.80119],
          [-118.30445, 33.80505],
          [-118.27769, 33.80891],
          [-118.26718, 33.8213],
          [-118.25557, 33.83499],
          [-118.22881, 33.83884],
          [-118.20204, 33.84269],
          [-118.17527, 33.84653],
          [-118.16475, 33.85891],
          [-118.15312, 33.87259],
          [-118.12634, 33.87642],
          [-118.11582, 33.8888],
          [-118.10417, 33.90248],
          [-118.07739, 33.90631],
          [-118.0506, 33.91013],
          [-118.04006, 33.9225],
          [-118.02841, 33.93617],
          [-118.01786, 33.94854],
          [-118.0062, 33.96221],
          [-117.9794, 33.96602],
          [-117.96885, 33.97838],
          [-117.95718, 33.99205],
          [-117.94662, 34.00441],
          [-117.93495, 34.01808],
          [-117.90813, 34.02187],
          [-117.89756, 34.03423],
          [-117.88588, 34.04789],
          [-117.87531, 34.06025],
          [-117.86362, 34.0739],
          [-117.85305, 34.08626],
          [-117.84135, 34.09991],
          [-117.83077, 34.11226],
          [-117.81907, 34.12591],
          [-117.79223, 34.12969],
          [-117.78164, 34.14204],
          [-117.76993, 34.15568],
          [-117.74307, 34.15945],
          [-117.73247, 34.17179],
          [-117.72076, 34.18543],
          [-117.71015, 34.19777],
          [-117.69843, 34.21141],
          [-117.67156, 34.21517],
          [-117.66095, 34.2275],
          [-117.66548, 34.24972],
          [-117.65375, 34.26336],
          [-117.64313, 34.27569],
          [-117.6314, 34.28932],
          [-117.62077, 34.30165],
          [-117.60903, 34.31528],
          [-117.58213, 34.31902],
          [-117.5715, 34.33135],
          [-117.57602, 34.35356],
          [-117.56427, 34.36719],
          [-117.55363, 34.37951],
          [-117.55815, 34.40173],
          [-117.54639, 34.41535],
          [-117.53574, 34.42767],
          [-117.52398, 34.44128],
          [-117.51333, 34.4536],
          [-117.50155, 34.46722],
          [-117.4909, 34.47953],
          [-117.47912, 34.49315],
          [-117.46846, 34.50546],
          [-117.45668, 34.51907],
          [-117.42973, 34.52278],
          [-117.40277, 34.52649],
          [-117.37581, 34.53019],
          [-117.34885, 34.53388],
          [-117.32189, 34.53758],
          [-117.29493, 34.54126],
          [-117.26796, 34.54495],
          [-117.24099, 34.54863],
          [-117.21403, 34.5523],
          [-117.18706, 34.55597],
          [-117.16008, 34.55964],
          [-117.13311, 34.5633],
          [-117.12241, 34.57559],
          [-117.11057, 34.58917],
          [-117.09986, 34.60146],
          [-117.08802, 34.61503],
          [-117.07731, 34.62732],
          [-117.08175, 34.64953],
          [-117.0699, 34.6631],
          [-117.05918, 34.67539],
          [-117.06361, 34.69759],
          [-117.05176, 34.71116],
          [-117.04103, 34.72344],
          [-117.02918, 34.73701],
          [-117.01844, 34.74929],
          [-117.00658, 34.76285],
          [-116.99584, 34.77513],
          [-116.98397, 34.78869],
          [-116.97323, 34.80096],
          [-116.97765, 34.82316],
          [-116.96578, 34.83672],
          [-116.95503, 34.84899],
          [-116.94315, 34.86255],
          [-116.93239, 34.87481],
          [-116.9205, 34.88837],
          [-116.90975, 34.90063],
          [-116.89785, 34.91418],
          [-116.88709, 34.92644],
          [-116.87519, 34.93999],
          [-116.86442, 34.95225],
          [-116.85252, 34.9658],
          [-116.84174, 34.97805],
          [-116.82983, 34.9916],
          [-116.81905, 35.00385],
          [-116.80714, 35.01739],
          [-116.79635, 35.02964],
          [-116.78443, 35.04318],
          [-116.77365, 35.05543],
          [-116.76172, 35.06896],
          [-116.75092, 35.08121],
          [-116.73899, 35.09474],
          [-116.72819, 35.10699],
          [-116.71626, 35.12052],
          [-116.70545, 35.13276],
          [-116.69351, 35.14628],
          [-116.6827, 35.15852],
          [-116.67075, 35.17205],
          [-116.65994, 35.18428],
          [-116.64798, 35.1978],
          [-116.63716, 35.21004],
          [-116.64154, 35.23222],
          [-116.62957, 35.24573],
          [-116.61875, 35.25796],
          [-116.60678, 35.27148],
          [-116.59595, 35.28371],
          [-116.58398, 35.29722],
          [-116.57314, 35.30944],
          [-116.56116, 35.32295],
          [-116.55032, 35.33518],
          [-116.53834, 35.34868],
          [-116.52749, 35.3609],
          [-116.53185, 35.38307],
          [-116.51986, 35.39658],
          [-116.509, 35.40879],
          [-116.51336, 35.43096],
          [-116.50136, 35.44446],
          [-116.4905, 35.45668],
          [-116.49485, 35.47884],
          [-116.48284, 35.49234],
          [-116.47198, 35.50455],
          [-116.47633, 35.52671],
          [-116.48068, 35.54887],
          [-116.46866, 35.56237],
          [-116.45779, 35.57457],
          [-116.46214, 35.59673],
          [-116.45011, 35.61022],
          [-116.43923, 35.62242],
          [-116.44358, 35.64458],
          [-116.43155, 35.65806],
          [-116.42066, 35.67026],
          [-116.42501, 35.69242],
          [-116.41297, 35.7059],
          [-116.40207, 35.71809],
          [-116.39003, 35.73157],
          [-116.37913, 35.74377],
          [-116.36708, 35.75724],
          [-116.35618, 35.76943],
          [-116.36051, 35.79158],
          [-116.36485, 35.81372],
          [-116.35279, 35.8272],
          [-116.34188, 35.83938],
          [-116.34621, 35.86152],
          [-116.35055, 35.88366],
          [-116.35489, 35.9058],
          [-116.35923, 35.92793],
          [-116.36358, 35.95007],
          [-116.36792, 35.9722],
          [-116.37227, 35.99433],
          [-116.37662, 36.01646],
          [-116.38097, 36.03858],
          [-116.39603, 36.04742],
          [-116.41269, 36.05719],
          [-116.41705, 36.07931],
          [-116.42141, 36.10143],
          [-116.43648, 36.11026],
          [-116.45315, 36.12002],
          [-116.45752, 36.14214],
          [-116.47261, 36.15096],
          [-116.48928, 36.16072],
          [-116.49366, 36.18283],
          [-116.50875, 36.19165],
          [-116.52544, 36.2014],
          [-116.52983, 36.22351],
          [-116.53422, 36.24561],
          [-116.53861, 36.26772],
          [-116.543, 36.28982],
          [-116.5474, 36.31192],
          [-116.55179, 36.33402],
          [-116.55619, 36.35611],
          [-116.56059, 36.37821],
          [-116.5485, 36.39167],
          [-116.53755, 36.40384],
          [-116.54195, 36.42593],
          [-116.54635, 36.44802],
          [-116.55075, 36.47011],
          [-116.55515, 36.49219],
          [-116.54304, 36.50564],
          [-116.53208, 36.51781],
          [-116.53648, 36.5399],
          [-116.54089, 36.56198],
          [-116.54529, 36.58405],
          [-116.53317, 36.5975],
          [-116.5222, 36.60967],
          [-116.5266, 36.63174],
          [-116.53101, 36.65381],
          [-116.53542, 36.67588],
          [-116.52328, 36.68932],
          [-116.5123, 36.70148],
          [-116.51671, 36.72355],
          [-116.52111, 36.74561],
          [-116.52552, 36.76768],
          [-116.51338, 36.78111],
          [-116.50239, 36.79327],
          [-116.50679, 36.81533],
          [-116.5112, 36.83739],
          [-116.51561, 36.85944],
          [-116.50346, 36.87287],
          [-116.49246, 36.88502],
          [-116.49686, 36.90707],
          [-116.50128, 36.92912],
          [-116.50569, 36.95117],
          [-116.49352, 36.9646],
          [-116.48251, 36.97674],
          [-116.48692, 36.99878],
          [-116.49133, 37.02083],
          [-116.47915, 37.03425],
          [-116.47469, 37.04555],
          [-116.47254, 37.06843],
          [-116.47695, 37.09046],
          [-116.48137, 37.1125],
          [-116.47853, 37.13545],
          [-116.47359, 37.14794],
          [-116.46256, 37.16008],
          [-116.46697, 37.18211],
          [-116.47139, 37.20413],
          [-116.45919, 37.21754],
          [-116.44815, 37.22967],
          [-116.45256, 37.2517],
          [-116.45698, 37.27372],
          [-116.44477, 37.28712],
          [-116.43372, 37.29925],
          [-116.43813, 37.32127],
          [-116.42591, 37.33467],
          [-116.41486, 37.34679],
          [-116.41927, 37.3688],
          [-116.40704, 37.3822],
          [-116.39598, 37.39432],
          [-116.40039, 37.41633],
          [-116.4048, 37.43834],
          [-116.39256, 37.45173],
          [-116.38149, 37.46384],
          [-116.3859, 37.48585],
          [-116.39031, 37.50785],
          [-116.39472, 37.52985],
          [-116.39914, 37.55185],
          [-116.38689, 37.56523],
          [-116.37581, 37.57734],
          [-116.38022, 37.59933],
          [-116.38463, 37.62133],
          [-116.38905, 37.64331],
          [-116.39347, 37.6653],
          [-116.38121, 37.67868],
          [-116.37011, 37.69078],
          [-116.37453, 37.71277],
          [-116.37894, 37.73475],
          [-116.38336, 37.75673],
          [-116.37109, 37.7701],
          [-116.35998, 37.7822],
          [-116.3644, 37.80417],
          [-116.36882, 37.82615],
          [-116.37324, 37.84812],
          [-116.36096, 37.86148],
          [-116.34984, 37.87358],
          [-116.35426, 37.89554],
          [-116.35868, 37.91751],
          [-116.34638, 37.93087],
          [-116.33525, 37.94296],
          [-116.33967, 37.96492],
          [-116.3441, 37.98688],
          [-116.34852, 38.00884],
          [-116.33621, 38.02219],
          [-116.32507, 38.03427],
          [-116.3295, 38.05623],
          [-116.31718, 38.06958],
          [-116.30603, 38.08166],
          [-116.31045, 38.10361],
          [-116.31488, 38.12555],
          [-116.30255, 38.1389],
          [-116.2914, 38.15097],
          [-116.29582, 38.17292],
          [-116.30024, 38.19486],
          [-116.30466, 38.21679],
          [-116.29232, 38.23014],
          [-116.28116, 38.2422],
          [-116.28558, 38.26414],
          [-116.29, 38.28607],
          [-116.29443, 38.308],
          [-116.28208, 38.32133],
          [-116.2709, 38.3334],
          [-116.27532, 38.35532],
          [-116.27975, 38.37725],
          [-116.26739, 38.39058],
          [-116.2562, 38.40264],
          [-116.26063, 38.42455],
          [-116.24826, 38.43788],
          [-116.23707, 38.44994],
          [-116.24149, 38.47185],
          [-116.22911, 38.48517],
          [-116.21792, 38.49722],
          [-116.20553, 38.51054],
          [-116.19433, 38.52259],
          [-116.19874, 38.5445],
          [-116.18636, 38.55781],
          [-116.17514, 38.56986],
          [-116.17956, 38.59176],
          [-116.16716, 38.60507],
          [-116.15594, 38.61711],
          [-116.14354, 38.63042],
          [-116.13231, 38.64246],
          [-116.11991, 38.65576],
          [-116.10868, 38.6678],
          [-116.11308, 38.68969],
          [-116.10066, 38.70299],
          [-116.08943, 38.71502],
          [-116.077, 38.72832],
          [-116.06576, 38.74035],
          [-116.05333, 38.75364],
          [-116.04209, 38.76567],
          [-116.02965, 38.77896],
          [-116.0184, 38.79098],
          [-116.00596, 38.80426],
          [-115.9947, 38.81628],
          [-115.98225, 38.82957],
          [-115.97099, 38.84158],
          [-115.95854, 38.85486],
          [-115.94727, 38.86688],
          [-115.95165, 38.88876],
          [-115.93919, 38.90203],
          [-115.92791, 38.91404],
          [-115.91544, 38.92732],
          [-115.90416, 38.93932],
          [-115.89169, 38.95259],
          [-115.8804, 38.9646],
          [-115.86792, 38.97786],
          [-115.85663, 38.98986],
          [-115.84415, 39.00313],
          [-115.83285, 39.01512],
          [-115.82036, 39.02838],
          [-115.79221, 39.03177],
          [-115.7809, 39.04376],
          [-115.7684, 39.05701],
          [-115.75709, 39.069],
          [-115.74458, 39.08225],
          [-115.71641, 39.08562],
          [-115.70509, 39.09761],
          [-115.69257, 39.11085],
          [-115.68125, 39.12284],
          [-115.66872, 39.13608],
          [-115.65739, 39.14806],
          [-115.64486, 39.1613],
          [-115.61667, 39.16465],
          [-115.60533, 39.17662],
          [-115.59279, 39.18986],
          [-115.58144, 39.20183],
          [-115.5689, 39.21506],
          [-115.54069, 39.2184],
          [-115.52933, 39.23036],
          [-115.51678, 39.24359],
          [-115.50542, 39.25555],
          [-115.49286, 39.26877],
          [-115.48149, 39.28073],
          [-115.46892, 39.29395],
          [-115.44069, 39.29727],
          [-115.42931, 39.30923],
          [-115.41674, 39.32244],
          [-115.38849, 39.32575],
          [-115.37711, 39.3377],
          [-115.36452, 39.35091],
          [-115.35313, 39.36286],
          [-115.34054, 39.37606],
          [-115.32914, 39.388],
          [-115.31655, 39.4012],
          [-115.28828, 39.4045],
          [-115.27687, 39.41644],
          [-115.26426, 39.42963],
          [-115.25285, 39.44157],
          [-115.24024, 39.45476],
          [-115.21195, 39.45804],
          [-115.20054, 39.46997],
          [-115.18791, 39.48316],
          [-115.17649, 39.49509],
          [-115.16386, 39.50827],
          [-115.15243, 39.52019],
          [-115.13979, 39.53337],
          [-115.12835, 39.5453],
          [-115.11571, 39.55847],
          [-115.10427, 39.57039],
          [-115.09162, 39.58356],
          [-115.08017, 39.59548],
          [-115.06752, 39.60865],
          [-115.05607, 39.62056],
          [-115.04341, 39.63373],
          [-115.03195, 39.64564],
          [-115.01928, 39.6588],
          [-115.00782, 39.67071],
          [-114.99515, 39.68386],
          [-114.98368, 39.69577],
          [-114.971, 39.70892],
          [-114.95952, 39.72083],
          [-114.94684, 39.73398],
          [-114.93536, 39.74588],
          [-114.92267, 39.75902],
          [-114.91118, 39.77092],
          [-114.89849, 39.78406],
          [-114.88699, 39.79596],
          [-114.87429, 39.8091],
          [-114.8628, 39.82099],
          [-114.85009, 39.83413],
          [-114.83858, 39.84601],
          [-114.82587, 39.85915],
          [-114.79746, 39.86236],
          [-114.78595, 39.87424],
          [-114.77322, 39.88737],
          [-114.76171, 39.89924],
          [-114.74897, 39.91237],
          [-114.73745, 39.92425],
          [-114.72471, 39.93737],
          [-114.71319, 39.94924],
          [-114.70044, 39.96236],
          [-114.68891, 39.97423],
          [-114.67616, 39.98734],
          [-114.66462, 39.99921],
          [-114.65186, 40.01232],
          [-114.64032, 40.02418],
          [-114.62756, 40.03729],
          [-114.61601, 40.04915],
          [-114.60324, 40.06226],
          [-114.59168, 40.07412],
          [-114.57891, 40.08722],
          [-114.56735, 40.09907],
          [-114.55457, 40.11217],
          [-114.543, 40.12402],
          [-114.53021, 40.13712],
          [-114.50172, 40.14027],
          [-114.49015, 40.15212],
          [-114.47735, 40.16521],
          [-114.46577, 40.17705],
          [-114.46989, 40.19883],
          [-114.45708, 40.21191],
          [-114.44549, 40.22375],
          [-114.43268, 40.23683],
          [-114.42109, 40.24867],
          [-114.40827, 40.26175],
          [-114.39667, 40.27358],
          [-114.38385, 40.28665],
          [-114.37224, 40.29848],
          [-114.35941, 40.31155],
          [-114.33086, 40.31468],
          [-114.31925, 40.3265],
          [-114.30641, 40.33957],
          [-114.29479, 40.35139],
          [-114.28194, 40.36445],
          [-114.27032, 40.37627],
          [-114.25746, 40.38933],
          [-114.24583, 40.40114],
          [-114.23297, 40.4142],
          [-114.22134, 40.42601],
          [-114.20847, 40.43906],
          [-114.19683, 40.45087],
          [-114.18396, 40.46392],
          [-114.17231, 40.47572],
          [-114.15943, 40.48877],
          [-114.14778, 40.50057],
          [-114.13489, 40.51361],
          [-114.10628, 40.5167],
          [-114.09462, 40.5285],
          [-114.08173, 40.54153],
          [-114.07006, 40.55333],
          [-114.05716, 40.56636],
          [-114.04548, 40.57815],
          [-114.04953, 40.59989],
          [-114.03662, 40.61292],
          [-114.02494, 40.6247],
          [-114.01203, 40.63773],
          [-114.00034, 40.64951],
          [-113.98742, 40.66253],
          [-113.95876, 40.66559],
          [-113.94707, 40.67737],
          [-113.93413, 40.69039],
          [-113.92243, 40.70216],
          [-113.90949, 40.71517],
          [-113.89779, 40.72694],
          [-113.88484, 40.73995],
          [-113.87313, 40.75172],
          [-113.86018, 40.76473],
          [-113.84846, 40.77649],
          [-113.8355, 40.78949],
          [-113.82378, 40.80125],
          [-113.81081, 40.81425],
          [-113.79908, 40.82601],
          [-113.78611, 40.839],
          [-113.77438, 40.85076],
          [-113.7614, 40.86375],
          [-113.73268, 40.86677],
          [-113.72094, 40.87852],
          [-113.70795, 40.89151],
          [-113.6962, 40.90325],
          [-113.68321, 40.91624],
          [-113.67145, 40.92798],
          [-113.65845, 40.94096],
          [-113.64669, 40.9527],
          [-113.63369, 40.96567],
          [-113.62192, 40.97741],
          [-113.60891, 40.99038],
          [-113.59713, 41.00211],
          [-113.58412, 41.01508],
          [-113.55535, 41.01807],
          [-113.54357, 41.0298],
          [-113.53054, 41.04276],
          [-113.51875, 41.05449],
          [-113.50572, 41.06745],
          [-113.49392, 41.07917],
          [-113.48088, 41.09212],
          [-113.46908, 41.10384],
          [-113.45604, 41.11679],
          [-113.42724, 41.11976],
          [-113.41543, 41.13148],
          [-113.40237, 41.14442],
          [-113.39056, 41.15613],
          [-113.37749, 41.16908],
          [-113.36567, 41.18078],
          [-113.3696, 41.20247],
          [-113.35653, 41.21541],
          [-113.3447, 41.22711],
          [-113.33162, 41.24004],
          [-113.30279, 41.24299],
          [-113.29095, 41.25469],
          [-113.27786, 41.26762],
          [-113.26602, 41.27931],
          [-113.25292, 41.29224],
          [-113.24107, 41.30393],
          [-113.22797, 41.31685],
          [-113.21612, 41.32854],
          [-113.20301, 41.34145],
          [-113.19115, 41.35314],
          [-113.17803, 41.36605],
          [-113.16617, 41.37773],
          [-113.15305, 41.39064],
          [-113.14117, 41.40232],
          [-113.12805, 41.41523],
          [-113.11617, 41.4269],
          [-113.10304, 41.4398],
          [-113.09115, 41.45148],
          [-113.07801, 41.46437],
          [-113.06612, 41.47604],
          [-113.05298, 41.48894],
          [-113.04108, 41.5006],
          [-113.02793, 41.5135],
          [-113.01603, 41.52516],
          [-113.0199, 41.54681],
          [-113.00674, 41.5597],
          [-112.99483, 41.57136],
          [-112.98166, 41.58424],
          [-112.95272, 41.58713],
          [-112.9408, 41.59878],
          [-112.94465, 41.62043],
          [-112.93147, 41.6333],
          [-112.90251, 41.63618],
          [-112.89058, 41.64783],
          [-112.87739, 41.6607],
          [-112.86546, 41.67234],
          [-112.85226, 41.6852],
          [-112.84032, 41.69684],
          [-112.82712, 41.70971],
          [-112.81517, 41.72134],
          [-112.80196, 41.7342],
          [-112.79001, 41.74583],
          [-112.79383, 41.76747],
          [-112.78062, 41.78032],
          [-112.76866, 41.79195],
          [-112.75543, 41.8048],
          [-112.74346, 41.81643],
          [-112.73023, 41.82927],
          [-112.71826, 41.84089],
          [-112.70502, 41.85374],
          [-112.69305, 41.86536],
          [-112.69686, 41.88698],
          [-112.68361, 41.89981],
          [-112.67162, 41.91143],
          [-112.65837, 41.92426],
          [-112.64638, 41.93587],
          [-112.63312, 41.94871],
          [-112.62112, 41.96031],
          [-112.60786, 41.97314],
          [-112.59585, 41.98474],
          [-112.58258, 41.99757],
          [-112.57057, 42.00917],
          [-112.55729, 42.02199],
          [-112.54528, 42.03359],
          [-112.53199, 42.0464],
          [-112.51997, 42.058],
          [-112.50668, 42.07081],
          [-112.49465, 42.0824],
          [-112.48136, 42.09521],
          [-112.46932, 42.1068],
          [-112.45602, 42.1196],
          [-112.44398, 42.13119],
          [-112.43067, 42.14399],
          [-112.41863, 42.15557],
          [-112.40531, 42.16837],
          [-112.39326, 42.17995],
          [-112.37994, 42.19274],
          [-112.36788, 42.20432],
          [-112.35455, 42.21711],
          [-112.32541, 42.21988],
          [-112.31334, 42.23145],
          [-112.3, 42.24424],
          [-112.28793, 42.2558],
          [-112.27458, 42.26858],
          [-112.2625, 42.28015],
          [-112.24915, 42.29292],
          [-112.21998, 42.29568],
          [-112.20789, 42.30724],
          [-112.19453, 42.32001],
          [-112.16535, 42.32276],
          [-112.15326, 42.33431],
          [-112.13988, 42.34708],
          [-112.11069, 42.34981],
          [-112.0815, 42.35255],
          [-112.05231, 42.35528],
          [-112.0402, 42.36682],
          [-112.02681, 42.37958],
          [-112, 42.38207]
        ]
      }
    },
    {
      "type": "Feature",
      "id": "2026091106_f126_12000_001",
      "properties": {
        "product_id": "winter_storm_levels",
        "source_id": "nbm_snow_level",
        "parameter": "snow_level",
        "definition": "height of the wet-bulb 0.5 degree C surface",
        "level_ft_msl": 12000,
        "label": "12,000 ft MSL",
        "unit": "ft_msl",
        "cycle_time_utc": "2026-09-11T06:00:00Z",
        "valid_time_utc": "2026-09-16T12:00:00Z",
        "lead_hours": 126,
        "segment": 1,
        "length_m": 1468673
      },
      "geometry": {
        "type": "LineString",
        "coordinates": [
          [-118.6448, 30.24089],
          [-118.64022, 30.24653],
          [-118.63115, 30.25772],
          [-118.60522, 30.26167],
          [-118.59293, 30.27681],
          [-118.58384, 30.288],
          [-118.5579, 30.29193],
          [-118.5456, 30.30707],
          [-118.53651, 30.31826],
          [-118.51056, 30.32219],
          [-118.49825, 30.33732],
          [-118.48916, 30.34851],
          [-118.47684, 30.36364],
          [-118.46774, 30.37482],
          [-118.45542, 30.38995],
          [-118.44631, 30.40114],
          [-118.42034, 30.40505],
          [-118.40801, 30.42017],
          [-118.3989, 30.43135],
          [-118.37292, 30.43525],
          [-118.36059, 30.45037],
          [-118.35146, 30.46155],
          [-118.33912, 30.47667],
          [-118.33, 30.48784],
          [-118.31765, 30.50296],
          [-118.30852, 30.51413],
          [-118.29616, 30.52924],
          [-118.28703, 30.54041],
          [-118.26102, 30.5443],
          [-118.24866, 30.55941],
          [-118.23952, 30.57057],
          [-118.22715, 30.58568],
          [-118.21801, 30.59684],
          [-118.20563, 30.61195],
          [-118.19648, 30.62311],
          [-118.1841, 30.63821],
          [-118.17495, 30.64938],
          [-118.14892, 30.65324],
          [-118.13653, 30.66834],
          [-118.12737, 30.67949],
          [-118.11497, 30.69459],
          [-118.10581, 30.70575],
          [-118.09341, 30.72084],
          [-118.08424, 30.73199],
          [-118.07183, 30.74708],
          [-118.06266, 30.75824],
          [-118.05025, 30.77332],
          [-118.04107, 30.78448],
          [-118.02865, 30.79956],
          [-118.01947, 30.81071],
          [-117.9934, 30.81455],
          [-117.98097, 30.82963],
          [-117.97178, 30.84077],
          [-117.95935, 30.85585],
          [-117.95016, 30.867],
          [-117.93772, 30.88207],
          [-117.92852, 30.89321],
          [-117.91608, 30.90829],
          [-117.92054, 30.93068],
          [-117.91133, 30.94182],
          [-117.89888, 30.95689],
          [-117.88968, 30.96803],
          [-117.86356, 30.97184],
          [-117.8511, 30.98691],
          [-117.84189, 30.99805],
          [-117.82942, 31.01311],
          [-117.82021, 31.02424],
          [-117.80774, 31.0393],
          [-117.79851, 31.05044],
          [-117.78604, 31.06549],
          [-117.77681, 31.07662],
          [-117.76433, 31.09168],
          [-117.7551, 31.10281],
          [-117.74261, 31.11786],
          [-117.73338, 31.12899],
          [-117.72088, 31.14404],
          [-117.71165, 31.15516],
          [-117.69915, 31.17021],
          [-117.6899, 31.18134],
          [-117.6774, 31.19638],
          [-117.66815, 31.2075],
          [-117.64198, 31.21128],
          [-117.62946, 31.22632],
          [-117.62021, 31.23744],
          [-117.60769, 31.25248],
          [-117.6121, 31.27486],
          [-117.60284, 31.28598],
          [-117.59031, 31.30101],
          [-117.58105, 31.31213],
          [-117.55485, 31.31589],
          [-117.54231, 31.33092],
          [-117.53304, 31.34203],
          [-117.5205, 31.35706],
          [-117.51122, 31.36817],
          [-117.49867, 31.38319],
          [-117.4894, 31.3943],
          [-117.47684, 31.40932],
          [-117.46756, 31.42043],
          [-117.455, 31.43545],
          [-117.44571, 31.44655],
          [-117.43315, 31.46157],
          [-117.42386, 31.47267],
          [-117.41128, 31.48769],
          [-117.40199, 31.49879],
          [-117.38941, 31.5138],
          [-117.38011, 31.5249],
          [-117.36753, 31.53991],
          [-117.35823, 31.551],
          [-117.34564, 31.56601],
          [-117.33633, 31.57711],
          [-117.32374, 31.59211],
          [-117.31443, 31.6032],
          [-117.30182, 31.61821],
          [-117.29251, 31.6293],
          [-117.2799, 31.6443],
          [-117.27058, 31.65539],
          [-117.24429, 31.65909],
          [-117.23168, 31.67409],
          [-117.22235, 31.68517],
          [-117.20973, 31.70017],
          [-117.2004, 31.71125],
          [-117.18777, 31.72624],
          [-117.17844, 31.73732],
          [-117.1658, 31.75231],
          [-117.15647, 31.76339],
          [-117.14383, 31.77837],
          [-117.14817, 31.80075],
          [-117.13882, 31.81182],
          [-117.12617, 31.82681],
          [-117.11683, 31.83788],
          [-117.10417, 31.85286],
          [-117.09482, 31.86394],
          [-117.08216, 31.87891],
          [-117.0728, 31.88998],
          [-117.04646, 31.89366],
          [-117.03379, 31.90863],
          [-117.02442, 31.9197],
          [-117.01175, 31.93467],
          [-117.00238, 31.94573],
          [-116.9897, 31.9607],
          [-116.98033, 31.97176],
          [-116.96765, 31.98673],
          [-116.95827, 31.99779],
          [-116.94558, 32.01275],
          [-116.9362, 32.02381],
          [-116.9235, 32.03877],
          [-116.91411, 32.04983],
          [-116.90141, 32.06479],
          [-116.89202, 32.07584],
          [-116.87932, 32.0908],
          [-116.86992, 32.10185],
          [-116.85721, 32.1168],
          [-116.84781, 32.12785],
          [-116.83509, 32.1428],
          [-116.82569, 32.15385],
          [-116.81296, 32.1688],
          [-116.80356, 32.17985],
          [-116.79083, 32.19479],
          [-116.78141, 32.20584],
          [-116.76868, 32.22078],
          [-116.75926, 32.23182],
          [-116.74652, 32.24676],
          [-116.7371, 32.2578],
          [-116.72435, 32.27274],
          [-116.71493, 32.28378],
          [-116.70217, 32.29871],
          [-116.69275, 32.30975],
          [-116.67999, 32.32468],
          [-116.67055, 32.33572],
          [-116.65779, 32.35065],
          [-116.64835, 32.36168],
          [-116.63558, 32.37661],
          [-116.62614, 32.38764],
          [-116.61336, 32.40256],
          [-116.60392, 32.41359],
          [-116.59113, 32.42851],
          [-116.58168, 32.43954],
          [-116.5689, 32.45446],
          [-116.55944, 32.46548],
          [-116.54665, 32.4804],
          [-116.5509, 32.50275],
          [-116.54144, 32.51378],
          [-116.52863, 32.52869],
          [-116.51917, 32.53971],
          [-116.50636, 32.55462],
          [-116.51061, 32.57697],
          [-116.50114, 32.58799],
          [-116.48832, 32.6029],
          [-116.47885, 32.61392],
          [-116.46603, 32.62882],
          [-116.45655, 32.63983],
          [-116.44372, 32.65474],
          [-116.43424, 32.66575],
          [-116.4214, 32.68065],
          [-116.41192, 32.69166],
          [-116.39908, 32.70655],
          [-116.38959, 32.71756],
          [-116.36302, 32.72111],
          [-116.35018, 32.73601],
          [-116.3544, 32.75835],
          [-116.3449, 32.76936],
          [-116.33204, 32.78424],
          [-116.32254, 32.79525],
          [-116.30967, 32.81013],
          [-116.30016, 32.82113],
          [-116.2873, 32.83601],
          [-116.27778, 32.84701],
          [-116.26491, 32.86189],
          [-116.25539, 32.87289],
          [-116.24251, 32.88777],
          [-116.23299, 32.89876],
          [-116.22011, 32.91363],
          [-116.22431, 32.93597],
          [-116.21478, 32.94697],
          [-116.20189, 32.96184],
          [-116.19235, 32.97283],
          [-116.17945, 32.98769],
          [-116.18365, 33.01003],
          [-116.17411, 33.02102],
          [-116.1612, 33.03588],
          [-116.15166, 33.04687],
          [-116.13875, 33.06173],
          [-116.14294, 33.08406],
          [-116.13339, 33.09505],
          [-116.12047, 33.10991],
          [-116.11092, 33.12089],
          [-116.09799, 33.13574],
          [-116.08844, 33.14672],
          [-116.0755, 33.16158],
          [-116.06594, 33.17255],
          [-116.053, 33.1874],
          [-116.04344, 33.19838],
          [-116.0305, 33.21323],
          [-116.03467, 33.23555],
          [-116.0251, 33.24653],
          [-116.01215, 33.26137],
          [-116.00257, 33.27234],
          [-115.98961, 33.28718],
          [-115.98003, 33.29815],
          [-115.96707, 33.31299],
          [-115.95748, 33.32395],
          [-115.94451, 33.33879],
          [-115.94868, 33.36111],
          [-115.93909, 33.37208],
          [-115.92611, 33.38691],
          [-115.91651, 33.39787],
          [-115.90353, 33.4127],
          [-115.90769, 33.43502],
          [-115.89809, 33.44598],
          [-115.8851, 33.4608],
          [-115.87549, 33.47176],
          [-115.86249, 33.48658],
          [-115.86664, 33.5089],
          [-115.85703, 33.51985],
          [-115.84403, 33.53467],
          [-115.83441, 33.54563],
          [-115.8214, 33.56044],
          [-115.82555, 33.58276],
          [-115.81593, 33.59371],
          [-115.80291, 33.60852],
          [-115.80705, 33.63083],
          [-115.79743, 33.64178],
          [-115.7844, 33.65659],
          [-115.77477, 33.66753],
          [-115.76173, 33.68234],
          [-115.76587, 33.70464],
          [-115.75623, 33.71559],
          [-115.74319, 33.73039],
          [-115.74733, 33.75269],
          [-115.73769, 33.76364],
          [-115.72464, 33.77844],
          [-115.71499, 33.78937],
          [-115.70194, 33.80417],
          [-115.70607, 33.82647],
          [-115.69641, 33.83741],
          [-115.68335, 33.8522],
          [-115.67369, 33.86313],
          [-115.66062, 33.87792],
          [-115.65096, 33.88886],
          [-115.63789, 33.90364],
          [-115.64201, 33.92594],
          [-115.63234, 33.93687],
          [-115.61926, 33.95165],
          [-115.60958, 33.96258],
          [-115.5965, 33.97736],
          [-115.60061, 33.99965],
          [-115.59093, 34.01058],
          [-115.57784, 34.02535],
          [-115.58195, 34.04764],
          [-115.57227, 34.05857],
          [-115.55916, 34.07334],
          [-115.56327, 34.09563],
          [-115.55358, 34.10655],
          [-115.54047, 34.12132],
          [-115.54458, 34.1436],
          [-115.53488, 34.15452],
          [-115.52176, 34.16928],
          [-115.51206, 34.1802],
          [-115.49894, 34.19496],
          [-115.50304, 34.21724],
          [-115.49333, 34.22815],
          [-115.4802, 34.24291],
          [-115.4843, 34.26519],
          [-115.47459, 34.2761],
          [-115.46144, 34.29086],
          [-115.46555, 34.31313],
          [-115.45583, 34.32404],
          [-115.44268, 34.33879],
          [-115.43295, 34.3497],
          [-115.4198, 34.36445],
          [-115.42389, 34.38672],
          [-115.41416, 34.39762],
          [-115.401, 34.41237],
          [-115.40509, 34.43463],
          [-115.39535, 34.44553],
          [-115.38218, 34.46028],
          [-115.37244, 34.47117],
          [-115.35926, 34.48591],
          [-115.36335, 34.50818],
          [-115.3536, 34.51907],
          [-115.34042, 34.53381],
          [-115.3445, 34.55607],
          [-115.33475, 34.56696],
          [-115.32155, 34.58169],
          [-115.32564, 34.60395],
          [-115.31588, 34.61484],
          [-115.30268, 34.62957],
          [-115.29291, 34.64045],
          [-115.2797, 34.65518],
          [-115.26994, 34.66606],
          [-115.25672, 34.68079],
          [-115.26079, 34.70304],
          [-115.25102, 34.71392],
          [-115.2378, 34.72864],
          [-115.22802, 34.73952],
          [-115.21479, 34.75424],
          [-115.21886, 34.77649],
          [-115.20907, 34.78736],
          [-115.19584, 34.80208],
          [-115.18605, 34.81295],
          [-115.1728, 34.82766],
          [-115.17687, 34.8499],
          [-115.16707, 34.86077],
          [-115.15382, 34.87548],
          [-115.14402, 34.88635],
          [-115.13076, 34.90105],
          [-115.13482, 34.92329],
          [-115.12501, 34.93416],
          [-115.11175, 34.94886],
          [-115.10194, 34.95972],
          [-115.08866, 34.97442],
          [-115.07885, 34.98528],
          [-115.06557, 34.99997],
          [-115.06962, 35.02221],
          [-115.0598, 35.03307],
          [-115.04651, 35.04776],
          [-115.03669, 35.05861],
          [-115.02339, 35.0733],
          [-115.02744, 35.09553],
          [-115.01761, 35.10638],
          [-115.0043, 35.12107],
          [-114.99447, 35.13192],
          [-114.98116, 35.1466],
          [-114.97132, 35.15745],
          [-114.95801, 35.17212],
          [-114.94816, 35.18297],
          [-114.93484, 35.19764],
          [-114.92499, 35.20849],
          [-114.91167, 35.22316],
          [-114.90181, 35.234],
          [-114.88848, 35.24867],
          [-114.87862, 35.25951],
          [-114.86529, 35.27417],
          [-114.85542, 35.28501],
          [-114.84208, 35.29967],
          [-114.83221, 35.3105],
          [-114.81886, 35.32516],
          [-114.80899, 35.33599],
          [-114.78175, 35.33926],
          [-114.75451, 35.34253],
          [-114.74115, 35.35718],
          [-114.73127, 35.368],
          [-114.70402, 35.37126],
          [-114.69064, 35.3859],
          [-114.68076, 35.39672],
          [-114.6535, 35.39997],
          [-114.64011, 35.41461],
          [-114.63022, 35.42543],
          [-114.60295, 35.42867],
          [-114.58956, 35.4433],
          [-114.57965, 35.45411],
          [-114.56625, 35.46874],
          [-114.55634, 35.47956],
          [-114.54293, 35.49418],
          [-114.5469, 35.5164],
          [-114.53698, 35.52721],
          [-114.52356, 35.54183],
          [-114.51364, 35.55264],
          [-114.50022, 35.56726],
          [-114.50418, 35.58946],
          [-114.49425, 35.60027],
          [-114.48082, 35.61489],
          [-114.47089, 35.62569],
          [-114.45745, 35.6403],
          [-114.44752, 35.6511],
          [-114.43407, 35.66571],
          [-114.43802, 35.68791],
          [-114.42808, 35.69871],
          [-114.41463, 35.71331],
          [-114.40468, 35.72411],
          [-114.39122, 35.73871],
          [-114.38127, 35.7495],
          [-114.36781, 35.7641],
          [-114.37174, 35.7863],
          [-114.36179, 35.79709],
          [-114.34831, 35.81168],
          [-114.35225, 35.83388],
          [-114.34228, 35.84466],
          [-114.33667, 35.85834],
          [-114.33273, 35.88144],
          [-114.33667, 35.90363],
          [-114.3267, 35.91441],
          [-114.3132, 35.929],
          [-114.31713, 35.95118],
          [-114.32107, 35.97337],
          [-114.325, 35.99555],
          [-114.31502, 36.00633],
          [-114.30151, 36.02091],
          [-114.30545, 36.04308],
          [-114.30938, 36.06526],
          [-114.31331, 36.08743],
          [-114.31725, 36.1096],
          [-114.30726, 36.12038],
          [-114.30163, 36.13404],
          [-114.29767, 36.15712],
          [-114.30161, 36.17929],
          [-114.30554, 36.20145],
          [-114.30948, 36.22361],
          [-114.31342, 36.24577],
          [-114.31736, 36.26793],
          [-114.30736, 36.2787],
          [-114.30172, 36.29235],
          [-114.29776, 36.31542],
          [-114.3017, 36.33757],
          [-114.30564, 36.35973],
          [-114.30959, 36.38188],
          [-114.31353, 36.40402],
          [-114.31748, 36.42617],
          [-114.32143, 36.44831],
          [-114.32538, 36.47046],
          [-114.32933, 36.4926],
          [-114.33329, 36.51473],
          [-114.3514, 36.52563],
          [-114.36479, 36.53369],
          [-114.36875, 36.55582],
          [-114.37272, 36.57795],
          [-114.39085, 36.58885],
          [-114.40425, 36.5969],
          [-114.40822, 36.61903],
          [-114.42636, 36.62991],
          [-114.43977, 36.63796],
          [-114.45791, 36.64884],
          [-114.47133, 36.65689],
          [-114.48948, 36.66776],
          [-114.50289, 36.6758],
          [-114.50689, 36.69792],
          [-114.52505, 36.7088],
          [-114.53848, 36.71683],
          [-114.54248, 36.73895],
          [-114.54649, 36.76106],
          [-114.56466, 36.77193],
          [-114.5781, 36.77996],
          [-114.58212, 36.80207],
          [-114.58613, 36.82417],
          [-114.59015, 36.84628],
          [-114.59417, 36.86838],
          [-114.59819, 36.89048],
          [-114.58816, 36.90124],
          [-114.58252, 36.91487],
          [-114.5786, 36.93789],
          [-114.58262, 36.95998],
          [-114.58664, 36.98208],
          [-114.59067, 37.00417],
          [-114.59469, 37.02625],
          [-114.59872, 37.04834],
          [-114.60275, 37.07043],
          [-114.60678, 37.09251],
          [-114.61081, 37.11459],
          [-114.61485, 37.13667],
          [-114.61888, 37.15874],
          [-114.62292, 37.18082],
          [-114.62696, 37.20289],
          [-114.64522, 37.21373],
          [-114.65871, 37.22174],
          [-114.66276, 37.24381],
          [-114.68103, 37.25464],
          [-114.69454, 37.26265],
          [-114.71281, 37.27348],
          [-114.72632, 37.28148],
          [-114.7446, 37.29231],
          [-114.75812, 37.30031],
          [-114.77641, 37.31113],
          [-114.80414, 37.30789],
          [-114.81766, 37.31588],
          [-114.83596, 37.32669],
          [-114.84948, 37.33469],
          [-114.85357, 37.35674],
          [-114.87188, 37.36755],
          [-114.88542, 37.37554],
          [-114.88952, 37.39758],
          [-114.89362, 37.41963],
          [-114.89772, 37.44168],
          [-114.90183, 37.46372],
          [-114.90593, 37.48576],
          [-114.91004, 37.5078],
          [-114.89998, 37.51855],
          [-114.88636, 37.53309],
          [-114.89047, 37.55513],
          [-114.89458, 37.57716],
          [-114.89869, 37.59919],
          [-114.9028, 37.62122],
          [-114.89273, 37.63196],
          [-114.8791, 37.6465],
          [-114.88321, 37.66852],
          [-114.88732, 37.69055],
          [-114.89143, 37.71257],
          [-114.89554, 37.73459],
          [-114.88546, 37.74533],
          [-114.87181, 37.75985],
          [-114.87593, 37.78187],
          [-114.88004, 37.80388],
          [-114.86995, 37.81462],
          [-114.85629, 37.82914],
          [-114.8604, 37.85115],
          [-114.86451, 37.87315],
          [-114.85441, 37.88389],
          [-114.84075, 37.8984],
          [-114.84486, 37.92041],
          [-114.83475, 37.93113],
          [-114.82107, 37.94565],
          [-114.82518, 37.96765],
          [-114.81507, 37.97837],
          [-114.80138, 37.99288],
          [-114.80549, 38.01487],
          [-114.8096, 38.03687],
          [-114.79948, 38.04759],
          [-114.78578, 38.06209],
          [-114.77566, 38.07281],
          [-114.76195, 38.08731],
          [-114.76605, 38.1093],
          [-114.75592, 38.12001],
          [-114.74221, 38.13451],
          [-114.74631, 38.15649],
          [-114.73617, 38.1672],
          [-114.72245, 38.18169],
          [-114.71231, 38.1924],
          [-114.69858, 38.20689],
          [-114.68843, 38.21759],
          [-114.6747, 38.23208],
          [-114.67879, 38.25405],
          [-114.66863, 38.26476],
          [-114.65489, 38.27923],
          [-114.64473, 38.28994],
          [-114.63098, 38.30441],
          [-114.62082, 38.31511],
          [-114.60706, 38.32958],
          [-114.59689, 38.34028],
          [-114.58313, 38.35475],
          [-114.57296, 38.36544],
          [-114.55919, 38.3799],
          [-114.54901, 38.39059],
          [-114.53523, 38.40506],
          [-114.5393, 38.42702],
          [-114.52912, 38.4377],
          [-114.51533, 38.45216],
          [-114.50514, 38.46285],
          [-114.49135, 38.4773],
          [-114.48116, 38.48798],
          [-114.46736, 38.50243],
          [-114.45716, 38.51311],
          [-114.4291, 38.51628],
          [-114.4153, 38.53072],
          [-114.40509, 38.5414],
          [-114.39127, 38.55584],
          [-114.38106, 38.56651],
          [-114.36724, 38.58095],
          [-114.35702, 38.59162],
          [-114.3432, 38.60605],
          [-114.34723, 38.628],
          [-114.33701, 38.63866],
          [-114.32317, 38.65309],
          [-114.31294, 38.66376],
          [-114.2991, 38.67818],
          [-114.30313, 38.70012],
          [-114.29289, 38.71078],
          [-114.27904, 38.7252],
          [-114.28307, 38.74714],
          [-114.27283, 38.75779],
          [-114.25896, 38.77221],
          [-114.26299, 38.79414],
          [-114.25274, 38.80479],
          [-114.23887, 38.8192],
          [-114.22862, 38.82986],
          [-114.21474, 38.84426],
          [-114.21876, 38.86619],
          [-114.2085, 38.87684],
          [-114.19461, 38.89124],
          [-114.18435, 38.90188],
          [-114.17046, 38.91628],
          [-114.17447, 38.9382],
          [-114.1642, 38.94884],
          [-114.1503, 38.96324],
          [-114.14002, 38.97387],
          [-114.11183, 38.97699],
          [-114.09792, 38.99137],
          [-114.08764, 39.00201],
          [-114.05944, 39.00511],
          [-114.03124, 39.00821],
          [-114.00303, 39.01131],
          [-113.97483, 39.01439],
          [-113.94662, 39.01748],
          [-113.91842, 39.02056],
          [-113.90447, 39.03493],
          [-113.89417, 39.04555],
          [-113.86595, 39.04862],
          [-113.83773, 39.05169],
          [-113.82377, 39.06605],
          [-113.81345, 39.07666],
          [-113.78523, 39.07972],
          [-113.77126, 39.09408],
          [-113.76093, 39.10469],
          [-113.73269, 39.10774],
          [-113.71871, 39.12209],
          [-113.70838, 39.13269],
          [-113.69439, 39.14704],
          [-113.68405, 39.15764],
          [-113.67006, 39.17198],
          [-113.65971, 39.18258],
          [-113.64571, 39.19692],
          [-113.63536, 39.20752],
          [-113.62136, 39.22185],
          [-113.611, 39.23245],
          [-113.59699, 39.24678],
          [-113.58663, 39.25737],
          [-113.57261, 39.2717],
          [-113.56224, 39.28228],
          [-113.54821, 39.29661],
          [-113.53784, 39.30719],
          [-113.50955, 39.3102],
          [-113.49551, 39.32452],
          [-113.48513, 39.3351],
          [-113.47109, 39.34942],
          [-113.4607, 39.36],
          [-113.44665, 39.37431],
          [-113.43627, 39.38488],
          [-113.42221, 39.39919],
          [-113.41181, 39.40976],
          [-113.39775, 39.42407],
          [-113.38735, 39.43464],
          [-113.37328, 39.44894],
          [-113.36288, 39.45951],
          [-113.33454, 39.46248],
          [-113.32045, 39.47678],
          [-113.31004, 39.48734],
          [-113.29595, 39.50163],
          [-113.28554, 39.51219],
          [-113.27144, 39.52648],
          [-113.26102, 39.53704],
          [-113.24692, 39.55132],
          [-113.23649, 39.56187],
          [-113.22239, 39.57615],
          [-113.21195, 39.58671],
          [-113.18357, 39.58966],
          [-113.16945, 39.60393],
          [-113.15901, 39.61448],
          [-113.14489, 39.62875],
          [-113.13444, 39.63929],
          [-113.12031, 39.65356],
          [-113.10986, 39.6641],
          [-113.09572, 39.67836],
          [-113.08527, 39.6889],
          [-113.07112, 39.70316],
          [-113.06066, 39.7137],
          [-113.04651, 39.72795],
          [-113.05032, 39.74981],
          [-113.03985, 39.76034],
          [-113.02569, 39.77459],
          [-113.01522, 39.78512],
          [-113.00105, 39.79937],
          [-112.99057, 39.8099],
          [-112.9764, 39.82414],
          [-112.96592, 39.83466],
          [-112.95173, 39.8489],
          [-112.94125, 39.85942],
          [-112.92706, 39.87366],
          [-112.91657, 39.88418],
          [-112.90237, 39.89841],
          [-112.89188, 39.90892],
          [-112.87767, 39.92315],
          [-112.86717, 39.93366],
          [-112.85296, 39.94789],
          [-112.85674, 39.96973],
          [-112.84623, 39.98024],
          [-112.83201, 39.99446],
          [-112.8215, 40.00496],
          [-112.80727, 40.01918],
          [-112.79676, 40.02968],
          [-112.78252, 40.04389],
          [-112.772, 40.05439],
          [-112.75776, 40.0686],
          [-112.74724, 40.0791],
          [-112.73299, 40.0933],
          [-112.73674, 40.11513],
          [-112.72621, 40.12563],
          [-112.71195, 40.13982],
          [-112.70142, 40.15032],
          [-112.68715, 40.16451],
          [-112.67661, 40.175],
          [-112.66234, 40.18919],
          [-112.65179, 40.19968],
          [-112.63752, 40.21386],
          [-112.62696, 40.22435],
          [-112.61268, 40.23853],
          [-112.60212, 40.24901],
          [-112.58783, 40.26319],
          [-112.57727, 40.27367],
          [-112.56297, 40.28785],
          [-112.5524, 40.29832],
          [-112.5381, 40.31249],
          [-112.52752, 40.32297],
          [-112.49892, 40.3258],
          [-112.48461, 40.33996],
          [-112.47402, 40.35043],
          [-112.4597, 40.36459],
          [-112.44911, 40.37506],
          [-112.43479, 40.38922],
          [-112.42419, 40.39968],
          [-112.39557, 40.4025],
          [-112.38123, 40.41665],
          [-112.37063, 40.42711],
          [-112.35628, 40.44125],
          [-112.34568, 40.45171],
          [-112.33132, 40.46585],
          [-112.32071, 40.4763],
          [-112.30635, 40.49044],
          [-112.29574, 40.50089],
          [-112.26708, 40.50369],
          [-112.25271, 40.51782],
          [-112.24208, 40.52826],
          [-112.22771, 40.54239],
          [-112.21708, 40.55284],
          [-112.1884, 40.55562],
          [-112.17401, 40.56974],
          [-112.16337, 40.58018],
          [-112.13469, 40.58295],
          [-112.12029, 40.59706],
          [-112.10965, 40.6075],
          [-112.09524, 40.62161],
          [-112.08459, 40.63204],
          [-112.07017, 40.64615],
          [-112.05952, 40.65658],
          [-112.03081, 40.65933],
          [-112.01638, 40.67343],
          [-112.00572, 40.68385],
          [-112, 40.68944]
        ]
      }
    },
    {
      "type": "Feature",
      "id": "2026091106_f126_13000_001",
      "properties": {
        "product_id": "winter_storm_levels",
        "source_id": "nbm_snow_level",
        "parameter": "snow_level",
        "definition": "height of the wet-bulb 0.5 degree C surface",
        "level_ft_msl": 13000,
        "label": "13,000 ft MSL",
        "unit": "ft_msl",
        "cycle_time_utc": "2026-09-11T06:00:00Z",
        "valid_time_utc": "2026-09-16T12:00:00Z",
        "lead_hours": 126,
        "segment": 1,
        "length_m": 1123429.8
      },
      "geometry": {
        "type": "LineString",
        "coordinates": [
          [-116.10649, 30.18223],
          [-116.09327, 30.19792],
          [-116.08614, 30.20637],
          [-116.07134, 30.22391],
          [-116.06421, 30.23236],
          [-116.04941, 30.2499],
          [-116.04228, 30.25834],
          [-116.01626, 30.26186],
          [-116.00145, 30.27939],
          [-115.99431, 30.28784],
          [-115.97949, 30.30537],
          [-115.97235, 30.31381],
          [-115.95752, 30.33134],
          [-115.95037, 30.33978],
          [-115.93554, 30.35731],
          [-115.92839, 30.36575],
          [-115.91355, 30.38327],
          [-115.9064, 30.39171],
          [-115.89155, 30.40923],
          [-115.8844, 30.41766],
          [-115.86954, 30.43518],
          [-115.86238, 30.44362],
          [-115.84752, 30.46113],
          [-115.84036, 30.46957],
          [-115.82549, 30.48708],
          [-115.81833, 30.49551],
          [-115.80345, 30.51302],
          [-115.79629, 30.52145],
          [-115.78141, 30.53896],
          [-115.77424, 30.54739],
          [-115.75935, 30.56489],
          [-115.75218, 30.57332],
          [-115.72609, 30.57678],
          [-115.71118, 30.59428],
          [-115.70401, 30.60271],
          [-115.6891, 30.6202],
          [-115.68192, 30.62862],
          [-115.66701, 30.64612],
          [-115.65982, 30.65454],
          [-115.6449, 30.67203],
          [-115.63772, 30.68045],
          [-115.6116, 30.68389],
          [-115.59667, 30.70138],
          [-115.58948, 30.7098],
          [-115.57454, 30.72728],
          [-115.56734, 30.7357],
          [-115.5524, 30.75317],
          [-115.5452, 30.76159],
          [-115.53025, 30.77907],
          [-115.52305, 30.78748],
          [-115.50809, 30.80495],
          [-115.50088, 30.81336],
          [-115.48592, 30.83084],
          [-115.4899, 30.8533],
          [-115.48269, 30.86171],
          [-115.46772, 30.87917],
          [-115.4717, 30.90163],
          [-115.46449, 30.91004],
          [-115.44951, 30.9275],
          [-115.45349, 30.94996],
          [-115.44627, 30.95837],
          [-115.43128, 30.97583],
          [-115.43526, 30.99828],
          [-115.43924, 31.02074],
          [-115.44322, 31.04319],
          [-115.4472, 31.06564],
          [-115.43997, 31.07405],
          [-115.42497, 31.0915],
          [-115.42895, 31.11395],
          [-115.43293, 31.1364],
          [-115.43691, 31.15885],
          [-115.42968, 31.16726],
          [-115.41466, 31.18471],
          [-115.41864, 31.20715],
          [-115.41141, 31.21556],
          [-115.39638, 31.233],
          [-115.40036, 31.25545],
          [-115.39312, 31.26385],
          [-115.37808, 31.2813],
          [-115.37083, 31.28969],
          [-115.35579, 31.30714],
          [-115.35976, 31.32958],
          [-115.35252, 31.33798],
          [-115.33746, 31.35541],
          [-115.33021, 31.36381],
          [-115.31515, 31.38125],
          [-115.31912, 31.40369],
          [-115.31186, 31.41208],
          [-115.29679, 31.42951],
          [-115.28953, 31.43791],
          [-115.27446, 31.45533],
          [-115.27842, 31.47777],
          [-115.27116, 31.48616],
          [-115.25607, 31.50359],
          [-115.2488, 31.51198],
          [-115.23371, 31.5294],
          [-115.23767, 31.55184],
          [-115.2304, 31.56022],
          [-115.2153, 31.57764],
          [-115.20802, 31.58603],
          [-115.19291, 31.60345],
          [-115.18564, 31.61183],
          [-115.17052, 31.62924],
          [-115.17447, 31.65168],
          [-115.16719, 31.66006],
          [-115.15207, 31.67747],
          [-115.15601, 31.6999],
          [-115.14873, 31.70828],
          [-115.13359, 31.72569],
          [-115.1263, 31.73407],
          [-115.11116, 31.75147],
          [-115.10387, 31.75985],
          [-115.08872, 31.77725],
          [-115.09266, 31.79968],
          [-115.08537, 31.80805],
          [-115.07021, 31.82545],
          [-115.07415, 31.84788],
          [-115.06685, 31.85625],
          [-115.05168, 31.87364],
          [-115.05561, 31.89607],
          [-115.04831, 31.90444],
          [-115.03313, 31.92183],
          [-115.03707, 31.94425],
          [-115.02976, 31.95262],
          [-115.01457, 31.97001],
          [-115.0185, 31.99243],
          [-115.01119, 32.0008],
          [-114.996, 32.01818],
          [-114.99993, 32.0406],
          [-114.99261, 32.04897],
          [-114.97741, 32.06635],
          [-114.98133, 32.08876],
          [-114.97401, 32.09713],
          [-114.9588, 32.1145],
          [-114.96272, 32.13692],
          [-114.96665, 32.15933],
          [-114.95932, 32.1677],
          [-114.9441, 32.18507],
          [-114.94802, 32.20748],
          [-114.94069, 32.21584],
          [-114.92546, 32.23321],
          [-114.92938, 32.25562],
          [-114.92204, 32.26398],
          [-114.9068, 32.28134],
          [-114.91072, 32.30375],
          [-114.90338, 32.31211],
          [-114.88813, 32.32946],
          [-114.89205, 32.35187],
          [-114.8847, 32.36023],
          [-114.86944, 32.37758],
          [-114.87336, 32.39999],
          [-114.86601, 32.40834],
          [-114.85074, 32.42569],
          [-114.84338, 32.43405],
          [-114.82811, 32.4514],
          [-114.83202, 32.4738],
          [-114.82466, 32.48215],
          [-114.80937, 32.49949],
          [-114.80201, 32.50784],
          [-114.78672, 32.52519],
          [-114.79062, 32.54758],
          [-114.78326, 32.55593],
          [-114.76796, 32.57327],
          [-114.76059, 32.58162],
          [-114.74528, 32.59895],
          [-114.74918, 32.62135],
          [-114.7418, 32.62969],
          [-114.72649, 32.64702],
          [-114.71911, 32.65537],
          [-114.70378, 32.67269],
          [-114.6964, 32.68104],
          [-114.68107, 32.69836],
          [-114.67369, 32.7067],
          [-114.65835, 32.72402],
          [-114.65096, 32.73236],
          [-114.63561, 32.74968],
          [-114.62822, 32.75802],
          [-114.61287, 32.77533],
          [-114.60548, 32.78367],
          [-114.57885, 32.78693],
          [-114.56348, 32.80424],
          [-114.55608, 32.81257],
          [-114.54071, 32.82987],
          [-114.53331, 32.83821],
          [-114.51793, 32.85551],
          [-114.51053, 32.86384],
          [-114.48387, 32.86708],
          [-114.46849, 32.88438],
          [-114.46107, 32.8927],
          [-114.44568, 32.91],
          [-114.43826, 32.91832],
          [-114.42286, 32.93561],
          [-114.41544, 32.94394],
          [-114.40003, 32.96122],
          [-114.40388, 32.98361],
          [-114.39645, 32.99193],
          [-114.38103, 33.00921],
          [-114.37361, 33.01753],
          [-114.35818, 33.03481],
          [-114.35075, 33.04313],
          [-114.33532, 33.06041],
          [-114.32789, 33.06872],
          [-114.31245, 33.086],
          [-114.30501, 33.09431],
          [-114.28956, 33.11158],
          [-114.29339, 33.13396],
          [-114.28595, 33.14227],
          [-114.27049, 33.15954],
          [-114.26305, 33.16785],
          [-114.24758, 33.18511],
          [-114.25141, 33.20748],
          [-114.24396, 33.21579],
          [-114.22848, 33.23305],
          [-114.22103, 33.24136],
          [-114.20555, 33.25862],
          [-114.20937, 33.28099],
          [-114.20191, 33.28929],
          [-114.18642, 33.30654],
          [-114.19024, 33.32891],
          [-114.18278, 33.33722],
          [-114.16728, 33.35446],
          [-114.17109, 33.37683],
          [-114.16362, 33.38513],
          [-114.14811, 33.40237],
          [-114.14065, 33.41067],
          [-114.12513, 33.42791],
          [-114.11766, 33.43621],
          [-114.10214, 33.45345],
          [-114.10594, 33.47581],
          [-114.09846, 33.48411],
          [-114.08293, 33.50134],
          [-114.07545, 33.50964],
          [-114.05991, 33.52686],
          [-114.06371, 33.54922],
          [-114.05622, 33.55752],
          [-114.04067, 33.57474],
          [-114.04447, 33.59709],
          [-114.03698, 33.60539],
          [-114.02142, 33.62261],
          [-114.01393, 33.6309],
          [-113.99836, 33.64811],
          [-113.99086, 33.6564],
          [-113.97529, 33.67362],
          [-113.97908, 33.69597],
          [-113.97158, 33.70425],
          [-113.95599, 33.72146],
          [-113.94849, 33.72975],
          [-113.9329, 33.74695],
          [-113.93668, 33.7693],
          [-113.92917, 33.77758],
          [-113.91357, 33.79479],
          [-113.91735, 33.81713],
          [-113.90984, 33.82541],
          [-113.89423, 33.84261],
          [-113.898, 33.86495],
          [-113.89048, 33.87323],
          [-113.87487, 33.89042],
          [-113.87864, 33.91276],
          [-113.87112, 33.92104],
          [-113.85549, 33.93823],
          [-113.85926, 33.96056],
          [-113.85173, 33.96884],
          [-113.83609, 33.98603],
          [-113.83986, 34.00836],
          [-113.83233, 34.01663],
          [-113.81668, 34.03381],
          [-113.82045, 34.05614],
          [-113.81291, 34.06442],
          [-113.79726, 34.08159],
          [-113.80102, 34.10392],
          [-113.79348, 34.11219],
          [-113.77781, 34.12936],
          [-113.78157, 34.15169],
          [-113.77403, 34.15995],
          [-113.75835, 34.17712],
          [-113.76211, 34.19945],
          [-113.75456, 34.20771],
          [-113.73888, 34.22487],
          [-113.74263, 34.2472],
          [-113.73508, 34.25546],
          [-113.71938, 34.27262],
          [-113.72314, 34.29494],
          [-113.71558, 34.3032],
          [-113.69987, 34.32035],
          [-113.69231, 34.32861],
          [-113.6766, 34.34576],
          [-113.68034, 34.36808],
          [-113.67278, 34.37633],
          [-113.65706, 34.39348],
          [-113.6608, 34.41579],
          [-113.65323, 34.42405],
          [-113.6375, 34.44119],
          [-113.64124, 34.4635],
          [-113.64499, 34.4858],
          [-113.63741, 34.49406],
          [-113.62166, 34.5112],
          [-113.61408, 34.51945],
          [-113.59833, 34.53658],
          [-113.60207, 34.55888],
          [-113.60581, 34.58118],
          [-113.59822, 34.58943],
          [-113.58246, 34.60656],
          [-113.5862, 34.62886],
          [-113.57861, 34.63711],
          [-113.56283, 34.65423],
          [-113.56657, 34.67653],
          [-113.55897, 34.68477],
          [-113.54319, 34.70189],
          [-113.54692, 34.72418],
          [-113.53932, 34.73242],
          [-113.52353, 34.74954],
          [-113.52726, 34.77183],
          [-113.51965, 34.78007],
          [-113.50385, 34.79718],
          [-113.50758, 34.81947],
          [-113.49997, 34.82771],
          [-113.48416, 34.84481],
          [-113.48788, 34.8671],
          [-113.48027, 34.87533],
          [-113.46444, 34.89244],
          [-113.46817, 34.91472],
          [-113.46055, 34.92295],
          [-113.44472, 34.94005],
          [-113.43709, 34.94828],
          [-113.42125, 34.96537],
          [-113.42497, 34.98765],
          [-113.41734, 34.99588],
          [-113.40149, 35.01297],
          [-113.39386, 35.0212],
          [-113.37801, 35.03828],
          [-113.38172, 35.06056],
          [-113.37408, 35.06878],
          [-113.35822, 35.08586],
          [-113.35058, 35.09409],
          [-113.3347, 35.11117],
          [-113.33841, 35.13343],
          [-113.33076, 35.14166],
          [-113.31488, 35.15873],
          [-113.31858, 35.18099],
          [-113.31093, 35.18921],
          [-113.29504, 35.20628],
          [-113.28739, 35.2145],
          [-113.27149, 35.23157],
          [-113.27518, 35.25383],
          [-113.26753, 35.26204],
          [-113.25162, 35.2791],
          [-113.25531, 35.30136],
          [-113.24765, 35.30957],
          [-113.23173, 35.32663],
          [-113.23542, 35.34888],
          [-113.22775, 35.35709],
          [-113.21182, 35.37415],
          [-113.21551, 35.3964],
          [-113.20784, 35.40461],
          [-113.1919, 35.42165],
          [-113.19559, 35.4439],
          [-113.19927, 35.46615],
          [-113.19159, 35.47435],
          [-113.17564, 35.4914],
          [-113.17933, 35.51364],
          [-113.17165, 35.52184],
          [-113.15568, 35.53888],
          [-113.15937, 35.56112],
          [-113.15168, 35.56932],
          [-113.13571, 35.58635],
          [-113.13939, 35.60859],
          [-113.14307, 35.63083],
          [-113.14675, 35.65306],
          [-113.13906, 35.66126],
          [-113.12307, 35.67828],
          [-113.12675, 35.70052],
          [-113.13044, 35.72274],
          [-113.13412, 35.74497],
          [-113.1378, 35.7672],
          [-113.14149, 35.78942],
          [-113.13379, 35.79761],
          [-113.11778, 35.81463],
          [-113.12146, 35.83685],
          [-113.12515, 35.85907],
          [-113.12884, 35.88129],
          [-113.12112, 35.88948],
          [-113.1051, 35.90649],
          [-113.10879, 35.9287],
          [-113.11247, 35.95091],
          [-113.10475, 35.9591],
          [-113.08872, 35.9761],
          [-113.0924, 35.99831],
          [-113.09609, 36.02052],
          [-113.08836, 36.0287],
          [-113.07232, 36.0457],
          [-113.076, 36.06791],
          [-113.06827, 36.07609],
          [-113.05221, 36.09308],
          [-113.05589, 36.11528],
          [-113.05511, 36.13796],
          [-113.05184, 36.14566],
          [-113.03577, 36.16265],
          [-113.03945, 36.18484],
          [-113.03171, 36.19302],
          [-113.02491, 36.209],
          [-113.0193, 36.2322],
          [-113.01156, 36.24037],
          [-113.00475, 36.25635],
          [-112.99914, 36.27954],
          [-112.99139, 36.28771],
          [-112.97529, 36.30468],
          [-112.97896, 36.32687],
          [-112.9712, 36.33504],
          [-112.95509, 36.35201],
          [-112.95429, 36.37467],
          [-112.951, 36.38236],
          [-112.93488, 36.39932],
          [-112.93855, 36.4215],
          [-112.93078, 36.42966],
          [-112.91465, 36.44662],
          [-112.91832, 36.4688],
          [-112.92198, 36.49097],
          [-112.91421, 36.49913],
          [-112.89807, 36.51608],
          [-112.90173, 36.53825],
          [-112.90539, 36.56042],
          [-112.89762, 36.56858],
          [-112.88146, 36.58553],
          [-112.88512, 36.60769],
          [-112.88879, 36.62985],
          [-112.89245, 36.65201],
          [-112.89612, 36.67417],
          [-112.91724, 36.68714],
          [-112.92742, 36.69338],
          [-112.93109, 36.71553],
          [-112.93477, 36.73768],
          [-112.95591, 36.75064],
          [-112.96609, 36.75688],
          [-112.96978, 36.77903],
          [-112.97347, 36.80117],
          [-112.99462, 36.81413],
          [-113.00481, 36.82036],
          [-113.00851, 36.8425],
          [-113.02968, 36.85545],
          [-113.03988, 36.86168],
          [-113.04358, 36.88381],
          [-113.06476, 36.89675],
          [-113.07497, 36.90298],
          [-113.07868, 36.92511],
          [-113.09987, 36.93805],
          [-113.11008, 36.94427],
          [-113.1138, 36.9664],
          [-113.11753, 36.98853],
          [-113.12125, 37.01065],
          [-113.14247, 37.02357],
          [-113.15269, 37.02979],
          [-113.15642, 37.05191],
          [-113.16015, 37.07403],
          [-113.16389, 37.09615],
          [-113.16763, 37.11826],
          [-113.17137, 37.14037],
          [-113.17511, 37.16248],
          [-113.16731, 37.17063],
          [-113.1511, 37.18757],
          [-113.15484, 37.20967],
          [-113.15858, 37.23178],
          [-113.16232, 37.25388],
          [-113.15451, 37.26203],
          [-113.13829, 37.27895],
          [-113.14203, 37.30105],
          [-113.14577, 37.32315],
          [-113.13796, 37.33129],
          [-113.12172, 37.34821],
          [-113.12546, 37.3703],
          [-113.11764, 37.37845],
          [-113.1014, 37.39536],
          [-113.10513, 37.41745],
          [-113.10887, 37.43954],
          [-113.10104, 37.44768],
          [-113.08479, 37.46459],
          [-113.08852, 37.48667],
          [-113.08069, 37.49481],
          [-113.06442, 37.51171],
          [-113.06815, 37.53379],
          [-113.06032, 37.54193],
          [-113.04404, 37.55882],
          [-113.04777, 37.5809],
          [-113.03993, 37.58903],
          [-113.02364, 37.60593],
          [-113.0158, 37.61406],
          [-112.9995, 37.63095],
          [-113.00322, 37.65301],
          [-112.99537, 37.66114],
          [-112.97907, 37.67803],
          [-112.97121, 37.68616],
          [-112.9549, 37.70303],
          [-112.94704, 37.71116],
          [-112.93072, 37.72803],
          [-112.93443, 37.7501],
          [-112.92657, 37.75822],
          [-112.91024, 37.77509],
          [-112.90237, 37.78321],
          [-112.88604, 37.80008],
          [-112.88974, 37.82213],
          [-112.88187, 37.83025],
          [-112.86552, 37.84711],
          [-112.86922, 37.86916],
          [-112.86135, 37.87728],
          [-112.84499, 37.89413],
          [-112.83711, 37.90225],
          [-112.82074, 37.9191],
          [-112.81286, 37.92721],
          [-112.79648, 37.94406],
          [-112.7886, 37.95217],
          [-112.77221, 37.96901],
          [-112.76432, 37.97712],
          [-112.74793, 37.99396],
          [-112.74004, 38.00206],
          [-112.72364, 38.0189],
          [-112.71574, 38.027],
          [-112.69934, 38.04383],
          [-112.69143, 38.05194],
          [-112.67502, 38.06876],
          [-112.67869, 38.0908],
          [-112.67078, 38.0989],
          [-112.65436, 38.11572],
          [-112.65803, 38.13775],
          [-112.6617, 38.15978],
          [-112.65379, 38.16787],
          [-112.63735, 38.18469],
          [-112.64102, 38.20671],
          [-112.6331, 38.21481],
          [-112.61665, 38.23162],
          [-112.60873, 38.23971],
          [-112.59227, 38.25651],
          [-112.59593, 38.27853],
          [-112.58801, 38.28662],
          [-112.57154, 38.30342],
          [-112.5752, 38.32544],
          [-112.56727, 38.33352],
          [-112.55079, 38.35032],
          [-112.55444, 38.37233],
          [-112.54651, 38.38041],
          [-112.53002, 38.3972],
          [-112.52208, 38.40528],
          [-112.50558, 38.42207],
          [-112.49764, 38.43015],
          [-112.46955, 38.433],
          [-112.45304, 38.44978],
          [-112.44509, 38.45785],
          [-112.41699, 38.4607],
          [-112.40047, 38.47747],
          [-112.39251, 38.48554],
          [-112.36441, 38.48838],
          [-112.3363, 38.49121],
          [-112.31976, 38.50797],
          [-112.31179, 38.51604],
          [-112.28367, 38.51886],
          [-112.25555, 38.52168],
          [-112.22743, 38.52449],
          [-112.19931, 38.5273],
          [-112.189, 38.52106],
          [-112.1676, 38.5081],
          [-112.13948, 38.5109],
          [-112.11136, 38.51369],
          [-112.08323, 38.51648],
          [-112.06665, 38.53322],
          [-112.05867, 38.54127],
          [-112.03053, 38.54405],
          [-112.0024, 38.54683],
          [-112, 38.54707]
        ]
      }
    },
    {
      "type": "Feature",
      "id": "2026091106_f126_14000_001",
      "properties": {
        "product_id": "winter_storm_levels",
        "source_id": "nbm_snow_level",
        "parameter": "snow_level",
        "definition": "height of the wet-bulb 0.5 degree C surface",
        "level_ft_msl": 14000,
        "label": "14,000 ft MSL",
        "unit": "ft_msl",
        "cycle_time_utc": "2026-09-11T06:00:00Z",
        "valid_time_utc": "2026-09-16T12:00:00Z",
        "lead_hours": 126,
        "segment": 1,
        "length_m": 598385.1
      },
      "geometry": {
        "type": "LineString",
        "coordinates": [
          [-113.3579, 30.07224],
          [-113.35984, 30.08452],
          [-113.35477, 30.09029],
          [-113.33733, 30.11013],
          [-113.34088, 30.13267],
          [-113.34443, 30.15521],
          [-113.34798, 30.17775],
          [-113.34291, 30.18351],
          [-113.32545, 30.20335],
          [-113.329, 30.22589],
          [-113.33255, 30.24842],
          [-113.32748, 30.25418],
          [-113.31, 30.27402],
          [-113.31355, 30.29655],
          [-113.3171, 30.31909],
          [-113.31202, 30.32485],
          [-113.29454, 30.34468],
          [-113.29808, 30.36721],
          [-113.29301, 30.37297],
          [-113.27551, 30.3928],
          [-113.27906, 30.41533],
          [-113.2826, 30.43786],
          [-113.27752, 30.44362],
          [-113.26001, 30.46344],
          [-113.25493, 30.4692],
          [-113.23741, 30.48902],
          [-113.24095, 30.51155],
          [-113.23586, 30.5173],
          [-113.21834, 30.53712],
          [-113.21325, 30.54288],
          [-113.19571, 30.56269],
          [-113.19062, 30.56844],
          [-113.17308, 30.58826],
          [-113.17661, 30.61078],
          [-113.17152, 30.61653],
          [-113.15396, 30.63634],
          [-113.15749, 30.65887],
          [-113.15239, 30.66462],
          [-113.13483, 30.68442],
          [-113.12973, 30.69017],
          [-113.11216, 30.70997],
          [-113.11568, 30.73249],
          [-113.11058, 30.73824],
          [-113.093, 30.75804],
          [-113.09652, 30.78056],
          [-113.09141, 30.78631],
          [-113.07382, 30.8061],
          [-113.07734, 30.82862],
          [-113.07223, 30.83436],
          [-113.05463, 30.85415],
          [-113.04952, 30.8599],
          [-113.03191, 30.87968],
          [-113.03542, 30.9022],
          [-113.0303, 30.90794],
          [-113.01268, 30.92773],
          [-113.00757, 30.93347],
          [-112.98994, 30.95325],
          [-112.99345, 30.97576],
          [-112.98833, 30.9815],
          [-112.97069, 31.00128],
          [-112.97419, 31.02379],
          [-112.96907, 31.02953],
          [-112.95142, 31.0493],
          [-112.94629, 31.05504],
          [-112.92864, 31.07481],
          [-112.93213, 31.09732],
          [-112.92701, 31.10306],
          [-112.90934, 31.12282],
          [-112.90421, 31.12856],
          [-112.88654, 31.14832],
          [-112.89003, 31.17083],
          [-112.88489, 31.17657],
          [-112.86721, 31.19632],
          [-112.8707, 31.21883],
          [-112.86556, 31.22456],
          [-112.84786, 31.24431],
          [-112.84272, 31.25005],
          [-112.82502, 31.2698],
          [-112.8285, 31.2923],
          [-112.83199, 31.3148],
          [-112.82684, 31.32054],
          [-112.80913, 31.34028],
          [-112.81261, 31.36278],
          [-112.81609, 31.38528],
          [-112.81095, 31.39101],
          [-112.79321, 31.41075],
          [-112.7967, 31.43325],
          [-112.80018, 31.45575],
          [-112.79503, 31.46148],
          [-112.77728, 31.48121],
          [-112.78076, 31.50371],
          [-112.77561, 31.50944],
          [-112.75785, 31.52917],
          [-112.76133, 31.55166],
          [-112.76481, 31.57415],
          [-112.76829, 31.59665],
          [-112.77177, 31.61914],
          [-112.77525, 31.64163],
          [-112.77009, 31.64735],
          [-112.75232, 31.66708],
          [-112.7558, 31.68956],
          [-112.75928, 31.71205],
          [-112.76276, 31.73454],
          [-112.76625, 31.75702],
          [-112.76108, 31.76274],
          [-112.74328, 31.78246],
          [-112.74677, 31.80495],
          [-112.75025, 31.82743],
          [-112.75373, 31.84991],
          [-112.74856, 31.85563],
          [-112.73075, 31.87534],
          [-112.73423, 31.89782],
          [-112.73772, 31.9203],
          [-112.7412, 31.94277],
          [-112.74469, 31.96525],
          [-112.73951, 31.97097],
          [-112.72168, 31.99068],
          [-112.72516, 32.01315],
          [-112.72865, 32.03562],
          [-112.73214, 32.05809],
          [-112.73563, 32.08056],
          [-112.73911, 32.10303],
          [-112.74261, 32.12549],
          [-112.73742, 32.13121],
          [-112.71956, 32.15091],
          [-112.72305, 32.17338],
          [-112.72654, 32.19584],
          [-112.73003, 32.2183],
          [-112.73353, 32.24076],
          [-112.73702, 32.26322],
          [-112.74052, 32.28568],
          [-112.74401, 32.30814],
          [-112.74751, 32.33059],
          [-112.75101, 32.35305],
          [-112.75451, 32.3755],
          [-112.75801, 32.39795],
          [-112.75282, 32.40367],
          [-112.73492, 32.42336],
          [-112.73842, 32.44581],
          [-112.74192, 32.46826],
          [-112.74543, 32.4907],
          [-112.74893, 32.51315],
          [-112.75244, 32.53559],
          [-112.75594, 32.55804],
          [-112.75945, 32.58048],
          [-112.75425, 32.5862],
          [-112.73632, 32.60588],
          [-112.73983, 32.62832],
          [-112.74333, 32.65076],
          [-112.74684, 32.67319],
          [-112.75035, 32.69563],
          [-112.74514, 32.70134],
          [-112.7272, 32.72102],
          [-112.73071, 32.74345],
          [-112.73421, 32.76588],
          [-112.73772, 32.78831],
          [-112.74124, 32.81074],
          [-112.73602, 32.81645],
          [-112.71806, 32.83612],
          [-112.72157, 32.85855],
          [-112.72508, 32.88098],
          [-112.72859, 32.9034],
          [-112.72337, 32.90911],
          [-112.70539, 32.92877],
          [-112.7089, 32.9512],
          [-112.71241, 32.97362],
          [-112.70718, 32.97932],
          [-112.68919, 32.99898],
          [-112.6927, 33.0214],
          [-112.69621, 33.04382],
          [-112.69972, 33.06624],
          [-112.69449, 33.07194],
          [-112.67648, 33.09159],
          [-112.67999, 33.11401],
          [-112.6835, 33.13642],
          [-112.68701, 33.15883],
          [-112.68178, 33.16453],
          [-112.66375, 33.18418],
          [-112.66725, 33.20659],
          [-112.67077, 33.229],
          [-112.66553, 33.2347],
          [-112.64748, 33.25434],
          [-112.65099, 33.27674],
          [-112.6545, 33.29915],
          [-112.64926, 33.30485],
          [-112.6312, 33.32448],
          [-112.63471, 33.34688],
          [-112.63822, 33.36928],
          [-112.63297, 33.37498],
          [-112.6149, 33.39461],
          [-112.61841, 33.41701],
          [-112.62192, 33.4394],
          [-112.61667, 33.4451],
          [-112.59858, 33.46472],
          [-112.60209, 33.48712],
          [-112.59683, 33.49281],
          [-112.57874, 33.51243],
          [-112.58224, 33.53482],
          [-112.57698, 33.54052],
          [-112.55888, 33.56013],
          [-112.56238, 33.58252],
          [-112.56588, 33.60491],
          [-112.56062, 33.6106],
          [-112.5425, 33.63021],
          [-112.54599, 33.6526],
          [-112.54949, 33.67498],
          [-112.553, 33.69736],
          [-112.54773, 33.70305],
          [-112.52959, 33.72265],
          [-112.53309, 33.74503],
          [-112.53659, 33.76741],
          [-112.53132, 33.7731],
          [-112.51317, 33.7927],
          [-112.51667, 33.81507],
          [-112.52017, 33.83745],
          [-112.5149, 33.84313],
          [-112.49673, 33.86272],
          [-112.50023, 33.8851],
          [-112.50372, 33.90746],
          [-112.49845, 33.91315],
          [-112.48027, 33.93274],
          [-112.48376, 33.9551],
          [-112.48726, 33.97747],
          [-112.48198, 33.98315],
          [-112.46378, 34.00273],
          [-112.46728, 34.0251],
          [-112.47077, 34.04746],
          [-112.46549, 34.05314],
          [-112.44728, 34.07271],
          [-112.45077, 34.09507],
          [-112.45427, 34.11743],
          [-112.44898, 34.12311],
          [-112.43075, 34.14268],
          [-112.43425, 34.16503],
          [-112.42895, 34.17071],
          [-112.41072, 34.19027],
          [-112.41421, 34.21263],
          [-112.40891, 34.2183],
          [-112.39067, 34.23786],
          [-112.39415, 34.26021],
          [-112.38885, 34.26589],
          [-112.3706, 34.28544],
          [-112.36529, 34.29112],
          [-112.34703, 34.31066],
          [-112.34172, 34.31634],
          [-112.32345, 34.33588],
          [-112.32693, 34.35823],
          [-112.32162, 34.3639],
          [-112.30333, 34.38344],
          [-112.30681, 34.40578],
          [-112.3015, 34.41145],
          [-112.2832, 34.43099],
          [-112.28667, 34.45332],
          [-112.28136, 34.45899],
          [-112.26305, 34.47852],
          [-112.26652, 34.50086],
          [-112.2612, 34.50653],
          [-112.24289, 34.52605],
          [-112.24635, 34.54839],
          [-112.24103, 34.55405],
          [-112.2227, 34.57357],
          [-112.22617, 34.5959],
          [-112.22084, 34.60157],
          [-112.2025, 34.62108],
          [-112.20596, 34.64341],
          [-112.20943, 34.66573],
          [-112.21289, 34.68806],
          [-112.20756, 34.69372],
          [-112.1892, 34.71323],
          [-112.18387, 34.71889],
          [-112.1655, 34.73839],
          [-112.16017, 34.74405],
          [-112.14179, 34.76355],
          [-112.13646, 34.76921],
          [-112.11807, 34.78871],
          [-112.11273, 34.79437],
          [-112.09434, 34.81386],
          [-112.089, 34.81951],
          [-112.0706, 34.839],
          [-112.06525, 34.84466],
          [-112.04685, 34.86414],
          [-112.0415, 34.86979],
          [-112.02308, 34.88927],
          [-112.01773, 34.89492],
          [-112, 34.89676]
        ]
      }
    }
  ]
}

