station_uid,station_name,site_code,depth_in,depth_label,depth_order,depth_color_hex,water_year,water_day,obs_date,obs_datetime_local,sms_pct,sensor_count,sensor_id
NRCS_scan_2116,Lovelock NNR,2116,2,2 in,1,#E69F00,2027,1,2026-10-01,2026-10-01 01:00 PM PDT,5.2,1,SMS.I_2
NRCS_scan_2116,Lovelock NNR,2116,2,2 in,1,#E69F00,2027,2,2026-10-02,2026-10-02 01:00 PM PDT,5.2,1,SMS.I_2
NRCS_scan_2116,Lovelock NNR,2116,2,2 in,1,#E69F00,2027,3,2026-10-03,2026-10-03 01:00 PM PDT,5.5,1,SMS.I_2
NRCS_scan_2116,Lovelock NNR,2116,2,2 in,1,#E69F00,2027,4,2026-10-04,2026-10-04 01:00 PM PDT,5,1,SMS.I_2
NRCS_scan_2116,Lovelock NNR,2116,2,2 in,1,#E69F00,2027,5,2026-10-05,2026-10-05 01:00 PM PDT,4.9,1,SMS.I_2
NRCS_scan_2116,Lovelock NNR,2116,2,2 in,1,#E69F00,2027,6,2026-10-06,2026-10-06 01:00 PM PDT,5.2,1,SMS.I_2
NRCS_scan_2116,Lovelock NNR,2116,2,2 in,1,#E69F00,2027,7,2026-10-07,2026-10-07 01:00 PM PDT,5,1,SMS.I_2
NRCS_scan_2116,Lovelock NNR,2116,2,2 in,1,#E69F00,2027,8,2026-10-08,2026-10-08 01:00 PM PDT,5,1,SMS.I_2
NRCS_scan_2116,Lovelock NNR,2116,2,2 in,1,#E69F00,2027,9,2026-10-09,2026-10-09 01:00 PM PDT,5.3,1,SMS.I_2
NRCS_scan_2116,Lovelock NNR,2116,2,2 in,1,#E69F00,2027,10,2026-10-10,2026-10-10 01:00 PM PDT,5,1,SMS.I_2
NRCS_scan_2116,Lovelock NNR,2116,4,4 in,2,#56B4E9,2027,1,2026-10-01,2026-10-01 01:00 PM PDT,14.8,1,SMS.I_4
NRCS_scan_2116,Lovelock NNR,2116,4,4 in,2,#56B4E9,2027,2,2026-10-02,2026-10-02 01:00 PM PDT,15,1,SMS.I_4
NRCS_scan_2116,Lovelock NNR,2116,4,4 in,2,#56B4E9,2027,3,2026-10-03,2026-10-03 01:00 PM PDT,15,1,SMS.I_4
NRCS_scan_2116,Lovelock NNR,2116,4,4 in,2,#56B4E9,2027,4,2026-10-04,2026-10-04 01:00 PM PDT,15,1,SMS.I_4
NRCS_scan_2116,Lovelock NNR,2116,4,4 in,2,#56B4E9,2027,5,2026-10-05,2026-10-05 01:00 PM PDT,14.6,1,SMS.I_4
NRCS_scan_2116,Lovelock NNR,2116,4,4 in,2,#56B4E9,2027,6,2026-10-06,2026-10-06 01:00 PM PDT,14.6,1,SMS.I_4
NRCS_scan_2116,Lovelock NNR,2116,4,4 in,2,#56B4E9,2027,7,2026-10-07,2026-10-07 01:00 PM PDT,14.8,1,SMS.I_4
NRCS_scan_2116,Lovelock NNR,2116,4,4 in,2,#56B4E9,2027,8,2026-10-08,2026-10-08 01:00 PM PDT,14.4,1,SMS.I_4
NRCS_scan_2116,Lovelock NNR,2116,4,4 in,2,#56B4E9,2027,9,2026-10-09,2026-10-09 01:00 PM PDT,14.6,1,SMS.I_4
NRCS_scan_2116,Lovelock NNR,2116,4,4 in,2,#56B4E9,2027,10,2026-10-10,2026-10-10 01:00 PM PDT,14.6,1,SMS.I_4
NRCS_scan_2116,Lovelock NNR,2116,8,8 in,3,#009E73,2027,1,2026-10-01,2026-10-01 01:00 PM PDT,32,1,SMS.I_8
NRCS_scan_2116,Lovelock NNR,2116,8,8 in,3,#009E73,2027,2,2026-10-02,2026-10-02 01:00 PM PDT,32,1,SMS.I_8
NRCS_scan_2116,Lovelock NNR,2116,8,8 in,3,#009E73,2027,3,2026-10-03,2026-10-03 01:00 PM PDT,31.7,1,SMS.I_8
NRCS_scan_2116,Lovelock NNR,2116,8,8 in,3,#009E73,2027,4,2026-10-04,2026-10-04 01:00 PM PDT,31.7,1,SMS.I_8
NRCS_scan_2116,Lovelock NNR,2116,8,8 in,3,#009E73,2027,5,2026-10-05,2026-10-05 01:00 PM PDT,31.3,1,SMS.I_8
NRCS_scan_2116,Lovelock NNR,2116,8,8 in,3,#009E73,2027,6,2026-10-06,2026-10-06 01:00 PM PDT,32,1,SMS.I_8
NRCS_scan_2116,Lovelock NNR,2116,8,8 in,3,#009E73,2027,7,2026-10-07,2026-10-07 01:00 PM PDT,31.5,1,SMS.I_8
NRCS_scan_2116,Lovelock NNR,2116,8,8 in,3,#009E73,2027,8,2026-10-08,2026-10-08 01:00 PM PDT,31.5,1,SMS.I_8
NRCS_scan_2116,Lovelock NNR,2116,8,8 in,3,#009E73,2027,9,2026-10-09,2026-10-09 01:00 PM PDT,31.6,1,SMS.I_8
NRCS_scan_2116,Lovelock NNR,2116,8,8 in,3,#009E73,2027,10,2026-10-10,2026-10-10 01:00 PM PDT,31.5,1,SMS.I_8
NRCS_scan_2141,Kyle Canyon,2141,2,2 in,1,#E69F00,2027,1,2026-10-01,2026-10-01 01:00 PM PDT,8.7,1,SMS.I_2
NRCS_scan_2141,Kyle Canyon,2141,2,2 in,1,#E69F00,2027,2,2026-10-02,2026-10-02 01:00 PM PDT,7.8,1,SMS.I_2
NRCS_scan_2141,Kyle Canyon,2141,2,2 in,1,#E69F00,2027,3,2026-10-03,2026-10-03 01:00 PM PDT,6.9,1,SMS.I_2
NRCS_scan_2141,Kyle Canyon,2141,2,2 in,1,#E69F00,2027,4,2026-10-04,2026-10-04 01:00 PM PDT,6.6,1,SMS.I_2
NRCS_scan_2141,Kyle Canyon,2141,2,2 in,1,#E69F00,2027,5,2026-10-05,2026-10-05 01:00 PM PDT,6.3,1,SMS.I_2
NRCS_scan_2141,Kyle Canyon,2141,2,2 in,1,#E69F00,2027,6,2026-10-06,2026-10-06 01:00 PM PDT,5.8,1,SMS.I_2
NRCS_scan_2141,Kyle Canyon,2141,2,2 in,1,#E69F00,2027,7,2026-10-07,2026-10-07 01:00 PM PDT,5.3,1,SMS.I_2
NRCS_scan_2141,Kyle Canyon,2141,2,2 in,1,#E69F00,2027,8,2026-10-08,2026-10-08 01:00 PM PDT,4.8,1,SMS.I_2
NRCS_scan_2141,Kyle Canyon,2141,2,2 in,1,#E69F00,2027,9,2026-10-09,2026-10-09 01:00 PM PDT,4.5,1,SMS.I_2
NRCS_scan_2141,Kyle Canyon,2141,2,2 in,1,#E69F00,2027,10,2026-10-10,2026-10-10 01:00 PM PDT,5.1,1,SMS.I_2
NRCS_scan_2141,Kyle Canyon,2141,4,4 in,2,#56B4E9,2027,1,2026-10-01,2026-10-01 01:00 PM PDT,11.8,1,SMS.I_4
NRCS_scan_2141,Kyle Canyon,2141,4,4 in,2,#56B4E9,2027,2,2026-10-02,2026-10-02 01:00 PM PDT,11.4,1,SMS.I_4
NRCS_scan_2141,Kyle Canyon,2141,4,4 in,2,#56B4E9,2027,3,2026-10-03,2026-10-03 01:00 PM PDT,10.7,1,SMS.I_4
NRCS_scan_2141,Kyle Canyon,2141,4,4 in,2,#56B4E9,2027,4,2026-10-04,2026-10-04 01:00 PM PDT,10.5,1,SMS.I_4
NRCS_scan_2141,Kyle Canyon,2141,4,4 in,2,#56B4E9,2027,5,2026-10-05,2026-10-05 01:00 PM PDT,10.2,1,SMS.I_4
NRCS_scan_2141,Kyle Canyon,2141,4,4 in,2,#56B4E9,2027,6,2026-10-06,2026-10-06 01:00 PM PDT,9.9,1,SMS.I_4
NRCS_scan_2141,Kyle Canyon,2141,4,4 in,2,#56B4E9,2027,7,2026-10-07,2026-10-07 01:00 PM PDT,9.8,1,SMS.I_4
NRCS_scan_2141,Kyle Canyon,2141,4,4 in,2,#56B4E9,2027,8,2026-10-08,2026-10-08 01:00 PM PDT,9.3,1,SMS.I_4
NRCS_scan_2141,Kyle Canyon,2141,4,4 in,2,#56B4E9,2027,9,2026-10-09,2026-10-09 01:00 PM PDT,9.2,1,SMS.I_4
NRCS_scan_2141,Kyle Canyon,2141,4,4 in,2,#56B4E9,2027,10,2026-10-10,2026-10-10 01:00 PM PDT,8.8,1,SMS.I_4
NRCS_scan_2141,Kyle Canyon,2141,8,8 in,3,#009E73,2027,1,2026-10-01,2026-10-01 01:00 PM PDT,1.8,1,SMS.I_8
NRCS_scan_2141,Kyle Canyon,2141,8,8 in,3,#009E73,2027,2,2026-10-02,2026-10-02 01:00 PM PDT,1.7,1,SMS.I_8
NRCS_scan_2141,Kyle Canyon,2141,8,8 in,3,#009E73,2027,3,2026-10-03,2026-10-03 01:00 PM PDT,2.3,1,SMS.I_8
NRCS_scan_2141,Kyle Canyon,2141,8,8 in,3,#009E73,2027,4,2026-10-04,2026-10-04 01:00 PM PDT,1.9,1,SMS.I_8
NRCS_scan_2141,Kyle Canyon,2141,8,8 in,3,#009E73,2027,5,2026-10-05,2026-10-05 01:00 PM PDT,1.9,1,SMS.I_8
NRCS_scan_2141,Kyle Canyon,2141,8,8 in,3,#009E73,2027,6,2026-10-06,2026-10-06 01:00 PM PDT,1.8,1,SMS.I_8
NRCS_scan_2141,Kyle Canyon,2141,8,8 in,3,#009E73,2027,7,2026-10-07,2026-10-07 01:00 PM PDT,2.5,1,SMS.I_8
NRCS_scan_2141,Kyle Canyon,2141,8,8 in,3,#009E73,2027,8,2026-10-08,2026-10-08 01:00 PM PDT,2.3,1,SMS.I_8
NRCS_scan_2141,Kyle Canyon,2141,8,8 in,3,#009E73,2027,9,2026-10-09,2026-10-09 01:00 PM PDT,2.4,1,SMS.I_8
NRCS_scan_2141,Kyle Canyon,2141,8,8 in,3,#009E73,2027,10,2026-10-10,2026-10-10 01:00 PM PDT,2.1,1,SMS.I_8
NRCS_scan_2141,Kyle Canyon,2141,20,20 in,4,#D55E00,2027,1,2026-10-01,2026-10-01 01:00 PM PDT,5.4,1,SMS.I_20
NRCS_scan_2141,Kyle Canyon,2141,20,20 in,4,#D55E00,2027,2,2026-10-02,2026-10-02 01:00 PM PDT,5.3,1,SMS.I_20
NRCS_scan_2141,Kyle Canyon,2141,20,20 in,4,#D55E00,2027,3,2026-10-03,2026-10-03 01:00 PM PDT,5.4,1,SMS.I_20
NRCS_scan_2141,Kyle Canyon,2141,20,20 in,4,#D55E00,2027,4,2026-10-04,2026-10-04 01:00 PM PDT,5.3,1,SMS.I_20
NRCS_scan_2141,Kyle Canyon,2141,20,20 in,4,#D55E00,2027,5,2026-10-05,2026-10-05 01:00 PM PDT,5.9,1,SMS.I_20
NRCS_scan_2141,Kyle Canyon,2141,20,20 in,4,#D55E00,2027,6,2026-10-06,2026-10-06 01:00 PM PDT,5.9,1,SMS.I_20
NRCS_scan_2141,Kyle Canyon,2141,20,20 in,4,#D55E00,2027,7,2026-10-07,2026-10-07 01:00 PM PDT,5.9,1,SMS.I_20
NRCS_scan_2141,Kyle Canyon,2141,20,20 in,4,#D55E00,2027,8,2026-10-08,2026-10-08 01:00 PM PDT,5.5,1,SMS.I_20
NRCS_scan_2141,Kyle Canyon,2141,20,20 in,4,#D55E00,2027,9,2026-10-09,2026-10-09 01:00 PM PDT,5.2,1,SMS.I_20
NRCS_scan_2141,Kyle Canyon,2141,20,20 in,4,#D55E00,2027,10,2026-10-10,2026-10-10 01:00 PM PDT,5.4,1,SMS.I_20
NRCS_scan_2141,Kyle Canyon,2141,40,40 in,5,#CC79A7,2027,1,2026-10-01,2026-10-01 01:00 PM PDT,5.5,1,SMS.I_40
NRCS_scan_2141,Kyle Canyon,2141,40,40 in,5,#CC79A7,2027,2,2026-10-02,2026-10-02 01:00 PM PDT,5.5,1,SMS.I_40
NRCS_scan_2141,Kyle Canyon,2141,40,40 in,5,#CC79A7,2027,3,2026-10-03,2026-10-03 01:00 PM PDT,5.6,1,SMS.I_40
NRCS_scan_2141,Kyle Canyon,2141,40,40 in,5,#CC79A7,2027,4,2026-10-04,2026-10-04 01:00 PM PDT,5.3,1,SMS.I_40
NRCS_scan_2141,Kyle Canyon,2141,40,40 in,5,#CC79A7,2027,5,2026-10-05,2026-10-05 01:00 PM PDT,5.3,1,SMS.I_40
NRCS_scan_2141,Kyle Canyon,2141,40,40 in,5,#CC79A7,2027,6,2026-10-06,2026-10-06 01:00 PM PDT,5.3,1,SMS.I_40
NRCS_scan_2141,Kyle Canyon,2141,40,40 in,5,#CC79A7,2027,7,2026-10-07,2026-10-07 01:00 PM PDT,5.1,1,SMS.I_40
NRCS_scan_2141,Kyle Canyon,2141,40,40 in,5,#CC79A7,2027,8,2026-10-08,2026-10-08 01:00 PM PDT,5.3,1,SMS.I_40
NRCS_scan_2141,Kyle Canyon,2141,40,40 in,5,#CC79A7,2027,9,2026-10-09,2026-10-09 01:00 PM PDT,5.5,1,SMS.I_40
NRCS_scan_2141,Kyle Canyon,2141,40,40 in,5,#CC79A7,2027,10,2026-10-10,2026-10-10 01:00 PM PDT,5.5,1,SMS.I_40
NRCS_scan_2142,Trough Springs,2142,4,4 in,2,#56B4E9,2027,1,2026-10-01,2026-10-01 01:00 PM PDT,5.6,1,SMS.I_4
NRCS_scan_2142,Trough Springs,2142,4,4 in,2,#56B4E9,2027,2,2026-10-02,2026-10-02 01:00 PM PDT,6.9,1,SMS.I_4
NRCS_scan_2142,Trough Springs,2142,4,4 in,2,#56B4E9,2027,3,2026-10-03,2026-10-03 01:00 PM PDT,6.5,1,SMS.I_4
NRCS_scan_2142,Trough Springs,2142,4,4 in,2,#56B4E9,2027,4,2026-10-04,2026-10-04 01:00 PM PDT,6.9,1,SMS.I_4
NRCS_scan_2142,Trough Springs,2142,4,4 in,2,#56B4E9,2027,5,2026-10-05,2026-10-05 01:00 PM PDT,6.9,1,SMS.I_4
NRCS_scan_2142,Trough Springs,2142,4,4 in,2,#56B4E9,2027,6,2026-10-06,2026-10-06 01:00 PM PDT,6.6,1,SMS.I_4
NRCS_scan_2142,Trough Springs,2142,4,4 in,2,#56B4E9,2027,7,2026-10-07,2026-10-07 01:00 PM PDT,6.9,1,SMS.I_4
NRCS_scan_2142,Trough Springs,2142,4,4 in,2,#56B4E9,2027,8,2026-10-08,2026-10-08 01:00 PM PDT,6.9,1,SMS.I_4
NRCS_scan_2142,Trough Springs,2142,4,4 in,2,#56B4E9,2027,9,2026-10-09,2026-10-09 01:00 PM PDT,6.5,1,SMS.I_4
NRCS_scan_2142,Trough Springs,2142,4,4 in,2,#56B4E9,2027,10,2026-10-10,2026-10-10 01:00 PM PDT,6.7,1,SMS.I_4
NRCS_scan_2142,Trough Springs,2142,20,20 in,4,#D55E00,2027,1,2026-10-01,2026-10-01 01:00 PM PDT,11.5,1,SMS.I_20
NRCS_scan_2142,Trough Springs,2142,20,20 in,4,#D55E00,2027,2,2026-10-02,2026-10-02 01:00 PM PDT,11.5,1,SMS.I_20
NRCS_scan_2142,Trough Springs,2142,20,20 in,4,#D55E00,2027,3,2026-10-03,2026-10-03 01:00 PM PDT,11.4,1,SMS.I_20
NRCS_scan_2142,Trough Springs,2142,20,20 in,4,#D55E00,2027,4,2026-10-04,2026-10-04 01:00 PM PDT,11.6,1,SMS.I_20
NRCS_scan_2142,Trough Springs,2142,20,20 in,4,#D55E00,2027,5,2026-10-05,2026-10-05 01:00 PM PDT,11.6,1,SMS.I_20
NRCS_scan_2142,Trough Springs,2142,20,20 in,4,#D55E00,2027,6,2026-10-06,2026-10-06 01:00 PM PDT,11.4,1,SMS.I_20
NRCS_scan_2142,Trough Springs,2142,20,20 in,4,#D55E00,2027,7,2026-10-07,2026-10-07 01:00 PM PDT,11.4,1,SMS.I_20
NRCS_scan_2142,Trough Springs,2142,20,20 in,4,#D55E00,2027,8,2026-10-08,2026-10-08 01:00 PM PDT,11.4,1,SMS.I_20
NRCS_scan_2142,Trough Springs,2142,20,20 in,4,#D55E00,2027,9,2026-10-09,2026-10-09 01:00 PM PDT,11.4,1,SMS.I_20
NRCS_scan_2142,Trough Springs,2142,20,20 in,4,#D55E00,2027,10,2026-10-10,2026-10-10 01:00 PM PDT,11.8,1,SMS.I_20
NRCS_scan_2142,Trough Springs,2142,40,40 in,5,#CC79A7,2027,1,2026-10-01,2026-10-01 01:00 PM PDT,8.5,1,SMS.I_40
NRCS_scan_2142,Trough Springs,2142,40,40 in,5,#CC79A7,2027,2,2026-10-02,2026-10-02 01:00 PM PDT,8.7,1,SMS.I_40
NRCS_scan_2142,Trough Springs,2142,40,40 in,5,#CC79A7,2027,3,2026-10-03,2026-10-03 01:00 PM PDT,8.9,1,SMS.I_40
NRCS_scan_2142,Trough Springs,2142,40,40 in,5,#CC79A7,2027,4,2026-10-04,2026-10-04 01:00 PM PDT,8.6,1,SMS.I_40
NRCS_scan_2142,Trough Springs,2142,40,40 in,5,#CC79A7,2027,5,2026-10-05,2026-10-05 01:00 PM PDT,8.9,1,SMS.I_40
NRCS_scan_2142,Trough Springs,2142,40,40 in,5,#CC79A7,2027,6,2026-10-06,2026-10-06 01:00 PM PDT,9.1,1,SMS.I_40
NRCS_scan_2142,Trough Springs,2142,40,40 in,5,#CC79A7,2027,7,2026-10-07,2026-10-07 01:00 PM PDT,8.5,1,SMS.I_40
NRCS_scan_2142,Trough Springs,2142,40,40 in,5,#CC79A7,2027,8,2026-10-08,2026-10-08 01:00 PM PDT,8.5,1,SMS.I_40
NRCS_scan_2142,Trough Springs,2142,40,40 in,5,#CC79A7,2027,9,2026-10-09,2026-10-09 01:00 PM PDT,8.7,1,SMS.I_40
NRCS_scan_2142,Trough Springs,2142,40,40 in,5,#CC79A7,2027,10,2026-10-10,2026-10-10 01:00 PM PDT,8.5,1,SMS.I_40
NRCS_scan_2144,Pine Nut,2144,2,2 in,1,#E69F00,2027,1,2026-10-01,2026-10-01 01:00 PM PDT,15.7,1,SMS.I_2
NRCS_scan_2144,Pine Nut,2144,2,2 in,1,#E69F00,2027,2,2026-10-02,2026-10-02 01:00 PM PDT,14.4,1,SMS.I_2
NRCS_scan_2144,Pine Nut,2144,2,2 in,1,#E69F00,2027,3,2026-10-03,2026-10-03 01:00 PM PDT,13.6,1,SMS.I_2
NRCS_scan_2144,Pine Nut,2144,2,2 in,1,#E69F00,2027,4,2026-10-04,2026-10-04 01:00 PM PDT,12.8,1,SMS.I_2
NRCS_scan_2144,Pine Nut,2144,2,2 in,1,#E69F00,2027,5,2026-10-05,2026-10-05 01:00 PM PDT,12.3,1,SMS.I_2
NRCS_scan_2144,Pine Nut,2144,2,2 in,1,#E69F00,2027,6,2026-10-06,2026-10-06 01:00 PM PDT,12,1,SMS.I_2
NRCS_scan_2144,Pine Nut,2144,2,2 in,1,#E69F00,2027,7,2026-10-07,2026-10-07 01:00 PM PDT,11.7,1,SMS.I_2
NRCS_scan_2144,Pine Nut,2144,2,2 in,1,#E69F00,2027,8,2026-10-08,2026-10-08 01:00 PM PDT,11.1,1,SMS.I_2
NRCS_scan_2144,Pine Nut,2144,2,2 in,1,#E69F00,2027,9,2026-10-09,2026-10-09 01:00 PM PDT,10.8,1,SMS.I_2
NRCS_scan_2144,Pine Nut,2144,2,2 in,1,#E69F00,2027,10,2026-10-10,2026-10-10 01:00 PM PDT,10.7,1,SMS.I_2
NRCS_scan_2144,Pine Nut,2144,4,4 in,2,#56B4E9,2027,1,2026-10-01,2026-10-01 01:00 PM PDT,12.1,1,SMS.I_4
NRCS_scan_2144,Pine Nut,2144,4,4 in,2,#56B4E9,2027,2,2026-10-02,2026-10-02 01:00 PM PDT,11.5,1,SMS.I_4
NRCS_scan_2144,Pine Nut,2144,4,4 in,2,#56B4E9,2027,3,2026-10-03,2026-10-03 01:00 PM PDT,10.9,1,SMS.I_4
NRCS_scan_2144,Pine Nut,2144,4,4 in,2,#56B4E9,2027,4,2026-10-04,2026-10-04 01:00 PM PDT,10.4,1,SMS.I_4
NRCS_scan_2144,Pine Nut,2144,4,4 in,2,#56B4E9,2027,5,2026-10-05,2026-10-05 01:00 PM PDT,10.1,1,SMS.I_4
NRCS_scan_2144,Pine Nut,2144,4,4 in,2,#56B4E9,2027,6,2026-10-06,2026-10-06 01:00 PM PDT,10.3,1,SMS.I_4
NRCS_scan_2144,Pine Nut,2144,4,4 in,2,#56B4E9,2027,7,2026-10-07,2026-10-07 01:00 PM PDT,9.6,1,SMS.I_4
NRCS_scan_2144,Pine Nut,2144,4,4 in,2,#56B4E9,2027,8,2026-10-08,2026-10-08 01:00 PM PDT,9.7,1,SMS.I_4
NRCS_scan_2144,Pine Nut,2144,4,4 in,2,#56B4E9,2027,9,2026-10-09,2026-10-09 01:00 PM PDT,9.3,1,SMS.I_4
NRCS_scan_2144,Pine Nut,2144,4,4 in,2,#56B4E9,2027,10,2026-10-10,2026-10-10 01:00 PM PDT,8.9,1,SMS.I_4
NRCS_scan_2144,Pine Nut,2144,8,8 in,3,#009E73,2027,1,2026-10-01,2026-10-01 01:00 PM PDT,5.3,1,SMS.I_8
NRCS_scan_2144,Pine Nut,2144,8,8 in,3,#009E73,2027,2,2026-10-02,2026-10-02 01:00 PM PDT,6.7,1,SMS.I_8
NRCS_scan_2144,Pine Nut,2144,8,8 in,3,#009E73,2027,3,2026-10-03,2026-10-03 01:00 PM PDT,7.3,1,SMS.I_8
NRCS_scan_2144,Pine Nut,2144,8,8 in,3,#009E73,2027,4,2026-10-04,2026-10-04 01:00 PM PDT,7.7,1,SMS.I_8
NRCS_scan_2144,Pine Nut,2144,8,8 in,3,#009E73,2027,5,2026-10-05,2026-10-05 01:00 PM PDT,7.3,1,SMS.I_8
NRCS_scan_2144,Pine Nut,2144,8,8 in,3,#009E73,2027,6,2026-10-06,2026-10-06 01:00 PM PDT,7.7,1,SMS.I_8
NRCS_scan_2144,Pine Nut,2144,8,8 in,3,#009E73,2027,7,2026-10-07,2026-10-07 01:00 PM PDT,7.4,1,SMS.I_8
NRCS_scan_2144,Pine Nut,2144,8,8 in,3,#009E73,2027,8,2026-10-08,2026-10-08 01:00 PM PDT,7.3,1,SMS.I_8
NRCS_scan_2144,Pine Nut,2144,8,8 in,3,#009E73,2027,9,2026-10-09,2026-10-09 01:00 PM PDT,7.6,1,SMS.I_8
NRCS_scan_2144,Pine Nut,2144,8,8 in,3,#009E73,2027,10,2026-10-10,2026-10-10 01:00 PM PDT,7.6,1,SMS.I_8
NRCS_scan_2144,Pine Nut,2144,20,20 in,4,#D55E00,2027,1,2026-10-01,2026-10-01 01:00 PM PDT,10.4,1,SMS.I_20
NRCS_scan_2144,Pine Nut,2144,20,20 in,4,#D55E00,2027,2,2026-10-02,2026-10-02 01:00 PM PDT,10,1,SMS.I_20
NRCS_scan_2144,Pine Nut,2144,20,20 in,4,#D55E00,2027,3,2026-10-03,2026-10-03 01:00 PM PDT,10.2,1,SMS.I_20
NRCS_scan_2144,Pine Nut,2144,20,20 in,4,#D55E00,2027,4,2026-10-04,2026-10-04 01:00 PM PDT,10.2,1,SMS.I_20
NRCS_scan_2144,Pine Nut,2144,20,20 in,4,#D55E00,2027,5,2026-10-05,2026-10-05 01:00 PM PDT,10.4,1,SMS.I_20
NRCS_scan_2144,Pine Nut,2144,20,20 in,4,#D55E00,2027,6,2026-10-06,2026-10-06 01:00 PM PDT,10,1,SMS.I_20
NRCS_scan_2144,Pine Nut,2144,20,20 in,4,#D55E00,2027,7,2026-10-07,2026-10-07 01:00 PM PDT,10.4,1,SMS.I_20
NRCS_scan_2144,Pine Nut,2144,20,20 in,4,#D55E00,2027,8,2026-10-08,2026-10-08 01:00 PM PDT,10,1,SMS.I_20
NRCS_scan_2144,Pine Nut,2144,20,20 in,4,#D55E00,2027,9,2026-10-09,2026-10-09 01:00 PM PDT,9.8,1,SMS.I_20
NRCS_scan_2144,Pine Nut,2144,20,20 in,4,#D55E00,2027,10,2026-10-10,2026-10-10 01:00 PM PDT,10,1,SMS.I_20
NRCS_scan_2145,Charkiln,2145,2,2 in,1,#E69F00,2027,1,2026-10-01,2026-10-01 01:00 PM PDT,6.9,1,SMS.I_2
NRCS_scan_2145,Charkiln,2145,2,2 in,1,#E69F00,2027,2,2026-10-02,2026-10-02 01:00 PM PDT,7.5,1,SMS.I_2
NRCS_scan_2145,Charkiln,2145,2,2 in,1,#E69F00,2027,3,2026-10-03,2026-10-03 01:00 PM PDT,7.5,1,SMS.I_2
NRCS_scan_2145,Charkiln,2145,2,2 in,1,#E69F00,2027,4,2026-10-04,2026-10-04 01:00 PM PDT,7.1,1,SMS.I_2
NRCS_scan_2145,Charkiln,2145,2,2 in,1,#E69F00,2027,5,2026-10-05,2026-10-05 01:00 PM PDT,7.7,1,SMS.I_2
NRCS_scan_2145,Charkiln,2145,2,2 in,1,#E69F00,2027,6,2026-10-06,2026-10-06 01:00 PM PDT,8,1,SMS.I_2
NRCS_scan_2145,Charkiln,2145,2,2 in,1,#E69F00,2027,7,2026-10-07,2026-10-07 01:00 PM PDT,8,1,SMS.I_2
NRCS_scan_2145,Charkiln,2145,2,2 in,1,#E69F00,2027,8,2026-10-08,2026-10-08 01:00 PM PDT,7.7,1,SMS.I_2
NRCS_scan_2145,Charkiln,2145,2,2 in,1,#E69F00,2027,9,2026-10-09,2026-10-09 01:00 PM PDT,7.8,1,SMS.I_2
NRCS_scan_2145,Charkiln,2145,2,2 in,1,#E69F00,2027,10,2026-10-10,2026-10-10 01:00 PM PDT,8.1,1,SMS.I_2
NRCS_scan_2145,Charkiln,2145,4,4 in,2,#56B4E9,2027,1,2026-10-01,2026-10-01 01:00 PM PDT,9.5,1,SMS.I_4
NRCS_scan_2145,Charkiln,2145,4,4 in,2,#56B4E9,2027,2,2026-10-02,2026-10-02 01:00 PM PDT,8.6,1,SMS.I_4
NRCS_scan_2145,Charkiln,2145,4,4 in,2,#56B4E9,2027,3,2026-10-03,2026-10-03 01:00 PM PDT,8.1,1,SMS.I_4
NRCS_scan_2145,Charkiln,2145,4,4 in,2,#56B4E9,2027,4,2026-10-04,2026-10-04 01:00 PM PDT,8.3,1,SMS.I_4
NRCS_scan_2145,Charkiln,2145,4,4 in,2,#56B4E9,2027,5,2026-10-05,2026-10-05 01:00 PM PDT,7.7,1,SMS.I_4
NRCS_scan_2145,Charkiln,2145,4,4 in,2,#56B4E9,2027,6,2026-10-06,2026-10-06 01:00 PM PDT,7.5,1,SMS.I_4
NRCS_scan_2145,Charkiln,2145,4,4 in,2,#56B4E9,2027,7,2026-10-07,2026-10-07 01:00 PM PDT,7.3,1,SMS.I_4
NRCS_scan_2145,Charkiln,2145,4,4 in,2,#56B4E9,2027,8,2026-10-08,2026-10-08 01:00 PM PDT,7.4,1,SMS.I_4
NRCS_scan_2145,Charkiln,2145,4,4 in,2,#56B4E9,2027,9,2026-10-09,2026-10-09 01:00 PM PDT,7.4,1,SMS.I_4
NRCS_scan_2145,Charkiln,2145,4,4 in,2,#56B4E9,2027,10,2026-10-10,2026-10-10 01:00 PM PDT,7.4,1,SMS.I_4
NRCS_scan_2145,Charkiln,2145,8,8 in,3,#009E73,2027,1,2026-10-01,2026-10-01 01:00 PM PDT,16.5,1,SMS.I_8
NRCS_scan_2145,Charkiln,2145,8,8 in,3,#009E73,2027,2,2026-10-02,2026-10-02 01:00 PM PDT,14.2,1,SMS.I_8
NRCS_scan_2145,Charkiln,2145,8,8 in,3,#009E73,2027,3,2026-10-03,2026-10-03 01:00 PM PDT,13.7,1,SMS.I_8
NRCS_scan_2145,Charkiln,2145,8,8 in,3,#009E73,2027,4,2026-10-04,2026-10-04 01:00 PM PDT,12.9,1,SMS.I_8
NRCS_scan_2145,Charkiln,2145,8,8 in,3,#009E73,2027,5,2026-10-05,2026-10-05 01:00 PM PDT,13.2,1,SMS.I_8
NRCS_scan_2145,Charkiln,2145,8,8 in,3,#009E73,2027,6,2026-10-06,2026-10-06 01:00 PM PDT,12.5,1,SMS.I_8
NRCS_scan_2145,Charkiln,2145,8,8 in,3,#009E73,2027,7,2026-10-07,2026-10-07 01:00 PM PDT,12.9,1,SMS.I_8
NRCS_scan_2145,Charkiln,2145,8,8 in,3,#009E73,2027,8,2026-10-08,2026-10-08 01:00 PM PDT,12.8,1,SMS.I_8
NRCS_scan_2145,Charkiln,2145,8,8 in,3,#009E73,2027,9,2026-10-09,2026-10-09 01:00 PM PDT,12.4,1,SMS.I_8
NRCS_scan_2145,Charkiln,2145,8,8 in,3,#009E73,2027,10,2026-10-10,2026-10-10 01:00 PM PDT,12.6,1,SMS.I_8
NRCS_scan_2145,Charkiln,2145,20,20 in,4,#D55E00,2027,1,2026-10-01,2026-10-01 01:00 PM PDT,37.3,1,SMS.I_20
NRCS_scan_2145,Charkiln,2145,20,20 in,4,#D55E00,2027,2,2026-10-02,2026-10-02 01:00 PM PDT,30.4,1,SMS.I_20
NRCS_scan_2145,Charkiln,2145,20,20 in,4,#D55E00,2027,3,2026-10-03,2026-10-03 01:00 PM PDT,25.5,1,SMS.I_20
NRCS_scan_2145,Charkiln,2145,20,20 in,4,#D55E00,2027,4,2026-10-04,2026-10-04 01:00 PM PDT,22.8,1,SMS.I_20
NRCS_scan_2145,Charkiln,2145,20,20 in,4,#D55E00,2027,5,2026-10-05,2026-10-05 01:00 PM PDT,22,1,SMS.I_20
NRCS_scan_2145,Charkiln,2145,20,20 in,4,#D55E00,2027,6,2026-10-06,2026-10-06 01:00 PM PDT,21.5,1,SMS.I_20
NRCS_scan_2145,Charkiln,2145,20,20 in,4,#D55E00,2027,7,2026-10-07,2026-10-07 01:00 PM PDT,21.3,1,SMS.I_20
NRCS_scan_2145,Charkiln,2145,20,20 in,4,#D55E00,2027,8,2026-10-08,2026-10-08 01:00 PM PDT,20.9,1,SMS.I_20
NRCS_scan_2145,Charkiln,2145,20,20 in,4,#D55E00,2027,9,2026-10-09,2026-10-09 01:00 PM PDT,20.6,1,SMS.I_20
NRCS_scan_2145,Charkiln,2145,20,20 in,4,#D55E00,2027,10,2026-10-10,2026-10-10 01:00 PM PDT,20.2,1,SMS.I_20
NRCS_scan_2145,Charkiln,2145,40,40 in,5,#CC79A7,2027,1,2026-10-01,2026-10-01 01:00 PM PDT,20.6,1,SMS.I_40
NRCS_scan_2145,Charkiln,2145,40,40 in,5,#CC79A7,2027,2,2026-10-02,2026-10-02 01:00 PM PDT,20.9,1,SMS.I_40
NRCS_scan_2145,Charkiln,2145,40,40 in,5,#CC79A7,2027,3,2026-10-03,2026-10-03 01:00 PM PDT,20.5,1,SMS.I_40
NRCS_scan_2145,Charkiln,2145,40,40 in,5,#CC79A7,2027,4,2026-10-04,2026-10-04 01:00 PM PDT,20.6,1,SMS.I_40
NRCS_scan_2145,Charkiln,2145,40,40 in,5,#CC79A7,2027,5,2026-10-05,2026-10-05 01:00 PM PDT,20.6,1,SMS.I_40
NRCS_scan_2145,Charkiln,2145,40,40 in,5,#CC79A7,2027,6,2026-10-06,2026-10-06 01:00 PM PDT,20.6,1,SMS.I_40
NRCS_scan_2145,Charkiln,2145,40,40 in,5,#CC79A7,2027,7,2026-10-07,2026-10-07 01:00 PM PDT,20.6,1,SMS.I_40
NRCS_scan_2145,Charkiln,2145,40,40 in,5,#CC79A7,2027,8,2026-10-08,2026-10-08 01:00 PM PDT,20.8,1,SMS.I_40
NRCS_scan_2145,Charkiln,2145,40,40 in,5,#CC79A7,2027,9,2026-10-09,2026-10-09 01:00 PM PDT,20.4,1,SMS.I_40
NRCS_scan_2145,Charkiln,2145,40,40 in,5,#CC79A7,2027,10,2026-10-10,2026-10-10 01:00 PM PDT,20.8,1,SMS.I_40
NRCS_scan_2146,Lovell Summit,2146,2,2 in,1,#E69F00,2027,1,2026-10-01,2026-10-01 01:00 PM PDT,6.2,1,SMS.I_2
NRCS_scan_2146,Lovell Summit,2146,2,2 in,1,#E69F00,2027,2,2026-10-02,2026-10-02 01:00 PM PDT,6.6,1,SMS.I_2
NRCS_scan_2146,Lovell Summit,2146,2,2 in,1,#E69F00,2027,3,2026-10-03,2026-10-03 01:00 PM PDT,6.7,1,SMS.I_2
NRCS_scan_2146,Lovell Summit,2146,2,2 in,1,#E69F00,2027,4,2026-10-04,2026-10-04 01:00 PM PDT,6.7,1,SMS.I_2
NRCS_scan_2146,Lovell Summit,2146,2,2 in,1,#E69F00,2027,5,2026-10-05,2026-10-05 01:00 PM PDT,6.7,1,SMS.I_2
NRCS_scan_2146,Lovell Summit,2146,2,2 in,1,#E69F00,2027,6,2026-10-06,2026-10-06 01:00 PM PDT,6.4,1,SMS.I_2
NRCS_scan_2146,Lovell Summit,2146,2,2 in,1,#E69F00,2027,7,2026-10-07,2026-10-07 01:00 PM PDT,6.3,1,SMS.I_2
NRCS_scan_2146,Lovell Summit,2146,2,2 in,1,#E69F00,2027,8,2026-10-08,2026-10-08 01:00 PM PDT,6.1,1,SMS.I_2
NRCS_scan_2146,Lovell Summit,2146,2,2 in,1,#E69F00,2027,9,2026-10-09,2026-10-09 01:00 PM PDT,6,1,SMS.I_2
NRCS_scan_2146,Lovell Summit,2146,2,2 in,1,#E69F00,2027,10,2026-10-10,2026-10-10 01:00 PM PDT,5.9,1,SMS.I_2
NRCS_scan_2146,Lovell Summit,2146,4,4 in,2,#56B4E9,2027,1,2026-10-01,2026-10-01 01:00 PM PDT,13.7,1,SMS.I_4
NRCS_scan_2146,Lovell Summit,2146,4,4 in,2,#56B4E9,2027,2,2026-10-02,2026-10-02 01:00 PM PDT,13.8,1,SMS.I_4
NRCS_scan_2146,Lovell Summit,2146,4,4 in,2,#56B4E9,2027,3,2026-10-03,2026-10-03 01:00 PM PDT,14,1,SMS.I_4
NRCS_scan_2146,Lovell Summit,2146,4,4 in,2,#56B4E9,2027,4,2026-10-04,2026-10-04 01:00 PM PDT,14.1,1,SMS.I_4
NRCS_scan_2146,Lovell Summit,2146,4,4 in,2,#56B4E9,2027,5,2026-10-05,2026-10-05 01:00 PM PDT,14.1,1,SMS.I_4
NRCS_scan_2146,Lovell Summit,2146,4,4 in,2,#56B4E9,2027,6,2026-10-06,2026-10-06 01:00 PM PDT,14,1,SMS.I_4
NRCS_scan_2146,Lovell Summit,2146,4,4 in,2,#56B4E9,2027,7,2026-10-07,2026-10-07 01:00 PM PDT,13.9,1,SMS.I_4
NRCS_scan_2146,Lovell Summit,2146,4,4 in,2,#56B4E9,2027,8,2026-10-08,2026-10-08 01:00 PM PDT,14,1,SMS.I_4
NRCS_scan_2146,Lovell Summit,2146,4,4 in,2,#56B4E9,2027,9,2026-10-09,2026-10-09 01:00 PM PDT,13.9,1,SMS.I_4
NRCS_scan_2146,Lovell Summit,2146,4,4 in,2,#56B4E9,2027,10,2026-10-10,2026-10-10 01:00 PM PDT,13.9,1,SMS.I_4
NRCS_scan_2146,Lovell Summit,2146,8,8 in,3,#009E73,2027,1,2026-10-01,2026-10-01 01:00 PM PDT,15.4,1,SMS.I_8
NRCS_scan_2146,Lovell Summit,2146,8,8 in,3,#009E73,2027,2,2026-10-02,2026-10-02 01:00 PM PDT,15.6,1,SMS.I_8
NRCS_scan_2146,Lovell Summit,2146,8,8 in,3,#009E73,2027,3,2026-10-03,2026-10-03 01:00 PM PDT,15.5,1,SMS.I_8
NRCS_scan_2146,Lovell Summit,2146,8,8 in,3,#009E73,2027,4,2026-10-04,2026-10-04 01:00 PM PDT,15.5,1,SMS.I_8
NRCS_scan_2146,Lovell Summit,2146,8,8 in,3,#009E73,2027,5,2026-10-05,2026-10-05 01:00 PM PDT,15.7,1,SMS.I_8
NRCS_scan_2146,Lovell Summit,2146,8,8 in,3,#009E73,2027,6,2026-10-06,2026-10-06 01:00 PM PDT,15.6,1,SMS.I_8
NRCS_scan_2146,Lovell Summit,2146,8,8 in,3,#009E73,2027,7,2026-10-07,2026-10-07 01:00 PM PDT,15.5,1,SMS.I_8
NRCS_scan_2146,Lovell Summit,2146,8,8 in,3,#009E73,2027,8,2026-10-08,2026-10-08 01:00 PM PDT,15.4,1,SMS.I_8
NRCS_scan_2146,Lovell Summit,2146,8,8 in,3,#009E73,2027,9,2026-10-09,2026-10-09 01:00 PM PDT,15.5,1,SMS.I_8
NRCS_scan_2146,Lovell Summit,2146,8,8 in,3,#009E73,2027,10,2026-10-10,2026-10-10 01:00 PM PDT,15.5,1,SMS.I_8
NRCS_scan_2149,Marble Creek,2149,2,2 in,1,#E69F00,2027,1,2026-10-01,2026-10-01 01:00 PM PDT,2.2,1,SMS.I_2
NRCS_scan_2149,Marble Creek,2149,2,2 in,1,#E69F00,2027,2,2026-10-02,2026-10-02 01:00 PM PDT,3,1,SMS.I_2
NRCS_scan_2149,Marble Creek,2149,2,2 in,1,#E69F00,2027,3,2026-10-03,2026-10-03 01:00 PM PDT,2.3,1,SMS.I_2
NRCS_scan_2149,Marble Creek,2149,2,2 in,1,#E69F00,2027,4,2026-10-04,2026-10-04 01:00 PM PDT,2.3,1,SMS.I_2
NRCS_scan_2149,Marble Creek,2149,2,2 in,1,#E69F00,2027,5,2026-10-05,2026-10-05 01:00 PM PDT,2.3,1,SMS.I_2
NRCS_scan_2149,Marble Creek,2149,2,2 in,1,#E69F00,2027,6,2026-10-06,2026-10-06 01:00 PM PDT,1.7,1,SMS.I_2
NRCS_scan_2149,Marble Creek,2149,2,2 in,1,#E69F00,2027,7,2026-10-07,2026-10-07 01:00 PM PDT,2,1,SMS.I_2
NRCS_scan_2149,Marble Creek,2149,2,2 in,1,#E69F00,2027,8,2026-10-08,2026-10-08 01:00 PM PDT,2.7,1,SMS.I_2
NRCS_scan_2149,Marble Creek,2149,2,2 in,1,#E69F00,2027,9,2026-10-09,2026-10-09 01:00 PM PDT,2.7,1,SMS.I_2
NRCS_scan_2149,Marble Creek,2149,2,2 in,1,#E69F00,2027,10,2026-10-10,2026-10-10 01:00 PM PDT,2.2,1,SMS.I_2
NRCS_scan_2149,Marble Creek,2149,4,4 in,2,#56B4E9,2027,1,2026-10-01,2026-10-01 01:00 PM PDT,4.3,1,SMS.I_4
NRCS_scan_2149,Marble Creek,2149,4,4 in,2,#56B4E9,2027,2,2026-10-02,2026-10-02 01:00 PM PDT,4.7,1,SMS.I_4
NRCS_scan_2149,Marble Creek,2149,4,4 in,2,#56B4E9,2027,3,2026-10-03,2026-10-03 01:00 PM PDT,4.3,1,SMS.I_4
NRCS_scan_2149,Marble Creek,2149,4,4 in,2,#56B4E9,2027,4,2026-10-04,2026-10-04 01:00 PM PDT,4.5,1,SMS.I_4
NRCS_scan_2149,Marble Creek,2149,4,4 in,2,#56B4E9,2027,5,2026-10-05,2026-10-05 01:00 PM PDT,4.3,1,SMS.I_4
NRCS_scan_2149,Marble Creek,2149,4,4 in,2,#56B4E9,2027,6,2026-10-06,2026-10-06 01:00 PM PDT,4.3,1,SMS.I_4
NRCS_scan_2149,Marble Creek,2149,4,4 in,2,#56B4E9,2027,7,2026-10-07,2026-10-07 01:00 PM PDT,4.6,1,SMS.I_4
NRCS_scan_2149,Marble Creek,2149,4,4 in,2,#56B4E9,2027,8,2026-10-08,2026-10-08 01:00 PM PDT,4.1,1,SMS.I_4
NRCS_scan_2149,Marble Creek,2149,4,4 in,2,#56B4E9,2027,9,2026-10-09,2026-10-09 01:00 PM PDT,4.1,1,SMS.I_4
NRCS_scan_2149,Marble Creek,2149,4,4 in,2,#56B4E9,2027,10,2026-10-10,2026-10-10 01:00 PM PDT,3.8,1,SMS.I_4
NRCS_scan_2149,Marble Creek,2149,8,8 in,3,#009E73,2027,1,2026-10-01,2026-10-01 01:00 PM PDT,4.1,1,SMS.I_8
NRCS_scan_2149,Marble Creek,2149,8,8 in,3,#009E73,2027,2,2026-10-02,2026-10-02 01:00 PM PDT,4.1,1,SMS.I_8
NRCS_scan_2149,Marble Creek,2149,8,8 in,3,#009E73,2027,3,2026-10-03,2026-10-03 01:00 PM PDT,4.1,1,SMS.I_8
NRCS_scan_2149,Marble Creek,2149,8,8 in,3,#009E73,2027,4,2026-10-04,2026-10-04 01:00 PM PDT,4.1,1,SMS.I_8
NRCS_scan_2149,Marble Creek,2149,8,8 in,3,#009E73,2027,5,2026-10-05,2026-10-05 01:00 PM PDT,4.1,1,SMS.I_8
NRCS_scan_2149,Marble Creek,2149,8,8 in,3,#009E73,2027,6,2026-10-06,2026-10-06 01:00 PM PDT,4.4,1,SMS.I_8
NRCS_scan_2149,Marble Creek,2149,8,8 in,3,#009E73,2027,7,2026-10-07,2026-10-07 01:00 PM PDT,4.3,1,SMS.I_8
NRCS_scan_2149,Marble Creek,2149,8,8 in,3,#009E73,2027,8,2026-10-08,2026-10-08 01:00 PM PDT,4.2,1,SMS.I_8
NRCS_scan_2149,Marble Creek,2149,8,8 in,3,#009E73,2027,9,2026-10-09,2026-10-09 01:00 PM PDT,4.3,1,SMS.I_8
NRCS_scan_2149,Marble Creek,2149,8,8 in,3,#009E73,2027,10,2026-10-10,2026-10-10 01:00 PM PDT,3.8,1,SMS.I_8
NRCS_scan_2149,Marble Creek,2149,20,20 in,4,#D55E00,2027,1,2026-10-01,2026-10-01 01:00 PM PDT,5.4,1,SMS.I_20
NRCS_scan_2149,Marble Creek,2149,20,20 in,4,#D55E00,2027,2,2026-10-02,2026-10-02 01:00 PM PDT,5.3,1,SMS.I_20
NRCS_scan_2149,Marble Creek,2149,20,20 in,4,#D55E00,2027,3,2026-10-03,2026-10-03 01:00 PM PDT,5.3,1,SMS.I_20
NRCS_scan_2149,Marble Creek,2149,20,20 in,4,#D55E00,2027,4,2026-10-04,2026-10-04 01:00 PM PDT,5.3,1,SMS.I_20
NRCS_scan_2149,Marble Creek,2149,20,20 in,4,#D55E00,2027,5,2026-10-05,2026-10-05 01:00 PM PDT,5.6,1,SMS.I_20
NRCS_scan_2149,Marble Creek,2149,20,20 in,4,#D55E00,2027,6,2026-10-06,2026-10-06 01:00 PM PDT,5.5,1,SMS.I_20
NRCS_scan_2149,Marble Creek,2149,20,20 in,4,#D55E00,2027,7,2026-10-07,2026-10-07 01:00 PM PDT,5.5,1,SMS.I_20
NRCS_scan_2149,Marble Creek,2149,20,20 in,4,#D55E00,2027,8,2026-10-08,2026-10-08 01:00 PM PDT,5.5,1,SMS.I_20
NRCS_scan_2149,Marble Creek,2149,20,20 in,4,#D55E00,2027,9,2026-10-09,2026-10-09 01:00 PM PDT,5.5,1,SMS.I_20
NRCS_scan_2149,Marble Creek,2149,20,20 in,4,#D55E00,2027,10,2026-10-10,2026-10-10 01:00 PM PDT,5.5,1,SMS.I_20
NRCS_scan_2183,Desert Center,2183,2,2 in,1,#E69F00,2027,1,2026-10-01,2026-10-01 01:00 PM PDT,3.2,1,SMS.I_2
NRCS_scan_2183,Desert Center,2183,2,2 in,1,#E69F00,2027,2,2026-10-02,2026-10-02 01:00 PM PDT,3.4,1,SMS.I_2
NRCS_scan_2183,Desert Center,2183,2,2 in,1,#E69F00,2027,3,2026-10-03,2026-10-03 01:00 PM PDT,3.5,1,SMS.I_2
NRCS_scan_2183,Desert Center,2183,2,2 in,1,#E69F00,2027,4,2026-10-04,2026-10-04 01:00 PM PDT,2.6,1,SMS.I_2
NRCS_scan_2183,Desert Center,2183,2,2 in,1,#E69F00,2027,5,2026-10-05,2026-10-05 01:00 PM PDT,3.4,1,SMS.I_2
NRCS_scan_2183,Desert Center,2183,2,2 in,1,#E69F00,2027,6,2026-10-06,2026-10-06 01:00 PM PDT,2.9,1,SMS.I_2
NRCS_scan_2183,Desert Center,2183,2,2 in,1,#E69F00,2027,7,2026-10-07,2026-10-07 01:00 PM PDT,3.4,1,SMS.I_2
NRCS_scan_2183,Desert Center,2183,2,2 in,1,#E69F00,2027,8,2026-10-08,2026-10-08 01:00 PM PDT,3,1,SMS.I_2
NRCS_scan_2183,Desert Center,2183,2,2 in,1,#E69F00,2027,9,2026-10-09,2026-10-09 01:00 PM PDT,2.5,1,SMS.I_2
NRCS_scan_2183,Desert Center,2183,2,2 in,1,#E69F00,2027,10,2026-10-10,2026-10-10 01:00 PM PDT,2.9,1,SMS.I_2
NRCS_scan_2183,Desert Center,2183,4,4 in,2,#56B4E9,2027,1,2026-10-01,2026-10-01 01:00 PM PDT,6.1,1,SMS.I_4
NRCS_scan_2183,Desert Center,2183,4,4 in,2,#56B4E9,2027,2,2026-10-02,2026-10-02 01:00 PM PDT,5.9,1,SMS.I_4
NRCS_scan_2183,Desert Center,2183,4,4 in,2,#56B4E9,2027,3,2026-10-03,2026-10-03 01:00 PM PDT,6.3,1,SMS.I_4
NRCS_scan_2183,Desert Center,2183,4,4 in,2,#56B4E9,2027,4,2026-10-04,2026-10-04 01:00 PM PDT,5.8,1,SMS.I_4
NRCS_scan_2183,Desert Center,2183,4,4 in,2,#56B4E9,2027,5,2026-10-05,2026-10-05 01:00 PM PDT,5.8,1,SMS.I_4
NRCS_scan_2183,Desert Center,2183,4,4 in,2,#56B4E9,2027,6,2026-10-06,2026-10-06 01:00 PM PDT,6,1,SMS.I_4
NRCS_scan_2183,Desert Center,2183,4,4 in,2,#56B4E9,2027,7,2026-10-07,2026-10-07 01:00 PM PDT,5.6,1,SMS.I_4
NRCS_scan_2183,Desert Center,2183,4,4 in,2,#56B4E9,2027,8,2026-10-08,2026-10-08 01:00 PM PDT,6.2,1,SMS.I_4
NRCS_scan_2183,Desert Center,2183,4,4 in,2,#56B4E9,2027,9,2026-10-09,2026-10-09 01:00 PM PDT,5.9,1,SMS.I_4
NRCS_scan_2183,Desert Center,2183,4,4 in,2,#56B4E9,2027,10,2026-10-10,2026-10-10 01:00 PM PDT,6.2,1,SMS.I_4
NRCS_scan_2183,Desert Center,2183,8,8 in,3,#009E73,2027,1,2026-10-01,2026-10-01 01:00 PM PDT,4.1,1,SMS.I_8
NRCS_scan_2183,Desert Center,2183,8,8 in,3,#009E73,2027,2,2026-10-02,2026-10-02 01:00 PM PDT,3.9,1,SMS.I_8
NRCS_scan_2183,Desert Center,2183,8,8 in,3,#009E73,2027,3,2026-10-03,2026-10-03 01:00 PM PDT,4,1,SMS.I_8
NRCS_scan_2183,Desert Center,2183,8,8 in,3,#009E73,2027,4,2026-10-04,2026-10-04 01:00 PM PDT,4,1,SMS.I_8
NRCS_scan_2183,Desert Center,2183,8,8 in,3,#009E73,2027,5,2026-10-05,2026-10-05 01:00 PM PDT,4,1,SMS.I_8
NRCS_scan_2183,Desert Center,2183,8,8 in,3,#009E73,2027,6,2026-10-06,2026-10-06 01:00 PM PDT,4.1,1,SMS.I_8
NRCS_scan_2183,Desert Center,2183,8,8 in,3,#009E73,2027,7,2026-10-07,2026-10-07 01:00 PM PDT,3.9,1,SMS.I_8
NRCS_scan_2183,Desert Center,2183,8,8 in,3,#009E73,2027,8,2026-10-08,2026-10-08 01:00 PM PDT,4,1,SMS.I_8
NRCS_scan_2183,Desert Center,2183,8,8 in,3,#009E73,2027,9,2026-10-09,2026-10-09 01:00 PM PDT,4.1,1,SMS.I_8
NRCS_scan_2183,Desert Center,2183,8,8 in,3,#009E73,2027,10,2026-10-10,2026-10-10 01:00 PM PDT,4,1,SMS.I_8
NRCS_scan_2183,Desert Center,2183,20,20 in,4,#D55E00,2027,1,2026-10-01,2026-10-01 01:00 PM PDT,7.9,1,SMS.I_20
NRCS_scan_2183,Desert Center,2183,20,20 in,4,#D55E00,2027,2,2026-10-02,2026-10-02 01:00 PM PDT,7.9,1,SMS.I_20
NRCS_scan_2183,Desert Center,2183,20,20 in,4,#D55E00,2027,3,2026-10-03,2026-10-03 01:00 PM PDT,8.1,1,SMS.I_20
NRCS_scan_2183,Desert Center,2183,20,20 in,4,#D55E00,2027,4,2026-10-04,2026-10-04 01:00 PM PDT,8.1,1,SMS.I_20
NRCS_scan_2183,Desert Center,2183,20,20 in,4,#D55E00,2027,5,2026-10-05,2026-10-05 01:00 PM PDT,8.1,1,SMS.I_20
NRCS_scan_2183,Desert Center,2183,20,20 in,4,#D55E00,2027,6,2026-10-06,2026-10-06 01:00 PM PDT,8.1,1,SMS.I_20
NRCS_scan_2183,Desert Center,2183,20,20 in,4,#D55E00,2027,7,2026-10-07,2026-10-07 01:00 PM PDT,8.1,1,SMS.I_20
NRCS_scan_2183,Desert Center,2183,20,20 in,4,#D55E00,2027,8,2026-10-08,2026-10-08 01:00 PM PDT,8.1,1,SMS.I_20
NRCS_scan_2183,Desert Center,2183,20,20 in,4,#D55E00,2027,9,2026-10-09,2026-10-09 01:00 PM PDT,8.1,1,SMS.I_20
NRCS_scan_2183,Desert Center,2183,20,20 in,4,#D55E00,2027,10,2026-10-10,2026-10-10 01:00 PM PDT,8.1,1,SMS.I_20
NRCS_scan_2183,Desert Center,2183,40,40 in,5,#CC79A7,2027,1,2026-10-01,2026-10-01 01:00 PM PDT,27.4,1,SMS.I_40
NRCS_scan_2183,Desert Center,2183,40,40 in,5,#CC79A7,2027,2,2026-10-02,2026-10-02 01:00 PM PDT,27.9,1,SMS.I_40
NRCS_scan_2183,Desert Center,2183,40,40 in,5,#CC79A7,2027,3,2026-10-03,2026-10-03 01:00 PM PDT,27.3,1,SMS.I_40
NRCS_scan_2183,Desert Center,2183,40,40 in,5,#CC79A7,2027,4,2026-10-04,2026-10-04 01:00 PM PDT,27.8,1,SMS.I_40
NRCS_scan_2183,Desert Center,2183,40,40 in,5,#CC79A7,2027,5,2026-10-05,2026-10-05 01:00 PM PDT,27.8,1,SMS.I_40
NRCS_scan_2183,Desert Center,2183,40,40 in,5,#CC79A7,2027,6,2026-10-06,2026-10-06 01:00 PM PDT,28.2,1,SMS.I_40
NRCS_scan_2183,Desert Center,2183,40,40 in,5,#CC79A7,2027,7,2026-10-07,2026-10-07 01:00 PM PDT,27.3,1,SMS.I_40
NRCS_scan_2183,Desert Center,2183,40,40 in,5,#CC79A7,2027,8,2026-10-08,2026-10-08 01:00 PM PDT,28.2,1,SMS.I_40
NRCS_scan_2183,Desert Center,2183,40,40 in,5,#CC79A7,2027,9,2026-10-09,2026-10-09 01:00 PM PDT,26.8,1,SMS.I_40
NRCS_scan_2183,Desert Center,2183,40,40 in,5,#CC79A7,2027,10,2026-10-10,2026-10-10 01:00 PM PDT,27.7,1,SMS.I_40
NRCS_scan_2184,Ford Dry Lake,2184,2,2 in,1,#E69F00,2027,1,2026-10-01,2026-10-01 01:00 PM PDT,4.7,1,SMS.I_2
NRCS_scan_2184,Ford Dry Lake,2184,2,2 in,1,#E69F00,2027,2,2026-10-02,2026-10-02 01:00 PM PDT,4.4,1,SMS.I_2
NRCS_scan_2184,Ford Dry Lake,2184,2,2 in,1,#E69F00,2027,3,2026-10-03,2026-10-03 01:00 PM PDT,4.1,1,SMS.I_2
NRCS_scan_2184,Ford Dry Lake,2184,2,2 in,1,#E69F00,2027,4,2026-10-04,2026-10-04 01:00 PM PDT,4,1,SMS.I_2
NRCS_scan_2184,Ford Dry Lake,2184,2,2 in,1,#E69F00,2027,5,2026-10-05,2026-10-05 01:00 PM PDT,3.9,1,SMS.I_2
NRCS_scan_2184,Ford Dry Lake,2184,2,2 in,1,#E69F00,2027,6,2026-10-06,2026-10-06 01:00 PM PDT,3.7,1,SMS.I_2
NRCS_scan_2184,Ford Dry Lake,2184,2,2 in,1,#E69F00,2027,7,2026-10-07,2026-10-07 01:00 PM PDT,3.9,1,SMS.I_2
NRCS_scan_2184,Ford Dry Lake,2184,2,2 in,1,#E69F00,2027,8,2026-10-08,2026-10-08 01:00 PM PDT,3.7,1,SMS.I_2
NRCS_scan_2184,Ford Dry Lake,2184,2,2 in,1,#E69F00,2027,9,2026-10-09,2026-10-09 01:00 PM PDT,3.6,1,SMS.I_2
NRCS_scan_2184,Ford Dry Lake,2184,2,2 in,1,#E69F00,2027,10,2026-10-10,2026-10-10 01:00 PM PDT,3.6,1,SMS.I_2
NRCS_scan_2184,Ford Dry Lake,2184,4,4 in,2,#56B4E9,2027,1,2026-10-01,2026-10-01 01:00 PM PDT,8.1,1,SMS.I_4
NRCS_scan_2184,Ford Dry Lake,2184,4,4 in,2,#56B4E9,2027,2,2026-10-02,2026-10-02 01:00 PM PDT,8,1,SMS.I_4
NRCS_scan_2184,Ford Dry Lake,2184,4,4 in,2,#56B4E9,2027,3,2026-10-03,2026-10-03 01:00 PM PDT,8.2,1,SMS.I_4
NRCS_scan_2184,Ford Dry Lake,2184,4,4 in,2,#56B4E9,2027,4,2026-10-04,2026-10-04 01:00 PM PDT,7.9,1,SMS.I_4
NRCS_scan_2184,Ford Dry Lake,2184,4,4 in,2,#56B4E9,2027,5,2026-10-05,2026-10-05 01:00 PM PDT,8,1,SMS.I_4
NRCS_scan_2184,Ford Dry Lake,2184,4,4 in,2,#56B4E9,2027,6,2026-10-06,2026-10-06 01:00 PM PDT,7.9,1,SMS.I_4
NRCS_scan_2184,Ford Dry Lake,2184,4,4 in,2,#56B4E9,2027,7,2026-10-07,2026-10-07 01:00 PM PDT,8,1,SMS.I_4
NRCS_scan_2184,Ford Dry Lake,2184,4,4 in,2,#56B4E9,2027,8,2026-10-08,2026-10-08 01:00 PM PDT,7.9,1,SMS.I_4
NRCS_scan_2184,Ford Dry Lake,2184,4,4 in,2,#56B4E9,2027,9,2026-10-09,2026-10-09 01:00 PM PDT,7.8,1,SMS.I_4
NRCS_scan_2184,Ford Dry Lake,2184,4,4 in,2,#56B4E9,2027,10,2026-10-10,2026-10-10 01:00 PM PDT,7.8,1,SMS.I_4
NRCS_scan_2184,Ford Dry Lake,2184,8,8 in,3,#009E73,2027,1,2026-10-01,2026-10-01 01:00 PM PDT,10.7,1,SMS.I_8
NRCS_scan_2184,Ford Dry Lake,2184,8,8 in,3,#009E73,2027,2,2026-10-02,2026-10-02 01:00 PM PDT,10.9,1,SMS.I_8
NRCS_scan_2184,Ford Dry Lake,2184,8,8 in,3,#009E73,2027,3,2026-10-03,2026-10-03 01:00 PM PDT,11,1,SMS.I_8
NRCS_scan_2184,Ford Dry Lake,2184,8,8 in,3,#009E73,2027,4,2026-10-04,2026-10-04 01:00 PM PDT,11.2,1,SMS.I_8
NRCS_scan_2184,Ford Dry Lake,2184,8,8 in,3,#009E73,2027,5,2026-10-05,2026-10-05 01:00 PM PDT,11.3,1,SMS.I_8
NRCS_scan_2184,Ford Dry Lake,2184,8,8 in,3,#009E73,2027,6,2026-10-06,2026-10-06 01:00 PM PDT,11.3,1,SMS.I_8
NRCS_scan_2184,Ford Dry Lake,2184,8,8 in,3,#009E73,2027,7,2026-10-07,2026-10-07 01:00 PM PDT,11.2,1,SMS.I_8
NRCS_scan_2184,Ford Dry Lake,2184,8,8 in,3,#009E73,2027,8,2026-10-08,2026-10-08 01:00 PM PDT,11.3,1,SMS.I_8
NRCS_scan_2184,Ford Dry Lake,2184,8,8 in,3,#009E73,2027,9,2026-10-09,2026-10-09 01:00 PM PDT,11.4,1,SMS.I_8
NRCS_scan_2184,Ford Dry Lake,2184,8,8 in,3,#009E73,2027,10,2026-10-10,2026-10-10 01:00 PM PDT,11.1,1,SMS.I_8
NRCS_scan_2184,Ford Dry Lake,2184,20,20 in,4,#D55E00,2027,1,2026-10-01,2026-10-01 01:00 PM PDT,14.4,1,SMS.I_20
NRCS_scan_2184,Ford Dry Lake,2184,20,20 in,4,#D55E00,2027,2,2026-10-02,2026-10-02 01:00 PM PDT,14.6,1,SMS.I_20
NRCS_scan_2184,Ford Dry Lake,2184,20,20 in,4,#D55E00,2027,3,2026-10-03,2026-10-03 01:00 PM PDT,14.6,1,SMS.I_20
NRCS_scan_2184,Ford Dry Lake,2184,20,20 in,4,#D55E00,2027,4,2026-10-04,2026-10-04 01:00 PM PDT,14.6,1,SMS.I_20
NRCS_scan_2184,Ford Dry Lake,2184,20,20 in,4,#D55E00,2027,5,2026-10-05,2026-10-05 01:00 PM PDT,14.6,1,SMS.I_20
NRCS_scan_2184,Ford Dry Lake,2184,20,20 in,4,#D55E00,2027,6,2026-10-06,2026-10-06 01:00 PM PDT,14.6,1,SMS.I_20
NRCS_scan_2184,Ford Dry Lake,2184,20,20 in,4,#D55E00,2027,7,2026-10-07,2026-10-07 01:00 PM PDT,14.6,1,SMS.I_20
NRCS_scan_2184,Ford Dry Lake,2184,20,20 in,4,#D55E00,2027,8,2026-10-08,2026-10-08 01:00 PM PDT,14.9,1,SMS.I_20
NRCS_scan_2184,Ford Dry Lake,2184,20,20 in,4,#D55E00,2027,9,2026-10-09,2026-10-09 01:00 PM PDT,14.6,1,SMS.I_20
NRCS_scan_2184,Ford Dry Lake,2184,20,20 in,4,#D55E00,2027,10,2026-10-10,2026-10-10 01:00 PM PDT,14.9,1,SMS.I_20
NRCS_scan_2184,Ford Dry Lake,2184,40,40 in,5,#CC79A7,2027,1,2026-10-01,2026-10-01 01:00 PM PDT,11.4,1,SMS.I_40
NRCS_scan_2184,Ford Dry Lake,2184,40,40 in,5,#CC79A7,2027,2,2026-10-02,2026-10-02 01:00 PM PDT,11.5,1,SMS.I_40
NRCS_scan_2184,Ford Dry Lake,2184,40,40 in,5,#CC79A7,2027,3,2026-10-03,2026-10-03 01:00 PM PDT,11.5,1,SMS.I_40
NRCS_scan_2184,Ford Dry Lake,2184,40,40 in,5,#CC79A7,2027,4,2026-10-04,2026-10-04 01:00 PM PDT,11.5,1,SMS.I_40
NRCS_scan_2184,Ford Dry Lake,2184,40,40 in,5,#CC79A7,2027,5,2026-10-05,2026-10-05 01:00 PM PDT,11.3,1,SMS.I_40
NRCS_scan_2184,Ford Dry Lake,2184,40,40 in,5,#CC79A7,2027,6,2026-10-06,2026-10-06 01:00 PM PDT,11.3,1,SMS.I_40
NRCS_scan_2184,Ford Dry Lake,2184,40,40 in,5,#CC79A7,2027,7,2026-10-07,2026-10-07 01:00 PM PDT,11.3,1,SMS.I_40
NRCS_scan_2184,Ford Dry Lake,2184,40,40 in,5,#CC79A7,2027,8,2026-10-08,2026-10-08 01:00 PM PDT,11.3,1,SMS.I_40
NRCS_scan_2184,Ford Dry Lake,2184,40,40 in,5,#CC79A7,2027,9,2026-10-09,2026-10-09 01:00 PM PDT,11.3,1,SMS.I_40
NRCS_scan_2184,Ford Dry Lake,2184,40,40 in,5,#CC79A7,2027,10,2026-10-10,2026-10-10 01:00 PM PDT,11.3,1,SMS.I_40
NRCS_scan_2185,Essex,2185,2,2 in,1,#E69F00,2027,1,2026-10-01,2026-10-01 01:00 PM PDT,7.7,1,SMS.I_2
NRCS_scan_2185,Essex,2185,2,2 in,1,#E69F00,2027,2,2026-10-02,2026-10-02 01:00 PM PDT,7.5,1,SMS.I_2
NRCS_scan_2185,Essex,2185,2,2 in,1,#E69F00,2027,3,2026-10-03,2026-10-03 01:00 PM PDT,7.3,1,SMS.I_2
NRCS_scan_2185,Essex,2185,2,2 in,1,#E69F00,2027,4,2026-10-04,2026-10-04 01:00 PM PDT,7.2,1,SMS.I_2
NRCS_scan_2185,Essex,2185,2,2 in,1,#E69F00,2027,5,2026-10-05,2026-10-05 01:00 PM PDT,7,1,SMS.I_2
NRCS_scan_2185,Essex,2185,2,2 in,1,#E69F00,2027,6,2026-10-06,2026-10-06 01:00 PM PDT,6.4,1,SMS.I_2
NRCS_scan_2185,Essex,2185,2,2 in,1,#E69F00,2027,7,2026-10-07,2026-10-07 01:00 PM PDT,6,1,SMS.I_2
NRCS_scan_2185,Essex,2185,2,2 in,1,#E69F00,2027,8,2026-10-08,2026-10-08 01:00 PM PDT,5.2,1,SMS.I_2
NRCS_scan_2185,Essex,2185,2,2 in,1,#E69F00,2027,9,2026-10-09,2026-10-09 01:00 PM PDT,4.7,1,SMS.I_2
NRCS_scan_2185,Essex,2185,2,2 in,1,#E69F00,2027,10,2026-10-10,2026-10-10 01:00 PM PDT,4.5,1,SMS.I_2
NRCS_scan_2185,Essex,2185,4,4 in,2,#56B4E9,2027,1,2026-10-01,2026-10-01 01:00 PM PDT,9.2,1,SMS.I_4
NRCS_scan_2185,Essex,2185,4,4 in,2,#56B4E9,2027,2,2026-10-02,2026-10-02 01:00 PM PDT,8.9,1,SMS.I_4
NRCS_scan_2185,Essex,2185,4,4 in,2,#56B4E9,2027,3,2026-10-03,2026-10-03 01:00 PM PDT,8.5,1,SMS.I_4
NRCS_scan_2185,Essex,2185,4,4 in,2,#56B4E9,2027,4,2026-10-04,2026-10-04 01:00 PM PDT,8.2,1,SMS.I_4
NRCS_scan_2185,Essex,2185,4,4 in,2,#56B4E9,2027,5,2026-10-05,2026-10-05 01:00 PM PDT,7.8,1,SMS.I_4
NRCS_scan_2185,Essex,2185,4,4 in,2,#56B4E9,2027,6,2026-10-06,2026-10-06 01:00 PM PDT,7.6,1,SMS.I_4
NRCS_scan_2185,Essex,2185,4,4 in,2,#56B4E9,2027,7,2026-10-07,2026-10-07 01:00 PM PDT,7.7,1,SMS.I_4
NRCS_scan_2185,Essex,2185,4,4 in,2,#56B4E9,2027,8,2026-10-08,2026-10-08 01:00 PM PDT,7.5,1,SMS.I_4
NRCS_scan_2185,Essex,2185,4,4 in,2,#56B4E9,2027,9,2026-10-09,2026-10-09 01:00 PM PDT,7.4,1,SMS.I_4
NRCS_scan_2185,Essex,2185,4,4 in,2,#56B4E9,2027,10,2026-10-10,2026-10-10 01:00 PM PDT,7.5,1,SMS.I_4
NRCS_scan_2185,Essex,2185,8,8 in,3,#009E73,2027,1,2026-10-01,2026-10-01 01:00 PM PDT,5.5,1,SMS.I_8
NRCS_scan_2185,Essex,2185,8,8 in,3,#009E73,2027,2,2026-10-02,2026-10-02 01:00 PM PDT,5.8,1,SMS.I_8
NRCS_scan_2185,Essex,2185,8,8 in,3,#009E73,2027,3,2026-10-03,2026-10-03 01:00 PM PDT,6.2,1,SMS.I_8
NRCS_scan_2185,Essex,2185,8,8 in,3,#009E73,2027,4,2026-10-04,2026-10-04 01:00 PM PDT,6.6,1,SMS.I_8
NRCS_scan_2185,Essex,2185,8,8 in,3,#009E73,2027,5,2026-10-05,2026-10-05 01:00 PM PDT,6.8,1,SMS.I_8
NRCS_scan_2185,Essex,2185,8,8 in,3,#009E73,2027,6,2026-10-06,2026-10-06 01:00 PM PDT,7,1,SMS.I_8
NRCS_scan_2185,Essex,2185,8,8 in,3,#009E73,2027,7,2026-10-07,2026-10-07 01:00 PM PDT,7.4,1,SMS.I_8
NRCS_scan_2185,Essex,2185,8,8 in,3,#009E73,2027,8,2026-10-08,2026-10-08 01:00 PM PDT,7.3,1,SMS.I_8
NRCS_scan_2185,Essex,2185,8,8 in,3,#009E73,2027,9,2026-10-09,2026-10-09 01:00 PM PDT,7.4,1,SMS.I_8
NRCS_scan_2185,Essex,2185,8,8 in,3,#009E73,2027,10,2026-10-10,2026-10-10 01:00 PM PDT,7.6,1,SMS.I_8
NRCS_scan_2185,Essex,2185,20,20 in,4,#D55E00,2027,1,2026-10-01,2026-10-01 01:00 PM PDT,2,1,SMS.I_20
NRCS_scan_2185,Essex,2185,20,20 in,4,#D55E00,2027,2,2026-10-02,2026-10-02 01:00 PM PDT,2,1,SMS.I_20
NRCS_scan_2185,Essex,2185,20,20 in,4,#D55E00,2027,3,2026-10-03,2026-10-03 01:00 PM PDT,1.9,1,SMS.I_20
NRCS_scan_2185,Essex,2185,20,20 in,4,#D55E00,2027,4,2026-10-04,2026-10-04 01:00 PM PDT,2,1,SMS.I_20
NRCS_scan_2185,Essex,2185,20,20 in,4,#D55E00,2027,5,2026-10-05,2026-10-05 01:00 PM PDT,2,1,SMS.I_20
NRCS_scan_2185,Essex,2185,20,20 in,4,#D55E00,2027,6,2026-10-06,2026-10-06 01:00 PM PDT,2,1,SMS.I_20
NRCS_scan_2185,Essex,2185,20,20 in,4,#D55E00,2027,7,2026-10-07,2026-10-07 01:00 PM PDT,1.9,1,SMS.I_20
NRCS_scan_2185,Essex,2185,20,20 in,4,#D55E00,2027,8,2026-10-08,2026-10-08 01:00 PM PDT,1.9,1,SMS.I_20
NRCS_scan_2185,Essex,2185,20,20 in,4,#D55E00,2027,9,2026-10-09,2026-10-09 01:00 PM PDT,1.9,1,SMS.I_20
NRCS_scan_2185,Essex,2185,20,20 in,4,#D55E00,2027,10,2026-10-10,2026-10-10 01:00 PM PDT,2.1,1,SMS.I_20
NRCS_scan_2185,Essex,2185,40,40 in,5,#CC79A7,2027,1,2026-10-01,2026-10-01 01:00 PM PDT,10.7,1,SMS.I_40
NRCS_scan_2185,Essex,2185,40,40 in,5,#CC79A7,2027,2,2026-10-02,2026-10-02 01:00 PM PDT,10.5,1,SMS.I_40
NRCS_scan_2185,Essex,2185,40,40 in,5,#CC79A7,2027,3,2026-10-03,2026-10-03 01:00 PM PDT,10.3,1,SMS.I_40
NRCS_scan_2185,Essex,2185,40,40 in,5,#CC79A7,2027,4,2026-10-04,2026-10-04 01:00 PM PDT,10.4,1,SMS.I_40
NRCS_scan_2185,Essex,2185,40,40 in,5,#CC79A7,2027,5,2026-10-05,2026-10-05 01:00 PM PDT,10.4,1,SMS.I_40
NRCS_scan_2185,Essex,2185,40,40 in,5,#CC79A7,2027,6,2026-10-06,2026-10-06 01:00 PM PDT,10.5,1,SMS.I_40
NRCS_scan_2185,Essex,2185,40,40 in,5,#CC79A7,2027,7,2026-10-07,2026-10-07 01:00 PM PDT,10.5,1,SMS.I_40
NRCS_scan_2185,Essex,2185,40,40 in,5,#CC79A7,2027,8,2026-10-08,2026-10-08 01:00 PM PDT,10.5,1,SMS.I_40
NRCS_scan_2185,Essex,2185,40,40 in,5,#CC79A7,2027,9,2026-10-09,2026-10-09 01:00 PM PDT,10.3,1,SMS.I_40
NRCS_scan_2185,Essex,2185,40,40 in,5,#CC79A7,2027,10,2026-10-10,2026-10-10 01:00 PM PDT,10.3,1,SMS.I_40
NRCS_scan_2186,Shadow Mtns,2186,2,2 in,1,#E69F00,2027,1,2026-10-01,2026-10-01 01:00 PM PDT,5,1,SMS.I_2
NRCS_scan_2186,Shadow Mtns,2186,2,2 in,1,#E69F00,2027,2,2026-10-02,2026-10-02 01:00 PM PDT,4.9,1,SMS.I_2
NRCS_scan_2186,Shadow Mtns,2186,2,2 in,1,#E69F00,2027,3,2026-10-03,2026-10-03 01:00 PM PDT,4.9,1,SMS.I_2
NRCS_scan_2186,Shadow Mtns,2186,2,2 in,1,#E69F00,2027,4,2026-10-04,2026-10-04 01:00 PM PDT,4.9,1,SMS.I_2
NRCS_scan_2186,Shadow Mtns,2186,2,2 in,1,#E69F00,2027,5,2026-10-05,2026-10-05 01:00 PM PDT,4.8,1,SMS.I_2
NRCS_scan_2186,Shadow Mtns,2186,2,2 in,1,#E69F00,2027,6,2026-10-06,2026-10-06 01:00 PM PDT,4.8,1,SMS.I_2
NRCS_scan_2186,Shadow Mtns,2186,2,2 in,1,#E69F00,2027,7,2026-10-07,2026-10-07 01:00 PM PDT,4.8,1,SMS.I_2
NRCS_scan_2186,Shadow Mtns,2186,2,2 in,1,#E69F00,2027,8,2026-10-08,2026-10-08 01:00 PM PDT,4.7,1,SMS.I_2
NRCS_scan_2186,Shadow Mtns,2186,2,2 in,1,#E69F00,2027,9,2026-10-09,2026-10-09 01:00 PM PDT,4.8,1,SMS.I_2
NRCS_scan_2186,Shadow Mtns,2186,2,2 in,1,#E69F00,2027,10,2026-10-10,2026-10-10 01:00 PM PDT,4.6,1,SMS.I_2
NRCS_scan_2186,Shadow Mtns,2186,4,4 in,2,#56B4E9,2027,1,2026-10-01,2026-10-01 01:00 PM PDT,5.8,1,SMS.I_4
NRCS_scan_2186,Shadow Mtns,2186,4,4 in,2,#56B4E9,2027,2,2026-10-02,2026-10-02 01:00 PM PDT,5.8,1,SMS.I_4
NRCS_scan_2186,Shadow Mtns,2186,4,4 in,2,#56B4E9,2027,3,2026-10-03,2026-10-03 01:00 PM PDT,5.8,1,SMS.I_4
NRCS_scan_2186,Shadow Mtns,2186,4,4 in,2,#56B4E9,2027,4,2026-10-04,2026-10-04 01:00 PM PDT,5.8,1,SMS.I_4
NRCS_scan_2186,Shadow Mtns,2186,4,4 in,2,#56B4E9,2027,5,2026-10-05,2026-10-05 01:00 PM PDT,5.8,1,SMS.I_4
NRCS_scan_2186,Shadow Mtns,2186,4,4 in,2,#56B4E9,2027,6,2026-10-06,2026-10-06 01:00 PM PDT,5.7,1,SMS.I_4
NRCS_scan_2186,Shadow Mtns,2186,4,4 in,2,#56B4E9,2027,7,2026-10-07,2026-10-07 01:00 PM PDT,5.7,1,SMS.I_4
NRCS_scan_2186,Shadow Mtns,2186,4,4 in,2,#56B4E9,2027,8,2026-10-08,2026-10-08 01:00 PM PDT,5.5,1,SMS.I_4
NRCS_scan_2186,Shadow Mtns,2186,4,4 in,2,#56B4E9,2027,9,2026-10-09,2026-10-09 01:00 PM PDT,5.5,1,SMS.I_4
NRCS_scan_2186,Shadow Mtns,2186,4,4 in,2,#56B4E9,2027,10,2026-10-10,2026-10-10 01:00 PM PDT,6,1,SMS.I_4
NRCS_scan_2186,Shadow Mtns,2186,8,8 in,3,#009E73,2027,1,2026-10-01,2026-10-01 01:00 PM PDT,5.5,1,SMS.I_8
NRCS_scan_2186,Shadow Mtns,2186,8,8 in,3,#009E73,2027,2,2026-10-02,2026-10-02 01:00 PM PDT,5.7,1,SMS.I_8
NRCS_scan_2186,Shadow Mtns,2186,8,8 in,3,#009E73,2027,3,2026-10-03,2026-10-03 01:00 PM PDT,5.8,1,SMS.I_8
NRCS_scan_2186,Shadow Mtns,2186,8,8 in,3,#009E73,2027,4,2026-10-04,2026-10-04 01:00 PM PDT,6.1,1,SMS.I_8
NRCS_scan_2186,Shadow Mtns,2186,8,8 in,3,#009E73,2027,5,2026-10-05,2026-10-05 01:00 PM PDT,5.7,1,SMS.I_8
NRCS_scan_2186,Shadow Mtns,2186,8,8 in,3,#009E73,2027,6,2026-10-06,2026-10-06 01:00 PM PDT,5.9,1,SMS.I_8
NRCS_scan_2186,Shadow Mtns,2186,8,8 in,3,#009E73,2027,7,2026-10-07,2026-10-07 01:00 PM PDT,5.9,1,SMS.I_8
NRCS_scan_2186,Shadow Mtns,2186,8,8 in,3,#009E73,2027,8,2026-10-08,2026-10-08 01:00 PM PDT,5.5,1,SMS.I_8
NRCS_scan_2186,Shadow Mtns,2186,8,8 in,3,#009E73,2027,9,2026-10-09,2026-10-09 01:00 PM PDT,5.5,1,SMS.I_8
NRCS_scan_2186,Shadow Mtns,2186,8,8 in,3,#009E73,2027,10,2026-10-10,2026-10-10 01:00 PM PDT,5.7,1,SMS.I_8
NRCS_scan_2186,Shadow Mtns,2186,20,20 in,4,#D55E00,2027,1,2026-10-01,2026-10-01 01:00 PM PDT,7.8,1,SMS.I_20
NRCS_scan_2186,Shadow Mtns,2186,20,20 in,4,#D55E00,2027,2,2026-10-02,2026-10-02 01:00 PM PDT,7.8,1,SMS.I_20
NRCS_scan_2186,Shadow Mtns,2186,20,20 in,4,#D55E00,2027,3,2026-10-03,2026-10-03 01:00 PM PDT,8,1,SMS.I_20
NRCS_scan_2186,Shadow Mtns,2186,20,20 in,4,#D55E00,2027,4,2026-10-04,2026-10-04 01:00 PM PDT,7.9,1,SMS.I_20
NRCS_scan_2186,Shadow Mtns,2186,20,20 in,4,#D55E00,2027,5,2026-10-05,2026-10-05 01:00 PM PDT,8.1,1,SMS.I_20
NRCS_scan_2186,Shadow Mtns,2186,20,20 in,4,#D55E00,2027,6,2026-10-06,2026-10-06 01:00 PM PDT,8.1,1,SMS.I_20
NRCS_scan_2186,Shadow Mtns,2186,20,20 in,4,#D55E00,2027,7,2026-10-07,2026-10-07 01:00 PM PDT,8,1,SMS.I_20
NRCS_scan_2186,Shadow Mtns,2186,20,20 in,4,#D55E00,2027,8,2026-10-08,2026-10-08 01:00 PM PDT,8,1,SMS.I_20
NRCS_scan_2186,Shadow Mtns,2186,20,20 in,4,#D55E00,2027,9,2026-10-09,2026-10-09 01:00 PM PDT,8,1,SMS.I_20
NRCS_scan_2186,Shadow Mtns,2186,20,20 in,4,#D55E00,2027,10,2026-10-10,2026-10-10 01:00 PM PDT,8.2,1,SMS.I_20
NRCS_scan_2186,Shadow Mtns,2186,40,40 in,5,#CC79A7,2027,1,2026-10-01,2026-10-01 01:00 PM PDT,18,1,SMS.I_40
NRCS_scan_2186,Shadow Mtns,2186,40,40 in,5,#CC79A7,2027,2,2026-10-02,2026-10-02 01:00 PM PDT,18,1,SMS.I_40
NRCS_scan_2186,Shadow Mtns,2186,40,40 in,5,#CC79A7,2027,3,2026-10-03,2026-10-03 01:00 PM PDT,17.6,1,SMS.I_40
NRCS_scan_2186,Shadow Mtns,2186,40,40 in,5,#CC79A7,2027,4,2026-10-04,2026-10-04 01:00 PM PDT,17.6,1,SMS.I_40
NRCS_scan_2186,Shadow Mtns,2186,40,40 in,5,#CC79A7,2027,5,2026-10-05,2026-10-05 01:00 PM PDT,17.9,1,SMS.I_40
NRCS_scan_2186,Shadow Mtns,2186,40,40 in,5,#CC79A7,2027,6,2026-10-06,2026-10-06 01:00 PM PDT,17.9,1,SMS.I_40
NRCS_scan_2186,Shadow Mtns,2186,40,40 in,5,#CC79A7,2027,7,2026-10-07,2026-10-07 01:00 PM PDT,17.9,1,SMS.I_40
NRCS_scan_2186,Shadow Mtns,2186,40,40 in,5,#CC79A7,2027,8,2026-10-08,2026-10-08 01:00 PM PDT,17.9,1,SMS.I_40
NRCS_scan_2186,Shadow Mtns,2186,40,40 in,5,#CC79A7,2027,9,2026-10-09,2026-10-09 01:00 PM PDT,17.9,1,SMS.I_40
NRCS_scan_2186,Shadow Mtns,2186,40,40 in,5,#CC79A7,2027,10,2026-10-10,2026-10-10 01:00 PM PDT,17.9,1,SMS.I_40
NRCS_scan_2187,Deep Springs,2187,2,2 in,1,#E69F00,2027,1,2026-10-01,2026-10-01 01:00 PM PDT,4.8,1,SMS.I_2
NRCS_scan_2187,Deep Springs,2187,2,2 in,1,#E69F00,2027,2,2026-10-02,2026-10-02 01:00 PM PDT,5.1,1,SMS.I_2
NRCS_scan_2187,Deep Springs,2187,2,2 in,1,#E69F00,2027,3,2026-10-03,2026-10-03 01:00 PM PDT,5.1,1,SMS.I_2
NRCS_scan_2187,Deep Springs,2187,2,2 in,1,#E69F00,2027,4,2026-10-04,2026-10-04 01:00 PM PDT,5.1,1,SMS.I_2
NRCS_scan_2187,Deep Springs,2187,2,2 in,1,#E69F00,2027,5,2026-10-05,2026-10-05 01:00 PM PDT,5.1,1,SMS.I_2
NRCS_scan_2187,Deep Springs,2187,2,2 in,1,#E69F00,2027,6,2026-10-06,2026-10-06 01:00 PM PDT,5.1,1,SMS.I_2
NRCS_scan_2187,Deep Springs,2187,2,2 in,1,#E69F00,2027,7,2026-10-07,2026-10-07 01:00 PM PDT,5.1,1,SMS.I_2
NRCS_scan_2187,Deep Springs,2187,2,2 in,1,#E69F00,2027,8,2026-10-08,2026-10-08 01:00 PM PDT,4.8,1,SMS.I_2
NRCS_scan_2187,Deep Springs,2187,2,2 in,1,#E69F00,2027,9,2026-10-09,2026-10-09 01:00 PM PDT,4.8,1,SMS.I_2
NRCS_scan_2187,Deep Springs,2187,2,2 in,1,#E69F00,2027,10,2026-10-10,2026-10-10 01:00 PM PDT,4.8,1,SMS.I_2
NRCS_scan_2187,Deep Springs,2187,4,4 in,2,#56B4E9,2027,1,2026-10-01,2026-10-01 01:00 PM PDT,6.4,1,SMS.I_4
NRCS_scan_2187,Deep Springs,2187,4,4 in,2,#56B4E9,2027,2,2026-10-02,2026-10-02 01:00 PM PDT,6.4,1,SMS.I_4
NRCS_scan_2187,Deep Springs,2187,4,4 in,2,#56B4E9,2027,3,2026-10-03,2026-10-03 01:00 PM PDT,5.9,1,SMS.I_4
NRCS_scan_2187,Deep Springs,2187,4,4 in,2,#56B4E9,2027,4,2026-10-04,2026-10-04 01:00 PM PDT,6.6,1,SMS.I_4
NRCS_scan_2187,Deep Springs,2187,4,4 in,2,#56B4E9,2027,5,2026-10-05,2026-10-05 01:00 PM PDT,6.6,1,SMS.I_4
NRCS_scan_2187,Deep Springs,2187,4,4 in,2,#56B4E9,2027,6,2026-10-06,2026-10-06 01:00 PM PDT,6.3,1,SMS.I_4
NRCS_scan_2187,Deep Springs,2187,4,4 in,2,#56B4E9,2027,7,2026-10-07,2026-10-07 01:00 PM PDT,6.3,1,SMS.I_4
NRCS_scan_2187,Deep Springs,2187,4,4 in,2,#56B4E9,2027,8,2026-10-08,2026-10-08 01:00 PM PDT,6.3,1,SMS.I_4
NRCS_scan_2187,Deep Springs,2187,4,4 in,2,#56B4E9,2027,9,2026-10-09,2026-10-09 01:00 PM PDT,5.9,1,SMS.I_4
NRCS_scan_2187,Deep Springs,2187,4,4 in,2,#56B4E9,2027,10,2026-10-10,2026-10-10 01:00 PM PDT,5.9,1,SMS.I_4
NRCS_scan_2187,Deep Springs,2187,8,8 in,3,#009E73,2027,1,2026-10-01,2026-10-01 01:00 PM PDT,5,1,SMS.I_8
NRCS_scan_2187,Deep Springs,2187,8,8 in,3,#009E73,2027,2,2026-10-02,2026-10-02 01:00 PM PDT,5.1,1,SMS.I_8
NRCS_scan_2187,Deep Springs,2187,8,8 in,3,#009E73,2027,3,2026-10-03,2026-10-03 01:00 PM PDT,5.2,1,SMS.I_8
NRCS_scan_2187,Deep Springs,2187,8,8 in,3,#009E73,2027,4,2026-10-04,2026-10-04 01:00 PM PDT,5.1,1,SMS.I_8
NRCS_scan_2187,Deep Springs,2187,8,8 in,3,#009E73,2027,5,2026-10-05,2026-10-05 01:00 PM PDT,5.2,1,SMS.I_8
NRCS_scan_2187,Deep Springs,2187,8,8 in,3,#009E73,2027,6,2026-10-06,2026-10-06 01:00 PM PDT,4.9,1,SMS.I_8
NRCS_scan_2187,Deep Springs,2187,8,8 in,3,#009E73,2027,7,2026-10-07,2026-10-07 01:00 PM PDT,4.9,1,SMS.I_8
NRCS_scan_2187,Deep Springs,2187,8,8 in,3,#009E73,2027,8,2026-10-08,2026-10-08 01:00 PM PDT,5,1,SMS.I_8
NRCS_scan_2187,Deep Springs,2187,8,8 in,3,#009E73,2027,9,2026-10-09,2026-10-09 01:00 PM PDT,5,1,SMS.I_8
NRCS_scan_2187,Deep Springs,2187,8,8 in,3,#009E73,2027,10,2026-10-10,2026-10-10 01:00 PM PDT,4.9,1,SMS.I_8
NRCS_scan_2187,Deep Springs,2187,20,20 in,4,#D55E00,2027,1,2026-10-01,2026-10-01 01:00 PM PDT,8.7,1,SMS.I_20
NRCS_scan_2187,Deep Springs,2187,20,20 in,4,#D55E00,2027,2,2026-10-02,2026-10-02 01:00 PM PDT,8.7,1,SMS.I_20
NRCS_scan_2187,Deep Springs,2187,20,20 in,4,#D55E00,2027,3,2026-10-03,2026-10-03 01:00 PM PDT,8.7,1,SMS.I_20
NRCS_scan_2187,Deep Springs,2187,20,20 in,4,#D55E00,2027,4,2026-10-04,2026-10-04 01:00 PM PDT,8.7,1,SMS.I_20
NRCS_scan_2187,Deep Springs,2187,20,20 in,4,#D55E00,2027,5,2026-10-05,2026-10-05 01:00 PM PDT,8.7,1,SMS.I_20
NRCS_scan_2187,Deep Springs,2187,20,20 in,4,#D55E00,2027,6,2026-10-06,2026-10-06 01:00 PM PDT,8.7,1,SMS.I_20
NRCS_scan_2187,Deep Springs,2187,20,20 in,4,#D55E00,2027,7,2026-10-07,2026-10-07 01:00 PM PDT,8.7,1,SMS.I_20
NRCS_scan_2187,Deep Springs,2187,20,20 in,4,#D55E00,2027,8,2026-10-08,2026-10-08 01:00 PM PDT,8.7,1,SMS.I_20
NRCS_scan_2187,Deep Springs,2187,20,20 in,4,#D55E00,2027,9,2026-10-09,2026-10-09 01:00 PM PDT,8.7,1,SMS.I_20
NRCS_scan_2187,Deep Springs,2187,20,20 in,4,#D55E00,2027,10,2026-10-10,2026-10-10 01:00 PM PDT,8.7,1,SMS.I_20
NRCS_scan_2187,Deep Springs,2187,40,40 in,5,#CC79A7,2027,1,2026-10-01,2026-10-01 01:00 PM PDT,10,1,SMS.I_40
NRCS_scan_2187,Deep Springs,2187,40,40 in,5,#CC79A7,2027,2,2026-10-02,2026-10-02 01:00 PM PDT,9.8,1,SMS.I_40
NRCS_scan_2187,Deep Springs,2187,40,40 in,5,#CC79A7,2027,3,2026-10-03,2026-10-03 01:00 PM PDT,10,1,SMS.I_40
NRCS_scan_2187,Deep Springs,2187,40,40 in,5,#CC79A7,2027,4,2026-10-04,2026-10-04 01:00 PM PDT,10,1,SMS.I_40
NRCS_scan_2187,Deep Springs,2187,40,40 in,5,#CC79A7,2027,5,2026-10-05,2026-10-05 01:00 PM PDT,10,1,SMS.I_40
NRCS_scan_2187,Deep Springs,2187,40,40 in,5,#CC79A7,2027,6,2026-10-06,2026-10-06 01:00 PM PDT,10,1,SMS.I_40
NRCS_scan_2187,Deep Springs,2187,40,40 in,5,#CC79A7,2027,7,2026-10-07,2026-10-07 01:00 PM PDT,10,1,SMS.I_40
NRCS_scan_2187,Deep Springs,2187,40,40 in,5,#CC79A7,2027,8,2026-10-08,2026-10-08 01:00 PM PDT,10.2,1,SMS.I_40
NRCS_scan_2187,Deep Springs,2187,40,40 in,5,#CC79A7,2027,9,2026-10-09,2026-10-09 01:00 PM PDT,10.2,1,SMS.I_40
NRCS_scan_2187,Deep Springs,2187,40,40 in,5,#CC79A7,2027,10,2026-10-10,2026-10-10 01:00 PM PDT,10.2,1,SMS.I_40
NRCS_scan_2189,Cochora Ranch,2189,2,2 in,1,#E69F00,2027,1,2026-10-01,2026-10-01 01:00 PM PDT,5,1,SMS.I_2
NRCS_scan_2189,Cochora Ranch,2189,2,2 in,1,#E69F00,2027,2,2026-10-02,2026-10-02 01:00 PM PDT,5,1,SMS.I_2
NRCS_scan_2189,Cochora Ranch,2189,2,2 in,1,#E69F00,2027,3,2026-10-03,2026-10-03 01:00 PM PDT,5.2,1,SMS.I_2
NRCS_scan_2189,Cochora Ranch,2189,2,2 in,1,#E69F00,2027,4,2026-10-04,2026-10-04 01:00 PM PDT,5.3,1,SMS.I_2
NRCS_scan_2189,Cochora Ranch,2189,2,2 in,1,#E69F00,2027,5,2026-10-05,2026-10-05 01:00 PM PDT,5.2,1,SMS.I_2
NRCS_scan_2189,Cochora Ranch,2189,2,2 in,1,#E69F00,2027,6,2026-10-06,2026-10-06 01:00 PM PDT,5.2,1,SMS.I_2
NRCS_scan_2189,Cochora Ranch,2189,2,2 in,1,#E69F00,2027,7,2026-10-07,2026-10-07 01:00 PM PDT,5.2,1,SMS.I_2
NRCS_scan_2189,Cochora Ranch,2189,2,2 in,1,#E69F00,2027,8,2026-10-08,2026-10-08 01:00 PM PDT,5.3,1,SMS.I_2
NRCS_scan_2189,Cochora Ranch,2189,2,2 in,1,#E69F00,2027,9,2026-10-09,2026-10-09 01:00 PM PDT,5.2,1,SMS.I_2
NRCS_scan_2189,Cochora Ranch,2189,2,2 in,1,#E69F00,2027,10,2026-10-10,2026-10-10 01:00 PM PDT,5,1,SMS.I_2
NRCS_scan_2189,Cochora Ranch,2189,4,4 in,2,#56B4E9,2027,1,2026-10-01,2026-10-01 01:00 PM PDT,3.1,1,SMS.I_4
NRCS_scan_2189,Cochora Ranch,2189,4,4 in,2,#56B4E9,2027,2,2026-10-02,2026-10-02 01:00 PM PDT,2.7,1,SMS.I_4
NRCS_scan_2189,Cochora Ranch,2189,4,4 in,2,#56B4E9,2027,3,2026-10-03,2026-10-03 01:00 PM PDT,2.6,1,SMS.I_4
NRCS_scan_2189,Cochora Ranch,2189,4,4 in,2,#56B4E9,2027,4,2026-10-04,2026-10-04 01:00 PM PDT,3.3,1,SMS.I_4
NRCS_scan_2189,Cochora Ranch,2189,4,4 in,2,#56B4E9,2027,5,2026-10-05,2026-10-05 01:00 PM PDT,3.3,1,SMS.I_4
NRCS_scan_2189,Cochora Ranch,2189,4,4 in,2,#56B4E9,2027,6,2026-10-06,2026-10-06 01:00 PM PDT,2.6,1,SMS.I_4
NRCS_scan_2189,Cochora Ranch,2189,4,4 in,2,#56B4E9,2027,7,2026-10-07,2026-10-07 01:00 PM PDT,2.8,1,SMS.I_4
NRCS_scan_2189,Cochora Ranch,2189,4,4 in,2,#56B4E9,2027,8,2026-10-08,2026-10-08 01:00 PM PDT,2.6,1,SMS.I_4
NRCS_scan_2189,Cochora Ranch,2189,4,4 in,2,#56B4E9,2027,9,2026-10-09,2026-10-09 01:00 PM PDT,3.2,1,SMS.I_4
NRCS_scan_2189,Cochora Ranch,2189,4,4 in,2,#56B4E9,2027,10,2026-10-10,2026-10-10 01:00 PM PDT,3.1,1,SMS.I_4
NRCS_scan_2189,Cochora Ranch,2189,8,8 in,3,#009E73,2027,1,2026-10-01,2026-10-01 01:00 PM PDT,21.5,1,SMS.I_8
NRCS_scan_2189,Cochora Ranch,2189,8,8 in,3,#009E73,2027,2,2026-10-02,2026-10-02 01:00 PM PDT,21.1,1,SMS.I_8
NRCS_scan_2189,Cochora Ranch,2189,8,8 in,3,#009E73,2027,3,2026-10-03,2026-10-03 01:00 PM PDT,20.8,1,SMS.I_8
NRCS_scan_2189,Cochora Ranch,2189,8,8 in,3,#009E73,2027,4,2026-10-04,2026-10-04 01:00 PM PDT,20.3,1,SMS.I_8
NRCS_scan_2189,Cochora Ranch,2189,8,8 in,3,#009E73,2027,5,2026-10-05,2026-10-05 01:00 PM PDT,20,1,SMS.I_8
NRCS_scan_2189,Cochora Ranch,2189,8,8 in,3,#009E73,2027,6,2026-10-06,2026-10-06 01:00 PM PDT,19.4,1,SMS.I_8
NRCS_scan_2189,Cochora Ranch,2189,8,8 in,3,#009E73,2027,7,2026-10-07,2026-10-07 01:00 PM PDT,18.8,1,SMS.I_8
NRCS_scan_2189,Cochora Ranch,2189,8,8 in,3,#009E73,2027,8,2026-10-08,2026-10-08 01:00 PM PDT,18.3,1,SMS.I_8
NRCS_scan_2189,Cochora Ranch,2189,8,8 in,3,#009E73,2027,9,2026-10-09,2026-10-09 01:00 PM PDT,17.8,1,SMS.I_8
NRCS_scan_2189,Cochora Ranch,2189,8,8 in,3,#009E73,2027,10,2026-10-10,2026-10-10 01:00 PM PDT,17.3,1,SMS.I_8
NRCS_scan_2189,Cochora Ranch,2189,20,20 in,4,#D55E00,2027,1,2026-10-01,2026-10-01 01:00 PM PDT,13.3,1,SMS.I_20
NRCS_scan_2189,Cochora Ranch,2189,20,20 in,4,#D55E00,2027,2,2026-10-02,2026-10-02 01:00 PM PDT,13.3,1,SMS.I_20
NRCS_scan_2189,Cochora Ranch,2189,20,20 in,4,#D55E00,2027,3,2026-10-03,2026-10-03 01:00 PM PDT,13.2,1,SMS.I_20
NRCS_scan_2189,Cochora Ranch,2189,20,20 in,4,#D55E00,2027,4,2026-10-04,2026-10-04 01:00 PM PDT,13.3,1,SMS.I_20
NRCS_scan_2189,Cochora Ranch,2189,20,20 in,4,#D55E00,2027,5,2026-10-05,2026-10-05 01:00 PM PDT,13.3,1,SMS.I_20
NRCS_scan_2189,Cochora Ranch,2189,20,20 in,4,#D55E00,2027,6,2026-10-06,2026-10-06 01:00 PM PDT,13.5,1,SMS.I_20
NRCS_scan_2189,Cochora Ranch,2189,20,20 in,4,#D55E00,2027,7,2026-10-07,2026-10-07 01:00 PM PDT,13.4,1,SMS.I_20
NRCS_scan_2189,Cochora Ranch,2189,20,20 in,4,#D55E00,2027,8,2026-10-08,2026-10-08 01:00 PM PDT,13.4,1,SMS.I_20
NRCS_scan_2189,Cochora Ranch,2189,20,20 in,4,#D55E00,2027,9,2026-10-09,2026-10-09 01:00 PM PDT,13.4,1,SMS.I_20
NRCS_scan_2189,Cochora Ranch,2189,20,20 in,4,#D55E00,2027,10,2026-10-10,2026-10-10 01:00 PM PDT,13.4,1,SMS.I_20
NRCS_scan_2189,Cochora Ranch,2189,40,40 in,5,#CC79A7,2027,1,2026-10-01,2026-10-01 01:00 PM PDT,29.9,1,SMS.I_40
NRCS_scan_2189,Cochora Ranch,2189,40,40 in,5,#CC79A7,2027,2,2026-10-02,2026-10-02 01:00 PM PDT,30.1,1,SMS.I_40
NRCS_scan_2189,Cochora Ranch,2189,40,40 in,5,#CC79A7,2027,3,2026-10-03,2026-10-03 01:00 PM PDT,30.3,1,SMS.I_40
NRCS_scan_2189,Cochora Ranch,2189,40,40 in,5,#CC79A7,2027,4,2026-10-04,2026-10-04 01:00 PM PDT,30.3,1,SMS.I_40
NRCS_scan_2189,Cochora Ranch,2189,40,40 in,5,#CC79A7,2027,5,2026-10-05,2026-10-05 01:00 PM PDT,30.3,1,SMS.I_40
NRCS_scan_2189,Cochora Ranch,2189,40,40 in,5,#CC79A7,2027,6,2026-10-06,2026-10-06 01:00 PM PDT,30.3,1,SMS.I_40
NRCS_scan_2189,Cochora Ranch,2189,40,40 in,5,#CC79A7,2027,7,2026-10-07,2026-10-07 01:00 PM PDT,30.3,1,SMS.I_40
NRCS_scan_2189,Cochora Ranch,2189,40,40 in,5,#CC79A7,2027,8,2026-10-08,2026-10-08 01:00 PM PDT,30.1,1,SMS.I_40
NRCS_scan_2189,Cochora Ranch,2189,40,40 in,5,#CC79A7,2027,9,2026-10-09,2026-10-09 01:00 PM PDT,30.1,1,SMS.I_40
NRCS_scan_2189,Cochora Ranch,2189,40,40 in,5,#CC79A7,2027,10,2026-10-10,2026-10-10 01:00 PM PDT,30.1,1,SMS.I_40
NRCS_scan_2190,Death Valley Jct,2190,2,2 in,1,#E69F00,2027,1,2026-10-01,2026-10-01 01:00 PM PDT,6.7,1,SMS.I_2
NRCS_scan_2190,Death Valley Jct,2190,2,2 in,1,#E69F00,2027,2,2026-10-02,2026-10-02 01:00 PM PDT,6.2,1,SMS.I_2
NRCS_scan_2190,Death Valley Jct,2190,2,2 in,1,#E69F00,2027,3,2026-10-03,2026-10-03 01:00 PM PDT,5.8,1,SMS.I_2
NRCS_scan_2190,Death Valley Jct,2190,2,2 in,1,#E69F00,2027,4,2026-10-04,2026-10-04 01:00 PM PDT,5.3,1,SMS.I_2
NRCS_scan_2190,Death Valley Jct,2190,2,2 in,1,#E69F00,2027,5,2026-10-05,2026-10-05 01:00 PM PDT,4.3,1,SMS.I_2
NRCS_scan_2190,Death Valley Jct,2190,2,2 in,1,#E69F00,2027,6,2026-10-06,2026-10-06 01:00 PM PDT,3.7,1,SMS.I_2
NRCS_scan_2190,Death Valley Jct,2190,2,2 in,1,#E69F00,2027,7,2026-10-07,2026-10-07 01:00 PM PDT,3.6,1,SMS.I_2
NRCS_scan_2190,Death Valley Jct,2190,2,2 in,1,#E69F00,2027,8,2026-10-08,2026-10-08 01:00 PM PDT,3.2,1,SMS.I_2
NRCS_scan_2190,Death Valley Jct,2190,2,2 in,1,#E69F00,2027,9,2026-10-09,2026-10-09 01:00 PM PDT,2.9,1,SMS.I_2
NRCS_scan_2190,Death Valley Jct,2190,2,2 in,1,#E69F00,2027,10,2026-10-10,2026-10-10 01:00 PM PDT,2.8,1,SMS.I_2
NRCS_scan_2190,Death Valley Jct,2190,4,4 in,2,#56B4E9,2027,1,2026-10-01,2026-10-01 01:00 PM PDT,7.6,1,SMS.I_4
NRCS_scan_2190,Death Valley Jct,2190,4,4 in,2,#56B4E9,2027,2,2026-10-02,2026-10-02 01:00 PM PDT,7.9,1,SMS.I_4
NRCS_scan_2190,Death Valley Jct,2190,4,4 in,2,#56B4E9,2027,3,2026-10-03,2026-10-03 01:00 PM PDT,7.6,1,SMS.I_4
NRCS_scan_2190,Death Valley Jct,2190,4,4 in,2,#56B4E9,2027,4,2026-10-04,2026-10-04 01:00 PM PDT,7.6,1,SMS.I_4
NRCS_scan_2190,Death Valley Jct,2190,4,4 in,2,#56B4E9,2027,5,2026-10-05,2026-10-05 01:00 PM PDT,7.5,1,SMS.I_4
NRCS_scan_2190,Death Valley Jct,2190,4,4 in,2,#56B4E9,2027,6,2026-10-06,2026-10-06 01:00 PM PDT,7.5,1,SMS.I_4
NRCS_scan_2190,Death Valley Jct,2190,4,4 in,2,#56B4E9,2027,7,2026-10-07,2026-10-07 01:00 PM PDT,7.3,1,SMS.I_4
NRCS_scan_2190,Death Valley Jct,2190,4,4 in,2,#56B4E9,2027,8,2026-10-08,2026-10-08 01:00 PM PDT,7.4,1,SMS.I_4
NRCS_scan_2190,Death Valley Jct,2190,4,4 in,2,#56B4E9,2027,9,2026-10-09,2026-10-09 01:00 PM PDT,7.1,1,SMS.I_4
NRCS_scan_2190,Death Valley Jct,2190,4,4 in,2,#56B4E9,2027,10,2026-10-10,2026-10-10 01:00 PM PDT,7.2,1,SMS.I_4
NRCS_scan_2190,Death Valley Jct,2190,8,8 in,3,#009E73,2027,1,2026-10-01,2026-10-01 01:00 PM PDT,7.2,1,SMS.I_8
NRCS_scan_2190,Death Valley Jct,2190,8,8 in,3,#009E73,2027,2,2026-10-02,2026-10-02 01:00 PM PDT,7.3,1,SMS.I_8
NRCS_scan_2190,Death Valley Jct,2190,8,8 in,3,#009E73,2027,3,2026-10-03,2026-10-03 01:00 PM PDT,7.1,1,SMS.I_8
NRCS_scan_2190,Death Valley Jct,2190,8,8 in,3,#009E73,2027,4,2026-10-04,2026-10-04 01:00 PM PDT,7,1,SMS.I_8
NRCS_scan_2190,Death Valley Jct,2190,8,8 in,3,#009E73,2027,5,2026-10-05,2026-10-05 01:00 PM PDT,7,1,SMS.I_8
NRCS_scan_2190,Death Valley Jct,2190,8,8 in,3,#009E73,2027,6,2026-10-06,2026-10-06 01:00 PM PDT,6.9,1,SMS.I_8
NRCS_scan_2190,Death Valley Jct,2190,8,8 in,3,#009E73,2027,7,2026-10-07,2026-10-07 01:00 PM PDT,6.8,1,SMS.I_8
NRCS_scan_2190,Death Valley Jct,2190,8,8 in,3,#009E73,2027,8,2026-10-08,2026-10-08 01:00 PM PDT,6.6,1,SMS.I_8
NRCS_scan_2190,Death Valley Jct,2190,8,8 in,3,#009E73,2027,9,2026-10-09,2026-10-09 01:00 PM PDT,6.5,1,SMS.I_8
NRCS_scan_2190,Death Valley Jct,2190,8,8 in,3,#009E73,2027,10,2026-10-10,2026-10-10 01:00 PM PDT,6.6,1,SMS.I_8
NRCS_scan_2190,Death Valley Jct,2190,20,20 in,4,#D55E00,2027,1,2026-10-01,2026-10-01 01:00 PM PDT,21.1,1,SMS.I_20
NRCS_scan_2190,Death Valley Jct,2190,20,20 in,4,#D55E00,2027,2,2026-10-02,2026-10-02 01:00 PM PDT,21.6,1,SMS.I_20
NRCS_scan_2190,Death Valley Jct,2190,20,20 in,4,#D55E00,2027,3,2026-10-03,2026-10-03 01:00 PM PDT,19.9,1,SMS.I_20
NRCS_scan_2190,Death Valley Jct,2190,20,20 in,4,#D55E00,2027,4,2026-10-04,2026-10-04 01:00 PM PDT,21.4,1,SMS.I_20
NRCS_scan_2190,Death Valley Jct,2190,20,20 in,4,#D55E00,2027,5,2026-10-05,2026-10-05 01:00 PM PDT,22.7,1,SMS.I_20
NRCS_scan_2190,Death Valley Jct,2190,20,20 in,4,#D55E00,2027,6,2026-10-06,2026-10-06 01:00 PM PDT,21.9,1,SMS.I_20
NRCS_scan_2190,Death Valley Jct,2190,20,20 in,4,#D55E00,2027,7,2026-10-07,2026-10-07 01:00 PM PDT,21.9,1,SMS.I_20
NRCS_scan_2190,Death Valley Jct,2190,20,20 in,4,#D55E00,2027,8,2026-10-08,2026-10-08 01:00 PM PDT,21.9,1,SMS.I_20
NRCS_scan_2190,Death Valley Jct,2190,20,20 in,4,#D55E00,2027,9,2026-10-09,2026-10-09 01:00 PM PDT,21.3,1,SMS.I_20
NRCS_scan_2190,Death Valley Jct,2190,20,20 in,4,#D55E00,2027,10,2026-10-10,2026-10-10 01:00 PM PDT,21.9,1,SMS.I_20
NRCS_scan_2191,Doe Ridge,2191,2,2 in,1,#E69F00,2027,1,2026-10-01,2026-10-01 01:00 PM PDT,1.2,1,SMS.I_2
NRCS_scan_2191,Doe Ridge,2191,2,2 in,1,#E69F00,2027,2,2026-10-02,2026-10-02 01:00 PM PDT,0.8,1,SMS.I_2
NRCS_scan_2191,Doe Ridge,2191,2,2 in,1,#E69F00,2027,3,2026-10-03,2026-10-03 01:00 PM PDT,0.3,1,SMS.I_2
NRCS_scan_2191,Doe Ridge,2191,2,2 in,1,#E69F00,2027,4,2026-10-04,2026-10-04 01:00 PM PDT,0.7,1,SMS.I_2
NRCS_scan_2191,Doe Ridge,2191,2,2 in,1,#E69F00,2027,5,2026-10-05,2026-10-05 01:00 PM PDT,0.7,1,SMS.I_2
NRCS_scan_2191,Doe Ridge,2191,2,2 in,1,#E69F00,2027,6,2026-10-06,2026-10-06 01:00 PM PDT,0.7,1,SMS.I_2
NRCS_scan_2191,Doe Ridge,2191,2,2 in,1,#E69F00,2027,7,2026-10-07,2026-10-07 01:00 PM PDT,0.7,1,SMS.I_2
NRCS_scan_2191,Doe Ridge,2191,2,2 in,1,#E69F00,2027,8,2026-10-08,2026-10-08 01:00 PM PDT,1,1,SMS.I_2
NRCS_scan_2191,Doe Ridge,2191,2,2 in,1,#E69F00,2027,9,2026-10-09,2026-10-09 01:00 PM PDT,0.7,1,SMS.I_2
NRCS_scan_2191,Doe Ridge,2191,2,2 in,1,#E69F00,2027,10,2026-10-10,2026-10-10 01:00 PM PDT,0.3,1,SMS.I_2
NRCS_scan_2191,Doe Ridge,2191,4,4 in,2,#56B4E9,2027,1,2026-10-01,2026-10-01 01:00 PM PDT,2.7,1,SMS.I_4
NRCS_scan_2191,Doe Ridge,2191,4,4 in,2,#56B4E9,2027,2,2026-10-02,2026-10-02 01:00 PM PDT,2.1,1,SMS.I_4
NRCS_scan_2191,Doe Ridge,2191,4,4 in,2,#56B4E9,2027,3,2026-10-03,2026-10-03 01:00 PM PDT,2.3,1,SMS.I_4
NRCS_scan_2191,Doe Ridge,2191,4,4 in,2,#56B4E9,2027,4,2026-10-04,2026-10-04 01:00 PM PDT,2.1,1,SMS.I_4
NRCS_scan_2191,Doe Ridge,2191,4,4 in,2,#56B4E9,2027,5,2026-10-05,2026-10-05 01:00 PM PDT,2.3,1,SMS.I_4
NRCS_scan_2191,Doe Ridge,2191,4,4 in,2,#56B4E9,2027,6,2026-10-06,2026-10-06 01:00 PM PDT,2.3,1,SMS.I_4
NRCS_scan_2191,Doe Ridge,2191,4,4 in,2,#56B4E9,2027,7,2026-10-07,2026-10-07 01:00 PM PDT,2.3,1,SMS.I_4
NRCS_scan_2191,Doe Ridge,2191,4,4 in,2,#56B4E9,2027,8,2026-10-08,2026-10-08 01:00 PM PDT,2.3,1,SMS.I_4
NRCS_scan_2191,Doe Ridge,2191,4,4 in,2,#56B4E9,2027,9,2026-10-09,2026-10-09 01:00 PM PDT,2.3,1,SMS.I_4
NRCS_scan_2191,Doe Ridge,2191,4,4 in,2,#56B4E9,2027,10,2026-10-10,2026-10-10 01:00 PM PDT,1.9,1,SMS.I_4
NRCS_scan_2191,Doe Ridge,2191,8,8 in,3,#009E73,2027,1,2026-10-01,2026-10-01 01:00 PM PDT,1,1,SMS.I_8
NRCS_scan_2191,Doe Ridge,2191,8,8 in,3,#009E73,2027,2,2026-10-02,2026-10-02 01:00 PM PDT,1.2,1,SMS.I_8
NRCS_scan_2191,Doe Ridge,2191,8,8 in,3,#009E73,2027,3,2026-10-03,2026-10-03 01:00 PM PDT,1,1,SMS.I_8
NRCS_scan_2191,Doe Ridge,2191,8,8 in,3,#009E73,2027,4,2026-10-04,2026-10-04 01:00 PM PDT,1,1,SMS.I_8
NRCS_scan_2191,Doe Ridge,2191,8,8 in,3,#009E73,2027,5,2026-10-05,2026-10-05 01:00 PM PDT,1,1,SMS.I_8
NRCS_scan_2191,Doe Ridge,2191,8,8 in,3,#009E73,2027,6,2026-10-06,2026-10-06 01:00 PM PDT,1,1,SMS.I_8
NRCS_scan_2191,Doe Ridge,2191,8,8 in,3,#009E73,2027,7,2026-10-07,2026-10-07 01:00 PM PDT,1,1,SMS.I_8
NRCS_scan_2191,Doe Ridge,2191,8,8 in,3,#009E73,2027,8,2026-10-08,2026-10-08 01:00 PM PDT,1,1,SMS.I_8
NRCS_scan_2191,Doe Ridge,2191,8,8 in,3,#009E73,2027,9,2026-10-09,2026-10-09 01:00 PM PDT,1,1,SMS.I_8
NRCS_scan_2191,Doe Ridge,2191,8,8 in,3,#009E73,2027,10,2026-10-10,2026-10-10 01:00 PM PDT,1.1,1,SMS.I_8
NRCS_scan_2191,Doe Ridge,2191,20,20 in,4,#D55E00,2027,1,2026-10-01,2026-10-01 01:00 PM PDT,2.7,1,SMS.I_20
NRCS_scan_2191,Doe Ridge,2191,20,20 in,4,#D55E00,2027,2,2026-10-02,2026-10-02 01:00 PM PDT,2.1,1,SMS.I_20
NRCS_scan_2191,Doe Ridge,2191,20,20 in,4,#D55E00,2027,3,2026-10-03,2026-10-03 01:00 PM PDT,2.8,1,SMS.I_20
NRCS_scan_2191,Doe Ridge,2191,20,20 in,4,#D55E00,2027,4,2026-10-04,2026-10-04 01:00 PM PDT,2.8,1,SMS.I_20
NRCS_scan_2191,Doe Ridge,2191,20,20 in,4,#D55E00,2027,5,2026-10-05,2026-10-05 01:00 PM PDT,2.8,1,SMS.I_20
NRCS_scan_2191,Doe Ridge,2191,20,20 in,4,#D55E00,2027,6,2026-10-06,2026-10-06 01:00 PM PDT,2.1,1,SMS.I_20
NRCS_scan_2191,Doe Ridge,2191,20,20 in,4,#D55E00,2027,7,2026-10-07,2026-10-07 01:00 PM PDT,2.5,1,SMS.I_20
NRCS_scan_2191,Doe Ridge,2191,20,20 in,4,#D55E00,2027,8,2026-10-08,2026-10-08 01:00 PM PDT,2.8,1,SMS.I_20
NRCS_scan_2191,Doe Ridge,2191,20,20 in,4,#D55E00,2027,9,2026-10-09,2026-10-09 01:00 PM PDT,2.7,1,SMS.I_20
NRCS_scan_2191,Doe Ridge,2191,20,20 in,4,#D55E00,2027,10,2026-10-10,2026-10-10 01:00 PM PDT,2.7,1,SMS.I_20
NRCS_scan_2191,Doe Ridge,2191,40,40 in,5,#CC79A7,2027,1,2026-10-01,2026-10-01 01:00 PM PDT,12.2,1,SMS.I_40
NRCS_scan_2191,Doe Ridge,2191,40,40 in,5,#CC79A7,2027,2,2026-10-02,2026-10-02 01:00 PM PDT,12.2,1,SMS.I_40
NRCS_scan_2191,Doe Ridge,2191,40,40 in,5,#CC79A7,2027,3,2026-10-03,2026-10-03 01:00 PM PDT,12.4,1,SMS.I_40
NRCS_scan_2191,Doe Ridge,2191,40,40 in,5,#CC79A7,2027,4,2026-10-04,2026-10-04 01:00 PM PDT,12.4,1,SMS.I_40
NRCS_scan_2191,Doe Ridge,2191,40,40 in,5,#CC79A7,2027,5,2026-10-05,2026-10-05 01:00 PM PDT,12.4,1,SMS.I_40
NRCS_scan_2191,Doe Ridge,2191,40,40 in,5,#CC79A7,2027,6,2026-10-06,2026-10-06 01:00 PM PDT,12.4,1,SMS.I_40
NRCS_scan_2191,Doe Ridge,2191,40,40 in,5,#CC79A7,2027,7,2026-10-07,2026-10-07 01:00 PM PDT,12.6,1,SMS.I_40
NRCS_scan_2191,Doe Ridge,2191,40,40 in,5,#CC79A7,2027,8,2026-10-08,2026-10-08 01:00 PM PDT,12.6,1,SMS.I_40
NRCS_scan_2191,Doe Ridge,2191,40,40 in,5,#CC79A7,2027,9,2026-10-09,2026-10-09 01:00 PM PDT,12,1,SMS.I_40
NRCS_scan_2191,Doe Ridge,2191,40,40 in,5,#CC79A7,2027,10,2026-10-10,2026-10-10 01:00 PM PDT,12,1,SMS.I_40
NRCS_scan_2192,Eagle Lake,2192,2,2 in,1,#E69F00,2027,1,2026-10-01,2026-10-01 01:00 PM PDT,0,1,SMS.I_2
NRCS_scan_2192,Eagle Lake,2192,2,2 in,1,#E69F00,2027,2,2026-10-02,2026-10-02 01:00 PM PDT,0,1,SMS.I_2
NRCS_scan_2192,Eagle Lake,2192,2,2 in,1,#E69F00,2027,3,2026-10-03,2026-10-03 01:00 PM PDT,0,1,SMS.I_2
NRCS_scan_2192,Eagle Lake,2192,2,2 in,1,#E69F00,2027,4,2026-10-04,2026-10-04 01:00 PM PDT,0,1,SMS.I_2
NRCS_scan_2192,Eagle Lake,2192,2,2 in,1,#E69F00,2027,5,2026-10-05,2026-10-05 01:00 PM PDT,0,1,SMS.I_2
NRCS_scan_2192,Eagle Lake,2192,2,2 in,1,#E69F00,2027,6,2026-10-06,2026-10-06 01:00 PM PDT,0,1,SMS.I_2
NRCS_scan_2192,Eagle Lake,2192,2,2 in,1,#E69F00,2027,7,2026-10-07,2026-10-07 01:00 PM PDT,0.2,1,SMS.I_2
NRCS_scan_2192,Eagle Lake,2192,2,2 in,1,#E69F00,2027,8,2026-10-08,2026-10-08 01:00 PM PDT,0,1,SMS.I_2
NRCS_scan_2192,Eagle Lake,2192,2,2 in,1,#E69F00,2027,9,2026-10-09,2026-10-09 01:00 PM PDT,0,1,SMS.I_2
NRCS_scan_2192,Eagle Lake,2192,2,2 in,1,#E69F00,2027,10,2026-10-10,2026-10-10 01:00 PM PDT,0.2,1,SMS.I_2
NRCS_scan_2192,Eagle Lake,2192,4,4 in,2,#56B4E9,2027,1,2026-10-01,2026-10-01 01:00 PM PDT,2.1,1,SMS.I_4
NRCS_scan_2192,Eagle Lake,2192,4,4 in,2,#56B4E9,2027,2,2026-10-02,2026-10-02 01:00 PM PDT,2.1,1,SMS.I_4
NRCS_scan_2192,Eagle Lake,2192,4,4 in,2,#56B4E9,2027,3,2026-10-03,2026-10-03 01:00 PM PDT,2.2,1,SMS.I_4
NRCS_scan_2192,Eagle Lake,2192,4,4 in,2,#56B4E9,2027,4,2026-10-04,2026-10-04 01:00 PM PDT,2.1,1,SMS.I_4
NRCS_scan_2192,Eagle Lake,2192,4,4 in,2,#56B4E9,2027,5,2026-10-05,2026-10-05 01:00 PM PDT,2.1,1,SMS.I_4
NRCS_scan_2192,Eagle Lake,2192,4,4 in,2,#56B4E9,2027,6,2026-10-06,2026-10-06 01:00 PM PDT,2.1,1,SMS.I_4
NRCS_scan_2192,Eagle Lake,2192,4,4 in,2,#56B4E9,2027,7,2026-10-07,2026-10-07 01:00 PM PDT,2.1,1,SMS.I_4
NRCS_scan_2192,Eagle Lake,2192,4,4 in,2,#56B4E9,2027,8,2026-10-08,2026-10-08 01:00 PM PDT,2.2,1,SMS.I_4
NRCS_scan_2192,Eagle Lake,2192,4,4 in,2,#56B4E9,2027,9,2026-10-09,2026-10-09 01:00 PM PDT,2.2,1,SMS.I_4
NRCS_scan_2192,Eagle Lake,2192,4,4 in,2,#56B4E9,2027,10,2026-10-10,2026-10-10 01:00 PM PDT,1.9,1,SMS.I_4
NRCS_scan_2192,Eagle Lake,2192,8,8 in,3,#009E73,2027,1,2026-10-01,2026-10-01 01:00 PM PDT,3,1,SMS.I_8
NRCS_scan_2192,Eagle Lake,2192,8,8 in,3,#009E73,2027,2,2026-10-02,2026-10-02 01:00 PM PDT,3,1,SMS.I_8
NRCS_scan_2192,Eagle Lake,2192,8,8 in,3,#009E73,2027,3,2026-10-03,2026-10-03 01:00 PM PDT,3,1,SMS.I_8
NRCS_scan_2192,Eagle Lake,2192,8,8 in,3,#009E73,2027,4,2026-10-04,2026-10-04 01:00 PM PDT,3,1,SMS.I_8
NRCS_scan_2192,Eagle Lake,2192,8,8 in,3,#009E73,2027,5,2026-10-05,2026-10-05 01:00 PM PDT,3,1,SMS.I_8
NRCS_scan_2192,Eagle Lake,2192,8,8 in,3,#009E73,2027,6,2026-10-06,2026-10-06 01:00 PM PDT,3,1,SMS.I_8
NRCS_scan_2192,Eagle Lake,2192,8,8 in,3,#009E73,2027,7,2026-10-07,2026-10-07 01:00 PM PDT,3,1,SMS.I_8
NRCS_scan_2192,Eagle Lake,2192,8,8 in,3,#009E73,2027,8,2026-10-08,2026-10-08 01:00 PM PDT,3,1,SMS.I_8
NRCS_scan_2192,Eagle Lake,2192,8,8 in,3,#009E73,2027,9,2026-10-09,2026-10-09 01:00 PM PDT,3,1,SMS.I_8
NRCS_scan_2192,Eagle Lake,2192,8,8 in,3,#009E73,2027,10,2026-10-10,2026-10-10 01:00 PM PDT,3,1,SMS.I_8
NRCS_scan_2192,Eagle Lake,2192,20,20 in,4,#D55E00,2027,1,2026-10-01,2026-10-01 01:00 PM PDT,2.7,1,SMS.I_20
NRCS_scan_2192,Eagle Lake,2192,20,20 in,4,#D55E00,2027,2,2026-10-02,2026-10-02 01:00 PM PDT,2.7,1,SMS.I_20
NRCS_scan_2192,Eagle Lake,2192,20,20 in,4,#D55E00,2027,3,2026-10-03,2026-10-03 01:00 PM PDT,2.7,1,SMS.I_20
NRCS_scan_2192,Eagle Lake,2192,20,20 in,4,#D55E00,2027,4,2026-10-04,2026-10-04 01:00 PM PDT,2.8,1,SMS.I_20
NRCS_scan_2192,Eagle Lake,2192,20,20 in,4,#D55E00,2027,5,2026-10-05,2026-10-05 01:00 PM PDT,2.8,1,SMS.I_20
NRCS_scan_2192,Eagle Lake,2192,20,20 in,4,#D55E00,2027,6,2026-10-06,2026-10-06 01:00 PM PDT,2.8,1,SMS.I_20
NRCS_scan_2192,Eagle Lake,2192,20,20 in,4,#D55E00,2027,7,2026-10-07,2026-10-07 01:00 PM PDT,2.8,1,SMS.I_20
NRCS_scan_2192,Eagle Lake,2192,20,20 in,4,#D55E00,2027,8,2026-10-08,2026-10-08 01:00 PM PDT,2.8,1,SMS.I_20
NRCS_scan_2192,Eagle Lake,2192,20,20 in,4,#D55E00,2027,9,2026-10-09,2026-10-09 01:00 PM PDT,2.8,1,SMS.I_20
NRCS_scan_2192,Eagle Lake,2192,20,20 in,4,#D55E00,2027,10,2026-10-10,2026-10-10 01:00 PM PDT,2.8,1,SMS.I_20
NRCS_scan_2192,Eagle Lake,2192,40,40 in,5,#CC79A7,2027,1,2026-10-01,2026-10-01 01:00 PM PDT,2.8,1,SMS.I_40
NRCS_scan_2192,Eagle Lake,2192,40,40 in,5,#CC79A7,2027,2,2026-10-02,2026-10-02 01:00 PM PDT,2.8,1,SMS.I_40
NRCS_scan_2192,Eagle Lake,2192,40,40 in,5,#CC79A7,2027,3,2026-10-03,2026-10-03 01:00 PM PDT,2.9,1,SMS.I_40
NRCS_scan_2192,Eagle Lake,2192,40,40 in,5,#CC79A7,2027,4,2026-10-04,2026-10-04 01:00 PM PDT,2.9,1,SMS.I_40
NRCS_scan_2192,Eagle Lake,2192,40,40 in,5,#CC79A7,2027,5,2026-10-05,2026-10-05 01:00 PM PDT,2.9,1,SMS.I_40
NRCS_scan_2192,Eagle Lake,2192,40,40 in,5,#CC79A7,2027,6,2026-10-06,2026-10-06 01:00 PM PDT,2.9,1,SMS.I_40
NRCS_scan_2192,Eagle Lake,2192,40,40 in,5,#CC79A7,2027,7,2026-10-07,2026-10-07 01:00 PM PDT,2.9,1,SMS.I_40
NRCS_scan_2192,Eagle Lake,2192,40,40 in,5,#CC79A7,2027,8,2026-10-08,2026-10-08 01:00 PM PDT,2.9,1,SMS.I_40
NRCS_scan_2192,Eagle Lake,2192,40,40 in,5,#CC79A7,2027,9,2026-10-09,2026-10-09 01:00 PM PDT,2.9,1,SMS.I_40
NRCS_scan_2192,Eagle Lake,2192,40,40 in,5,#CC79A7,2027,10,2026-10-10,2026-10-10 01:00 PM PDT,2.8,1,SMS.I_40
NRCS_scan_2214,Ash Valley,2214,2,2 in,1,#E69F00,2027,1,2026-10-01,2026-10-01 01:00 PM PDT,5.2,1,SMS.I_2
NRCS_scan_2214,Ash Valley,2214,2,2 in,1,#E69F00,2027,2,2026-10-02,2026-10-02 01:00 PM PDT,5.2,1,SMS.I_2
NRCS_scan_2214,Ash Valley,2214,2,2 in,1,#E69F00,2027,3,2026-10-03,2026-10-03 01:00 PM PDT,5,1,SMS.I_2
NRCS_scan_2214,Ash Valley,2214,2,2 in,1,#E69F00,2027,4,2026-10-04,2026-10-04 01:00 PM PDT,5,1,SMS.I_2
NRCS_scan_2214,Ash Valley,2214,2,2 in,1,#E69F00,2027,5,2026-10-05,2026-10-05 01:00 PM PDT,5,1,SMS.I_2
NRCS_scan_2214,Ash Valley,2214,2,2 in,1,#E69F00,2027,6,2026-10-06,2026-10-06 01:00 PM PDT,5.1,1,SMS.I_2
NRCS_scan_2214,Ash Valley,2214,2,2 in,1,#E69F00,2027,7,2026-10-07,2026-10-07 01:00 PM PDT,5,1,SMS.I_2
NRCS_scan_2214,Ash Valley,2214,2,2 in,1,#E69F00,2027,8,2026-10-08,2026-10-08 01:00 PM PDT,5,1,SMS.I_2
NRCS_scan_2214,Ash Valley,2214,2,2 in,1,#E69F00,2027,9,2026-10-09,2026-10-09 01:00 PM PDT,4.9,1,SMS.I_2
NRCS_scan_2214,Ash Valley,2214,2,2 in,1,#E69F00,2027,10,2026-10-10,2026-10-10 01:00 PM PDT,4.9,1,SMS.I_2
NRCS_scan_2214,Ash Valley,2214,4,4 in,2,#56B4E9,2027,1,2026-10-01,2026-10-01 01:00 PM PDT,5,1,SMS.I_4
NRCS_scan_2214,Ash Valley,2214,4,4 in,2,#56B4E9,2027,2,2026-10-02,2026-10-02 01:00 PM PDT,5,1,SMS.I_4
NRCS_scan_2214,Ash Valley,2214,4,4 in,2,#56B4E9,2027,3,2026-10-03,2026-10-03 01:00 PM PDT,4.9,1,SMS.I_4
NRCS_scan_2214,Ash Valley,2214,4,4 in,2,#56B4E9,2027,4,2026-10-04,2026-10-04 01:00 PM PDT,5,1,SMS.I_4
NRCS_scan_2214,Ash Valley,2214,4,4 in,2,#56B4E9,2027,5,2026-10-05,2026-10-05 01:00 PM PDT,4.4,1,SMS.I_4
NRCS_scan_2214,Ash Valley,2214,4,4 in,2,#56B4E9,2027,6,2026-10-06,2026-10-06 01:00 PM PDT,5.2,1,SMS.I_4
NRCS_scan_2214,Ash Valley,2214,4,4 in,2,#56B4E9,2027,7,2026-10-07,2026-10-07 01:00 PM PDT,5.6,1,SMS.I_4
NRCS_scan_2214,Ash Valley,2214,4,4 in,2,#56B4E9,2027,8,2026-10-08,2026-10-08 01:00 PM PDT,3.7,1,SMS.I_4
NRCS_scan_2214,Ash Valley,2214,4,4 in,2,#56B4E9,2027,9,2026-10-09,2026-10-09 01:00 PM PDT,4.8,1,SMS.I_4
NRCS_scan_2214,Ash Valley,2214,4,4 in,2,#56B4E9,2027,10,2026-10-10,2026-10-10 01:00 PM PDT,5.4,1,SMS.I_4
NRCS_scan_2214,Ash Valley,2214,8,8 in,3,#009E73,2027,1,2026-10-01,2026-10-01 01:00 PM PDT,15.3,1,SMS.I_8
NRCS_scan_2214,Ash Valley,2214,8,8 in,3,#009E73,2027,2,2026-10-02,2026-10-02 01:00 PM PDT,14.9,1,SMS.I_8
NRCS_scan_2214,Ash Valley,2214,8,8 in,3,#009E73,2027,3,2026-10-03,2026-10-03 01:00 PM PDT,14.7,1,SMS.I_8
NRCS_scan_2214,Ash Valley,2214,8,8 in,3,#009E73,2027,4,2026-10-04,2026-10-04 01:00 PM PDT,15.1,1,SMS.I_8
NRCS_scan_2214,Ash Valley,2214,8,8 in,3,#009E73,2027,5,2026-10-05,2026-10-05 01:00 PM PDT,14.9,1,SMS.I_8
NRCS_scan_2214,Ash Valley,2214,8,8 in,3,#009E73,2027,6,2026-10-06,2026-10-06 01:00 PM PDT,14.2,1,SMS.I_8
NRCS_scan_2214,Ash Valley,2214,8,8 in,3,#009E73,2027,7,2026-10-07,2026-10-07 01:00 PM PDT,14.7,1,SMS.I_8
NRCS_scan_2214,Ash Valley,2214,8,8 in,3,#009E73,2027,8,2026-10-08,2026-10-08 01:00 PM PDT,14.4,1,SMS.I_8
NRCS_scan_2214,Ash Valley,2214,8,8 in,3,#009E73,2027,9,2026-10-09,2026-10-09 01:00 PM PDT,14.9,1,SMS.I_8
NRCS_scan_2214,Ash Valley,2214,8,8 in,3,#009E73,2027,10,2026-10-10,2026-10-10 01:00 PM PDT,14.1,1,SMS.I_8
NRCS_scan_2214,Ash Valley,2214,20,20 in,4,#D55E00,2027,1,2026-10-01,2026-10-01 01:00 PM PDT,31.1,1,SMS.I_20
NRCS_scan_2214,Ash Valley,2214,20,20 in,4,#D55E00,2027,2,2026-10-02,2026-10-02 01:00 PM PDT,31.1,1,SMS.I_20
NRCS_scan_2214,Ash Valley,2214,20,20 in,4,#D55E00,2027,3,2026-10-03,2026-10-03 01:00 PM PDT,30.8,1,SMS.I_20
NRCS_scan_2214,Ash Valley,2214,20,20 in,4,#D55E00,2027,4,2026-10-04,2026-10-04 01:00 PM PDT,30.9,1,SMS.I_20
NRCS_scan_2214,Ash Valley,2214,20,20 in,4,#D55E00,2027,5,2026-10-05,2026-10-05 01:00 PM PDT,30.6,1,SMS.I_20
NRCS_scan_2214,Ash Valley,2214,20,20 in,4,#D55E00,2027,6,2026-10-06,2026-10-06 01:00 PM PDT,30.6,1,SMS.I_20
NRCS_scan_2214,Ash Valley,2214,20,20 in,4,#D55E00,2027,7,2026-10-07,2026-10-07 01:00 PM PDT,30.6,1,SMS.I_20
NRCS_scan_2214,Ash Valley,2214,20,20 in,4,#D55E00,2027,8,2026-10-08,2026-10-08 01:00 PM PDT,30.3,1,SMS.I_20
NRCS_scan_2214,Ash Valley,2214,20,20 in,4,#D55E00,2027,9,2026-10-09,2026-10-09 01:00 PM PDT,30.2,1,SMS.I_20
NRCS_scan_2214,Ash Valley,2214,20,20 in,4,#D55E00,2027,10,2026-10-10,2026-10-10 01:00 PM PDT,30.1,1,SMS.I_20
NRCS_scan_2215,Bodie Hills,2215,2,2 in,1,#E69F00,2027,1,2026-10-01,2026-10-01 01:00 PM PDT,0.9,1,SMS.I_2
NRCS_scan_2215,Bodie Hills,2215,2,2 in,1,#E69F00,2027,2,2026-10-02,2026-10-02 01:00 PM PDT,0.6,1,SMS.I_2
NRCS_scan_2215,Bodie Hills,2215,2,2 in,1,#E69F00,2027,3,2026-10-03,2026-10-03 01:00 PM PDT,0.8,1,SMS.I_2
NRCS_scan_2215,Bodie Hills,2215,2,2 in,1,#E69F00,2027,4,2026-10-04,2026-10-04 01:00 PM PDT,0.9,1,SMS.I_2
NRCS_scan_2215,Bodie Hills,2215,2,2 in,1,#E69F00,2027,5,2026-10-05,2026-10-05 01:00 PM PDT,0.6,1,SMS.I_2
NRCS_scan_2215,Bodie Hills,2215,2,2 in,1,#E69F00,2027,6,2026-10-06,2026-10-06 01:00 PM PDT,0.8,1,SMS.I_2
NRCS_scan_2215,Bodie Hills,2215,2,2 in,1,#E69F00,2027,7,2026-10-07,2026-10-07 01:00 PM PDT,0.8,1,SMS.I_2
NRCS_scan_2215,Bodie Hills,2215,2,2 in,1,#E69F00,2027,8,2026-10-08,2026-10-08 01:00 PM PDT,0.8,1,SMS.I_2
NRCS_scan_2215,Bodie Hills,2215,2,2 in,1,#E69F00,2027,9,2026-10-09,2026-10-09 01:00 PM PDT,0.8,1,SMS.I_2
NRCS_scan_2215,Bodie Hills,2215,2,2 in,1,#E69F00,2027,10,2026-10-10,2026-10-10 01:00 PM PDT,0.8,1,SMS.I_2
NRCS_scan_2215,Bodie Hills,2215,4,4 in,2,#56B4E9,2027,1,2026-10-01,2026-10-01 01:00 PM PDT,1.9,1,SMS.I_4
NRCS_scan_2215,Bodie Hills,2215,4,4 in,2,#56B4E9,2027,2,2026-10-02,2026-10-02 01:00 PM PDT,2.5,1,SMS.I_4
NRCS_scan_2215,Bodie Hills,2215,4,4 in,2,#56B4E9,2027,3,2026-10-03,2026-10-03 01:00 PM PDT,2.2,1,SMS.I_4
NRCS_scan_2215,Bodie Hills,2215,4,4 in,2,#56B4E9,2027,4,2026-10-04,2026-10-04 01:00 PM PDT,2.7,1,SMS.I_4
NRCS_scan_2215,Bodie Hills,2215,4,4 in,2,#56B4E9,2027,5,2026-10-05,2026-10-05 01:00 PM PDT,2.2,1,SMS.I_4
NRCS_scan_2215,Bodie Hills,2215,4,4 in,2,#56B4E9,2027,6,2026-10-06,2026-10-06 01:00 PM PDT,1.7,1,SMS.I_4
NRCS_scan_2215,Bodie Hills,2215,4,4 in,2,#56B4E9,2027,7,2026-10-07,2026-10-07 01:00 PM PDT,1.7,1,SMS.I_4
NRCS_scan_2215,Bodie Hills,2215,4,4 in,2,#56B4E9,2027,8,2026-10-08,2026-10-08 01:00 PM PDT,2.3,1,SMS.I_4
NRCS_scan_2215,Bodie Hills,2215,4,4 in,2,#56B4E9,2027,9,2026-10-09,2026-10-09 01:00 PM PDT,2.3,1,SMS.I_4
NRCS_scan_2215,Bodie Hills,2215,4,4 in,2,#56B4E9,2027,10,2026-10-10,2026-10-10 01:00 PM PDT,2.1,1,SMS.I_4
NRCS_scan_2215,Bodie Hills,2215,8,8 in,3,#009E73,2027,1,2026-10-01,2026-10-01 01:00 PM PDT,5.7,1,SMS.I_8
NRCS_scan_2215,Bodie Hills,2215,8,8 in,3,#009E73,2027,2,2026-10-02,2026-10-02 01:00 PM PDT,5.8,1,SMS.I_8
NRCS_scan_2215,Bodie Hills,2215,8,8 in,3,#009E73,2027,3,2026-10-03,2026-10-03 01:00 PM PDT,5.8,1,SMS.I_8
NRCS_scan_2215,Bodie Hills,2215,8,8 in,3,#009E73,2027,4,2026-10-04,2026-10-04 01:00 PM PDT,5.9,1,SMS.I_8
NRCS_scan_2215,Bodie Hills,2215,8,8 in,3,#009E73,2027,5,2026-10-05,2026-10-05 01:00 PM PDT,5.9,1,SMS.I_8
NRCS_scan_2215,Bodie Hills,2215,8,8 in,3,#009E73,2027,6,2026-10-06,2026-10-06 01:00 PM PDT,5.9,1,SMS.I_8
NRCS_scan_2215,Bodie Hills,2215,8,8 in,3,#009E73,2027,7,2026-10-07,2026-10-07 01:00 PM PDT,5.9,1,SMS.I_8
NRCS_scan_2215,Bodie Hills,2215,8,8 in,3,#009E73,2027,8,2026-10-08,2026-10-08 01:00 PM PDT,6.2,1,SMS.I_8
NRCS_scan_2215,Bodie Hills,2215,8,8 in,3,#009E73,2027,9,2026-10-09,2026-10-09 01:00 PM PDT,5.2,1,SMS.I_8
NRCS_scan_2215,Bodie Hills,2215,8,8 in,3,#009E73,2027,10,2026-10-10,2026-10-10 01:00 PM PDT,5.5,1,SMS.I_8
NRCS_scan_2215,Bodie Hills,2215,20,20 in,4,#D55E00,2027,1,2026-10-01,2026-10-01 01:00 PM PDT,5.6,1,SMS.I_20
NRCS_scan_2215,Bodie Hills,2215,20,20 in,4,#D55E00,2027,2,2026-10-02,2026-10-02 01:00 PM PDT,5.6,1,SMS.I_20
NRCS_scan_2215,Bodie Hills,2215,20,20 in,4,#D55E00,2027,3,2026-10-03,2026-10-03 01:00 PM PDT,5.5,1,SMS.I_20
NRCS_scan_2215,Bodie Hills,2215,20,20 in,4,#D55E00,2027,4,2026-10-04,2026-10-04 01:00 PM PDT,5.5,1,SMS.I_20
NRCS_scan_2215,Bodie Hills,2215,20,20 in,4,#D55E00,2027,5,2026-10-05,2026-10-05 01:00 PM PDT,5.5,1,SMS.I_20
NRCS_scan_2215,Bodie Hills,2215,20,20 in,4,#D55E00,2027,6,2026-10-06,2026-10-06 01:00 PM PDT,5.2,1,SMS.I_20
NRCS_scan_2215,Bodie Hills,2215,20,20 in,4,#D55E00,2027,7,2026-10-07,2026-10-07 01:00 PM PDT,5.5,1,SMS.I_20
NRCS_scan_2215,Bodie Hills,2215,20,20 in,4,#D55E00,2027,8,2026-10-08,2026-10-08 01:00 PM PDT,5.2,1,SMS.I_20
NRCS_scan_2215,Bodie Hills,2215,20,20 in,4,#D55E00,2027,9,2026-10-09,2026-10-09 01:00 PM PDT,5.5,1,SMS.I_20
NRCS_scan_2215,Bodie Hills,2215,20,20 in,4,#D55E00,2027,10,2026-10-10,2026-10-10 01:00 PM PDT,5.5,1,SMS.I_20
NRCS_scan_2215,Bodie Hills,2215,40,40 in,5,#CC79A7,2027,1,2026-10-01,2026-10-01 01:00 PM PDT,3.6,1,SMS.I_40
NRCS_scan_2215,Bodie Hills,2215,40,40 in,5,#CC79A7,2027,2,2026-10-02,2026-10-02 01:00 PM PDT,4.4,1,SMS.I_40
NRCS_scan_2215,Bodie Hills,2215,40,40 in,5,#CC79A7,2027,3,2026-10-03,2026-10-03 01:00 PM PDT,2.8,1,SMS.I_40
NRCS_scan_2215,Bodie Hills,2215,40,40 in,5,#CC79A7,2027,4,2026-10-04,2026-10-04 01:00 PM PDT,3.6,1,SMS.I_40
NRCS_scan_2215,Bodie Hills,2215,40,40 in,5,#CC79A7,2027,5,2026-10-05,2026-10-05 01:00 PM PDT,4.4,1,SMS.I_40
NRCS_scan_2215,Bodie Hills,2215,40,40 in,5,#CC79A7,2027,6,2026-10-06,2026-10-06 01:00 PM PDT,4.2,1,SMS.I_40
NRCS_scan_2215,Bodie Hills,2215,40,40 in,5,#CC79A7,2027,7,2026-10-07,2026-10-07 01:00 PM PDT,4.4,1,SMS.I_40
NRCS_scan_2215,Bodie Hills,2215,40,40 in,5,#CC79A7,2027,8,2026-10-08,2026-10-08 01:00 PM PDT,3.8,1,SMS.I_40
NRCS_scan_2215,Bodie Hills,2215,40,40 in,5,#CC79A7,2027,9,2026-10-09,2026-10-09 01:00 PM PDT,4.4,1,SMS.I_40
NRCS_scan_2215,Bodie Hills,2215,40,40 in,5,#CC79A7,2027,10,2026-10-10,2026-10-10 01:00 PM PDT,3.1,1,SMS.I_40
NRCS_scan_2216,Buckhorn,2216,2,2 in,1,#E69F00,2027,1,2026-10-01,2026-10-01 01:00 PM PDT,13.1,1,SMS.I_2
NRCS_scan_2216,Buckhorn,2216,2,2 in,1,#E69F00,2027,2,2026-10-02,2026-10-02 01:00 PM PDT,13.1,1,SMS.I_2
NRCS_scan_2216,Buckhorn,2216,2,2 in,1,#E69F00,2027,3,2026-10-03,2026-10-03 01:00 PM PDT,13.1,1,SMS.I_2
NRCS_scan_2216,Buckhorn,2216,2,2 in,1,#E69F00,2027,4,2026-10-04,2026-10-04 01:00 PM PDT,13.3,1,SMS.I_2
NRCS_scan_2216,Buckhorn,2216,2,2 in,1,#E69F00,2027,5,2026-10-05,2026-10-05 01:00 PM PDT,12.7,1,SMS.I_2
NRCS_scan_2216,Buckhorn,2216,2,2 in,1,#E69F00,2027,6,2026-10-06,2026-10-06 01:00 PM PDT,12.9,1,SMS.I_2
NRCS_scan_2216,Buckhorn,2216,2,2 in,1,#E69F00,2027,7,2026-10-07,2026-10-07 01:00 PM PDT,12.8,1,SMS.I_2
NRCS_scan_2216,Buckhorn,2216,2,2 in,1,#E69F00,2027,8,2026-10-08,2026-10-08 01:00 PM PDT,12.6,1,SMS.I_2
NRCS_scan_2216,Buckhorn,2216,2,2 in,1,#E69F00,2027,9,2026-10-09,2026-10-09 01:00 PM PDT,12.4,1,SMS.I_2
NRCS_scan_2216,Buckhorn,2216,2,2 in,1,#E69F00,2027,10,2026-10-10,2026-10-10 01:00 PM PDT,12.6,1,SMS.I_2
NRCS_scan_2216,Buckhorn,2216,4,4 in,2,#56B4E9,2027,1,2026-10-01,2026-10-01 01:00 PM PDT,18.9,1,SMS.I_4
NRCS_scan_2216,Buckhorn,2216,4,4 in,2,#56B4E9,2027,2,2026-10-02,2026-10-02 01:00 PM PDT,19.3,1,SMS.I_4
NRCS_scan_2216,Buckhorn,2216,4,4 in,2,#56B4E9,2027,3,2026-10-03,2026-10-03 01:00 PM PDT,19.9,1,SMS.I_4
NRCS_scan_2216,Buckhorn,2216,4,4 in,2,#56B4E9,2027,4,2026-10-04,2026-10-04 01:00 PM PDT,19,1,SMS.I_4
NRCS_scan_2216,Buckhorn,2216,4,4 in,2,#56B4E9,2027,5,2026-10-05,2026-10-05 01:00 PM PDT,19.6,1,SMS.I_4
NRCS_scan_2216,Buckhorn,2216,4,4 in,2,#56B4E9,2027,6,2026-10-06,2026-10-06 01:00 PM PDT,18.8,1,SMS.I_4
NRCS_scan_2216,Buckhorn,2216,4,4 in,2,#56B4E9,2027,7,2026-10-07,2026-10-07 01:00 PM PDT,19.3,1,SMS.I_4
NRCS_scan_2216,Buckhorn,2216,4,4 in,2,#56B4E9,2027,8,2026-10-08,2026-10-08 01:00 PM PDT,19,1,SMS.I_4
NRCS_scan_2216,Buckhorn,2216,4,4 in,2,#56B4E9,2027,9,2026-10-09,2026-10-09 01:00 PM PDT,19,1,SMS.I_4
NRCS_scan_2216,Buckhorn,2216,4,4 in,2,#56B4E9,2027,10,2026-10-10,2026-10-10 01:00 PM PDT,19,1,SMS.I_4
NRCS_scan_2216,Buckhorn,2216,8,8 in,3,#009E73,2027,1,2026-10-01,2026-10-01 01:00 PM PDT,21.1,1,SMS.I_8
NRCS_scan_2216,Buckhorn,2216,8,8 in,3,#009E73,2027,2,2026-10-02,2026-10-02 01:00 PM PDT,21.5,1,SMS.I_8
NRCS_scan_2216,Buckhorn,2216,8,8 in,3,#009E73,2027,3,2026-10-03,2026-10-03 01:00 PM PDT,21.7,1,SMS.I_8
NRCS_scan_2216,Buckhorn,2216,8,8 in,3,#009E73,2027,4,2026-10-04,2026-10-04 01:00 PM PDT,21.6,1,SMS.I_8
NRCS_scan_2216,Buckhorn,2216,8,8 in,3,#009E73,2027,5,2026-10-05,2026-10-05 01:00 PM PDT,21.5,1,SMS.I_8
NRCS_scan_2216,Buckhorn,2216,8,8 in,3,#009E73,2027,6,2026-10-06,2026-10-06 01:00 PM PDT,21.7,1,SMS.I_8
NRCS_scan_2216,Buckhorn,2216,8,8 in,3,#009E73,2027,7,2026-10-07,2026-10-07 01:00 PM PDT,21.7,1,SMS.I_8
NRCS_scan_2216,Buckhorn,2216,8,8 in,3,#009E73,2027,8,2026-10-08,2026-10-08 01:00 PM PDT,21.7,1,SMS.I_8
NRCS_scan_2216,Buckhorn,2216,8,8 in,3,#009E73,2027,9,2026-10-09,2026-10-09 01:00 PM PDT,21.6,1,SMS.I_8
NRCS_scan_2216,Buckhorn,2216,8,8 in,3,#009E73,2027,10,2026-10-10,2026-10-10 01:00 PM PDT,21.8,1,SMS.I_8
NRCS_scan_2216,Buckhorn,2216,20,20 in,4,#D55E00,2027,1,2026-10-01,2026-10-01 01:00 PM PDT,27.8,1,SMS.I_20
NRCS_scan_2216,Buckhorn,2216,20,20 in,4,#D55E00,2027,2,2026-10-02,2026-10-02 01:00 PM PDT,27.4,1,SMS.I_20
NRCS_scan_2216,Buckhorn,2216,20,20 in,4,#D55E00,2027,3,2026-10-03,2026-10-03 01:00 PM PDT,27.7,1,SMS.I_20
NRCS_scan_2216,Buckhorn,2216,20,20 in,4,#D55E00,2027,4,2026-10-04,2026-10-04 01:00 PM PDT,27.7,1,SMS.I_20
NRCS_scan_2216,Buckhorn,2216,20,20 in,4,#D55E00,2027,5,2026-10-05,2026-10-05 01:00 PM PDT,28,1,SMS.I_20
NRCS_scan_2216,Buckhorn,2216,20,20 in,4,#D55E00,2027,6,2026-10-06,2026-10-06 01:00 PM PDT,28.1,1,SMS.I_20
NRCS_scan_2216,Buckhorn,2216,20,20 in,4,#D55E00,2027,7,2026-10-07,2026-10-07 01:00 PM PDT,27.5,1,SMS.I_20
NRCS_scan_2216,Buckhorn,2216,20,20 in,4,#D55E00,2027,8,2026-10-08,2026-10-08 01:00 PM PDT,27.5,1,SMS.I_20
NRCS_scan_2216,Buckhorn,2216,20,20 in,4,#D55E00,2027,9,2026-10-09,2026-10-09 01:00 PM PDT,27.5,1,SMS.I_20
NRCS_scan_2216,Buckhorn,2216,20,20 in,4,#D55E00,2027,10,2026-10-10,2026-10-10 01:00 PM PDT,27.5,1,SMS.I_20
NRCS_scan_2217,Monocline Ridge,2217,2,2 in,1,#E69F00,2027,1,2026-10-01,2026-10-01 01:00 PM PDT,8.6,1,SMS.I_2
NRCS_scan_2217,Monocline Ridge,2217,2,2 in,1,#E69F00,2027,2,2026-10-02,2026-10-02 01:00 PM PDT,9.1,1,SMS.I_2
NRCS_scan_2217,Monocline Ridge,2217,2,2 in,1,#E69F00,2027,3,2026-10-03,2026-10-03 01:00 PM PDT,9.1,1,SMS.I_2
NRCS_scan_2217,Monocline Ridge,2217,2,2 in,1,#E69F00,2027,4,2026-10-04,2026-10-04 01:00 PM PDT,8.9,1,SMS.I_2
NRCS_scan_2217,Monocline Ridge,2217,2,2 in,1,#E69F00,2027,5,2026-10-05,2026-10-05 01:00 PM PDT,9,1,SMS.I_2
NRCS_scan_2217,Monocline Ridge,2217,2,2 in,1,#E69F00,2027,6,2026-10-06,2026-10-06 01:00 PM PDT,9.3,1,SMS.I_2
NRCS_scan_2217,Monocline Ridge,2217,2,2 in,1,#E69F00,2027,7,2026-10-07,2026-10-07 01:00 PM PDT,9.1,1,SMS.I_2
NRCS_scan_2217,Monocline Ridge,2217,2,2 in,1,#E69F00,2027,8,2026-10-08,2026-10-08 01:00 PM PDT,9.2,1,SMS.I_2
NRCS_scan_2217,Monocline Ridge,2217,2,2 in,1,#E69F00,2027,9,2026-10-09,2026-10-09 01:00 PM PDT,9.5,1,SMS.I_2
NRCS_scan_2217,Monocline Ridge,2217,2,2 in,1,#E69F00,2027,10,2026-10-10,2026-10-10 01:00 PM PDT,8.9,1,SMS.I_2
NRCS_scan_2217,Monocline Ridge,2217,4,4 in,2,#56B4E9,2027,1,2026-10-01,2026-10-01 01:00 PM PDT,16.9,1,SMS.I_4
NRCS_scan_2217,Monocline Ridge,2217,4,4 in,2,#56B4E9,2027,2,2026-10-02,2026-10-02 01:00 PM PDT,16.7,1,SMS.I_4
NRCS_scan_2217,Monocline Ridge,2217,4,4 in,2,#56B4E9,2027,3,2026-10-03,2026-10-03 01:00 PM PDT,16.6,1,SMS.I_4
NRCS_scan_2217,Monocline Ridge,2217,4,4 in,2,#56B4E9,2027,4,2026-10-04,2026-10-04 01:00 PM PDT,16.9,1,SMS.I_4
NRCS_scan_2217,Monocline Ridge,2217,4,4 in,2,#56B4E9,2027,5,2026-10-05,2026-10-05 01:00 PM PDT,17,1,SMS.I_4
NRCS_scan_2217,Monocline Ridge,2217,4,4 in,2,#56B4E9,2027,6,2026-10-06,2026-10-06 01:00 PM PDT,16.8,1,SMS.I_4
NRCS_scan_2217,Monocline Ridge,2217,4,4 in,2,#56B4E9,2027,7,2026-10-07,2026-10-07 01:00 PM PDT,16.7,1,SMS.I_4
NRCS_scan_2217,Monocline Ridge,2217,4,4 in,2,#56B4E9,2027,8,2026-10-08,2026-10-08 01:00 PM PDT,16.1,1,SMS.I_4
NRCS_scan_2217,Monocline Ridge,2217,4,4 in,2,#56B4E9,2027,9,2026-10-09,2026-10-09 01:00 PM PDT,16.1,1,SMS.I_4
NRCS_scan_2217,Monocline Ridge,2217,4,4 in,2,#56B4E9,2027,10,2026-10-10,2026-10-10 01:00 PM PDT,15.9,1,SMS.I_4
NRCS_scan_2217,Monocline Ridge,2217,8,8 in,3,#009E73,2027,1,2026-10-01,2026-10-01 01:00 PM PDT,25.4,1,SMS.I_8
NRCS_scan_2217,Monocline Ridge,2217,8,8 in,3,#009E73,2027,2,2026-10-02,2026-10-02 01:00 PM PDT,25.3,1,SMS.I_8
NRCS_scan_2217,Monocline Ridge,2217,8,8 in,3,#009E73,2027,3,2026-10-03,2026-10-03 01:00 PM PDT,25.1,1,SMS.I_8
NRCS_scan_2217,Monocline Ridge,2217,8,8 in,3,#009E73,2027,4,2026-10-04,2026-10-04 01:00 PM PDT,25.5,1,SMS.I_8
NRCS_scan_2217,Monocline Ridge,2217,8,8 in,3,#009E73,2027,5,2026-10-05,2026-10-05 01:00 PM PDT,25.7,1,SMS.I_8
NRCS_scan_2217,Monocline Ridge,2217,8,8 in,3,#009E73,2027,6,2026-10-06,2026-10-06 01:00 PM PDT,25.5,1,SMS.I_8
NRCS_scan_2217,Monocline Ridge,2217,8,8 in,3,#009E73,2027,7,2026-10-07,2026-10-07 01:00 PM PDT,25.5,1,SMS.I_8
NRCS_scan_2217,Monocline Ridge,2217,8,8 in,3,#009E73,2027,8,2026-10-08,2026-10-08 01:00 PM PDT,25.4,1,SMS.I_8
NRCS_scan_2217,Monocline Ridge,2217,8,8 in,3,#009E73,2027,9,2026-10-09,2026-10-09 01:00 PM PDT,25.3,1,SMS.I_8
NRCS_scan_2217,Monocline Ridge,2217,8,8 in,3,#009E73,2027,10,2026-10-10,2026-10-10 01:00 PM PDT,25.2,1,SMS.I_8
NRCS_scan_2217,Monocline Ridge,2217,20,20 in,4,#D55E00,2027,1,2026-10-01,2026-10-01 01:00 PM PDT,36.7,1,SMS.I_20
NRCS_scan_2217,Monocline Ridge,2217,20,20 in,4,#D55E00,2027,2,2026-10-02,2026-10-02 01:00 PM PDT,36.7,1,SMS.I_20
NRCS_scan_2217,Monocline Ridge,2217,20,20 in,4,#D55E00,2027,3,2026-10-03,2026-10-03 01:00 PM PDT,36.7,1,SMS.I_20
NRCS_scan_2217,Monocline Ridge,2217,20,20 in,4,#D55E00,2027,4,2026-10-04,2026-10-04 01:00 PM PDT,32.4,1,SMS.I_20
NRCS_scan_2217,Monocline Ridge,2217,20,20 in,4,#D55E00,2027,5,2026-10-05,2026-10-05 01:00 PM PDT,36.7,1,SMS.I_20
NRCS_scan_2217,Monocline Ridge,2217,20,20 in,4,#D55E00,2027,6,2026-10-06,2026-10-06 01:00 PM PDT,36.7,1,SMS.I_20
NRCS_scan_2217,Monocline Ridge,2217,20,20 in,4,#D55E00,2027,7,2026-10-07,2026-10-07 01:00 PM PDT,36.7,1,SMS.I_20
NRCS_scan_2217,Monocline Ridge,2217,20,20 in,4,#D55E00,2027,8,2026-10-08,2026-10-08 01:00 PM PDT,34.5,1,SMS.I_20
NRCS_scan_2217,Monocline Ridge,2217,20,20 in,4,#D55E00,2027,9,2026-10-09,2026-10-09 01:00 PM PDT,32,1,SMS.I_20
NRCS_scan_2217,Monocline Ridge,2217,20,20 in,4,#D55E00,2027,10,2026-10-10,2026-10-10 01:00 PM PDT,34.5,1,SMS.I_20
NRCS_scan_2217,Monocline Ridge,2217,40,40 in,5,#CC79A7,2027,1,2026-10-01,2026-10-01 01:00 PM PDT,26,1,SMS.I_40
NRCS_scan_2217,Monocline Ridge,2217,40,40 in,5,#CC79A7,2027,2,2026-10-02,2026-10-02 01:00 PM PDT,27.6,1,SMS.I_40
NRCS_scan_2217,Monocline Ridge,2217,40,40 in,5,#CC79A7,2027,3,2026-10-03,2026-10-03 01:00 PM PDT,26.1,1,SMS.I_40
NRCS_scan_2217,Monocline Ridge,2217,40,40 in,5,#CC79A7,2027,4,2026-10-04,2026-10-04 01:00 PM PDT,27.7,1,SMS.I_40
NRCS_scan_2217,Monocline Ridge,2217,40,40 in,5,#CC79A7,2027,5,2026-10-05,2026-10-05 01:00 PM PDT,27.7,1,SMS.I_40
NRCS_scan_2217,Monocline Ridge,2217,40,40 in,5,#CC79A7,2027,6,2026-10-06,2026-10-06 01:00 PM PDT,27.7,1,SMS.I_40
NRCS_scan_2217,Monocline Ridge,2217,40,40 in,5,#CC79A7,2027,7,2026-10-07,2026-10-07 01:00 PM PDT,27.7,1,SMS.I_40
NRCS_scan_2217,Monocline Ridge,2217,40,40 in,5,#CC79A7,2027,8,2026-10-08,2026-10-08 01:00 PM PDT,27.7,1,SMS.I_40
NRCS_scan_2217,Monocline Ridge,2217,40,40 in,5,#CC79A7,2027,9,2026-10-09,2026-10-09 01:00 PM PDT,27.7,1,SMS.I_40
NRCS_scan_2217,Monocline Ridge,2217,40,40 in,5,#CC79A7,2027,10,2026-10-10,2026-10-10 01:00 PM PDT,27.7,1,SMS.I_40
NRCS_scan_2218,French Gulch,2218,2,2 in,1,#E69F00,2027,3,2026-10-03,2026-10-03 01:00 PM PDT,4,1,SMS.I_2
NRCS_scan_2218,French Gulch,2218,2,2 in,1,#E69F00,2027,4,2026-10-04,2026-10-04 01:00 PM PDT,4.2,1,SMS.I_2
NRCS_scan_2218,French Gulch,2218,2,2 in,1,#E69F00,2027,5,2026-10-05,2026-10-05 01:00 PM PDT,3.6,1,SMS.I_2
NRCS_scan_2218,French Gulch,2218,2,2 in,1,#E69F00,2027,6,2026-10-06,2026-10-06 01:00 PM PDT,4.1,1,SMS.I_2
NRCS_scan_2218,French Gulch,2218,2,2 in,1,#E69F00,2027,10,2026-10-10,2026-10-10 01:00 PM PDT,2.8,1,SMS.I_2
NRCS_scan_2218,French Gulch,2218,4,4 in,2,#56B4E9,2027,3,2026-10-03,2026-10-03 01:00 PM PDT,8.5,1,SMS.I_4
NRCS_scan_2218,French Gulch,2218,4,4 in,2,#56B4E9,2027,4,2026-10-04,2026-10-04 01:00 PM PDT,8.5,1,SMS.I_4
NRCS_scan_2218,French Gulch,2218,4,4 in,2,#56B4E9,2027,5,2026-10-05,2026-10-05 01:00 PM PDT,8.3,1,SMS.I_4
NRCS_scan_2218,French Gulch,2218,4,4 in,2,#56B4E9,2027,6,2026-10-06,2026-10-06 01:00 PM PDT,8.1,1,SMS.I_4
NRCS_scan_2218,French Gulch,2218,4,4 in,2,#56B4E9,2027,10,2026-10-10,2026-10-10 01:00 PM PDT,8.1,1,SMS.I_4
NRCS_scan_2218,French Gulch,2218,8,8 in,3,#009E73,2027,3,2026-10-03,2026-10-03 01:00 PM PDT,12.7,1,SMS.I_8
NRCS_scan_2218,French Gulch,2218,8,8 in,3,#009E73,2027,4,2026-10-04,2026-10-04 01:00 PM PDT,12.4,1,SMS.I_8
NRCS_scan_2218,French Gulch,2218,8,8 in,3,#009E73,2027,5,2026-10-05,2026-10-05 01:00 PM PDT,12.2,1,SMS.I_8
NRCS_scan_2218,French Gulch,2218,8,8 in,3,#009E73,2027,6,2026-10-06,2026-10-06 01:00 PM PDT,12.4,1,SMS.I_8
NRCS_scan_2218,French Gulch,2218,8,8 in,3,#009E73,2027,10,2026-10-10,2026-10-10 01:00 PM PDT,12.3,1,SMS.I_8
NRCS_scan_2218,French Gulch,2218,20,20 in,4,#D55E00,2027,4,2026-10-04,2026-10-04 01:00 PM PDT,15,1,SMS.I_20
NRCS_scan_2218,French Gulch,2218,20,20 in,4,#D55E00,2027,6,2026-10-06,2026-10-06 01:00 PM PDT,15,1,SMS.I_20
NRCS_scan_2218,French Gulch,2218,40,40 in,5,#CC79A7,2027,4,2026-10-04,2026-10-04 01:00 PM PDT,18.7,1,SMS.I_40
NRCS_scan_2218,French Gulch,2218,40,40 in,5,#CC79A7,2027,6,2026-10-06,2026-10-06 01:00 PM PDT,18.7,1,SMS.I_40
NRCS_scan_2219,Stubblefield,2219,2,2 in,1,#E69F00,2027,1,2026-10-01,2026-10-01 01:00 PM PDT,4.7,1,SMS.I_2
NRCS_scan_2219,Stubblefield,2219,2,2 in,1,#E69F00,2027,2,2026-10-02,2026-10-02 01:00 PM PDT,4.1,1,SMS.I_2
NRCS_scan_2219,Stubblefield,2219,2,2 in,1,#E69F00,2027,3,2026-10-03,2026-10-03 01:00 PM PDT,4.8,1,SMS.I_2
NRCS_scan_2219,Stubblefield,2219,2,2 in,1,#E69F00,2027,4,2026-10-04,2026-10-04 01:00 PM PDT,4.4,1,SMS.I_2
NRCS_scan_2219,Stubblefield,2219,2,2 in,1,#E69F00,2027,5,2026-10-05,2026-10-05 01:00 PM PDT,4.2,1,SMS.I_2
NRCS_scan_2219,Stubblefield,2219,2,2 in,1,#E69F00,2027,6,2026-10-06,2026-10-06 01:00 PM PDT,4.2,1,SMS.I_2
NRCS_scan_2219,Stubblefield,2219,2,2 in,1,#E69F00,2027,7,2026-10-07,2026-10-07 01:00 PM PDT,4.4,1,SMS.I_2
NRCS_scan_2219,Stubblefield,2219,2,2 in,1,#E69F00,2027,8,2026-10-08,2026-10-08 01:00 PM PDT,4.4,1,SMS.I_2
NRCS_scan_2219,Stubblefield,2219,2,2 in,1,#E69F00,2027,9,2026-10-09,2026-10-09 01:00 PM PDT,4.9,1,SMS.I_2
NRCS_scan_2219,Stubblefield,2219,2,2 in,1,#E69F00,2027,10,2026-10-10,2026-10-10 01:00 PM PDT,4.5,1,SMS.I_2
NRCS_scan_2219,Stubblefield,2219,4,4 in,2,#56B4E9,2027,1,2026-10-01,2026-10-01 01:00 PM PDT,8.2,1,SMS.I_4
NRCS_scan_2219,Stubblefield,2219,4,4 in,2,#56B4E9,2027,2,2026-10-02,2026-10-02 01:00 PM PDT,8.2,1,SMS.I_4
NRCS_scan_2219,Stubblefield,2219,4,4 in,2,#56B4E9,2027,3,2026-10-03,2026-10-03 01:00 PM PDT,8.2,1,SMS.I_4
NRCS_scan_2219,Stubblefield,2219,4,4 in,2,#56B4E9,2027,4,2026-10-04,2026-10-04 01:00 PM PDT,8.2,1,SMS.I_4
NRCS_scan_2219,Stubblefield,2219,4,4 in,2,#56B4E9,2027,5,2026-10-05,2026-10-05 01:00 PM PDT,8.2,1,SMS.I_4
NRCS_scan_2219,Stubblefield,2219,4,4 in,2,#56B4E9,2027,6,2026-10-06,2026-10-06 01:00 PM PDT,8.1,1,SMS.I_4
NRCS_scan_2219,Stubblefield,2219,4,4 in,2,#56B4E9,2027,7,2026-10-07,2026-10-07 01:00 PM PDT,8.3,1,SMS.I_4
NRCS_scan_2219,Stubblefield,2219,4,4 in,2,#56B4E9,2027,8,2026-10-08,2026-10-08 01:00 PM PDT,8.1,1,SMS.I_4
NRCS_scan_2219,Stubblefield,2219,4,4 in,2,#56B4E9,2027,9,2026-10-09,2026-10-09 01:00 PM PDT,8.1,1,SMS.I_4
NRCS_scan_2219,Stubblefield,2219,4,4 in,2,#56B4E9,2027,10,2026-10-10,2026-10-10 01:00 PM PDT,7.9,1,SMS.I_4
NRCS_scan_2219,Stubblefield,2219,8,8 in,3,#009E73,2027,1,2026-10-01,2026-10-01 01:00 PM PDT,13.1,1,SMS.I_8
NRCS_scan_2219,Stubblefield,2219,8,8 in,3,#009E73,2027,2,2026-10-02,2026-10-02 01:00 PM PDT,13.4,1,SMS.I_8
NRCS_scan_2219,Stubblefield,2219,8,8 in,3,#009E73,2027,3,2026-10-03,2026-10-03 01:00 PM PDT,13.4,1,SMS.I_8
NRCS_scan_2219,Stubblefield,2219,8,8 in,3,#009E73,2027,4,2026-10-04,2026-10-04 01:00 PM PDT,13.4,1,SMS.I_8
NRCS_scan_2219,Stubblefield,2219,8,8 in,3,#009E73,2027,5,2026-10-05,2026-10-05 01:00 PM PDT,13.4,1,SMS.I_8
NRCS_scan_2219,Stubblefield,2219,8,8 in,3,#009E73,2027,6,2026-10-06,2026-10-06 01:00 PM PDT,13.5,1,SMS.I_8
NRCS_scan_2219,Stubblefield,2219,8,8 in,3,#009E73,2027,7,2026-10-07,2026-10-07 01:00 PM PDT,13.5,1,SMS.I_8
NRCS_scan_2219,Stubblefield,2219,8,8 in,3,#009E73,2027,8,2026-10-08,2026-10-08 01:00 PM PDT,13.4,1,SMS.I_8
NRCS_scan_2219,Stubblefield,2219,8,8 in,3,#009E73,2027,9,2026-10-09,2026-10-09 01:00 PM PDT,13.4,1,SMS.I_8
NRCS_scan_2219,Stubblefield,2219,8,8 in,3,#009E73,2027,10,2026-10-10,2026-10-10 01:00 PM PDT,13.2,1,SMS.I_8
NRCS_scan_2219,Stubblefield,2219,20,20 in,4,#D55E00,2027,1,2026-10-01,2026-10-01 01:00 PM PDT,19,1,SMS.I_20
NRCS_scan_2219,Stubblefield,2219,20,20 in,4,#D55E00,2027,2,2026-10-02,2026-10-02 01:00 PM PDT,19,1,SMS.I_20
NRCS_scan_2219,Stubblefield,2219,20,20 in,4,#D55E00,2027,3,2026-10-03,2026-10-03 01:00 PM PDT,19,1,SMS.I_20
NRCS_scan_2219,Stubblefield,2219,20,20 in,4,#D55E00,2027,4,2026-10-04,2026-10-04 01:00 PM PDT,18.9,1,SMS.I_20
NRCS_scan_2219,Stubblefield,2219,20,20 in,4,#D55E00,2027,5,2026-10-05,2026-10-05 01:00 PM PDT,19,1,SMS.I_20
NRCS_scan_2219,Stubblefield,2219,20,20 in,4,#D55E00,2027,6,2026-10-06,2026-10-06 01:00 PM PDT,19,1,SMS.I_20
NRCS_scan_2219,Stubblefield,2219,20,20 in,4,#D55E00,2027,7,2026-10-07,2026-10-07 01:00 PM PDT,19.1,1,SMS.I_20
NRCS_scan_2219,Stubblefield,2219,20,20 in,4,#D55E00,2027,8,2026-10-08,2026-10-08 01:00 PM PDT,19.1,1,SMS.I_20
NRCS_scan_2219,Stubblefield,2219,20,20 in,4,#D55E00,2027,9,2026-10-09,2026-10-09 01:00 PM PDT,19.1,1,SMS.I_20
NRCS_scan_2219,Stubblefield,2219,20,20 in,4,#D55E00,2027,10,2026-10-10,2026-10-10 01:00 PM PDT,18.9,1,SMS.I_20
NRCS_scan_2219,Stubblefield,2219,40,40 in,5,#CC79A7,2027,1,2026-10-01,2026-10-01 01:00 PM PDT,19,1,SMS.I_40
NRCS_scan_2219,Stubblefield,2219,40,40 in,5,#CC79A7,2027,2,2026-10-02,2026-10-02 01:00 PM PDT,19,1,SMS.I_40
NRCS_scan_2219,Stubblefield,2219,40,40 in,5,#CC79A7,2027,3,2026-10-03,2026-10-03 01:00 PM PDT,18.9,1,SMS.I_40
NRCS_scan_2219,Stubblefield,2219,40,40 in,5,#CC79A7,2027,4,2026-10-04,2026-10-04 01:00 PM PDT,18.9,1,SMS.I_40
NRCS_scan_2219,Stubblefield,2219,40,40 in,5,#CC79A7,2027,5,2026-10-05,2026-10-05 01:00 PM PDT,18.9,1,SMS.I_40
NRCS_scan_2219,Stubblefield,2219,40,40 in,5,#CC79A7,2027,6,2026-10-06,2026-10-06 01:00 PM PDT,18.9,1,SMS.I_40
NRCS_scan_2219,Stubblefield,2219,40,40 in,5,#CC79A7,2027,7,2026-10-07,2026-10-07 01:00 PM PDT,18.9,1,SMS.I_40
NRCS_scan_2219,Stubblefield,2219,40,40 in,5,#CC79A7,2027,8,2026-10-08,2026-10-08 01:00 PM PDT,19,1,SMS.I_40
NRCS_scan_2219,Stubblefield,2219,40,40 in,5,#CC79A7,2027,9,2026-10-09,2026-10-09 01:00 PM PDT,18.8,1,SMS.I_40
NRCS_scan_2219,Stubblefield,2219,40,40 in,5,#CC79A7,2027,10,2026-10-10,2026-10-10 01:00 PM PDT,19,1,SMS.I_40
NRCS_scan_2229,Ruby,2229,2,2 in,1,#E69F00,2027,1,2026-10-01,2026-10-01 01:00 PM PDT,8.5,1,SMS.I_2
NRCS_scan_2229,Ruby,2229,2,2 in,1,#E69F00,2027,2,2026-10-02,2026-10-02 01:00 PM PDT,8.5,1,SMS.I_2
NRCS_scan_2229,Ruby,2229,2,2 in,1,#E69F00,2027,3,2026-10-03,2026-10-03 01:00 PM PDT,8.6,1,SMS.I_2
NRCS_scan_2229,Ruby,2229,2,2 in,1,#E69F00,2027,4,2026-10-04,2026-10-04 01:00 PM PDT,8.7,1,SMS.I_2
NRCS_scan_2229,Ruby,2229,2,2 in,1,#E69F00,2027,5,2026-10-05,2026-10-05 01:00 PM PDT,8.6,1,SMS.I_2
NRCS_scan_2229,Ruby,2229,2,2 in,1,#E69F00,2027,6,2026-10-06,2026-10-06 01:00 PM PDT,8.6,1,SMS.I_2
NRCS_scan_2229,Ruby,2229,2,2 in,1,#E69F00,2027,7,2026-10-07,2026-10-07 01:00 PM PDT,8.3,1,SMS.I_2
NRCS_scan_2229,Ruby,2229,2,2 in,1,#E69F00,2027,8,2026-10-08,2026-10-08 01:00 PM PDT,8.3,1,SMS.I_2
NRCS_scan_2229,Ruby,2229,2,2 in,1,#E69F00,2027,9,2026-10-09,2026-10-09 01:00 PM PDT,8.7,1,SMS.I_2
NRCS_scan_2229,Ruby,2229,2,2 in,1,#E69F00,2027,10,2026-10-10,2026-10-10 01:00 PM PDT,8.7,1,SMS.I_2
NRCS_scan_2229,Ruby,2229,4,4 in,2,#56B4E9,2027,1,2026-10-01,2026-10-01 01:00 PM PDT,15.6,1,SMS.I_4
NRCS_scan_2229,Ruby,2229,4,4 in,2,#56B4E9,2027,2,2026-10-02,2026-10-02 01:00 PM PDT,15.4,1,SMS.I_4
NRCS_scan_2229,Ruby,2229,4,4 in,2,#56B4E9,2027,3,2026-10-03,2026-10-03 01:00 PM PDT,15.8,1,SMS.I_4
NRCS_scan_2229,Ruby,2229,4,4 in,2,#56B4E9,2027,4,2026-10-04,2026-10-04 01:00 PM PDT,15.5,1,SMS.I_4
NRCS_scan_2229,Ruby,2229,4,4 in,2,#56B4E9,2027,5,2026-10-05,2026-10-05 01:00 PM PDT,15.8,1,SMS.I_4
NRCS_scan_2229,Ruby,2229,4,4 in,2,#56B4E9,2027,6,2026-10-06,2026-10-06 01:00 PM PDT,16.1,1,SMS.I_4
NRCS_scan_2229,Ruby,2229,4,4 in,2,#56B4E9,2027,7,2026-10-07,2026-10-07 01:00 PM PDT,15.8,1,SMS.I_4
NRCS_scan_2229,Ruby,2229,4,4 in,2,#56B4E9,2027,8,2026-10-08,2026-10-08 01:00 PM PDT,15.5,1,SMS.I_4
NRCS_scan_2229,Ruby,2229,4,4 in,2,#56B4E9,2027,9,2026-10-09,2026-10-09 01:00 PM PDT,15.6,1,SMS.I_4
NRCS_scan_2229,Ruby,2229,4,4 in,2,#56B4E9,2027,10,2026-10-10,2026-10-10 01:00 PM PDT,15.7,1,SMS.I_4
NRCS_scan_2229,Ruby,2229,8,8 in,3,#009E73,2027,1,2026-10-01,2026-10-01 01:00 PM PDT,18.1,1,SMS.I_8
NRCS_scan_2229,Ruby,2229,8,8 in,3,#009E73,2027,2,2026-10-02,2026-10-02 01:00 PM PDT,17.9,1,SMS.I_8
NRCS_scan_2229,Ruby,2229,8,8 in,3,#009E73,2027,3,2026-10-03,2026-10-03 01:00 PM PDT,17.6,1,SMS.I_8
NRCS_scan_2229,Ruby,2229,8,8 in,3,#009E73,2027,4,2026-10-04,2026-10-04 01:00 PM PDT,17.9,1,SMS.I_8
NRCS_scan_2229,Ruby,2229,8,8 in,3,#009E73,2027,5,2026-10-05,2026-10-05 01:00 PM PDT,17.6,1,SMS.I_8
NRCS_scan_2229,Ruby,2229,8,8 in,3,#009E73,2027,6,2026-10-06,2026-10-06 01:00 PM PDT,17.8,1,SMS.I_8
NRCS_scan_2229,Ruby,2229,8,8 in,3,#009E73,2027,7,2026-10-07,2026-10-07 01:00 PM PDT,17.6,1,SMS.I_8
NRCS_scan_2229,Ruby,2229,8,8 in,3,#009E73,2027,8,2026-10-08,2026-10-08 01:00 PM PDT,17.4,1,SMS.I_8
NRCS_scan_2229,Ruby,2229,8,8 in,3,#009E73,2027,9,2026-10-09,2026-10-09 01:00 PM PDT,17.6,1,SMS.I_8
NRCS_scan_2229,Ruby,2229,8,8 in,3,#009E73,2027,10,2026-10-10,2026-10-10 01:00 PM PDT,17.9,1,SMS.I_8
NRCS_scan_2229,Ruby,2229,20,20 in,4,#D55E00,2027,1,2026-10-01,2026-10-01 01:00 PM PDT,22.4,1,SMS.I_20
NRCS_scan_2229,Ruby,2229,20,20 in,4,#D55E00,2027,2,2026-10-02,2026-10-02 01:00 PM PDT,22.4,1,SMS.I_20
NRCS_scan_2229,Ruby,2229,20,20 in,4,#D55E00,2027,3,2026-10-03,2026-10-03 01:00 PM PDT,22.4,1,SMS.I_20
NRCS_scan_2229,Ruby,2229,20,20 in,4,#D55E00,2027,4,2026-10-04,2026-10-04 01:00 PM PDT,22.2,1,SMS.I_20
NRCS_scan_2229,Ruby,2229,20,20 in,4,#D55E00,2027,5,2026-10-05,2026-10-05 01:00 PM PDT,22.4,1,SMS.I_20
NRCS_scan_2229,Ruby,2229,20,20 in,4,#D55E00,2027,6,2026-10-06,2026-10-06 01:00 PM PDT,22.2,1,SMS.I_20
NRCS_scan_2229,Ruby,2229,20,20 in,4,#D55E00,2027,7,2026-10-07,2026-10-07 01:00 PM PDT,22.4,1,SMS.I_20
NRCS_scan_2229,Ruby,2229,20,20 in,4,#D55E00,2027,8,2026-10-08,2026-10-08 01:00 PM PDT,22.2,1,SMS.I_20
NRCS_scan_2229,Ruby,2229,20,20 in,4,#D55E00,2027,9,2026-10-09,2026-10-09 01:00 PM PDT,22.4,1,SMS.I_20
NRCS_scan_2229,Ruby,2229,20,20 in,4,#D55E00,2027,10,2026-10-10,2026-10-10 01:00 PM PDT,22.4,1,SMS.I_20
NRCS_scan_2229,Ruby,2229,40,40 in,5,#CC79A7,2027,1,2026-10-01,2026-10-01 01:00 PM PDT,4.2,1,SMS.I_40
NRCS_scan_2229,Ruby,2229,40,40 in,5,#CC79A7,2027,2,2026-10-02,2026-10-02 01:00 PM PDT,4.2,1,SMS.I_40
NRCS_scan_2229,Ruby,2229,40,40 in,5,#CC79A7,2027,3,2026-10-03,2026-10-03 01:00 PM PDT,3.9,1,SMS.I_40
NRCS_scan_2229,Ruby,2229,40,40 in,5,#CC79A7,2027,4,2026-10-04,2026-10-04 01:00 PM PDT,3.8,1,SMS.I_40
NRCS_scan_2229,Ruby,2229,40,40 in,5,#CC79A7,2027,5,2026-10-05,2026-10-05 01:00 PM PDT,4.2,1,SMS.I_40
NRCS_scan_2229,Ruby,2229,40,40 in,5,#CC79A7,2027,6,2026-10-06,2026-10-06 01:00 PM PDT,4.2,1,SMS.I_40
NRCS_scan_2229,Ruby,2229,40,40 in,5,#CC79A7,2027,7,2026-10-07,2026-10-07 01:00 PM PDT,3.8,1,SMS.I_40
NRCS_scan_2229,Ruby,2229,40,40 in,5,#CC79A7,2027,8,2026-10-08,2026-10-08 01:00 PM PDT,4.2,1,SMS.I_40
NRCS_scan_2229,Ruby,2229,40,40 in,5,#CC79A7,2027,9,2026-10-09,2026-10-09 01:00 PM PDT,4.2,1,SMS.I_40
NRCS_scan_2229,Ruby,2229,40,40 in,5,#CC79A7,2027,10,2026-10-10,2026-10-10 01:00 PM PDT,4.2,1,SMS.I_40
NRCS_scan_2234,Vallecitos,2234,2,2 in,1,#E69F00,2027,1,2026-10-01,2026-10-01 01:00 PM PDT,11.1,1,SMS.I_2
NRCS_scan_2234,Vallecitos,2234,2,2 in,1,#E69F00,2027,2,2026-10-02,2026-10-02 01:00 PM PDT,11.2,1,SMS.I_2
NRCS_scan_2234,Vallecitos,2234,2,2 in,1,#E69F00,2027,3,2026-10-03,2026-10-03 01:00 PM PDT,11.1,1,SMS.I_2
NRCS_scan_2234,Vallecitos,2234,2,2 in,1,#E69F00,2027,4,2026-10-04,2026-10-04 01:00 PM PDT,11.1,1,SMS.I_2
NRCS_scan_2234,Vallecitos,2234,2,2 in,1,#E69F00,2027,5,2026-10-05,2026-10-05 01:00 PM PDT,11.3,1,SMS.I_2
NRCS_scan_2234,Vallecitos,2234,2,2 in,1,#E69F00,2027,6,2026-10-06,2026-10-06 01:00 PM PDT,11.3,1,SMS.I_2
NRCS_scan_2234,Vallecitos,2234,2,2 in,1,#E69F00,2027,7,2026-10-07,2026-10-07 01:00 PM PDT,11.2,1,SMS.I_2
NRCS_scan_2234,Vallecitos,2234,2,2 in,1,#E69F00,2027,8,2026-10-08,2026-10-08 01:00 PM PDT,11,1,SMS.I_2
NRCS_scan_2234,Vallecitos,2234,2,2 in,1,#E69F00,2027,9,2026-10-09,2026-10-09 01:00 PM PDT,11.1,1,SMS.I_2
NRCS_scan_2234,Vallecitos,2234,2,2 in,1,#E69F00,2027,10,2026-10-10,2026-10-10 01:00 PM PDT,11,1,SMS.I_2
NRCS_scan_2234,Vallecitos,2234,4,4 in,2,#56B4E9,2027,1,2026-10-01,2026-10-01 01:00 PM PDT,17.8,1,SMS.I_4
NRCS_scan_2234,Vallecitos,2234,4,4 in,2,#56B4E9,2027,2,2026-10-02,2026-10-02 01:00 PM PDT,18,1,SMS.I_4
NRCS_scan_2234,Vallecitos,2234,4,4 in,2,#56B4E9,2027,3,2026-10-03,2026-10-03 01:00 PM PDT,17.8,1,SMS.I_4
NRCS_scan_2234,Vallecitos,2234,4,4 in,2,#56B4E9,2027,4,2026-10-04,2026-10-04 01:00 PM PDT,17.9,1,SMS.I_4
NRCS_scan_2234,Vallecitos,2234,4,4 in,2,#56B4E9,2027,5,2026-10-05,2026-10-05 01:00 PM PDT,18,1,SMS.I_4
NRCS_scan_2234,Vallecitos,2234,4,4 in,2,#56B4E9,2027,6,2026-10-06,2026-10-06 01:00 PM PDT,17.9,1,SMS.I_4
NRCS_scan_2234,Vallecitos,2234,4,4 in,2,#56B4E9,2027,7,2026-10-07,2026-10-07 01:00 PM PDT,17.9,1,SMS.I_4
NRCS_scan_2234,Vallecitos,2234,4,4 in,2,#56B4E9,2027,8,2026-10-08,2026-10-08 01:00 PM PDT,17.9,1,SMS.I_4
NRCS_scan_2234,Vallecitos,2234,4,4 in,2,#56B4E9,2027,9,2026-10-09,2026-10-09 01:00 PM PDT,17.8,1,SMS.I_4
NRCS_scan_2234,Vallecitos,2234,4,4 in,2,#56B4E9,2027,10,2026-10-10,2026-10-10 01:00 PM PDT,17.7,1,SMS.I_4
NRCS_scan_2234,Vallecitos,2234,8,8 in,3,#009E73,2027,1,2026-10-01,2026-10-01 01:00 PM PDT,22.4,1,SMS.I_8
NRCS_scan_2234,Vallecitos,2234,8,8 in,3,#009E73,2027,2,2026-10-02,2026-10-02 01:00 PM PDT,22.5,1,SMS.I_8
NRCS_scan_2234,Vallecitos,2234,8,8 in,3,#009E73,2027,3,2026-10-03,2026-10-03 01:00 PM PDT,22.3,1,SMS.I_8
NRCS_scan_2234,Vallecitos,2234,8,8 in,3,#009E73,2027,4,2026-10-04,2026-10-04 01:00 PM PDT,22.5,1,SMS.I_8
NRCS_scan_2234,Vallecitos,2234,8,8 in,3,#009E73,2027,5,2026-10-05,2026-10-05 01:00 PM PDT,22.7,1,SMS.I_8
NRCS_scan_2234,Vallecitos,2234,8,8 in,3,#009E73,2027,6,2026-10-06,2026-10-06 01:00 PM PDT,22.5,1,SMS.I_8
NRCS_scan_2234,Vallecitos,2234,8,8 in,3,#009E73,2027,7,2026-10-07,2026-10-07 01:00 PM PDT,22.4,1,SMS.I_8
NRCS_scan_2234,Vallecitos,2234,8,8 in,3,#009E73,2027,8,2026-10-08,2026-10-08 01:00 PM PDT,22.6,1,SMS.I_8
NRCS_scan_2234,Vallecitos,2234,8,8 in,3,#009E73,2027,9,2026-10-09,2026-10-09 01:00 PM PDT,22.5,1,SMS.I_8
NRCS_scan_2234,Vallecitos,2234,8,8 in,3,#009E73,2027,10,2026-10-10,2026-10-10 01:00 PM PDT,22.4,1,SMS.I_8
NRCS_scan_2234,Vallecitos,2234,20,20 in,4,#D55E00,2027,1,2026-10-01,2026-10-01 01:00 PM PDT,20.4,1,SMS.I_20
NRCS_scan_2234,Vallecitos,2234,20,20 in,4,#D55E00,2027,2,2026-10-02,2026-10-02 01:00 PM PDT,20.4,1,SMS.I_20
NRCS_scan_2234,Vallecitos,2234,20,20 in,4,#D55E00,2027,3,2026-10-03,2026-10-03 01:00 PM PDT,20.3,1,SMS.I_20
NRCS_scan_2234,Vallecitos,2234,20,20 in,4,#D55E00,2027,4,2026-10-04,2026-10-04 01:00 PM PDT,20.3,1,SMS.I_20
NRCS_scan_2234,Vallecitos,2234,20,20 in,4,#D55E00,2027,5,2026-10-05,2026-10-05 01:00 PM PDT,20.5,1,SMS.I_20
NRCS_scan_2234,Vallecitos,2234,20,20 in,4,#D55E00,2027,6,2026-10-06,2026-10-06 01:00 PM PDT,20.7,1,SMS.I_20
NRCS_scan_2234,Vallecitos,2234,20,20 in,4,#D55E00,2027,7,2026-10-07,2026-10-07 01:00 PM PDT,20.6,1,SMS.I_20
NRCS_scan_2234,Vallecitos,2234,20,20 in,4,#D55E00,2027,8,2026-10-08,2026-10-08 01:00 PM PDT,20.5,1,SMS.I_20
NRCS_scan_2234,Vallecitos,2234,20,20 in,4,#D55E00,2027,9,2026-10-09,2026-10-09 01:00 PM PDT,20.5,1,SMS.I_20
NRCS_scan_2234,Vallecitos,2234,20,20 in,4,#D55E00,2027,10,2026-10-10,2026-10-10 01:00 PM PDT,20.5,1,SMS.I_20
NRCS_scan_2234,Vallecitos,2234,40,40 in,5,#CC79A7,2027,1,2026-10-01,2026-10-01 01:00 PM PDT,28.6,1,SMS.I_40
NRCS_scan_2234,Vallecitos,2234,40,40 in,5,#CC79A7,2027,2,2026-10-02,2026-10-02 01:00 PM PDT,28.6,1,SMS.I_40
NRCS_scan_2234,Vallecitos,2234,40,40 in,5,#CC79A7,2027,3,2026-10-03,2026-10-03 01:00 PM PDT,28.6,1,SMS.I_40
NRCS_scan_2234,Vallecitos,2234,40,40 in,5,#CC79A7,2027,4,2026-10-04,2026-10-04 01:00 PM PDT,28.6,1,SMS.I_40
NRCS_scan_2234,Vallecitos,2234,40,40 in,5,#CC79A7,2027,5,2026-10-05,2026-10-05 01:00 PM PDT,28.6,1,SMS.I_40
NRCS_scan_2234,Vallecitos,2234,40,40 in,5,#CC79A7,2027,6,2026-10-06,2026-10-06 01:00 PM PDT,28.6,1,SMS.I_40
NRCS_scan_2234,Vallecitos,2234,40,40 in,5,#CC79A7,2027,7,2026-10-07,2026-10-07 01:00 PM PDT,28.6,1,SMS.I_40
NRCS_scan_2234,Vallecitos,2234,40,40 in,5,#CC79A7,2027,8,2026-10-08,2026-10-08 01:00 PM PDT,28.6,1,SMS.I_40
NRCS_scan_2234,Vallecitos,2234,40,40 in,5,#CC79A7,2027,9,2026-10-09,2026-10-09 01:00 PM PDT,28.5,1,SMS.I_40
NRCS_scan_2234,Vallecitos,2234,40,40 in,5,#CC79A7,2027,10,2026-10-10,2026-10-10 01:00 PM PDT,28.9,1,SMS.I_40
NRCS_scan_2235,Adobe,2235,2,2 in,1,#E69F00,2027,1,2026-10-01,2026-10-01 01:00 PM PDT,0,1,SMS.I_2
NRCS_scan_2235,Adobe,2235,2,2 in,1,#E69F00,2027,2,2026-10-02,2026-10-02 01:00 PM PDT,0,1,SMS.I_2
NRCS_scan_2235,Adobe,2235,2,2 in,1,#E69F00,2027,3,2026-10-03,2026-10-03 01:00 PM PDT,0,1,SMS.I_2
NRCS_scan_2235,Adobe,2235,2,2 in,1,#E69F00,2027,4,2026-10-04,2026-10-04 01:00 PM PDT,0,1,SMS.I_2
NRCS_scan_2235,Adobe,2235,2,2 in,1,#E69F00,2027,5,2026-10-05,2026-10-05 01:00 PM PDT,0,1,SMS.I_2
NRCS_scan_2235,Adobe,2235,2,2 in,1,#E69F00,2027,6,2026-10-06,2026-10-06 01:00 PM PDT,0,1,SMS.I_2
NRCS_scan_2235,Adobe,2235,2,2 in,1,#E69F00,2027,7,2026-10-07,2026-10-07 01:00 PM PDT,0,1,SMS.I_2
NRCS_scan_2235,Adobe,2235,2,2 in,1,#E69F00,2027,8,2026-10-08,2026-10-08 01:00 PM PDT,0,1,SMS.I_2
NRCS_scan_2235,Adobe,2235,2,2 in,1,#E69F00,2027,9,2026-10-09,2026-10-09 01:00 PM PDT,0,1,SMS.I_2
NRCS_scan_2235,Adobe,2235,2,2 in,1,#E69F00,2027,10,2026-10-10,2026-10-10 01:00 PM PDT,0,1,SMS.I_2
NRCS_scan_2235,Adobe,2235,4,4 in,2,#56B4E9,2027,1,2026-10-01,2026-10-01 01:00 PM PDT,0,1,SMS.I_4
NRCS_scan_2235,Adobe,2235,4,4 in,2,#56B4E9,2027,2,2026-10-02,2026-10-02 01:00 PM PDT,0,1,SMS.I_4
NRCS_scan_2235,Adobe,2235,4,4 in,2,#56B4E9,2027,3,2026-10-03,2026-10-03 01:00 PM PDT,0,1,SMS.I_4
NRCS_scan_2235,Adobe,2235,4,4 in,2,#56B4E9,2027,4,2026-10-04,2026-10-04 01:00 PM PDT,0,1,SMS.I_4
NRCS_scan_2235,Adobe,2235,4,4 in,2,#56B4E9,2027,5,2026-10-05,2026-10-05 01:00 PM PDT,0,1,SMS.I_4
NRCS_scan_2235,Adobe,2235,4,4 in,2,#56B4E9,2027,6,2026-10-06,2026-10-06 01:00 PM PDT,0,1,SMS.I_4
NRCS_scan_2235,Adobe,2235,4,4 in,2,#56B4E9,2027,7,2026-10-07,2026-10-07 01:00 PM PDT,0,1,SMS.I_4
NRCS_scan_2235,Adobe,2235,4,4 in,2,#56B4E9,2027,8,2026-10-08,2026-10-08 01:00 PM PDT,0,1,SMS.I_4
NRCS_scan_2235,Adobe,2235,4,4 in,2,#56B4E9,2027,9,2026-10-09,2026-10-09 01:00 PM PDT,0,1,SMS.I_4
NRCS_scan_2235,Adobe,2235,4,4 in,2,#56B4E9,2027,10,2026-10-10,2026-10-10 01:00 PM PDT,0,1,SMS.I_4
NRCS_scan_2235,Adobe,2235,8,8 in,3,#009E73,2027,1,2026-10-01,2026-10-01 01:00 PM PDT,0.5,1,SMS.I_8
NRCS_scan_2235,Adobe,2235,8,8 in,3,#009E73,2027,2,2026-10-02,2026-10-02 01:00 PM PDT,0.6,1,SMS.I_8
NRCS_scan_2235,Adobe,2235,8,8 in,3,#009E73,2027,3,2026-10-03,2026-10-03 01:00 PM PDT,0.5,1,SMS.I_8
NRCS_scan_2235,Adobe,2235,8,8 in,3,#009E73,2027,4,2026-10-04,2026-10-04 01:00 PM PDT,0.5,1,SMS.I_8
NRCS_scan_2235,Adobe,2235,8,8 in,3,#009E73,2027,5,2026-10-05,2026-10-05 01:00 PM PDT,0.6,1,SMS.I_8
NRCS_scan_2235,Adobe,2235,8,8 in,3,#009E73,2027,6,2026-10-06,2026-10-06 01:00 PM PDT,0.6,1,SMS.I_8
NRCS_scan_2235,Adobe,2235,8,8 in,3,#009E73,2027,7,2026-10-07,2026-10-07 01:00 PM PDT,0.6,1,SMS.I_8
NRCS_scan_2235,Adobe,2235,8,8 in,3,#009E73,2027,8,2026-10-08,2026-10-08 01:00 PM PDT,0.4,1,SMS.I_8
NRCS_scan_2235,Adobe,2235,8,8 in,3,#009E73,2027,9,2026-10-09,2026-10-09 01:00 PM PDT,0.5,1,SMS.I_8
NRCS_scan_2235,Adobe,2235,8,8 in,3,#009E73,2027,10,2026-10-10,2026-10-10 01:00 PM PDT,0.5,1,SMS.I_8
NRCS_scan_2235,Adobe,2235,20,20 in,4,#D55E00,2027,1,2026-10-01,2026-10-01 01:00 PM PDT,1.5,1,SMS.I_20
NRCS_scan_2235,Adobe,2235,20,20 in,4,#D55E00,2027,2,2026-10-02,2026-10-02 01:00 PM PDT,1.5,1,SMS.I_20
NRCS_scan_2235,Adobe,2235,20,20 in,4,#D55E00,2027,3,2026-10-03,2026-10-03 01:00 PM PDT,1.5,1,SMS.I_20
NRCS_scan_2235,Adobe,2235,20,20 in,4,#D55E00,2027,4,2026-10-04,2026-10-04 01:00 PM PDT,1.5,1,SMS.I_20
NRCS_scan_2235,Adobe,2235,20,20 in,4,#D55E00,2027,5,2026-10-05,2026-10-05 01:00 PM PDT,1.5,1,SMS.I_20
NRCS_scan_2235,Adobe,2235,20,20 in,4,#D55E00,2027,6,2026-10-06,2026-10-06 01:00 PM PDT,1.5,1,SMS.I_20
NRCS_scan_2235,Adobe,2235,20,20 in,4,#D55E00,2027,7,2026-10-07,2026-10-07 01:00 PM PDT,1.5,1,SMS.I_20
NRCS_scan_2235,Adobe,2235,20,20 in,4,#D55E00,2027,8,2026-10-08,2026-10-08 01:00 PM PDT,1.5,1,SMS.I_20
NRCS_scan_2235,Adobe,2235,20,20 in,4,#D55E00,2027,9,2026-10-09,2026-10-09 01:00 PM PDT,1.5,1,SMS.I_20
NRCS_scan_2235,Adobe,2235,20,20 in,4,#D55E00,2027,10,2026-10-10,2026-10-10 01:00 PM PDT,1.5,1,SMS.I_20
NRCS_scan_2235,Adobe,2235,40,40 in,5,#CC79A7,2027,1,2026-10-01,2026-10-01 01:00 PM PDT,20.1,1,SMS.I_40
NRCS_scan_2235,Adobe,2235,40,40 in,5,#CC79A7,2027,2,2026-10-02,2026-10-02 01:00 PM PDT,20.3,1,SMS.I_40
NRCS_scan_2235,Adobe,2235,40,40 in,5,#CC79A7,2027,3,2026-10-03,2026-10-03 01:00 PM PDT,20.3,1,SMS.I_40
NRCS_scan_2235,Adobe,2235,40,40 in,5,#CC79A7,2027,4,2026-10-04,2026-10-04 01:00 PM PDT,20.3,1,SMS.I_40
NRCS_scan_2235,Adobe,2235,40,40 in,5,#CC79A7,2027,5,2026-10-05,2026-10-05 01:00 PM PDT,20.3,1,SMS.I_40
NRCS_scan_2235,Adobe,2235,40,40 in,5,#CC79A7,2027,6,2026-10-06,2026-10-06 01:00 PM PDT,20.2,1,SMS.I_40
NRCS_scan_2235,Adobe,2235,40,40 in,5,#CC79A7,2027,7,2026-10-07,2026-10-07 01:00 PM PDT,20.2,1,SMS.I_40
NRCS_scan_2235,Adobe,2235,40,40 in,5,#CC79A7,2027,8,2026-10-08,2026-10-08 01:00 PM PDT,20.2,1,SMS.I_40
NRCS_scan_2235,Adobe,2235,40,40 in,5,#CC79A7,2027,9,2026-10-09,2026-10-09 01:00 PM PDT,20.4,1,SMS.I_40
NRCS_scan_2235,Adobe,2235,40,40 in,5,#CC79A7,2027,10,2026-10-10,2026-10-10 01:00 PM PDT,20.4,1,SMS.I_40
NRCS_scan_2236,Rancheria,2236,2,2 in,1,#E69F00,2027,1,2026-10-01,2026-10-01 01:00 PM PDT,1.5,1,SMS.I_2
NRCS_scan_2236,Rancheria,2236,2,2 in,1,#E69F00,2027,2,2026-10-02,2026-10-02 01:00 PM PDT,1.5,1,SMS.I_2
NRCS_scan_2236,Rancheria,2236,2,2 in,1,#E69F00,2027,3,2026-10-03,2026-10-03 01:00 PM PDT,1.5,1,SMS.I_2
NRCS_scan_2236,Rancheria,2236,2,2 in,1,#E69F00,2027,4,2026-10-04,2026-10-04 01:00 PM PDT,1.2,1,SMS.I_2
NRCS_scan_2236,Rancheria,2236,2,2 in,1,#E69F00,2027,5,2026-10-05,2026-10-05 01:00 PM PDT,1.2,1,SMS.I_2
NRCS_scan_2236,Rancheria,2236,2,2 in,1,#E69F00,2027,6,2026-10-06,2026-10-06 01:00 PM PDT,1.3,1,SMS.I_2
NRCS_scan_2236,Rancheria,2236,2,2 in,1,#E69F00,2027,7,2026-10-07,2026-10-07 01:00 PM PDT,1.1,1,SMS.I_2
NRCS_scan_2236,Rancheria,2236,2,2 in,1,#E69F00,2027,8,2026-10-08,2026-10-08 01:00 PM PDT,1.1,1,SMS.I_2
NRCS_scan_2236,Rancheria,2236,2,2 in,1,#E69F00,2027,9,2026-10-09,2026-10-09 01:00 PM PDT,1.2,1,SMS.I_2
NRCS_scan_2236,Rancheria,2236,2,2 in,1,#E69F00,2027,10,2026-10-10,2026-10-10 01:00 PM PDT,1,1,SMS.I_2
NRCS_scan_2236,Rancheria,2236,4,4 in,2,#56B4E9,2027,1,2026-10-01,2026-10-01 01:00 PM PDT,2.1,1,SMS.I_4
NRCS_scan_2236,Rancheria,2236,4,4 in,2,#56B4E9,2027,2,2026-10-02,2026-10-02 01:00 PM PDT,2.1,1,SMS.I_4
NRCS_scan_2236,Rancheria,2236,4,4 in,2,#56B4E9,2027,3,2026-10-03,2026-10-03 01:00 PM PDT,2.3,1,SMS.I_4
NRCS_scan_2236,Rancheria,2236,4,4 in,2,#56B4E9,2027,4,2026-10-04,2026-10-04 01:00 PM PDT,2.1,1,SMS.I_4
NRCS_scan_2236,Rancheria,2236,4,4 in,2,#56B4E9,2027,5,2026-10-05,2026-10-05 01:00 PM PDT,2.1,1,SMS.I_4
NRCS_scan_2236,Rancheria,2236,4,4 in,2,#56B4E9,2027,6,2026-10-06,2026-10-06 01:00 PM PDT,2.1,1,SMS.I_4
NRCS_scan_2236,Rancheria,2236,4,4 in,2,#56B4E9,2027,7,2026-10-07,2026-10-07 01:00 PM PDT,2.1,1,SMS.I_4
NRCS_scan_2236,Rancheria,2236,4,4 in,2,#56B4E9,2027,8,2026-10-08,2026-10-08 01:00 PM PDT,2.1,1,SMS.I_4
NRCS_scan_2236,Rancheria,2236,4,4 in,2,#56B4E9,2027,9,2026-10-09,2026-10-09 01:00 PM PDT,2.2,1,SMS.I_4
NRCS_scan_2236,Rancheria,2236,4,4 in,2,#56B4E9,2027,10,2026-10-10,2026-10-10 01:00 PM PDT,2.1,1,SMS.I_4
NRCS_scan_2236,Rancheria,2236,8,8 in,3,#009E73,2027,1,2026-10-01,2026-10-01 01:00 PM PDT,3,1,SMS.I_8
NRCS_scan_2236,Rancheria,2236,8,8 in,3,#009E73,2027,2,2026-10-02,2026-10-02 01:00 PM PDT,3,1,SMS.I_8
NRCS_scan_2236,Rancheria,2236,8,8 in,3,#009E73,2027,3,2026-10-03,2026-10-03 01:00 PM PDT,3,1,SMS.I_8
NRCS_scan_2236,Rancheria,2236,8,8 in,3,#009E73,2027,4,2026-10-04,2026-10-04 01:00 PM PDT,3,1,SMS.I_8
NRCS_scan_2236,Rancheria,2236,8,8 in,3,#009E73,2027,5,2026-10-05,2026-10-05 01:00 PM PDT,3,1,SMS.I_8
NRCS_scan_2236,Rancheria,2236,8,8 in,3,#009E73,2027,6,2026-10-06,2026-10-06 01:00 PM PDT,3,1,SMS.I_8
NRCS_scan_2236,Rancheria,2236,8,8 in,3,#009E73,2027,7,2026-10-07,2026-10-07 01:00 PM PDT,3.1,1,SMS.I_8
NRCS_scan_2236,Rancheria,2236,8,8 in,3,#009E73,2027,8,2026-10-08,2026-10-08 01:00 PM PDT,2.9,1,SMS.I_8
NRCS_scan_2236,Rancheria,2236,8,8 in,3,#009E73,2027,9,2026-10-09,2026-10-09 01:00 PM PDT,2.9,1,SMS.I_8
NRCS_scan_2236,Rancheria,2236,8,8 in,3,#009E73,2027,10,2026-10-10,2026-10-10 01:00 PM PDT,3,1,SMS.I_8
NRCS_scan_2236,Rancheria,2236,20,20 in,4,#D55E00,2027,1,2026-10-01,2026-10-01 01:00 PM PDT,3.5,1,SMS.I_20
NRCS_scan_2236,Rancheria,2236,20,20 in,4,#D55E00,2027,2,2026-10-02,2026-10-02 01:00 PM PDT,3.3,1,SMS.I_20
NRCS_scan_2236,Rancheria,2236,20,20 in,4,#D55E00,2027,3,2026-10-03,2026-10-03 01:00 PM PDT,3.3,1,SMS.I_20
NRCS_scan_2236,Rancheria,2236,20,20 in,4,#D55E00,2027,4,2026-10-04,2026-10-04 01:00 PM PDT,3.3,1,SMS.I_20
NRCS_scan_2236,Rancheria,2236,20,20 in,4,#D55E00,2027,5,2026-10-05,2026-10-05 01:00 PM PDT,3.3,1,SMS.I_20
NRCS_scan_2236,Rancheria,2236,20,20 in,4,#D55E00,2027,6,2026-10-06,2026-10-06 01:00 PM PDT,3.3,1,SMS.I_20
NRCS_scan_2236,Rancheria,2236,20,20 in,4,#D55E00,2027,7,2026-10-07,2026-10-07 01:00 PM PDT,3.3,1,SMS.I_20
NRCS_scan_2236,Rancheria,2236,20,20 in,4,#D55E00,2027,8,2026-10-08,2026-10-08 01:00 PM PDT,3.3,1,SMS.I_20
NRCS_scan_2236,Rancheria,2236,20,20 in,4,#D55E00,2027,9,2026-10-09,2026-10-09 01:00 PM PDT,3.4,1,SMS.I_20
NRCS_scan_2236,Rancheria,2236,20,20 in,4,#D55E00,2027,10,2026-10-10,2026-10-10 01:00 PM PDT,3.5,1,SMS.I_20
NRCS_scan_2236,Rancheria,2236,40,40 in,5,#CC79A7,2027,1,2026-10-01,2026-10-01 01:00 PM PDT,5,1,SMS.I_40
NRCS_scan_2236,Rancheria,2236,40,40 in,5,#CC79A7,2027,2,2026-10-02,2026-10-02 01:00 PM PDT,5,1,SMS.I_40
NRCS_scan_2236,Rancheria,2236,40,40 in,5,#CC79A7,2027,3,2026-10-03,2026-10-03 01:00 PM PDT,5.1,1,SMS.I_40
NRCS_scan_2236,Rancheria,2236,40,40 in,5,#CC79A7,2027,4,2026-10-04,2026-10-04 01:00 PM PDT,5.1,1,SMS.I_40
NRCS_scan_2236,Rancheria,2236,40,40 in,5,#CC79A7,2027,5,2026-10-05,2026-10-05 01:00 PM PDT,5.1,1,SMS.I_40
NRCS_scan_2236,Rancheria,2236,40,40 in,5,#CC79A7,2027,6,2026-10-06,2026-10-06 01:00 PM PDT,5.1,1,SMS.I_40
NRCS_scan_2236,Rancheria,2236,40,40 in,5,#CC79A7,2027,7,2026-10-07,2026-10-07 01:00 PM PDT,4.8,1,SMS.I_40
NRCS_scan_2236,Rancheria,2236,40,40 in,5,#CC79A7,2027,8,2026-10-08,2026-10-08 01:00 PM PDT,5,1,SMS.I_40
NRCS_scan_2236,Rancheria,2236,40,40 in,5,#CC79A7,2027,9,2026-10-09,2026-10-09 01:00 PM PDT,5,1,SMS.I_40
NRCS_scan_2236,Rancheria,2236,40,40 in,5,#CC79A7,2027,10,2026-10-10,2026-10-10 01:00 PM PDT,4.9,1,SMS.I_40
NRCS_scan_2237,Alabama Hills,2237,2,2 in,1,#E69F00,2027,1,2026-10-01,2026-10-01 01:00 PM PDT,0.9,1,SMS.I_2
NRCS_scan_2237,Alabama Hills,2237,2,2 in,1,#E69F00,2027,2,2026-10-02,2026-10-02 01:00 PM PDT,1,1,SMS.I_2
NRCS_scan_2237,Alabama Hills,2237,2,2 in,1,#E69F00,2027,3,2026-10-03,2026-10-03 01:00 PM PDT,1,1,SMS.I_2
NRCS_scan_2237,Alabama Hills,2237,2,2 in,1,#E69F00,2027,4,2026-10-04,2026-10-04 01:00 PM PDT,1.1,1,SMS.I_2
NRCS_scan_2237,Alabama Hills,2237,2,2 in,1,#E69F00,2027,5,2026-10-05,2026-10-05 01:00 PM PDT,1.1,1,SMS.I_2
NRCS_scan_2237,Alabama Hills,2237,2,2 in,1,#E69F00,2027,6,2026-10-06,2026-10-06 01:00 PM PDT,1,1,SMS.I_2
NRCS_scan_2237,Alabama Hills,2237,2,2 in,1,#E69F00,2027,7,2026-10-07,2026-10-07 01:00 PM PDT,1.1,1,SMS.I_2
NRCS_scan_2237,Alabama Hills,2237,2,2 in,1,#E69F00,2027,8,2026-10-08,2026-10-08 01:00 PM PDT,1.1,1,SMS.I_2
NRCS_scan_2237,Alabama Hills,2237,2,2 in,1,#E69F00,2027,9,2026-10-09,2026-10-09 01:00 PM PDT,1,1,SMS.I_2
NRCS_scan_2237,Alabama Hills,2237,2,2 in,1,#E69F00,2027,10,2026-10-10,2026-10-10 01:00 PM PDT,1,1,SMS.I_2
NRCS_scan_2237,Alabama Hills,2237,4,4 in,2,#56B4E9,2027,1,2026-10-01,2026-10-01 01:00 PM PDT,0,1,SMS.I_4
NRCS_scan_2237,Alabama Hills,2237,4,4 in,2,#56B4E9,2027,2,2026-10-02,2026-10-02 01:00 PM PDT,0,1,SMS.I_4
NRCS_scan_2237,Alabama Hills,2237,4,4 in,2,#56B4E9,2027,3,2026-10-03,2026-10-03 01:00 PM PDT,0,1,SMS.I_4
NRCS_scan_2237,Alabama Hills,2237,4,4 in,2,#56B4E9,2027,4,2026-10-04,2026-10-04 01:00 PM PDT,0,1,SMS.I_4
NRCS_scan_2237,Alabama Hills,2237,4,4 in,2,#56B4E9,2027,5,2026-10-05,2026-10-05 01:00 PM PDT,0,1,SMS.I_4
NRCS_scan_2237,Alabama Hills,2237,4,4 in,2,#56B4E9,2027,6,2026-10-06,2026-10-06 01:00 PM PDT,0,1,SMS.I_4
NRCS_scan_2237,Alabama Hills,2237,4,4 in,2,#56B4E9,2027,7,2026-10-07,2026-10-07 01:00 PM PDT,0,1,SMS.I_4
NRCS_scan_2237,Alabama Hills,2237,4,4 in,2,#56B4E9,2027,8,2026-10-08,2026-10-08 01:00 PM PDT,0,1,SMS.I_4
NRCS_scan_2237,Alabama Hills,2237,4,4 in,2,#56B4E9,2027,9,2026-10-09,2026-10-09 01:00 PM PDT,0,1,SMS.I_4
NRCS_scan_2237,Alabama Hills,2237,4,4 in,2,#56B4E9,2027,10,2026-10-10,2026-10-10 01:00 PM PDT,0,1,SMS.I_4
NRCS_scan_2237,Alabama Hills,2237,8,8 in,3,#009E73,2027,1,2026-10-01,2026-10-01 01:00 PM PDT,4.9,1,SMS.I_8
NRCS_scan_2237,Alabama Hills,2237,8,8 in,3,#009E73,2027,2,2026-10-02,2026-10-02 01:00 PM PDT,5.2,1,SMS.I_8
NRCS_scan_2237,Alabama Hills,2237,8,8 in,3,#009E73,2027,3,2026-10-03,2026-10-03 01:00 PM PDT,5,1,SMS.I_8
NRCS_scan_2237,Alabama Hills,2237,8,8 in,3,#009E73,2027,4,2026-10-04,2026-10-04 01:00 PM PDT,5,1,SMS.I_8
NRCS_scan_2237,Alabama Hills,2237,8,8 in,3,#009E73,2027,5,2026-10-05,2026-10-05 01:00 PM PDT,5,1,SMS.I_8
NRCS_scan_2237,Alabama Hills,2237,8,8 in,3,#009E73,2027,6,2026-10-06,2026-10-06 01:00 PM PDT,5,1,SMS.I_8
NRCS_scan_2237,Alabama Hills,2237,8,8 in,3,#009E73,2027,7,2026-10-07,2026-10-07 01:00 PM PDT,5.1,1,SMS.I_8
NRCS_scan_2237,Alabama Hills,2237,8,8 in,3,#009E73,2027,8,2026-10-08,2026-10-08 01:00 PM PDT,4.9,1,SMS.I_8
NRCS_scan_2237,Alabama Hills,2237,8,8 in,3,#009E73,2027,9,2026-10-09,2026-10-09 01:00 PM PDT,4.9,1,SMS.I_8
NRCS_scan_2237,Alabama Hills,2237,8,8 in,3,#009E73,2027,10,2026-10-10,2026-10-10 01:00 PM PDT,4.9,1,SMS.I_8
NRCS_scan_2237,Alabama Hills,2237,20,20 in,4,#D55E00,2027,1,2026-10-01,2026-10-01 01:00 PM PDT,2.2,1,SMS.I_20
NRCS_scan_2237,Alabama Hills,2237,20,20 in,4,#D55E00,2027,2,2026-10-02,2026-10-02 01:00 PM PDT,2.2,1,SMS.I_20
NRCS_scan_2237,Alabama Hills,2237,20,20 in,4,#D55E00,2027,3,2026-10-03,2026-10-03 01:00 PM PDT,2.2,1,SMS.I_20
NRCS_scan_2237,Alabama Hills,2237,20,20 in,4,#D55E00,2027,4,2026-10-04,2026-10-04 01:00 PM PDT,2.2,1,SMS.I_20
NRCS_scan_2237,Alabama Hills,2237,20,20 in,4,#D55E00,2027,5,2026-10-05,2026-10-05 01:00 PM PDT,2.2,1,SMS.I_20
NRCS_scan_2237,Alabama Hills,2237,20,20 in,4,#D55E00,2027,6,2026-10-06,2026-10-06 01:00 PM PDT,2.2,1,SMS.I_20
NRCS_scan_2237,Alabama Hills,2237,20,20 in,4,#D55E00,2027,7,2026-10-07,2026-10-07 01:00 PM PDT,2.2,1,SMS.I_20
NRCS_scan_2237,Alabama Hills,2237,20,20 in,4,#D55E00,2027,8,2026-10-08,2026-10-08 01:00 PM PDT,2.2,1,SMS.I_20
NRCS_scan_2237,Alabama Hills,2237,20,20 in,4,#D55E00,2027,9,2026-10-09,2026-10-09 01:00 PM PDT,2.2,1,SMS.I_20
NRCS_scan_2237,Alabama Hills,2237,20,20 in,4,#D55E00,2027,10,2026-10-10,2026-10-10 01:00 PM PDT,2.2,1,SMS.I_20
NRCS_scan_2240,Chimney Creek,2240,2,2 in,1,#E69F00,2027,1,2026-10-01,2026-10-01 01:00 PM PDT,1.4,1,SMS.I_2
NRCS_scan_2240,Chimney Creek,2240,2,2 in,1,#E69F00,2027,2,2026-10-02,2026-10-02 01:00 PM PDT,1.3,1,SMS.I_2
NRCS_scan_2240,Chimney Creek,2240,2,2 in,1,#E69F00,2027,3,2026-10-03,2026-10-03 01:00 PM PDT,1.5,1,SMS.I_2
NRCS_scan_2240,Chimney Creek,2240,2,2 in,1,#E69F00,2027,4,2026-10-04,2026-10-04 01:00 PM PDT,1.5,1,SMS.I_2
NRCS_scan_2240,Chimney Creek,2240,2,2 in,1,#E69F00,2027,5,2026-10-05,2026-10-05 01:00 PM PDT,1.6,1,SMS.I_2
NRCS_scan_2240,Chimney Creek,2240,2,2 in,1,#E69F00,2027,6,2026-10-06,2026-10-06 01:00 PM PDT,1.7,1,SMS.I_2
NRCS_scan_2240,Chimney Creek,2240,2,2 in,1,#E69F00,2027,7,2026-10-07,2026-10-07 01:00 PM PDT,1.4,1,SMS.I_2
NRCS_scan_2240,Chimney Creek,2240,2,2 in,1,#E69F00,2027,8,2026-10-08,2026-10-08 01:00 PM PDT,1.4,1,SMS.I_2
NRCS_scan_2240,Chimney Creek,2240,2,2 in,1,#E69F00,2027,9,2026-10-09,2026-10-09 01:00 PM PDT,1.7,1,SMS.I_2
NRCS_scan_2240,Chimney Creek,2240,2,2 in,1,#E69F00,2027,10,2026-10-10,2026-10-10 01:00 PM PDT,1.7,1,SMS.I_2
NRCS_scan_2240,Chimney Creek,2240,4,4 in,2,#56B4E9,2027,1,2026-10-01,2026-10-01 01:00 PM PDT,1.2,1,SMS.I_4
NRCS_scan_2240,Chimney Creek,2240,4,4 in,2,#56B4E9,2027,2,2026-10-02,2026-10-02 01:00 PM PDT,1.6,1,SMS.I_4
NRCS_scan_2240,Chimney Creek,2240,4,4 in,2,#56B4E9,2027,3,2026-10-03,2026-10-03 01:00 PM PDT,1.2,1,SMS.I_4
NRCS_scan_2240,Chimney Creek,2240,4,4 in,2,#56B4E9,2027,4,2026-10-04,2026-10-04 01:00 PM PDT,1.2,1,SMS.I_4
NRCS_scan_2240,Chimney Creek,2240,4,4 in,2,#56B4E9,2027,5,2026-10-05,2026-10-05 01:00 PM PDT,1.3,1,SMS.I_4
NRCS_scan_2240,Chimney Creek,2240,4,4 in,2,#56B4E9,2027,6,2026-10-06,2026-10-06 01:00 PM PDT,1.4,1,SMS.I_4
NRCS_scan_2240,Chimney Creek,2240,4,4 in,2,#56B4E9,2027,7,2026-10-07,2026-10-07 01:00 PM PDT,1.6,1,SMS.I_4
NRCS_scan_2240,Chimney Creek,2240,4,4 in,2,#56B4E9,2027,8,2026-10-08,2026-10-08 01:00 PM PDT,1.6,1,SMS.I_4
NRCS_scan_2240,Chimney Creek,2240,4,4 in,2,#56B4E9,2027,9,2026-10-09,2026-10-09 01:00 PM PDT,1,1,SMS.I_4
NRCS_scan_2240,Chimney Creek,2240,4,4 in,2,#56B4E9,2027,10,2026-10-10,2026-10-10 01:00 PM PDT,1,1,SMS.I_4
NRCS_scan_2240,Chimney Creek,2240,8,8 in,3,#009E73,2027,1,2026-10-01,2026-10-01 01:00 PM PDT,3.5,1,SMS.I_8
NRCS_scan_2240,Chimney Creek,2240,8,8 in,3,#009E73,2027,2,2026-10-02,2026-10-02 01:00 PM PDT,3.4,1,SMS.I_8
NRCS_scan_2240,Chimney Creek,2240,8,8 in,3,#009E73,2027,3,2026-10-03,2026-10-03 01:00 PM PDT,3.4,1,SMS.I_8
NRCS_scan_2240,Chimney Creek,2240,8,8 in,3,#009E73,2027,4,2026-10-04,2026-10-04 01:00 PM PDT,3.4,1,SMS.I_8
NRCS_scan_2240,Chimney Creek,2240,8,8 in,3,#009E73,2027,5,2026-10-05,2026-10-05 01:00 PM PDT,3.3,1,SMS.I_8
NRCS_scan_2240,Chimney Creek,2240,8,8 in,3,#009E73,2027,6,2026-10-06,2026-10-06 01:00 PM PDT,3.2,1,SMS.I_8
NRCS_scan_2240,Chimney Creek,2240,8,8 in,3,#009E73,2027,7,2026-10-07,2026-10-07 01:00 PM PDT,3.5,1,SMS.I_8
NRCS_scan_2240,Chimney Creek,2240,8,8 in,3,#009E73,2027,8,2026-10-08,2026-10-08 01:00 PM PDT,3.2,1,SMS.I_8
NRCS_scan_2240,Chimney Creek,2240,8,8 in,3,#009E73,2027,9,2026-10-09,2026-10-09 01:00 PM PDT,3.4,1,SMS.I_8
NRCS_scan_2240,Chimney Creek,2240,8,8 in,3,#009E73,2027,10,2026-10-10,2026-10-10 01:00 PM PDT,3.3,1,SMS.I_8
NRCS_scan_2240,Chimney Creek,2240,20,20 in,4,#D55E00,2027,1,2026-10-01,2026-10-01 01:00 PM PDT,4.1,1,SMS.I_20
NRCS_scan_2240,Chimney Creek,2240,20,20 in,4,#D55E00,2027,2,2026-10-02,2026-10-02 01:00 PM PDT,4.1,1,SMS.I_20
NRCS_scan_2240,Chimney Creek,2240,20,20 in,4,#D55E00,2027,3,2026-10-03,2026-10-03 01:00 PM PDT,4.1,1,SMS.I_20
NRCS_scan_2240,Chimney Creek,2240,20,20 in,4,#D55E00,2027,4,2026-10-04,2026-10-04 01:00 PM PDT,4.1,1,SMS.I_20
NRCS_scan_2240,Chimney Creek,2240,20,20 in,4,#D55E00,2027,5,2026-10-05,2026-10-05 01:00 PM PDT,4.1,1,SMS.I_20
NRCS_scan_2240,Chimney Creek,2240,20,20 in,4,#D55E00,2027,6,2026-10-06,2026-10-06 01:00 PM PDT,4.1,1,SMS.I_20
NRCS_scan_2240,Chimney Creek,2240,20,20 in,4,#D55E00,2027,7,2026-10-07,2026-10-07 01:00 PM PDT,4.1,1,SMS.I_20
NRCS_scan_2240,Chimney Creek,2240,20,20 in,4,#D55E00,2027,8,2026-10-08,2026-10-08 01:00 PM PDT,4,1,SMS.I_20
NRCS_scan_2240,Chimney Creek,2240,20,20 in,4,#D55E00,2027,9,2026-10-09,2026-10-09 01:00 PM PDT,4,1,SMS.I_20
NRCS_scan_2240,Chimney Creek,2240,20,20 in,4,#D55E00,2027,10,2026-10-10,2026-10-10 01:00 PM PDT,4.1,1,SMS.I_20
NRCS_scan_2240,Chimney Creek,2240,40,40 in,5,#CC79A7,2027,1,2026-10-01,2026-10-01 01:00 PM PDT,4.5,1,SMS.I_40
NRCS_scan_2240,Chimney Creek,2240,40,40 in,5,#CC79A7,2027,2,2026-10-02,2026-10-02 01:00 PM PDT,4.5,1,SMS.I_40
NRCS_scan_2240,Chimney Creek,2240,40,40 in,5,#CC79A7,2027,3,2026-10-03,2026-10-03 01:00 PM PDT,4.5,1,SMS.I_40
NRCS_scan_2240,Chimney Creek,2240,40,40 in,5,#CC79A7,2027,4,2026-10-04,2026-10-04 01:00 PM PDT,4.5,1,SMS.I_40
NRCS_scan_2240,Chimney Creek,2240,40,40 in,5,#CC79A7,2027,5,2026-10-05,2026-10-05 01:00 PM PDT,4.3,1,SMS.I_40
NRCS_scan_2240,Chimney Creek,2240,40,40 in,5,#CC79A7,2027,6,2026-10-06,2026-10-06 01:00 PM PDT,4.2,1,SMS.I_40
NRCS_scan_2240,Chimney Creek,2240,40,40 in,5,#CC79A7,2027,7,2026-10-07,2026-10-07 01:00 PM PDT,4.3,1,SMS.I_40
NRCS_scan_2240,Chimney Creek,2240,40,40 in,5,#CC79A7,2027,8,2026-10-08,2026-10-08 01:00 PM PDT,4.3,1,SMS.I_40
NRCS_scan_2240,Chimney Creek,2240,40,40 in,5,#CC79A7,2027,9,2026-10-09,2026-10-09 01:00 PM PDT,4.4,1,SMS.I_40
NRCS_scan_2240,Chimney Creek,2240,40,40 in,5,#CC79A7,2027,10,2026-10-10,2026-10-10 01:00 PM PDT,4.4,1,SMS.I_40
